32.0145,32,32014242021,240012,0
32.0172,32,32017181039,0,0
32.0302,32,32027675069,2502412,0
32.0354,32,32035363087,73000,1
32.0686,32,32066124159,2502412,0
32.0791,32,32076593183,2502412,0
32.0818,32,32081733195,73000,1
32.0922,32,32092147219,73000,1
32.1183,32,32118204685,73000,1
32.188,32,32185517841,2502412,0
32.2059,32,32203423883,2502412,0
32.2086,32,32208483895,73000,1
32.2215,32,32218996325,2502412,0
32.242,32,32239494373,2502412,0
32.2422,32,32242113379,73000,1
32.2783,32,32278247463,73000,1
32.3226,32,32320081965,2502412,0
32.3253,32,32322842971,2502412,0
32.3333,32,32333273995,73000,1
32.3588,32,32358761055,73000,1
32.3744,32,32374342091,73000,1
32.4136,32,32411124175,2502412,0
32.4343,32,32431792629,2502412,0
32.4571,32,32454625683,2502412,0
32.4626,32,32462509701,73000,1
32.4676,32,32465119707,2502412,0
32.4806,32,32478116737,2502412,0
32.4939,32,32491355173,2502412,0
32.4964,32,32493947585,2502412,0
32.4992,32,32499149597,73000,1
32.5306,32,32530551075,73000,1
32.5565,32,32556474135,73000,1
32.5694,32,32569373165,73000,1
32.6055,32,32603030243,2502412,0
32.6134,32,32613373267,73000,1
32.6341,32,32631600715,2502412,0
32.6444,32,32644357745,73000,1
32.6495,32,32646976751,2502412,0
32.6573,32,32657194775,73000,1
32.6783,32,32678199823,73000,1
32.738,32,32737959367,73000,1
32.7921,32,32792061493,73000,1
32.8125,32,32809976535,2502412,0
32.815,32,32812523947,2502412,0
32.8254,32,32825360977,73000,1
32.8339,32,32833832401,73000,1
32.8416,32,32841564419,73000,1
32.894,32,32893892539,73000,1
32.9728,32,32972729125,73000,1
33.0024,33,33002313027,73000,1
33.0228,32,33022714075,73000,1
33.0388,33,33038517517,240012,0
33.0517,33,33049242553,2478478,0
33.0724,33,33072299079,73000,1
33.0775,33,33075069085,2478478,0
33.0828,33,33082741575,73000,1
33.1038,33,33101343617,2478478,0
33.109,33,33106566101,2478478,0
33.1117,33,33111601585,73000,1
33.1371,33,33134656639,2478478,0
33.1528,33,33152681559,73000,1
33.1784,33,33175967613,2478478,0
33.1888,33,33186321109,2478478,0
33.1914,33,33191365593,73000,1
33.197,33,33196898605,73000,1
33.2284,33,33225884671,2478478,0
33.231,33,33230938155,73000,1
33.2388,33,33236274167,2478478,0
33.2469,33,33246798069,73000,1
33.2725,33,33272383129,73000,1
33.3194,33,33319162237,240012,0
33.3194,33,33319438249,0,0
33.3299,33,33329843273,73000,1
33.3533,33,33350822727,2478478,0
33.3534,33,33353328205,73000,1
33.3692,33,33369095247,73000,1
33.4133,33,33413228349,73000,1
33.4417,33,33439186409,2478478,0
33.4443,33,33444239893,73000,1
33.4651,33,33462627341,2478478,0
33.4778,33,33475350843,2478478,0
33.4882,33,33488154345,73000,1
33.5043,33,33504190381,73000,1
33.5249,33,33524875429,73000,1
33.6264,33,33626164075,240012,0
33.6391,33,33636614111,2478478,0
33.6519,33,33649470613,2478478,0
33.6574,33,33654926097,2478478,0
33.665,33,33662491587,2478478,0
33.6704,33,33670297077,73000,1
33.6779,32,33675437089,2502412,0
33.6909,32,33690822125,73000,1
33.6934,33,33690893125,2478478,0
33.6935,32,33693407603,73000,1
33.7013,32,33701237621,73000,1
33.7038,33,33701317621,2478478,0
33.7039,33,33703850099,73000,1
33.7223,33,33722185141,73000,1
33.73,32,33727494153,2502412,0
33.7302,33,33730175159,73000,1
33.7404,32,33737854177,2502412,0
33.7531,32,33750575207,2502412,0
33.7611,32,33758601015,2502412,0
33.7766,32,33774119051,2502412,0
33.7767,32,33776648463,73000,1
33.7869,32,33784417075,2502412,0
33.8073,32,33804773123,2502412,0
33.8154,33,33812881141,2478478,0
33.8179,32,33815386619,2502412,0
33.818,32,33817925031,73000,1
33.818,33,33817925625,73000,1
33.8206,32,33818085625,2502412,0
33.8337,33,33833434661,240012,0
33.8413,32,33838761685,2502412,0
33.8465,32,33846422703,73000,1
33.849,33,33846493703,2478478,0
33.867,33,33864527623,2478478,0
33.8721,33,33869643107,2478478,0
33.8822,33,33879738603,2478478,0
33.8925,32,33892418105,73000,1
33.8925,33,33892418105,73000,1
33.8951,32,33892596105,2502412,0
33.903,32,33902903129,73000,1
33.9106,33,33908105141,2478478,0
33.919,32,33918932643,73000,1
33.9191,33,33919003643,73000,1
33.9242,33,33924143655,73000,1
33.9267,32,33924232655,2502412,0
33.9396,32,33939546691,73000,1
33.9606,33,33960482145,73000,1
33.9631,32,33960562145,2502412,0
33.9783,32,33975787181,2502412,0
33.9837,32,33983582199,73000,1
33.9887,32,33986210205,2502412,0
33.9888,32,33988748617,73000,1
34.0095,32,34009398259,73000,1
34.0095,34,34009398259,73000,1
34.0225,32,34020027283,2502412,0
34.0302,33,34030174307,73000,1
34.038,32,34035483319,2502412,0
34.0383,34,34038013325,240012,0
34.0386,34,34038547343,73000,1
34.0386,32,34038547343,73000,1
34.062,34,34061949803,73000,1
34.0671,32,34064568809,2502412,0
34.0799,32,34079873845,73000,1
34.0877,34,34085200857,2502412,0
34.0903,34,34087810863,2502412,0
34.093,34,34092897875,73000,1
34.0931,32,34093048875,73000,1
34.0984,34,34098339887,73000,1
34.1269,34,34124379947,2502412,0
34.1295,32,34129466959,73000,1
34.1297,34,34129608959,73000,1
34.163,34,34160450031,2502412,0
34.1634,34,34163293037,73000,1
34.1736,34,34171141055,2502412,0
34.184,34,34183934085,73000,1
34.1921,34,34191995103,73000,1
34.2075,33,34207406139,73000,1
34.2384,32,34238320211,73000,1
34.2487,34,34246168229,2502412,0
34.2488,34,34248715641,73000,1
34.2667,34,34264225271,2502412,0
34.2724,34,34272315289,73000,1
34.2853,34,34282809313,2502412,0
34.288,34,34285455319,2502412,0
34.2982,34,34295664343,2502412,0
34.3008,34,34300733355,73000,1
34.3293,34,34326818415,2502412,0
34.3371,34,34334550433,2502412,0
34.3448,34,34342309451,2502412,0
34.3601,34,34357614487,2502412,0
34.3708,34,34370763923,73000,1
34.381,34,34378522941,2502412,0
34.3964,34,34396348983,73000,1
34.4043,34,34404224001,73000,1
34.4306,32,34428134055,2502412,0
34.4332,34,34430664061,2502412,0
34.4435,34,34443421091,73000,1
34.4435,32,34443421091,73000,1
34.4617,34,34459152127,2502412,0
34.4667,32,34464212139,2502412,0
34.4723,34,34472274563,73000,1
34.4774,32,34474875569,2502412,0
34.4926,32,34490127605,2502412,0
34.5053,34,34502786635,2502412,0
34.5055,32,34505405641,73000,1
34.5106,34,34508086647,2502412,0
34.5183,32,34518233671,73000,1
34.526,34,34523462683,2502412,0
34.5341,34,34533993707,73000,1
34.5493,34,34546830737,2502412,0
34.5545,32,34552024749,2502412,0
34.5597,34,34559614767,73000,1
34.5622,32,34559685767,2502412,0
34.5648,32,34564772779,73000,1
34.5699,34,34567444785,2502412,0
34.5806,32,34580532221,73000,1
34.5831,34,34580603221,2502412,0
34.5883,34,34588211239,73000,1
34.6062,34,34603729275,2502412,0
34.6088,33,34606339281,2502412,0
34.6192,33,34619087311,73000,1
34.6243,34,34624218323,73000,1
34.627,32,34626908329,73000,1
34.6295,34,34626979329,2502412,0
34.6501,33,34647568377,2502412,0
34.6526,34,34650098383,2502412,0
34.6704,34,34670374431,73000,1
34.673,33,34670454431,2502412,0
34.6811,33,34678552855,2502412,0
34.6912,33,34688735879,2502412,0
34.6991,34,34696574897,2502412,0
34.7041,33,34701643909,2502412,0
34.7092,33,34706712921,2502412,0
34.7119,33,34711790933,73000,1
34.7145,34,34714391939,73000,1
34.7274,32,34727282969,73000,1
34.7274,33,34727282969,73000,1
34.7299,34,34727353969,2502412,0
34.738,34,34737884993,73000,1
34.7533,34,34753243029,73000,1
34.7817,33,34781644501,73000,1
34.7894,34,34786891513,2502412,0
34.8098,34,34809724567,73000,1
34.81,34,34809884567,73000,1
34.8463,34,34846258651,73000,1
34.8749,34,34874845717,73000,1
34.878,33,34877891723,73000,1
34.9116,32,34911485207,73000,1
35.0112,35,35011168841,73000,1
35.0345,35,35034392895,73000,1
35.0347,34,35034614895,73000,1
35.0787,35,35078632997,73000,1
35.1125,33,35112449481,73000,1
35.1125,32,35112449481,73000,1
35.1673,35,35167236607,73000,1
35.1781,35,35177880631,240012,0
35.1864,35,35183847667,2502412,0
35.1865,35,35186448673,73000,1
35.2124,35,35212284139,73000,1
35.2564,35,35253896235,2502412,0
35.2666,33,35264087259,2502412,0
35.2667,35,35266626265,73000,1
35.2743,35,35271846277,2502412,0
35.2769,33,35274376283,2502412,0
35.2795,33,35279454295,73000,1
35.282,35,35279525295,2502412,0
35.2848,33,35284683307,73000,1
35.2873,35,35284763307,2502412,0
35.308,35,35305502761,2502412,0
35.3182,35,35315711785,2502412,0
35.3262,35,35326080809,73000,1
35.329,35,35328957815,73000,1
35.3419,33,35339406839,2502412,0
35.3444,33,35341936251,2502412,0
35.3549,33,35352396275,2502412,0
35.3652,33,35365127305,73000,1
35.3703,33,35367755311,2502412,0
35.3756,33,35373064323,2502412,0
35.3883,33,35388271359,73000,1
35.391,35,35388502359,2502412,0
35.4016,35,35399094789,2502412,0
35.4144,35,35414310825,73000,1
35.4296,33,35427058855,2502412,0
35.4323,33,35432225867,73000,1
35.4506,35,35450497909,73000,1
35.4659,33,35465864945,73000,1
35.497,35,35494515417,2502412,0
35.4971,33,35497054423,73000,1
35.4972,35,35497152423,73000,1
35.5152,34,35515156465,73000,1
35.5204,35,35520287477,73000,1
35.5359,35,35533435507,2502412,0
35.536,35,35535973919,73000,1
35.5515,35,35548989543,2502412,0
35.5595,35,35559458567,73000,1
35.5725,35,35572428597,73000,1
35.6008,33,35598273063,2502412,0
35.6009,35,35600803069,73000,1
35.6034,33,35600945069,2502412,0
35.6163,33,35613791099,2502412,0
35.6239,35,35621399117,2502412,0
35.6242,35,35624160123,73000,1
35.6244,33,35624329123,73000,1
35.627,33,35626930129,73000,1
35.6322,35,35632132141,73000,1
35.645,35,35644969171,73000,1
35.6765,33,35676390243,73000,1
35.6894,35,35689334273,73000,1
35.7983,33,35795754925,2502412,0
35.8091,33,35808993361,73000,1
35.8118,33,35811772367,73000,1
35.8452,33,35845125445,73000,1
35.9074,35,35907334995,73000,1
35.9278,34,35927682043,73000,1
35.9278,33,35927753043,73000,1
35.9512,33,35948741091,2502412,0
35.9514,33,35951297503,73000,1
35.9593,33,35959182115,73000,1
35.976,33,35975945151,73000,1
36.0109,36,36010684635,240012,0
36.0213,36,36021222671,73000,1
36.024,33,36023894677,73000,1
36.029,36,36026522683,2478478,0
36.0342,36,36031709167,2478478,0
36.0368,36,36036753651,73000,1
36.0446,35,36044494669,73000,1
36.0447,32,36044583675,73000,1
36.0523,36,36049803687,2478478,0
36.065,36,36062527189,2478478,0
36.068,36,36067920673,73000,1
36.0731,34,36070628679,2502412,0
36.0833,36,36080793703,2478478,0
36.086,36,36085918187,73000,1
36.086,34,36085918187,73000,1
36.0988,34,36098764217,73000,1
36.1064,36,36103904229,2478478,0
36.1119,33,36111809125,73000,1
36.1145,36,36114428131,73000,1
36.1171,34,36114570131,2502412,0
36.1273,34,36124833155,2502412,0
36.1402,34,36137670185,2502412,0
36.1429,36,36142819197,73000,1
36.143,34,36142890197,73000,1
36.156,36,36155967227,73000,1
36.1716,34,36169099257,2502412,0
36.1894,34,36186934299,2502412,0
36.1971,34,36194613317,2502412,0
36.2076,34,36205089341,2502412,0
36.2127,34,36210247353,2502412,0
36.2181,34,36215629365,2502412,0
36.2257,34,36223219383,2502412,0
36.2334,34,36230898401,2502412,0
36.2335,36,36233437407,73000,1
36.2439,34,36241374425,2502412,0
36.2643,34,36264260479,73000,1
36.2725,32,36272394497,73000,1
36.2852,34,36285151527,73000,1
36.2953,32,36292812545,2502412,0
36.3107,32,36310603587,73000,1
36.3136,32,36313543999,73000,1
36.319,34,36318916011,73000,1
36.3469,34,36344350071,2502412,0
36.3545,34,36351958089,2502412,0
36.3621,34,36359548107,2502412,0
36.3622,34,36362077519,73000,1
36.3673,32,36364795119,2502412,0
36.3731,32,36373000137,73000,1
36.3784,34,36375850143,2502412,0
36.3885,34,36385979167,2502412,0
36.3886,32,36388518173,73000,1
36.3962,32,36393667185,2502412,0
36.3987,32,36396205597,2502412,0
36.4088,32,36406343621,2502412,0
36.4114,34,36408873627,2502412,0
36.4115,32,36411403633,73000,1
36.4116,34,36411510633,73000,1
36.4376,32,36437541099,73000,1
36.4378,34,36437683099,73000,1
36.4532,34,36450708129,2502412,0
36.4558,34,36453309135,2502412,0
36.4636,34,36461113153,2502412,0
36.487,34,36486895213,73000,1
36.487,36,36486895213,73000,1
36.4871,32,36487046213,73000,1
36.4872,34,36487135213,73000,1
36.5337,33,36531187721,2502412,0
36.5363,35,36533815727,2502412,0
36.5389,32,36536425733,2502412,0
36.5391,34,36539035739,73000,1
36.5392,33,36539106739,73000,1
36.5445,32,36544397751,73000,1
36.5445,35,36544468751,73000,1
36.56,35,36559897787,73000,1
36.5626,33,36562507793,73000,1
36.5755,32,36572947817,2502412,0
36.5756,34,36575486823,73000,1
36.5862,35,36586099027,73000,1
36.5912,34,36588700033,2502412,0
36.5937,32,36591230039,2502412,0
36.5939,33,36593840045,73000,1
36.5964,34,36593929045,2502412,0
36.6068,34,36606677075,73000,1
36.6093,32,36606748075,2502412,0
36.612,34,36611915087,73000,1
36.6145,32,36611986087,2502412,0
36.6175,32,36617420105,73000,1
36.6433,34,36640796565,2502412,0
36.6458,32,36643335571,2502412,0
36.6459,34,36645874577,73000,1
36.6511,32,36651032589,73000,1
36.6666,33,36666488625,73000,1
36.6666,34,36666488625,73000,1
36.6666,32,36666559625,73000,1
36.6824,35,36682292661,73000,1
36.7033,32,36703253709,73000,1
36.706,32,36705890715,73000,1
36.7086,34,36706050715,2502412,0
36.7214,34,36721346751,73000,1
36.7269,34,36724367163,2502412,0
36.7296,34,36729534175,73000,1
36.7323,34,36732206181,73000,1
36.7532,34,36753087229,73000,1
36.7999,34,36797379331,2502412,0
36.8002,34,36800149337,73000,1
36.8256,34,36823097391,2502412,0
36.8311,33,36831000409,73000,1
36.8361,34,36833601415,2502412,0
36.8362,34,36836130827,73000,1
36.8489,35,36846429445,2502412,0
36.8541,35,36851587457,2502412,0
36.8542,34,36854117463,73000,1
36.8645,32,36864397487,73000,1
36.8722,35,36872085505,73000,1
36.8984,36,36898188565,240012,0
36.901,35,36898455577,2502412,0
36.9061,35,36903595589,2502412,0
36.9113,36,36911212607,73000,1
36.9138,34,36911283607,2502412,0
36.914,35,36913902613,73000,1
36.9192,34,36919122625,73000,1
36.9193,32,36919193625,73000,1
36.9218,35,36919282625,2502412,0
36.9244,35,36924369637,73000,1
36.9244,36,36924369637,73000,1
36.9405,34,36940396085,73000,1
36.9431,36,36943024091,73000,1
36.9431,35,36943024091,73000,1
36.9635,35,36960966133,2502412,0
36.9713,35,36971184157,73000,1
36.9869,33,36986802193,73000,1
36.9869,35,36986802193,73000,1
36.9945,34,36991960205,2502412,0
36.9997,34,36997207217,2502412,0
37.0052,37,37004948235,240012,0
37.0079,34,37005366247,2502412,0
37.0129,34,37010426259,2502412,0
37.013,37,37012974265,73000,1
37.026,35,37023458289,2502412,0
37.0286,34,37028527301,73000,1
37.039,35,37036518725,2502412,0
37.0518,37,37049311755,2478478,0
37.0544,35,37051888233,2502412,0
37.057,35,37056948245,73000,1
37.0621,34,37059620251,2502412,0
37.0647,37,37062266257,2478478,0
37.0698,35,37067319741,2502412,0
37.0724,34,37069849747,2502412,0
37.08,36,37077510765,2502412,0
37.083,37,37080458783,2502412,0
37.0855,35,37082988789,2502412,0
37.0856,34,37085527795,73000,1
37.0881,36,37085598795,2502412,0
37.0911,36,37090980213,73000,1
37.0961,34,37093581219,2502412,0
37.0962,35,37096111225,73000,1
37.0963,34,37096182225,73000,1
37.1013,37,37098801231,2502412,0
37.1065,37,37106436249,73000,1
37.109,36,37106507249,2502412,0
37.1116,34,37111567261,73000,1
37.1117,36,37111665261,73000,1
37.1143,35,37114266267,73000,1
37.1168,34,37114337267,2502412,0
37.1195,37,37119468279,73000,1
37.1197,34,37119610279,73000,1
37.1302,36,37127706297,2502412,0
37.1409,36,37140828733,73000,1
37.1537,34,37151153757,2502412,0
37.1563,34,37156240769,73000,1
37.1563,37,37156240769,73000,1
37.159,36,37158886775,73000,1
37.1616,35,37161523781,73000,1
37.1641,34,37161603781,2502412,0
37.1692,35,37166672793,2502412,0
37.1718,34,37169291799,2502412,0
37.1744,35,37174351811,73000,1
37.1771,35,37176979817,73000,1
37.1771,34,37177068817,73000,1
37.1796,37,37177139817,2502412,0
37.1952,37,37192730853,2502412,0
37.1979,34,37197790865,73000,1
37.1981,37,37198039865,73000,1
37.2083,37,37205825883,2502412,0
37.2134,36,37210885895,2502412,0
37.2159,36,37213415307,2502412,0
37.2212,37,37221103325,73000,1
37.2263,36,37223784331,2502412,0
37.2264,36,37226331743,73000,1
37.2264,34,37226332337,73000,1
37.2265,35,37226403337,73000,1
37.2473,37,37247249791,73000,1
37.2473,36,37247249791,73000,1
37.2551,35,37255044809,73000,1
37.2654,32,37262919827,2502412,0
37.2705,36,37267997839,2502412,0
37.2757,36,37275596857,73000,1
37.2783,32,37278206863,73000,1
37.2783,37,37278206863,73000,1
37.2885,36,37285965881,2502412,0
37.294,36,37293957899,73000,1
37.3042,34,37304166923,73000,1
37.3068,36,37306776929,73000,1
37.3068,32,37306776929,73000,1
37.312,32,37311934941,73000,1
37.3351,35,37335043995,73000,1
37.3457,33,37345583425,73000,1
37.3662,36,37366135473,73000,1
37.3662,32,37366135473,73000,1
37.3792,36,37376682497,2502412,0
37.3868,34,37384290515,2502412,0
37.3894,32,37389350527,73000,1
37.3919,34,37389430527,2502412,0
37.3946,34,37394490539,73000,1
37.4,36,37397475545,2502412,0
37.4001,36,37400004957,73000,1
37.4001,37,37400005551,73000,1
37.4027,34,37402624557,73000,1
37.4028,37,37402766557,73000,1
37.4029,36,37402846557,73000,1
37.4158,36,37415683587,73000,1
37.4316,34,37431539623,73000,1
37.4395,36,37439423641,73000,1
37.4529,34,37452804033,73000,1
37.4709,32,37470808075,73000,1
37.5069,34,37504403153,2502412,0
37.5198,34,37519699189,73000,1
37.5535,34,37553435673,73000,1
37.5843,34,37584232745,73000,1
37.5893,36,37586833751,2502412,0
37.592,36,37591973763,73000,1
37.6207,36,37620659829,73000,1
37.6311,36,37628587847,2502412,0
37.6337,37,37633647859,73000,1
37.6365,36,37636444865,73000,1
37.6651,36,37662584045,2502412,0
37.6829,36,37680445087,2502412,0
37.6881,36,37685594099,2502412,0
37.6907,36,37688150511,2502412,0
37.7064,36,37703945547,2502412,0
37.7141,34,37711606565,2502412,0
37.7243,36,37721842589,2502412,0
37.7244,34,37724372595,73000,1
37.7272,36,37727089601,73000,1
37.74,34,37737449625,2502412,0
37.7402,36,37740077631,73000,1
37.7478,34,37745342643,2502412,0
37.7561,34,37756051667,73000,1
37.7613,35,37761227679,73000,1
37.7689,34,37766358691,2502412,0
37.7741,34,37774019709,73000,1
37.7897,34,37789591745,73000,1
37.7897,36,37789662745,73000,1
37.8462,34,37843666871,2502412,0
37.849,34,37848922883,73000,1
37.8572,34,37857145307,73000,1
37.8599,36,37859826313,73000,1
37.8956,34,37893126391,2502412,0
37.9139,34,37913804439,73000,1
37.9318,34,37929278475,2502412,0
37.9398,34,37937250493,2502412,0
37.9529,34,37952849935,73000,1
37.976,34,37975940989,73000,1
37.9921,33,37991984025,73000,1
38.0025,38,38002406049,73000,1
38.0026,33,38002504049,73000,1
38.0133,38,38013177073,73000,1
38.0208,33,38018326085,2502412,0
38.0234,34,38020865091,2502412,0
38.0235,34,38023394503,73000,1
38.0312,34,38028704109,2502412,0
38.0339,33,38031376115,2502412,0
38.0364,34,38033906121,2502412,0
38.0416,33,38041496139,73000,1
38.0492,34,38046716151,2502412,0
38.0493,34,38049245563,73000,1
38.0521,36,38052007163,73000,1
38.058,38,38057717581,240012,0
38.0634,33,38060861605,2502412,0
38.0659,38,38063400611,2502412,0
38.0661,34,38066019617,73000,1
38.0712,38,38068700623,2502412,0
38.0739,38,38073840635,73000,1
38.0739,35,38073840635,73000,1
38.074,33,38073911635,73000,1
38.0868,34,38084262659,2502412,0
38.0922,34,38092119677,73000,1
38.0974,37,38097277689,73000,1
38.0974,38,38097348689,73000,1
38.0974,33,38097348689,73000,1
38.1103,34,38107797713,2502412,0
38.1157,33,38113188725,2502412,0
38.1208,34,38118248737,2502412,0
38.1259,34,38123397749,2502412,0
38.126,33,38125945755,73000,1
38.1463,34,38143771797,2502412,0
38.1464,38,38146337803,73000,1
38.149,34,38146488803,2502412,0
38.1568,34,38154300821,2502412,0
38.1647,33,38162221839,2502412,0
38.1648,33,38164751251,73000,1
38.1675,35,38164973845,2502412,0
38.1752,34,38175093869,73000,1
38.1777,33,38175164869,2502412,0
38.1778,33,38177703281,73000,1
38.1829,35,38182861887,73000,1
38.1882,33,38185649893,2502412,0
38.1883,37,38188179899,73000,1
38.2011,37,38198557923,2502412,0
38.2012,34,38201087929,73000,1
38.2012,35,38201087929,73000,1
38.2037,33,38201158929,2502412,0
38.2063,33,38206236941,73000,1
38.2063,37,38206236941,73000,1
38.209,32,38208935947,73000,1
38.2092,37,38209113947,73000,1
38.2092,34,38209113947,73000,1
38.212,35,38211901953,73000,1
38.2225,33,38219973971,2502412,0
38.2327,33,38232651001,73000,1
38.2328,38,38232722001,73000,1
38.2456,33,38243127025,2502412,0
38.2457,33,38245665437,73000,1
38.2483,37,38245755031,2502412,0
38.2535,38,38253381049,73000,1
38.256,33,38253452049,2502412,0
38.2561,35,38255991055,73000,1
38.2586,37,38256062055,2502412,0
38.2769,33,38276783509,73000,1
38.2794,37,38276854509,2502412,0
38.2973,37,38294751551,2502412,0
38.2974,37,38297280963,73000,1
38.2974,34,38297361557,73000,1
38.2978,37,38297681557,73000,1
38.2978,33,38297681557,73000,1
38.3157,33,38315649599,73000,1
38.3389,37,38336363647,2502412,0
38.3592,37,38356710695,2502412,0
38.3698,33,38369763131,73000,1
38.3723,37,38369834131,2502412,0
38.3801,37,38379981155,73000,1
38.3854,37,38385290167,73000,1
38.3905,37,38390448179,73000,1
38.4188,38,38418697245,73000,1
38.4556,36,38453057323,2502412,0
38.4633,35,38463204347,73000,1
38.4633,33,38463275347,73000,1
38.4714,36,38471346771,73000,1
38.474,36,38473965777,73000,1
38.474,37,38473965777,73000,1
38.4898,34,38489759813,73000,1
38.4951,36,38495059825,73000,1
38.5081,34,38508029855,73000,1
38.5625,37,38560027975,2502412,0
38.5756,37,38575547417,73000,1
38.5833,37,38583226435,73000,1
38.591,36,38588455447,2502412,0
38.5936,36,38593542459,73000,1
38.6039,36,38601417477,2502412,0
38.6066,36,38604098483,2502412,0
38.6145,36,38614458507,73000,1
38.6329,36,38632793549,73000,1
38.6329,37,38632864549,73000,1
38.6724,36,38672338045,73000,1
38.7091,37,38709011129,73000,1
38.7406,36,38740520201,73000,1
38.7639,37,38763842255,73000,1
38.8009,35,38800819745,73000,1
38.868,33,38867892901,73000,1
38.8759,38,38873443319,2502412,0
38.8788,38,38878752331,73000,1
38.9042,38,38901736385,2502412,0
38.9069,38,38906805397,73000,1
38.9198,38,38919749427,73000,1
38.9225,38,38922377433,73000,1
38.9302,37,38927739445,2502412,0
38.9332,36,38933112457,73000,1
38.9435,37,38943410481,73000,1
38.9743,37,38971836547,2502412,0
38.9851,37,38982606977,2502412,0
38.9853,37,38985216983,73000,1
39.0008,39,39000593019,240012,0
39.0062,39,39003657043,2502412,0
39.0113,37,39011247061,73000,1
39.0241,39,39024004091,73000,1
39.035,38,39034962115,73000,1
39.053,39,39052903157,73000,1
39.0633,39,39060787175,2502412,0
39.0658,37,39063317181,2502412,0
39.076,39,39073535205,2502412,0
39.0815,37,39078978623,2502412,0
39.084,39,39081508629,2502412,0
39.0893,39,39089196647,73000,1
39.0918,32,39089285647,2502412,0
39.0919,37,39091815653,73000,1
39.092,32,39091886653,73000,1
39.1048,37,39104687683,73000,1
39.1049,39,39104856683,73000,1
39.1128,37,39110298695,2502412,0
39.1129,32,39112828701,73000,1
39.1131,39,39113059701,73000,1
39.1283,37,39125789731,2502412,0
39.1414,37,39138904761,2502412,0
39.1439,32,39141434767,2502412,0
39.1466,37,39144106773,2502412,0
39.1517,32,39149166785,2502412,0
39.1542,32,39151696197,2502412,0
39.1672,37,39167125233,73000,1
39.1697,32,39167196233,2502412,0
39.1749,39,39174822251,73000,1
39.175,32,39174973251,73000,1
39.1826,32,39180122263,2502412,0
39.1959,32,39195811299,73000,1
39.196,34,39195882299,73000,1
39.1985,37,39195953299,2502412,0
39.2037,37,39201191311,2502412,0
39.2064,37,39206322323,73000,1
39.2114,37,39208941329,2502412,0
39.2165,32,39214001341,2502412,0
39.2166,37,39216549347,73000,1
39.2166,36,39216549347,73000,1
39.2168,32,39216709347,73000,1
39.2295,33,39226989371,2502412,0
39.2371,33,39234615389,2502412,0
39.2372,38,39237154395,73000,1
39.2477,33,39245226413,2502412,0
39.2503,32,39247756419,2502412,0
39.2528,32,39250294831,2502412,0
39.2529,33,39252824837,73000,1
39.2529,37,39252824837,73000,1
39.2554,32,39252895837,2502412,0
39.2579,33,39255425843,2502412,0
39.2606,33,39260574855,73000,1
39.2633,37,39263211861,73000,1
39.2634,32,39263282861,73000,1
39.2661,35,39266008867,73000,1
39.2762,33,39273714885,2502412,0
39.2844,32,39284369315,73000,1
39.2896,33,39289536327,73000,1
39.2977,33,39297670345,73000,1
39.3158,38,39313312381,2502412,0
39.3209,38,39318372393,2502412,0
39.3238,37,39323725405,73000,1
39.3263,38,39323796405,2502412,0
39.3264,38,39326325817,73000,1
39.3289,32,39326397411,2502412,0
39.329,38,39328927417,73000,1
39.3421,32,39342059447,73000,1
39.3473,32,39347208459,73000,1
39.3553,33,39352801471,2502412,0
39.3608,33,39360693489,73000,1
39.3684,32,39365904501,2502412,0
39.371,32,39368469913,2502412,0
39.3736,39,39373529925,73000,1
39.3737,32,39373618925,73000,1
39.3737,33,39373618925,73000,1
39.3814,38,39381342943,73000,1
39.392,32,39391936373,73000,1
39.4105,38,39407952409,2502412,0
39.4131,33,39413039421,73000,1
39.4131,32,39413039421,73000,1
39.4132,38,39413110421,73000,1
39.4235,37,39420976439,2502412,0
39.4389,37,39438873481,73000,1
39.4495,38,39449395505,73000,1
39.4574,37,39457305523,73000,1
39.4858,33,39485713589,73000,1
39.4939,38,39493794013,73000,1
39.4992,37,39499148025,73000,1
39.5198,32,39519744073,73000,1
39.5668,36,39566728181,73000,1
39.5797,37,39579627211,73000,1
39.5904,38,39590361641,73000,1
39.6338,33,39631313737,2502412,0
39.6545,33,39652017785,2502412,0
39.6623,33,39659794803,2502412,0
39.6674,33,39664854815,2502412,0
39.6877,33,39685157863,2502412,0
39.6878,33,39687776869,73000,1
39.7009,34,39700828305,73000,1
39.7038,33,39703705311,73000,1
39.7038,34,39703776311,73000,1
39.7118,34,39711695329,73000,1
39.7449,32,39744844407,73000,1
39.7478,34,39747712413,73000,1
39.7534,33,39753325425,73000,1
39.8076,36,39807551957,73000,1
39.8077,39,39807631957,73000,1
39.8231,38,39820592987,2502412,0
39.8232,38,39823122399,73000,1
39.8233,36,39823264993,73000,1
39.8286,37,39828530005,73000,1
39.8288,38,39828681005,73000,1
39.8288,34,39828681005,73000,1
39.8415,36,39841465035,73000,1
39.8519,33,39851843059,73000,1
39.8546,36,39852074059,2502412,0
39.865,38,39862524489,2502412,0
39.8703,36,39870265507,73000,1
39.8779,38,39875405519,2502412,0
39.8806,38,39880554531,73000,1
39.8883,36,39888224549,73000,1
39.8883,38,39888224549,73000,1
39.9119,34,39911806009,73000,1
39.9146,37,39914576015,73000,1
39.9302,38,39930156051,73000,1
39.9381,36,39938013069,73000,1
39.9487,32,39946225087,2502412,0
39.954,32,39951454099,2502412,0
39.9594,32,39959357117,73000,1
39.9772,32,39974724153,2502412,0
39.9927,32,39990171189,2502412,0
39.9928,39,39992728195,73000,1
39.9955,32,39995436201,73000,1
40.0035,36,40001013619,2502412,0
40.0112,36,40008710637,2502412,0
40.0138,32,40011249643,2502412,0
40.019,32,40018919661,73000,1
40.0242,36,40024166673,73000,1
40.0242,33,40024166673,73000,1
40.0347,34,40034615697,73000,1
40.0347,32,40034615697,73000,1
40.0373,38,40037225703,73000,1
40.0578,36,40055335745,2502412,0
40.0583,36,40058178157,73000,1
40.0685,32,40068476181,73000,1
40.0713,35,40068787181,2502412,0
40.0791,35,40079014205,73000,1
40.0792,36,40079103205,73000,1
40.0894,35,40089330229,73000,1
40.1152,36,40112679689,2502412,0
40.1178,36,40117748701,73000,1
40.1406,36,40138113749,2502412,0
40.1533,35,40150843779,2502412,0
40.156,35,40153471785,2502412,0
40.1585,36,40156001791,2502412,0
40.1639,35,40161374803,2502412,0
40.1716,35,40171565827,73000,1
40.1742,36,40171725827,2502412,0
40.1744,35,40174344833,73000,1
40.177,36,40176954839,73000,1
40.1771,38,40177061839,73000,1
40.1773,36,40177230839,73000,1
40.1825,36,40182406851,73000,1
40.185,32,40182477851,2502412,0
40.1903,32,40190183869,73000,1
40.2006,35,40198067887,2502412,0
40.2135,32,40211039323,2502412,0
40.2163,32,40216197335,73000,1
40.2163,35,40216197335,73000,1
40.2241,35,40221586347,2502412,0
40.2317,35,40229194365,2502412,0
40.2418,32,40239323389,2502412,0
40.2419,32,40241861801,73000,1
40.2547,35,40254672425,73000,1
40.2653,32,40262762443,2502412,0
40.273,32,40270477461,2502412,0
40.2756,35,40275546473,73000,1
40.2758,36,40275759473,73000,1
40.2783,35,40275830473,2502412,0
40.281,32,40280961485,73000,1
40.2812,32,40281103485,73000,1
40.2865,35,40286403497,73000,1
40.2947,37,40294642515,73000,1
40.2999,35,40297403521,2502412,0
40.3104,35,40307898951,2502412,0
40.3232,35,40323114987,73000,1
40.3257,32,40323194987,2502412,0
40.3308,35,40328263999,2502412,0
40.336,35,40335899017,73000,1
40.336,32,40335899017,73000,1
40.3538,35,40351319053,2502412,0
40.3643,35,40364218083,73000,1
40.3643,32,40364218083,73000,1
40.3644,38,40364289083,73000,1
40.3726,36,40372495101,73000,1
40.3777,35,40377626113,73000,1
40.3879,33,40387844137,73000,1
40.4033,32,40400823167,2502412,0
40.4109,32,40408413185,2502412,0
40.4241,32,40424013221,73000,1
40.4318,35,40431772239,73000,1
40.4397,32,40437179251,2502412,0
40.4422,36,40439709257,2502412,0
40.4423,32,40442239263,73000,1
40.4475,32,40447460275,73000,1
40.45,36,40447531275,2502412,0
40.4552,35,40455121293,73000,1
40.468,36,40465499317,2502412,0
40.4709,36,40468359729,2502412,0
40.4812,36,40478675753,2502412,0
40.4866,36,40486514771,73000,1
40.4892,36,40489124777,73000,1
40.507,32,40504464813,2502412,0
40.5125,32,40512447237,73000,1
40.5202,32,40517747249,2502412,0
40.5205,32,40520437255,73000,1
40.5357,32,40533167285,2502412,0
40.5383,32,40535768291,2502412,0
40.5512,32,40548667321,2502412,0
40.5589,36,40558876345,73000,1
40.5615,32,40558956345,2502412,0
40.5721,36,40572035375,73000,1
40.5722,32,40572115375,73000,1
40.5927,32,40590235417,2502412,0
40.603,32,40600489441,2502412,0
40.6056,32,40603090447,2502412,0
40.6133,32,40613264471,73000,1
40.6243,32,40624221901,73000,1
40.6551,35,40655009973,73000,1
40.6735,32,40673451015,73000,1
40.6736,36,40673531015,73000,1
40.715,33,40712468105,2502412,0
40.7151,33,40715006517,73000,1
40.7205,33,40718018523,2502412,0
40.7232,33,40723176535,73000,1
40.7513,33,40748832595,2502412,0
40.7591,33,40758979619,73000,1
40.7619,32,40761865625,73000,1
40.7803,33,40780199667,73000,1
40.8292,39,40826649181,2502412,0
40.8444,39,40841945217,2502412,0
40.8548,33,40854773247,73000,1
40.8549,39,40854844247,73000,1
40.8549,35,40854844247,73000,1
40.8704,39,40870327283,73000,1
40.9143,33,40914238385,73000,1
40.9171,39,40917053391,73000,1
40.9172,32,40917133391,73000,1
40.9253,39,40925195815,73000,1
40.9482,38,40945649863,2502412,0
40.9534,34,40950914875,2502412,0
40.9559,34,40953444287,2502412,0
40.9561,38,40956054293,73000,1
40.9667,34,40966609317,73000,1
40.9718,38,40969290323,2502412,0
40.98,38,40979954347,73000,1
40.9876,37,40985121359,2502412,0
40.9927,34,40990181371,2502412,0
41.0029,37,41000408395,2502412,0
41.008,34,41005468407,2502412,0
41.0082,38,41008096413,73000,1
41.0082,34,41008167413,73000,1
41.0083,37,41008238413,73000,1
41.0163,34,41016210431,73000,1
41.0214,37,41021350443,73000,1
41.0243,34,41024272855,73000,1
41.0372,37,41034668879,2502412,0
41.0398,38,41039746891,73000,1
41.0474,37,41044913903,2502412,0
41.0526,37,41052530921,73000,1
41.0582,38,41058106933,73000,1
41.0657,37,41063237945,2502412,0
41.084,34,41083906993,73000,1
41.0865,37,41083977993,2502412,0
41.0915,37,41089047005,2502412,0
41.0942,37,41094107017,73000,1
41.0968,36,41094338017,2502412,0
41.097,36,41096912429,73000,1
41.0971,39,41097055023,73000,1
41.0997,37,41099665029,73000,1
41.0998,36,41099736029,73000,1
41.1131,37,41113043059,73000,1
41.1158,34,41113265059,2502412,0
41.1183,34,41115794471,2502412,0
41.1289,34,41126404901,2502412,0
41.134,34,41131473913,2502412,0
41.1366,33,41136560925,73000,1
41.1391,34,41136631925,2502412,0
41.1594,34,41156925973,2502412,0
41.1696,34,41167063997,2502412,0
41.1797,36,41177193021,2502412,0
41.1854,34,41185354039,73000,1
41.188,36,41187964045,73000,1
41.2034,36,41200864075,2502412,0
41.2136,34,41213550105,73000,1
41.2137,36,41213621105,73000,1
41.2373,36,41237211565,73000,1
41.2374,34,41237282565,73000,1
41.245,37,41244952583,73000,1
41.253,38,41252880601,73000,1
41.2813,36,41281218667,73000,1
41.2868,32,41286680679,73000,1
41.2946,36,41292069691,2502412,0
41.2971,36,41294599103,2502412,0
41.3123,36,41309806139,2502412,0
41.3125,36,41312434145,73000,1
41.3257,36,41325645175,73000,1
41.3259,36,41325787175,73000,1
41.3467,34,41344244623,2502412,0
41.3494,34,41349304635,73000,1
41.3545,34,41351985641,2502412,0
41.3598,36,41359762659,73000,1
41.3625,34,41362381665,73000,1
41.3806,34,41380536707,73000,1
41.3882,39,41385694719,2502412,0
41.3907,34,41388224725,2502412,0
41.3937,37,41393615143,73000,1
41.3963,39,41396216149,73000,1
41.3964,34,41396287149,73000,1
41.4123,39,41409825179,2502412,0
41.4124,39,41412354591,73000,1
41.4179,34,41417806197,73000,1
41.4281,39,41425583215,2502412,0
41.4282,39,41428112627,73000,1
41.4332,39,41430714227,2502412,0
41.4439,39,41443811257,73000,1
41.4567,34,41456622287,73000,1
41.4823,39,41482198347,73000,1
41.4849,37,41484817353,73000,1
41.4978,34,41495339377,2502412,0
41.5006,35,41500497389,73000,1
41.5031,34,41500568389,2502412,0
41.5107,34,41508229407,2502412,0
41.5162,34,41516122425,73000,1
41.537,39,41536959879,73000,1
41.5396,34,41539560885,73000,1
41.565,39,41562544939,2502412,0
41.5701,39,41567613951,2502412,0
41.5804,39,41577929975,2502412,0
41.5882,36,41585679993,2502412,0
41.5908,38,41590767005,73000,1
41.5909,39,41590838005,73000,1
41.5963,34,41593797011,2502412,0
41.5989,36,41598866023,73000,1
41.6014,33,41598937023,2502412,0
41.6042,34,41604139035,73000,1
41.6067,33,41604210035,2502412,0
41.6094,33,41609297047,73000,1
41.6095,34,41609404047,73000,1
41.6095,39,41609404047,73000,1
41.6145,37,41612023053,2502412,0
41.6197,37,41617154065,2502412,0
41.6222,33,41619702071,2502412,0
41.625,33,41624913083,73000,1
41.625,37,41624913083,73000,1
41.625,36,41624913083,73000,1
41.6329,32,41630417095,2502412,0
41.6356,34,41635557107,73000,1
41.6437,34,41643610531,73000,1
41.6438,33,41643681531,73000,1
41.6513,32,41648812543,2502412,0
41.654,39,41653943555,73000,1
41.6591,37,41656553561,2502412,0
41.6616,37,41659100973,2502412,0
41.6617,32,41661639979,73000,1
41.6642,37,41661710979,2502412,0
41.6745,36,41672018003,2502412,0
41.6771,37,41674548009,2502412,0
41.6822,37,41679706021,2502412,0
41.6823,39,41682236027,73000,1
41.685,36,41684917033,73000,1
41.6875,32,41684988033,2502412,0
41.6928,36,41692747051,73000,1
41.6929,37,41692818051,73000,1
41.693,32,41692889051,73000,1
41.693,33,41692889051,73000,1
41.6985,37,41698422063,73000,1
41.6985,32,41698422063,73000,1
41.7163,37,41716248105,73000,1
41.7242,34,41724079123,73000,1
41.7342,36,41731740141,2502412,0
41.7393,36,41736809153,2502412,0
41.7523,36,41749825589,2502412,0
41.7524,32,41752355595,73000,1
41.7653,36,41765254625,73000,1
41.7679,32,41767873631,73000,1
41.773,36,41770474637,2502412,0
41.7782,36,41778109655,73000,1
41.7884,36,41785895673,2502412,0
41.7937,33,41793592691,73000,1
41.7962,36,41793681691,2502412,0
41.7964,36,41796282697,73000,1
41.8373,32,41834804787,2502412,0
41.8374,36,41837352793,73000,1
41.8399,32,41837432793,2502412,0
41.84,37,41839962799,73000,1
41.8401,36,41840042799,73000,1
41.8556,32,41853130235,2502412,0
41.8632,32,41860720253,2502412,0
41.8658,36,41863250259,2502412,0
41.8659,36,41865851265,73000,1
41.8659,38,41865851265,73000,1
41.8736,32,41873521283,73000,1
41.8838,36,41881298301,2502412,0
41.899,36,41896532337,2502412,0
41.8991,39,41899062343,73000,1
41.9016,36,41899133343,2502412,0
41.9045,36,41901975755,2502412,0
41.9172,32,41914732785,2502412,0
41.9224,36,41922340803,73000,1
41.9251,32,41924977809,73000,1
41.9327,33,41930224821,2502412,0
41.9354,33,41935284833,73000,1
41.9511,36,41951017275,73000,1
41.9612,32,41958723293,2502412,0
41.969,32,41968879317,73000,1
41.9715,32,41969021317,2502412,0
41.9741,33,41971560323,2502412,0
41.9766,33,41974089735,2502412,0
41.9869,33,41986846765,73000,1
41.987,32,41986917765,73000,1
41.9946,36,41992146777,2502412,0
41.9947,36,41994676189,73000,1
41.9947,32,41994676783,73000,1
41.9948,33,41994747783,73000,1
41.9948,38,41994747783,73000,1
41.9974,38,41997348789,73000,1
42.008,38,42005500807,2502412,0
42.0183,38,42015834831,2502412,0
42.021,39,42020894843,73000,1
42.021,36,42020894843,73000,1
42.0286,38,42028573861,73000,1
42.0286,34,42028573861,73000,1
42.0312,32,42028671861,2502412,0
42.0362,32,42033740873,2502412,0
42.0363,33,42036270879,73000,1
42.0466,32,42044100897,2502412,0
42.0545,38,42052003321,2502412,0
42.0596,36,42057081333,2502412,0
42.0598,32,42059700339,73000,1
42.0598,38,42059771339,73000,1
42.065,36,42062461345,2502412,0
42.0652,37,42065080351,73000,1
42.0728,36,42070300363,2502412,0
42.083,32,42082968393,73000,1
42.0881,38,42085578399,2502412,0
42.0907,36,42088197405,2502412,0
42.0932,36,42090744817,2502412,0
42.101,35,42100891841,73000,1
42.101,38,42100962841,73000,1
42.1062,36,42103652847,2502412,0
42.1092,36,42109114265,73000,1
42.1092,35,42109114265,73000,1
42.1093,38,42109185265,73000,1
42.1169,32,42114414277,2502412,0
42.1221,36,42119554289,2502412,0
42.1272,35,42124694301,2502412,0
42.1273,32,42127224307,73000,1
42.1324,35,42129896313,2502412,0
42.1403,35,42140229337,73000,1
42.1404,32,42140300337,73000,1
42.1404,36,42140300337,73000,1
42.1482,38,42148157355,73000,1
42.1482,36,42148157355,73000,1
42.1507,33,42148246355,2502412,0
42.1587,32,42156149373,2502412,0
42.1664,32,42166296397,73000,1
42.1689,33,42166367397,2502412,0
42.1766,35,42176496421,73000,1
42.1791,33,42176576421,2502412,0
42.1816,32,42179106427,2502412,0
42.1894,32,42189369451,73000,1
42.192,33,42189449451,2502412,0
42.1997,36,42199587475,73000,1
42.2022,33,42199658475,2502412,0
42.2098,35,42207346493,2502412,0
42.2129,32,42212798911,73000,1
42.2154,33,42212878911,2502412,0
42.2179,38,42215408917,2502412,0
42.2204,35,42217938923,2502412,0
42.223,33,42220477929,2502412,0
42.2282,38,42225688941,2502412,0
42.2307,33,42228236947,2502412,0
42.2308,33,42230775359,73000,1
42.2333,38,42230846953,2502412,0
42.2334,35,42233376959,73000,1
42.2437,33,42243647983,73000,1
42.2437,35,42243647983,73000,1
42.2489,32,42248778995,73000,1
42.2539,38,42251389001,2502412,0
42.2619,32,42259408019,2502412,0
42.2696,38,42269555043,73000,1
42.2696,36,42269555043,73000,1
42.2797,33,42277243061,2502412,0
42.2824,32,42282303073,73000,1
42.29,35,42287532085,2502412,0
42.2927,33,42292610097,73000,1
42.2952,35,42292699097,2502412,0
42.3028,38,42300325115,2502412,0
42.3079,38,42305385127,2502412,0
42.308,35,42307924133,73000,1
42.3105,33,42308013133,2502412,0
42.3109,33,42310855545,73000,1
42.311,38,42310944545,73000,1
42.311,32,42310944545,73000,1
42.3112,35,42311104545,73000,1
42.3138,38,42311326545,2502412,0
42.3214,32,42318916563,2502412,0
42.3316,38,42329099587,2502412,0
42.3341,33,42331629593,2502412,0
42.3393,38,42339228611,73000,1
42.3393,32,42339228611,73000,1
42.3469,38,42344368623,2502412,0
42.347,33,42346916629,73000,1
42.3546,33,42352136641,2502412,0
42.3576,32,42357509059,73000,1
42.3602,38,42360119065,73000,1
42.3628,38,42362738071,73000,1
42.3653,33,42362818071,2502412,0
42.3705,32,42370417089,73000,1
42.373,35,42370488089,2502412,0
42.3755,35,42373026501,2502412,0
42.3756,35,42375564913,73000,1
42.3756,36,42375565507,73000,1
42.3807,33,42378193513,2502412,0
42.396,35,42393480549,2502412,0
42.4037,35,42403609573,73000,1
42.4037,33,42403609573,73000,1
42.4064,35,42406344579,73000,1
42.414,32,42411484591,2502412,0
42.4271,38,42424554027,2502412,0
42.4296,38,42427092439,2502412,0
42.4297,33,42429622445,73000,1
42.4322,32,42429693445,2502412,0
42.4347,38,42432223451,2502412,0
42.4449,38,42442379475,2502412,0
42.445,35,42444909481,73000,1
42.4475,38,42444998481,2502412,0
42.4501,32,42450058493,73000,1
42.4552,38,42452668499,2502412,0
42.4577,32,42455198505,2502412,0
42.4631,32,42460589517,2502412,0
42.4632,38,42463128523,73000,1
42.4684,32,42468277535,73000,1
42.4761,33,42476063553,73000,1
42.4839,32,42481354565,2502412,0
42.4865,38,42486432577,73000,1
42.4992,32,42496721601,2502412,0
42.5018,38,42499269607,2502412,0
42.5095,38,42509416631,73000,1
42.5095,37,42509416631,73000,1
42.5096,32,42509496631,73000,1
42.5146,32,42512097637,2502412,0
42.5171,33,42514636643,2502412,0
42.5202,33,42520089061,73000,1
42.5227,32,42520205061,2502412,0
42.5279,36,42525354073,2502412,0
42.5304,32,42527884079,2502412,0
42.5305,32,42530413491,73000,1
42.5307,32,42530583085,73000,1
42.5332,36,42530725085,2502412,0
42.5383,38,42535803097,2502412,0
42.5436,36,42543482115,73000,1
42.5436,33,42543571115,73000,1
42.5462,38,42546172121,73000,1
42.5464,33,42546279121,73000,1
42.5615,35,42559009151,2502412,0
42.5669,32,42564391163,2502412,0
42.5694,35,42566921169,2502412,0
42.577,38,42574529187,2502412,0
42.5796,32,42577139193,2502412,0
42.5847,36,42582208205,2502412,0
42.5848,35,42584747211,73000,1
42.5873,38,42584818211,2502412,0
42.5949,33,42592417229,2502412,0
42.5975,32,42595018235,2502412,0
42.6002,33,42600087247,73000,1
42.6027,36,42600167247,2502412,0
42.6028,32,42602706253,73000,1
42.6028,38,42602706253,73000,1
42.6054,32,42602937253,2502412,0
42.6081,36,42608015265,73000,1
42.6082,35,42608086265,73000,1
42.6082,33,42608086265,73000,1
42.6082,36,42608157265,73000,1
42.6109,38,42608388265,2502412,0
42.6135,32,42613448277,73000,1
42.6215,35,42618963289,2502412,0
42.6216,35,42621564295,73000,1
42.6245,38,42624387301,73000,1
42.6296,33,42629563313,73000,1
42.6372,39,42634694325,2502412,0
42.6423,32,42639763337,2502412,0
42.6449,39,42642400343,2502412,0
42.645,36,42644948349,73000,1
42.6475,35,42645019349,2502412,0
42.6551,39,42652618367,2502412,0
42.6577,35,42655148373,2502412,0
42.6578,35,42657677785,73000,1
42.6578,32,42657678379,73000,1
42.6603,38,42657749379,2502412,0
42.6628,39,42660297385,2502412,0
42.6657,39,42663149391,2502412,0
42.6734,38,42673358415,73000,1
42.6812,39,42681108433,73000,1
42.6813,32,42681206433,73000,1
42.6814,33,42681277433,73000,1
42.6814,35,42681277433,73000,1
42.6889,38,42686417445,2502412,0
42.6916,38,42691504457,73000,1
42.702,39,42701891481,73000,1
42.7046,35,42704519487,73000,1
42.7046,39,42704519487,73000,1
42.7072,38,42704679487,2502412,0
42.7097,32,42707245493,2502412,0
42.7098,32,42709774905,73000,1
42.7175,36,42714951511,2502412,0
42.7176,38,42717481517,73000,1
42.7255,36,42722979529,2502412,0
42.7256,32,42725518535,73000,1
42.7257,36,42725598535,73000,1
42.7282,33,42725669535,2502412,0
42.7309,38,42728377541,2502412,0
42.731,33,42730916547,73000,1
42.7311,38,42731014547,73000,1
42.7312,35,42731085547,73000,1
42.754,36,42751494595,2502412,0
42.7542,38,42754095601,73000,1
42.7567,36,42754166601,2502412,0
42.7568,33,42756714607,73000,1
42.7725,36,42772394049,73000,1
42.7725,35,42772394049,73000,1
42.7725,32,42772465049,73000,1
42.7903,39,42787797085,2502412,0
42.7904,39,42790326497,73000,1
42.7983,36,42795752103,2502412,0
42.7984,39,42798282109,73000,1
42.806,38,42803511121,2502412,0
42.8061,36,42806041127,73000,1
42.8061,33,42806041127,73000,1
42.8137,34,42811217139,2502412,0
42.8164,38,42816277151,73000,1
42.819,34,42818958157,73000,1
42.827,34,42824518169,2502412,0
42.8297,36,42827190175,2502412,0
42.8322,32,42829729181,2502412,0
42.8348,34,42832339187,2502412,0
42.84,36,42839938205,73000,1
42.84,38,42839938205,73000,1
42.8402,34,42840080205,73000,1
42.8429,32,42842779211,73000,1
42.8507,34,42850582229,73000,1
42.8507,32,42850582229,73000,1
42.8532,39,42850742229,2502412,0
42.8559,39,42853370235,2502412,0
42.8636,36,42863508259,73000,1
42.8686,36,42866118265,2502412,0
42.8741,39,42874039283,73000,1
42.8792,33,42876667289,2502412,0
42.8843,36,42884257307,73000,1
42.887,33,42886885313,73000,1
42.887,36,42886885313,73000,1
42.8945,34,42892025325,2502412,0
42.8997,34,42899615343,73000,1
42.9022,38,42899722343,2502412,0
42.9023,33,42902252349,73000,1
42.9024,32,42902332349,73000,1
42.91,39,42907472361,2502412,0
42.915,39,42912532373,2502412,0
42.9202,39,42917681385,2502412,0
42.9203,39,42920210797,73000,1
42.9203,38,42920211391,73000,1
42.9253,38,42922812397,2502412,0
42.9283,33,42928184815,73000,1
42.9283,34,42928184815,73000,1
42.936,39,42935890833,73000,1
42.9386,38,42936050833,2502412,0
42.9436,38,42941119845,2502412,0
42.9588,36,42956326881,2502412,0
42.959,34,42958954887,73000,1
42.9615,38,42959034887,2502412,0
42.9641,36,42961573893,2502412,0
42.9668,38,42966731905,73000,1
42.9697,36,42969654317,73000,1
42.9825,38,42979970341,2502412,0
42.9877,39,42987578359,73000,1
42.9953,38,42992834371,2502412,0
42.998,33,42997903383,73000,1
43.003,36,43000513389,2502412,0
43.0134,38,43013314419,73000,1
43.0134,32,43013314419,73000,1
43.0186,36,43018490431,73000,1
43.0186,35,43018490431,73000,1
43.0236,36,43021109437,2502412,0
43.0261,38,43023639443,2502412,0
43.0287,38,43026168855,2502412,0
43.034,38,43031541273,2502412,0
43.0392,36,43036681285,2502412,0
43.0418,38,43039282291,2502412,0
43.047,36,43046952309,73000,1
43.0495,34,43047023309,2502412,0
43.0547,38,43054631327,73000,1
43.0599,34,43059798339,73000,1
43.0599,38,43059798339,73000,1
43.0627,34,43062595345,73000,1
43.0653,34,43065276351,73000,1
43.0706,36,43070549363,73000,1
43.0706,34,43070549363,73000,1
43.0787,32,43078620787,73000,1
43.0812,38,43078691787,2502412,0
43.0837,38,43081230199,2502412,0
43.089,38,43086504211,2502412,0
43.0941,39,43091564223,2502412,0
43.0967,38,43094165229,2502412,0
43.0968,36,43096704235,73000,1
43.1022,38,43102084247,73000,1
43.1022,39,43102084247,73000,1
43.1173,36,43114823277,2502412,0
43.1174,39,43117353283,73000,1
43.1305,36,43130423313,73000,1
43.1305,35,43130423313,73000,1
43.1383,38,43138191331,73000,1
43.146,36,43145924349,73000,1
43.1485,34,43146004349,2502412,0
43.1486,34,43148542761,73000,1
43.1537,37,43151153361,2502412,0
43.164,32,43163928391,73000,1
43.1641,37,43163999391,73000,1
43.1667,34,43164168391,2502412,0
43.1692,37,43166698397,2502412,0
43.1796,36,43177130827,2502412,0
43.1822,34,43179678833,2502412,0
43.1872,39,43184738845,2502412,0
43.1874,38,43187277851,73000,1
43.1874,37,43187348851,73000,1
43.1925,34,43189949857,2502412,0
43.1926,38,43192479863,73000,1
43.1976,36,43195080869,2502412,0
43.2028,39,43202679887,73000,1
43.2078,37,43205280893,2502412,0
43.2103,36,43207828899,2502412,0
43.213,37,43212888911,73000,1
43.213,34,43212888911,73000,1
43.2131,36,43213048911,73000,1
43.2156,37,43213137911,2502412,0
43.2234,37,43223346935,73000,1
43.2234,39,43223346935,73000,1
43.2365,39,43233957959,2502412,0
43.239,36,43236487965,2502412,0
43.2391,39,43239017971,73000,1
43.2416,34,43239088971,2502412,0
43.2417,36,43241618977,73000,1
43.2467,34,43244228983,2502412,0
43.257,34,43256915013,73000,1
43.257,33,43256915013,73000,1
43.2595,37,43256986013,2502412,0
43.2596,34,43259543019,73000,1
43.2623,39,43259792019,2502412,0
43.2624,37,43262322025,73000,1
43.2675,36,43265021031,2502412,0
43.2701,39,43267560037,2502412,0
43.2726,34,43270090043,2502412,0
43.2727,34,43272619455,73000,1
43.2777,36,43275230055,2502412,0
43.2831,39,43280630067,2502412,0
43.2859,36,43285779079,73000,1
43.2935,39,43293440097,73000,1
43.2987,36,43298580109,73000,1
43.3062,37,43303711121,2502412,0
43.3088,34,43306250127,2502412,0
43.3139,37,43313876145,73000,1
43.3139,39,43313876145,73000,1
43.3242,33,43324094169,73000,1
43.3242,34,43324165169,73000,1
43.3242,36,43324165169,73000,1
43.3268,37,43324299169,2502412,0
43.3293,38,43326829175,2502412,0
43.3295,37,43329439181,73000,1
43.3297,37,43329581181,73000,1
43.3322,38,43329741181,2502412,0
43.3378,38,43337733199,73000,1
43.3404,39,43340352205,73000,1
43.3429,34,43340432205,2502412,0
43.3456,37,43345501217,73000,1
43.3533,34,43353260235,73000,1
43.3559,38,43353438235,2502412,0
43.3585,34,43355968241,2502412,0
43.3612,38,43361126253,73000,1
43.3613,34,43361206253,73000,1
43.3791,33,43376627289,2502412,0
43.3896,34,43387060313,2502412,0
43.3921,38,43389599319,2502412,0
43.4049,34,43404806355,73000,1
43.4049,33,43404806355,73000,1
43.4099,36,43407407361,2502412,0
43.4125,38,43412467373,73000,1
43.415,33,43412547373,2502412,0
43.4153,37,43415246379,73000,1
43.4155,36,43415415379,73000,1
43.4155,38,43415415379,73000,1
43.4156,33,43415495379,73000,1
43.4307,34,43428225409,2502412,0
43.4308,39,43430755415,73000,1
43.4308,36,43430755415,73000,1
43.4333,34,43430835415,2502412,0
43.436,33,43433525421,2502412,0
43.4386,34,43436073427,2502412,0
43.4441,34,43441614845,2502412,0
43.4467,34,43444153257,2502412,0
43.4517,33,43449213269,2502412,0
43.4519,36,43451841275,73000,1
43.4546,34,43454478281,73000,1
43.4571,33,43454638281,2502412,0
43.4597,33,43457167693,2502412,0
43.46,33,43459893699,73000,1
43.4626,38,43462494705,73000,1
43.4754,34,43475286735,73000,1
43.4838,33,43483679159,73000,1
43.5042,33,43504142207,73000,1
43.5067,34,43504222207,2502412,0
43.5169,37,43514431231,2502412,0
43.5195,38,43516961237,2502412,0
43.5196,37,43519491243,73000,1
43.5248,38,43524773255,73000,1
43.5249,34,43524844255,73000,1
43.525,38,43524924255,73000,1
43.5303,37,43530224267,73000,1
43.5356,34,43535524279,73000,1
43.5614,36,43558909333,2502412,0
43.5641,36,43564067345,73000,1
43.577,38,43574481369,2502412,0
43.5822,33,43582116387,73000,1
43.5848,34,43582276387,2502412,0
43.5852,38,43585128393,73000,1
43.5928,36,43590259405,2502412,0
43.5929,38,43592789411,73000,1
43.5929,36,43592860411,73000,1
43.5929,37,43592860411,73000,1
43.593,34,43592931411,73000,1
43.6007,38,43600601429,73000,1
43.6034,34,43600868429,2502412,0
43.6059,37,43603398435,2502412,0
43.6136,36,43613536459,73000,1
43.6162,37,43616155465,73000,1
43.6162,36,43616155465,73000,1
43.6163,34,43616226465,73000,1
43.642,37,43639495519,2502412,0
43.6424,37,43642337931,73000,1
43.6425,39,43642408931,73000,1
43.6426,34,43642479931,73000,1
43.6477,38,43647637943,73000,1
43.6706,37,43668082991,2502412,0
43.6784,35,43678301015,73000,1
43.6861,37,43683592027,2502412,0
43.6915,35,43688974039,2502412,0
43.6941,35,43691584045,2502412,0
43.6943,37,43694194051,73000,1
43.6943,38,43694194051,73000,1
43.7021,34,43702033069,73000,1
43.7022,35,43702104069,73000,1
43.7023,36,43702264069,73000,1
43.7023,35,43702264069,73000,1
43.7101,39,43710023087,73000,1
43.7253,37,43722842117,2502412,0
43.738,37,43735510147,2502412,0
43.7432,37,43740650159,2502412,0
43.7537,37,43753667189,73000,1
43.7589,37,43756375195,2502412,0
43.7614,37,43758913607,2502412,0
43.7691,37,43769051631,73000,1
43.7717,35,43769193631,2502412,0
43.7719,35,43771830637,73000,1
43.7822,38,43779660655,2502412,0
43.7847,34,43782190661,2502412,0
43.7951,35,43792641091,2502412,0
43.7953,38,43795189097,73000,1
43.7953,37,43795189097,73000,1
43.798,34,43797888103,73000,1
43.8005,35,43797959103,2502412,0
43.8108,35,43810760133,73000,1
43.8134,38,43810885133,2502412,0
43.816,34,43815963145,73000,1
43.8161,32,43816043145,73000,1
43.8161,37,43816043145,73000,1
43.8238,33,43823722163,73000,1
43.8264,38,43826332169,73000,1
43.8341,38,43831614181,2502412,0
43.8368,35,43836745193,73000,1
43.8395,34,43839382199,73000,1
43.8395,38,43839462199,73000,1
43.8476,35,43847570217,73000,1
43.8477,38,43847650217,73000,1
43.8656,33,43865503259,73000,1
43.8919,37,43891783725,73000,1
43.8945,38,43894464731,73000,1
43.923,36,43920520791,2502412,0
43.9408,36,43938328833,2502412,0
43.9435,34,43943406845,73000,1
43.9487,36,43946176851,2502412,0
43.9516,35,43949099263,2502412,0
43.9543,35,43954177275,73000,1
43.962,36,43959486287,2502412,0
43.98,36,43979975335,73000,1
43.9828,35,43982683341,73000,1
43.9878,39,43985293347,2502412,0
43.9905,39,43990451359,73000,1
43.993,36,43990522359,2502412,0
43.9931,32,43993052365,73000,1
43.9985,39,43995966377,2502412,0
43.9986,32,43998496383,73000,1
44.0063,36,44006246401,73000,1
44.0115,39,44011386413,73000,1
44.0142,39,44014121419,73000,1
44.0142,38,44014121419,73000,1
44.0167,32,44014192419,2502412,0
44.0271,32,44027020449,73000,1
44.0348,36,44034690467,73000,1
44.0348,39,44034770467,73000,1
44.0425,35,44042458485,73000,1
44.0451,32,44045059491,73000,1
44.0785,32,44075955563,2502412,0
44.0836,35,44081086575,2502412,0
44.0888,32,44088712593,73000,1
44.0914,36,44088863593,2502412,0
44.0939,36,44091393005,2502412,0
44.0941,35,44094074011,73000,1
44.1046,34,44102083435,2502412,0
44.1072,34,44107143447,73000,1
44.1073,36,44107214447,73000,1
44.1099,36,44109824453,73000,1
44.1099,39,44109824453,73000,1
44.1175,32,44114964465,2502412,0
44.1176,35,44117574471,73000,1
44.1177,37,44117645471,73000,1
44.1202,34,44117716471,2502412,0
44.1253,32,44122776483,2502412,0
44.1306,34,44130491501,73000,1
44.1356,32,44133110507,2502412,0
44.1483,34,44145805537,2502412,0
44.1508,34,44148334949,2502412,0
44.1534,32,44150864955,2502412,0
44.1589,38,44158785379,73000,1
44.1614,34,44158856379,2502412,0
44.1615,32,44161386385,73000,1
44.1615,35,44161386385,73000,1
44.1641,34,44163996391,73000,1
44.1843,36,44181831433,2502412,0
44.192,32,44189492451,2502412,0
44.1921,36,44192022457,73000,1
44.1946,32,44192102457,2502412,0
44.1972,32,44197162469,73000,1
44.2003,34,44200209881,73000,1
44.203,32,44202935887,73000,1
44.2031,36,44203033887,73000,1
44.2032,34,44203104887,73000,1
44.2416,34,44241536977,73000,1
44.2441,36,44241634977,2502412,0
44.2495,36,44249393995,73000,1
44.2496,32,44249482995,73000,1
44.2546,36,44252093001,2502412,0
44.2653,36,44262757025,2502412,0
44.2705,35,44270418043,73000,1
44.2858,36,44283308073,2502412,0
44.291,36,44290925091,73000,1
44.3117,32,44311647545,73000,1
44.3117,36,44311647545,73000,1
44.3118,38,44311718545,73000,1
44.3119,35,44311798545,73000,1
44.3299,36,44329855587,73000,1
44.3479,39,44347832629,73000,1
44.3531,38,44350593635,2502412,0
44.3532,38,44353132047,73000,1
44.3689,38,44366362671,2502412,0
44.369,36,44368892677,73000,1
44.3715,38,44368963677,2502412,0
44.3765,37,44374032689,2502412,0
44.3843,38,44384268713,73000,1
44.3945,37,44392000731,2502412,0
44.3996,37,44397087743,2502412,0
44.3997,37,44399617155,73000,1
44.3997,33,44399617749,73000,1
44.4178,37,44417765197,73000,1
44.4203,38,44417845197,2502412,0
44.4231,38,44422994209,73000,1
44.4332,38,44430744227,2502412,0
44.4386,38,44438575245,73000,1
44.4592,34,44456659287,2502412,0
44.4646,37,44464571305,73000,1
44.4672,38,44464651305,2502412,0
44.475,34,44474878329,73000,1
44.4801,38,44477568335,2502412,0
44.4802,37,44480098341,73000,1
44.4828,38,44482708347,73000,1
44.4905,38,44490458365,73000,1
44.5035,34,44500969389,2502412,0
44.5191,34,44516630831,2502412,0
44.5193,34,44519178243,73000,1
44.5319,32,44529387861,2502412,0
44.5322,32,44532113867,73000,1
44.5349,34,44534803873,73000,1
44.5401,36,44537564879,2502412,0
44.5428,36,44542704891,73000,1
44.5429,38,44542784891,73000,1
44.5454,36,44542855891,2502412,0
44.5455,36,44545385303,73000,1
44.5455,32,44545465897,73000,1
44.5582,36,44555665921,2502412,0
44.5637,36,44563657939,73000,1
44.569,34,44568940951,73000,1
44.5742,36,44571737957,2502412,0
44.5845,36,44582017981,2502412,0
44.5898,39,44589705999,73000,1
44.5924,32,44592325005,73000,1
44.5925,36,44592405005,73000,1
44.595,36,44592547005,2502412,0
44.5952,34,44595148011,73000,1
44.6006,36,44600546023,73000,1
44.6006,38,44600546023,73000,1
44.6059,37,44605802035,73000,1
44.6117,36,44611636453,73000,1
44.6172,36,44617149465,73000,1
44.62,36,44619901471,73000,1
44.6483,39,44648257537,73000,1
44.6509,32,44650876543,73000,1
44.6926,38,44692524639,73000,1
44.7007,35,44700656657,73000,1
44.7193,38,44719231105,73000,1
44.7218,32,44719302105,2502412,0
44.7273,32,44727274123,73000,1
44.7401,33,44740031153,73000,1
44.7528,32,44750311177,2502412,0
44.7529,33,44752859183,73000,1
44.7582,32,44758097195,73000,1
44.7715,33,44771460225,73000,1
44.782,34,44781900249,73000,1
44.782,32,44781900249,73000,1
44.7873,32,44787254261,73000,1
44.7874,36,44787334261,73000,1
44.8108,33,44810727315,73000,1
44.8319,39,44829354763,2502412,0
44.8398,39,44839723787,73000,1
44.8451,39,44845076799,73000,1
44.8553,32,44852808817,2502412,0
44.8681,33,44865627847,2502412,0
44.8682,33,44868157259,73000,1
44.8682,32,44868157853,73000,1
44.8764,32,44876300871,73000,1
44.8891,39,44886607895,2502412,0
44.8918,33,44891747907,73000,1
44.8996,39,44899497925,73000,1
44.9025,32,44902409931,73000,1
44.9076,37,44905081937,2502412,0
44.9157,37,44915612367,73000,1
44.9184,39,44918329373,73000,1
44.9263,34,44926248391,73000,1
44.9264,36,44926319391,73000,1
44.9265,37,44926399391,73000,1
44.9366,33,44934060409,2502412,0
44.9368,32,44936741415,73000,1
44.9419,33,44939422421,2502412,0
44.9522,37,44952135451,73000,1
44.9523,33,44952206451,73000,1
44.9523,32,44952206451,73000,1
44.9652,39,44965141481,73000,1
44.9703,33,44970272493,73000,1
44.9808,37,44978344511,2502412,0
44.9912,39,44991101541,73000,1
44.9913,37,44991199541,73000,1
45.0093,37,45006753577,2502412,0
45.0144,37,45011849589,2502412,0
45.017,33,45014450595,2502412,0
45.0224,37,45019930013,2502412,0
45.0225,37,45022459425,73000,1
45.0277,33,45025177025,2502412,0
45.0303,37,45030255037,73000,1
45.0304,33,45030326037,73000,1
45.0356,33,45035546049,73000,1
45.0434,37,45043314067,73000,1
45.0637,38,45061229109,2502412,0
45.0663,37,45063839115,2502412,0
45.0714,33,45068908127,2502412,0
45.0715,37,45071438133,73000,1
45.0716,38,45071518133,73000,1
45.0717,33,45071589133,73000,1
45.0799,33,45079812151,73000,1
45.085,38,45082493157,2502412,0
45.0928,37,45092729181,73000,1
45.1005,38,45100470199,73000,1
45.1005,37,45100470199,73000,1
45.1032,33,45103080205,73000,1
45.1032,38,45103160205,73000,1
45.1191,35,45118999241,73000,1
45.1373,39,45134820683,2502412,0
45.1375,39,45137439689,73000,1
45.1426,38,45140058695,2502412,0
45.1451,39,45142588701,2502412,0
45.1578,37,45155309731,2502412,0
45.1579,38,45157839737,73000,1
45.1605,38,45160440743,73000,1
45.1606,39,45160529743,73000,1
45.1657,37,45163228749,2502412,0
45.1658,37,45165758161,73000,1
45.1685,37,45168377761,73000,1
45.1817,39,45181580791,73000,1
45.1893,38,45186827803,2502412,0
45.2022,38,45202132839,73000,1
45.2023,37,45202203839,73000,1
45.2126,33,45212519863,73000,1
45.2127,38,45212590863,73000,1
45.2128,39,45212688863,73000,1
45.2489,32,45246372347,2502412,0
45.254,32,45253971365,73000,1
45.2693,32,45266781395,2502412,0
45.2744,38,45271850407,2502412,0
45.2745,32,45274460413,73000,1
45.2746,38,45274531413,73000,1
45.2881,38,45285568437,2502412,0
45.296,38,45293531455,2502412,0
45.3037,32,45301148473,2502412,0
45.3063,37,45306217485,73000,1
45.3088,33,45306306485,2502412,0
45.309,39,45308907491,73000,1
45.3115,38,45308987491,2502412,0
45.3166,32,45314145503,2502412,0
45.3193,38,45319214515,73000,1
45.3193,33,45319214515,73000,1
45.3218,39,45319294515,2502412,0
45.3219,39,45321832927,73000,1
45.3221,32,45321993521,73000,1
45.3221,38,45322064521,73000,1
45.3277,33,45327596939,73000,1
45.3329,33,45332852951,73000,1
45.3381,37,45337992963,73000,1
45.3382,38,45338134963,73000,1
45.3432,32,45340735969,2502412,0
45.3459,39,45345804981,73000,1
45.3535,32,45350953993,2502412,0
45.3587,32,45358580011,73000,1
45.3689,33,45366366029,2502412,0
45.3765,32,45374010047,2502412,0
45.3791,33,45379070059,73000,1
45.3818,32,45381680065,73000,1
45.3898,33,45389761083,73000,1
45.3901,39,45389983083,73000,1
45.4078,39,45405261119,2502412,0
45.4103,33,45407800125,2502412,0
45.4104,37,45410330131,73000,1
45.413,32,45412949137,73000,1
45.4155,39,45413020137,2502412,0
45.4206,39,45418098149,2502412,0
45.4233,33,45423238161,73000,1
45.4287,39,45426150167,2502412,0
45.4315,39,45428993173,2502412,0
45.4341,33,45434062185,73000,1
45.4342,38,45434142185,73000,1
45.4444,35,45441945203,2502412,0
45.4446,35,45444555209,73000,1
45.4497,39,45447156215,2502412,0
45.4498,33,45449686221,73000,1
45.4575,39,45457418239,73000,1
45.4627,35,45462629251,73000,1
45.4652,32,45462700251,2502412,0
45.468,32,45467894263,73000,1
45.4705,39,45468019263,2502412,0
45.4809,39,45480803293,73000,1
45.4809,35,45480803293,73000,1
45.4891,32,45486550305,2502412,0
45.4916,32,45489088717,2502412,0
45.497,39,45496927735,73000,1
45.4995,32,45496998735,2502412,0
45.5148,32,45512267771,2502412,0
45.5224,32,45519893789,2502412,0
45.5276,32,45527572807,73000,1
45.5277,39,45527652807,73000,1
45.5279,32,45527821807,73000,1
45.5334,33,45533354225,73000,1
45.5361,33,45536035231,73000,1
45.5487,35,45546235255,2502412,0
45.5666,35,45564123297,2502412,0
45.5668,32,45566733303,73000,1
45.5696,35,45569495309,73000,1
45.5823,35,45579784333,2502412,0
45.5902,35,45587687351,2502412,0
45.6004,35,45597896375,2502412,0
45.6056,35,45603134387,2502412,0
45.6208,35,45618332423,2502412,0
45.6235,35,45623401435,73000,1
45.6312,39,45628657447,2502412,0
45.6341,38,45634056865,73000,1
45.6417,39,45639205877,2502412,0
45.6443,39,45641842883,2502412,0
45.6495,35,45647009895,2502412,0
45.6572,35,45657129919,73000,1
45.6572,39,45657129919,73000,1
45.6777,39,45675222961,2502412,0
45.6828,35,45680282973,2502412,0
45.6933,35,45693273003,73000,1
45.6933,39,45693273003,73000,1
45.6933,38,45693273003,73000,1
45.701,32,45698520015,2502412,0
45.7063,32,45703793027,2502412,0
45.7114,35,45708942039,2502412,0
45.7141,35,45714011051,73000,1
45.7217,32,45719231063,2502412,0
45.7219,39,45721841069,73000,1
45.722,32,45721912069,73000,1
45.7221,39,45722001069,73000,1
45.7273,32,45727212081,73000,1
45.7354,35,45735301505,73000,1
45.7587,39,45758650559,73000,1
45.769,33,45768939583,73000,1
45.769,32,45768939583,73000,1
45.7846,35,45784511619,73000,1
45.7873,34,45784751619,2502412,0
45.8005,34,45800378655,73000,1
45.8131,36,45810569679,2502412,0
45.8157,36,45815656691,73000,1
45.8338,36,45833766733,73000,1
45.8338,34,45833766733,73000,1
45.8519,36,45849437175,2502412,0
45.8546,36,45854515187,73000,1
45.865,34,45864893211,73000,1
45.8675,38,45864973211,2502412,0
45.8727,38,45870211223,2502412,0
45.8755,36,45875387235,73000,1
45.8781,38,45878006241,73000,1
45.8831,32,45880634247,2502412,0
45.896,32,45893524277,2502412,0
45.8989,36,45896375689,2502412,0
45.9066,35,45906531713,73000,1
45.9091,38,45906602713,2502412,0
45.9117,32,45911662725,73000,1
45.9169,38,45916811737,73000,1
45.9169,36,45916811737,73000,1
45.9246,35,45924570755,73000,1
45.9247,32,45924650755,73000,1
45.9374,34,45934868779,2502412,0
45.9375,38,45937398785,73000,1
45.9429,34,45942842203,73000,1
45.9454,36,45942913203,2502412,0
45.9479,36,45945442615,2502412,0
45.9481,36,45948043621,73000,1
45.9558,34,45953299633,2502412,0
45.9585,39,45958439645,73000,1
45.9612,36,45961147651,73000,1
45.9613,32,45961227651,73000,1
45.9614,34,45961316651,73000,1
45.9718,38,45971685675,73000,1
45.9795,34,45979426693,73000,1
45.9795,35,45979426693,73000,1
45.9923,34,45989840717,2502412,0
46.0028,34,46000300741,2502412,0
46.0055,34,46002972747,2502412,0
46.0056,36,46005511753,73000,1
46.0108,34,46008281759,2502412,0
46.0185,34,46015978777,2502412,0
46.0314,39,46028877807,2502412,0
46.0315,34,46031416813,73000,1
46.0416,32,46039095831,2502412,0
46.042,32,46041938837,73000,1
46.0421,34,46042045837,73000,1
46.0422,39,46042116837,73000,1
46.0525,34,46049964855,2502412,0
46.0678,34,46065251891,2502412,0
46.0679,32,46067870897,73000,1
46.0704,39,46067941897,2502412,0
46.0705,39,46070471309,73000,1
46.0732,34,46073081909,73000,1
46.0758,38,46075753915,73000,1
46.0837,39,46083654933,73000,1
46.0992,34,46096660963,2502412,0
46.1072,34,46107111393,73000,1
46.1097,39,46107182393,2502412,0
46.1147,32,46112242405,2502412,0
46.1173,39,46114781411,2502412,0
46.1174,34,46117311417,73000,1
46.1199,36,46117409417,2502412,0
46.1275,39,46125008435,2502412,0
46.1351,36,46132607453,2502412,0
46.1352,32,46135137459,73000,1
46.1404,36,46140277471,73000,1
46.1404,39,46140277471,73000,1
46.1609,32,46158406919,2502412,0
46.161,32,46160945331,73000,1
46.1611,39,46161016925,73000,1
46.1612,36,46161096925,73000,1
46.1715,36,46168997943,2502412,0
46.1816,32,46179126967,2502412,0
46.1843,36,46181781973,2502412,0
46.1868,36,46184329385,2502412,0
46.1894,34,46186868391,2502412,0
46.1895,34,46189397803,73000,1
46.1895,36,46189398397,73000,1
46.192,32,46189469397,2502412,0
46.197,32,46194529409,2502412,0
46.1971,32,46197058821,73000,1
46.1971,34,46197059415,73000,1
46.2051,36,46205051433,73000,1
46.2103,38,46210191445,73000,1
46.2129,39,46212810451,73000,1
46.2129,32,46212810451,73000,1
46.2231,33,46220587469,2502412,0
46.2257,33,46223215475,2502412,0
46.2309,33,46230805493,73000,1
46.2309,35,46230805493,73000,1
46.2309,34,46230876493,73000,1
46.2387,32,46238617511,73000,1
46.2516,39,46249129941,2502412,0
46.2542,34,46251677947,2502412,0
46.2543,34,46254207359,73000,1
46.2543,39,46254207953,73000,1
46.2569,36,46256835959,73000,1
46.257,33,46256933959,73000,1
46.2571,39,46257075959,73000,1
46.2675,34,46267462983,73000,1
46.2726,36,46270143989,2502412,0
46.2753,36,46275204001,73000,1
46.2932,34,46290678037,2502412,0
46.2934,34,46293350043,73000,1
46.2934,33,46293350043,73000,1
46.2934,36,46293350043,73000,1
46.2961,34,46293572043,2502412,0
46.3039,39,46301367061,2502412,0
46.3067,34,46304209473,2502412,0
46.3093,36,46306828479,2502412,0
46.3196,34,46319505509,73000,1
46.3196,39,46319505509,73000,1
46.3196,32,46319505509,73000,1
46.3223,39,46322186515,73000,1
46.3223,38,46322186515,73000,1
46.3273,36,46324796521,2502412,0
46.3452,36,46345081569,73000,1
46.3531,36,46350560987,2502412,0
46.3532,34,46353090993,73000,1
46.3634,36,46363327017,73000,1
46.3659,37,46363407017,2502412,0
46.3711,37,46371006035,73000,1
46.3788,39,46376262047,2502412,0
46.3814,37,46378881053,2502412,0
46.3867,37,46386587071,73000,1
46.3867,39,46386658071,73000,1
46.3918,36,46389259077,2502412,0
46.4046,36,46404573113,73000,1
46.4071,37,46404644113,2502412,0
46.4076,33,46407486525,73000,1
46.4076,34,46407486525,73000,1
46.4077,37,46407664525,73000,1
46.4078,34,46407753525,73000,1
46.4079,39,46407824525,73000,1
46.4183,33,46415779543,2502412,0
46.4208,33,46418317955,2502412,0
46.4209,37,46420847961,73000,1
46.4235,36,46423448967,73000,1
46.4363,33,46436258997,73000,1
46.4414,36,46438931003,2502412,0
46.4492,39,46449087027,73000,1
46.4517,36,46449158027,2502412,0
46.4598,36,46457257045,2502412,0
46.4701,33,46470067075,73000,1
46.4753,37,46475207087,73000,1
46.4778,36,46475278087,2502412,0
46.4882,38,46488133117,73000,1
46.4907,36,46488204117,2502412,0
46.4933,34,46490823123,2502412,0
46.4934,32,46493353129,73000,1
46.4986,34,46498520141,73000,1
46.4986,33,46498520141,73000,1
46.4987,36,46498591141,73000,1
46.522,39,46519518189,2502412,0
46.5273,36,46527259207,73000,1
46.5298,34,46527330207,2502412,0
46.5324,33,46529869213,2502412,0
46.535,34,46534938225,73000,1
46.535,39,46534938225,73000,1
46.5375,33,46535009225,2502412,0
46.5428,33,46542679243,73000,1
46.5453,37,46542750243,2502412,0
46.5479,37,46545360249,2502412,0
46.5504,39,46547890255,2502412,0
46.5505,34,46550420261,73000,1
46.553,39,46550500261,2502412,0
46.5585,39,46555973009,2502412,0
46.5586,37,46558503015,73000,1
46.5611,39,46558574015,2502412,0
46.5663,34,46566262033,73000,1
46.5739,39,46571411045,2502412,0
46.574,33,46573968051,73000,1
46.5768,39,46576747057,73000,1
46.582,36,46581896069,73000,1
46.582,39,46581896069,73000,1
46.582,37,46581967069,73000,1
46.5975,33,46597459105,73000,1
46.6029,39,46602786117,73000,1
46.6216,34,46619088153,2502412,0
46.6267,37,46624148165,2502412,0
46.6394,37,46636914195,2502412,0
46.6445,34,46641983207,2502412,0
46.6547,33,46652157231,2502412,0
46.66,37,46657538649,2502412,0
46.6626,33,46660068655,2502412,0
46.6627,33,46662598067,73000,1
46.6627,37,46662598661,73000,1
46.6652,34,46662669661,2502412,0
46.6704,34,46667880673,2502412,0
46.6756,35,46675506691,73000,1
46.6757,36,46675586691,73000,1
46.6833,34,46680797703,2502412,0
46.6861,33,46685999715,73000,1
46.6911,34,46688600721,2502412,0
46.6938,35,46693740733,73000,1
46.6939,37,46693811733,73000,1
46.6965,34,46694024733,2502412,0
46.7143,35,46711761775,2502412,0
46.7171,34,46714604187,2502412,0
46.7222,35,46719664199,2502412,0
46.7272,34,46724742211,2502412,0
46.7298,39,46727290217,2502412,0
46.7349,39,46732368229,2502412,0
46.735,34,46734898235,73000,1
46.735,35,46734898235,73000,1
46.7376,39,46737517241,73000,1
46.7502,37,46747735265,2502412,0
46.7504,34,46750283271,73000,1
46.7505,35,46750381271,73000,1
46.7505,37,46750452271,73000,1
46.7505,33,46750452271,73000,1
46.7534,37,46753320277,73000,1
46.7559,39,46753391277,2502412,0
46.7587,39,46756241283,2502412,0
46.7617,39,46761623295,73000,1
46.7719,39,46769373313,2502412,0
46.7745,39,46774451325,73000,1
46.7822,33,46782175343,73000,1
46.7824,34,46782326343,73000,1
46.7849,35,46782397343,2502412,0
46.7901,37,46790058361,73000,1
46.7927,35,46792668367,73000,1
46.7954,35,46795278373,73000,1
46.8005,39,46797959379,2502412,0
46.8006,39,46800488791,73000,1
46.8006,37,46800489385,73000,1
46.8057,34,46803188391,2502412,0
46.8082,39,46805718397,2502412,0
46.8213,39,46818797427,2502412,0
46.8215,39,46821398433,73000,1
46.8215,34,46821398433,73000,1
46.8419,39,46841790481,73000,1
46.8419,34,46841861481,73000,1
46.865,35,46862511935,2502412,0
46.8676,37,46865068941,2502412,0
46.8677,39,46867607947,73000,1
46.8727,35,46870208953,2502412,0
46.8779,35,46877825971,73000,1
46.8804,37,46877896971,2502412,0
46.8829,37,46880444383,2502412,0
46.8856,34,46885513395,73000,1
46.8857,36,46885584395,73000,1
46.8958,37,46893272413,2502412,0
46.9112,37,46911169455,73000,1
46.9137,35,46911240455,2502412,0
46.9138,35,46913769867,73000,1
46.9244,35,46924301485,73000,1
46.9245,32,46924452485,73000,1
46.9245,35,46924452485,73000,1
46.9296,37,46927071491,2502412,0
46.9297,37,46929600903,73000,1
46.9398,37,46937280515,2502412,0
46.95,37,46947481539,2502412,0
46.9604,37,46960336569,73000,1
46.9711,37,46971053999,73000,1
46.9763,39,46973789005,2502412,0
46.9841,34,46981548023,2502412,0
46.9917,34,46989156041,2502412,0
46.9918,38,46991686047,73000,1
46.9943,39,46991766047,2502412,0
46.9968,37,46994314053,2502412,0
46.9969,38,46996853059,73000,1
46.9995,39,46997004059,2502412,0
46.9997,34,46999614065,73000,1
47.0023,38,46999756065,2502412,0
47.0074,37,47004896077,2502412,0
47.0076,39,47007515083,73000,1
47.0077,32,47007595083,73000,1
47.0127,34,47010196089,2502412,0
47.0128,38,47012726095,73000,1
47.0128,39,47012726095,73000,1
47.0129,37,47012815095,73000,1
47.013,35,47012904095,73000,1
47.013,38,47012975095,73000,1
47.0155,39,47013046095,2502412,0
47.0212,34,47021109113,73000,1
47.0263,33,47023781119,2502412,0
47.0264,38,47026320125,73000,1
47.0265,33,47026391125,73000,1
47.0266,39,47026533125,73000,1
47.0292,39,47029152131,73000,1
47.0294,34,47029312131,73000,1
47.0347,33,47034603143,73000,1
47.0347,37,47034603143,73000,1
47.0449,33,47044812167,73000,1
47.0477,37,47047600173,73000,1
47.0502,34,47047680173,2502412,0
47.0553,34,47052820185,2502412,0
47.0654,34,47062940209,2502412,0
47.0709,34,47068384221,2502412,0
47.076,34,47075974239,73000,1
47.0914,39,47088927269,2502412,0
47.094,34,47091466275,2502412,0
47.0966,39,47096526287,73000,1
47.0994,34,47099287293,73000,1
47.0994,35,47099287293,73000,1
47.0995,33,47099465293,73000,1
47.1173,34,47114823329,2502412,0
47.1174,34,47117352741,73000,1
47.12,39,47119963341,73000,1
47.1201,34,47120034341,73000,1
47.1226,38,47120105341,2502412,0
47.1252,38,47122652753,2502412,0
47.1281,35,47128025171,73000,1
47.1331,39,47130635177,2502412,0
47.1433,38,47140773201,2502412,0
47.1484,34,47148372219,73000,1
47.1536,39,47151053225,2502412,0
47.1586,36,47156113237,2502412,0
47.1637,38,47161191249,2502412,0
47.1663,39,47163748255,2502412,0
47.1664,36,47166296261,73000,1
47.1693,32,47169209673,73000,1
47.1718,39,47169289673,2502412,0
47.1744,38,47174376685,73000,1
47.1745,37,47174447685,73000,1
47.1821,39,47179578697,2502412,0
47.1872,32,47184647709,2502412,0
47.1973,38,47194767733,2502412,0
47.1999,32,47199845745,73000,1
47.1999,36,47199845745,73000,1
47.2026,38,47202526751,73000,1
47.2026,39,47202526751,73000,1
47.2027,34,47202642751,73000,1
47.2054,32,47205350757,73000,1
47.2055,38,47205448757,73000,1
47.2056,32,47205528757,73000,1
47.2185,36,47218392787,73000,1
47.221,39,47218463787,2502412,0
47.2236,33,47223532799,73000,1
47.2316,39,47231524817,73000,1
47.2521,36,47252032865,73000,1
47.2648,39,47262303889,2502412,0
47.2674,38,47267363901,73000,1
47.2699,39,47267434901,2502412,0
47.2728,39,47270304907,2502412,0
47.2805,39,47278045925,2502412,0
47.2831,39,47280575337,2502412,0
47.2882,34,47285662349,2502412,0
47.2959,34,47295791373,73000,1
47.296,39,47295951373,73000,1
47.3063,34,47306258397,73000,1
47.3063,39,47306258397,73000,1
47.3166,32,47316565421,73000,1
47.3399,39,47337439469,2502412,0
47.3425,38,47339969475,2502412,0
47.345,39,47342499481,2502412,0
47.3526,38,47350107499,2502412,0
47.3577,39,47355176511,2502412,0
47.3578,39,47357714923,73000,1
47.3655,38,47363033529,2502412,0
47.3708,34,47370765547,73000,1
47.3763,38,47376235965,73000,1
47.3891,39,47389063995,73000,1
47.4018,34,47399291019,2502412,0
47.4044,38,47401910025,2502412,0
47.4095,39,47406988037,2502412,0
47.412,34,47409518043,2502412,0
47.4171,38,47414596055,2502412,0
47.4172,38,47417125467,73000,1
47.4172,37,47417126061,73000,1
47.4222,34,47419736067,2502412,0
47.4224,38,47422337073,73000,1
47.4226,34,47422488073,73000,1
47.4251,39,47422559073,2502412,0
47.4307,33,47430622091,73000,1
47.4308,39,47430702091,73000,1
47.4464,38,47446300127,73000,1
47.4464,34,47446300127,73000,1
47.4617,39,47459164157,2502412,0
47.4718,34,47469320181,2502412,0
47.4798,34,47477249605,2502412,0
47.4799,39,47479779611,73000,1
47.4799,36,47479779611,73000,1
47.4901,34,47490059635,73000,1
47.4901,37,47490059635,73000,1
47.5157,39,47515582695,73000,1
47.5207,34,47518201701,2502412,0
47.5259,34,47525791719,73000,1
47.5467,34,47546621767,73000,1
47.5519,39,47549400773,2502412,0
47.5646,34,47562086803,2502412,0
47.5647,32,47564616809,73000,1
47.5647,38,47564616809,73000,1
47.5648,39,47564687809,73000,1
47.5648,34,47564758809,73000,1
47.5699,34,47567386815,2502412,0
47.5726,34,47570058821,2502412,0
47.5856,34,47585560263,73000,1
47.5856,39,47585560263,73000,1
47.6037,34,47603608305,73000,1
47.6167,39,47614200329,2502412,0
47.6243,39,47621844347,2502412,0
47.6244,39,47624373759,73000,1
47.6603,39,47657836431,2502412,0
47.6604,34,47660366437,73000,1
47.663,39,47662976443,73000,1
47.6632,36,47663127443,73000,1
47.6943,39,47694244921,73000,1
47.7512,39,47751091053,73000,1
47.774,38,47771527101,2502412,0
47.7767,38,47776667113,73000,1
47.7767,39,47776667113,73000,1
47.7922,34,47789709549,2502412,0
47.7947,34,47792238961,2502412,0
47.8074,35,47804915991,2502412,0
47.8075,35,47807445403,73000,1
47.8151,34,47812595009,2502412,0
47.8152,38,47815134015,73000,1
47.8178,34,47817744021,73000,1
47.8256,35,47825485039,73000,1
47.8256,34,47825485039,73000,1
47.8413,34,47841183075,73000,1
47.8542,38,47854145105,73000,1
47.867,35,47864488129,2502412,0
47.8697,35,47869628141,73000,1
47.8724,35,47872327147,73000,1
47.8777,34,47875150153,2502412,0
47.8886,34,47886062583,2502412,0
47.8911,32,47888592589,2502412,0
47.8937,34,47893652601,73000,1
47.9039,39,47901411619,2502412,0
47.914,32,47911540643,2502412,0
47.9167,32,47914159649,2502412,0
47.9168,32,47916689061,73000,1
47.9168,39,47916689655,73000,1
47.9218,34,47919308661,2502412,0
47.927,35,47924466673,2502412,0
47.9322,32,47932136691,73000,1
47.9372,35,47934737697,2502412,0
47.9399,34,47939797709,73000,1
47.9453,35,47945259721,73000,1
47.9504,39,47947931727,2502412,0
47.9632,32,47960661757,2502412,0
47.9633,39,47963200763,73000,1
47.9659,32,47965810769,73000,1
47.9735,32,47970959781,2502412,0
47.976,32,47973498193,2502412,0
47.9761,32,47976027605,73000,1
47.9761,34,47976028199,73000,1
47.9788,38,47978700205,73000,1
47.9788,39,47978700205,73000,1
47.9838,32,47981319211,2502412,0
47.9839,32,47983848623,73000,1
47.9864,35,47983920217,2502412,0
47.989,35,47986449629,2502412,0
47.9919,35,47991822641,73000,1
47.9945,39,47994459647,73000,1
47.9947,32,47994610647,73000,1
48.0049,34,48002360665,2502412,0
48.0151,35,48012587689,2502412,0
48.0202,35,48017647701,2502412,0
48.0203,34,48020266707,73000,1
48.0254,32,48022876713,2502412,0
48.0279,32,48025406125,2502412,0
48.0281,32,48028034131,73000,1
48.0282,35,48028105131,73000,1
48.0334,35,48033325143,73000,1
48.0335,32,48033432143,73000,1
48.0335,34,48033432143,73000,1
48.0387,34,48038581155,73000,1
48.0544,32,48054342191,73000,1
48.0748,38,48072346233,2502412,0
48.0824,38,48079945251,2502412,0
48.085,38,48082492663,2502412,0
48.098,35,48095482099,2502412,0
48.1005,37,48098012105,2502412,0
48.1006,35,48100542111,73000,1
48.1032,38,48103170117,73000,1
48.1033,37,48103259117,73000,1
48.111,37,48108479129,2502412,0
48.1211,39,48118617153,2502412,0
48.1237,39,48121227159,2502412,0
48.1238,39,48123756571,73000,1
48.1238,35,48123757165,73000,1
48.1315,37,48131436183,73000,1
48.1392,38,48139142201,73000,1
48.1443,39,48141752207,2502412,0
48.1473,33,48147250003,73000,1
48.1473,35,48147250003,73000,1
48.1498,37,48147321003,2502412,0
48.1524,37,48149850415,2502412,0
48.1525,39,48152407421,73000,1
48.1525,32,48152407421,73000,1
48.1526,38,48152496421,73000,1
48.1577,37,48157636433,73000,1
48.1629,39,48162856445,73000,1
48.1655,34,48163007445,2502412,0
48.1734,34,48173350469,73000,1
48.1736,39,48173492469,73000,1
48.1736,34,48173492469,73000,1
48.1736,37,48173563469,73000,1
48.1737,34,48173652469,73000,1
48.1915,37,48189019505,2502412,0
48.1944,38,48191862511,2502412,0
48.1945,35,48194437517,73000,1
48.1998,38,48199684529,73000,1
48.1998,37,48199684529,73000,1
48.1999,38,48199835529,73000,1
48.2052,38,48202694535,2502412,0
48.2078,32,48207754547,73000,1
48.2078,35,48207754547,73000,1
48.2131,34,48213027559,73000,1
48.2132,38,48213125559,73000,1
48.2133,37,48213267559,73000,1
48.2186,38,48216108565,2502412,0
48.2265,38,48224036583,2502412,0
48.2266,37,48226575589,73000,1
48.2421,38,48242013625,73000,1
48.2553,38,48255261655,73000,1
48.263,39,48262922673,73000,1
48.2734,38,48273283697,73000,1
48.2836,32,48281051715,2502412,0
48.2862,32,48286129727,73000,1
48.3147,37,48314646199,73000,1
48.3173,32,48317247205,73000,1
48.3301,38,48327554229,2502412,0
48.3327,34,48332632241,73000,1
48.3328,38,48332703241,73000,1
48.3588,38,48356249295,2502412,0
48.3742,38,48374164337,73000,1
48.3742,32,48374164337,73000,1
48.3843,38,48381834355,2502412,0
48.3895,39,48389433373,73000,1
48.4076,38,48407553821,73000,1
48.441,38,48440968899,73000,1
48.4564,32,48453921929,2502412,0
48.4594,39,48456862341,2502412,0
48.4671,39,48464621359,2502412,0
48.4698,32,48469690371,73000,1
48.4749,39,48474821383,73000,1
48.4801,38,48479997395,73000,1
48.4853,32,48485244407,73000,1
48.4854,39,48485333407,73000,1
48.4933,35,48493181425,73000,1
48.4958,36,48493252425,2502412,0
48.4984,36,48498330437,73000,1
48.5013,37,48501243849,73000,1
48.5039,32,48501394849,2502412,0
48.5064,36,48503924855,2502412,0
48.5117,36,48511603873,73000,1
48.5143,32,48511763873,2502412,0
48.5168,38,48514293879,2502412,0
48.5194,37,48516894885,2502412,0
48.5271,38,48527014909,73000,1
48.5272,32,48527094909,73000,1
48.5272,39,48527094909,73000,1
48.5297,37,48527165909,2502412,0
48.5322,38,48529695915,2502412,0
48.5324,37,48532305921,73000,1
48.5325,36,48532447921,73000,1
48.5379,37,48537800933,73000,1
48.5404,38,48537880933,2502412,0
48.5508,37,48548320957,2502412,0
48.5534,32,48550859963,2502412,0
48.5559,38,48553389969,2502412,0
48.5561,38,48555990975,73000,1
48.564,38,48563964993,73000,1
48.5665,37,48564044993,2502412,0
48.5667,32,48566645999,73000,1
48.5719,36,48571875011,73000,1
48.577,39,48574547017,2502412,0
48.5772,37,48577077023,73000,1
48.5772,32,48577077023,73000,1
48.5772,39,48577148023,73000,1
48.5848,32,48582306035,2502412,0
48.5873,32,48584835447,2502412,0
48.59,32,48589922459,73000,1
48.59,36,48589922459,73000,1
48.59,39,48589922459,73000,1
48.603,39,48602964895,73000,1
48.6109,37,48610812913,73000,1
48.6161,32,48616015925,73000,1
48.6212,38,48618732931,2502412,0
48.6238,34,48621333937,2502412,0
48.6265,39,48623952943,2502412,0
48.6291,38,48629012955,73000,1
48.6292,32,48629101955,73000,1
48.6292,34,48629172955,73000,1
48.6292,36,48629172955,73000,1
48.6344,34,48631933961,2502412,0
48.6346,39,48634543967,73000,1
48.6372,34,48637162973,73000,1
48.6372,37,48637162973,73000,1
48.6449,38,48644868991,73000,1
48.645,39,48644948991,73000,1
48.6452,32,48645126991,73000,1
48.6478,38,48647754997,73000,1
48.6481,34,48647985997,73000,1
48.6507,34,48650587003,73000,1
48.6638,36,48661260027,2502412,0
48.6689,36,48666427039,2502412,0
48.6768,36,48676743063,73000,1
48.6869,39,48684440081,2502412,0
48.6895,39,48686969493,2502412,0
48.6946,39,48694559511,73000,1
48.7048,36,48702336529,2502412,0
48.7206,36,48718051565,2502412,0
48.7207,36,48720580977,73000,1
48.7284,37,48728331589,73000,1
48.7284,39,48728331589,73000,1
48.7284,36,48728331589,73000,1
48.7519,36,48751778643,73000,1
48.765,38,48764928673,73000,1
48.7676,34,48767547679,73000,1
48.7703,33,48770228685,73000,1
48.7754,33,48772847691,2502412,0
48.7779,36,48775386697,2502412,0
48.7804,39,48777934703,2502412,0
48.7805,39,48780473115,73000,1
48.7806,36,48780544709,73000,1
48.7808,33,48780704709,73000,1
48.7888,33,48786298721,2502412,0
48.7914,39,48788899727,2502412,0
48.794,36,48793968739,73000,1
48.7967,33,48796578745,73000,1
48.7993,33,48799188751,73000,1
48.8019,39,48801860757,73000,1
48.8125,39,48812454187,73000,1
48.828,36,48827892223,73000,1
48.8485,32,48846020265,2502412,0
48.8486,34,48848550271,73000,1
48.8487,33,48848621271,73000,1
48.8513,32,48851240277,73000,1
48.859,32,48856469289,2502412,0
48.872,32,48869521319,2502412,0
48.8721,39,48872069325,73000,1
48.8824,32,48882349349,73000,1
48.8824,39,48882349349,73000,1
48.8901,32,48890019367,73000,1
48.8954,35,48895328379,73000,1
48.9031,32,48900566391,2502412,0
48.9058,32,48905724403,73000,1
48.9216,32,48921492845,73000,1
48.9241,37,48921563845,2502412,0
48.9292,32,48929153863,73000,1
48.9393,36,48936832881,2502412,0
48.947,37,48944511899,2502412,0
48.9521,36,48949571911,2502412,0
48.9522,36,48952110323,73000,1
48.9599,38,48957401929,2502412,0
48.96,33,48959931935,73000,1
48.9601,37,48960002935,73000,1
48.9706,38,48970542959,73000,1
48.9782,38,48975700971,2502412,0
48.9858,36,48983308989,2502412,0
48.9884,38,48985927995,2502412,0
48.991,36,48988467001,2502412,0
48.9937,38,48993616013,73000,1
48.9937,32,48993616013,73000,1
48.9938,37,48993687013,73000,1
48.9963,36,48993758013,2502412,0
49.0014,36,49001366031,73000,1
49.0116,36,49009116049,2502412,0
49.017,36,49014489061,2502412,0
49.0373,36,49034845109,2502412,0
49.0399,38,49037375115,2502412,0
49.0424,36,49039914121,2502412,0
49.0425,36,49042461533,73000,1
49.045,37,49042533127,2502412,0
49.0476,38,49045072133,2502412,0
49.0477,38,49047601545,73000,1
49.0527,37,49050221145,2502412,0
49.0629,37,49060386169,2502412,0
49.0655,37,49062987175,2502412,0
49.0656,37,49065516587,73000,1
49.0656,36,49065517181,73000,1
49.0683,38,49068198187,73000,1
49.0712,37,49071112193,73000,1
49.084,38,49081472217,2502412,0
49.0944,38,49094291247,73000,1
49.1122,38,49109659283,2502412,0
49.1148,37,49112287289,2502412,0
49.1176,38,49115130295,2502412,0
49.1202,36,49117669301,2502412,0
49.1279,37,49125348319,2502412,0
49.1304,36,49127878325,2502412,0
49.1305,38,49130417331,73000,1
49.1332,37,49133107337,73000,1
49.1382,36,49135708343,2502412,0
49.1409,36,49140839355,73000,1
49.1486,37,49148500373,73000,1
49.1512,36,49151110379,73000,1
49.1588,38,49156339391,2502412,0
49.159,39,49158887397,73000,1
49.1616,38,49159056397,2502412,0
49.1642,33,49161675403,2502412,0
49.1668,33,49166735415,73000,1
49.1748,38,49172304427,2502412,0
49.1773,33,49174834433,2502412,0
49.1799,38,49177373439,2502412,0
49.1824,32,49179903445,2502412,0
49.1925,33,49190032469,2502412,0
49.1926,32,49192571475,73000,1
49.1952,38,49192651475,2502412,0
49.1978,38,49197729487,73000,1
49.2004,32,49197889487,2502412,0
49.2006,33,49200490493,73000,1
49.2032,32,49200712493,2502412,0
49.2083,36,49205781505,2502412,0
49.2084,36,49208310917,73000,1
49.2084,37,49208311511,73000,1
49.2111,36,49211072517,73000,1
49.2112,32,49211152517,73000,1
49.2138,38,49213753523,73000,1
49.2369,33,49234421977,2502412,0
49.2446,32,49242109995,2502412,0
49.2471,36,49244640001,2502412,0
49.2473,33,49247188007,73000,1
49.2474,32,49247295007,73000,1
49.2524,36,49249905013,2502412,0
49.2549,32,49252435019,2502412,0
49.2575,32,49254964431,2502412,0
49.2601,38,49260024443,73000,1
49.2627,32,49262625449,73000,1
49.2627,36,49262625449,73000,1
49.2652,37,49262696449,2502412,0
49.2653,37,49265234861,73000,1
49.2681,32,49268058461,73000,1
49.2682,33,49268147461,73000,1
49.271,37,49270917467,73000,1
49.2791,36,49279007485,73000,1
49.2843,39,49284201497,73000,1
49.2843,32,49284272497,73000,1
49.2869,33,49284361497,2502412,0
49.2996,33,49297056527,2502412,0
49.3023,33,49302205539,73000,1
49.3023,37,49302205539,73000,1
49.3076,36,49307497551,73000,1
49.3154,38,49315372569,73000,1
49.3156,32,49315523569,73000,1
49.3157,33,49315665569,73000,1
49.3469,34,49346802047,73000,1
49.3649,36,49364841089,73000,1
49.3752,32,49375148113,73000,1
49.3777,33,49375219113,2502412,0
49.3857,33,49383219537,2502412,0
49.401,37,49398470573,2502412,0
49.4011,34,49401009579,73000,1
49.4061,33,49403619585,2502412,0
49.4062,37,49406149591,73000,1
49.4215,37,49419030621,2502412,0
49.4244,33,49421944627,2502412,0
49.4372,33,49437160663,73000,1
49.4398,37,49437320663,2502412,0
49.4424,39,49439859669,2502412,0
49.4503,33,49450228693,73000,1
49.4528,39,49450299693,2502412,0
49.4553,37,49452829699,2502412,0
49.4555,39,49455430705,73000,1
49.4555,36,49455430705,73000,1
49.4684,37,49468320735,73000,1
49.4735,39,49470992741,2502412,0
49.4839,39,49481425765,2502412,0
49.4915,33,49489015783,2502412,0
49.4941,33,49491554195,2502412,0
49.4993,33,49499269213,73000,1
49.4993,39,49499269213,73000,1
49.5018,37,49499340213,2502412,0
49.5045,33,49501968219,2502412,0
49.5121,33,49509585237,2502412,0
49.5122,33,49512123649,73000,1
49.5148,37,49514725249,73000,1
49.5199,39,49517371255,2502412,0
49.5307,39,49528150685,2502412,0
49.5332,33,49530680691,2502412,0
49.5384,37,49538368709,73000,1
49.5385,39,49538466709,73000,1
49.5386,33,49538546709,73000,1
49.5386,35,49538546709,73000,1
49.5438,33,49543713721,73000,1
49.5488,37,49546323727,2502412,0
49.559,35,49556452751,2502412,0
49.564,37,49561530763,2502412,0
49.5666,35,49564060769,2502412,0
49.5718,39,49571730787,73000,1
49.5743,37,49571801787,2502412,0
49.5794,38,49576870799,2502412,0
49.5848,38,49582332811,2502412,0
49.5849,35,49584862817,73000,1
49.5901,38,49587614823,2502412,0
49.5902,37,49590144829,73000,1
49.5928,38,49592745835,73000,1
49.5928,33,49592745835,73000,1
49.5953,35,49592816835,2502412,0
49.6132,35,49610713877,2502412,0
49.6234,35,49620940901,2502412,0
49.6264,35,49626322319,73000,1
49.6289,38,49626402319,2502412,0
49.629,37,49628941325,73000,1
49.6315,38,49629030325,2502412,0
49.6344,39,49634277337,73000,1
49.6395,38,49636967343,2502412,0
49.6421,35,49642027355,73000,1
49.6499,38,49647354367,2502412,0
49.6575,37,49654953385,2502412,0
49.6576,38,49657483391,73000,1
49.6655,37,49665384409,73000,1
49.6707,35,49670631421,73000,1
49.6757,38,49673241427,2502412,0
49.6783,37,49675771433,2502412,0
49.6808,33,49678301439,2502412,0
49.6833,37,49680831445,2502412,0
49.6838,37,49683682857,73000,1
49.6838,33,49683682857,73000,1
49.6965,38,49696439887,73000,1
49.6966,37,49696510887,73000,1
49.7118,33,49709338917,2502412,0
49.7195,33,49716964935,2502412,0
49.7196,32,49719521941,73000,1
49.7197,38,49719601941,73000,1
49.7248,33,49722291947,2502412,0
49.7274,33,49724892953,2502412,0
49.7305,37,49730425371,73000,1
49.733,33,49730523371,2502412,0
49.7383,39,49738193389,73000,1
49.7383,35,49738193389,73000,1
49.7383,37,49738273389,73000,1
49.741,33,49740919395,73000,1
49.7437,37,49743591401,73000,1
49.7666,38,49764098449,2502412,0
49.7691,38,49766627861,2502412,0
49.7794,33,49779322891,73000,1
49.782,38,49779473891,2502412,0
49.7845,38,49782003303,2502412,0
49.7846,38,49784532715,73000,1
49.8107,38,49808177363,2502412,0
49.8159,33,49815865381,73000,1
49.8185,38,49816007381,2502412,0
49.821,36,49818546387,2502412,0
49.8236,36,49821075799,2502412,0
49.8341,38,49834065235,73000,1
49.8366,36,49834136235,2502412,0
49.8367,36,49836665647,73000,1
49.8444,35,49841860253,2502412,0
49.8494,35,49846920265,2502412,0
49.8521,35,49852069277,73000,1
49.8521,38,49852069277,73000,1
49.8598,38,49857271289,2502412,0
49.865,38,49862518301,2502412,0
49.8677,35,49867658313,73000,1
49.8679,36,49867809313,73000,1
49.8705,38,49870410319,73000,1
49.8758,38,49875692331,73000,1
49.8914,36,49888931361,2502412,0
49.8966,35,49896557379,73000,1
49.8991,36,49896628379,2502412,0
49.9093,36,49906829403,2502412,0
49.9272,36,49924673445,2502412,0
49.9275,33,49927381451,73000,1
49.9275,38,49927461451,73000,1
49.9276,36,49927532451,73000,1
49.9331,33,49933064869,73000,1
49.9361,36,49936012875,73000,1
49.9387,36,49938613881,73000,1
49.9387,37,49938613881,73000,1
49.9438,39,49943762893,73000,1
49.9438,38,49943762893,73000,1
49.9875,35,49984999989,2502412,0
49.9956,38,49993072007,2502412,0
49.9957,35,49995620013,73000,1
50.0059,34,50003379031,2502412,0
50.0084,38,50005909037,2502412,0
50.0109,38,50008438449,2502412,0
50.0138,34,50013720461,73000,1
50.0164,33,50016321467,73000,1
50.019,38,50018931473,73000,1
50.019,34,50018931473,73000,1
50.0293,35,50029202497,73000,1
50.0398,38,50039750927,73000,1
50.0552,36,50052658957,2502412,0
50.0577,36,50055197369,2502412,0
50.063,34,50062885387,73000,1
50.0655,38,50062956387,2502412,0
50.068,36,50065486393,2502412,0
50.0731,35,50070555405,2502412,0
50.0758,38,50075686417,73000,1
50.0759,35,50075793417,73000,1
50.0784,38,50075864417,2502412,0
50.0809,36,50078394423,2502412,0
50.0862,38,50086162441,73000,1
50.0889,36,50088843447,73000,1
50.0994,35,50096853465,2502412,0
50.1098,35,50109708495,73000,1
50.1098,38,50109708495,73000,1
50.1123,36,50109779495,2502412,0
50.1125,36,50112389501,73000,1
50.1176,35,50115079507,2502412,0
50.1177,35,50117608919,73000,1
50.1203,36,50120219519,73000,1
50.1228,35,50120308519,2502412,0
50.1332,35,50133163549,73000,1
50.1357,38,50133234549,2502412,0
50.1411,34,50138606967,2502412,0
50.1436,36,50141136973,2502412,0
50.1437,34,50143675979,73000,1
50.1514,36,50148904991,2502412,0
50.1539,38,50151434997,2502412,0
50.1541,34,50154036003,73000,1
50.1592,36,50159176015,73000,1
50.1644,38,50161857021,2502412,0
50.1669,38,50164386433,2502412,0
50.167,38,50166915845,73000,1
50.167,35,50166916439,73000,1
50.1696,35,50169553445,73000,1
50.1749,35,50174862457,73000,1
50.1749,34,50174862457,73000,1
50.1774,36,50174933457,2502412,0
50.1851,38,50185053481,73000,1
50.1929,38,50192874499,73000,1
50.1955,36,50192954499,2502412,0
50.2009,36,50200874923,73000,1
50.2391,36,50236572007,2502412,0
50.2498,36,50249730443,73000,1
50.2525,34,50249997443,2502412,0
50.255,34,50252526855,2502412,0
50.2601,34,50257586867,2502412,0
50.2754,36,50275341909,73000,1
50.278,34,50275501909,2502412,0
50.2807,34,50280650921,73000,1
50.2832,35,50280721921,2502412,0
50.3038,35,50301337969,2502412,0
50.3064,34,50303876975,2502412,0
50.3114,38,50308936987,2502412,0
50.3165,34,50313996999,2502412,0
50.3191,34,50319057011,73000,1
50.3192,35,50319137011,73000,1
50.3242,39,50321738017,2502412,0
50.3243,38,50324268023,73000,1
50.3268,37,50324339023,2502412,0
50.327,39,50326949029,73000,1
50.3321,37,50329550035,2502412,0
50.3371,35,50334628047,2502412,0
50.3398,36,50339706059,73000,1
50.3451,34,50342619471,2502412,0
50.3452,37,50345149477,73000,1
50.3453,34,50345229477,73000,1
50.3453,35,50345229477,73000,1
50.3556,39,50355527501,73000,1
50.3582,37,50358128507,73000,1
50.3582,38,50358128507,73000,1
50.3634,34,50363286519,73000,1
50.3685,37,50365985525,2502412,0
50.3761,35,50373602543,2502412,0
50.3786,37,50376132549,2502412,0
50.3889,37,50388854579,73000,1
50.3889,35,50388854579,73000,1
50.3965,34,50394003591,2502412,0
50.3967,35,50396604597,73000,1
50.3967,39,50396675597,73000,1
50.4022,38,50402137609,73000,1
50.4023,34,50402217609,73000,1
50.4073,35,50404827615,2502412,0
50.41,37,50409967627,73000,1
50.4101,35,50410038627,73000,1
50.4178,34,50415267639,2502412,0
50.4204,34,50417877645,2502412,0
50.423,34,50420496651,2502412,0
50.4284,35,50425903663,2502412,0
50.431,34,50430972675,73000,1
50.4412,33,50438651693,2502412,0
50.4463,33,50443800705,2502412,0
50.4467,35,50446652711,73000,1
50.4467,36,50446652711,73000,1
50.4543,33,50451801723,2502412,0
50.4619,33,50459418741,2502412,0
50.4696,37,50469556765,73000,1
50.4697,33,50469627765,73000,1
50.4697,34,50469627765,73000,1
50.4722,39,50469698765,2502412,0
50.4774,39,50474856777,2502412,0
50.4824,35,50479925789,2502412,0
50.4875,35,50484985801,2502412,0
50.4901,39,50490054813,73000,1
50.4952,37,50492673819,2502412,0
50.5004,33,50500343837,73000,1
50.5005,37,50500423837,73000,1
50.5005,35,50500423837,73000,1
50.5136,32,50513537867,73000,1
50.5161,39,50513608867,2502412,0
50.5186,38,50516138873,2502412,0
50.5237,35,50521216885,2502412,0
50.5289,35,50528806903,73000,1
50.5339,38,50531416909,2502412,0
50.5365,39,50533955915,2502412,0
50.5366,37,50536485921,73000,1
50.5366,34,50536485921,73000,1
50.5391,39,50536556921,2502412,0
50.5441,38,50541625933,2502412,0
50.5546,35,50552094015,2502412,0
50.5571,38,50554624021,2502412,0
50.5597,39,50557154027,2502412,0
50.5598,35,50559684033,73000,1
50.5625,39,50562383039,73000,1
50.5625,38,50562383039,73000,1
50.5727,33,50570178057,2502412,0
50.5803,39,50577786075,2502412,0
50.5855,39,50585465093,73000,1
50.5855,35,50585465093,73000,1
50.5882,38,50585678093,2502412,0
50.5883,33,50588208099,73000,1
50.5884,39,50588279099,73000,1
50.5959,38,50593410111,2502412,0
50.601,33,50598470123,2502412,0
50.6065,33,50606382141,73000,1
50.609,39,50606462141,2502412,0
50.6091,37,50608992147,73000,1
50.6116,35,50609063147,2502412,0
50.6141,38,50611593153,2502412,0
50.6142,36,50614123159,73000,1
50.6167,39,50614221159,2502412,0
50.6168,33,50616760165,73000,1
50.622,39,50621900177,73000,1
50.622,35,50621900177,73000,1
50.6245,38,50621971177,2502412,0
50.6296,38,50627129189,2502412,0
50.6349,38,50634800207,73000,1
50.6349,36,50634800207,73000,1
50.6349,39,50634871207,73000,1
50.6375,38,50635040207,2502412,0
50.6452,35,50642701225,2502412,0
50.6503,38,50647761237,2502412,0
50.6507,39,50650613243,73000,1
50.6508,38,50650702243,73000,1
50.6584,35,50658372261,73000,1
50.6636,38,50663530273,73000,1
50.6662,38,50663690273,2502412,0
50.6687,34,50666229279,2502412,0
50.6713,34,50668758691,2502412,0
50.6763,33,50673836703,2502412,0
50.684,34,50681524721,2502412,0
50.6866,38,50684063727,2502412,0
50.6891,38,50686593139,2502412,0
50.6917,33,50689212145,2502412,0
50.6942,34,50691742151,2502412,0
50.6944,35,50694352157,73000,1
50.6995,34,50696953163,2502412,0
50.7021,38,50699643169,2502412,0
50.7048,33,50704730181,73000,1
50.7073,34,50704810181,2502412,0
50.7102,34,50707661593,2502412,0
50.7129,33,50712801605,73000,1
50.7129,38,50712872605,73000,1
50.713,34,50712952605,73000,1
50.7232,37,50720649623,2502412,0
50.7333,37,50730787647,2502412,0
50.7334,33,50733317653,73000,1
50.7361,37,50735998659,73000,1
50.7361,38,50735998659,73000,1
50.7462,34,50743722677,2502412,0
50.7514,35,50748862689,2502412,0
50.7567,33,50754235107,2502412,0
50.7593,35,50756765113,2502412,0
50.7618,35,50759294525,2502412,0
50.7643,37,50761824531,2502412,0
50.7669,34,50764443537,2502412,0
50.7696,33,50769530549,73000,1
50.7721,38,50769601549,2502412,0
50.7747,37,50774670561,73000,1
50.7748,35,50774741561,73000,1
50.7749,34,50774812561,73000,1
50.7826,38,50780050573,2502412,0
50.7827,39,50782580579,73000,1
50.7902,38,50787738591,2502412,0
50.7928,35,50790268597,2502412,0
50.7929,38,50792798603,73000,1
50.7929,34,50792798603,73000,1
50.793,37,50792940603,73000,1
50.7981,35,50795621609,2502412,0
50.8007,33,50798151615,2502412,0
50.8033,35,50803211627,73000,1
50.8083,33,50805821633,2502412,0
50.8138,33,50813733651,73000,1
50.8163,38,50813822651,2502412,0
50.8214,37,50818882663,2502412,0
50.8266,33,50826570681,73000,1
50.8266,35,50826570681,73000,1
50.8292,37,50829171687,73000,1
50.8317,38,50829242687,2502412,0
50.8344,37,50834374699,73000,1
50.8344,34,50834374699,73000,1
50.8396,38,50839523711,73000,1
50.8578,35,50855266153,2502412,0
50.8579,35,50857795565,73000,1
50.8579,38,50857876159,73000,1
50.8655,37,50863025171,2502412,0
50.8681,33,50865555177,2502412,0
50.8708,37,50870695189,73000,1
50.8708,35,50870695189,73000,1
50.8709,33,50870784189,73000,1
50.8913,37,50888833231,2502412,0
50.8914,37,50891362643,73000,1
50.8914,33,50891363237,73000,1
50.8965,35,50893964243,2502412,0
50.9015,38,50899033255,2502412,0
50.9016,38,50901562667,73000,1
50.9093,35,50909242279,73000,1
50.9123,38,50912192285,73000,1
50.9123,37,50912192285,73000,1
50.9149,35,50914873291,73000,1
50.9227,37,50922632309,73000,1
50.9227,39,50922632309,73000,1
50.9228,34,50922748309,73000,1
50.9333,35,50933215333,73000,1
50.946,33,50945963363,73000,1
50.9511,38,50948600369,2502412,0
50.9563,38,50953776381,2502412,0
50.9592,38,50956714003,2502412,0
50.9644,33,50964349021,73000,1
50.967,38,50964500021,2502412,0
50.9746,37,50972099039,2502412,0
50.9747,38,50974638045,73000,1
50.9748,37,50974709045,73000,1
50.98,33,50979929057,73000,1
50.98,38,50979929057,73000,1
50.9954,37,50992908087,2502412,0
50.9981,38,50998057099,73000,1
51.0006,37,50998146099,2502412,0
51.0111,37,51011072129,73000,1
51.0221,37,51021985153,73000,1
51.03,35,51027454165,2502412,0
51.0377,35,51037592189,73000,1
51.0579,35,51055427231,2502412,0
51.0686,35,51068523667,73000,1
51.0764,37,51076335685,73000,1
51.0816,37,51079061691,2502412,0
51.0868,35,51084334703,2502412,0
51.097,37,51094472727,2502412,0
51.1048,35,51104761751,73000,1
51.1124,37,51109928763,2502412,0
51.1179,38,51117831781,73000,1
51.1179,35,51117831781,73000,1
51.1257,37,51125608799,73000,1
51.1361,37,51136004823,73000,1
51.1387,34,51138605829,73000,1
51.1464,32,51146284847,73000,1
51.1465,37,51146400847,73000,1
51.1622,32,51162098289,73000,1
51.1673,35,51164806295,2502412,0
51.1726,35,51170142307,2502412,0
51.1754,35,51175291319,73000,1
51.1754,32,51175291319,73000,1
51.1932,37,51190649355,2502412,0
51.1958,38,51193330361,2502412,0
51.1984,37,51195860367,2502412,0
51.201,35,51200929379,73000,1
51.2087,37,51208626397,73000,1
51.2088,38,51208697397,73000,1
51.2189,38,51216367415,2502412,0
51.2193,37,51219227827,73000,1
51.2195,38,51219378827,73000,1
51.2195,32,51219458827,73000,1
51.2273,39,51227208845,73000,1
51.2274,38,51227279845,73000,1
51.2274,35,51227350845,73000,1
51.23,38,51229969851,73000,1
51.2353,32,51235269863,73000,1
51.2717,36,51271616953,73000,1
51.2717,35,51271616953,73000,1
51.2718,37,51271687953,73000,1
51.3079,37,51305415031,2502412,0
51.3156,37,51313103049,2502412,0
51.3183,37,51315793055,2502412,0
51.324,37,51323901073,73000,1
51.3343,37,51334181097,73000,1
51.3344,38,51334368097,73000,1
51.3371,32,51337049103,73000,1
51.3399,34,51339855109,73000,1
51.34,33,51339926109,73000,1
51.3688,37,51368691581,73000,1
51.3976,34,51395084641,2502412,0
51.403,34,51402897659,73000,1
51.4031,35,51402995659,73000,1
51.4031,34,51403066659,73000,1
51.4397,34,51437185737,2502412,0
51.4423,38,51442263749,73000,1
51.4476,34,51447563761,73000,1
51.4632,37,51463161797,73000,1
51.4657,34,51463232797,2502412,0
51.4739,34,51473790227,73000,1
51.474,34,51473932227,73000,1
51.4817,35,51479223239,2502412,0
51.4899,35,51489814263,73000,1
51.5104,35,51510330311,73000,1
51.5205,33,51518036329,2502412,0
51.5233,33,51523212341,73000,1
51.5258,34,51523292341,2502412,0
51.5312,34,51528683353,2502412,0
51.5389,34,51536424371,2502412,0
51.5442,33,51544174389,73000,1
51.5445,34,51544423389,73000,1
51.5521,35,51549634401,2502412,0
51.56,34,51559950425,73000,1
51.5601,35,51560030425,73000,1
51.5711,33,51571034003,73000,1
51.5763,35,51573822009,2502412,0
51.5867,35,51584164033,2502412,0
51.5893,35,51586765039,2502412,0
51.5921,35,51591985051,73000,1
51.5948,35,51594693057,73000,1
51.6102,34,51610122093,73000,1
51.6129,33,51612812099,73000,1
51.6207,34,51620580117,73000,1
51.6314,37,51628945135,2502412,0
51.6493,37,51646762177,2502412,0
51.6521,35,51652018189,73000,1
51.6622,37,51659679207,2502412,0
51.6674,35,51667305225,73000,1
51.6674,37,51667376225,73000,1
51.6957,37,51693166691,2502412,0
51.7009,37,51700792709,73000,1
51.7266,37,51724141763,2502412,0
51.7397,32,51737202793,2502412,0
51.7524,37,51749870823,2502412,0
51.7549,32,51752418829,2502412,0
51.755,32,51754948241,73000,1
51.7678,37,51765255859,2502412,0
51.7809,37,51778391009,2502412,0
51.7811,35,51781001015,73000,1
51.7811,32,51781001015,73000,1
51.7938,37,51791343039,2502412,0
51.8041,37,51801579063,2502412,0
51.8143,34,51814265093,73000,1
51.8245,37,51822006111,2502412,0
51.8296,36,51827093123,2502412,0
51.8299,37,51829792129,73000,1
51.8299,33,51829863129,73000,1
51.8325,36,51829979129,2502412,0
51.8328,36,51832749135,73000,1
51.8382,32,51835743141,2502412,0
51.8384,37,51838344147,73000,1
51.8488,32,51848704171,73000,1
51.8514,34,51851323177,73000,1
51.854,37,51853924183,73000,1
51.8591,32,51859073195,73000,1
51.8617,36,51859153195,2502412,0
51.8618,36,51861682607,73000,1
51.8644,32,51864302207,73000,1
51.8852,32,51885121661,73000,1
51.8853,36,51885201661,73000,1
51.8981,37,51895641685,2502412,0
51.9032,37,51900710697,2502412,0
51.9109,37,51908398715,2502412,0
51.9186,37,51918545739,73000,1
51.9187,38,51918643739,73000,1
51.9238,37,51921271745,2502412,0
51.9264,34,51926331757,73000,1
51.9341,37,51934010775,73000,1
51.9366,38,51934099775,2502412,0
51.942,36,51939472193,2502412,0
51.9421,38,51942002199,73000,1
51.9447,36,51944621205,73000,1
51.9499,38,51949788217,73000,1
51.9499,37,51949788217,73000,1
51.9782,36,51975710277,2502412,0
51.9888,36,51988717713,73000,1
51.9938,35,51991336719,2502412,0
51.9964,36,51993866725,2502412,0
52.0092,35,52009091761,73000,1
52.0092,38,52009091761,73000,1
52.0117,36,52009162761,2502412,0
52.0142,37,52011701767,2502412,0
52.0195,36,52019380785,73000,1
52.0246,33,52024520797,73000,1
52.0271,35,52024600797,2502412,0
52.0272,37,52027139803,73000,1
52.0273,36,52027210803,73000,1
52.0274,35,52027290803,73000,1
52.0326,37,52032572815,73000,1
52.0482,35,52045740845,2502412,0
52.056,35,52053490863,2502412,0
52.0738,35,52071281905,2502412,0
52.0739,38,52073811911,73000,1
52.0791,35,52078978923,73000,1
52.0869,32,52084422341,2502412,0
52.092,36,52089491353,2502412,0
52.0946,32,52094560365,73000,1
52.0997,39,52097161371,2502412,0
52.0998,37,52099700377,73000,1
52.1024,36,52102310383,73000,1
52.1025,32,52102381383,73000,1
52.1075,39,52105018389,2502412,0
52.1152,35,52112688407,2502412,0
52.1228,39,52120287425,2502412,0
52.1229,35,52122817431,73000,1
52.1307,36,52130612449,73000,1
52.1308,39,52130683449,73000,1
52.1385,35,52138380467,73000,1
52.1438,36,52141294473,2502412,0
52.1515,35,52151414497,73000,1
52.154,39,52151494497,2502412,0
52.1591,36,52156572509,2502412,0
52.1592,36,52159110921,73000,1
52.1669,39,52164367527,2502412,0
52.1694,32,52166897533,2502412,0
52.1695,32,52169426945,73000,1
52.172,33,52169525539,2502412,0
52.1747,39,52174585551,73000,1
52.1772,36,52174674551,2502412,0
52.1822,32,52179734563,2502412,0
52.1823,32,52182272975,73000,1
52.1824,33,52182344569,73000,1
52.1824,39,52182344569,73000,1
52.1825,36,52182415569,73000,1
52.1851,32,52185034575,73000,1
52.2033,38,52200765039,2502412,0
52.211,37,52210903063,73000,1
52.211,33,52210974063,73000,1
52.211,36,52210974063,73000,1
52.2161,38,52213620069,2502412,0
52.2212,39,52218698081,2502412,0
52.2238,38,52223767093,73000,1
52.2238,32,52223767093,73000,1
52.2264,39,52223909093,2502412,0
52.2315,39,52228978105,2502412,0
52.2368,39,52236702123,73000,1
52.2369,38,52236782123,73000,1
52.2369,39,52236853123,73000,1
52.2502,33,52250163153,73000,1
52.2504,35,52250341153,73000,1
52.2504,32,52250341153,73000,1
52.2581,35,52255561165,2502412,0
52.2582,35,52258162171,73000,1
52.2659,36,52263382183,2502412,0
52.2787,36,52278669219,73000,1
52.2787,35,52278669219,73000,1
52.2812,39,52278740219,2502412,0
52.2839,35,52283827231,73000,1
52.284,39,52283925231,73000,1
52.2894,39,52289368649,73000,1
52.2894,34,52289368649,73000,1
52.2919,38,52289439649,2502412,0
52.2972,38,52294677661,2502412,0
52.2974,33,52297296667,73000,1
52.2974,34,52297296667,73000,1
52.3076,38,52307505691,73000,1
52.3076,36,52307505691,73000,1
52.3331,34,52330640745,2502412,0
52.3407,38,52338239763,2502412,0
52.3409,34,52340778769,73000,1
52.3409,38,52340849769,73000,1
52.3409,37,52340849769,73000,1
52.3436,34,52343575775,73000,1
52.3466,39,52346525781,73000,1
52.3492,32,52349153787,73000,1
52.352,34,52351932793,73000,1
52.3545,36,52352003793,2502412,0
52.3546,38,52354542799,73000,1
52.3596,36,52357143805,2502412,0
52.3675,36,52367459829,73000,1
52.3727,35,52370149835,2502412,0
52.378,35,52377935853,73000,1
52.3883,36,52385828871,2502412,0
52.3939,36,52393802295,73000,1
52.4014,38,52398942307,2502412,0
52.404,33,52401472313,2502412,0
52.4066,35,52406559325,73000,1
52.4067,33,52406639325,73000,1
52.4093,38,52406781325,2502412,0
52.4094,38,52409310737,73000,1
52.4144,36,52411921337,2502412,0
52.4223,33,52422263361,73000,1
52.4224,36,52422334361,73000,1
52.4249,32,52422405361,2502412,0
52.4276,38,52427545373,73000,1
52.4304,32,52430297379,73000,1
52.4354,32,52432898385,2502412,0
52.4381,32,52438038397,73000,1
52.4382,33,52438118397,73000,1
52.4408,39,52440719403,73000,1
52.446,34,52443471409,2502412,0
52.4461,36,52446010415,73000,1
52.4462,34,52446161415,73000,1
52.4462,32,52446161415,73000,1
52.4465,35,52446463415,73000,1
52.4495,33,52449386421,73000,1
52.4597,34,52457216439,2502412,0
52.4598,36,52459746445,73000,1
52.4701,34,52467567463,2502412,0
52.4702,38,52470097469,73000,1
52.4803,34,52477767487,2502412,0
52.4804,33,52480315493,73000,1
52.488,34,52485491505,2502412,0
52.4931,34,52490560517,2502412,0
52.4959,38,52493403523,2502412,0
52.4961,38,52496013529,73000,1
52.4961,32,52496013529,73000,1
52.5011,32,52498623535,2502412,0
52.5113,34,52508832559,2502412,0
52.5164,32,52513901571,2502412,0
52.5215,38,52518979583,2502412,0
52.5241,34,52524057595,73000,1
52.5242,32,52524128595,73000,1
52.5268,38,52524270595,2502412,0
52.5319,34,52529428607,2502412,0
52.5371,32,52534559619,2502412,0
52.5397,32,52539619631,73000,1
52.5448,38,52544750643,73000,1
52.5449,34,52544821643,73000,1
52.5556,34,52555484015,73000,1
52.5581,35,52555626015,2502412,0
52.5608,34,52560731027,73000,1
52.5609,35,52560829027,73000,1
52.561,32,52560900027,73000,1
52.5635,38,52560971027,2502412,0
52.566,38,52563500439,2502412,0
52.5661,38,52566029851,73000,1
52.5891,36,52586635493,2502412,0
52.5942,35,52591704505,2502412,0
52.5968,32,52594305511,2502412,0
52.5997,36,52597148517,2502412,0
52.5998,32,52599678523,73000,1
52.6024,38,52602288529,73000,1
52.6074,36,52604898535,2502412,0
52.6075,32,52607428541,73000,1
52.6076,35,52607499541,73000,1
52.6078,36,52607677541,73000,1
52.6156,38,52615517559,73000,1
52.6181,35,52615597559,2502412,0
52.6206,36,52618127565,2502412,0
52.6258,35,52623321577,2502412,0
52.6285,35,52628390589,73000,1
52.636,36,52633521601,2502412,0
52.6463,36,52646260631,73000,1
52.6514,32,52648879637,2502412,0
52.6539,32,52651409049,2502412,0
52.6619,35,52659427473,2502412,0
52.6645,32,52662037479,2502412,0
52.6646,36,52664576485,73000,1
52.6647,35,52664647485,73000,1
52.6647,39,52664647485,73000,1
52.6699,39,52669858497,73000,1
52.6701,34,52670009497,73000,1
52.6777,32,52675158509,2502412,0
52.6853,35,52682766527,2502412,0
52.6904,36,52687915539,2502412,0
52.693,32,52690454545,2502412,0
52.6955,36,52692993551,2502412,0
52.6984,32,52698365969,73000,1
52.6985,35,52698436969,73000,1
52.7037,32,52703665981,73000,1
52.7063,36,52706275987,73000,1
52.7063,34,52706275987,73000,1
52.7063,35,52706275987,73000,1
52.709,36,52708885993,73000,1
52.7141,38,52714053005,73000,1
52.732,35,52731897047,73000,1
52.7498,32,52747291083,2502412,0
52.7603,32,52757778107,2502412,0
52.7629,32,52762856119,73000,1
52.7733,36,52773216143,73000,1
52.7987,32,52798632203,73000,1
52.7987,36,52798632203,73000,1
52.8071,32,52807006627,73000,1
52.8147,37,52812155639,2502412,0
52.8249,35,52824823669,73000,1
52.8327,37,52832591687,73000,1
52.853,33,52850488729,2502412,0
52.8581,37,52855584741,2502412,0
52.8611,33,52858605153,2502412,0
52.8612,38,52861135159,73000,1
52.8637,37,52861215159,2502412,0
52.8688,33,52866275171,2502412,0
52.8689,33,52868876177,73000,1
52.8792,37,52879103201,73000,1
52.8918,37,52889330225,2502412,0
52.8946,33,52894532237,73000,1
52.8973,37,52897258243,73000,1
52.8974,32,52897329243,73000,1
52.9025,37,52899966249,2502412,0
52.9053,37,52902827255,2502412,0
52.9132,37,52913134279,73000,1
52.9132,33,52913134279,73000,1
52.9466,37,52946478357,73000,1
52.9466,34,52946549357,73000,1
52.9651,36,52962589009,2502412,0
52.9728,33,52972718033,73000,1
52.9805,37,52980379051,73000,1
52.9805,35,52980459051,73000,1
52.983,36,52980530051,2502412,0
52.9885,36,52988423069,73000,1
52.9911,39,52991024075,73000,1
52.9987,32,52996209087,2502412,0
53.0144,32,53014329535,73000,1
53.0222,36,53022168553,73000,1
53.0352,32,53035094583,73000,1
53.0404,33,53040314595,73000,1
53.0454,36,53042942601,2502412,0
53.0505,36,53048002613,2502412,0
53.0606,36,53058131637,2502412,0
53.0712,36,53068653661,2502412,0
53.0713,37,53071192667,73000,1
53.0713,32,53071272667,73000,1
53.0816,36,53079093685,2502412,0
53.0817,36,53081623097,73000,1
53.0972,36,53094682721,2502412,0
53.1025,36,53102468739,73000,1
53.1158,36,53115725175,73000,1
53.1184,32,53115876175,2502412,0
53.121,36,53120945187,73000,1
53.1261,32,53123573193,2502412,0
53.1262,32,53126102605,73000,1
53.1338,32,53133773217,73000,1
53.1418,32,53141728235,73000,1
53.1598,36,53159776277,73000,1
53.1625,32,53162422283,73000,1
53.2065,35,53204043379,2502412,0
53.2173,35,53217192815,73000,1
53.2355,35,53235409857,73000,1
53.2434,38,53243301875,73000,1
53.2485,35,53248459887,73000,1
53.2775,37,53274952947,2502412,0
53.2877,37,53285179971,2502412,0
53.2979,32,53295397995,2502412,0
53.3031,37,53302988013,73000,1
53.3031,35,53302988013,73000,1
53.3057,37,53305598019,73000,1
53.3057,32,53305598019,73000,1
53.3108,32,53310765031,73000,1
53.3164,33,53313865443,2502412,0
53.3317,33,53329205479,2502412,0
53.3344,33,53334336491,73000,1
53.3346,37,53334541491,73000,1
53.3551,36,53352607533,2502412,0
53.3577,33,53357676545,73000,1
53.3655,36,53365435563,73000,1
53.3656,32,53365515563,73000,1
53.3863,33,53383805605,2502412,0
53.3889,34,53388874617,73000,1
53.3889,36,53388874617,73000,1
53.3968,33,53396695635,73000,1
53.4096,33,53409515665,73000,1
53.4278,36,53425275107,2502412,0
53.4305,39,53430415119,73000,1
53.433,36,53430513119,2502412,0
53.4382,36,53438121137,73000,1
53.4383,37,53438201137,73000,1
53.4408,39,53438281137,2502412,0
53.4434,39,53443341149,73000,1
53.4613,36,53458752185,2502412,0
53.4614,33,53461282191,73000,1
53.4614,39,53461282191,73000,1
53.4614,36,53461362191,73000,1
53.4691,36,53469068209,73000,1
53.4772,32,53477122227,73000,1
53.4822,35,53479723233,2502412,0
53.4848,38,53482324239,2502412,0
53.4924,38,53489923257,2502412,0
53.4952,35,53495081269,73000,1
53.5053,38,53502778287,2502412,0
53.5079,39,53507847299,73000,1
53.5082,35,53508096299,73000,1
53.5133,38,53510786305,2502412,0
53.5241,38,53524024741,73000,1
53.5268,36,53526696747,73000,1
53.5422,39,53539729777,2502412,0
53.5423,38,53542259783,73000,1
53.5474,39,53544887789,2502412,0
53.55,39,53549956801,73000,1
53.5553,35,53555256813,73000,1
53.5554,33,53555345813,73000,1
53.5633,39,53563184831,73000,1
53.5633,36,53563264831,73000,1
53.5763,38,53573757855,2502412,0
53.5893,38,53586827291,2502412,0
53.5945,38,53594453309,73000,1
53.6073,38,53607246339,73000,1
53.6099,34,53609847345,73000,1
53.61,39,53609918345,73000,1
53.6152,38,53615156357,73000,1
53.6177,32,53615227357,2502412,0
53.6178,34,53617757363,73000,1
53.6261,32,53626023787,73000,1
53.6287,32,53628633793,73000,1
53.6364,35,53633924805,2502412,0
53.6491,34,53646601835,2502412,0
53.6543,34,53654191853,73000,1
53.6544,37,53654280853,73000,1
53.6569,35,53654351853,2502412,0
53.6621,36,53662030871,73000,1
53.6647,35,53664667877,73000,1
53.6778,34,53677764907,73000,1
53.688,35,53685461925,2502412,0
53.6931,35,53693069943,73000,1
53.6958,32,53695679949,73000,1
53.6958,33,53695768949,73000,1
53.6958,34,53695768949,73000,1
53.7061,34,53705995973,73000,1
53.7061,32,53705995973,73000,1
53.7062,38,53706084973,73000,1
53.7087,35,53706164973,2502412,0
53.7113,35,53711242985,73000,1
53.7113,36,53711242985,73000,1
53.7374,39,53734867445,2502412,0
53.7399,39,53737405857,2502412,0
53.745,39,53742465869,2502412,0
53.7477,35,53747641881,73000,1
53.7502,39,53747739881,2502412,0
53.7555,39,53753004893,2502412,0
53.7659,39,53765850923,73000,1
53.7788,35,53778740953,73000,1
53.7817,39,53781654959,73000,1
53.7919,39,53789431977,2502412,0
53.7971,39,53797021995,73000,1
53.8076,39,53805066013,2502412,0
53.8202,39,53817734043,2502412,0
53.8258,33,53825734467,73000,1
53.8336,39,53833484485,73000,1
53.8387,33,53838615497,73000,1
53.8464,35,53843925509,2502412,0
53.8569,39,53856788539,73000,1
53.8595,35,53859389545,73000,1
53.8721,37,53869607569,2502412,0
53.8773,37,53874827581,2502412,0
53.8829,37,53882828599,73000,1
53.8905,35,53888030611,2502412,0
53.8907,35,53890640617,73000,1
53.8907,37,53890640617,73000,1
53.9087,32,53908653659,73000,1
53.9113,38,53908751659,2502412,0
53.9139,38,53913829671,73000,1
53.9139,39,53913829671,73000,1
53.9139,35,53913829671,73000,1
53.9298,34,53929714113,73000,1
53.9299,35,53929785113,73000,1
53.9324,37,53929927113,2502412,0
53.9401,38,53940056137,73000,1
53.9403,38,53940252137,73000,1
53.9429,37,53942853143,73000,1
53.9508,37,53950701161,73000,1
53.9534,37,53953311167,73000,1
53.9898,35,53989711251,73000,1
54.0256,39,54023082329,2502412,0
54.0287,38,54028625003,73000,1
54.0312,39,54028732003,2502412,0
54.039,39,54036473021,2502412,0
54.0518,35,54051751057,73000,1
54.0544,39,54054352063,73000,1
54.0597,37,54059670075,73000,1
54.0676,39,54067527093,73000,1
54.0908,39,54088303141,2502412,0
54.1038,39,54103697177,73000,1
54.1221,38,54119615213,2502412,0
54.1222,38,54122144625,73000,1
54.1224,39,54122332219,73000,1
54.1274,35,54124942225,2502412,0
54.1276,39,54127481231,73000,1
54.1277,35,54127641231,73000,1
54.1356,38,54133084649,2502412,0
54.1406,35,54138144661,2502412,0
54.1459,38,54143382673,2502412,0
54.1486,35,54146072679,2502412,0
54.1589,38,54158802709,73000,1
54.1589,39,54158802709,73000,1
54.1666,38,54164075721,2502412,0
54.1667,35,54166605727,73000,1
54.1747,38,54174604745,73000,1
54.1827,35,54182603763,73000,1
54.2009,38,54200813805,73000,1
54.2061,34,54205998817,73000,1
54.2087,38,54208599823,73000,1
54.2088,37,54208679823,73000,1
54.2088,35,54208679823,73000,1
54.2582,35,54258166343,73000,1
54.2815,32,54281382397,73000,1
54.2998,38,54299752439,73000,1
54.3126,38,54310068463,2502412,0
54.3229,38,54320446487,2502412,0
54.3308,38,54330744511,73000,1
54.3441,38,54344026947,73000,1
54.3574,39,54357351977,73000,1
54.3838,38,54383711037,73000,1
54.4198,32,54419721121,73000,1
54.4587,35,54456236611,2502412,0
54.4767,35,54476636659,73000,1
54.4894,35,54486943683,2502412,0
54.5,37,54497456707,2502412,0
54.5026,35,54502516719,73000,1
54.5077,37,54505197725,2502412,0
54.5128,38,54510257737,2502412,0
54.5156,38,54515486749,73000,1
54.5156,37,54515486749,73000,1
54.526,35,54525891773,73000,1
54.5285,38,54526033773,2502412,0
54.5311,38,54528563185,2502412,0
54.5339,38,54533792197,73000,1
54.5519,37,54549382639,2502412,0
54.5647,38,54562148669,2502412,0
54.5697,37,54567226681,2502412,0
54.5775,38,54574985699,2502412,0
54.5776,37,54577515705,73000,1
54.5805,38,54580418711,73000,1
54.5906,37,54588106729,2502412,0
54.5931,35,54590636735,2502412,0
54.5932,33,54593175741,73000,1
54.5932,38,54593175741,73000,1
54.6013,37,54601229759,73000,1
54.6038,33,54601300759,2502412,0
54.609,33,54608926777,73000,1
54.609,35,54608926777,73000,1
54.6117,37,54611643783,73000,1
54.6193,38,54616810795,2502412,0
54.6295,38,54627046819,2502412,0
54.6298,33,54629745825,73000,1
54.63,35,54629967825,73000,1
54.6326,38,54632568831,73000,1
54.6458,35,54643250261,2502412,0
54.6485,37,54648408273,73000,1
54.6486,36,54648479273,73000,1
54.6536,38,54651080279,2502412,0
54.6537,35,54653637285,73000,1
54.6562,38,54653717285,2502412,0
54.6664,38,54663864309,2502412,0
54.6665,37,54666474315,73000,1
54.6767,38,54674224333,2502412,0
54.6794,38,54679373345,73000,1
54.6794,33,54679373345,73000,1
54.6794,35,54679373345,73000,1
54.6874,38,54687310363,73000,1
54.7108,35,54708299411,2502412,0
54.7211,35,54718553435,2502412,0
54.7262,38,54723684447,2502412,0
54.7287,35,54726214453,2502412,0
54.7466,38,54744102495,2502412,0
54.7496,35,54749484507,73000,1
54.7496,34,54749484507,73000,1
54.7496,38,54749555507,73000,1
54.7496,33,54749555507,73000,1
54.7552,38,54755175519,73000,1
54.7681,35,54768039549,73000,1
54.7786,35,54778497573,73000,1
54.789,38,54786479591,2502412,0
54.7919,38,54791850603,73000,1
54.8022,37,54799671621,2502412,0
54.8104,39,54810291645,73000,1
54.813,37,54812901651,73000,1
54.8181,38,54815600657,2502412,0
54.8233,37,54820758669,2502412,0
54.8259,38,54825818681,73000,1
54.8335,35,54830958693,2502412,0
54.8385,37,54836018705,2502412,0
54.8388,35,54838717711,73000,1
54.8438,37,54841327717,2502412,0
54.849,38,54846458729,2502412,0
54.862,37,54859537759,2502412,0
54.8672,37,54867127777,73000,1
54.8672,38,54867127777,73000,1
54.8722,38,54869737783,2502412,0
54.8775,38,54875010795,2502412,0
54.8801,37,54877611801,2502412,0
54.8802,38,54880141807,73000,1
54.8853,38,54885272819,73000,1
54.8853,35,54885272819,73000,1
54.8878,37,54885343819,2502412,0
54.8983,37,54895757843,2502412,0
54.906,37,54903489861,2502412,0
54.9267,37,54924149315,2502412,0
54.9317,37,54929245327,2502412,0
54.937,38,54936960345,73000,1
54.9447,37,54944639363,73000,1
54.9523,35,54949779375,2502412,0
54.9553,35,54955197387,73000,1
54.963,35,54962885405,73000,1
54.963,33,54962956405,73000,1
54.963,37,54962956405,73000,1
54.9837,37,54981173447,2502412,0
54.9889,37,54988826465,73000,1
54.9966,35,54994117477,2502412,0
54.9993,35,54999257489,73000,1
55.0045,37,55004442501,73000,1
55.0102,38,55010100513,73000,1
55.0128,35,55012746519,73000,1
55.0183,35,55018188531,73000,1
55.0492,33,55049153603,73000,1
55.0492,37,55049153603,73000,1
55.1033,38,55100823129,2502412,0
55.1164,38,55113875159,2502412,0
55.1191,38,55116565165,2502412,0
55.1193,33,55119193171,73000,1
55.122,38,55121954177,73000,1
55.1322,35,55132172201,73000,1
55.1399,38,55137401213,2502412,0
55.1527,38,55150247243,2502412,0
55.1734,38,55173374703,73000,1
55.1734,37,55173374703,73000,1
55.1914,36,55188892739,2502412,0
55.194,38,55193961751,73000,1
55.2043,36,55201756769,2502412,0
55.2093,34,55206825781,2502412,0
55.2095,34,55209426787,73000,1
55.2121,36,55212036793,73000,1
55.2277,38,55225204823,2502412,0
55.2278,32,55227734829,73000,1
55.2305,36,55228036829,2502412,0
55.2331,34,55230646835,2502412,0
55.2358,36,55235706847,73000,1
55.2359,38,55235777847,73000,1
55.2359,34,55235848847,73000,1
55.2385,32,55238458853,73000,1
55.2385,36,55238458853,73000,1
55.2437,35,55241148859,2502412,0
55.2539,34,55251375883,2502412,0
55.2589,38,55256435895,2502412,0
55.2619,35,55259438901,2502412,0
55.2645,32,55261968907,2502412,0
55.2672,34,55267099919,73000,1
55.2723,38,55272230931,73000,1
55.2724,32,55272310931,73000,1
55.2801,35,55277601943,2502412,0
55.2929,38,55292861979,73000,1
55.298,35,55295489985,2502412,0
55.2981,32,55298028991,73000,1
55.2982,35,55298108991,73000,1
55.3008,34,55300718997,73000,1
55.3058,36,55303320003,2502412,0
55.3085,36,55308380015,73000,1
55.319,34,55318920039,73000,1
55.3215,36,55318991039,2502412,0
55.3241,36,55324060051,73000,1
55.3242,38,55324167051,73000,1
55.3242,32,55324167051,73000,1
55.3269,35,55326866057,73000,1
55.3322,36,55332113069,73000,1
55.3451,35,55345012099,73000,1
55.3453,35,55345226099,73000,1
55.371,37,55368469559,2502412,0
55.376,36,55373547571,2502412,0
55.3812,37,55378696583,2502412,0
55.3891,32,55388994607,73000,1
55.3916,36,55389065607,2502412,0
55.3967,37,55396664625,73000,1
55.407,36,55406971649,73000,1
55.407,38,55406971649,73000,1
55.4097,34,55409643655,73000,1
55.4099,37,55409794655,73000,1
55.4127,36,55412591661,73000,1
55.4232,36,55423149685,73000,1
55.4284,39,55425866691,2502412,0
55.431,37,55430926703,73000,1
55.4411,36,55438605721,2502412,0
55.4412,36,55441135133,73000,1
55.4414,36,55441277727,73000,1
55.4415,39,55441446727,73000,1
55.4519,39,55451869751,73000,1
55.4546,39,55454541757,73000,1
55.4571,36,55454621757,2502412,0
55.4598,39,55459681769,73000,1
55.4803,36,55477802217,2502412,0
55.4932,36,55490648247,2502412,0
55.501,36,55498496265,2502412,0
55.5036,36,55503556277,73000,1
55.5063,32,55506237283,73000,1
55.5191,36,55516606307,2502412,0
55.5299,36,55529827337,73000,1
55.5349,37,55532428343,2502412,0
55.5426,35,55540143361,2502412,0
55.5452,37,55542691367,2502412,0
55.5453,36,55545221373,73000,1
55.5503,35,55547831379,2502412,0
55.566,37,55565898827,73000,1
55.5662,35,55566120827,73000,1
55.5739,37,55571420839,2502412,0
55.5767,37,55576676851,73000,1
55.5768,35,55576765851,73000,1
55.5922,36,55589700881,2502412,0
55.5999,34,55597415899,2502412,0
55.6024,37,55599945905,2502412,0
55.6026,32,55602546911,73000,1
55.6077,36,55605147917,2502412,0
55.6078,34,55607677923,73000,1
55.6154,37,55612906935,2502412,0
55.6155,38,55615445941,73000,1
55.6156,37,55615516941,73000,1
55.6183,36,55618197947,73000,1
55.6183,35,55618197947,73000,1
55.6237,36,55623641959,73000,1
55.6339,34,55631382977,2502412,0
55.6365,34,55633992983,2502412,0
55.6494,34,55646848013,2502412,0
55.6521,34,55651988025,73000,1
55.6521,37,55651988025,73000,1
55.6597,39,55657217037,2502412,0
55.6598,37,55659756043,73000,1
55.673,39,55672887479,73000,1
55.6832,34,55683087503,73000,1
55.6984,36,55695924533,2502412,0
55.701,39,55698454539,2502412,0
55.7063,39,55703772551,2502412,0
55.7064,34,55706311557,73000,1
55.7114,36,55708912563,2502412,0
55.7168,39,55716760581,73000,1
55.7194,36,55719361587,73000,1
55.7245,32,55721962593,2502412,0
55.7249,32,55724876005,73000,1
55.7301,32,55727548011,2502412,0
55.7302,35,55730114017,73000,1
55.7328,39,55732724023,73000,1
55.743,32,55740474041,2502412,0
55.7456,32,55745561053,73000,1
55.7507,36,55748180059,2502412,0
55.7532,36,55750718471,2502412,0
55.7583,33,55755796483,2502412,0
55.7609,32,55760856495,73000,1
55.7611,32,55760998495,73000,1
55.7636,37,55761105495,2502412,0
55.7637,33,55763635501,73000,1
55.7638,36,55763715501,73000,1
55.7689,37,55768873513,73000,1
55.7872,39,55784730955,2502412,0
55.7899,37,55789799967,73000,1
55.7899,33,55789870967,73000,1
55.79,36,55789941967,73000,1
55.7927,39,55792587973,73000,1
55.7952,34,55792685973,2502412,0
55.7979,34,55797852985,73000,1
55.803,33,55800462991,2502412,0
55.8081,33,55808071009,73000,1
55.8081,36,55808071009,73000,1
55.8082,37,55808142009,73000,1
55.8082,34,55808142009,73000,1
55.816,33,55815892027,73000,1
55.821,39,55818511033,2502412,0
55.8286,39,55826101051,2502412,0
55.8317,33,55831633469,73000,1
55.842,39,55841931493,73000,1
55.8446,33,55844532499,73000,1
55.8525,35,55852469517,73000,1
55.8525,32,55852469517,73000,1
55.8551,39,55855070523,73000,1
55.863,34,55862918541,73000,1
55.8682,39,55868085553,73000,1
55.8738,37,55873724971,73000,1
55.8868,36,55886767001,73000,1
55.9514,32,55948904145,2502412,0
55.9644,32,55964333181,73000,1
55.9645,34,55964404181,73000,1
55.9746,32,55972145199,2502412,0
55.9751,39,55974988205,73000,1
55.9776,32,55975086205,2502412,0
55.9879,32,55985357229,2502412,0
55.988,39,55987896235,73000,1
55.9983,32,55998256259,73000,1
55.9984,33,55998336259,73000,1
56.024,32,56021480313,2502412,0
56.0292,37,56029115331,73000,1
56.0318,34,56029266331,2502412,0
56.0373,32,56037186755,73000,1
56.0373,38,56037186755,73000,1
56.0373,36,56037186755,73000,1
56.0449,34,56044865773,73000,1
56.05,32,56047484779,2502412,0
56.0502,32,56050165785,73000,1
56.0605,34,56060463809,73000,1
56.0687,32,56068667827,73000,1
56.0973,34,56097202299,73000,1
56.0975,35,56097442299,73000,1
56.1003,32,56100194305,73000,1
56.1137,32,56113591335,73000,1
56.1943,34,56194257927,73000,1
56.2913,37,56291216555,73000,1
56.3226,32,56322500627,73000,1
56.3277,39,56327640639,73000,1
56.3821,34,56382072765,73000,1
56.3847,36,56382152765,2502412,0
56.4055,36,56402954813,2502412,0
56.4081,36,56408023825,73000,1
56.4081,33,56408023825,73000,1
56.4185,38,56418392849,73000,1
56.4443,36,56441831903,2502412,0
56.4547,36,56452147927,2502412,0
56.4598,36,56457314939,2502412,0
56.4649,36,56462392951,2502412,0
56.4803,36,56480271993,73000,1
56.4985,36,56496031435,2502412,0
56.5038,36,56503719453,73000,1
56.514,36,56511505471,2502412,0
56.5245,36,56524440501,73000,1
56.5347,36,56532181519,2502412,0
56.5478,36,56547683555,73000,1
56.5658,36,56565678597,73000,1
56.5891,34,56589002057,73000,1
56.6018,36,56599300081,2502412,0
56.6097,36,56609616105,73000,1
56.625,32,56622524135,2502412,0
56.6251,32,56625053547,73000,1
56.6276,36,56625134141,2502412,0
56.6302,36,56627663553,2502412,0
56.6456,36,56645551595,73000,1
56.6562,32,56656082619,73000,1
56.6612,32,56658683625,2502412,0
56.6663,36,56663841637,2502412,0
56.6717,36,56671609655,73000,1
56.6717,32,56671609655,73000,1
56.6767,36,56674210661,2502412,0
56.6818,36,56679270673,2502412,0
56.6869,32,56684366685,2502412,0
56.6999,36,56697365121,2502412,0
56.7049,32,56702443133,2502412,0
56.7127,36,56712661157,73000,1
56.7128,32,56712732157,73000,1
56.7334,36,56733293205,73000,1
56.741,32,56738522217,2502412,0
56.7437,32,56743662229,73000,1
56.7671,36,56767048283,73000,1
56.7774,32,56777364307,73000,1
56.8135,32,56813382797,73000,1
56.8237,35,56823644821,73000,1
56.849,37,56846503875,2502412,0
56.8621,37,56862032911,73000,1
56.8825,32,56879956953,2502412,0
56.8876,32,56885096965,2502412,0
56.8983,37,56898255401,73000,1
56.9009,32,56898397401,2502412,0
56.9085,32,56906005419,2502412,0
56.911,37,56908535425,2502412,0
56.9111,37,56911073837,73000,1
56.9188,32,56918753449,73000,1
56.9213,36,56918824449,2502412,0
56.9315,32,56928971473,2502412,0
56.9316,32,56931500885,73000,1
56.9316,36,56931572479,73000,1
56.9367,36,56934173485,2502412,0
56.9394,36,56939331497,73000,1
56.9471,37,56944587509,2502412,0
56.9553,36,56955207533,73000,1
56.9554,32,56955287533,73000,1
56.958,37,56957888539,73000,1
56.9581,36,56958022539,73000,1
56.9582,37,56958164539,73000,1
56.9634,32,56960890545,2502412,0
56.9838,32,56981326593,2502412,0
56.989,32,56986466605,2502412,0
57.0021,32,57001977047,73000,1
57.0302,32,57027722107,2502412,0
57.0303,37,57030261113,73000,1
57.033,32,57032880119,73000,1
57.0613,32,57061193185,73000,1
57.0613,36,57061264185,73000,1
57.0615,32,57061424185,73000,1
57.1129,37,57112826711,73000,1
57.1411,32,57138643771,2502412,0
57.1438,32,57143712783,73000,1
57.1465,39,57146402789,73000,1
57.1491,32,57146571789,2502412,0
57.1544,32,57154277807,73000,1
57.1596,32,57157136813,2502412,0
57.1602,32,57160121225,73000,1
57.1732,32,57173171255,73000,1
57.2149,36,57214782757,73000,1
57.2276,32,57225089781,2502412,0
57.2327,32,57230149793,2502412,0
57.2328,36,57232759799,73000,1
57.2329,32,57232839799,73000,1
57.241,32,57240891817,73000,1
57.2491,37,57248987835,73000,1
57.2567,35,57254198847,2502412,0
57.2648,35,57262252865,2502412,0
57.2725,35,57269976883,2502412,0
57.2726,35,57272515295,73000,1
57.2831,32,57283009913,73000,1
57.2935,35,57293467937,73000,1
57.3092,35,57309085379,73000,1
57.3219,35,57319419403,2502412,0
57.3245,35,57321948815,2502412,0
57.3246,35,57324478227,73000,1
57.3578,38,57355336893,2502412,0
57.363,38,57360476905,2502412,0
57.3634,35,57363319317,73000,1
57.3635,32,57363390317,73000,1
57.3662,38,57366089323,73000,1
57.3742,33,57374133341,73000,1
57.3821,38,57382034359,73000,1
57.3899,35,57389802377,73000,1
57.3899,38,57389802377,73000,1
57.4213,33,57421231855,73000,1
57.4264,33,57423868861,2502412,0
57.4265,38,57426398867,73000,1
57.4366,33,57434122885,2502412,0
57.437,33,57436901891,73000,1
57.471,33,57468507963,2502412,0
57.4813,33,57481255993,73000,1
57.4842,33,57484123999,73000,1
57.4869,35,57486805005,73000,1
57.5051,33,57505031047,73000,1
57.5338,32,57533742519,73000,1
57.555,34,57554890567,73000,1
57.5759,33,57573393609,2502412,0
57.5887,33,57586186639,2502412,0
57.5991,38,57598996669,73000,1
57.6066,33,57604127681,2502412,0
57.6119,33,57609445693,2502412,0
57.6201,33,57620038123,73000,1
57.6354,33,57632946153,2502412,0
57.6356,33,57635484565,73000,1
57.6431,33,57640625171,2502412,0
57.6535,33,57651003195,2502412,0
57.6768,33,57674335249,2502412,0
57.6821,33,57679644261,2502412,0
57.6848,33,57682254267,2502412,0
57.6873,35,57684784273,2502412,0
57.6899,33,57689844285,73000,1
57.6899,37,57689844285,73000,1
57.6975,35,57694993297,2502412,0
57.7051,35,57702601315,2502412,0
57.7103,38,57710200333,73000,1
57.7104,35,57710369333,73000,1
57.7211,33,57720997763,73000,1
57.7212,32,57721086763,73000,1
57.7366,35,57736533799,73000,1
57.7547,35,57754618841,73000,1
57.7676,33,57767535871,73000,1
57.7726,32,57770145877,2502412,0
57.7782,32,57778155301,73000,1
57.7861,32,57786074319,73000,1
57.8015,33,57799026349,2502412,0
57.8017,33,57801645355,73000,1
57.828,33,57827889821,73000,1
57.8457,38,57843229857,2502412,0
57.8483,32,57845759863,2502412,0
57.8534,32,57853376881,73000,1
57.8562,38,57856155887,73000,1
57.8563,33,57856226887,73000,1
57.8564,32,57856315887,73000,1
57.8694,35,57869365917,73000,1
57.872,32,57871966923,73000,1
57.88,38,57879949941,73000,1
57.9031,38,57900581989,2502412,0
57.9083,35,57908181007,73000,1
57.9109,38,57910800013,73000,1
57.9265,38,57923993449,2502412,0
57.9341,38,57931583467,2502412,0
57.9446,38,57944518497,73000,1
57.9523,33,57949845509,2502412,0
57.9601,33,57960072533,73000,1
57.9627,38,57960152533,2502412,0
57.9653,34,57965212545,73000,1
57.9784,38,57978326575,73000,1
57.9861,34,57986005593,73000,1
57.9886,38,57986085593,2502412,0
57.9962,38,57993711611,2502412,0
57.9989,33,57998869623,73000,1
57.999,32,57998958623,73000,1
57.9991,38,57999029623,73000,1
58.0094,38,58009291647,73000,1
58.0171,34,58016979665,73000,1
58.025,39,58022459083,2502412,0
58.0276,39,58027519095,73000,1
58.0277,32,58027661095,73000,1
58.0303,33,58027750095,2502412,0
58.0405,39,58040427125,73000,1
58.0456,33,58045576137,73000,1
58.0456,32,58045576137,73000,1
58.0686,34,58066066185,2502412,0
58.0711,38,58068596191,2502412,0
58.0763,33,58073834203,2502412,0
58.079,34,58078974215,73000,1
58.079,39,58078974215,73000,1
58.0844,38,58081906221,2502412,0
58.0921,38,58092044245,73000,1
58.0946,33,58092124245,2502412,0
58.0973,39,58097184257,73000,1
58.1076,33,58107500281,73000,1
58.1076,34,58107500281,73000,1
58.1126,38,58110119287,2502412,0
58.1127,38,58112648699,73000,1
58.123,33,58122956317,73000,1
58.1309,36,58128417735,2502412,0
58.1388,38,58136274753,2502412,0
58.1389,38,58138804165,73000,1
58.1389,36,58138875759,73000,1
58.1646,34,58162072813,2502412,0
58.1696,36,58167141825,2502412,0
58.1697,34,58169671831,73000,1
58.1697,38,58169671831,73000,1
58.1725,33,58172397837,73000,1
58.1776,36,58177555849,73000,1
58.1777,38,58177626849,73000,1
58.1827,34,58180236855,2502412,0
58.1957,36,58193226291,2502412,0
58.1983,36,58195764703,2502412,0
58.2035,34,58203434721,73000,1
58.206,36,58203514721,2502412,0
58.2061,38,58206053727,73000,1
58.2062,35,58206124727,73000,1
58.2115,36,58211460739,73000,1
58.2167,36,58216636751,73000,1
58.217,34,58216965751,73000,1
58.2333,36,58233179193,73000,1
58.2408,33,58238319205,2502412,0
58.2561,33,58253579241,2502412,0
58.2587,33,58258639253,73000,1
58.2691,33,58269017277,73000,1
58.2718,34,58271689283,73000,1
58.2718,36,58271760283,73000,1
58.277,36,58274450289,2502412,0
58.2771,36,58276988701,73000,1
58.2798,33,58279732301,73000,1
58.3034,34,58300863349,2502412,0
58.3035,36,58303402355,73000,1
58.3113,36,58311214373,73000,1
58.3114,34,58311365373,73000,1
58.3114,39,58311365373,73000,1
58.314,36,58313975379,73000,1
58.3169,34,58316798385,73000,1
58.3404,33,58337946839,2502412,0
58.3482,33,58345652857,2502412,0
58.3534,33,58353287875,73000,1
58.3563,34,58356209881,73000,1
58.3589,38,58356351881,2502412,0
58.3692,38,58366658905,2502412,0
58.3717,34,58369188911,2502412,0
58.3742,33,58371727917,2502412,0
58.3769,33,58376823929,73000,1
58.3769,32,58376823929,73000,1
58.382,34,58381963941,73000,1
58.3821,38,58382034941,73000,1
58.3846,34,58382114941,2502412,0
58.3929,34,58392858965,73000,1
58.3956,34,58395477971,73000,1
58.3982,33,58398078977,73000,1
58.3984,34,58398318977,73000,1
58.3985,38,58398460977,73000,1
58.427,33,58426896043,73000,1
58.4271,38,58426985043,73000,1
58.438,34,58437933473,73000,1
58.4924,36,58492346599,73000,1
58.4925,38,58492426599,73000,1
58.521,38,58518447659,2502412,0
58.5314,38,58531284689,73000,1
58.5343,38,58534225003,73000,1
58.5368,33,58534305003,2502412,0
58.5395,37,58539445015,73000,1
58.5547,33,58552202045,2502412,0
58.5549,33,58554812051,73000,1
58.5603,34,58560201063,73000,1
58.5628,38,58560272063,2502412,0
58.568,33,58567942081,73000,1
58.5757,38,58573224093,2502412,0
58.581,38,58580886111,73000,1
58.6071,38,58604583165,2502412,0
58.6072,38,58607112577,73000,1
58.6147,33,58612244183,2502412,0
58.6251,33,58624983213,73000,1
58.6377,38,58635210237,2502412,0
58.6431,38,58640592249,2502412,0
58.6482,38,58645723261,2502412,0
58.6508,38,58648324267,2502412,0
58.6534,33,58650872273,2502412,0
58.6585,33,58658471291,73000,1
58.6637,38,58663656303,73000,1
58.669,35,58668947315,73000,1
58.6715,33,58669018315,2502412,0
58.6845,33,58681988345,2502412,0
58.687,38,58684518351,2502412,0
58.6977,38,58695156375,2502412,0
58.6978,38,58697694787,73000,1
58.6978,33,58697695381,73000,1
58.708,38,58705463399,2502412,0
58.7207,36,58718238429,2502412,0
58.7208,38,58720768435,73000,1
58.721,38,58720910435,73000,1
58.7312,36,58728660453,2502412,0
58.7313,38,58731199459,73000,1
58.7313,33,58731199459,73000,1
58.7393,36,58739190883,73000,1
58.7418,39,58739261883,2502412,0
58.7444,36,58744348895,73000,1
58.747,33,58746958901,73000,1
58.7523,39,58752187913,73000,1
58.7677,33,58765158943,2502412,0
58.7703,39,58770227955,73000,1
58.7731,38,58773015961,73000,1
58.7732,33,58773095961,73000,1
58.786,36,58785923991,73000,1
58.786,33,58785923991,73000,1
58.7987,32,58796222015,2502412,0
58.7992,36,58799144427,73000,1
58.8017,39,58799233427,2502412,0
58.8019,39,58801789839,73000,1
58.8021,32,58802021433,73000,1
58.81,38,58809922451,73000,1
58.8102,39,58810091451,73000,1
58.8105,35,58810393451,73000,1
58.8105,32,58810393451,73000,1
58.8181,35,58815622463,2502412,0
58.8233,32,58820771475,2502412,0
58.8259,35,58825831487,73000,1
58.8259,33,58825831487,73000,1
58.8287,39,58828628493,73000,1
58.8313,32,58831247499,73000,1
58.8449,32,58844822935,73000,1
58.845,35,58844893935,73000,1
58.8604,35,58860322971,73000,1
58.8604,32,58860322971,73000,1
58.863,36,58862923977,73000,1
58.8731,32,58870620995,2502412,0
58.8759,39,58875859007,73000,1
58.8911,32,58888598037,2502412,0
58.8938,32,58893747049,73000,1
58.9145,35,58912028091,2502412,0
58.9171,32,58914567097,2502412,0
58.9172,35,58917168103,73000,1
58.9198,32,58917319103,2502412,0
58.9276,35,58927528127,73000,1
58.9326,33,58930147133,2502412,0
58.9352,32,58932677139,2502412,0
58.9377,33,58935207145,2502412,0
58.9403,35,58937755151,2502412,0
58.9482,32,58945746575,2502412,0
58.9508,35,58948276581,2502412,0
58.9535,32,58953407593,73000,1
58.9535,33,58953407593,73000,1
58.9535,34,58953407593,73000,1
58.9613,35,58961184611,73000,1
58.9714,32,58968854629,2502412,0
58.974,39,58973923641,73000,1
58.9741,33,58973994641,73000,1
58.9843,32,58981780659,2502412,0
58.9868,32,58984310071,2502412,0
58.9895,35,58989397083,73000,1
58.9996,32,58997067101,2502412,0
59.005,32,59002458113,2502412,0
59.0102,32,59007679125,2502412,0
59.0129,32,59012837137,73000,1
59.0234,33,59023348161,73000,1
59.0462,32,59043713209,2502412,0
59.0491,35,59046556215,2502412,0
59.0492,32,59049086221,73000,1
59.0542,33,59051705227,2502412,0
59.0544,35,59054306233,73000,1
59.062,32,59059464245,2502412,0
59.0621,32,59062002657,73000,1
59.0621,33,59062003251,73000,1
59.0647,32,59064631257,73000,1
59.0723,35,59069762269,2502412,0
59.0825,33,59079980293,2502412,0
59.0878,35,59087739311,73000,1
59.0879,33,59087819311,73000,1
59.088,32,59087917311,73000,1
59.1059,35,59103391347,2502412,0
59.1113,35,59108772765,2502412,0
59.1114,33,59111302771,73000,1
59.1114,35,59111373771,73000,1
59.1243,35,59124273801,73000,1
59.1372,33,59137154831,73000,1
59.1373,36,59137225831,73000,1
59.1454,32,59145313849,73000,1
59.1586,35,59156076279,2502412,0
59.1613,38,59161207291,73000,1
59.1638,39,59161287291,2502412,0
59.1639,35,59163817297,73000,1
59.1741,35,59174044321,73000,1
59.1793,39,59179264333,73000,1
59.2052,39,59205124393,73000,1
59.2336,35,59231049453,2502412,0
59.2361,35,59233596865,2502412,0
59.2438,39,59241293883,2502412,0
59.2464,39,59246353895,73000,1
59.2464,33,59246353895,73000,1
59.2519,35,59251868313,73000,1
59.2623,32,59262228337,73000,1
59.2625,39,59262388337,73000,1
59.2652,35,59265158343,73000,1
59.2652,39,59265158343,73000,1
59.2858,35,59285683391,73000,1
59.296,39,59293451409,2502412,0
59.3115,39,59309016445,2502412,0
59.3166,39,59314076457,2502412,0
59.3219,39,59321791475,73000,1
59.33,39,59329941493,73000,1
59.3428,39,59342769523,73000,1
59.3561,35,59355982009,73000,1
59.3714,33,59368872039,2502412,0
59.3766,33,59376551057,73000,1
59.4073,33,59404790123,2502412,0
59.4074,33,59407319535,73000,1
59.4179,33,59417851153,73000,1
59.4464,37,59446358219,73000,1
59.4464,33,59446358219,73000,1
59.4515,39,59448959225,2502412,0
59.454,39,59451515637,2502412,0
59.4696,37,59467053079,2502412,0
59.4697,39,59469592085,73000,1
59.4775,37,59477449103,73000,1
59.4928,37,59490339133,2502412,0
59.4981,39,59495639145,2502412,0
59.5007,39,59498168557,2502412,0
59.5033,37,59500787563,2502412,0
59.5058,35,59503317569,2502412,0
59.511,35,59508448581,2502412,0
59.5111,39,59511005587,73000,1
59.5111,37,59511076587,73000,1
59.5112,35,59511147587,73000,1
59.5195,35,59519450605,73000,1
59.5196,33,59519521605,73000,1
59.5196,37,59519521605,73000,1
59.5276,35,59527493623,73000,1
59.5301,39,59527564623,2502412,0
59.5351,39,59532624635,2502412,0
59.5456,39,59545479665,73000,1
59.556,35,59555884689,73000,1
59.556,39,59555964689,73000,1
59.5615,35,59561408107,73000,1
59.5692,37,59566726119,2502412,0
59.5693,37,59569255531,73000,1
59.5922,39,59592169179,73000,1
59.6101,37,59610057221,73000,1
59.6307,37,59628169263,2502412,0
59.651,37,59648525311,2502412,0
59.6511,34,59651055317,73000,1
59.6562,38,59653683323,2502412,0
59.6618,38,59661683747,73000,1
59.6618,37,59661683747,73000,1
59.6645,39,59664471753,73000,1
59.6645,37,59664471753,73000,1
59.6646,34,59664542753,73000,1
59.6647,37,59664640753,73000,1
59.68,34,59679936789,73000,1
59.6826,38,59682537795,73000,1
59.6851,37,59682608795,2502412,0
59.6852,34,59685174801,73000,1
59.688,37,59687953807,73000,1
59.6982,34,59695668825,2502412,0
59.6983,34,59698198237,73000,1
59.6984,39,59698287831,73000,1
59.7036,38,59703516843,73000,1
59.7137,37,59711222861,2502412,0
59.7163,34,59713752867,2502412,0
59.7193,34,59719205879,73000,1
59.7193,39,59719205879,73000,1
59.7295,37,59726973897,2502412,0
59.7372,32,59737111921,73000,1
59.7373,37,59737182921,73000,1
59.7475,34,59745030939,2502412,0
59.7502,33,59750170951,73000,1
59.7529,37,59752780957,73000,1
59.7605,37,59760459975,73000,1
59.7631,34,59760601975,2502412,0
59.7635,34,59763444981,73000,1
59.7661,33,59766063987,73000,1
59.7713,36,59771203999,73000,1
59.779,34,59778954017,73000,1
59.8076,37,59805063077,2502412,0
59.8127,37,59810230089,2502412,0
59.8154,34,59815308101,73000,1
59.8234,37,59823300119,73000,1
59.831,38,59828511131,2502412,0
59.8362,37,59836101149,73000,1
59.8388,38,59838720155,73000,1
59.844,38,59841481161,2502412,0
59.8516,38,59849107179,2502412,0
59.8518,38,59851708185,73000,1
59.8619,38,59859405203,2502412,0
59.87,38,59869944633,73000,1
59.875,37,59872545639,2502412,0
59.8879,37,59887788675,73000,1
59.8879,38,59887859675,73000,1
59.8956,35,59893106687,2502412,0
59.8981,35,59895645099,2502412,0
59.9032,37,59900723111,2502412,0
59.9085,35,59908393129,73000,1
59.9161,37,59913551141,2502412,0
59.9188,37,59918700153,73000,1
59.9213,38,59918771153,2502412,0
59.9238,38,59921300565,2502412,0
59.9292,34,59926672983,2502412,0
59.9343,34,59931750995,2502412,0
59.9344,38,59934281001,73000,1
59.9396,35,59939537013,73000,1
59.9446,38,59942138019,2502412,0
59.9447,37,59944668025,73000,1
59.9472,34,59944739025,2502412,0
59.9549,34,59952409043,2502412,0
59.9627,38,59960239061,2502412,0
59.9653,34,59962787067,2502412,0
59.9708,38,59970707491,73000,1
59.971,38,59970903491,73000,1
59.9735,34,59970974491,2502412,0
59.9787,37,59978644509,73000,1
59.9812,34,59978715509,2502412,0
59.9839,34,59983793521,73000,1
59.9864,38,59983873521,2502412,0
59.9891,34,59989022533,73000,1
59.9893,38,59989200533,73000,1
59.9894,35,59989360533,73000,1
59.9999,38,59999827557,73000,1
60.0308,38,60028273623,2502412,0
60.0359,38,60033440635,2502412,0
60.0385,35,60035979641,2502412,0
60.0387,34,60038634647,73000,1
60.0412,37,60038705647,2502412,0
60.0413,35,60041235653,73000,1
60.0415,38,60041377653,73000,1
60.0417,37,60041661653,73000,1
60.0442,35,60041732653,2502412,0
60.0443,37,60044262659,73000,1
60.0469,33,60044404659,2502412,0
60.0471,33,60047076665,73000,1
60.06,35,60059877695,73000,1
60.073,38,60070488125,2502412,0
60.0782,38,60078176143,73000,1
60.0858,33,60083343155,2502412,0
60.0934,35,60090942173,2502412,0
60.0985,37,60096038185,2502412,0
60.1011,33,60098577191,2502412,0
60.1062,38,60103717203,2502412,0
60.1089,38,60108777215,73000,1
60.1089,35,60108777215,73000,1
60.1089,34,60108777215,73000,1
60.109,33,60108937215,73000,1
60.109,37,60108937215,73000,1
60.1192,33,60116687233,2502412,0
60.1243,38,60121836245,2502412,0
60.127,35,60126914257,73000,1
60.1299,37,60129828263,73000,1
60.1375,33,60134977275,2502412,0
60.14,38,60137507281,2502412,0
60.1453,38,60145213299,73000,1
60.1453,33,60145213299,73000,1
60.1579,37,60155440323,2502412,0
60.158,37,60157969735,73000,1
60.1658,33,60163297341,2502412,0
60.1684,33,60168357353,73000,1
60.1684,35,60168357353,73000,1
60.1735,37,60170976359,2502412,0
60.179,37,60178897377,73000,1
60.179,38,60178897377,73000,1
60.179,35,60178897377,73000,1
60.1918,33,60191770407,73000,1
60.1945,33,60194389413,73000,1
60.2023,37,60202184431,73000,1
60.2331,38,60233036503,73000,1
60.2332,37,60233116503,73000,1
60.2333,38,60233232503,73000,1
60.2564,37,60253943551,2502412,0
60.2642,37,60261720569,2502412,0
60.267,37,60266958581,73000,1
60.2753,34,60275190005,73000,1
60.2753,33,60275270005,73000,1
60.286,37,60285950029,73000,1
60.2885,38,60286021029,2502412,0
60.2962,38,60293727047,2502412,0
60.304,38,60303936071,73000,1
60.3194,38,60316907101,2502412,0
60.3299,35,60329788131,73000,1
60.3354,38,60335303143,73000,1
60.3406,37,60340541155,73000,1
60.3431,33,60340612155,2502412,0
60.3458,33,60345681167,73000,1
60.3483,39,60345752167,2502412,0
60.3484,39,60348353173,73000,1
60.351,38,60348504173,2502412,0
60.3512,37,60351114179,73000,1
60.3564,38,60356334191,73000,1
60.3591,39,60359024197,73000,1
60.3644,33,60364324209,73000,1
60.3724,38,60372367227,73000,1
60.3749,39,60372438227,2502412,0
60.3804,33,60380358651,73000,1
60.3881,39,60385561663,2502412,0
60.3983,39,60395761687,2502412,0
60.401,39,60400928699,73000,1
60.401,38,60400928699,73000,1
60.4011,32,60401008699,73000,1
60.4421,39,60439636789,2502412,0
60.4499,39,60447422807,2502412,0
60.4602,39,60457720831,2502412,0
60.4653,39,60462816843,2502412,0
60.4705,39,60467956855,2502412,0
60.4757,33,60473167867,2502412,0
60.4861,39,60483627297,2502412,0
60.4989,33,60498825333,73000,1
60.4989,37,60498825333,73000,1
60.509,33,60506495351,2502412,0
60.5115,39,60509034357,2502412,0
60.5141,38,60511573363,2502412,0
60.5169,38,60516793375,73000,1
60.5194,39,60516873375,2502412,0
60.5195,39,60519402787,73000,1
60.5196,33,60519483381,73000,1
60.5247,38,60524623393,73000,1
60.5323,35,60529790405,2502412,0
60.5324,38,60532329411,73000,1
60.5325,33,60532400411,73000,1
60.535,35,60532471411,2502412,0
60.543,34,60540454429,2502412,0
60.5532,34,60553140459,73000,1
60.5532,35,60553140459,73000,1
60.5532,33,60553140459,73000,1
60.5533,39,60553229459,73000,1
60.556,35,60555946465,73000,1
60.5561,38,60556026465,73000,1
60.5743,34,60574181507,73000,1
60.5977,33,60595178961,2502412,0
60.6004,39,60600283973,73000,1
60.6055,35,60605414985,73000,1
60.6056,33,60605485985,73000,1
60.6056,39,60605556985,73000,1
60.6259,34,60623401027,2502412,0
60.6363,34,60636229057,73000,1
60.6363,33,60636229057,73000,1
60.6389,33,60638866063,73000,1
60.6443,37,60641780069,2502412,0
60.6546,37,60654537099,73000,1
60.66,34,60659944111,73000,1
60.6628,36,60662723117,73000,1
60.6653,37,60662794117,2502412,0
60.6758,37,60673314141,2502412,0
60.6759,36,60675844147,73000,1
60.6811,35,60680993159,73000,1
60.6836,36,60681073159,2502412,0
60.6862,35,60683683165,2502412,0
60.6866,36,60686526171,73000,1
60.6892,37,60689136177,73000,1
60.6917,34,60689207177,2502412,0
60.6942,36,60691737183,2502412,0
60.6968,35,60694276189,2502412,0
60.7045,38,60704476213,73000,1
60.7046,35,60704547213,73000,1
60.7048,36,60704707213,73000,1
60.7048,34,60704707213,73000,1
60.7075,33,60707388219,73000,1
60.7075,35,60707388219,73000,1
60.7151,37,60715049237,73000,1
60.7228,34,60720331249,2502412,0
60.733,34,60730531273,2502412,0
60.7512,36,60751129321,73000,1
60.7513,34,60751200321,73000,1
60.7539,34,60751396321,2502412,0
60.7615,34,60759031339,2502412,0
60.7642,34,60764118351,73000,1
60.7693,35,60769258363,73000,1
60.7694,37,60769329363,73000,1
60.7747,39,60774602375,73000,1
60.7773,36,60777239381,73000,1
60.7773,34,60777239381,73000,1
60.7823,35,60779840387,2502412,0
60.8031,35,60800570841,2502412,0
60.8158,32,60813256871,2502412,0
60.8159,35,60815795877,73000,1
60.8236,32,60821060889,2502412,0
60.8287,36,60828668907,73000,1
60.8315,37,60831420913,73000,1
60.8316,32,60831509913,73000,1
60.8342,34,60834137919,73000,1
60.8367,32,60834208919,2502412,0
60.8368,32,60836747331,73000,1
60.8368,35,60836747925,73000,1
60.8575,33,60855024027,2502412,0
60.8576,38,60857563033,73000,1
60.8629,32,60862810045,73000,1
60.8705,33,60867959057,2502412,0
60.8784,33,60878346081,73000,1
60.8941,35,60894034523,73000,1
60.8992,35,60896733529,2502412,0
60.9043,33,60901802541,2502412,0
60.9094,35,60906880553,2502412,0
60.9095,33,60909419559,73000,1
60.9095,32,60909419559,73000,1
60.9097,35,60909650559,73000,1
60.9149,33,60912367565,2502412,0
60.9175,33,60917445577,73000,1
60.9252,35,60925106595,73000,1
60.933,33,60932927613,73000,1
60.9331,37,60932998613,73000,1
60.9356,33,60933069613,2502412,0
60.9432,32,60940677631,2502412,0
60.9459,32,60945844643,73000,1
60.9484,33,60945924643,2502412,0
60.9513,34,60948767055,2502412,0
60.9565,33,60956455073,73000,1
60.9566,35,60956535073,73000,1
60.9567,34,60956606073,73000,1
60.9694,33,60966895097,2502412,0
60.9745,32,60972026109,2502412,0
60.9746,33,60974556115,73000,1
60.9747,34,60974627115,73000,1
60.9774,32,60977317121,73000,1
60.9906,36,60990492151,73000,1
60.9931,33,60990563151,2502412,0
60.9959,32,60993406157,2502412,0
60.9961,33,60996007163,73000,1
60.9961,39,60996007163,73000,1
60.9988,34,60998750169,73000,1
61.0014,32,60998901169,2502412,0
61.0066,33,61006571187,73000,1
61.0093,32,61009252193,73000,1
61.0146,35,61014552205,73000,1
61.0223,34,61019781217,2502412,0
61.0352,34,61035166253,73000,1
61.0352,32,61035166253,73000,1
61.0379,34,61035353253,2502412,0
61.038,33,61037883259,73000,1
61.038,32,61037883259,73000,1
61.0431,34,61043050271,73000,1
61.0614,34,61061367313,73000,1
61.1104,35,61107932827,2502412,0
61.1156,33,61113072839,2502412,0
61.1207,33,61118221851,2502412,0
61.1234,35,61123290863,73000,1
61.1234,34,61123290863,73000,1
61.1387,32,61136189893,2502412,0
61.1388,33,61138719899,73000,1
61.1388,36,61138719899,73000,1
61.144,32,61143939911,73000,1
61.1547,35,61154589009,73000,1
61.1623,33,61159809021,2502412,0
61.1625,32,61162410027,73000,1
61.1803,33,61180227069,73000,1
61.1881,35,61185581081,2502412,0
61.1958,35,61193251099,2502412,0
61.1987,35,61198659517,73000,1
61.2038,32,61201269523,2502412,0
61.2063,33,61203808529,2502412,0
61.2116,32,61211487547,73000,1
61.2167,35,61214168553,2502412,0
61.2168,32,61216698559,73000,1
61.2193,33,61216778559,2502412,0
61.2195,34,61219450565,73000,1
61.2297,32,61229641589,73000,1
61.2298,35,61229712589,73000,1
61.2324,33,61229890589,2502412,0
61.235,32,61232491595,2502412,0
61.2503,33,61247769631,2502412,0
61.2505,35,61250379637,73000,1
61.2505,33,61250459637,73000,1
61.2506,32,61250530637,73000,1
61.2532,33,61253140643,73000,1
61.2562,35,61256134649,73000,1
61.2563,33,61256214649,73000,1
61.259,32,61258904655,73000,1
61.2819,32,61279402703,2502412,0
61.282,32,61281932115,73000,1
61.3004,34,61300356157,73000,1
61.303,32,61302975163,73000,1
61.3437,32,61341184253,2502412,0
61.3438,32,61343722665,73000,1
61.3515,33,61351411277,73000,1
61.3647,39,61364588307,73000,1
61.3647,34,61364588307,73000,1
61.3775,32,61377407337,73000,1
61.3825,37,61380035343,2502412,0
61.3851,33,61382565349,2502412,0
61.3879,35,61387856361,73000,1
61.3879,32,61387856361,73000,1
61.3931,33,61393058373,73000,1
61.3982,37,61395668379,2502412,0
61.4062,38,61403677803,2502412,0
61.4114,37,61411294821,73000,1
61.4139,33,61411374821,2502412,0
61.4191,38,61418991839,73000,1
61.4343,33,61431810869,2502412,0
61.4344,33,61434367281,73000,1
61.4472,37,61447133905,73000,1
61.4524,38,61452362917,73000,1
61.4705,33,61467980953,2502412,0
61.4755,33,61473040965,2502412,0
61.4834,37,61483285989,73000,1
61.4884,33,61485886995,2502412,0
61.491,32,61490956007,73000,1
61.4963,33,61496221019,73000,1
61.4963,38,61496221019,73000,1
61.5144,37,61514332467,73000,1
61.5145,33,61514403467,73000,1
61.5554,37,61555320563,73000,1
61.566,33,61565967587,73000,1
61.5865,33,61583953629,2502412,0
61.5866,33,61586492041,73000,1
61.5992,35,61596719659,2502412,0
61.5994,35,61599338665,73000,1
61.6071,35,61604558677,2502412,0
61.6151,33,61615018701,73000,1
61.6179,35,61617779707,73000,1
61.6331,35,61630616737,2502412,0
61.6407,38,61638206755,2502412,0
61.6484,35,61645894773,2502412,0
61.6585,38,61656041797,2502412,0
61.6637,35,61663640815,73000,1
61.6717,38,61671658021,73000,1
61.6744,39,61674357027,73000,1
61.6795,35,61677029033,2502412,0
61.6923,33,61692236069,73000,1
61.6924,35,61692307069,73000,1
61.6924,39,61692307069,73000,1
61.7025,38,61700013087,2502412,0
61.7053,35,61705189099,73000,1
61.7053,38,61705260099,73000,1
61.7079,33,61705358099,2502412,0
61.7108,39,61710739517,73000,1
61.7133,35,61710810517,2502412,0
61.7159,35,61713348929,2502412,0
61.7287,35,61728626965,73000,1
61.7287,33,61728626965,73000,1
61.7415,32,61738968989,2502412,0
61.7416,32,61741507401,73000,1
61.7417,35,61741578995,73000,1
61.7417,33,61741649995,73000,1
61.7468,33,61744260001,2502412,0
61.7469,38,61746790007,73000,1
61.7495,32,61749391013,73000,1
61.7495,37,61749391013,73000,1
61.7546,33,61752090019,2502412,0
61.7571,33,61754628431,2502412,0
61.7598,32,61759715443,73000,1
61.7703,39,61767805461,2502412,0
61.7728,33,61770335467,2502412,0
61.7805,33,61780464491,73000,1
61.7806,38,61780535491,73000,1
61.7909,39,61790824515,73000,1
61.796,35,61793532521,2502412,0
61.7962,33,61796142527,73000,1
61.7963,32,61796222527,73000,1
61.804,35,61803972545,73000,1
61.804,39,61803972545,73000,1
61.8065,36,61804043545,2502412,0
61.8195,36,61817023981,2502412,0
61.8246,36,61822092993,2502412,0
61.8324,35,61832320017,73000,1
61.8349,36,61832409017,2502412,0
61.8374,36,61834947429,2502412,0
61.8427,38,61842626447,73000,1
61.8429,36,61842848447,73000,1
61.8506,36,61850545465,73000,1
61.8582,39,61855676477,2502412,0
61.8634,33,61863284495,73000,1
61.8689,39,61868782507,73000,1
61.8792,39,61876648525,2502412,0
61.8819,39,61881788537,73000,1
61.8819,35,61881788537,73000,1
61.892,33,61889494555,2502412,0
61.8972,38,61897102573,73000,1
61.8973,39,61897253573,73000,1
61.8974,33,61897324573,73000,1
61.9,35,61897537573,2502412,0
61.9052,36,61905136591,73000,1
61.9078,33,61907746597,73000,1
61.9129,35,61910427603,2502412,0
61.9159,35,61915818021,73000,1
61.9312,35,61928744051,2502412,0
61.9314,35,61931309463,73000,1
61.9391,33,61939007075,73000,1
61.9544,32,61951853105,2502412,0
61.9595,39,61959443123,73000,1
61.9621,35,61959594123,2502412,0
61.9649,32,61964779135,73000,1
61.9649,35,61964850135,73000,1
61.9703,32,61967798141,2502412,0
61.9758,32,61975710159,73000,1
61.9886,33,61986132183,2502412,0
61.9887,33,61988661595,73000,1
61.9888,32,61988733189,73000,1
61.9989,35,61996430207,2502412,0
62.0041,35,62001588219,2502412,0
62.0068,35,62006755231,73000,1
62.0068,39,62006755231,73000,1
62.0094,33,62006862231,2502412,0
62.0095,36,62009392237,73000,1
62.0326,33,62030122691,2502412,0
62.0353,33,62035182703,73000,1
62.038,35,62037961709,73000,1
62.038,33,62037961709,73000,1
62.0508,32,62050691739,73000,1
62.0558,39,62053301745,2502412,0
62.0609,32,62058388757,2502412,0
62.0634,39,62060918763,2502412,0
62.0687,33,62068597781,73000,1
62.0688,39,62068775781,73000,1
62.0743,32,62074219793,73000,1
62.0744,33,62074361793,73000,1
62.0745,32,62074432793,73000,1
62.0824,33,62082342811,73000,1
62.0901,32,62087553823,2502412,0
62.0951,32,62092613835,2502412,0
62.0952,35,62095143841,73000,1
62.0978,32,62097744847,73000,1
62.1029,39,62100434853,2502412,0
62.1082,37,62105699865,2502412,0
62.1107,39,62108238871,2502412,0
62.1213,37,62121237307,73000,1
62.1213,32,62121237307,73000,1
62.1238,39,62121317307,2502412,0
62.1265,39,62126377319,73000,1
62.1315,39,62128978325,2502412,0
62.1341,39,62134065337,73000,1
62.1446,37,62144541361,73000,1
62.1446,32,62144541361,73000,1
62.1599,39,62157405391,2502412,0
62.1626,39,62162492403,73000,1
62.1653,39,62165191409,73000,1
62.1704,37,62167917415,2502412,0
62.1731,37,62172995427,73000,1
62.1757,36,62175623433,73000,1
62.1862,39,62183686457,2502412,0
62.194,39,62193913481,73000,1
62.1966,35,62194064481,2502412,0
62.1992,35,62199133493,73000,1
62.1993,37,62199231493,73000,1
62.1994,35,62199302493,73000,1
62.2019,39,62199382493,2502412,0
62.202,35,62201930499,73000,1
62.2072,37,62207132511,73000,1
62.2175,39,62217474535,73000,1
62.2463,34,62243772601,2502412,0
62.2464,39,62246302607,73000,1
62.2465,32,62246391607,73000,1
62.249,38,62246471607,2502412,0
62.2566,38,62254070625,2502412,0
62.2591,34,62256600631,2502412,0
62.2645,34,62264439649,73000,1
62.267,38,62264528649,2502412,0
62.2802,37,62280101685,73000,1
62.2853,38,62282791691,2502412,0
62.2905,38,62287949703,2502412,0
62.2982,38,62298167727,73000,1
62.2983,34,62298238727,73000,1
62.2984,39,62298345727,73000,1
62.301,38,62300946733,73000,1
62.3162,34,62313703763,2502412,0
62.3163,37,62316233769,73000,1
62.3189,34,62318852775,73000,1
62.319,35,62318923775,73000,1
62.3426,38,62340081229,2502412,0
62.3502,34,62347671247,2502412,0
62.3503,34,62350209659,73000,1
62.3504,38,62350281253,73000,1
62.3529,34,62350352253,2502412,0
62.3656,33,62363091283,2502412,0
62.3683,37,62365772289,2502412,0
62.3684,34,62368320295,73000,1
62.3709,33,62368391295,2502412,0
62.3786,37,62378547319,73000,1
62.3842,33,62384080331,73000,1
62.3868,38,62386681337,73000,1
62.3894,37,62389309343,73000,1
62.3895,39,62389407343,73000,1
62.3921,35,62392008349,73000,1
62.3921,34,62392008349,73000,1
62.3971,33,62394609355,2502412,0
62.4022,33,62399678367,2502412,0
62.4048,37,62404747379,73000,1
62.4124,33,62409914391,2502412,0
62.4149,33,62412443803,2502412,0
62.4151,34,62415053809,73000,1
62.4203,33,62417761815,2502412,0
62.4259,33,62425851239,73000,1
62.4259,38,62425851239,73000,1
62.431,33,62428461245,2502412,0
62.4336,38,62431062251,2502412,0
62.4338,33,62433690257,73000,1
62.4414,38,62438901269,2502412,0
62.4439,38,62441439681,2502412,0
62.4466,38,62446517693,73000,1
62.4469,38,62446802693,73000,1
62.452,32,62451942705,73000,1
62.452,33,62451942705,73000,1
62.4574,38,62457331717,73000,1
62.4679,33,62467834741,73000,1
62.4705,34,62470453747,73000,1
62.4783,38,62475771759,2502412,0
62.4989,38,62496413807,2502412,0
62.5092,38,62506702831,2502412,0
62.5093,37,62509250837,73000,1
62.5272,38,62524652873,2502412,0
62.5301,38,62530034291,73000,1
62.5301,33,62530034291,73000,1
62.5328,38,62532724297,73000,1
62.5486,35,62548545333,73000,1
62.5694,34,62569337381,73000,1
62.5694,38,62569337381,73000,1
62.6004,36,62597943447,2502412,0
62.6056,33,62605551465,73000,1
62.6081,39,62605631465,2502412,0
62.6082,36,62608161471,73000,1
62.6133,36,62610771477,2502412,0
62.6183,39,62615831489,2502412,0
62.626,39,62623510507,2502412,0
62.634,36,62631501931,2502412,0
62.6366,37,62634102937,2502412,0
62.6393,36,62639269949,73000,1
62.6393,39,62639269949,73000,1
62.6396,39,62639491949,73000,1
62.6446,37,62642092955,2502412,0
62.6573,37,62654840985,2502412,0
62.6702,37,62670164021,73000,1
62.6704,36,62670306021,73000,1
62.678,35,62675455033,2502412,0
62.6781,36,62678065039,73000,1
62.6783,35,62678234039,73000,1
62.6783,39,62678234039,73000,1
62.6808,38,62678323039,2502412,0
62.6834,32,62680924045,2502412,0
62.6835,32,62683453457,73000,1
62.6967,38,62696657081,73000,1
62.6968,37,62696728081,73000,1
62.707,32,62704469099,2502412,0
62.7071,32,62706998511,73000,1
62.7173,37,62717226129,73000,1
62.7173,35,62717226129,73000,1
62.7302,38,62730116159,73000,1
62.7327,35,62730196159,2502412,0
62.7332,35,62733110165,73000,1
62.7332,32,62733110165,73000,1
62.746,37,62743488189,2502412,0
62.7487,37,62748646201,73000,1
62.7513,35,62751247207,73000,1
62.7539,38,62751407207,2502412,0
62.754,38,62753936619,73000,1
62.7591,39,62759068225,73000,1
62.7618,35,62761767231,73000,1
62.7696,32,62769526249,73000,1
62.7723,38,62772207255,73000,1
62.7799,37,62777356267,2502412,0
62.7876,37,62785053285,2502412,0
62.798,36,62795504309,2502412,0
62.8006,37,62800573321,73000,1
62.8031,36,62800644321,2502412,0
62.8058,36,62805749333,73000,1
62.8135,36,62811031345,2502412,0
62.8137,37,62813606351,73000,1
62.8213,36,62818764363,2502412,0
62.8214,35,62821294369,73000,1
62.8265,38,62824002375,2502412,0
62.8266,33,62826532381,73000,1
62.8343,36,62831761393,2502412,0
62.8344,36,62834299805,73000,1
62.8373,38,62837222811,73000,1
62.8501,38,62847547835,2502412,0
62.8577,37,62855155853,2502412,0
62.8602,38,62857694859,2502412,0
62.8628,38,62862754871,73000,1
62.8628,37,62862754871,73000,1
62.868,32,62867974883,73000,1
62.8706,36,62868054883,2502412,0
62.8758,38,62873345895,2502412,0
62.8785,38,62878423907,73000,1
62.8785,36,62878423907,73000,1
62.8812,37,62881113913,73000,1
62.8943,38,62894236943,73000,1
62.8943,35,62894236943,73000,1
62.8969,36,62894387943,2502412,0
62.9073,36,62907260973,73000,1
62.9125,37,62912409985,73000,1
62.915,38,62912498985,2502412,0
62.9177,38,62917665997,73000,1
62.9255,34,62922948009,2502412,0
62.9309,36,62930805027,73000,1
62.9334,34,62930876027,2502412,0
62.9335,39,62933406033,73000,1
62.9336,38,62933477033,73000,1
62.9336,34,62933566033,73000,1
62.9361,38,62933637033,2502412,0
62.9467,34,62944185463,2502412,0
62.9494,38,62946857469,2502412,0
62.9545,34,62952024481,2502412,0
62.9572,38,62957102493,73000,1
62.9599,34,62957387493,2502412,0
62.9627,34,62962607505,73000,1
62.9628,36,62962749505,73000,1
62.9631,34,62963069505,73000,1
62.9633,34,62963211505,73000,1
62.9634,38,62963282505,73000,1
62.9893,37,62989241565,73000,1
62.9999,32,62997447583,2502412,0
63.0001,36,62999986589,73000,1
63.0001,38,62999986589,73000,1
63.0052,32,63005117601,73000,1
63.0103,34,63007789607,2502412,0
63.0105,34,63010390613,73000,1
63.0132,32,63013133619,73000,1
63.0208,32,63018264631,2502412,0
63.0234,32,63023324643,73000,1
63.0286,38,63026067649,2502412,0
63.0287,34,63028606655,73000,1
63.0288,38,63028695655,73000,1
63.0416,37,63039064679,2502412,0
63.0571,38,63054637715,2502412,0
63.0572,32,63057176721,73000,1
63.0598,38,63057247721,2502412,0
63.0624,37,63062325733,73000,1
63.0651,38,63065033739,73000,1
63.0652,34,63065104739,73000,1
63.0652,32,63065175739,73000,1
63.0704,37,63067945745,2502412,0
63.0857,37,63083179781,2502412,0
63.0908,38,63088319793,2502412,0
63.1015,38,63101398823,73000,1
63.1015,37,63101469823,73000,1
63.1093,38,63109246841,73000,1
63.117,35,63114484853,2502412,0
63.1221,37,63119615865,2502412,0
63.1299,37,63129815889,73000,1
63.13,35,63129886889,73000,1
63.1427,39,63140175913,2502412,0
63.1483,35,63148185931,73000,1
63.1483,38,63148256931,73000,1
63.1483,37,63148256931,73000,1
63.1559,39,63153396943,2502412,0
63.1661,37,63163623967,2502412,0
63.1662,39,63166153973,73000,1
63.1714,37,63171293985,73000,1
63.174,37,63171453985,2502412,0
63.1741,32,63173983991,73000,1
63.1742,39,63174125991,73000,1
63.1767,35,63174223991,2502412,0
63.1819,34,63181841009,73000,1
63.187,37,63184451015,2502412,0
63.1871,35,63186999021,73000,1
63.1973,37,63194749039,2502412,0
63.2053,35,63205218063,73000,1
63.208,37,63207926069,73000,1
63.208,38,63207926069,73000,1
63.231,37,63228478117,2502412,0
63.2311,39,63231026123,73000,1
63.2336,36,63231106123,2502412,0
63.2337,36,63233653535,73000,1
63.2337,37,63233654129,73000,1
63.2363,34,63233814129,2502412,0
63.2389,34,63236352541,2502412,0
63.2466,34,63244120559,2502412,0
63.2547,35,63254589583,73000,1
63.2547,37,63254589583,73000,1
63.2547,34,63254660583,73000,1
63.2548,36,63254740583,73000,1
63.2651,34,63265029607,73000,1
63.2702,32,63267710613,2502412,0
63.2779,32,63277866637,73000,1
63.2833,34,63283273649,73000,1
63.2988,32,63298702685,73000,1
63.2988,35,63298773685,73000,1
63.3013,37,63298844685,2502412,0
63.312,37,63311887715,73000,1
63.3146,36,63312056715,2502412,0
63.3173,36,63314764721,2502412,0
63.3174,32,63317365727,73000,1
63.3276,36,63327574751,73000,1
63.3404,36,63337863775,2502412,0
63.3405,36,63340393187,73000,1
63.3405,37,63340464781,73000,1
63.3406,35,63340535781,73000,1
63.3431,39,63340606781,2502412,0
63.3456,32,63343136787,2502412,0
63.3587,32,63358656229,73000,1
63.3587,39,63358656229,73000,1
63.3588,36,63358745229,73000,1
63.3742,36,63371698259,2502412,0
63.377,34,63376918271,73000,1
63.377,39,63376918271,73000,1
63.3771,32,63377007271,73000,1
63.3873,36,63387216295,73000,1
63.3949,36,63392427307,2502412,0
63.4001,37,63400044325,73000,1
63.4001,32,63400044325,73000,1
63.408,36,63405506337,2502412,0
63.4106,36,63410575349,73000,1
63.4211,36,63420980373,73000,1
63.4312,39,63428650391,2502412,0
63.4337,32,63431180397,2502412,0
63.4389,32,63438797415,73000,1
63.4389,39,63438868415,73000,1
63.4469,39,63446796433,73000,1
63.4499,38,63449789845,73000,1
63.4524,36,63449860845,2502412,0
63.4575,32,63457468863,73000,1
63.4626,36,63460078869,2502412,0
63.4679,36,63467855887,73000,1
63.468,35,63467935887,73000,1
63.468,37,63467935887,73000,1
63.4732,39,63473146899,73000,1
63.4808,36,63478313911,2502412,0
63.486,36,63483453923,2502412,0
63.491,36,63488531935,2502412,0
63.4961,32,63493609947,2502412,0
63.5015,32,63501386965,73000,1
63.504,36,63501457965,2502412,0
63.5065,36,63504014377,2502412,0
63.5095,34,63509405389,73000,1
63.5146,36,63514572401,73000,1
63.5325,32,63529948437,2502412,0
63.5326,32,63532558443,73000,1
63.5326,36,63532558443,73000,1
63.5507,38,63550624485,73000,1
63.5507,39,63550624485,73000,1
63.5533,32,63550766485,2502412,0
63.5587,37,63558669503,73000,1
63.5664,32,63566330521,73000,1
63.5791,39,63576548545,2502412,0
63.5944,39,63591871581,2502412,0
63.5945,35,63594401587,73000,1
63.5971,32,63597011593,73000,1
63.6072,36,63604699611,2502412,0
63.6103,39,63610223623,73000,1
63.6129,36,63612833629,73000,1
63.6181,39,63618053641,73000,1
63.6259,36,63625839659,73000,1
63.6335,32,63630997671,2502412,0
63.636,32,63633536083,2502412,0
63.6437,36,63643656107,73000,1
63.6488,32,63646275113,2502412,0
63.657,32,63654462537,2502412,0
63.6646,32,63662052555,2502412,0
63.6722,32,63669731573,2502412,0
63.6774,32,63677321591,73000,1
63.6774,36,63677321591,73000,1
63.6775,39,63677392591,73000,1
63.7029,32,63700394645,2502412,0
63.7054,32,63702924057,2502412,0
63.7055,32,63705453469,73000,1
63.7262,32,63723691105,2502412,0
63.749,32,63746497159,2502412,0
63.7595,33,63759468595,73000,1
63.7646,32,63762096601,2502412,0
63.7647,32,63764626013,73000,1
63.7674,36,63764857607,2502412,0
63.7724,36,63769917619,2502412,0
63.7726,36,63772527625,73000,1
63.778,36,63777899637,73000,1
63.7781,32,63778068637,73000,1
63.7782,39,63778139637,73000,1
63.7859,32,63785836655,73000,1
63.7911,37,63791056667,73000,1
63.8012,36,63798744685,2502412,0
63.8038,36,63801283097,2502412,0
63.8169,36,63816812133,73000,1
63.8195,36,63819449139,73000,1
63.8196,32,63819538139,73000,1
63.8274,37,63824865151,2502412,0
63.8275,37,63827394563,73000,1
63.8276,39,63827537157,73000,1
63.8278,36,63827697157,73000,1
63.8459,37,63845826199,73000,1
63.8875,37,63885018063,2502412,0
63.8927,37,63892626081,73000,1
63.9158,36,63915699135,73000,1
63.9158,37,63915770135,73000,1
63.9397,32,63939608189,73000,1
63.9422,34,63939679189,2502412,0
63.9449,34,63944837201,73000,1
63.9475,34,63947447207,73000,1
63.9834,34,63980863691,2502412,0
63.9837,37,63983589697,73000,1
63.9863,34,63986217703,73000,1
63.9965,39,63996435727,73000,1
63.9993,34,63999188733,73000,1
64.0173,38,64017263775,73000,1
64.033,34,64032961811,73000,1
64.0513,36,64051276853,73000,1
64.0592,34,64056665865,2502412,0
64.0649,37,64064844289,73000,1
64.065,34,64064915289,73000,1
64.0829,34,64082821331,73000,1
64.1268,37,64124299427,2502412,0
64.1269,34,64126838433,73000,1
64.1397,37,64139577463,73000,1
64.1632,37,64163094517,73000,1
64.1765,37,64176421953,73000,1
64.2128,37,64212679037,73000,1
64.223,34,64222915061,73000,1
64.4094,37,64409309305,73000,1
64.4197,32,64417192323,2502412,0
64.4301,32,64427561347,2502412,0
64.4358,32,64435721771,73000,1
64.4486,32,64448576801,73000,1
64.4664,34,64463916837,2502412,0
64.4715,34,64469003849,2502412,0
64.482,34,64479534279,2502412,0
64.4873,34,64487213297,73000,1
64.4901,34,64490037303,73000,1
64.4928,32,64492745309,73000,1
64.5138,33,64513679357,73000,1
64.5189,36,64516378363,2502412,0
64.5321,33,64532022399,73000,1
64.5423,36,64542222423,73000,1
64.5475,34,64545001429,2502412,0
64.5477,35,64547611435,73000,1
64.5553,34,64552760447,2502412,0
64.5555,34,64555379453,73000,1
64.5656,33,64563120471,2502412,0
64.5657,35,64565650477,73000,1
64.5683,36,64568260483,73000,1
64.5763,34,64576251907,73000,1
64.579,33,64578950913,73000,1
64.5842,32,64584090925,73000,1
64.5893,35,64589257937,73000,1
64.5947,33,64594646949,73000,1
64.5999,35,64599795961,73000,1
64.5999,33,64599866961,73000,1
64.618,34,64615535997,2502412,0
64.6308,36,64628275027,2502412,0
64.631,36,64630912033,73000,1
64.6311,34,64631054033,73000,1
64.6366,36,64636525045,73000,1
64.6418,33,64641763057,73000,1
64.6471,32,64646983069,73000,1
64.6472,34,64647125069,73000,1
64.6575,34,64657423093,73000,1
64.6678,35,64665333111,2502412,0
64.668,34,64667908117,73000,1
64.6707,35,64670598123,73000,1
64.6836,35,64681137553,2502412,0
64.6888,36,64688754571,73000,1
64.689,35,64688923571,73000,1
64.712,35,64709519619,2502412,0
64.7197,35,64717207637,2502412,0
64.7299,35,64727425661,2502412,0
64.7407,35,64740602691,73000,1
64.7615,35,64761393739,73000,1
64.7718,36,64769330757,2502412,0
64.772,37,64771878763,73000,1
64.7747,34,64774666769,73000,1
64.7773,36,64774808769,2502412,0
64.7829,35,64782791193,73000,1
64.7829,36,64782862193,73000,1
64.7881,38,64788047205,73000,1
64.7933,39,64793196217,73000,1
64.8061,38,64803565241,2502412,0
64.8138,35,64811253259,2502412,0
64.8139,35,64813782671,73000,1
64.8139,38,64813783265,73000,1
64.8164,36,64813854265,2502412,0
64.8266,36,64826513295,73000,1
64.8348,35,64834752313,73000,1
64.8348,38,64834752313,73000,1
64.8403,36,64837753319,2502412,0
64.8508,33,64848265749,2502412,0
64.8509,36,64850866755,73000,1
64.8636,36,64861120779,2502412,0
64.8637,33,64863650785,73000,1
64.8764,33,64873859809,2502412,0
64.8791,36,64879026821,73000,1
64.8817,32,64881627827,73000,1
64.8896,33,64887080245,2502412,0
64.8947,35,64892211257,2502412,0
64.8972,38,64894741263,2502412,0
64.9023,38,64899801275,2502412,0
64.9075,36,64907391293,73000,1
64.91,33,64907462293,2502412,0
64.915,38,64912522305,2502412,0
64.9201,38,64917582317,2502412,0
64.9203,38,64920183323,73000,1
64.9228,35,64920272323,2502412,0
64.9279,33,64927871341,73000,1
64.9279,38,64927871341,73000,1
64.9331,36,64933038353,73000,1
64.9356,35,64933109353,2502412,0
64.9357,37,64935648359,73000,1
64.9412,35,64941110371,73000,1
64.9462,33,64943729377,2502412,0
64.9565,33,64954018401,2502412,0
64.9591,36,64956548407,2502412,0
64.9616,38,64959078413,2502412,0
64.9642,33,64964138425,73000,1
64.9642,35,64964138425,73000,1
64.9643,38,64964209425,73000,1
64.9723,36,64972181443,73000,1
64.9824,33,64979878461,2502412,0
64.9875,38,64984956473,2502412,0
64.9879,38,64987799479,73000,1
64.9954,38,64992939491,2502412,0
64.998,33,64995469497,2502412,0
65.0007,38,64998230503,2502412,0
65.0083,33,65005838521,2502412,0
65.011,33,65008448527,2502412,0
65.016,39,65013508539,2502412,0
65.0185,36,65016038545,2502412,0
65.0187,39,65018586551,73000,1
65.0187,33,65018586551,73000,1
65.0212,38,65018666551,2502412,0
65.0213,36,65021196557,73000,1
65.0263,35,65023815563,2502412,0
65.0264,35,65026344975,73000,1
65.0314,39,65028946575,2502412,0
65.034,38,65031485581,2502412,0
65.0365,33,65034033587,2502412,0
65.0416,38,65039111599,2502412,0
65.0471,36,65047023617,73000,1
65.0472,39,65047094617,73000,1
65.0472,33,65047174617,73000,1
65.0473,38,65047245617,73000,1
65.05,35,65049944623,73000,1
65.0628,39,65062692653,73000,1
65.0678,38,65065302659,2502412,0
65.0679,39,65067832665,73000,1
65.0679,35,65067832665,73000,1
65.0704,34,65067921665,2502412,0
65.073,38,65070451671,2502412,0
65.0755,36,65072981677,2502412,0
65.0833,33,65083181701,73000,1
65.0833,36,65083261701,73000,1
65.0833,34,65083261701,73000,1
65.0913,38,65091244125,73000,1
65.0964,36,65093881131,2502412,0
65.1042,36,65101738149,2502412,0
65.1069,38,65104348155,2502412,0
65.1095,34,65107038161,2502412,0
65.1121,34,65109567573,2502412,0
65.1147,36,65114627585,73000,1
65.1197,38,65117237591,2502412,0
65.1198,36,65119776597,73000,1
65.1198,34,65119776597,73000,1
65.1224,33,65119847597,2502412,0
65.1275,33,65127437615,73000,1
65.1276,39,65127526615,73000,1
65.1276,36,65127526615,73000,1
65.1302,38,65130145621,73000,1
65.1429,33,65140390645,2502412,0
65.1459,38,65145781657,73000,1
65.1484,33,65145852657,2502412,0
65.1509,35,65148382663,2502412,0
65.151,34,65150912669,73000,1
65.1586,33,65156052681,2502412,0
65.1612,35,65161130693,73000,1
65.1688,33,65166333705,2502412,0
65.1715,33,65171411717,73000,1
65.1742,38,65174119723,73000,1
65.1742,35,65174119723,73000,1
65.1818,33,65179321735,2502412,0
65.1845,33,65184461747,73000,1
65.1896,34,65187089753,2502412,0
65.1927,39,65192596171,73000,1
65.1952,33,65192667171,2502412,0
65.1978,34,65195268177,2502412,0
65.198,33,65197958183,73000,1
65.2083,34,65208185207,73000,1
65.2083,38,65208185207,73000,1
65.2083,35,65208256207,73000,1
65.211,36,65210937213,73000,1
65.2214,34,65221316237,73000,1
65.2214,33,65221316237,73000,1
65.2369,35,65236853273,73000,1
65.2601,33,65257646321,2502412,0
65.2652,34,65262706333,2502412,0
65.273,33,65270456351,2502412,0
65.278,34,65275525363,2502412,0
65.2781,34,65278054775,73000,1
65.2807,34,65280656375,73000,1
65.2883,33,65285823387,2502412,0
65.291,33,65290892399,73000,1
65.312,33,65309448847,2502412,0
65.3272,33,65324655883,2502412,0
65.3273,34,65327185889,73000,1
65.3349,33,65332441901,2502412,0
65.3403,33,65340263919,73000,1
65.3454,39,65342864925,2502412,0
65.3505,36,65348013937,2502412,0
65.3535,36,65353395355,73000,1
65.356,39,65353466355,2502412,0
65.3561,34,65355996361,73000,1
65.3612,39,65358677367,2502412,0
65.3688,38,65366285385,2502412,0
65.374,33,65371505397,2502412,0
65.3741,39,65374035403,73000,1
65.3742,38,65374106403,73000,1
65.3743,36,65374186403,73000,1
65.3844,38,65381865421,2502412,0
65.392,33,65389464439,2502412,0
65.3921,33,65391993851,73000,1
65.3921,39,65391994445,73000,1
65.3921,38,65392074445,73000,1
65.4031,36,65403033021,73000,1
65.4057,39,65403175021,2502412,0
65.4083,39,65408244033,73000,1
65.4085,36,65408395033,73000,1
65.4085,35,65408466033,73000,1
65.4085,38,65408466033,73000,1
65.4087,33,65408617033,73000,1
65.4189,33,65418826057,73000,1
65.424,38,65421507063,2502412,0
65.4291,32,65426603075,2502412,0
65.4368,32,65436768099,73000,1
65.4368,39,65436768099,73000,1
65.4369,38,65436839099,73000,1
65.4474,32,65447333123,73000,1
65.453,38,65452964135,73000,1
65.4559,39,65455805141,73000,1
65.4638,38,65463733159,73000,1
65.4689,32,65466414165,2502412,0
65.4716,33,65471519177,73000,1
65.4766,32,65474120183,2502412,0
65.4845,32,65484436207,73000,1
65.4846,38,65484507207,73000,1
65.4898,32,65489727219,73000,1
65.5002,39,65497727643,2502412,0
65.503,39,65502947655,73000,1
65.503,34,65502947655,73000,1
65.5056,32,65503089655,2502412,0
65.521,32,65518465691,2502412,0
65.5261,32,65523614703,2502412,0
65.5364,39,65533850727,2502412,0
65.5365,39,65536380139,73000,1
65.5415,32,65538999739,2502412,0
65.5445,38,65544415751,73000,1
65.5471,32,65547016757,73000,1
65.5471,39,65547016757,73000,1
65.5629,32,65560424787,2502412,0
65.5708,36,65570722811,73000,1
65.5758,32,65573323817,2502412,0
65.5785,37,65578419829,73000,1
65.5812,37,65581091835,73000,1
65.5889,32,65586435847,2502412,0
65.5944,32,65591886859,2502412,0
65.5996,39,65597106871,2502412,0
65.6051,39,65605018889,73000,1
65.6052,32,65605107889,73000,1
65.6052,34,65605107889,73000,1
65.6077,39,65605178889,2502412,0
65.6102,37,65607708895,2502412,0
65.6153,39,65612839907,2502412,0
65.6179,37,65615369913,2502412,0
65.6256,37,65623101931,2502412,0
65.6307,37,65628232943,2502412,0
65.6333,32,65630762949,2502412,0
65.6409,39,65638432967,2502412,0
65.6435,32,65640971973,2502412,0
65.6437,39,65643643979,73000,1
65.6437,37,65643643979,73000,1
65.6541,32,65653995003,73000,1
65.6595,39,65659439015,73000,1
65.6597,39,65659581015,73000,1
65.6624,32,65662289021,73000,1
65.6624,37,65662369021,73000,1
65.6675,32,65664988027,2502412,0
65.6728,32,65672721045,73000,1
65.6906,37,65690529087,73000,1
65.6931,32,65690600087,2502412,0
65.6932,33,65693130093,73000,1
65.6983,32,65695776099,2502412,0
65.7008,35,65698306105,2502412,0
65.7033,35,65700844517,2502412,0
65.7087,35,65706226529,2502412,0
65.7163,32,65713825547,2502412,0
65.7164,35,65716364553,73000,1
65.7191,32,65719072559,73000,1
65.7193,35,65719232559,73000,1
65.7194,32,65719312559,73000,1
65.727,39,65724461571,2502412,0
65.7272,35,65727080577,73000,1
65.7322,39,65729699583,2502412,0
65.7399,32,65737378601,2502412,0
65.7424,32,65739908013,2502412,0
65.7525,32,65750037037,2502412,0
65.7526,39,65752576043,73000,1
65.7528,32,65752718043,73000,1
65.7529,37,65752834043,73000,1
65.7554,39,65752905043,2502412,0
65.7555,39,65755443455,73000,1
65.7606,39,65758072055,2502412,0
65.761,32,65760914467,73000,1
65.7636,32,65761110467,2502412,0
65.7712,39,65768700485,2502412,0
65.7713,33,65771230491,73000,1
65.7764,32,65773938497,2502412,0
65.7765,39,65776468503,73000,1
65.7918,32,65791746539,73000,1
65.797,35,65794454545,2502412,0
65.7971,37,65796993551,73000,1
65.8047,35,65802240563,2502412,0
65.8052,39,65805083569,73000,1
65.8129,35,65812869587,73000,1
65.813,32,65812949587,73000,1
65.8387,35,65836147641,2502412,0
65.8413,35,65841207653,73000,1
65.8464,35,65846365665,73000,1
65.8515,32,65848975671,2502412,0
65.8542,32,65854115683,73000,1
65.8671,39,65864628707,2502412,0
65.8723,38,65872245725,73000,1
65.88,39,65877474737,2502412,0
65.8852,39,65882694749,2502412,0
65.8879,39,65887843761,73000,1
65.8879,32,65887843761,73000,1
65.9034,35,65903343797,73000,1
65.909,39,65908965215,73000,1
65.909,32,65908965215,73000,1
65.9579,39,65957837329,73000,1
66.0152,35,66015164867,73000,1
66.0177,32,66015244867,2502412,0
66.0178,32,66017774279,73000,1
66.0258,32,66023305885,2502412,0
66.0413,32,66038814921,2502412,0
66.049,32,66046475939,2502412,0
66.0542,36,66051704951,2502412,0
66.0594,32,66056924963,2502412,0
66.0596,36,66059481969,73000,1
66.0596,39,66059481969,73000,1
66.0648,32,66064710981,73000,1
66.0728,32,66070305993,2502412,0
66.0831,32,66080577017,2502412,0
66.0909,36,66090875041,73000,1
66.091,32,66090955041,73000,1
66.1169,37,66114438501,2502412,0
66.1171,36,66117039507,73000,1
66.1197,37,66119649513,73000,1
66.1223,32,66119791513,2502412,0
66.1325,37,66132450543,73000,1
66.1327,32,66132592543,73000,1
66.1429,38,66142837567,73000,1
66.143,32,66142908567,73000,1
66.1507,37,66150676585,73000,1
66.1507,35,66150676585,73000,1
66.1559,37,66153384591,2502412,0
66.1663,37,66166230621,73000,1
66.1718,37,66171719633,73000,1
66.1896,33,66187113669,2502412,0
66.1972,32,66194712687,2502412,0
66.1999,33,66199843699,73000,1
66.1999,36,66199843699,73000,1
66.1999,37,66199843699,73000,1
66.205,32,66202515705,2502412,0
66.2051,32,66205045117,73000,1
66.2183,32,66215798141,2502412,0
66.2209,33,66218399147,2502412,0
66.2311,32,66228599171,2502412,0
66.2336,32,66231137583,2502412,0
66.2389,33,66236410595,2502412,0
66.2518,32,66251759631,73000,1
66.2543,33,66251830631,2502412,0
66.2595,33,66259456649,73000,1
66.2621,32,66259643649,2502412,0
66.2753,36,66275181685,73000,1
66.2753,37,66275181685,73000,1
66.2753,32,66275252685,73000,1
66.2805,32,66280401697,73000,1
66.2807,33,66280579697,73000,1
66.2858,39,66283296703,2502412,0
66.286,39,66285897709,73000,1
66.2963,35,66296195733,73000,1
66.3039,39,66303856751,73000,1
66.3065,38,66303954751,2502412,0
66.3066,38,66306564757,73000,1
66.3145,32,66314377775,73000,1
66.3224,32,66319875193,2502412,0
66.325,32,66322476199,2502412,0
66.3302,38,66327678211,2502412,0
66.338,33,66337949235,73000,1
66.3405,38,66338038235,2502412,0
66.3431,32,66340639241,2502412,0
66.3534,39,66353307271,73000,1
66.3584,38,66355908277,2502412,0
66.3586,32,66358483283,73000,1
66.3637,34,66361235289,2502412,0
66.3639,32,66363783295,73000,1
66.3639,38,66363854295,73000,1
66.3665,34,66364005295,2502412,0
66.3771,37,66374625319,2502412,0
66.3798,34,66379685331,73000,1
66.3823,37,66379756331,2502412,0
66.3849,38,66384825343,73000,1
66.3899,37,66387426349,2502412,0
66.3926,34,66392486361,73000,1
66.3977,37,66397653373,73000,1
66.4156,37,66415568415,73000,1
66.4237,37,66423586839,73000,1
66.4237,32,66423586839,73000,1
66.4288,32,66428735851,73000,1
66.4314,33,66428895851,2502412,0
66.434,37,66433964863,73000,1
66.4417,33,66439184875,2502412,0
66.4518,39,66449331899,2502412,0
66.4544,34,66451861905,2502412,0
66.4594,38,66456930917,2502412,0
66.4621,34,66462017929,73000,1
66.4621,33,66462017929,73000,1
66.4672,39,66464689935,2502412,0
66.4723,38,66469829947,2502412,0
66.4779,39,66477830965,73000,1
66.488,33,66485509983,2502412,0
66.4881,38,66488048989,73000,1
66.4881,39,66488048989,73000,1
66.4908,33,66490720995,73000,1
66.496,34,66495950007,73000,1
66.4961,39,66496021007,73000,1
66.4986,38,66496092007,2502412,0
66.5012,38,66501161019,73000,1
66.5039,38,66503851025,73000,1
66.509,33,66506470031,2502412,0
66.5118,37,66511682043,73000,1
66.5118,33,66511771043,73000,1
66.5145,33,66514443049,73000,1
66.5505,34,66547993533,2502412,0
66.5532,38,66553080545,73000,1
66.5633,34,66560768563,2502412,0
66.5761,34,66573561593,2502412,0
66.5813,34,66578772605,2502412,0
66.5818,33,66581686017,73000,1
66.5946,34,66594567047,73000,1
66.5998,39,66599716059,73000,1
66.6075,34,66607475077,73000,1
66.6227,34,66620214107,2502412,0
66.6281,39,66625595525,2502412,0
66.6282,39,66628133937,73000,1
66.6308,39,66630762537,73000,1
66.6333,34,66630842537,2502412,0
66.6437,33,66643599567,73000,1
66.6487,34,66646200573,2502412,0
66.659,34,66656454597,2502412,0
66.6692,34,66666743621,2502412,0
66.682,32,66679500651,2502412,0
66.6849,34,66684873069,73000,1
66.6874,39,66684944069,2502412,0
66.69,32,66687483075,2502412,0
66.6925,33,66690031081,2502412,0
66.6926,38,66692561087,73000,1
66.6927,39,66692632087,73000,1
66.6927,36,66692632087,73000,1
66.6952,32,66692712087,2502412,0
66.6978,34,66697772099,73000,1
66.7004,32,66700373105,73000,1
66.7004,35,66700373105,73000,1
66.7029,33,66700444105,2502412,0
66.7158,33,66715722141,73000,1
66.7185,34,66718421147,73000,1
66.7186,39,66718492147,73000,1
66.7239,32,66723783159,73000,1
66.7264,33,66723934159,2502412,0
66.7293,33,66726777165,2502412,0
66.7345,33,66734456183,73000,1
66.7522,33,66749725219,2502412,0
66.7625,33,66762456249,73000,1
66.7701,39,66767605261,2502412,0
66.7752,39,66772692273,2502412,0
66.7829,32,66780371291,2502412,0
66.7908,33,66788283309,2502412,0
66.7909,32,66790813315,73000,1
66.7934,39,66790884315,2502412,0
66.7936,38,66793485321,73000,1
66.7986,33,66796104327,2502412,0
66.8013,39,66801271339,73000,1
66.8039,33,66801351339,2502412,0
66.8064,34,66803881345,2502412,0
66.8116,32,66811560363,73000,1
66.8116,39,66811560363,73000,1
66.8141,34,66811631363,2502412,0
66.8243,33,66821760387,2502412,0
66.8347,33,66832228817,2502412,0
66.8399,34,66837359829,2502412,0
66.8424,35,66839889835,2502412,0
66.8425,35,66842428247,73000,1
66.8501,34,66847577853,2502412,0
66.8526,33,66850134859,2502412,0
66.8527,39,66852664865,73000,1
66.8553,35,66852824865,2502412,0
66.8579,32,66855434871,2502412,0
66.858,32,66857964283,73000,1
66.8581,33,66858044877,73000,1
66.8581,34,66858044877,73000,1
66.866,35,66865936895,73000,1
66.8686,32,66868537901,73000,1
66.8763,33,66873775913,2502412,0
66.884,35,66883913937,73000,1
66.884,38,66883913937,73000,1
66.8894,34,66889366949,73000,1
66.8895,35,66889437949,73000,1
66.892,33,66889535949,2502412,0
66.8972,33,66894693961,2502412,0
66.8973,32,66897232967,73000,1
66.9075,33,66904947985,2502412,0
66.9126,33,66912574003,73000,1
66.9256,33,66925491033,73000,1
66.9307,34,66928226039,2502412,0
66.9311,35,66931069045,73000,1
66.9388,34,66938739063,73000,1
66.9493,34,66949180087,73000,1
66.9493,32,66949260087,73000,1
66.9494,39,66949340087,73000,1
66.957,33,66954489099,2502412,0
66.9723,33,66969776135,2502412,0
66.9799,34,66977366153,2502412,0
66.9825,34,66980012159,2502412,0
66.9827,33,66982613165,73000,1
66.9907,34,66990587183,73000,1
66.9985,33,66995976195,2502412,0
67.0037,33,67003655213,73000,1
67.0037,37,67003655213,73000,1
67.0088,34,67006265219,2502412,0
67.009,34,67008946225,73000,1
67.0295,33,67027039267,2502412,0
67.0351,33,67035030691,73000,1
67.0351,34,67035030691,73000,1
67.0352,38,67035128691,73000,1
67.0583,35,67055831739,2502412,0
67.0609,33,67058441745,2502412,0
67.0611,33,67061051751,73000,1
67.0611,35,67061051751,73000,1
67.0663,33,67063759757,2502412,0
67.069,34,67068899769,73000,1
67.0845,33,67084381805,73000,1
67.0845,35,67084452805,73000,1
67.098,35,67097975835,73000,1
67.0981,33,67098073835,73000,1
67.1082,33,67105743853,2502412,0
67.1084,33,67108291265,73000,1
67.1084,34,67108291859,73000,1
67.1186,33,67116077877,2502412,0
67.1287,33,67126215901,2502412,0
67.1394,33,67139285337,73000,1
67.1573,33,67154830373,2502412,0
67.17,32,67167516403,2502412,0
67.1802,33,67177663427,2502412,0
67.1853,33,67182794439,2502412,0
67.1879,32,67187854451,73000,1
67.1955,39,67193003463,2502412,0
67.2035,33,67201021887,2502412,0
67.2113,39,67208771905,2502412,0
67.2114,35,67211372911,73000,1
67.2115,33,67211443911,73000,1
67.2169,39,67216814923,73000,1
67.2169,37,67216814923,73000,1
67.217,38,67216885923,73000,1
67.217,32,67216885923,73000,1
67.2196,33,67219486929,73000,1
67.2196,38,67219557929,73000,1
67.2196,32,67219557929,73000,1
67.243,39,67242881389,73000,1
67.243,37,67242881389,73000,1
67.2456,38,67243086389,2502412,0
67.2534,37,67253304413,73000,1
67.261,39,67258462425,2502412,0
67.2611,38,67261001431,73000,1
67.2688,33,67268760449,73000,1
67.274,39,67273909461,73000,1
67.2741,37,67273998461,73000,1
67.2868,32,67284287485,2502412,0
67.2945,32,67294434509,73000,1
67.2945,38,67294434509,73000,1
67.2971,39,67294585509,2502412,0
67.2999,33,67297427921,2502412,0
67.3026,39,67302487933,73000,1
67.3026,37,67302487933,73000,1
67.3103,33,67307787945,2502412,0
67.3155,33,67313034957,2502412,0
67.3157,32,67315635963,73000,1
67.3158,33,67315715963,73000,1
67.3158,39,67315715963,73000,1
67.3186,35,67318485969,73000,1
67.3186,38,67318485969,73000,1
67.3341,38,67334066005,73000,1
67.3418,33,67339251017,2502412,0
67.3447,33,67344651029,73000,1
67.3447,34,67344651029,73000,1
67.3473,33,67344793029,2502412,0
67.35,37,67349942041,73000,1
67.35,39,67349942041,73000,1
67.3577,33,67357630059,73000,1
67.368,32,67367946083,73000,1
67.3835,33,67380952113,2502412,0
67.3885,33,67386012125,2502412,0
67.3986,33,67396141149,2502412,0
67.4041,32,67401629567,2502412,0
67.4042,33,67404159573,73000,1
67.4195,32,67416978603,2502412,0
67.4298,32,67427258627,2502412,0
67.4299,32,67429788039,73000,1
67.4351,33,67435008645,73000,1
67.4351,32,67435008645,73000,1
67.4352,36,67435097645,73000,1
67.4352,38,67435097645,73000,1
67.4485,35,67448389081,73000,1
67.4486,32,67448487081,73000,1
67.4665,39,67466464123,73000,1
67.4872,33,67484655165,2502412,0
67.4975,33,67497403195,73000,1
67.5056,32,67505502213,73000,1
67.5186,33,67518499243,73000,1
67.5445,37,67541981297,2502412,0
67.5524,37,67549883721,2502412,0
67.5603,37,67560252745,73000,1
67.5604,38,67560350745,73000,1
67.5632,37,67563093751,73000,1
67.5632,33,67563173751,73000,1
67.5684,38,67565863757,2502412,0
67.5737,38,67573595775,73000,1
67.5891,38,67586548805,2502412,0
67.5917,38,67591626817,73000,1
67.5917,34,67591626817,73000,1
67.5943,33,67594227823,73000,1
67.6227,37,67620214883,2502412,0
67.6254,38,67625301895,73000,1
67.6358,37,67635714919,73000,1
67.6358,32,67635714919,73000,1
67.641,38,67640890931,73000,1
67.6435,37,67641041931,2502412,0
67.649,38,67648953355,73000,1
67.6618,37,67659322379,2502412,0
67.672,32,67669460403,2502412,0
67.6721,32,67671989815,73000,1
67.6721,37,67672061409,73000,1
67.6901,37,67690074451,73000,1
67.6928,37,67692684457,73000,1
67.6928,39,67692755457,73000,1
67.7059,32,67705807487,73000,1
67.7443,36,67744212577,73000,1
67.7444,32,67744283577,73000,1
67.765,36,67762449025,2502412,0
67.7751,33,67772578049,2502412,0
67.7754,36,67775304055,73000,1
67.7755,33,67775446055,73000,1
67.778,36,67775517055,2502412,0
67.7882,36,67785717079,2502412,0
67.7985,37,67798474109,73000,1
67.7988,33,67798687109,73000,1
67.8013,36,67798829109,2502412,0
67.8039,36,67801358521,2502412,0
67.8094,36,67809341539,73000,1
67.8273,36,67824824575,2502412,0
67.8301,33,67827612581,2502412,0
67.8327,36,67830151587,2502412,0
67.8379,36,67837777605,73000,1
67.8379,33,67837777605,73000,1
67.853,36,67850534635,2502412,0
67.8687,36,67866152671,2502412,0
67.8688,33,67868682677,73000,1
67.8688,32,67868762677,73000,1
67.874,36,67873929689,73000,1
67.8791,36,67876548695,2502412,0
67.8869,36,67886784719,73000,1
67.8922,33,67892084731,73000,1
67.8973,36,67894836737,2502412,0
67.9026,38,67900056749,2502412,0
67.9051,38,67902586161,2502412,0
67.9052,36,67905116167,73000,1
67.9103,38,67907753173,2502412,0
67.9131,37,67910595585,2502412,0
67.9135,38,67913454591,73000,1
67.9238,37,67921257609,2502412,0
67.9239,36,67923796615,73000,1
67.9343,37,67931759633,2502412,0
67.937,37,67936890645,73000,1
67.9422,33,67942119657,73000,1
67.9422,38,67942119657,73000,1
67.9498,37,67947295669,2502412,0
67.9578,37,67955296093,2502412,0
67.9579,37,67957825505,73000,1
67.9581,33,67957995099,73000,1
67.9839,36,67983855159,73000,1
67.984,37,67983935159,73000,1
67.9842,38,67984095159,73000,1
67.9971,39,67997039189,73000,1
67.9996,38,67997110189,2502412,0
68.0047,38,68002206201,2502412,0
68.0099,37,68009814219,73000,1
68.0124,38,68009903219,2502412,0
68.0307,38,68030587045,73000,1
68.0486,32,68046114081,2502412,0
68.0538,37,68051272093,2502412,0
68.0593,32,68059183517,73000,1
68.0618,37,68059263517,2502412,0
68.0619,38,68061802523,73000,1
68.0695,37,68067022535,2502412,0
68.0722,32,68072082547,73000,1
68.0774,37,68077320559,73000,1
68.0875,38,68084999577,2502412,0
68.0876,38,68087528989,73000,1
68.1029,37,68100446613,2502412,0
68.1081,36,68105595625,2502412,0
68.1082,37,68108125631,73000,1
68.1108,37,68110726637,73000,1
68.1108,32,68110726637,73000,1
68.1213,36,68118807655,2502412,0
68.1214,38,68121346661,73000,1
68.1292,36,68126726673,2502412,0
68.1319,36,68131786685,73000,1
68.1319,38,68131857685,73000,1
68.1372,36,68137104697,73000,1
68.1525,34,68150030727,2502412,0
68.1632,34,68163083163,73000,1
68.1632,37,68163083163,73000,1
68.1657,36,68163163163,2502412,0
68.1658,36,68165710575,73000,1
68.1685,34,68168410175,73000,1
68.171,36,68168481175,2502412,0
68.1712,37,68171171181,73000,1
68.1763,36,68173843187,2502412,0
68.1764,36,68176372599,73000,1
68.1971,33,68197075241,73000,1
68.1998,36,68197306241,2502412,0
68.1999,34,68199854247,73000,1
68.2101,32,68207551265,2502412,0
68.2102,36,68210081271,73000,1
68.2206,36,68218144289,2502412,0
68.2208,32,68220683295,73000,1
68.2259,38,68225823307,73000,1
68.2286,36,68228540313,73000,1
68.2311,32,68228611313,2502412,0
68.2341,32,68234009325,73000,1
68.2444,36,68244298349,73000,1
68.2494,34,68246917355,2502412,0
68.2495,34,68249455767,73000,1
68.2597,34,68257233379,2502412,0
68.2677,37,68265162803,2502412,0
68.2678,37,68267692215,73000,1
68.2678,32,68267763809,73000,1
68.273,34,68272912821,73000,1
68.2755,36,68272983821,2502412,0
68.2756,36,68275513233,73000,1
68.2908,34,68288279857,2502412,0
68.2933,32,68290818863,2502412,0
68.2986,37,68298559881,73000,1
68.3038,34,68301249887,2502412,0
68.3039,32,68303779893,73000,1
68.3039,37,68303779893,73000,1
68.3064,34,68303859893,2502412,0
68.3089,36,68306425899,2502412,0
68.3092,34,68309124905,73000,1
68.3144,36,68314335917,73000,1
68.3144,38,68314335917,73000,1
68.3144,34,68314335917,73000,1
68.3195,36,68317034923,2502412,0
68.32,32,68319970003,73000,1
68.3378,36,68335337039,2502412,0
68.3454,32,68342945057,2502412,0
68.3505,36,68348005069,2502412,0
68.3607,32,68360664099,73000,1
68.3634,36,68363292105,73000,1
68.3715,36,68371390529,73000,1
68.3715,32,68371461529,73000,1
68.3766,36,68374062535,2502412,0
68.3793,32,68379211547,73000,1
68.3794,37,68379291547,73000,1
68.382,36,68381963553,73000,1
68.382,34,68381963553,73000,1
68.3846,35,68382052553,2502412,0
68.3898,35,68389678571,73000,1
68.3998,36,68397339589,2502412,0
68.4024,36,68399869001,2502412,0
68.4075,35,68404956013,2502412,0
68.41,36,68407486019,2502412,0
68.4151,36,68412555031,2502412,0
68.4152,36,68415084443,73000,1
68.4227,35,68420243049,2502412,0
68.4257,35,68423165461,2502412,0
68.4283,35,68428225473,73000,1
68.4364,36,68436313491,73000,1
68.4364,35,68436313491,73000,1
68.4569,32,68454361533,2502412,0
68.4724,34,68469907975,2502412,0
68.4775,32,68474967987,2502412,0
68.4877,35,68485186011,2502412,0
68.4878,32,68487743017,73000,1
68.4878,34,68487743017,73000,1
68.4928,35,68490344023,2502412,0
68.4982,32,68495662035,2502412,0
68.5007,35,68498192041,2502412,0
68.501,32,68500962047,73000,1
68.5035,34,68501033047,2502412,0
68.5062,36,68506093059,73000,1
68.5088,35,68508694065,73000,1
68.514,35,68511482071,2502412,0
68.5142,35,68514083077,73000,1
68.5142,34,68514083077,73000,1
68.5195,37,68516951083,2502412,0
68.5246,32,68522082095,2502412,0
68.5251,32,68525004507,73000,1
68.5277,35,68527641513,73000,1
68.5278,37,68527712513,73000,1
68.5305,35,68530420519,73000,1
68.5305,34,68530420519,73000,1
68.5533,32,68550847567,2502412,0
68.5584,32,68555934579,2502412,0
68.5636,32,68563533597,73000,1
68.5637,37,68563604597,73000,1
68.5687,32,68566223603,2502412,0
68.5689,32,68568824609,73000,1
68.5768,32,68574268027,2502412,0
68.5769,32,68576797439,73000,1
68.5897,37,68587167057,2502412,0
68.5949,34,68594873075,73000,1
68.605,32,68602543093,2502412,0
68.6051,35,68605073099,73000,1
68.6052,37,68605144099,73000,1
68.6078,32,68607763105,73000,1
68.6079,36,68607834105,73000,1
68.6337,37,68631185159,2502412,0
68.6362,37,68633741571,2502412,0
68.6388,32,68636271577,2502412,0
68.6413,32,68638800989,2502412,0
68.6465,37,68646391007,73000,1
68.6516,32,68651531019,73000,1
68.6542,37,68654141025,73000,1
68.68,35,68677499485,2502412,0
68.6827,35,68682595497,73000,1
68.6903,32,68690265515,73000,1
68.6903,35,68690265515,73000,1
68.7109,37,68708394557,2502412,0
68.7135,37,68713454569,73000,1
68.7212,37,68718674581,2502412,0
68.7264,34,68726362599,73000,1
68.7343,35,68731833611,2502412,0
68.737,37,68736893623,73000,1
68.7395,32,68736964623,2502412,0
68.7472,35,68747129647,73000,1
68.7474,36,68747298647,73000,1
68.7499,35,68747369647,2502412,0
68.75,32,68749899653,73000,1
68.75,35,68749970653,73000,1
68.7628,35,68760277677,2502412,0
68.7629,32,68762816683,73000,1
68.763,37,68762896683,73000,1
68.7631,35,68763047683,73000,1
68.7915,32,68788990149,2502412,0
68.7966,37,68794068161,2502412,0
68.7991,35,68796598167,2502412,0
68.7993,35,68799270173,73000,1
68.8019,32,68801871179,73000,1
68.8095,38,68807002191,2502412,0
68.8171,35,68814592209,2502412,0
68.8196,37,68817131215,2502412,0
68.8198,37,68819678627,73000,1
68.8198,39,68819679221,73000,1
68.8198,38,68819750221,73000,1
68.8275,35,68824988233,2502412,0
68.8327,38,68830208245,2502412,0
68.8356,38,68833050657,2502412,0
68.8357,37,68835651663,73000,1
68.8408,38,68838252669,2502412,0
68.8409,32,68840782675,73000,1
68.8435,38,68843383681,73000,1
68.8435,35,68843383681,73000,1
68.8461,38,68845984687,73000,1
68.8461,32,68846055687,73000,1
68.8541,32,68853992705,73000,1
68.8744,35,68871853747,2502412,0
68.8875,35,68884968183,2502412,0
68.8876,38,68887507189,73000,1
68.8877,37,68887605189,73000,1
68.8928,35,68890286195,2502412,0
68.8929,34,68892816201,73000,1
68.9006,35,68898054213,2502412,0
68.9084,37,68905849231,2502412,0
68.9085,35,68908379237,73000,1
68.9085,32,68908379237,73000,1
68.9287,37,68926178279,2502412,0
68.9314,37,68931327291,73000,1
68.9395,37,68939444309,73000,1
68.9445,35,68942045315,2502412,0
68.9471,35,68944592727,2502412,0
68.9522,35,68949661739,2502412,0
68.9572,35,68954730751,2502412,0
68.965,38,68962480769,2502412,0
68.9675,36,68965010775,2502412,0
68.9676,35,68967567781,73000,1
68.9677,38,68967647781,73000,1
68.9678,36,68967718781,73000,1
68.9839,37,68981357217,2502412,0
68.9866,38,68986497229,73000,1
68.9891,35,68986568229,2502412,0
68.9892,37,68989098235,73000,1
68.9918,36,68991708241,73000,1
68.9943,37,68991788241,2502412,0
69.0019,35,68999387259,2502412,0
69.002,33,69001953265,73000,1
69.0047,37,69004634271,73000,1
69.0072,35,69004732271,2502412,0
69.0098,35,69007279683,2502412,0
69.0123,38,69009809689,2502412,0
69.0149,34,69014869701,73000,1
69.015,38,69014940701,73000,1
69.0152,37,69015100701,73000,1
69.0254,35,69022912719,2502412,0
69.0281,35,69027981731,73000,1
69.0414,38,69041344761,73000,1
69.0466,35,69046564773,73000,1
69.0518,36,69051713785,73000,1
69.0646,37,69062056809,2502412,0
69.0672,38,69064675815,2502412,0
69.0673,37,69067205821,73000,1
69.0831,37,69083027263,73000,1
69.0831,38,69083027263,73000,1
69.0933,35,69093245287,73000,1
69.101,38,69098465299,2502412,0
69.1035,36,69100995305,2502412,0
69.1036,37,69103534311,73000,1
69.1061,36,69103614311,2502412,0
69.1112,38,69108692323,2502412,0
69.1213,36,69118812347,2502412,0
69.1214,36,69121341759,73000,1
69.129,38,69126518365,2502412,0
69.1392,38,69136665389,2502412,0
69.1396,36,69139507801,73000,1
69.15,38,69147506819,2502412,0
69.1525,37,69150036825,2502412,0
69.1603,37,69160201849,73000,1
69.1629,38,69162811855,73000,1
69.1705,34,69167960867,2502412,0
69.1757,34,69173216879,2502412,0
69.186,36,69183470903,2502412,0
69.1864,37,69186313909,73000,1
69.1865,34,69186384909,73000,1
69.1915,38,69189003915,2502412,0
69.194,36,69191542921,2502412,0
69.1968,36,69196691933,73000,1
69.1968,35,69196771933,73000,1
69.1969,36,69196842933,73000,1
69.202,34,69199523939,2502412,0
69.2021,38,69202062945,73000,1
69.2126,34,69212493969,73000,1
69.2151,38,69212573969,2502412,0
69.2178,38,69217740981,73000,1
69.223,38,69222889993,73000,1
69.2256,38,69225490999,73000,1
69.2281,37,69225570999,2502412,0
69.2307,37,69228199005,2502412,0
69.2308,37,69230728417,73000,1
69.231,34,69230889011,73000,1
69.2492,36,69246701015,2502412,0
69.2518,36,69249248427,2502412,0
69.2545,36,69254406439,73000,1
69.2545,37,69254406439,73000,1
69.2595,36,69257016445,2502412,0
69.2621,35,69262076457,73000,1
69.2724,36,69269924475,2502412,0
69.2877,34,69285158511,2502412,0
69.2905,34,69288010517,2502412,0
69.2906,36,69290540523,73000,1
69.3034,37,69300882547,2502412,0
69.3036,34,69303501553,73000,1
69.3088,36,69308730565,73000,1
69.3089,37,69308828565,73000,1
69.3166,34,69316498583,73000,1
69.3319,38,69329406613,2502412,0
69.3344,37,69331936619,2502412,0
69.3474,37,69344908649,2502412,0
69.3475,38,69347438655,73000,1
69.3627,36,69360222685,2502412,0
69.3628,37,69362752691,73000,1
69.3705,34,69370449709,73000,1
69.3756,37,69373050715,2502412,0
69.3806,36,69378128727,2502412,0
69.3807,37,69380658733,73000,1
69.3834,36,69383277739,73000,1
69.3834,37,69383348739,73000,1
69.3859,38,69383419739,2502412,0
69.3938,32,69391322163,2502412,0
69.3964,36,69393941169,2502412,0
69.404,38,69401540187,2502412,0
69.4067,32,69406600199,73000,1
69.4118,36,69411776211,73000,1
69.4143,38,69411847211,2502412,0
69.417,38,69416916223,73000,1
69.4248,37,69422261235,2502412,0
69.4273,37,69424790647,2502412,0
69.4298,32,69427320653,2502412,0
69.4324,37,69429850659,2502412,0
69.4349,36,69432389665,2502412,0
69.4375,34,69437458677,73000,1
69.4426,37,69440059683,2502412,0
69.4452,36,69445119695,73000,1
69.4478,32,69445270695,2502412,0
69.4482,38,69448131107,73000,1
69.4508,37,69448291107,2502412,0
69.4559,37,69453431119,2502412,0
69.456,32,69455961125,73000,1
69.4611,38,69458571131,2502412,0
69.4612,38,69461100543,73000,1
69.4612,36,69461101137,73000,1
69.4612,32,69461172137,73000,1
69.4714,37,69468869155,2502412,0
69.4741,33,69471559161,2502412,0
69.4791,37,69476619173,2502412,0
69.4842,38,69481688185,2502412,0
69.4894,33,69486864197,2502412,0
69.4895,36,69489394203,73000,1
69.492,37,69489465203,2502412,0
69.4948,38,69492308209,2502412,0
69.4999,37,69497377221,2502412,0
69.5,37,69499924633,73000,1
69.5,38,69499925227,73000,1
69.505,33,69502526233,2502412,0
69.5051,38,69505056239,73000,1
69.5102,38,69507657245,2502412,0
69.5127,33,69510196251,2502412,0
69.5153,38,69512753257,2502412,0
69.5206,37,69520521275,73000,1
69.5207,33,69520592275,73000,1
69.5233,32,69523220281,73000,1
69.5258,38,69523291281,2502412,0
69.5284,34,69525910287,2502412,0
69.5285,34,69528439699,73000,1
69.531,35,69528511293,2502412,0
69.5413,38,69541259323,73000,1
69.5464,38,69543940329,2502412,0
69.5465,35,69546470335,73000,1
69.5495,37,69549411341,73000,1
69.5521,33,69549553341,2502412,0
69.5572,34,69557143359,73000,1
69.5648,38,69562274371,2502412,0
69.5699,38,69567441383,2502412,0
69.5725,35,69569971389,2502412,0
69.5726,33,69572501395,73000,1
69.5752,35,69575102401,73000,1
69.5752,34,69575102401,73000,1
69.5752,38,69575173401,73000,1
69.5781,38,69575609401,2502412,0
69.5783,35,69578210407,73000,1
69.581,38,69580900413,73000,1
69.5886,36,69588570431,73000,1
69.5886,38,69588570431,73000,1
69.5913,33,69588783431,2502412,0
69.5943,33,69594191849,73000,1
69.5994,33,69599322861,73000,1
69.6172,35,69614699897,2502412,0
69.6224,37,69622298915,73000,1
69.6274,38,69624944921,2502412,0
69.6275,35,69627474927,73000,1
69.6275,32,69627474927,73000,1
69.63,38,69627545927,2502412,0
69.6427,34,69640213957,2502412,0
69.6503,35,69647839975,2502412,0
69.6557,38,69653212987,2502412,0
69.6609,35,69660803005,73000,1
69.6609,34,69660803005,73000,1
69.6736,33,69671101029,2502412,0
69.6761,38,69673640035,2502412,0
69.6762,35,69676170041,73000,1
69.6839,34,69683876059,73000,1
69.6866,38,69686477065,73000,1
69.6891,33,69686557065,2502412,0
69.6996,33,69699537501,73000,1
69.7046,35,69702138507,2502412,0
69.7123,35,69709835525,2502412,0
69.725,32,69722521555,2502412,0
69.7276,38,69725051561,2502412,0
69.7302,34,69730120573,73000,1
69.7302,33,69730120573,73000,1
69.7328,38,69732721579,73000,1
69.7329,35,69732792579,73000,1
69.7329,37,69732863579,73000,1
69.7381,32,69735553585,2502412,0
69.7432,32,69743161603,73000,1
69.7484,39,69745878609,2502412,0
69.7563,38,69753790627,2502412,0
69.7588,35,69756320633,2502412,0
69.7589,39,69758850639,73000,1
69.7589,36,69758850639,73000,1
69.7641,32,69761558645,2502412,0
69.7693,35,69769228663,73000,1
69.7719,38,69771829669,73000,1
69.7719,39,69771829669,73000,1
69.7771,32,69776987681,73000,1
69.7898,33,69787339705,2502412,0
69.7924,35,69789878711,2502412,0
69.7949,35,69792408123,2502412,0
69.795,32,69794938129,73000,1
69.8001,38,69797610135,2502412,0
69.8056,33,69805540153,73000,1
69.8106,38,69808141159,2502412,0
69.8157,35,69813201171,2502412,0
69.8158,39,69815749177,73000,1
69.8183,38,69815820177,2502412,0
69.8211,33,69820987189,73000,1
69.8236,32,69821058189,2502412,0
69.8237,35,69823588195,73000,1
69.8262,32,69823659195,2502412,0
69.8263,38,69826207201,73000,1
69.8264,33,69826287201,73000,1
69.834,32,69831507213,2502412,0
69.8341,38,69834037219,73000,1
69.8367,32,69834188219,2502412,0
69.8392,35,69836745225,2502412,0
69.8394,34,69839364231,73000,1
69.8496,32,69847123249,2502412,0
69.8523,32,69852183261,73000,1
69.8523,35,69852183261,73000,1
69.8548,32,69852334261,2502412,0
69.8602,32,69857716273,2502412,0
69.863,33,69860486279,2502412,0
69.8706,32,69868085297,2502412,0
69.8733,32,69873190309,73000,1
69.8733,33,69873190309,73000,1
69.8758,38,69873341309,2502412,0
69.8759,35,69875871315,73000,1
69.8759,32,69875871315,73000,1
69.8811,38,69878606321,2502412,0
69.8838,38,69881287327,2502412,0
69.889,33,69886525339,2502412,0
69.8891,33,69889054751,73000,1
69.8994,38,69899317369,73000,1
69.9075,39,69907388793,73000,1
69.9126,39,69910096799,2502412,0
69.9152,33,69915165811,73000,1
69.9179,38,69917793817,73000,1
69.918,39,69917935817,73000,1
69.9205,38,69918015817,2502412,0
69.9231,32,69920563823,2502412,0
69.9308,35,69930772847,73000,1
69.9333,32,69930843847,2502412,0
69.9385,38,69935974859,2502412,0
69.9435,32,69941034871,2502412,0
69.9486,38,69946094883,2502412,0
69.9487,33,69948624889,73000,1
69.9539,32,69953782901,73000,1
69.9565,39,69956392907,73000,1
69.962,38,69961925919,73000,1
69.9622,37,69962156919,73000,1
69.98,38,69977523955,2502412,0
69.9801,32,69980053961,73000,1
69.9852,39,69982654967,2502412,0
69.9853,35,69985184973,73000,1
69.9879,39,69987803979,73000,1
69.9904,38,69987874979,2502412,0
69.993,38,69990449391,2502412,0
69.9931,38,69992978803,73000,1
69.9958,39,69995714403,73000,1
69.9983,35,69995803403,2502412,0
69.9985,32,69998413409,73000,1
70.001,35,69998493409,2502412,0
70.0067,35,70006582833,73000,1
70.0093,38,70009201839,73000,1
70.0272,35,70027089881,73000,1
70.0373,35,70034813899,2502412,0
70.0477,35,70047650929,73000,1
70.0478,34,70047730929,73000,1
70.0479,32,70047801929,73000,1
70.0504,36,70047872929,2502412,0
70.0529,33,70050420935,2502412,0
70.0555,39,70053021941,2502412,0
70.0581,33,70055640947,2502412,0
70.0637,36,70063623965,73000,1
70.0637,38,70063623965,73000,1
70.0664,39,70066304971,73000,1
70.0714,33,70068914977,2502412,0
70.0766,36,70076575995,73000,1
70.0767,33,70076655995,73000,1
70.0793,35,70079257001,73000,1
70.0896,39,70087061019,2502412,0
70.1022,39,70099738049,2502412,0
70.1023,39,70102267461,73000,1
70.1023,33,70102268055,73000,1
70.1104,35,70110286479,73000,1
70.1154,39,70112923485,2502412,0
70.1233,32,70123194509,73000,1
70.131,39,70130962527,73000,1
70.1386,36,70136093539,2502412,0
70.1387,33,70138623545,73000,1
70.1389,35,70138792545,73000,1
70.1389,36,70138863545,73000,1
70.1391,33,70139076545,73000,1
70.1545,39,70152020575,2502412,0
70.1546,36,70154559581,73000,1
70.1597,37,70157169587,2502412,0
70.1598,36,70159708593,73000,1
70.1623,39,70159797593,2502412,0
70.1677,37,70165179605,2502412,0
70.1702,39,70167709611,2502412,0
70.1779,38,70175406629,2502412,0
70.1856,38,70185526653,73000,1
70.1856,37,70185526653,73000,1
70.1857,39,70185597653,73000,1
70.1882,38,70185668653,2502412,0
70.1907,38,70188198065,2502412,0
70.1908,38,70190754477,73000,1
70.1908,39,70190755071,73000,1
70.1935,33,70193445077,73000,1
70.1988,38,70198736089,73000,1
70.2018,37,70201710095,73000,1
70.207,39,70204471101,2502412,0
70.2124,39,70209932519,2502412,0
70.2151,39,70214992531,73000,1
70.2152,33,70215090531,73000,1
70.2304,36,70227918561,2502412,0
70.2356,36,70235517579,73000,1
70.2357,38,70235633579,73000,1
70.2433,39,70240791591,2502412,0
70.2536,39,70253557621,73000,1
70.2537,36,70253637621,73000,1
70.2639,37,70261396639,2502412,0
70.2641,36,70264051645,73000,1
70.2696,37,70269531657,73000,1
70.2746,37,70272141663,2502412,0
70.2798,39,70277299675,2502412,0
70.2851,37,70285005693,73000,1
70.2902,35,70287677699,2502412,0
70.2928,39,70292746711,73000,1
70.298,35,70297957723,73000,1
70.3008,37,70300709729,73000,1
70.3163,35,70313832165,2502412,0
70.3189,37,70316362171,2502412,0
70.3292,37,70329119201,73000,1
70.3292,35,70329119201,73000,1
70.3292,38,70329119201,73000,1
70.3292,39,70329119201,73000,1
70.3446,39,70344531237,73000,1
70.3472,35,70344682237,2502412,0
70.3525,35,70352459255,73000,1
70.3577,37,70357590267,73000,1
70.3783,37,70375827309,2502412,0
70.3784,37,70378356721,73000,1
70.3784,35,70378357315,73000,1
70.3987,36,70396192357,2502412,0
70.4041,36,70404040375,73000,1
70.4067,36,70406641381,73000,1
70.4172,37,70414694805,2502412,0
70.4173,37,70417233217,73000,1
70.4199,39,70419834817,73000,1
70.4224,33,70419905817,2502412,0
70.4352,35,70432733847,2502412,0
70.4378,33,70435272853,2502412,0
70.4428,33,70440341865,2502412,0
70.4479,33,70445419877,2502412,0
70.4505,33,70448038883,2502412,0
70.4531,35,70450577889,2502412,0
70.4557,37,70455646901,73000,1
70.4582,33,70455717901,2502412,0
70.4609,35,70460786913,73000,1
70.4636,39,70461097913,2502412,0
70.4637,39,70463636325,73000,1
70.4663,33,70466237925,73000,1
70.4743,36,70471770937,2502412,0
70.4744,39,70474300943,73000,1
70.4744,34,70474300943,73000,1
70.4847,36,70482166961,2502412,0
70.4897,35,70487226973,2502412,0
70.4923,33,70489827979,2502412,0
70.4949,37,70492357985,2502412,0
70.4999,37,70497435997,2502412,0
70.5025,36,70499975003,2502412,0
70.505,35,70502505009,2502412,0
70.5101,35,70507565021,2502412,0
70.5151,39,70512625033,2502412,0
70.5156,33,70515477039,73000,1
70.5206,37,70518078045,2502412,0
70.5256,39,70523147057,2502412,0
70.5258,37,70525677063,73000,1
70.5258,36,70525677063,73000,1
70.5359,39,70535868087,73000,1
70.5359,35,70535868087,73000,1
70.541,35,70538496093,2502412,0
70.5461,33,70543645105,2502412,0
70.5488,33,70548714117,73000,1
70.5488,36,70548714117,73000,1
70.549,39,70548954117,73000,1
70.5515,35,70549034117,2502412,0
70.5517,36,70551582123,73000,1
70.5542,37,70551662123,2502412,0
70.557,35,70556882135,73000,1
70.557,33,70556882135,73000,1
70.5647,37,70564632153,73000,1
70.5698,33,70567269159,2502412,0
70.5749,37,70572356171,2502412,0
70.5777,33,70575198583,2502412,0
70.5802,38,70577728589,2502412,0
70.5803,38,70580267001,73000,1
70.5804,33,70580338595,73000,1
70.5805,37,70580418595,73000,1
70.5805,35,70580418595,73000,1
70.5831,37,70583037601,73000,1
70.5832,32,70583117601,73000,1
70.5832,39,70583117601,73000,1
70.5934,35,70590903619,2502412,0
70.5959,35,70593433031,2502412,0
70.6011,39,70598582043,2502412,0
70.6063,38,70606190061,73000,1
70.6063,33,70606190061,73000,1
70.6089,35,70608791067,73000,1
70.6089,38,70608862067,73000,1
70.6089,39,70608862067,73000,1
70.6167,33,70616621085,73000,1
70.6248,33,70624683509,73000,1
70.6274,35,70624896509,2502412,0
70.6325,39,70629965521,2502412,0
70.6351,37,70632575527,2502412,0
70.6402,39,70637653539,2502412,0
70.6427,39,70640191951,2502412,0
70.6478,35,70645251963,2502412,0
70.6479,35,70647781375,73000,1
70.6479,37,70647781969,73000,1
70.6479,39,70647852969,73000,1
70.6505,36,70650453975,73000,1
70.6608,38,70658248993,2502412,0
70.6634,35,70663309005,73000,1
70.6659,38,70663407005,2502412,0
70.6685,37,70668476017,73000,1
70.6737,38,70673643029,73000,1
70.6737,39,70673643029,73000,1
70.6792,39,70679105041,73000,1
70.6945,39,70694383077,73000,1
70.6946,39,70694534077,73000,1
70.6971,38,70694605077,2502412,0
70.7049,38,70704788101,73000,1
70.7049,35,70704788101,73000,1
70.7126,38,70710071113,2502412,0
70.7207,37,70720583543,73000,1
70.7207,38,70720654543,73000,1
70.7284,38,70728351561,73000,1
70.7513,37,70751273615,73000,1
70.7593,33,70759201633,73000,1
70.7826,38,70780048681,2502412,0
70.7852,36,70785126693,73000,1
70.7903,38,70787754699,2502412,0
70.7954,38,70792903711,2502412,0
70.8084,38,70805900741,2502412,0
70.8085,35,70808430747,73000,1
70.8135,33,70811040753,2502412,0
70.8162,33,70816100765,73000,1
70.8292,38,70826702195,2502412,0
70.8343,38,70831780207,2502412,0
70.847,33,70844484237,2502412,0
70.8495,38,70847014243,2502412,0
70.8547,33,70852154255,2502412,0
70.8572,38,70854693261,2502412,0
70.8648,33,70862292279,2502412,0
70.8751,33,70875049309,73000,1
70.8777,38,70877650315,73000,1
70.8808,36,70880680321,73000,1
70.8936,38,70891049345,2502412,0
70.8986,33,70896118357,2502412,0
70.9037,33,70901196369,2502412,0
70.9038,33,70903725781,73000,1
70.9064,38,70906336381,73000,1
70.9115,33,70908964387,2502412,0
70.9142,33,70911654393,2502412,0
70.9274,38,70927351835,73000,1
70.9299,33,70927422835,2502412,0
70.9376,33,70935083853,2502412,0
70.9377,33,70937613265,73000,1
70.9378,35,70937684859,73000,1
70.9378,33,70937755859,73000,1
70.938,33,70937897859,73000,1
70.9537,38,70951170889,2502412,0
70.9638,38,70961308913,2502412,0
70.9639,39,70963838919,73000,1
70.9666,38,70966519925,73000,1
70.9667,37,70966608925,73000,1
70.982,39,70979543955,2502412,0
70.9952,39,70995152397,73000,1
70.9952,33,70995152397,73000,1
70.9952,38,70995152397,73000,1
71.0234,39,71023357463,73000,1
71.0366,39,71034047893,2502412,0
71.0393,38,71039223905,73000,1
71.0395,39,71039472905,73000,1
71.0422,39,71042082911,73000,1
71.0498,39,71047302923,2502412,0
71.06,39,71057538947,2502412,0
71.0678,39,71065288965,2502412,0
71.0757,39,71073171983,2502412,0
71.0784,39,71078302995,73000,1
71.1043,39,71101778049,2502412,0
71.1121,39,71112067073,73000,1
71.125,33,71124966103,73000,1
71.1302,39,71127718109,2502412,0
71.1332,39,71133162121,73000,1
71.1335,38,71133429121,73000,1
71.1363,39,71136190127,73000,1
71.172,32,71169508205,2502412,0
71.1746,39,71174568217,73000,1
71.1822,32,71179735229,2502412,0
71.185,32,71184955241,73000,1
71.2085,32,71208403295,73000,1
71.2238,35,71221330325,2502412,0
71.2265,35,71226399337,73000,1
71.2575,32,71257436815,73000,1
71.2575,35,71257436815,73000,1
71.2785,39,71278432863,73000,1
71.2835,32,71281033869,2502412,0
71.2862,32,71286093881,73000,1
71.2887,37,71286182881,2502412,0
71.2993,37,71299243911,73000,1
71.2993,32,71299243911,73000,1
71.2993,35,71299243911,73000,1
71.3151,32,71314983947,73000,1
71.3353,37,71332773989,2502412,0
71.3409,38,71340802007,73000,1
71.3434,37,71340891007,2502412,0
71.3563,37,71356196043,73000,1
71.3639,37,71361363055,2502412,0
71.364,37,71363892467,73000,1
71.3666,39,71366565067,73000,1
71.3847,37,71382234103,2502412,0
71.4029,37,71400435145,2502412,0
71.4056,37,71405504157,73000,1
71.4132,32,71410742169,2502412,0
71.4209,34,71418350187,2502412,0
71.4234,32,71420880193,2502412,0
71.4284,32,71425940205,2502412,0
71.4311,35,71428550211,2502412,0
71.4362,37,71436149229,73000,1
71.4364,34,71436291229,73000,1
71.4392,32,71439173009,73000,1
71.4444,37,71444331021,73000,1
71.4444,35,71444331021,73000,1
71.4521,32,71452046039,73000,1
71.4546,34,71452117039,2502412,0
71.4598,34,71457284051,2502412,0
71.4648,37,71462344063,2502412,0
71.4674,37,71464873475,2502412,0
71.47,34,71469942487,73000,1
71.4777,35,71475171499,2502412,0
71.4778,37,71477719505,73000,1
71.4803,35,71477790505,2502412,0
71.4907,37,71490618535,73000,1
71.4958,35,71493290541,2502412,0
71.4962,34,71496132953,73000,1
71.4963,37,71496203953,73000,1
71.499,35,71498955959,73000,1
71.5015,33,71499035959,2502412,0
71.5118,33,71509262983,2502412,0
71.5169,32,71516871001,73000,1
71.5245,34,71522011013,2502412,0
71.5272,33,71527098025,73000,1
71.5272,35,71527098025,73000,1
71.5375,34,71537396049,73000,1
71.54,35,71537467049,2502412,0
71.5405,33,71540399055,73000,1
71.543,37,71540479055,2502412,0
71.5456,35,71545557067,73000,1
71.5482,37,71545699067,2502412,0
71.5508,35,71548300073,2502412,0
71.5509,33,71550830079,73000,1
71.5562,34,71556139091,73000,1
71.5563,37,71556210091,73000,1
71.5564,32,71556299091,73000,1
71.5589,35,71556379091,2502412,0
71.5793,34,71579256145,73000,1
71.5818,35,71579336145,2502412,0
71.5845,33,71581955151,2502412,0
71.5922,33,71592084175,73000,1
71.5972,37,71594712181,2502412,0
71.6001,35,71597554593,2502412,0
71.6002,35,71600102005,73000,1
71.6054,37,71602881605,2502412,0
71.6055,36,71605420611,73000,1
71.6083,35,71608199617,73000,1
71.6084,33,71608279617,73000,1
71.6084,37,71608350617,73000,1
71.6187,33,71618648641,73000,1
71.6213,35,71621258647,73000,1
71.624,34,71623948653,73000,1
71.6316,37,71629124665,2502412,0
71.6342,37,71631663077,2502412,0
71.6424,37,71642300507,73000,1
71.645,37,71642469507,2502412,0
71.6451,33,71644999513,73000,1
71.6529,37,71652820531,73000,1
71.6631,32,71660561549,2502412,0
71.6761,32,71673620579,2502412,0
71.6838,37,71681335597,2502412,0
71.6865,32,71686422609,73000,1
71.6866,37,71686493609,73000,1
71.6894,32,71689290615,73000,1
71.6946,32,71692069621,2502412,0
71.7052,32,71705166651,73000,1
71.7103,37,71707776657,2502412,0
71.7129,32,71710377663,2502412,0
71.713,37,71712907669,73000,1
71.713,35,71712907669,73000,1
71.7181,32,71718047681,73000,1
71.731,33,71728496705,2502412,0
71.7311,33,71731026117,73000,1
71.7338,37,71733707717,73000,1
71.7495,32,71746954153,2502412,0
71.7547,32,71754633171,73000,1
71.7674,33,71764922195,2502412,0
71.7726,33,71770107207,2502412,0
71.7729,38,71772797213,73000,1
71.778,32,71777937225,73000,1
71.7807,33,71780627231,73000,1
71.7807,37,71780627231,73000,1
71.7839,33,71783780237,73000,1
71.7841,35,71784011237,73000,1
71.7918,32,71789284249,2502412,0
71.802,34,71799502273,2502412,0
71.8074,39,71804874691,2502412,0
71.8075,32,71807413697,73000,1
71.81,39,71807493697,2502412,0
71.8125,39,71810032109,2502412,0
71.8152,39,71815092121,73000,1
71.8152,34,71815163121,73000,1
71.8255,34,71822967139,2502412,0
71.8308,39,71828320151,2502412,0
71.8334,33,71830859157,2502412,0
71.8335,34,71833398163,73000,1
71.836,39,71833469163,2502412,0
71.8361,32,71836070169,73000,1
71.8415,39,71841379181,73000,1
71.8415,33,71841379181,73000,1
71.847,39,71846938599,73000,1
71.8597,34,71857183623,2502412,0
71.8622,37,71859713629,2502412,0
71.8649,34,71864862641,73000,1
71.8674,33,71864933641,2502412,0
71.8751,37,71872612659,2502412,0
71.8776,33,71875142665,2502412,0
71.883,37,71882883683,73000,1
71.883,33,71882972683,73000,1
71.8831,39,71883043683,73000,1
71.8831,34,71883043683,73000,1
71.8934,32,71890855701,2502412,0
71.8935,33,71893465707,73000,1
71.8988,32,71898774719,73000,1
71.8989,37,71898845719,73000,1
71.9246,32,71922124773,2502412,0
71.9299,34,71929857791,73000,1
71.935,32,71932458797,2502412,0
71.9351,32,71934997209,73000,1
71.9453,33,71942756821,2502412,0
71.9504,33,71947923833,2502412,0
71.9533,33,71950766839,2502412,0
71.9584,32,71955897851,2502412,0
71.9609,32,71958427263,2502412,0
71.9661,33,71966044281,73000,1
71.9739,32,71973785299,73000,1
71.9739,37,71973785299,73000,1
71.9842,37,71984092323,73000,1
71.9867,32,71984181323,2502412,0
71.9918,33,71989259335,2502412,0
71.9969,32,71994426347,2502412,0
72.0021,33,72002034365,73000,1
72.0047,32,72004635371,73000,1
72.0101,33,72007549377,2502412,0
72.0152,33,72012716389,2502412,0
72.0177,39,72015246395,2502412,0
72.0304,33,72027923425,2502412,0
72.0355,34,72032992437,2502412,0
72.038,36,72035522443,2502412,0
72.0406,33,72038052449,2502412,0
72.0407,32,72040591455,73000,1
72.0407,36,72040662455,73000,1
72.0407,39,72040662455,73000,1
72.0409,34,72040804455,73000,1
72.0409,35,72040804455,73000,1
72.0409,39,72040804455,73000,1
72.046,33,72045953467,73000,1
72.0515,32,72051405885,73000,1
72.0542,37,72054104891,73000,1
72.0567,36,72054175891,2502412,0
72.0621,36,72062014909,73000,1
72.0622,34,72062165909,73000,1
72.0774,33,72074913939,2502412,0
72.0826,34,72080080951,2502412,0
72.0851,33,72082610957,2502412,0
72.0927,36,72090227975,2502412,0
72.0929,34,72092811981,73000,1
72.0929,39,72092811981,73000,1
72.093,36,72092962981,73000,1
72.093,33,72092962981,73000,1
72.093,32,72092962981,73000,1
72.1031,36,72100623999,2502412,0
72.1083,34,72108232017,73000,1
72.1108,36,72108330017,2502412,0
72.1162,36,72113711435,2502412,0
72.1163,33,72116259441,73000,1
72.129,36,72126459465,2502412,0
72.1368,36,72136748489,73000,1
72.1393,33,72136819489,2502412,0
72.1444,39,72141888501,2502412,0
72.1469,34,72144418507,2502412,0
72.1497,39,72149585519,73000,1
72.1497,34,72149656519,73000,1
72.1497,33,72149656519,73000,1
72.1548,34,72152266525,2502412,0
72.1553,34,72155198531,73000,1
72.1578,36,72155269531,2502412,0
72.1806,36,72178119585,2502412,0
72.1857,36,72183206597,2502412,0
72.1882,36,72185736009,2502412,0
72.1883,33,72188266015,73000,1
72.1883,34,72188266015,73000,1
72.1934,39,72190867021,2502412,0
72.1935,39,72193396433,73000,1
72.1935,36,72193397027,73000,1
72.1936,36,72193557027,73000,1
72.1987,39,72196167033,2502412,0
72.2167,34,72214217075,2502412,0
72.2244,34,72224355099,73000,1
72.2244,39,72224355099,73000,1
72.2245,33,72224444099,73000,1
72.2347,34,72232239117,2502412,0
72.2349,32,72234787123,73000,1
72.2401,39,72237628129,2502412,0
72.2403,34,72240185135,73000,1
72.2478,39,72245334147,2502412,0
72.2555,36,72252978165,2502412,0
72.2559,39,72255825003,73000,1
72.2609,39,72258435009,2502412,0
72.2761,33,72273633045,2502412,0
72.2813,36,72278773057,2502412,0
72.2814,33,72281303063,73000,1
72.2814,39,72281303063,73000,1
72.2864,34,72283913069,2502412,0
72.2865,36,72286461075,73000,1
72.2942,39,72291717087,2502412,0
72.3018,34,72299307105,2502412,0
72.3094,34,72306897123,2502412,0
72.3199,39,72317348147,2502412,0
72.3226,34,72322479159,73000,1
72.3226,33,72322479159,73000,1
72.3226,36,72322479159,73000,1
72.3303,39,72330185177,73000,1
72.3455,38,72343031207,2502412,0
72.3533,34,72350764225,2502412,0
72.3583,39,72355824237,2502412,0
72.3612,38,72358667243,2502412,0
72.3664,34,72366284261,73000,1
72.3715,39,72371424273,73000,1
72.3741,38,72371575273,2502412,0
72.3743,38,72374212279,73000,1
72.3743,39,72374212279,73000,1
72.3768,34,72374292279,2502412,0
72.3819,36,72379370291,2502412,0
72.382,38,72381900297,73000,1
72.387,33,72384501303,2502412,0
72.3922,36,72389668315,2502412,0
72.3923,34,72392198321,73000,1
72.3974,33,72394888327,2502412,0
72.4026,36,72402496345,73000,1
72.4076,39,72405115351,2502412,0
72.4078,39,72407743357,73000,1
72.4078,33,72407743357,73000,1
72.4104,39,72410353363,73000,1
72.4104,36,72410353363,73000,1
72.4105,33,72410433363,73000,1
72.4132,34,72413088369,73000,1
72.4211,34,72421071387,73000,1
72.4237,36,72421231387,2502412,0
72.4264,38,72426300399,73000,1
72.4315,36,72431467411,73000,1
72.4391,39,72436625423,2502412,0
72.4619,39,72459422477,2502412,0
72.4673,33,72464822489,2502412,0
72.4699,39,72467352495,2502412,0
72.4724,37,72469882501,2502412,0
72.4726,33,72472554507,73000,1
72.4753,39,72475244513,73000,1
72.4753,36,72475244513,73000,1
72.4855,37,72482985531,2502412,0
72.4985,37,72498432567,73000,1
72.4986,33,72498512567,73000,1
72.5088,39,72506262585,2502412,0
72.5114,39,72511340597,73000,1
72.5165,39,72514021603,2502412,0
72.522,37,72519483615,2502412,0
72.5245,37,72522022027,2502412,0
72.5272,39,72527109039,73000,1
72.5322,36,72529710045,2502412,0
72.5348,37,72532311051,2502412,0
72.5477,34,72547580087,73000,1
72.5478,37,72547678087,73000,1
72.5478,36,72547749087,73000,1
72.5478,38,72547749087,73000,1
72.5556,36,72555517105,73000,1
72.5556,37,72555517105,73000,1
72.5583,36,72558189111,73000,1
72.5583,39,72558189111,73000,1
72.5609,33,72560808117,73000,1
72.5688,39,72566269535,2502412,0
72.5764,39,72573877553,2502412,0
72.5818,39,72581681571,73000,1
72.5996,37,72597138607,2502412,0
72.5997,39,72599668613,73000,1
72.6024,37,72602367619,73000,1
72.6153,37,72615275649,73000,1
72.6235,37,72623416009,73000,1
72.6236,39,72623487009,73000,1
72.6416,33,72641500051,73000,1
72.6544,37,72651887075,2502412,0
72.6569,36,72654417081,2502412,0
72.662,37,72659477093,2502412,0
72.6727,37,72672644529,73000,1
72.6727,36,72672644529,73000,1
72.6804,37,72677873541,2502412,0
72.6909,37,72690834571,73000,1
72.6989,37,72698859589,73000,1
72.699,34,72698930589,73000,1
72.699,36,72698930589,73000,1
72.7196,39,72719508637,73000,1
72.7222,37,72719659637,2502412,0
72.7247,37,72722189049,2502412,0
72.7301,32,72727579467,2502412,0
72.7352,32,72732737479,2502412,0
72.7379,37,72737797491,73000,1
72.7379,36,72737797491,73000,1
72.738,36,72737939491,73000,1
72.7405,32,72738037491,2502412,0
72.751,32,72748495515,2502412,0
72.7535,32,72751024927,2502412,0
72.7562,38,72756111939,73000,1
72.7587,37,72756191939,2502412,0
72.7641,32,72764003957,73000,1
72.7668,37,72766720963,73000,1
72.7697,32,72769634375,73000,1
72.78,32,72779932399,73000,1
72.7851,37,72782631405,2502412,0
72.7953,37,72792760429,2502412,0
72.8032,37,72803156453,73000,1
72.8108,36,72808287465,2502412,0
72.8109,36,72810834877,73000,1
72.8214,37,72821293495,73000,1
72.8215,36,72821382495,73000,1
72.8295,38,72829445513,73000,1
72.8346,37,72832055519,2502412,0
72.8372,39,72834665525,2502412,0
72.8423,33,72839761537,2502412,0
72.8449,37,72842371543,2502412,0
72.8525,37,72849988561,2502412,0
72.8526,39,72852518567,73000,1
72.8577,33,72857667579,73000,1
72.8629,39,72862816591,73000,1
72.8629,32,72862816591,73000,1
72.8654,37,72862896591,2502412,0
72.8734,33,72873329021,73000,1
72.881,36,72878460033,2502412,0
72.8863,37,72886201051,73000,1
72.8889,39,72888811057,73000,1
72.8939,36,72891421063,2502412,0
72.9118,38,72909318105,2502412,0
72.9169,36,72914378117,2502412,0
72.9246,37,72924516141,73000,1
72.9272,38,72927153147,73000,1
72.9297,33,72927224147,2502412,0
72.9301,36,72930075559,73000,1
72.9301,32,72930075559,73000,1
72.9402,36,72937745577,2502412,0
72.9429,33,72940355583,2502412,0
72.9481,38,72948034601,73000,1
72.9507,33,72948203601,2502412,0
72.9508,36,72950733607,73000,1
72.9612,33,72961093631,73000,1
72.9688,39,72966313643,2502412,0
72.9743,36,72974234067,73000,1
72.9769,39,72976844073,73000,1
72.9769,37,72976844073,73000,1
72.9821,33,72982002085,73000,1
72.9947,39,72992247109,2502412,0
72.9973,38,72994777115,2502412,0
72.9974,36,72997307121,73000,1
73.0024,38,72999926127,2502412,0
73.005,39,73002465133,2502412,0
73.0127,39,73012585157,73000,1
73.0153,35,73012763157,2502412,0
73.0229,38,73020353175,2502412,0
73.0255,35,73025413187,73000,1
73.0255,36,73025413187,73000,1
73.0411,39,73041013223,73000,1
73.0411,33,73041013223,73000,1
73.0436,38,73041102223,2502412,0
73.0487,35,73046162235,2502412,0
73.0488,38,73048692241,73000,1
73.0563,38,73053841253,2502412,0
73.059,35,73056451259,2502412,0
73.0641,38,73064068277,73000,1
73.0666,35,73064139277,2502412,0
73.0667,39,73066669283,73000,1
73.0668,33,73066740283,73000,1
73.0745,35,73074428301,73000,1
73.0745,39,73074428301,73000,1
73.077,38,73074517301,2502412,0
73.08,37,73079899313,73000,1
73.0852,38,73085102325,73000,1
73.0852,35,73085102325,73000,1
73.0955,38,73095453349,73000,1
73.0955,36,73095453349,73000,1
73.1338,38,73131293433,2502412,0
73.1367,38,73134206845,2502412,0
73.1418,38,73139275857,2502412,0
73.1419,38,73141814269,73000,1
73.1419,35,73141814863,73000,1
73.1521,35,73149609881,2502412,0
73.1547,35,73154669893,73000,1
73.1701,38,73170036929,73000,1
73.1751,37,73172646935,2502412,0
73.1752,38,73175176941,73000,1
73.1783,35,73178188353,73000,1
73.1783,33,73178259353,73000,1
73.186,37,73185929371,73000,1
73.1962,38,73196156395,73000,1
73.1962,37,73196156395,73000,1
73.2066,34,73206490419,73000,1
73.2347,37,73232173479,2502412,0
73.2401,35,73237555491,2502412,0
73.2404,35,73240316497,73000,1
73.2505,39,73247995515,2502412,0
73.2506,37,73250525521,73000,1
73.2531,35,73250596521,2502412,0
73.2582,39,73255665533,2502412,0
73.2608,35,73260743545,73000,1
73.2608,37,73260743545,73000,1
73.2609,39,73260814545,73000,1
73.2659,37,73263424551,2502412,0
73.2787,37,73276172581,2502412,0
73.2944,37,73294373029,73000,1
73.2996,35,73299531041,73000,1
73.2998,38,73299682041,73000,1
73.2998,39,73299682041,73000,1
73.3075,35,73307388059,73000,1
73.3075,39,73307459059,73000,1
73.3127,37,73310230065,2502412,0
73.323,32,73320546089,2502412,0
73.3257,37,73325606101,73000,1
73.3334,32,73333312119,73000,1
73.3415,32,73341464137,73000,1
73.3491,37,73346595149,2502412,0
73.3593,37,73356813173,2502412,0
73.3645,39,73364421191,73000,1
73.3671,35,73367040197,73000,1
73.3698,37,73369739203,73000,1
73.3724,37,73369917203,2502412,0
73.3751,37,73375057215,73000,1
73.4012,37,73398690675,2502412,0
73.4063,32,73403768687,2502412,0
73.419,37,73418975723,73000,1
73.4217,32,73421585729,73000,1
73.4269,32,73426841741,73000,1
73.4321,37,73431999753,73000,1
73.4348,37,73434680759,73000,1
73.4663,32,73463776825,2502412,0
73.474,32,73471508843,2502412,0
73.4923,32,73489798291,2502412,0
73.5,35,73497468309,2502412,0
73.5052,32,73505156327,73000,1
73.5128,35,73510305339,2502412,0
73.5182,35,73518144357,73000,1
73.5182,32,73518144357,73000,1
73.5234,35,73523284369,73000,1
73.5388,37,73538695405,73000,1
73.5388,32,73538695405,73000,1
73.5416,35,73541510411,73000,1
73.5495,32,73546963423,2502412,0
73.5522,32,73549671429,2502412,0
73.5574,39,73557341447,73000,1
73.5599,32,73557412447,2502412,0
73.5705,32,73570409477,73000,1
73.5706,38,73570480477,73000,1
73.5706,36,73570480477,73000,1
73.5862,32,73586078513,73000,1
73.612,35,73609472973,2502412,0
73.617,32,73614541985,2502412,0
73.6197,35,73619619997,73000,1
73.6376,32,73637561039,73000,1
73.6376,35,73637561039,73000,1
73.6431,37,73642977051,73000,1
73.6486,32,73646051057,2502412,0
73.6539,33,73653801075,73000,1
73.6567,32,73656580081,73000,1
73.6594,32,73659324087,73000,1
73.6671,35,73664624099,2502412,0
73.6673,35,73667198511,73000,1
73.6673,38,73667270105,73000,1
73.6779,35,73675420123,2502412,0
73.6857,35,73683170141,2502412,0
73.694,35,73693931571,73000,1
73.694,32,73693931571,73000,1
73.7097,35,73709583607,73000,1
73.7097,32,73709583607,73000,1
73.7404,35,73737920673,2502412,0
73.7431,35,73743051685,73000,1
73.7665,35,73766392739,73000,1
73.8332,35,73830668295,2502412,0
73.8384,35,73838338313,73000,1
73.8411,35,73841028319,73000,1
73.8724,38,73869911385,2502412,0
73.8879,35,73887781427,73000,1
73.8879,38,73887852427,73000,1
73.8983,38,73895834851,2502412,0
73.911,38,73908520881,2502412,0
73.9111,38,73911050293,73000,1
73.924,38,73923949917,73000,1
73.942,38,73941917959,73000,1
73.9526,35,73952501983,73000,1
73.9934,32,73990880073,2502412,0
73.996,32,73993508079,2502412,0
74.0065,32,74004029509,2502412,0
74.0118,32,74011726527,73000,1
74.0118,34,74011726527,73000,1
74.012,35,74011886527,73000,1
74.0196,32,74017062539,2502412,0
74.0221,32,74019591951,2502412,0
74.0222,32,74022121363,73000,1
74.0274,32,74027332969,73000,1
74.0378,39,74037683993,73000,1
74.0404,38,74040347999,73000,1
74.0644,32,74064277053,73000,1
74.0849,37,74084864101,73000,1
74.1164,32,74113859573,2502412,0
74.1344,32,74131898615,2502412,0
74.1371,32,74134615621,2502412,0
74.1372,39,74137145627,73000,1
74.1473,32,74144824645,2502412,0
74.1527,32,74152592663,73000,1
74.1582,32,74158125675,73000,1
74.1815,32,74178969723,2502412,0
74.1918,32,74189303747,2502412,0
74.1944,32,74191851159,2502412,0
74.2149,32,74212430613,2502412,0
74.2302,32,74227726649,2502412,0
74.2531,32,74250621703,2502412,0
74.2637,32,74261179727,2502412,0
74.2791,32,74279014769,73000,1
74.2791,38,74279014769,73000,1
74.2996,32,74297080811,2502412,0
74.3101,32,74307647241,2502412,0
74.3179,32,74317812265,73000,1
74.3231,32,74323068277,73000,1
74.3668,35,74364324373,2502412,0
74.3669,38,74366854379,73000,1
74.3722,35,74372092391,73000,1
74.3722,34,74372163391,73000,1
74.3773,32,74374844397,2502412,0
74.3801,32,74380064409,73000,1
74.3827,34,74382674415,73000,1
74.3903,35,74387832427,2502412,0
74.4006,35,74400482457,73000,1
74.4057,32,74403181463,2502412,0
74.4138,32,74413711893,73000,1
74.4163,34,74413782893,2502412,0
74.419,35,74418958905,73000,1
74.4217,32,74421595911,73000,1
74.4217,34,74421666911,73000,1
74.4242,32,74421737911,2502412,0
74.4319,34,74431875935,73000,1
74.4398,32,74439767953,73000,1
74.4427,32,74442591959,73000,1
74.471,35,74470967025,73000,1
74.4813,34,74481256049,73000,1
74.4813,32,74481256049,73000,1
74.5352,37,74532676575,2502412,0
74.5403,37,74540266593,73000,1
74.5428,38,74540337593,2502412,0
74.5505,38,74550466617,73000,1
74.5531,38,74550617617,2502412,0
74.5582,38,74555686629,2502412,0
74.5633,37,74563276647,73000,1
74.5689,38,74566370003,2502412,0
74.5716,38,74571528015,73000,1
74.5717,37,74571599015,73000,1
74.5845,36,74584471045,73000,1
74.5845,35,74584471045,73000,1
74.587,38,74584542045,2502412,0
74.5921,38,74589602057,2502412,0
74.6048,38,74602288087,2502412,0
74.6124,34,74609896105,2502412,0
74.6152,38,74612739111,2502412,0
74.6153,34,74615269117,73000,1
74.6179,38,74615358117,2502412,0
74.618,38,74617887529,73000,1
74.618,34,74617968123,73000,1
74.618,33,74617968123,73000,1
74.6281,38,74625629141,2502412,0
74.6334,38,74630894153,2502412,0
74.6359,32,74633424159,2502412,0
74.6435,38,74641041177,2502412,0
74.6461,32,74643571183,2502412,0
74.6562,38,74653709207,2502412,0
74.6565,35,74656417213,73000,1
74.659,32,74656488213,2502412,0
74.6641,38,74661548225,2502412,0
74.6642,32,74664078231,73000,1
74.6642,34,74664078231,73000,1
74.6723,38,74672213249,73000,1
74.6723,35,74672213249,73000,1
74.675,32,74674877255,73000,1
74.6879,38,74687830285,73000,1
74.6955,32,74692979297,2502412,0
74.7056,37,74703126321,2502412,0
74.7108,37,74708257333,2502412,0
74.7109,32,74710796339,73000,1
74.7139,38,74713816751,73000,1
74.7165,37,74716444757,73000,1
74.7167,32,74716595757,73000,1
74.7167,34,74716666757,73000,1
74.7245,37,74724434775,73000,1
74.7298,32,74729743787,73000,1
74.7299,38,74729814787,73000,1
74.735,37,74732513793,2502412,0
74.7403,37,74740219811,73000,1
74.7505,37,74748014829,2502412,0
74.7532,34,74753083841,73000,1
74.7558,37,74755755847,73000,1
74.7559,32,74755844847,73000,1
74.756,37,74755915847,73000,1
74.7817,36,74779176901,2502412,0
74.7868,32,74786775919,73000,1
74.797,36,74794525937,2502412,0
74.7996,36,74797055349,2502412,0
74.8022,36,74802133361,73000,1
74.8024,36,74802293361,73000,1
74.8076,37,74807531373,73000,1
74.8261,36,74823628815,2502412,0
74.8315,37,74828964827,2502412,0
74.8341,36,74834033839,73000,1
74.8368,33,74836741845,73000,1
74.8369,37,74836821845,73000,1
74.842,33,74839511851,2502412,0
74.8476,33,74847483869,73000,1
74.8476,36,74847483869,73000,1
74.8502,32,74850084875,73000,1
74.8528,37,74852685881,73000,1
74.8555,33,74855464887,73000,1
74.8581,37,74858065893,73000,1
74.8607,36,74860675899,73000,1
74.8686,38,74868488917,73000,1
74.8843,37,74884248953,73000,1
74.9022,33,74899668989,2502412,0
74.9048,33,74904738001,73000,1
74.9201,36,74917566031,2502412,0
74.9205,36,74920409037,73000,1
74.9231,37,74920551037,2502412,0
74.9433,37,74940836085,2502412,0
74.9459,36,74943366091,2502412,0
74.9485,36,74946038097,2502412,0
74.9511,33,74948568103,2502412,0
74.9562,33,74953708115,2502412,0
74.9587,37,74956247121,2502412,0
74.9665,39,74966456145,73000,1
74.969,36,74966527145,2502412,0
74.9717,36,74971587157,73000,1
74.9717,33,74971587157,73000,1
74.9718,37,74971685157,73000,1
74.9848,39,74982287181,2502412,0
74.9849,39,74984816593,73000,1
74.9849,37,74984817187,73000,1
75.0028,36,75002741229,73000,1
75.0053,33,75002812229,2502412,0
75.008,33,75007890241,73000,1
75.008,36,75007890241,73000,1
75.0156,39,75015569259,73000,1
75.0156,33,75015569259,73000,1
75.0237,37,75023658683,73000,1
75.0339,39,75031408701,2502412,0
75.0417,39,75039176719,2502412,0
75.0442,39,75041706131,2502412,0
75.0544,39,75051933155,2502412,0
75.0646,37,75062071179,2502412,0
75.0696,33,75067131191,2502412,0
75.0747,39,75072191203,2502412,0
75.0802,37,75080103221,73000,1
75.0828,39,75082731227,73000,1
75.0879,37,75085350233,2502412,0
75.088,33,75087880239,73000,1
75.0957,37,75095577257,73000,1
75.0957,33,75095577257,73000,1
75.1009,37,75098409263,2502412,0
75.1035,37,75100974675,2502412,0
75.1061,39,75106052687,73000,1
75.1114,37,75111299699,73000,1
75.1165,36,75114034705,2502412,0
75.1191,33,75116564711,2502412,0
75.1218,36,75121704723,73000,1
75.1218,37,75121704723,73000,1
75.1273,33,75127184141,73000,1
75.1323,37,75129785147,2502412,0
75.1325,36,75132404153,73000,1
75.1375,37,75135005159,2502412,0
75.1476,36,75145134183,2502412,0
75.1503,37,75150212195,73000,1
75.1503,39,75150212195,73000,1
75.1503,33,75150212195,73000,1
75.1529,37,75150354195,2502412,0
75.1581,37,75158042213,73000,1
75.1606,36,75158113213,2502412,0
75.1659,36,75165819231,73000,1
75.1788,39,75178718261,73000,1
75.1789,34,75178816261,73000,1
75.1789,37,75178816261,73000,1
75.1792,36,75179092261,73000,1
75.1948,33,75194754297,73000,1
75.2152,36,75212687339,2502412,0
75.2179,36,75215395345,2502412,0
75.2206,36,75220544357,73000,1
75.2206,37,75220544357,73000,1
75.2287,36,75228642781,73000,1
75.2885,36,75288452015,73000,1
75.2912,36,75288674015,2502412,0
75.3014,36,75298865039,2502412,0
75.3066,36,75306553057,73000,1
75.3066,33,75306553057,73000,1
75.3218,36,75319283087,2502412,0
75.3272,36,75327105105,73000,1
75.3274,37,75327327105,73000,1
75.3457,38,75345660553,73000,1
75.3558,36,75353339571,2502412,0
75.3559,39,75355869577,73000,1
75.3585,36,75355958577,2502412,0
75.3637,36,75363664595,73000,1
75.3896,36,75387077649,2502412,0
75.3951,36,75394996667,73000,1
75.3978,36,75397686673,73000,1
75.4182,33,75415743715,2502412,0
75.4209,33,75418353721,2502412,0
75.421,33,75420901133,73000,1
75.4211,35,75420990727,73000,1
75.429,33,75428909745,73000,1
75.4397,36,75437203169,2502412,0
75.4499,36,75449862199,73000,1
75.4831,36,75483011277,73000,1
75.5014,33,75501372319,73000,1
75.5406,36,75538057809,2502412,0
75.5457,37,75543197821,2502412,0
75.5533,37,75550796839,2502412,0
75.5584,36,75555856851,2502412,0
75.5634,33,75560925863,2502412,0
75.5636,33,75563526869,73000,1
75.5636,37,75563526869,73000,1
75.5686,37,75566145875,2502412,0
75.5713,36,75571205887,73000,1
75.5817,37,75581636911,73000,1
75.5947,36,75592158935,2502412,0
75.5975,33,75597414947,73000,1
75.6052,36,75605146965,73000,1
75.6052,37,75605146965,73000,1
75.6259,36,75625824013,73000,1
75.626,37,75625895013,73000,1
75.639,37,75636469443,2502412,0
75.6416,36,75639115449,2502412,0
75.6468,37,75646714467,73000,1
75.657,36,75656905491,73000,1
75.6621,34,75659604497,2502412,0
75.6672,33,75664664509,2502412,0
75.6722,37,75669724521,2502412,0
75.6749,39,75674802533,73000,1
75.6775,37,75677403539,73000,1
75.6775,36,75677403539,73000,1
75.68,35,75677483539,2502412,0
75.6801,33,75680031545,73000,1
75.6802,34,75680102545,73000,1
75.6828,33,75682703551,73000,1
75.6829,35,75682801551,73000,1
75.6829,34,75682801551,73000,1
75.6882,32,75688092563,73000,1
75.6907,37,75688234563,2502412,0
75.6962,33,75693678575,2502412,0
75.6964,36,75696288581,73000,1
75.699,35,75696448581,2502412,0
75.7015,37,75698978587,2502412,0
75.7066,37,75706568605,73000,1
75.7093,33,75709187611,73000,1
75.712,35,75711886617,73000,1
75.7248,34,75722300641,2502412,0
75.7273,37,75724830647,2502412,0
75.735,34,75734968671,73000,1
75.735,33,75734968671,73000,1
75.7481,37,75745570101,2502412,0
75.7506,35,75748109107,2502412,0
75.7634,34,75760857137,2502412,0
75.7635,34,75763386549,73000,1
75.7685,37,75765988149,2502412,0
75.771,34,75768527155,2502412,0
75.7711,35,75771057161,73000,1
75.7762,33,75773676167,2502412,0
75.7813,33,75781275185,73000,1
75.7813,34,75781275185,73000,1
75.784,37,75783894191,73000,1
75.784,33,75783894191,73000,1
75.7865,35,75783965191,2502412,0
75.7866,35,75786494603,73000,1
75.7895,34,75789434203,73000,1
75.7972,37,75794663215,2502412,0
75.8077,34,75805211645,2502412,0
75.8102,35,75807741651,2502412,0
75.8178,35,75815340669,2502412,0
75.8204,37,75817870675,2502412,0
75.8205,36,75820400681,73000,1
75.8206,35,75820542681,73000,1
75.8258,37,75825691693,73000,1
75.8258,34,75825691693,73000,1
75.8439,33,75841434135,2502412,0
75.8441,35,75843982141,73000,1
75.8467,35,75846601147,73000,1
75.8467,34,75846601147,73000,1
75.8494,33,75849282153,73000,1
75.8494,37,75849282153,73000,1
75.8648,39,75864711189,73000,1
75.8699,37,75867392195,2502412,0
75.87,33,75869931201,73000,1
75.8751,37,75872568207,2502412,0
75.8801,37,75877637219,2502412,0
75.9034,37,75903304279,73000,1
75.9084,34,75905941285,2502412,0
75.9135,36,75911019297,2502412,0
75.9213,34,75921255321,73000,1
75.9213,37,75921255321,73000,1
75.9239,36,75921397321,2502412,0
75.9341,36,75931597345,2502412,0
75.9472,34,75944648781,2502412,0
75.9499,34,75949788793,73000,1
75.9499,36,75949859793,73000,1
75.9499,38,75949859793,73000,1
75.9499,33,75949859793,73000,1
75.955,37,75952487799,2502412,0
75.9575,37,75955017211,2502412,0
75.9576,37,75957546623,73000,1
75.9602,36,75960148223,73000,1
75.9627,37,75960228223,2502412,0
75.9754,37,75972941253,2502412,0
75.9755,37,75975470665,73000,1
75.9781,35,75975613259,2502412,0
75.9808,34,75980700271,73000,1
75.9833,35,75980842271,2502412,0
75.9862,32,75986169283,73000,1
75.9864,35,75986320283,73000,1
75.9916,37,75991558295,73000,1
75.9944,32,75994310301,73000,1
76.0049,34,76004859325,73000,1
76.0051,36,76005010325,73000,1
76.0126,32,76010141337,2502412,0
76.0127,35,76012671343,73000,1
76.0154,32,76015326349,73000,1
76.0306,32,76028092379,2502412,0
76.0333,32,76033179391,73000,1
76.0384,32,76035869397,2502412,0
76.046,33,76043459415,2502412,0
76.0488,32,76046302421,2502412,0
76.0513,35,76048832427,2502412,0
76.0514,35,76051370839,73000,1
76.0539,37,76051442433,2502412,0
76.059,37,76056511445,2502412,0
76.0668,32,76066711469,73000,1
76.0668,33,76066711469,73000,1
76.0694,37,76069348475,73000,1
76.0695,33,76069419475,73000,1
76.0798,35,76077249493,2502412,0
76.0824,36,76082309505,73000,1
76.09,35,76087449517,2502412,0
76.0951,35,76095048535,73000,1
76.0951,38,76095048535,73000,1
76.0951,32,76095048535,73000,1
76.1002,37,76097658541,2502412,0
76.1081,35,76105570559,2502412,0
76.1082,35,76108108971,73000,1
76.1107,32,76108189565,2502412,0
76.1108,37,76110719571,73000,1
76.1108,34,76110719571,73000,1
76.1134,38,76110861571,2502412,0
76.1159,38,76113390983,2502412,0
76.1211,32,76120999001,73000,1
76.1236,33,76121088001,2502412,0
76.1237,35,76123618007,73000,1
76.1262,38,76123707007,2502412,0
76.1339,33,76131368025,2502412,0
76.1365,33,76133969031,2502412,0
76.139,33,76136498443,2502412,0
76.1415,37,76139028449,2502412,0
76.1442,38,76141665455,2502412,0
76.1498,38,76149709879,73000,1
76.1499,37,76149780879,73000,1
76.1499,33,76149780879,73000,1
76.1524,32,76149887879,2502412,0
76.1551,37,76155036891,73000,1
76.1627,38,76160176903,2502412,0
76.1652,35,76162715909,2502412,0
76.1653,32,76165245915,73000,1
76.173,35,76170465927,2502412,0
76.1755,38,76172995933,2502412,0
76.178,33,76175525939,2502412,0
76.1806,33,76178064351,2502412,0
76.1883,38,76188229375,73000,1
76.1908,35,76188300375,2502412,0
76.1959,33,76193369387,2502412,0
76.1984,33,76195898799,2502412,0
76.1985,32,76198455805,73000,1
76.1986,38,76198535805,73000,1
76.2037,35,76203675817,73000,1
76.2063,33,76203844817,2502412,0
76.2092,37,76206696229,2502412,0
76.2144,32,76214304247,73000,1
76.2196,33,76217145253,2502412,0
76.2197,37,76219675259,73000,1
76.2197,38,76219675259,73000,1
76.2326,38,76232503289,73000,1
76.2326,35,76232503289,73000,1
76.2327,33,76232583289,73000,1
76.2454,33,76242899313,2502412,0
76.2455,37,76245447319,73000,1
76.2481,34,76245643319,2502412,0
76.2535,33,76251042737,2502412,0
76.2613,34,76261216761,73000,1
76.2615,33,76261385761,73000,1
76.2616,37,76261536761,73000,1
76.2621,35,76261989761,73000,1
76.2646,33,76262060761,2502412,0
76.2647,33,76264590173,73000,1
76.2675,34,76267413773,73000,1
76.2727,33,76272624785,73000,1
76.2958,36,76295688839,73000,1
76.2958,34,76295759839,73000,1
76.3086,32,76306066863,2502412,0
76.3215,32,76319047299,2502412,0
76.3241,32,76321594711,2502412,0
76.3268,32,76326681723,73000,1
76.3268,37,76326681723,73000,1
76.3268,33,76326752723,73000,1
76.35,32,76349941777,73000,1
76.3834,35,76380944255,2502412,0
76.3938,35,76391322279,2502412,0
76.3965,38,76396400291,73000,1
76.4041,35,76401638303,2502412,0
76.4042,35,76404167715,73000,1
76.4225,32,76422431351,73000,1
76.4226,34,76422502351,73000,1
76.4303,35,76430190369,73000,1
76.4353,33,76432791375,2502412,0
76.4405,33,76440435393,73000,1
76.4456,33,76443116399,2502412,0
76.4535,35,76453423423,73000,1
76.4562,33,76453654423,2502412,0
76.4592,33,76459107435,73000,1
76.4618,34,76459258435,2502412,0
76.4698,34,76469760459,73000,1
76.4698,33,76469760459,73000,1
76.4723,37,76469831459,2502412,0
76.4749,37,76472387871,2502412,0
76.4826,37,76480075889,2502412,0
76.4904,34,76487852907,2502412,0
76.4955,37,76493001919,2502412,0
76.498,34,76495540925,2502412,0
76.5008,37,76500698937,73000,1
76.5034,34,76503317943,73000,1
76.5084,33,76505936949,2502412,0
76.5085,39,76508466955,73000,1
76.5166,39,76516538973,73000,1
76.5193,32,76519210979,73000,1
76.5244,34,76521882985,2502412,0
76.5269,33,76524412991,2502412,0
76.5295,37,76527013997,2502412,0
76.532,34,76529544003,2502412,0
76.5347,33,76534613015,73000,1
76.5348,35,76534755015,73000,1
76.5349,37,76534826015,73000,1
76.5376,39,76535057015,2502412,0
76.5377,34,76537658021,73000,1
76.548,39,76545479039,2502412,0
76.5532,34,76553078057,73000,1
76.5532,37,76553149057,73000,1
76.5534,37,76553309057,73000,1
76.5535,39,76553380057,73000,1
76.5561,33,76555981063,73000,1
76.5591,34,76558992475,73000,1
76.5797,39,76577226517,2502412,0
76.5874,39,76584879535,2502412,0
76.5899,33,76587409541,2502412,0
76.6052,39,76602696577,2502412,0
76.6103,33,76607774589,2502412,0
76.6183,39,76618207613,73000,1
76.6208,33,76618323613,2502412,0
76.631,33,76628506637,2502412,0
76.6539,39,76651392691,2502412,0
76.654,39,76653922103,73000,1
76.654,33,76653922697,73000,1
76.6672,39,76664658127,2502412,0
76.6724,33,76669905139,2502412,0
76.6725,32,76672435145,73000,1
76.6751,39,76675054151,73000,1
76.6803,33,76677753157,2502412,0
76.6828,37,76680283163,2502412,0
76.6879,34,76685352175,2502412,0
76.7006,37,76700568211,73000,1
76.7032,33,76700648211,2502412,0
76.7057,33,76703177623,2502412,0
76.7058,34,76705707629,73000,1
76.7134,36,76710918641,2502412,0
76.7161,39,76715987653,73000,1
76.7186,33,76716067653,2502412,0
76.7191,33,76718981065,73000,1
76.7242,33,76721671071,2502412,0
76.7243,36,76724210077,73000,1
76.7269,33,76726838083,73000,1
76.7269,34,76726838083,73000,1
76.7295,37,76727007083,2502412,0
76.7296,38,76729546089,73000,1
76.7324,37,76732334095,73000,1
76.7324,33,76732334095,73000,1
76.7349,39,76732414095,2502412,0
76.74,36,76737483107,2502412,0
76.7452,34,76742712119,2502412,0
76.7453,36,76745242125,73000,1
76.7453,35,76745242125,73000,1
76.7454,39,76745313125,73000,1
76.7479,34,76745402125,2502412,0
76.753,34,76750471137,2502412,0
76.7556,34,76755531149,73000,1
76.7582,37,76758159155,73000,1
76.7609,33,76760876161,73000,1
76.7716,36,76771486591,73000,1
76.7716,39,76771486591,73000,1
76.7766,34,76774087597,2502412,0
76.7793,34,76779227609,73000,1
76.7973,34,76797239651,73000,1
76.7999,34,76797390651,2502412,0
76.8025,37,76802459663,73000,1
76.8026,34,76802530663,73000,1
76.8207,39,76818191699,2502412,0
76.8211,36,76821034111,73000,1
76.8262,39,76826174123,73000,1
76.8288,34,76826263123,2502412,0
76.839,39,76838958153,73000,1
76.8416,34,76841568159,73000,1
76.8442,34,76844169165,73000,1
76.8753,33,76875260643,73000,1
76.8806,34,76878048649,2502412,0
76.8807,34,76880587061,73000,1
76.8807,35,76880587655,73000,1
76.8807,39,76880587655,73000,1
76.8936,35,76893495685,73000,1
76.9037,36,76901192703,2502412,0
76.9038,36,76903722115,73000,1
76.9088,34,76906323715,2502412,0
76.9089,33,76908853721,73000,1
76.9165,34,76914011733,2502412,0
76.9167,34,76916612739,73000,1
76.9193,37,76919240745,73000,1
76.9247,36,76922163751,2502412,0
76.9297,34,76927223763,2502412,0
76.9298,34,76929753175,73000,1
76.9298,33,76929753769,73000,1
76.9324,36,76932363775,73000,1
76.9402,36,76940140793,73000,1
76.9532,34,76953102823,73000,1
76.9583,34,76958251835,73000,1
76.9608,39,76958331835,2502412,0
76.9714,39,76971312271,73000,1
76.9715,36,76971392271,73000,1
76.9716,39,76971481271,73000,1
76.9971,38,76997004331,73000,1
77.0149,33,77014821373,73000,1
77.0332,39,77033085415,73000,1
77.0332,34,77033156415,73000,1
77.1176,36,77117548019,73000,1
77.1332,34,77130698049,2502412,0
77.146,34,77143482079,2502412,0
77.1512,34,77151090097,73000,1
77.1539,36,77153780103,73000,1
77.1721,39,77171989551,73000,1
77.1722,34,77172140551,73000,1
77.1723,37,77172211551,73000,1
77.1773,39,77174812557,2502412,0
77.19,39,77187480587,2502412,0
77.1951,36,77192558599,2502412,0
77.2003,32,77197778611,2502412,0
77.2028,39,77200308617,2502412,0
77.2079,36,77205386629,2502412,0
77.213,34,77210535641,2502412,0
77.2156,36,77213136647,2502412,0
77.2157,32,77215666653,73000,1
77.2158,34,77215746653,73000,1
77.2158,39,77215746653,73000,1
77.2234,36,77220877665,2502412,0
77.2314,36,77228887683,2502412,0
77.2391,34,77236557701,2502412,0
77.2467,36,77244227719,2502412,0
77.2494,34,77249287731,73000,1
77.2544,32,77251897737,2502412,0
77.262,39,77259496755,2502412,0
77.2621,39,77262026167,73000,1
77.2621,36,77262026761,73000,1
77.2646,32,77262124761,2502412,0
77.2699,32,77267433773,2502412,0
77.2725,34,77269963779,2502412,0
77.2778,32,77275336197,2502412,0
77.2831,32,77283015215,73000,1
77.2831,39,77283015215,73000,1
77.2832,34,77283095215,73000,1
77.2858,37,77285696221,73000,1
77.2884,36,77288360227,73000,1
77.2937,32,77293651239,73000,1
77.2938,39,77293722239,73000,1
77.2938,36,77293722239,73000,1
77.304,34,77301508257,2502412,0
77.3142,34,77311726281,2502412,0
77.3168,34,77314255693,2502412,0
77.3193,34,77316803105,2502412,0
77.3194,34,77319341517,73000,1
77.3245,32,77322032117,2502412,0
77.3246,32,77324561529,73000,1
77.3351,34,77332625141,2502412,0
77.3529,34,77350371183,2502412,0
77.3605,34,77357970201,2502412,0
77.3659,36,77365818219,73000,1
77.3659,32,77365818219,73000,1
77.3709,34,77368419225,2502412,0
77.3735,34,77371047231,2502412,0
77.3842,32,77381666661,2502412,0
77.3867,34,77384223667,2502412,0
77.3943,32,77391831685,2502412,0
77.3944,39,77394370691,73000,1
77.4045,32,77402031709,2502412,0
77.4071,32,77404561121,2502412,0
77.4122,32,77412151139,73000,1
77.4122,34,77412151139,73000,1
77.4225,33,77422414163,73000,1
77.4226,32,77422503163,73000,1
77.4226,34,77422574163,73000,1
77.4279,36,77427874175,73000,1
77.4305,33,77428025175,2502412,0
77.4306,34,77430555181,73000,1
77.4306,39,77430555181,73000,1
77.4436,33,77441139205,2502412,0
77.4488,33,77446288217,2502412,0
77.4489,33,77448817629,73000,1
77.4565,32,77453985235,2502412,0
77.4719,32,77469352271,2502412,0
77.4769,32,77474412283,2502412,0
77.477,32,77476959695,73000,1
77.4824,33,77479882701,2502412,0
77.4849,38,77482412707,2502412,0
77.4852,38,77485120713,73000,1
77.4878,33,77487730719,73000,1
77.4878,32,77487730719,73000,1
77.4979,33,77495418737,2502412,0
77.5082,38,77508086767,73000,1
77.5132,32,77510705773,2502412,0
77.5134,33,77513315779,73000,1
77.5186,32,77518491791,73000,1
77.534,32,77531488821,2502412,0
77.5365,33,77534027827,2502412,0
77.5395,33,77536986239,2502412,0
77.5421,38,77542046251,73000,1
77.5422,34,77542126251,73000,1
77.5423,32,77542206251,73000,1
77.5449,33,77542348251,2502412,0
77.5525,32,77550027269,2502412,0
77.5577,32,77555167281,2502412,0
77.5602,33,77557697287,2502412,0
77.573,33,77570516317,2502412,0
77.5781,32,77575585329,2502412,0
77.5783,33,77578195335,73000,1
77.5836,32,77581108747,2502412,0
77.5862,33,77586168759,73000,1
77.5864,32,77586328759,73000,1
77.5865,34,77586470759,73000,1
77.5891,38,77586550759,2502412,0
77.5917,32,77589196765,2502412,0
77.597,38,77596884783,73000,1
77.5996,32,77599485789,73000,1
77.6047,36,77604652801,73000,1
77.6151,38,77612598819,2502412,0
77.6176,32,77615128825,2502412,0
77.6202,34,77617738831,2502412,0
77.6278,32,77625337849,2502412,0
77.6304,38,77627876855,2502412,0
77.6356,33,77635484873,73000,1
77.6381,32,77635555873,2502412,0
77.6434,34,77640937291,2502412,0
77.646,37,77643467297,2502412,0
77.6512,34,77651137315,73000,1
77.6513,38,77651208315,73000,1
77.6563,32,77653836321,2502412,0
77.6615,37,77658967333,2502412,0
77.6717,37,77671644363,73000,1
77.6717,32,77671644363,73000,1
77.6744,34,77674361369,73000,1
77.677,37,77674512369,2502412,0
77.6771,37,77677041781,73000,1
77.6771,32,77677042375,73000,1
77.6772,38,77677113375,73000,1
77.6904,37,77687928805,2502412,0
77.7008,37,77700703835,73000,1
77.7009,32,77700872835,73000,1
77.7036,39,77703509841,73000,1
77.7037,34,77703607841,73000,1
77.7064,38,77703847841,2502412,0
77.7091,38,77708978853,73000,1
77.7116,37,77709049853,2502412,0
77.7168,34,77716710871,73000,1
77.7194,37,77719311877,73000,1
77.7246,37,77722072883,2502412,0
77.7247,37,77724602295,73000,1
77.7272,38,77724673889,2502412,0
77.7324,37,77732334907,73000,1
77.7325,33,77732414907,73000,1
77.7327,38,77732592907,73000,1
77.7662,38,77763675979,2502412,0
77.7765,38,77773992003,2502412,0
77.7766,37,77776522009,73000,1
77.7793,38,77779177015,73000,1
77.7925,38,77792468451,73000,1
77.795,32,77792539451,2502412,0
77.8027,32,77800218469,2502412,0
77.8078,32,77805287481,2502412,0
77.8156,37,77813055499,2502412,0
77.8157,32,77815603505,73000,1
77.8285,32,77828431535,73000,1
77.8285,37,77828431535,73000,1
77.8311,33,77831068541,73000,1
77.8311,38,77831068541,73000,1
77.8519,37,77849349583,2502412,0
77.8545,37,77854409595,73000,1
77.8621,37,77859549607,2502412,0
77.8622,32,77862079613,73000,1
77.8723,37,77869794631,2502412,0
77.8828,35,77880252655,2502412,0
77.8829,37,77882853661,73000,1
77.883,35,77882960661,73000,1
77.8855,37,77883040661,2502412,0
77.8886,37,77888493079,73000,1
77.8886,34,77888493079,73000,1
77.9039,37,77901446109,2502412,0
77.9091,35,77906613121,2502412,0
77.9092,37,77909143127,73000,1
77.9169,32,77916822145,73000,1
77.9195,35,77919423151,73000,1
77.9195,37,77919423151,73000,1
77.9248,38,77924723163,73000,1
77.9558,38,77953328229,2502412,0
77.9584,38,77955857641,2502412,0
77.9585,37,77958396647,73000,1
77.961,35,77958467647,2502412,0
77.9686,35,77966066665,2502412,0
77.9713,38,77971215677,73000,1
77.9738,35,77971295677,2502412,0
77.9789,35,77976391689,2502412,0
77.9891,35,77986574713,2502412,0
77.9946,38,77994575137,73000,1
77.9947,35,77994646137,73000,1
77.9974,35,77997318143,73000,1
78.0409,32,78040783245,73000,1
78.0434,35,78040872245,2502412,0
78.0517,35,78051590269,73000,1
78.0517,38,78051661269,73000,1
78.0547,35,78054645275,73000,1
78.0625,37,78062466293,73000,1
78.0882,35,78085672347,2502412,0
78.0938,35,78093681771,73000,1
78.1091,34,78106633801,2502412,0
78.122,34,78121920837,73000,1
78.1298,35,78127300849,2502412,0
78.1323,35,78129839261,2502412,0
78.1401,38,78139995285,73000,1
78.1451,34,78142614291,2502412,0
78.1452,34,78145143703,73000,1
78.1452,35,78145144297,73000,1
78.1558,34,78153278315,2502412,0
78.1584,34,78158347327,73000,1
78.1787,35,78176244369,2502412,0
78.1814,34,78181322381,73000,1
78.1967,35,78194221411,2502412,0
78.2097,34,78207211441,2502412,0
78.2098,35,78209768447,73000,1
78.2149,34,78212396453,2502412,0
78.215,33,78214926459,73000,1
78.2151,37,78214997459,73000,1
78.2202,34,78220137471,73000,1
78.2253,35,78222836477,2502412,0
78.2306,35,78230551495,73000,1
78.2307,34,78230640495,73000,1
78.2513,35,78251218543,73000,1
78.2826,34,78280118609,2502412,0
78.288,34,78287877627,73000,1
78.2932,38,78293115639,73000,1
78.3012,34,78298719057,2502412,0
78.3088,35,78306318075,2502412,0
78.3166,34,78314095093,2502412,0
78.3192,35,78319164105,73000,1
78.3247,34,78324597117,73000,1
78.3324,34,78329879129,2502412,0
78.3403,34,78340266153,73000,1
78.3404,35,78340337153,73000,1
78.3406,35,78340479153,73000,1
78.3765,34,78373976231,2502412,0
78.3815,34,78379045243,2502412,0
78.3917,38,78389210267,2502412,0
78.3968,38,78394288279,2502412,0
78.4047,34,78402190703,2502412,0
78.4074,38,78407348715,73000,1
78.4074,36,78407348715,73000,1
78.4202,34,78420158745,73000,1
78.4305,34,78430385769,73000,1
78.4306,34,78430554769,73000,1
78.4307,38,78430643769,73000,1
78.4386,35,78438482787,73000,1
78.4487,32,78446197805,2502412,0
78.4694,32,78469343859,73000,1
78.4694,34,78469343859,73000,1
78.4696,38,78469574859,73000,1
78.4696,32,78469574859,73000,1
78.4877,39,78487596901,73000,1
78.5136,32,78511062361,2502412,0
78.5161,32,78513600773,2502412,0
78.5315,32,78528958809,2502412,0
78.5391,32,78536637827,2502412,0
78.5418,32,78541697839,73000,1
78.5497,32,78549598857,73000,1
78.5603,34,78560191881,73000,1
78.5885,38,78585963941,2502412,0
78.5886,34,78588502947,73000,1
78.5913,38,78591245953,73000,1
78.5992,32,78599084971,73000,1
78.6073,32,78607201395,73000,1
78.6124,38,78609882401,2502412,0
78.6175,38,78615013413,2502412,0
78.6227,38,78622648431,73000,1
78.6533,37,78650790497,2502412,0
78.6534,37,78653337909,73000,1
78.6534,38,78653338503,73000,1
78.6637,37,78661213521,2502412,0
78.672,37,78671912951,73000,1
78.6849,35,78684873981,73000,1
78.6926,37,78692552999,73000,1
78.6978,38,78697756011,73000,1
78.703,38,78700544017,2502412,0
78.706,38,78705906029,73000,1
78.7245,38,78722011471,2502412,0
78.7296,37,78727098483,2502412,0
78.7373,38,78737236507,73000,1
78.7399,32,78737387507,2502412,0
78.74,34,78739926513,73000,1
78.7425,37,78740006513,2502412,0
78.7451,32,78745075525,73000,1
78.7554,37,78755364549,73000,1
78.7554,32,78755364549,73000,1
78.7583,32,78758187555,73000,1
78.7635,38,78763389567,73000,1
78.769,37,78766472573,2502412,0
78.7691,37,78769001985,73000,1
78.787,37,78784494615,2502412,0
78.7921,37,78789563627,2502412,0
78.8023,37,78799781651,2502412,0
78.8025,38,78802400657,73000,1
78.8052,37,78805170663,73000,1
78.8339,37,78833847135,73000,1
78.8366,35,78836564141,73000,1
78.8493,35,78846800165,2502412,0
78.8547,35,78854657183,73000,1
78.8675,32,78864999207,2502412,0
78.8735,32,78873443631,73000,1
78.8736,35,78873541631,73000,1
78.8761,32,78873612631,2502412,0
78.8762,37,78876142637,73000,1
78.8763,38,78876213637,73000,1
78.8813,37,78878814643,2502412,0
78.884,32,78881486649,2502412,0
78.8865,37,78884016655,2502412,0
78.8917,32,78889147667,2502412,0
78.8943,37,78894207679,73000,1
78.9046,32,78904567703,73000,1
78.9153,37,78915214133,73000,1
78.9153,32,78915214133,73000,1
78.9256,32,78923062151,2502412,0
78.9308,32,78930706169,73000,1
78.9309,35,78930848169,73000,1
78.9492,36,78949146211,73000,1
78.9492,32,78949146211,73000,1
78.9517,38,78949217211,2502412,0
78.957,36,78956878229,73000,1
78.9647,37,78964610247,73000,1
78.9674,38,78967291253,73000,1
78.9704,36,78970374259,73000,1
78.973,35,78970463259,2502412,0
78.9782,38,78978124277,73000,1
78.9783,35,78978204277,73000,1
78.9861,35,78986025295,73000,1
79.0143,32,79011841355,2502412,0
79.0148,32,79014702361,73000,1
79.0225,36,79022390379,73000,1
79.0251,38,79022559379,2502412,0
79.0252,38,79025088791,73000,1
79.0252,35,79025089385,73000,1
79.0303,37,79027770391,2502412,0
79.0329,32,79032875403,73000,1
79.0356,37,79035494409,73000,1
79.0356,39,79035494409,73000,1
79.0381,39,79035636409,2502412,0
79.0407,37,79038166415,2502412,0
79.0534,33,79050896445,2502412,0
79.0536,39,79053497451,73000,1
79.0586,37,79056125457,2502412,0
79.0588,38,79058726463,73000,1
79.0613,33,79058806463,2502412,0
79.0638,32,79061336469,2502412,0
79.0639,37,79063875475,73000,1
79.0641,33,79063991475,73000,1
79.0641,37,79063991475,73000,1
79.0717,32,79069167487,2502412,0
79.0721,39,79072018899,73000,1
79.0798,32,79079750917,73000,1
79.0849,33,79082360923,2502412,0
79.085,35,79084890929,73000,1
79.0875,33,79084979929,2502412,0
79.1001,34,79097638959,2502412,0
79.1052,38,79102716971,2502412,0
79.1053,33,79105246977,73000,1
79.1053,37,79105246977,73000,1
79.1055,34,79105397977,73000,1
79.1056,39,79105477977,73000,1
79.1083,38,79108256983,73000,1
79.1083,34,79108256983,73000,1
79.1109,32,79110857989,73000,1
79.1214,38,79118849413,2502412,0
79.1264,36,79123909425,2502412,0
79.1291,33,79126608431,2502412,0
79.1317,33,79129155843,2502412,0
79.1342,36,79131694849,2502412,0
79.1368,38,79134295855,2502412,0
79.1394,33,79136896861,2502412,0
79.1421,33,79142072873,73000,1
79.1421,36,79142072873,73000,1
79.1422,38,79142143873,73000,1
79.1423,33,79142214873,73000,1
79.1448,34,79142294873,2502412,0
79.145,38,79144966879,73000,1
79.1451,39,79145037879,73000,1
79.1452,33,79145117879,73000,1
79.1479,38,79147798885,73000,1
79.1479,32,79147798885,73000,1
79.1531,34,79153009897,73000,1
79.1709,36,79168438933,2502412,0
79.1735,37,79170968939,2502412,0
79.1761,34,79173578945,2502412,0
79.1816,36,79181499369,73000,1
79.1816,38,79181499369,73000,1
79.1942,36,79191699393,2502412,0
79.1943,37,79194238399,73000,1
79.1944,36,79194318399,73000,1
79.1944,34,79194318399,73000,1
79.1994,36,79196937405,2502412,0
79.2147,36,79212162441,2502412,0
79.2172,36,79214691853,2502412,0
79.2173,36,79217221265,73000,1
79.2253,33,79225222283,73000,1
79.2304,34,79227850289,2502412,0
79.2329,37,79230380295,2502412,0
79.2383,37,79235822307,2502412,0
79.2435,34,79243421325,73000,1
79.2435,32,79243421325,73000,1
79.2436,37,79243492325,73000,1
79.2437,36,79243581325,73000,1
79.2464,34,79246298331,73000,1
79.2617,36,79259233361,2502412,0
79.2643,37,79261834367,2502412,0
79.2694,34,79266894379,2502412,0
79.2695,36,79269424385,73000,1
79.2801,34,79277585403,2502412,0
79.2826,37,79280115409,2502412,0
79.2853,34,79285193421,73000,1
79.2879,34,79287821427,73000,1
79.2904,36,79287892427,2502412,0
79.2929,35,79290431433,2502412,0
79.293,37,79292961439,73000,1
79.2931,33,79293032439,73000,1
79.3007,36,79298163451,2502412,0
79.3033,34,79303250463,73000,1
79.3034,35,79303321463,73000,1
79.3059,36,79303392463,2502412,0
79.306,35,79305940469,73000,1
79.3162,36,79316176493,73000,1
79.3189,38,79318795499,73000,1
79.3189,37,79318875499,73000,1
79.3269,39,79324416917,2502412,0
79.3295,39,79326955329,2502412,0
79.3346,35,79332051341,2502412,0
79.3371,35,79334589753,2502412,0
79.3398,35,79339720765,73000,1
79.3398,39,79339720765,73000,1
79.345,36,79344905777,73000,1
79.3476,35,79347524783,73000,1
79.3553,37,79355221801,73000,1
79.3604,39,79360361813,73000,1
79.3681,36,79368076831,73000,1
79.3709,34,79370793837,73000,1
79.3736,35,79371104837,2502412,0
79.3762,35,79373652249,2502412,0
79.3763,39,79376271255,73000,1
79.3789,35,79376351255,2502412,0
79.3947,35,79394631703,73000,1
79.4102,34,79410087739,73000,1
79.4131,35,79413017745,73000,1
79.4208,35,79420696763,73000,1
79.4239,33,79423832775,73000,1
79.424,37,79423974775,73000,1
79.4268,32,79426717781,73000,1
79.4525,36,79452391841,73000,1
79.4833,39,79480827907,2502412,0
79.4863,39,79483759319,2502412,0
79.4915,39,79491438337,73000,1
79.5043,35,79501789361,2502412,0
79.5095,35,79509397379,73000,1
79.517,37,79514528391,2502412,0
79.5248,39,79524684415,73000,1
79.5249,37,79524835415,73000,1
79.5304,36,79530278833,73000,1
79.5304,39,79530358833,73000,1
79.5329,35,79530429833,2502412,0
79.538,32,79535498845,2502412,0
79.5508,35,79550723881,73000,1
79.5509,32,79550803881,73000,1
79.5534,37,79550874881,2502412,0
79.5538,35,79553680887,73000,1
79.5538,33,79553751887,73000,1
79.5614,37,79558891899,2502412,0
79.564,37,79561510905,2502412,0
79.5666,37,79564067317,2502412,0
79.5792,32,79576735347,2502412,0
79.582,37,79581937359,73000,1
79.5926,32,79590053377,2502412,0
79.5951,32,79592582789,2502412,0
79.6002,32,79597678801,2502412,0
79.6004,38,79600288807,73000,1
79.608,39,79605517819,2502412,0
79.6081,32,79608056825,73000,1
79.6132,37,79610657831,2502412,0
79.6258,39,79623334861,2502412,0
79.6312,33,79628707279,2502412,0
79.6337,35,79631237285,2502412,0
79.6338,35,79633775697,73000,1
79.6338,32,79633776291,73000,1
79.6339,39,79633865291,73000,1
79.6339,37,79633865291,73000,1
79.6416,39,79641553309,73000,1
79.6442,32,79644163315,73000,1
79.6442,33,79644163315,73000,1
79.6544,35,79651931333,2502412,0
79.657,33,79654532339,2502412,0
79.6571,39,79657071345,73000,1
79.6598,35,79659681351,73000,1
79.6649,33,79664839363,73000,1
79.6649,37,79664839363,73000,1
79.6752,35,79672660381,2502412,0
79.6804,35,79680339399,73000,1
79.7037,33,79701177447,2502412,0
79.7139,33,79711377471,2502412,0
79.7164,35,79713907477,2502412,0
79.724,33,79721506495,2502412,0
79.7316,37,79729123513,2502412,0
79.732,35,79731975519,73000,1
79.7347,33,79734612525,73000,1
79.7372,39,79734692525,2502412,0
79.7397,33,79737222531,2502412,0
79.7398,37,79739752537,73000,1
79.7423,35,79739823537,2502412,0
79.7474,39,79744883549,2502412,0
79.7499,33,79747413555,2502412,0
79.755,39,79752544567,2502412,0
79.7551,39,79755073979,73000,1
79.7551,35,79755074573,73000,1
79.7578,37,79757693579,73000,1
79.7579,33,79757871579,73000,1
79.7758,35,79775706621,73000,1
79.7758,33,79775706621,73000,1
79.7784,39,79775884621,2502412,0
79.7785,32,79778432627,73000,1
79.7861,39,79783590639,2502412,0
79.794,39,79791529657,2502412,0
79.8093,39,79806781693,2502412,0
79.8119,39,79811859705,73000,1
79.817,36,79814496711,2502412,0
79.8172,37,79817106717,73000,1
79.8172,33,79817106717,73000,1
79.8173,39,79817186717,73000,1
79.8173,36,79817266717,73000,1
79.82,34,79819903723,73000,1
79.8227,35,79820205723,2502412,0
79.8255,35,79825416735,73000,1
79.8462,36,79843697183,2502412,0
79.8488,36,79846298189,2502412,0
79.8489,35,79848828195,73000,1
79.8515,36,79849006195,2502412,0
79.8516,35,79851545201,73000,1
79.8542,36,79854164207,73000,1
79.8542,39,79854164207,73000,1
79.8923,36,79889834291,2502412,0
79.9004,36,79900284721,73000,1
79.9004,37,79900284721,73000,1
79.9155,36,79913041751,2502412,0
79.9259,36,79925798781,73000,1
79.9285,37,79926038781,2502412,0
79.9366,36,79936480211,73000,1
79.9418,37,79941682223,73000,1
79.9444,35,79944283229,73000,1
79.9469,37,79944354229,2502412,0
79.947,39,79946884235,73000,1
79.9571,33,79954554253,2502412,0
79.9622,33,79959650265,2502412,0
79.9623,37,79962251271,73000,1
79.9726,38,79970099289,2502412,0
79.9777,33,79975159301,2502412,0
79.988,33,79987907331,73000,1
79.9905,37,79987996331,2502412,0
79.993,38,79990526337,2502412,0
79.9961,38,79996068349,73000,1
79.9961,37,79996068349,73000,1
79.9987,33,79996228349,2502412,0
80.0064,33,80006366373,73000,1
80.0064,36,80006366373,73000,1
80.0116,32,80009074379,2502412,0
80.0141,32,80011612791,2502412,0
80.0142,32,80014142203,73000,1
80.0142,36,80014142797,73000,1
80.0168,33,80014293797,2502412,0
80.0195,32,80019389809,73000,1
80.022,38,80019460809,2502412,0
80.0221,33,80021999815,73000,1
80.0247,37,80024600821,73000,1
80.0323,38,80032261839,73000,1
80.0348,35,80032341839,2502412,0
80.0374,37,80034871845,2502412,0
80.0505,37,80050418287,73000,1
80.0505,33,80050418287,73000,1
80.0506,35,80050507287,73000,1
80.0559,37,80055807299,73000,1
80.061,38,80060947311,73000,1
80.0662,32,80066087323,73000,1
80.0738,35,80071298335,2502412,0
80.0763,35,80073836747,2502412,0
80.0841,35,80084010771,73000,1
80.1047,35,80102229813,2502412,0
80.1098,35,80107289825,2502412,0
80.1124,33,80112358837,73000,1
80.1225,37,80120046855,2502412,0
80.1227,35,80122603861,73000,1
80.1227,38,80122603861,73000,1
80.1227,37,80122674861,73000,1
80.1254,32,80125355867,73000,1
80.128,32,80127956873,73000,1
80.1489,37,80148812327,73000,1
80.1565,35,80153961339,2502412,0
80.1617,36,80161578357,73000,1
80.1795,35,80179377399,73000,1
80.1795,39,80179377399,73000,1
80.1821,33,80181987405,73000,1
80.1924,33,80189907423,2502412,0
80.1926,35,80192508429,73000,1
80.1951,37,80192579429,2502412,0
80.1953,37,80195189435,73000,1
80.2031,33,80200642447,2502412,0
80.2108,38,80208321465,2502412,0
80.2159,36,80213381477,2502412,0
80.2185,33,80218441489,73000,1
80.2186,36,80218512489,73000,1
80.2211,37,80218592489,2502412,0
80.2212,38,80221122495,73000,1
80.2237,36,80221193495,2502412,0
80.2264,36,80226351507,73000,1
80.2315,37,80228961513,2502412,0
80.234,37,80231490925,2502412,0
80.247,36,80244480361,2502412,0
80.2495,33,80247010367,2502412,0
80.2521,37,80249647373,2502412,0
80.2522,37,80252176785,73000,1
80.2549,36,80254849385,73000,1
80.2549,38,80254849385,73000,1
80.2551,33,80255018385,73000,1
80.2576,35,80255098385,2502412,0
80.2705,35,80270438421,73000,1
80.273,37,80270518421,2502412,0
80.2757,33,80275596433,73000,1
80.2833,36,80283266451,73000,1
80.2859,35,80283355451,2502412,0
80.286,37,80285894457,73000,1
80.2963,35,80296183481,73000,1
80.2989,37,80298811487,73000,1
80.3094,38,80306857505,2502412,0
80.3145,38,80314447523,73000,1
80.3145,35,80314447523,73000,1
80.3221,35,80319578535,2502412,0
80.3272,35,80324674547,2502412,0
80.3273,35,80327203959,73000,1
80.3274,33,80327355553,73000,1
80.33,36,80329974559,73000,1
80.3376,38,80335132571,2502412,0
80.3428,38,80342749589,73000,1
80.3429,35,80342829589,73000,1
80.3538,37,80351301013,2502412,0
80.3563,38,80353840019,2502412,0
80.359,37,80358900031,73000,1
80.359,33,80358900031,73000,1
80.3692,38,80369109055,73000,1
80.377,38,80374516067,2502412,0
80.3771,36,80377046073,73000,1
80.3772,37,80377135073,73000,1
80.3798,38,80379745079,73000,1
80.385,39,80384965091,73000,1
80.3901,35,80387566097,2502412,0
80.3902,35,80390095509,73000,1
80.3902,38,80390096103,73000,1
80.3952,35,80392697109,2502412,0
80.3979,38,80397846121,73000,1
80.403,35,80400483127,2502412,0
80.4188,35,80418710575,73000,1
80.4189,33,80418790575,73000,1
80.4239,37,80421409581,2502412,0
80.4291,37,80426558593,2502412,0
80.4316,37,80429088005,2502412,0
80.4317,35,80431618011,73000,1
80.4395,37,80439377029,73000,1
80.4447,37,80442183035,2502412,0
80.4528,38,80452749465,73000,1
80.4529,37,80452829465,73000,1
80.4556,34,80453051465,2502412,0
80.4683,34,80465790495,2502412,0
80.476,35,80473451513,2502412,0
80.4837,34,80483625537,73000,1
80.4837,37,80483625537,73000,1
80.4887,35,80486226543,2502412,0
80.507,35,80506886591,73000,1
80.507,38,80506886591,73000,1
80.5222,34,80519732621,2502412,0
80.53,35,80529968645,73000,1
80.5301,34,80530066645,73000,1
80.5301,37,80530066645,73000,1
80.556,33,80555902111,73000,1
80.5612,34,80561131123,73000,1
80.569,37,80568953141,73000,1
80.5897,35,80589673189,73000,1
80.5974,32,80594902201,2502412,0
80.6,32,80599962213,73000,1
80.6002,34,80600078213,73000,1
80.6183,35,80615776249,2502412,0
80.6208,32,80618306255,2502412,0
80.6259,36,80623375267,2502412,0
80.6286,35,80628515279,73000,1
80.6311,32,80628586279,2502412,0
80.6387,36,80636194297,2502412,0
80.6388,35,80638724303,73000,1
80.6391,32,80639053303,73000,1
80.6492,36,80646714321,2502412,0
80.6625,35,80662384763,73000,1
80.67,36,80667515775,2502412,0
80.6853,32,80682829811,2502412,0
80.6854,36,80685359817,73000,1
80.6955,32,80693038835,2502412,0
80.6981,36,80695568841,2502412,0
80.7006,32,80698098847,2502412,0
80.7031,36,80700628853,2502412,0
80.7032,34,80703176859,73000,1
80.7033,36,80703247859,73000,1
80.7113,32,80711230877,73000,1
80.7444,36,80741902949,2502412,0
80.7546,32,80754570979,73000,1
80.7651,36,80762571403,2502412,0
80.7701,35,80767631415,2502412,0
80.7752,35,80772700427,2502412,0
80.7777,35,80775229839,2502412,0
80.7803,36,80777759845,2502412,0
80.7854,36,80785358863,73000,1
80.7906,35,80790507875,73000,1
80.8059,32,80805865911,73000,1
80.806,36,80805945911,73000,1
80.8168,36,80816716935,73000,1
80.8168,35,80816716935,73000,1
80.8221,35,80822061947,73000,1
80.8425,37,80839968989,2502412,0
80.8503,37,80850214013,73000,1
80.8503,32,80850214013,73000,1
80.8554,38,80852922019,2502412,0
80.861,37,80860913443,73000,1
80.8611,38,80860993443,73000,1
80.8637,35,80863665449,73000,1
80.8768,37,80876760479,73000,1
80.8795,38,80879415485,73000,1
80.8974,38,80894853521,2502412,0
80.9026,38,80902541539,73000,1
80.9026,36,80902541539,73000,1
80.9027,34,80902612539,73000,1
80.9316,38,80931484605,73000,1
80.9703,37,80967760095,2502412,0
80.9857,37,80985675137,73000,1
80.991,38,80990966149,73000,1
80.9987,37,80998663167,73000,1
81.004,35,81003892179,73000,1
81.0065,37,81003972179,2502412,0
81.0067,37,81006582185,73000,1
81.0349,37,81032365245,2502412,0
81.0427,37,81042592269,73000,1
81.053,36,81050485287,2502412,0
81.0582,33,81058164305,73000,1
81.061,36,81060916311,73000,1
81.064,37,81063909723,73000,1
81.0692,38,81069111735,73000,1
81.0769,32,81076852753,73000,1
81.0973,36,81094758795,2502412,0
81.1051,36,81104985819,73000,1
81.1051,39,81104985819,73000,1
81.1102,36,81107675825,2502412,0
81.1234,36,81123302861,73000,1
81.126,37,81123542861,2502412,0
81.1311,36,81128620873,2502412,0
81.1338,37,81133751885,73000,1
81.1339,36,81133822885,73000,1
81.1492,37,81146677915,2502412,0
81.1493,36,81149216921,73000,1
81.1494,37,81149287921,73000,1
81.1494,34,81149287921,73000,1
81.1731,37,81173001381,73000,1
81.1987,37,81198613441,73000,1
81.2064,36,81206346459,73000,1
81.2326,39,81230088513,2502412,0
81.2328,38,81232707519,73000,1
81.2354,39,81235317525,73000,1
81.2455,36,81243005543,2502412,0
81.2611,36,81258585579,2502412,0
81.2661,39,81263645591,2502412,0
81.2716,39,81269107009,2502412,0
81.2768,36,81276706027,73000,1
81.2818,39,81279307033,2502412,0
81.2922,36,81292153063,73000,1
81.2923,39,81292224063,73000,1
81.3078,37,81307769099,73000,1
81.3156,39,81315546117,73000,1
81.3391,36,81339039171,73000,1
81.3602,39,81357665213,2502412,0
81.3733,39,81370823649,2502412,0
81.3734,35,81373362655,73000,1
81.3759,39,81373433655,2502412,0
81.3862,39,81386172685,73000,1
81.3943,39,81391827697,2502412,0
81.3944,39,81394357109,73000,1
81.4101,36,81410070739,73000,1
81.4254,39,81422854769,2502412,0
81.4359,37,81435862799,73000,1
81.4384,33,81435942799,2502412,0
81.4386,39,81438543805,73000,1
81.4466,33,81446515823,73000,1
81.4518,33,81449276829,2502412,0
81.457,33,81456973847,73000,1
81.4622,39,81459663853,2502412,0
81.4752,39,81472742289,2502412,0
81.4779,39,81475361295,2502412,0
81.4905,39,81488029325,2502412,0
81.4931,36,81490577331,2502412,0
81.4958,33,81495708343,73000,1
81.4959,39,81495797343,73000,1
81.5036,32,81503556361,73000,1
81.5037,36,81503627361,73000,1
81.5037,39,81503627361,73000,1
81.5324,36,81532340427,73000,1
81.535,33,81534959433,73000,1
81.5402,39,81537747439,2502412,0
81.5556,39,81555573481,73000,1
81.5743,39,81574262929,73000,1
81.5848,36,81584711953,73000,1
81.6005,39,81600443989,73000,1
81.6032,33,81603142995,73000,1
81.6187,38,81618652031,73000,1
81.6243,36,81624264043,73000,1
81.6243,33,81624264043,73000,1
81.6453,39,81645244091,73000,1
81.6635,34,81661037127,2502412,0
81.6692,34,81669080145,73000,1
81.6719,34,81671841151,73000,1
81.6902,37,81687715593,2502412,0
81.6929,34,81692793605,73000,1
81.7005,37,81700472623,73000,1
81.7084,34,81705853635,2502412,0
81.7134,37,81710913647,2502412,0
81.7161,37,81716044659,73000,1
81.7213,37,81721193671,73000,1
81.7213,34,81721193671,73000,1
81.7421,34,81742022719,73000,1
81.7549,34,81752418743,2502412,0
81.7577,34,81757594755,73000,1
81.7706,37,81768096779,2502412,0
81.7757,37,81773236791,2502412,0
81.7758,34,81775766797,73000,1
81.7939,37,81791446239,2502412,0
81.7991,34,81796577251,2502412,0
81.8043,39,81804194269,73000,1
81.8069,34,81806822275,73000,1
81.8069,37,81806822275,73000,1
81.8097,36,81809592281,73000,1
81.8097,34,81809592281,73000,1
81.8097,37,81809663281,73000,1
81.8438,34,81843703359,73000,1
81.8463,37,81843783359,2502412,0
81.8514,37,81848852371,2502412,0
81.8515,37,81851417783,73000,1
81.8569,39,81856798389,73000,1
81.857,37,81856878389,73000,1
81.8831,33,81883059855,73000,1
81.8958,34,81893268879,2502412,0
81.9009,37,81898373891,2502412,0
81.9012,34,81901090897,73000,1
81.9064,37,81906372909,73000,1
81.9116,34,81911503921,73000,1
81.9346,34,81932125969,2502412,0
81.9372,34,81934655381,2502412,0
81.9401,37,81940037393,73000,1
81.9553,34,81952812423,2502412,0
81.9606,35,81960527441,73000,1
81.9633,34,81963199447,73000,1
81.9658,36,81963270447,2502412,0
81.9684,33,81968357459,73000,1
81.9685,36,81968428459,73000,1
81.9735,36,81971029465,2502412,0
81.9788,34,81976258477,2502412,0
81.9789,34,81978796889,73000,1
81.9789,36,81978797483,73000,1
81.9896,34,81989558913,73000,1
81.9973,37,81994778925,2502412,0
81.9999,37,81997388931,2502412,0
82.0051,36,82005049949,73000,1
82.0076,37,82005120949,2502412,0
82.0127,37,82010216961,2502412,0
82.0179,37,82015445973,2502412,0
82.0308,37,82030751009,73000,1
82.0359,36,82033352015,2502412,0
82.041,34,82040951033,73000,1
82.0435,36,82041031033,2502412,0
82.0593,36,82059178481,73000,1
82.0593,37,82059267481,73000,1
82.0722,37,82072131511,73000,1
82.0748,36,82074759517,73000,1
82.1007,36,82100674983,73000,1
82.1032,37,82100745983,2502412,0
82.1034,39,82103302989,73000,1
82.1061,37,82106001995,73000,1
82.1138,35,82111311007,2502412,0
82.1193,37,82119195025,73000,1
82.1218,35,82119266025,2502412,0
82.1297,32,82129635049,73000,1
82.1298,34,82129706049,73000,1
82.1324,35,82129857049,2502412,0
82.148,35,82147960091,73000,1
82.1506,36,82148120091,2502412,0
82.1608,35,82158320115,2502412,0
82.1635,36,82163380127,73000,1
82.1685,36,82165999133,2502412,0
82.1686,36,82168546545,73000,1
82.1712,35,82171157145,73000,1
82.1715,34,82171468145,73000,1
82.1818,37,82179307163,2502412,0
82.1898,35,82189748593,73000,1
82.1924,37,82189917593,2502412,0
82.1925,37,82192447005,73000,1
82.1925,36,82192447599,73000,1
82.2156,37,82215529653,73000,1
82.2337,36,82233631695,73000,1
82.2362,35,82233702695,2502412,0
82.2468,35,82246754725,73000,1
82.2625,35,82262459761,73000,1
82.273,37,82272908785,73000,1
82.2832,35,82283135809,73000,1
82.2834,36,82283295809,73000,1
82.3426,39,82340132347,2502412,0
82.3452,39,82342670759,2502412,0
82.3478,39,82345271765,2502412,0
82.361,39,82360942801,73000,1
82.3663,37,82366180813,73000,1
82.3738,38,82371329825,2502412,0
82.3816,39,82381529849,73000,1
82.3869,38,82386820861,73000,1
82.3896,38,82387087861,2502412,0
82.3977,38,82397591291,73000,1
82.4079,35,82407827315,73000,1
82.4155,37,82412976327,2502412,0
82.4156,37,82415505739,73000,1
82.4181,38,82415577333,2502412,0
82.4182,38,82418106745,73000,1
82.4233,37,82420806345,2502412,0
82.4234,37,82423335757,73000,1
82.426,33,82425955357,73000,1
82.4287,37,82426186357,2502412,0
82.4288,38,82428734363,73000,1
82.4289,39,82428805363,73000,1
82.4314,37,82428894363,2502412,0
82.4341,33,82434034375,73000,1
82.4443,33,82441766393,2502412,0
82.4444,37,82444296399,73000,1
82.4496,33,82449561411,73000,1
82.4576,33,82457571429,73000,1
82.4603,37,82460226435,73000,1
82.4705,36,82470444459,73000,1
82.4884,38,82485944495,2502412,0
82.4885,38,82488473907,73000,1
82.4886,33,82488554501,73000,1
82.5045,37,82504455943,73000,1
82.5173,38,82514753967,2502412,0
82.5275,38,82524971991,2502412,0
82.5277,38,82527590997,73000,1
82.538,39,82535448015,2502412,0
82.543,33,82540508027,2502412,0
82.5431,38,82543065033,73000,1
82.5456,39,82543136033,2502412,0
82.5563,39,82556206063,73000,1
82.5563,33,82556206063,73000,1
82.5588,38,82556277063,2502412,0
82.564,38,82563947081,73000,1
82.5667,33,82566619087,73000,1
82.5768,39,82574325105,2502412,0
82.582,39,82579456117,2502412,0
82.5845,38,82581986123,2502412,0
82.5973,38,82597184159,73000,1
82.6028,39,82602707577,73000,1
82.6029,38,82602796577,73000,1
82.6031,33,82602992577,73000,1
82.6057,39,82605602583,73000,1
82.6057,37,82605602583,73000,1
82.6108,39,82608310589,2502412,0
82.6134,39,82613370601,73000,1
82.6265,34,82626411631,73000,1
82.6315,35,82629030637,2502412,0
82.6343,35,82634268649,73000,1
82.6394,39,82636878655,2502412,0
82.6421,35,82642009667,73000,1
82.6448,38,82644708673,73000,1
82.6449,39,82644824673,73000,1
82.645,38,82644895673,73000,1
82.6475,39,82644975673,2502412,0
82.6553,35,82655193697,73000,1
82.6553,39,82655273697,73000,1
82.6712,36,82671086733,73000,1
82.6866,39,82686480769,73000,1
82.7047,33,82702205211,2502412,0
82.7201,33,82720031253,73000,1
82.7431,39,82743024307,73000,1
82.7532,33,82750721325,2502412,0
82.7559,33,82755870337,73000,1
82.7589,33,82758793343,73000,1
82.7871,35,82784592403,2502412,0
82.7896,35,82787130815,2502412,0
82.7975,35,82797411839,73000,1
82.8051,37,82802622851,2502412,0
82.8055,35,82805465857,73000,1
82.8108,37,82810685869,73000,1
82.8134,33,82813304875,73000,1
82.829,39,82828938911,73000,1
82.8343,37,82834238923,73000,1
82.8629,35,82862852989,73000,1
82.8656,38,82865524995,73000,1
82.8761,33,82876045019,73000,1
82.8788,37,82878744025,73000,1
82.8894,37,82889318049,73000,1
82.9075,32,82904978085,2502412,0
82.923,34,82920489121,2502412,0
82.9256,32,82925567133,73000,1
82.9283,35,82928186139,73000,1
82.931,34,82930885145,73000,1
82.9388,32,82938724163,73000,1
82.9417,34,82941583169,73000,1
82.9545,34,82954384199,73000,1
82.9623,33,82962268217,73000,1
82.9731,32,82970589235,2502412,0
82.9809,32,82980789259,73000,1
82.9834,39,82980860259,2502412,0
82.9911,36,82991069283,73000,1
82.9937,39,82991211283,2502412,0
83.0041,32,83003977313,73000,1
83.0041,39,83004048313,73000,1
83.0042,37,83004128313,73000,1
83.0098,39,83009740731,73000,1
83.0123,32,83009838731,2502412,0
83.0252,32,83025134767,73000,1
83.0252,34,83025134767,73000,1
83.0355,35,83035414791,73000,1
83.0356,33,83035485791,73000,1
83.0457,32,83043164809,2502412,0
83.0508,32,83048313821,2502412,0
83.0559,32,83053444833,2502412,0
83.0716,32,83069062869,2502412,0
83.0794,39,83079280893,73000,1
83.0794,32,83079360893,73000,1
83.0847,32,83084580905,73000,1
83.0847,39,83084651905,73000,1
83.0975,34,83095002929,2502412,0
83.0977,32,83097639935,73000,1
83.1003,32,83100249941,73000,1
83.1003,34,83100249941,73000,1
83.1312,34,83128660413,2502412,0
83.1466,34,83146575455,73000,1
83.1519,34,83151849467,73000,1
83.1832,34,83183163539,73000,1
83.2015,32,83201460581,73000,1
83.2172,39,83214663017,2502412,0
83.2198,39,83217273023,2502412,0
83.2225,39,83222404035,73000,1
83.2251,38,83222555035,2502412,0
83.233,39,83230465053,2502412,0
83.238,38,83235525065,2502412,0
83.2508,39,83248282095,2502412,0
83.2509,39,83250811507,73000,1
83.2509,38,83250812101,73000,1
83.256,34,83253484107,2502412,0
83.261,36,83258544119,2502412,0
83.2611,34,83261074125,73000,1
83.2611,38,83261074125,73000,1
83.2719,36,83271792149,73000,1
83.2719,39,83271792149,73000,1
83.272,34,83271970149,73000,1
83.2772,39,83274669155,2502412,0
83.2798,39,83279738167,73000,1
83.2876,39,83287497185,73000,1
83.2878,36,83287711185,73000,1
83.2903,38,83287791185,2502412,0
83.2904,32,83290321191,73000,1
83.2981,38,83298018209,73000,1
83.3109,34,83310864239,73000,1
83.3165,39,83316476657,73000,1
83.3419,38,83339415711,2502412,0
83.3598,36,83359771759,73000,1
83.36,38,83359913759,73000,1
83.3833,38,83383219813,73000,1
83.3885,38,83388475825,73000,1
83.3885,36,83388475825,73000,1
83.3962,36,83396172843,73000,1
83.4039,37,83401410855,2502412,0
83.4091,37,83409018873,73000,1
83.4167,38,83414149885,2502412,0
83.4196,35,83419522303,73000,1
83.4246,37,83422132309,2502412,0
83.4298,38,83427290321,2502412,0
83.435,38,83434960339,73000,1
83.435,37,83434960339,73000,1
83.4377,34,83437579345,73000,1
83.4454,39,83445365363,73000,1
83.4558,38,83453284381,2502412,0
83.4634,38,83460874399,2502412,0
83.4659,37,83463422405,2502412,0
83.4711,37,83468633417,2502412,0
83.4737,38,83471163423,2502412,0
83.4792,38,83479120441,73000,1
83.4818,37,83481721447,73000,1
83.4844,38,83481863447,2502412,0
83.487,38,83486941459,73000,1
83.4947,37,83492179471,2502412,0
83.4998,39,83497319483,2502412,0
83.5076,37,83507528507,73000,1
83.5077,39,83507617507,73000,1
83.518,38,83517915531,73000,1
83.5206,37,83518075531,2502412,0
83.5235,37,83523448543,73000,1
83.5365,39,83536445573,73000,1
83.5442,37,83541745585,2502412,0
83.5444,34,83544284591,73000,1
83.552,37,83549495603,2502412,0
83.5571,37,83554635615,2502412,0
83.5829,37,83580364675,2502412,0
83.5856,38,83583063681,2502412,0
83.5881,37,83585593687,2502412,0
83.5882,38,83588132693,73000,1
83.5882,39,83588132693,73000,1
83.5933,38,83590813699,2502412,0
83.596,37,83595882711,73000,1
83.6013,38,83598830717,2502412,0
83.609,37,83608959741,73000,1
83.6143,38,83614188753,73000,1
83.6144,38,83614348753,73000,1
83.6276,33,83627543189,73000,1
83.6454,37,83642937225,2502412,0
83.6481,38,83648015237,73000,1
83.6483,37,83648255237,73000,1
83.6483,38,83648255237,73000,1
83.651,37,83650927243,73000,1
83.687,36,83686963327,73000,1
83.6999,37,83697395351,2502412,0
83.7,39,83699934357,73000,1
83.7,36,83699934357,73000,1
83.7079,37,83707862375,73000,1
83.7158,37,83713287387,2502412,0
83.7266,37,83726534823,73000,1
83.7495,37,83746961871,2502412,0
83.7496,37,83749491283,73000,1
83.7496,39,83749491877,73000,1
83.775,38,83772510931,2502412,0
83.7776,37,83775067937,2502412,0
83.7777,38,83777597943,73000,1
83.7885,37,83788439967,73000,1
83.7936,38,83793570979,73000,1
83.8089,37,83806381009,2502412,0
83.8114,37,83808910421,2502412,0
83.8218,37,83821765451,73000,1
83.8297,37,83827217869,2502412,0
83.8324,37,83832277881,73000,1
83.8349,32,83832384881,2502412,0
83.8453,32,83845203911,73000,1
83.8532,32,83853104929,73000,1
83.8558,38,83855705935,73000,1
83.8634,37,83860863947,2502412,0
83.8685,37,83865959959,2502412,0
83.8737,37,83873629977,73000,1
83.8788,34,83876257983,2502412,0
83.8892,34,83886736007,2502412,0
83.8918,32,83889266013,2502412,0
83.8969,34,83894424025,2502412,0
83.9021,32,83902014043,73000,1
83.9046,37,83902085043,2502412,0
83.9098,34,83909746061,73000,1
83.9225,37,83920017085,2502412,0
83.9227,32,83922618091,73000,1
83.9228,37,83922698091,73000,1
83.9279,34,83925370097,2502412,0
83.9411,34,83941067539,73000,1
83.9513,34,83948755557,2502412,0
83.9538,32,83951285563,2502412,0
83.9588,37,83956345575,2502412,0
83.9614,32,83958875581,2502412,0
83.964,34,83963953593,73000,1
83.9668,32,83966732599,73000,1
83.9669,37,83966812599,73000,1
83.9771,32,83974616617,2502412,0
83.9772,34,83977146623,73000,1
83.9823,32,83979765629,2502412,0
83.9824,38,83982322635,73000,1
83.993,32,83990492653,2502412,0
83.9931,37,83993022659,73000,1
83.9957,32,83993173659,2502412,0
83.9984,32,83998304671,73000,1
84.0034,38,84000914677,2502412,0
84.0035,38,84003444089,73000,1
84.006,34,84003515683,2502412,0
84.0086,32,84006054689,2502412,0
84.0189,32,84018802719,73000,1
84.024,34,84023933731,73000,1
84.024,38,84023933731,73000,1
84.0371,34,84034606161,2502412,0
84.0423,37,84042196179,73000,1
84.0448,32,84042267179,2502412,0
84.0498,34,84047345191,2502412,0
84.0551,32,84052583203,2502412,0
84.0602,38,84060173221,73000,1
84.0628,32,84060324221,2502412,0
84.0629,34,84062854227,73000,1
84.0655,32,84065455233,73000,1
84.0656,33,84065526233,73000,1
84.0682,33,84065677233,2502412,0
84.076,37,84075922257,73000,1
84.0785,34,84075993257,2502412,0
84.0786,33,84078523263,73000,1
84.0837,32,84081160269,2502412,0
84.0889,32,84088786287,73000,1
84.0889,34,84088786287,73000,1
84.0993,39,84096778305,2502412,0
84.1045,38,84104457323,73000,1
84.1096,33,84107058329,2502412,0
84.1121,32,84109588335,2502412,0
84.1146,33,84112118341,2502412,0
84.1172,39,84114675347,2502412,0
84.1274,39,84127361377,73000,1
84.1274,33,84127361377,73000,1
84.1299,32,84127432377,2502412,0
84.1325,32,84130033383,2502412,0
84.1351,34,84132563389,2502412,0
84.1379,34,84135415395,2502412,0
84.148,32,84145535419,2502412,0
84.1532,33,84153143437,73000,1
84.1533,34,84153214437,73000,1
84.1583,32,84155824443,2502412,0
84.1686,39,84168483473,73000,1
84.1711,32,84168572473,2502412,0
84.179,32,84178888497,73000,1
84.1865,39,84184028509,2502412,0
84.1916,34,84189097521,2502412,0
84.1917,32,84191636527,73000,1
84.1996,39,84197048015,2502412,0
84.2021,34,84199587021,2502412,0
84.2148,33,84212264051,2502412,0
84.2173,34,84214803057,2502412,0
84.2198,39,84217342063,2502412,0
84.225,34,84222509075,2502412,0
84.2251,34,84225038487,73000,1
84.2276,39,84225110081,2502412,0
84.2301,33,84227640087,2502412,0
84.2302,33,84230169499,73000,1
84.2354,35,84232869099,2502412,0
84.2379,39,84235399105,2502412,0
84.251,32,84248460135,2502412,0
84.2535,35,84251008141,2502412,0
84.2536,32,84253538147,73000,1
84.2536,39,84253538147,73000,1
84.2561,34,84253609147,2502412,0
84.2562,35,84256139153,73000,1
84.264,32,84263880171,73000,1
84.264,35,84263960171,73000,1
84.2717,33,84271630189,73000,1
84.2742,34,84271710189,2502412,0
84.2743,34,84274257601,73000,1
84.2768,39,84274347195,2502412,0
84.2794,39,84276876607,2502412,0
84.2845,38,84284475625,73000,1
84.2922,32,84292154643,73000,1
84.2947,39,84292243643,2502412,0
84.2977,39,84297616061,73000,1
84.3027,34,84300217067,2502412,0
84.3103,39,84307834085,2502412,0
84.3129,34,84310364091,2502412,0
84.3155,34,84312974097,2502412,0
84.3181,39,84318034109,73000,1
84.3231,39,84320635115,2502412,0
84.3307,34,84328234133,2502412,0
84.3308,35,84330764139,73000,1
84.3359,39,84333401145,2502412,0
84.341,34,84338461157,2502412,0
84.3438,33,84341322163,2502412,0
84.349,39,84348948181,73000,1
84.3516,39,84351558187,73000,1
84.3517,33,84351629187,73000,1
84.3517,34,84351629187,73000,1
84.3646,39,84364547217,73000,1
84.3646,34,84364547217,73000,1
84.3723,33,84369776229,2502412,0
84.3749,33,84372377235,2502412,0
84.3774,37,84374907241,2502412,0
84.3801,37,84380003253,73000,1
84.3902,33,84387700271,2502412,0
84.3904,32,84390301277,73000,1
84.3904,39,84390301277,73000,1
84.3929,35,84390399277,2502412,0
84.3954,37,84392929283,2502412,0
84.4008,37,84398302295,2502412,0
84.4009,35,84400832301,73000,1
84.4009,33,84400832301,73000,1
84.4059,35,84403433307,2502412,0
84.411,37,84408502319,2502412,0
84.4111,37,84411040731,73000,1
84.4111,35,84411041325,73000,1
84.4187,34,84416199337,2502412,0
84.4212,34,84418728749,2502412,0
84.4239,34,84423868761,73000,1
84.4239,35,84423868761,73000,1
84.4241,37,84424046761,73000,1
84.4241,35,84424046761,73000,1
84.4267,34,84426647767,73000,1
84.4292,33,84426718767,2502412,0
84.4319,35,84431796779,73000,1
84.4396,33,84439528797,73000,1
84.4449,33,84442442209,2502412,0
84.4501,33,84450059227,73000,1
84.4555,37,84455449239,73000,1
84.4606,33,84458050245,2502412,0
84.4632,34,84460687251,2502412,0
84.4657,38,84463217257,2502412,0
84.4708,38,84468304269,2502412,0
84.4709,32,84470834275,73000,1
84.4734,33,84470914275,2502412,0
84.4761,34,84475992287,73000,1
84.4811,38,84478620293,2502412,0
84.4812,33,84481150299,73000,1
84.4915,38,84491377323,73000,1
84.4941,34,84493996329,73000,1
84.5072,39,84504687353,2502412,0
84.5098,37,84509747365,73000,1
84.5123,39,84509818365,2502412,0
84.5174,39,84514878377,2502412,0
84.5199,38,84517408383,2502412,0
84.5225,33,84520009389,2502412,0
84.525,38,84522539395,2502412,0
84.5277,39,84527608407,73000,1
84.5328,33,84530325413,2502412,0
84.5355,38,84535412425,73000,1
84.5355,39,84535412425,73000,1
84.5456,33,84543091443,2502412,0
84.5484,38,84545943449,2502412,0
84.5511,39,84551012461,73000,1
84.5565,33,84556383473,73000,1
84.5565,39,84556472473,73000,1
84.5566,38,84556543473,73000,1
84.5567,34,84556614473,73000,1
84.5694,33,84566850497,2502412,0
84.5719,38,84569380503,2502412,0
84.582,38,84579545527,2502412,0
84.5871,33,84584614539,2502412,0
84.5898,38,84589710551,73000,1
84.5925,33,84592427557,73000,1
84.6107,39,84608187593,2502412,0
84.6159,32,84615857611,73000,1
84.6159,34,84615857611,73000,1
84.6286,38,84626119635,2502412,0
84.6288,39,84628720641,73000,1
84.6338,33,84631330647,2502412,0
84.639,38,84636479659,2502412,0
84.6391,38,84639018071,73000,1
84.6441,33,84641637671,2502412,0
84.6497,35,84649585095,73000,1
84.6497,39,84649656095,73000,1
84.6498,33,84649736095,73000,1
84.66,38,84657504113,2502412,0
84.6601,38,84660033525,73000,1
84.6629,37,84662777125,73000,1
84.6681,33,84668033137,73000,1
84.6707,34,84670643143,73000,1
84.6783,38,84675801155,2502412,0
84.6784,38,84678330567,73000,1
84.6887,38,84686206179,2502412,0
84.6964,39,84696362203,73000,1
84.6964,33,84696362203,73000,1
84.7016,38,84699079209,2502412,0
84.7041,37,84701609215,2502412,0
84.7148,38,84714678651,73000,1
84.7199,37,84717359657,2502412,0
84.7303,37,84730196687,73000,1
84.7406,36,84740494711,73000,1
84.7406,38,84740494711,73000,1
84.7457,36,84743193717,2502412,0
84.7537,37,84753662147,73000,1
84.7588,36,84756263153,2502412,0
84.7614,37,84758873159,2502412,0
84.7692,37,84769082183,73000,1
84.7693,36,84769233183,73000,1
84.7695,37,84769384183,73000,1
84.7824,36,84782354213,73000,1
84.8028,38,84802746261,73000,1
84.8029,36,84802817261,73000,1
84.8055,39,84805418267,73000,1
84.8084,37,84808332273,73000,1
84.8136,33,84811085279,2502412,0
84.8339,33,84831423327,2502412,0
84.8365,33,84833961739,2502412,0
84.8391,35,84839021751,73000,1
84.8416,33,84839128751,2502412,0
84.8549,33,84852420187,2502412,0
84.855,33,84854949599,73000,1
84.8628,33,84862727211,73000,1
84.8629,38,84862798211,73000,1
84.8806,34,84878147247,2502412,0
84.8883,34,84885844265,2502412,0
84.8885,34,84888409677,73000,1
84.9144,33,84911885325,2502412,0
84.9195,34,84916972337,2502412,0
84.9196,37,84919538343,73000,1
84.9198,34,84919680343,73000,1
84.9198,36,84919680343,73000,1
84.9198,33,84919760343,73000,1
84.9327,33,84932588373,73000,1
84.9586,34,84958485839,73000,1
84.9586,36,84958485839,73000,1
84.9713,33,84968792863,2502412,0
84.9742,39,84974083875,73000,1
84.9819,33,84981842893,73000,1
84.9871,33,84987071905,73000,1
84.9873,34,84987178905,73000,1
84.9924,33,84992318917,73000,1
85.0078,34,85005288947,2502412,0
85.0103,34,85007818359,2502412,0
85.0182,36,85015721377,2502412,0
85.0284,34,85028371407,73000,1
85.036,36,85033529419,2502412,0
85.0386,36,85036139425,2502412,0
85.0388,33,85038749431,73000,1
85.0415,34,85041448437,73000,1
85.0466,36,85044076443,2502412,0
85.0597,36,85057216879,2502412,0
85.0701,36,85070000909,73000,1
85.0702,34,85070080909,73000,1
85.0728,36,85072708915,73000,1
85.0855,37,85082962939,2502412,0
85.0957,37,85093189963,2502412,0
85.0984,37,85098338975,73000,1
85.1036,38,85103549987,73000,1
85.1141,37,85114054011,73000,1
85.1167,36,85116664017,73000,1
85.1169,34,85116815017,73000,1
85.1247,36,85122151029,2502412,0
85.1248,36,85124689441,73000,1
85.1299,37,85127371041,2502412,0
85.13,37,85129918453,73000,1
85.1325,33,85130017047,2502412,0
85.1326,36,85132556053,73000,1
85.1404,37,85137856065,2502412,0
85.1405,37,85140385477,73000,1
85.1431,33,85143076077,73000,1
85.1458,37,85145686083,73000,1
85.1536,36,85153507101,73000,1
85.1642,37,85164108531,73000,1
85.1769,33,85174388555,2502412,0
85.1821,33,85182005573,73000,1
85.2102,33,85207697633,2502412,0
85.2128,33,85212766645,73000,1
85.2233,33,85220838663,2502412,0
85.2335,33,85230958687,2502412,0
85.2386,37,85238566705,73000,1
85.2387,33,85238655705,73000,1
85.2439,37,85243813717,73000,1
85.2541,33,85254031741,73000,1
85.2699,33,85269782183,73000,1
85.2775,36,85274984195,2502412,0
85.3004,36,85297852249,2502412,0
85.3105,36,85307990273,2502412,0
85.313,36,85310546685,2502412,0
85.3236,36,85323572715,73000,1
85.3467,36,85346600769,73000,1
85.3519,39,85351847781,73000,1
85.3544,33,85351936781,2502412,0
85.3545,33,85354466193,73000,1
85.3597,34,85357174793,2502412,0
85.3727,34,85370182229,2502412,0
85.3779,33,85377817247,73000,1
85.378,34,85377888247,73000,1
85.378,32,85377888247,73000,1
85.3984,34,85398333295,73000,1
85.401,36,85400943301,73000,1
85.4011,33,85401014301,73000,1
85.4472,34,85444668403,2502412,0
85.4474,34,85447358409,73000,1
85.4629,36,85462814445,73000,1
85.4659,34,85465798857,73000,1
85.4709,38,85468399863,2502412,0
85.476,38,85473539875,2502412,0
85.4838,38,85483766899,73000,1
85.4865,35,85486403905,73000,1
85.5017,38,85499169935,2502412,0
85.5068,38,85506759953,73000,1
85.5145,34,85511970965,2502412,0
85.5327,34,85530154007,2502412,0
85.5352,38,85532684013,2502412,0
85.5455,34,85545441043,73000,1
85.548,33,85545512043,2502412,0
85.5507,38,85550661055,73000,1
85.5583,38,85555837067,2502412,0
85.5634,33,85560906079,2502412,0
85.5635,38,85563436085,73000,1
85.5686,33,85566055091,2502412,0
85.569,38,85568898097,73000,1
85.5765,34,85574038109,2502412,0
85.5793,33,85579267121,73000,1
85.5846,34,85584496133,73000,1
85.5976,33,85595061157,2502412,0
85.6102,38,85607711187,2502412,0
85.6127,38,85610240599,2502412,0
85.6129,38,85612779011,73000,1
85.6154,34,85612930605,2502412,0
85.6206,33,85620538623,73000,1
85.6206,39,85620538623,73000,1
85.6232,37,85620689623,2502412,0
85.6286,33,85626071635,2502412,0
85.6287,37,85628601641,73000,1
85.6288,36,85628681641,73000,1
85.6313,34,85628761641,2502412,0
85.6364,33,85636369659,73000,1
85.6365,38,85636449659,73000,1
85.6416,34,85639050665,2502412,0
85.6441,34,85641589077,2502412,0
85.6493,33,85649259095,73000,1
85.6519,34,85649348095,2502412,0
85.6571,37,85654559107,2502412,0
85.6596,38,85657089113,2502412,0
85.6621,34,85659619119,2502412,0
85.6623,34,85662220125,73000,1
85.6623,37,85662220125,73000,1
85.6699,38,85667440137,2502412,0
85.6705,38,85670390143,73000,1
85.6733,37,85673187149,73000,1
85.6733,34,85673258149,73000,1
85.6937,37,85691173191,2502412,0
85.6963,34,85693783197,2502412,0
85.6989,37,85698852209,73000,1
85.6989,38,85698852209,73000,1
85.699,33,85698923209,73000,1
85.7017,34,85701631215,73000,1
85.7171,34,85714557245,2502412,0
85.7172,37,85717087251,73000,1
85.7222,34,85719742257,2502412,0
85.7276,34,85727519275,73000,1
85.733,38,85732972287,73000,1
85.7331,34,85733043287,73000,1
85.7536,38,85751118329,2502412,0
85.7563,33,85756187341,73000,1
85.7563,34,85756258341,73000,1
85.7639,34,85761389353,2502412,0
85.7664,38,85763928359,2502412,0
85.7692,34,85769077371,73000,1
85.7797,38,85779607801,73000,1
85.7822,37,85779705801,2502412,0
85.79,34,85789914825,73000,1
85.7952,37,85795152837,73000,1
85.8005,34,85800390849,73000,1
85.8006,37,85800559849,73000,1
85.8057,38,85803169855,2502412,0
85.8235,38,85820951897,2502412,0
85.8391,37,85836569933,2502412,0
85.8441,38,85841629945,2502412,0
85.8468,37,85846707957,73000,1
85.8494,38,85846849957,2502412,0
85.852,37,85849477963,2502412,0
85.8572,37,85857165981,73000,1
85.8597,38,85857245981,2502412,0
85.8675,37,85864977999,2502412,0
85.8702,37,85870127011,73000,1
85.8728,37,85870269011,2502412,0
85.8782,38,85875650429,2502412,0
85.8783,38,85878179841,73000,1
85.8808,35,85878269435,2502412,0
85.8833,37,85880799441,2502412,0
85.8834,33,85883329447,73000,1
85.8885,37,85888469459,73000,1
85.8885,35,85888469459,73000,1
85.9041,38,85904050495,73000,1
85.9117,35,85909199507,2502412,0
85.9119,37,85911800513,73000,1
85.9197,34,85919639531,73000,1
85.9249,35,85922382537,2502412,0
85.925,38,85924912543,73000,1
85.9331,37,85933073561,73000,1
85.9383,35,85935754567,2502412,0
85.9409,38,85938355573,2502412,0
85.9562,35,85953686609,2502412,0
85.9563,35,85956216021,73000,1
85.9564,38,85956287615,73000,1
85.9743,35,85974220657,73000,1
85.9899,38,85987397093,2502412,0
85.99,35,85989954099,73000,1
85.9951,36,85992573105,2502412,0
86.0027,36,86000181123,2502412,0
86.0028,38,86002720129,73000,1
86.0029,38,86002836129,73000,1
86.0081,38,86005597135,2502412,0
86.0082,36,86008127141,73000,1
86.0209,35,86018416165,2502412,0
86.021,38,86020946171,73000,1
86.0287,35,86028643189,73000,1
86.0287,36,86028643189,73000,1
86.0369,38,86036849207,73000,1
86.0496,34,86047138231,2502412,0
86.0598,38,86057267255,2502412,0
86.0599,34,86059797261,73000,1
86.0599,35,86059797261,73000,1
86.0625,38,86062398267,73000,1
86.0625,37,86062398267,73000,1
86.065,34,86062469267,2502412,0
86.0703,34,86070184285,73000,1
86.0803,34,86077845303,2502412,0
86.0884,36,86088376327,73000,1
86.091,34,86088527327,2502412,0
86.0936,34,86091146333,2502412,0
86.0938,38,86093694339,73000,1
86.0964,34,86096295345,73000,1
86.099,34,86098896351,73000,1
86.1119,34,86111867381,73000,1
86.1144,35,86111938381,2502412,0
86.1247,36,86124606411,73000,1
86.1247,38,86124606411,73000,1
86.1272,35,86124686411,2502412,0
86.1322,34,86129746423,2502412,0
86.1324,34,86132284835,73000,1
86.135,34,86134886435,73000,1
86.1505,35,86148009465,2502412,0
86.1658,35,86163296501,2502412,0
86.1786,35,86176071531,2502412,0
86.1917,35,86189238967,2502412,0
86.202,32,86201933997,73000,1
86.2122,35,86209675015,2502412,0
86.2148,34,86212285021,2502412,0
86.2149,34,86214823433,73000,1
86.2174,35,86214895027,2502412,0
86.2226,38,86222494045,73000,1
86.2226,32,86222494045,73000,1
86.2226,34,86222494045,73000,1
86.2302,35,86230173063,73000,1
86.2302,32,86230173063,73000,1
86.2512,37,86251127111,73000,1
86.2513,35,86251207111,73000,1
86.2514,34,86251278111,73000,1
86.2565,34,86256445123,73000,1
86.2617,39,86261585135,73000,1
86.277,39,86274458165,2502412,0
86.2821,32,86279625177,2502412,0
86.2877,33,86287625601,73000,1
86.2902,39,86287696601,2502412,0
86.2929,32,86292783613,73000,1
86.2929,39,86292854613,73000,1
86.2981,35,86298003625,73000,1
86.3006,32,86298145625,2502412,0
86.3057,32,86303214637,2502412,0
86.3083,32,86305815643,2502412,0
86.3236,32,86321075679,2502412,0
86.3261,32,86323605091,2502412,0
86.3388,36,86336344121,2502412,0
86.3415,39,86341404133,73000,1
86.3416,32,86341484133,73000,1
86.3416,36,86341573133,73000,1
86.3675,38,86365030187,2502412,0
86.3676,32,86367560193,73000,1
86.3676,36,86367560193,73000,1
86.3677,39,86367631193,73000,1
86.3728,36,86372771205,73000,1
86.3829,38,86380441223,2502412,0
86.3831,37,86383060229,73000,1
86.3857,38,86385670235,73000,1
86.3882,34,86385741235,2502412,0
86.3912,32,86388655241,2502412,0
86.3938,38,86393724253,73000,1
86.4014,34,86398882265,2502412,0
86.4039,32,86401421271,2502412,0
86.4066,34,86406570283,73000,1
86.4067,32,86406641283,73000,1
86.4093,34,86406801283,2502412,0
86.4118,32,86409331289,2502412,0
86.4171,34,86417001307,73000,1
86.4221,36,86419620313,2502412,0
86.4222,32,86422150319,73000,1
86.4248,35,86424751325,73000,1
86.4351,36,86435005349,73000,1
86.4351,34,86435005349,73000,1
86.4506,32,86448057379,2502412,0
86.4582,32,86455656397,2502412,0
86.4633,32,86463264415,73000,1
86.4658,38,86463335415,2502412,0
86.476,36,86473527439,2502412,0
86.4836,38,86481126457,2502412,0
86.4887,39,86486204469,2502412,0
86.5017,38,86499184905,2502412,0
86.5018,36,86501714911,73000,1
86.5044,38,86504324917,73000,1
86.5044,32,86504324917,73000,1
86.5046,39,86504493917,73000,1
86.5046,34,86504493917,73000,1
86.5047,36,86504635917,73000,1
86.5226,39,86520073953,2502412,0
86.5251,38,86522603959,2502412,0
86.5354,38,86535369989,73000,1
86.5354,39,86535369989,73000,1
86.5354,32,86535369989,73000,1
86.5405,38,86537988995,2502412,0
86.5406,39,86540519001,73000,1
86.5457,32,86545668013,73000,1
86.5511,38,86548591019,2502412,0
86.5512,36,86551139025,73000,1
86.5589,38,86556413037,2502412,0
86.5665,39,86564012055,2502412,0
86.5693,39,86569223067,73000,1
86.5693,38,86569223067,73000,1
86.5769,38,86574381079,2502412,0
86.5795,36,86576982085,2502412,0
86.5846,34,86582140097,2502412,0
86.5872,36,86584679103,2502412,0
86.5922,38,86589739115,2502412,0
86.5953,39,86595192127,73000,1
86.5978,38,86595281127,2502412,0
86.6029,38,86600350139,2502412,0
86.603,36,86602889145,73000,1
86.603,34,86602889145,73000,1
86.608,34,86605499151,2502412,0
86.6082,34,86608100157,73000,1
86.6108,39,86608278157,2502412,0
86.6133,34,86610808163,2502412,0
86.6158,38,86613338169,2502412,0
86.6159,34,86615868175,73000,1
86.616,38,86615957175,73000,1
86.6211,39,86618576181,2502412,0
86.6315,39,86631386211,73000,1
86.6315,36,86631386211,73000,1
86.6391,34,86636562223,2502412,0
86.6443,38,86641782235,2502412,0
86.6548,34,86654763265,73000,1
86.6548,32,86654763265,73000,1
86.6549,38,86654843265,73000,1
86.6549,39,86654843265,73000,1
86.6549,36,86654843265,73000,1
86.655,35,86654923265,73000,1
86.6577,34,86657596271,73000,1
86.6682,38,86668081295,73000,1
86.6888,39,86688695343,73000,1
86.7122,34,86709719797,2502412,0
86.7174,34,86714886809,2502412,0
86.7252,38,86725086833,73000,1
86.7278,34,86727767839,73000,1
86.7387,34,86736157857,2502412,0
86.7388,34,86738696269,73000,1
86.7413,36,86738767863,2502412,0
86.7414,37,86741297869,73000,1
86.7466,36,86746544881,73000,1
86.7492,34,86749145887,73000,1
86.7674,36,86764905923,2502412,0
86.7676,36,86767515929,73000,1
86.7703,36,86770214935,73000,1
86.7806,39,86778098953,2502412,0
86.7833,38,86783256965,73000,1
86.791,39,86788485977,2502412,0
86.7962,39,86796155995,73000,1
86.7967,34,86796625003,73000,1
86.8098,36,86809773033,73000,1
86.8098,39,86809773033,73000,1
86.8152,39,86815135045,73000,1
86.8177,34,86815206045,2502412,0
86.8178,34,86817735457,73000,1
86.8383,34,86835828093,2502412,0
86.8434,34,86840906105,2502412,0
86.8537,34,86851195129,2502412,0
86.8618,34,86861700153,73000,1
86.885,34,86884906207,73000,1
86.8978,36,86897761237,73000,1
86.9033,39,86903231655,73000,1
86.9241,38,86924014703,73000,1
86.932,34,86929466715,2502412,0
86.9321,35,86932076721,73000,1
86.9398,34,86937314733,2502412,0
86.94,34,86939924739,73000,1
86.9455,39,86945437751,73000,1
86.9507,34,86948216757,2502412,0
86.9614,34,86958871781,2502412,0
86.9639,34,86961401193,2502412,0
86.9665,34,86966470205,73000,1
86.9666,32,86966541205,73000,1
86.9769,34,86974380223,2502412,0
86.9795,34,86977008229,2502412,0
86.9926,34,86992570265,73000,1
87.0005,34,87000391283,73000,1
87.0313,36,87028800755,2502412,0
87.0338,34,87031339761,2502412,0
87.0364,36,87033869767,2502412,0
87.0442,34,87044105791,73000,1
87.0442,36,87044176791,73000,1
87.0521,34,87051988809,73000,1
87.0571,36,87054589815,2502412,0
87.0704,36,87070358851,73000,1
87.0704,34,87070358851,73000,1
87.0909,36,87088407893,2502412,0
87.1012,36,87098679917,2502412,0
87.1037,36,87101209329,2502412,0
87.1095,36,87109406347,73000,1
87.125,39,87122456377,2502412,0
87.1428,36,87140344419,2502412,0
87.143,39,87142892425,73000,1
87.1481,36,87148032437,73000,1
87.1481,34,87148032437,73000,1
87.1558,36,87155729455,73000,1
87.1663,39,87163792473,2502412,0
87.1688,38,87166322479,2502412,0
87.1816,34,87181520515,73000,1
87.1817,39,87181591515,73000,1
87.1818,38,87181689515,73000,1
87.2022,38,87199728557,2502412,0
87.2104,39,87210312987,73000,1
87.2129,38,87210383987,2502412,0
87.2156,38,87215523999,73000,1
87.2181,36,87215594999,2502412,0
87.2206,38,87218125005,2502412,0
87.2207,38,87220663417,73000,1
87.2283,36,87225795023,2502412,0
87.2309,36,87230864035,73000,1
87.231,38,87230935035,73000,1
87.2518,36,87249330077,2502412,0
87.2544,33,87251860083,2502412,0
87.2569,36,87254390089,2502412,0
87.2595,36,87259450101,73000,1
87.2621,36,87262069107,73000,1
87.2675,39,87264992113,2502412,0
87.2676,38,87267540119,73000,1
87.2677,33,87267620119,73000,1
87.2703,39,87270239125,73000,1
87.2703,35,87270239125,73000,1
87.2779,39,87275379137,2502412,0
87.2855,39,87282987155,2502412,0
87.2882,39,87288163167,73000,1
87.2908,33,87288305167,2502412,0
87.2936,33,87291057173,2502412,0
87.2962,33,87296135185,73000,1
87.2964,36,87296277185,73000,1
87.3041,33,87303983203,73000,1
87.3119,39,87309435621,2502412,0
87.317,39,87314540633,2502412,0
87.3247,39,87322201651,2502412,0
87.3375,39,87335029681,2502412,0
87.3377,36,87337577687,73000,1
87.343,39,87342939699,73000,1
87.3458,33,87345753705,73000,1
87.3513,36,87351186717,73000,1
87.3513,39,87351266717,73000,1
87.354,39,87351479717,2502412,0
87.3541,39,87354009129,73000,1
87.3674,39,87367320753,73000,1
87.3699,38,87367400753,2502412,0
87.38,38,87377529777,2502412,0
87.3801,38,87380059189,73000,1
87.3853,39,87385253795,73000,1
87.3879,36,87387872801,73000,1
87.3982,38,87398081825,73000,1
87.4422,33,87442125333,73000,1
87.4423,38,87442267333,73000,1
87.4861,39,87485992435,73000,1
87.5019,37,87501822471,73000,1
87.5069,37,87504441477,2502412,0
87.5121,34,87512040495,73000,1
87.5147,37,87512191495,2502412,0
87.5254,37,87525279525,73000,1
87.5281,37,87528031531,73000,1
87.5332,38,87530739537,2502412,0
87.541,38,87540948561,73000,1
87.541,37,87540948561,73000,1
87.5436,38,87541090561,2502412,0
87.5461,38,87543619973,2502412,0
87.5512,38,87548679985,2502412,0
87.5667,38,87566586027,73000,1
87.5748,38,87574738045,73000,1
87.5852,33,87585169069,73000,1
87.5853,38,87585240069,73000,1
87.6033,37,87603235111,73000,1
87.6137,32,87613622135,73000,1
87.6347,37,87634673589,73000,1
87.6374,35,87637345595,73000,1
87.6451,37,87642574607,2502412,0
87.6503,37,87647803619,2502412,0
87.6504,35,87650333625,73000,1
87.6682,35,87665735661,2502412,0
87.6683,37,87668274667,73000,1
87.6735,39,87670955673,2502412,0
87.6739,35,87673798085,73000,1
87.6814,39,87678938097,2502412,0
87.6841,37,87684069109,73000,1
87.6842,35,87684140109,73000,1
87.6944,39,87691890127,2502412,0
87.7099,32,87709778169,73000,1
87.7099,39,87709849169,73000,1
87.7125,38,87712450175,73000,1
87.7176,32,87715078181,2502412,0
87.7256,32,87725528611,73000,1
87.7358,39,87733270629,2502412,0
87.7384,33,87738339641,73000,1
87.7385,39,87738428641,73000,1
87.7385,37,87738428641,73000,1
87.7512,35,87748735665,2502412,0
87.7538,35,87751265077,2502412,0
87.7563,32,87753804083,2502412,0
87.7591,35,87759024095,73000,1
87.7591,39,87759024095,73000,1
87.7616,32,87759095095,2502412,0
87.7643,32,87764235107,73000,1
87.7746,32,87772127125,2502412,0
87.7776,35,87777527137,73000,1
87.7802,32,87780146143,73000,1
87.7904,32,87787932161,2502412,0
87.7931,39,87793037173,73000,1
87.7932,32,87793117173,73000,1
87.7983,32,87795754179,2502412,0
87.8034,37,87803362197,73000,1
87.806,32,87805963203,73000,1
87.8085,35,87806034203,2502412,0
87.8112,32,87811130215,73000,1
87.819,35,87818907233,73000,1
87.8323,35,87829793663,2502412,0
87.8349,35,87834853675,73000,1
87.8402,35,87840144687,73000,1
87.8403,37,87840224687,73000,1
87.8607,32,87858174729,2502412,0
87.8734,32,87870895759,2502412,0
87.8736,39,87873496765,73000,1
87.8868,32,87884329789,2502412,0
87.8947,35,87894671813,73000,1
87.8948,32,87894742813,73000,1
87.8974,39,87897352819,73000,1
87.9078,32,87905316837,2502412,0
87.913,32,87910456849,2502412,0
87.9206,38,87918073867,2502412,0
87.926,32,87923464285,2502412,0
87.9336,38,87931063303,2502412,0
87.9337,32,87933647309,73000,1
87.9438,38,87941335327,2502412,0
87.9439,35,87943865333,73000,1
87.9466,38,87946573339,73000,1
87.9517,32,87949201345,2502412,0
87.957,32,87956951363,73000,1
87.9596,38,87959561369,73000,1
87.9726,32,87970117393,2502412,0
87.9727,34,87972656399,73000,1
87.9753,33,87975275405,73000,1
87.9808,32,87980770003,73000,1
88.0013,32,87998809045,2502412,0
88.0167,32,88014229081,2502412,0
88.0194,32,88019369093,73000,1
88.0219,38,88019440093,2502412,0
88.0326,38,88030103523,2502412,0
88.0454,38,88042922553,2502412,0
88.0482,38,88048080565,73000,1
88.0482,32,88048151565,73000,1
88.0534,36,88053353577,73000,1
88.0562,32,88056141583,73000,1
88.0564,38,88056310583,73000,1
88.0591,35,88059018589,73000,1
88.072,38,88069494613,2502412,0
88.0823,38,88079757637,2502412,0
88.0903,38,88087838655,2502412,0
88.0981,38,88097994679,73000,1
88.1057,38,88103152691,2502412,0
88.1083,38,88105762697,2502412,0
88.1109,38,88110840709,73000,1
88.1371,38,88137049175,73000,1
88.1422,38,88139668181,2502412,0
88.1499,32,88147409199,2502412,0
88.1525,32,88150010205,2502412,0
88.1577,32,88157618223,73000,1
88.1578,38,88157698223,73000,1
88.1604,38,88160308229,73000,1
88.1604,32,88160308229,73000,1
88.1656,39,88163051235,2502412,0
88.1734,39,88173296259,73000,1
88.1735,39,88173438259,73000,1
88.1811,38,88178614271,2502412,0
88.1893,38,88186793289,2502412,0
88.1919,38,88191853301,73000,1
88.192,39,88191924301,73000,1
88.1972,32,88194685307,2502412,0
88.2023,32,88202275325,73000,1
88.2126,38,88212555349,73000,1
88.2282,32,88228127385,73000,1
88.2416,38,88241507821,73000,1
88.2467,39,88246647833,73000,1
88.3032,32,88303146965,73000,1
88.3083,37,88305756971,2502412,0
88.3135,37,88313471989,73000,1
88.3186,33,88316090995,2502412,0
88.3392,33,88336661449,2502412,0
88.3418,37,88339298455,2502412,0
88.3495,33,88349445479,73000,1
88.3547,37,88354585491,73000,1
88.3725,33,88372402533,73000,1
88.3777,37,88375208539,2502412,0
88.3802,37,88377737951,2502412,0
88.3828,37,88380267363,2502412,0
88.3958,38,88393328393,2502412,0
88.4009,37,88398388405,2502412,0
88.4035,38,88403466417,73000,1
88.4036,37,88403537417,73000,1
88.4062,32,88403679417,2502412,0
88.4089,33,88408846429,73000,1
88.414,32,88411465435,2502412,0
88.4216,32,88419055453,2502412,0
88.4267,38,88424213465,2502412,0
88.4343,38,88431830483,2502412,0
88.4344,37,88434369489,73000,1
88.4369,32,88434440489,2502412,0
88.4375,39,88437434495,73000,1
88.4402,32,88437718495,2502412,0
88.4454,32,88445308513,73000,1
88.448,38,88447909519,73000,1
88.4531,35,88450590525,2502412,0
88.4609,35,88458376543,2502412,0
88.4661,35,88466073561,73000,1
88.4688,32,88468701567,73000,1
88.4688,38,88468701567,73000,1
88.4816,37,88479088591,2502412,0
88.4841,35,88481627597,2502412,0
88.4892,35,88486687609,2502412,0
88.4919,35,88491854621,73000,1
88.492,37,88491934621,73000,1
88.4974,35,88494893627,2502412,0
88.4975,38,88497423633,73000,1
88.5002,35,88500122639,73000,1
88.5029,37,88502794645,73000,1
88.5029,33,88502865645,73000,1
88.508,32,88505466651,2502412,0
88.5107,35,88510615663,73000,1
88.5108,32,88510757663,73000,1
88.5162,32,88516173675,73000,1
88.5291,35,88529063705,73000,1
88.5423,34,88539843135,2502412,0
88.545,37,88544974147,73000,1
88.5451,34,88545045147,73000,1
88.5605,35,88558007177,2502412,0
88.5607,32,88560617183,73000,1
88.5608,34,88560697183,73000,1
88.5609,38,88560857183,73000,1
88.5637,35,88563609189,73000,1
88.5841,35,88581586231,2502412,0
88.5893,35,88589212249,73000,1
88.5894,34,88589283249,73000,1
88.5948,35,88594708261,73000,1
88.6183,37,88618244315,73000,1
88.6492,35,88649113793,73000,1
88.6568,34,88654253805,2502412,0
88.6619,38,88661852823,73000,1
88.6772,34,88674671853,2502412,0
88.6798,34,88679749865,73000,1
88.6823,33,88679829865,2502412,0
88.69,32,88687490883,2502412,0
88.6927,34,88690189889,2502412,0
88.6952,32,88692728895,2502412,0
88.6982,33,88698101907,73000,1
88.7032,32,88700702913,2502412,0
88.7058,34,88703303919,2502412,0
88.7111,35,88710982937,73000,1
88.7136,32,88711053937,2502412,0
88.7161,32,88713583349,2502412,0
88.7213,34,88721191367,73000,1
88.7263,32,88723828373,2502412,0
88.7341,33,88731578391,2502412,0
88.7342,33,88734107803,73000,1
88.7342,32,88734108397,73000,1
88.7419,33,88741876415,73000,1
88.7448,34,88742260421,2502412,0
88.7498,32,88747338433,2502412,0
88.7575,32,88757476457,73000,1
88.7602,34,88760095463,73000,1
88.7627,33,88760184463,2502412,0
88.7677,34,88765244475,2502412,0
88.7728,33,88770340487,2502412,0
88.773,33,88772941493,73000,1
88.773,34,88772941493,73000,1
88.7781,37,88775551499,2502412,0
88.7882,33,88785707523,2502412,0
88.7907,37,88788237529,2502412,0
88.7933,32,88790767535,2502412,0
88.7958,32,88793296947,2502412,0
88.7983,33,88795844953,2502412,0
88.7984,37,88798374959,73000,1
88.8116,32,88811488989,73000,1
88.8116,34,88811488989,73000,1
88.8192,33,88819159007,73000,1
88.8319,34,88829431031,2502412,0
88.8345,34,88831960443,2502412,0
88.8346,37,88834490449,73000,1
88.8422,35,88842160467,73000,1
88.8447,36,88842231467,2502412,0
88.8501,33,88847604479,2502412,0
88.8526,32,88850134485,2502412,0
88.8527,34,88852673491,73000,1
88.8553,37,88852833491,2502412,0
88.858,33,88857902503,73000,1
88.8606,37,88860503509,73000,1
88.8606,33,88860574509,73000,1
88.8606,36,88860574509,73000,1
88.8632,32,88860734509,2502412,0
88.8658,36,88863300515,2502412,0
88.8685,37,88868378527,73000,1
88.8685,34,88868378527,73000,1
88.8687,36,88868600527,73000,1
88.8687,32,88868671527,73000,1
88.8712,36,88868742527,2502412,0
88.8867,38,88884171563,2502412,0
88.8868,33,88886701569,73000,1
88.8893,36,88886843569,2502412,0
88.8969,34,88894442587,2502412,0
88.8996,38,88899520599,73000,1
88.8997,33,88899591599,73000,1
88.8998,36,88899680599,73000,1
88.8998,34,88899751599,73000,1
88.8998,32,88899751599,73000,1
88.8999,37,88899822599,73000,1
88.9053,38,88902772605,2502412,0
88.9054,32,88905311611,73000,1
88.9104,36,88907921617,2502412,0
88.9205,36,88918041641,2502412,0
88.9231,38,88920571647,2502412,0
88.9256,36,88923101653,2502412,0
88.9282,39,88928161665,73000,1
88.9307,36,88928241665,2502412,0
88.9359,38,88935858683,73000,1
88.9435,36,88940989695,2502412,0
88.946,34,88943519701,2502412,0
88.9486,36,88946067707,2502412,0
88.9539,34,88951440719,2502412,0
88.954,36,88953970725,73000,1
88.9592,34,88959101737,73000,1
88.967,32,88966931755,73000,1
88.9747,38,88972169767,2502412,0
88.9773,34,88977247779,73000,1
88.9774,36,88977327779,73000,1
88.9799,38,88977407779,2502412,0
88.9826,34,88980124785,2502412,0
88.9877,34,88985211797,2502412,0
88.9878,38,88987741803,73000,1
89.0005,35,88998013827,2502412,0
89.0006,34,89000543833,73000,1
89.0006,38,89000543833,73000,1
89.0111,34,89008597851,2502412,0
89.0162,34,89013684863,2502412,0
89.0187,32,89016214869,2502412,0
89.0213,35,89018753875,2502412,0
89.0366,35,89036499917,73000,1
89.0366,34,89036499917,73000,1
89.0391,36,89036570917,2502412,0
89.0416,32,89039100923,2502412,0
89.0417,32,89041630335,73000,1
89.0417,35,89041630929,73000,1
89.0442,37,89041710929,2502412,0
89.0547,34,89054673365,73000,1
89.0573,37,89054753365,2502412,0
89.0623,36,89059813377,2502412,0
89.0648,32,89062343383,2502412,0
89.065,38,89064882389,73000,1
89.0701,36,89067581395,2502412,0
89.0726,34,89070111401,2502412,0
89.0729,37,89072792407,73000,1
89.0729,32,89072872407,73000,1
89.0806,36,89078074419,2502412,0
89.0831,36,89080603831,2502412,0
89.0858,34,89085743843,73000,1
89.0858,38,89085743843,73000,1
89.0909,36,89088362849,2502412,0
89.091,36,89090972855,73000,1
89.0911,32,89091043855,73000,1
89.0987,37,89096192867,2502412,0
89.1063,32,89103827885,2502412,0
89.1064,32,89106366297,73000,1
89.1065,37,89106437891,73000,1
89.109,35,89106526891,2502412,0
89.1119,35,89109396303,2502412,0
89.112,34,89111953309,73000,1
89.1196,36,89117084321,2502412,0
89.1221,37,89119614327,2502412,0
89.1222,37,89122152739,73000,1
89.1222,35,89122153333,73000,1
89.1247,33,89122233333,2502412,0
89.1298,34,89127293345,2502412,0
89.1299,36,89129823351,73000,1
89.13,34,89129894351,73000,1
89.1325,32,89129965351,2502412,0
89.1327,32,89132620357,73000,1
89.1327,36,89132620357,73000,1
89.1352,34,89132700357,2502412,0
89.1377,33,89135230363,2502412,0
89.1378,35,89137760369,73000,1
89.1404,32,89137849369,2502412,0
89.1534,34,89153350811,73000,1
89.156,33,89153501811,2502412,0
89.1561,37,89156031817,73000,1
89.1561,34,89156031817,73000,1
89.1587,32,89158632823,73000,1
89.1663,37,89163772835,2502412,0
89.1689,33,89168850847,73000,1
89.1714,37,89168921847,2502412,0
89.1767,37,89176618865,73000,1
89.1792,35,89176716865,2502412,0
89.1819,35,89181794877,73000,1
89.1871,37,89187005889,73000,1
89.1871,34,89187005889,73000,1
89.1871,32,89187076889,73000,1
89.1897,35,89187165889,2502412,0
89.1922,33,89189695895,2502412,0
89.1947,33,89192225307,2502412,0
89.1998,34,89197312319,2502412,0
89.2024,36,89199869325,2502412,0
89.205,36,89204938337,73000,1
89.205,34,89204938337,73000,1
89.2051,35,89205018337,73000,1
89.2101,33,89207619343,2502412,0
89.213,32,89210470755,2502412,0
89.2207,33,89220626779,73000,1
89.2208,32,89220697779,73000,1
89.2208,36,89220768779,73000,1
89.2208,37,89220768779,73000,1
89.2234,35,89220910779,2502412,0
89.226,34,89223467785,2502412,0
89.2286,34,89226086791,2502412,0
89.2311,35,89228616797,2502412,0
89.2312,33,89231146803,73000,1
89.2388,34,89236277815,2502412,0
89.2413,34,89238816227,2502412,0
89.2414,35,89241346233,73000,1
89.2415,34,89241417233,73000,1
89.2415,33,89241417233,73000,1
89.2416,32,89241488233,73000,1
89.2416,34,89241559233,73000,1
89.2576,35,89255072669,2502412,0
89.2626,35,89260132681,2502412,0
89.2728,32,89270288705,2502412,0
89.2779,35,89275375717,2502412,0
89.278,32,89277923723,73000,1
89.2831,34,89283063735,73000,1
89.2832,36,89283143735,73000,1
89.2858,35,89283294735,2502412,0
89.291,35,89288505747,2502412,0
89.2935,35,89291044159,2502412,0
89.2963,37,89296264171,73000,1
89.3016,35,89301493183,73000,1
89.3041,33,89301582183,2502412,0
89.3066,32,89304112189,2502412,0
89.3117,36,89309181201,2502412,0
89.3145,34,89312032613,2502412,0
89.3171,32,89314562619,2502412,0
89.3172,33,89317092625,73000,1
89.3274,36,89327328649,73000,1
89.3275,34,89327399649,73000,1
89.3275,32,89327470649,73000,1
89.3302,38,89330089655,73000,1
89.3352,32,89332690661,2502412,0
89.3353,32,89335238073,73000,1
89.3353,35,89335238667,73000,1
89.3379,32,89337839673,73000,1
89.3379,36,89337839673,73000,1
89.3404,33,89337910673,2502412,0
89.3506,36,89348057697,2502412,0
89.3531,34,89350587703,2502412,0
89.3556,33,89353126709,2502412,0
89.3586,36,89358526127,73000,1
89.3612,34,89361145133,73000,1
89.3613,33,89361216133,73000,1
89.3638,34,89361287133,2502412,0
89.3664,34,89363915139,2502412,0
89.369,34,89366453551,2502412,0
89.3715,32,89368983557,2502412,0
89.3716,33,89371513563,73000,1
89.3842,34,89381713587,2502412,0
89.3918,36,89389312605,2502412,0
89.3945,34,89394390617,73000,1
89.3945,32,89394390617,73000,1
89.4022,36,89402176635,73000,1
89.4022,35,89402176635,73000,1
89.4022,34,89402176635,73000,1
89.4048,32,89402256635,2502412,0
89.4074,36,89407334647,73000,1
89.4124,32,89409944653,2502412,0
89.4205,32,89420395677,73000,1
89.4306,35,89428092695,2502412,0
89.4307,35,89430640107,73000,1
89.4359,33,89435843713,73000,1
89.4361,32,89436065713,73000,1
89.4386,36,89436136713,2502412,0
89.4466,36,89446532737,73000,1
89.4466,39,89446532737,73000,1
89.4466,34,89446532737,73000,1
89.4517,35,89451672749,73000,1
89.4725,36,89472386203,73000,1
89.4725,32,89472475203,73000,1
89.4828,34,89480270221,2502412,0
89.4981,34,89495575257,2502412,0
89.5007,36,89500653269,73000,1
89.5058,34,89503263275,2502412,0
89.5084,35,89505864281,2502412,0
89.5135,35,89513454299,73000,1
89.5136,34,89513525299,73000,1
89.5217,35,89521606317,73000,1
89.5294,33,89529312335,73000,1
89.5319,34,89529401335,2502412,0
89.5345,36,89531949341,2502412,0
89.5346,35,89534559347,73000,1
89.5398,39,89537249353,2502412,0
89.5423,34,89539788359,2502412,0
89.5448,36,89542318365,2502412,0
89.5449,39,89544848371,73000,1
89.5449,37,89544848371,73000,1
89.5551,36,89555057395,73000,1
89.5577,34,89555155395,2502412,0
89.5603,34,89557845401,2502412,0
89.5629,36,89560384407,2502412,0
89.5633,39,89563227413,73000,1
89.5709,34,89568438425,2502412,0
89.571,34,89570976837,73000,1
89.5711,36,89570977431,73000,1
89.5864,34,89583947461,2502412,0
89.5866,36,89586477467,73000,1
89.5866,32,89586477467,73000,1
89.5917,34,89591644479,73000,1
89.5918,32,89591724479,73000,1
89.5919,34,89591795479,73000,1
89.592,35,89591955479,73000,1
89.592,39,89591955479,73000,1
89.6126,34,89612534527,73000,1
89.6309,38,89630851569,73000,1
89.6309,36,89630851569,73000,1
89.631,34,89630922569,73000,1
89.6311,39,89630993569,73000,1
89.6546,36,89654573623,73000,1
89.6704,37,89667865059,2502412,0
89.678,37,89675473077,2502412,0
89.6807,37,89680640089,73000,1
89.6937,37,89693672119,73000,1
89.6989,34,89698821131,73000,1
89.7039,32,89701431137,2502412,0
89.7118,32,89711711161,73000,1
89.7118,33,89711711161,73000,1
89.7195,36,89717038173,2502412,0
89.7221,36,89719567585,2502412,0
89.7325,36,89730018015,2502412,0
89.743,32,89742908045,73000,1
89.7456,36,89745536051,73000,1
89.7535,37,89753384069,73000,1
89.7586,36,89756145075,2502412,0
89.7744,36,89774301523,73000,1
89.7896,32,89787067553,2502412,0
89.8022,37,89799726583,2502412,0
89.8023,37,89802264995,73000,1
89.8023,32,89802265589,73000,1
89.8051,37,89805035595,73000,1
89.8076,36,89805106595,2502412,0
89.8102,39,89807707601,2502412,0
89.8103,36,89810246607,73000,1
89.8155,39,89815395619,73000,1
89.8234,32,89823349637,73000,1
89.8339,34,89831403655,2502412,0
89.834,34,89833942067,73000,1
89.834,39,89833942661,73000,1
89.834,35,89833942661,73000,1
89.8341,36,89834013661,73000,1
89.8417,39,89839242673,2502412,0
89.8443,36,89841843679,2502412,0
89.8595,39,89857023715,2502412,0
89.8646,36,89862101727,2502412,0
89.8671,32,89864631733,2502412,0
89.8672,39,89867170739,73000,1
89.8672,34,89867170739,73000,1
89.8697,37,89867241739,2502412,0
89.8752,37,89872703751,2502412,0
89.8777,37,89875242163,2502412,0
89.8829,32,89882841181,73000,1
89.8829,39,89882841181,73000,1
89.8854,36,89882912181,2502412,0
89.8855,32,89885442187,73000,1
89.8957,36,89895669211,73000,1
89.8957,37,89895669211,73000,1
89.9087,37,89908604241,73000,1
89.9138,36,89913762253,73000,1
89.9163,32,89913833253,2502412,0
89.9214,36,89918902265,2502412,0
89.9239,34,89921432271,2502412,0
89.924,36,89923962277,73000,1
89.924,32,89923962277,73000,1
89.9321,34,89932070295,73000,1
89.9398,34,89937282307,2502412,0
89.9399,39,89939812313,73000,1
89.9399,37,89939812313,73000,1
89.9474,36,89944943325,2502412,0
89.95,32,89947482331,2502412,0
89.9526,34,89950048337,2502412,0
89.9603,36,89957789355,2502412,0
89.9604,36,89960336767,73000,1
89.9654,32,89962938367,2502412,0
89.9656,34,89965539373,73000,1
89.9682,32,89968140379,73000,1
89.9789,33,89976389803,2502412,0
89.9816,33,89981485815,73000,1
89.9867,33,89984157821,2502412,0
89.9892,33,89986687233,2502412,0
89.9918,39,89991747245,73000,1
89.9918,36,89991747245,73000,1
89.9944,34,89994366251,73000,1
89.9945,32,89994437251,73000,1
89.9997,36,89999586263,73000,1
90.0022,33,89999675263,2502412,0
90.0048,33,90004771275,73000,1
90.0229,32,90022793317,73000,1
90.0284,37,90028289329,73000,1
90.0284,33,90028289329,73000,1
90.0464,34,90043907365,2502412,0
90.0617,34,90061653407,73000,1
90.0694,34,90066935419,2502412,0
90.072,34,90069464831,2502412,0
90.0749,33,90074837249,73000,1
90.0826,34,90080137261,2502412,0
90.0904,32,90087878279,2502412,0
90.093,34,90092938291,73000,1
90.1034,32,90103289315,73000,1
90.1085,34,90108429327,73000,1
90.1262,34,90123734363,2502412,0
90.1288,32,90126264369,2502412,0
90.1289,34,90128812375,73000,1
90.1343,32,90134265387,73000,1
90.1343,36,90134265387,73000,1
90.1395,38,90139423399,73000,1
90.1395,32,90139423399,73000,1
90.1447,37,90142193405,2502412,0
90.1448,34,90144723411,73000,1
90.1473,33,90144803411,2502412,0
90.1498,34,90147333417,2502412,0
90.1575,35,90155030435,2502412,0
90.1576,37,90157560441,73000,1
90.1577,34,90157631441,73000,1
90.1578,33,90157702441,73000,1
90.1603,37,90157773441,2502412,0
90.1604,37,90160320853,73000,1
90.1631,35,90163002453,73000,1
90.1709,33,90170850471,73000,1
90.1709,35,90170850471,73000,1
90.176,34,90173460477,2502412,0
90.1789,34,90178851489,73000,1
90.1841,37,90184045501,73000,1
90.1893,32,90186762507,2502412,0
90.1969,33,90194423525,2502412,0
90.197,35,90196953531,73000,1
90.2049,32,90204801549,73000,1
90.2049,33,90204872549,73000,1
90.2049,34,90204872549,73000,1
90.21,35,90207500555,2502412,0
90.2152,35,90212649567,2502412,0
90.2153,32,90215179573,73000,1
90.2179,35,90217780579,73000,1
90.2257,37,90225601597,73000,1
90.2337,33,90233611615,73000,1
90.2362,39,90233682615,2502412,0
90.2412,34,90238742627,2502412,0
90.249,32,90248880651,73000,1
90.249,35,90248951651,73000,1
90.2541,34,90251632657,2502412,0
90.2567,39,90254233663,2502412,0
90.2593,34,90256763669,2502412,0
90.2595,34,90259382675,73000,1
90.2621,39,90261983681,73000,1
90.2647,35,90264584687,73000,1
90.2647,32,90264673687,73000,1
90.2647,39,90264673687,73000,1
90.27,37,90269902699,73000,1
90.27,34,90269902699,73000,1
90.2858,35,90285751141,73000,1
90.2859,33,90285822141,73000,1
90.3038,34,90303720183,73000,1
90.3088,33,90306321189,2502412,0
90.3165,39,90314000207,2502412,0
90.3166,33,90316530213,73000,1
90.3267,39,90324209231,2502412,0
90.3318,32,90329269243,2502412,0
90.3344,36,90334374255,73000,1
90.3344,37,90334374255,73000,1
90.345,32,90344887279,73000,1
90.345,39,90344887279,73000,1
90.3476,32,90345074279,2502412,0
90.3477,33,90347604285,73000,1
90.3581,32,90357982309,73000,1
90.3581,33,90358062309,73000,1
90.3635,39,90360957315,2502412,0
90.3713,39,90371255339,73000,1
90.3713,35,90371255339,73000,1
90.3789,32,90376413351,2502412,0
90.3814,35,90378943357,2502412,0
90.3819,34,90381795363,73000,1
90.3869,32,90384396369,2502412,0
90.3895,39,90389456381,73000,1
90.392,32,90389545381,2502412,0
90.3921,35,90392075387,73000,1
90.4099,35,90407433423,2502412,0
90.4125,32,90409963429,2502412,0
90.4201,32,90417633447,2502412,0
90.4227,33,90420163453,2502412,0
90.4278,35,90425259465,2502412,0
90.4279,33,90427860471,73000,1
90.4305,32,90430470477,73000,1
90.4331,35,90433071483,73000,1
90.4357,35,90435672489,73000,1
90.4382,39,90435743489,2502412,0
90.4412,39,90441133907,73000,1
90.4412,33,90441133907,73000,1
90.4462,35,90443743913,2502412,0
90.4488,37,90446282919,2502412,0
90.4538,32,90451342931,2502412,0
90.454,37,90453881937,73000,1
90.4541,32,90453997937,73000,1
90.4592,35,90459128949,73000,1
90.4769,37,90474415985,2502412,0
90.4795,39,90476954991,2502412,0
90.482,37,90479484997,2502412,0
90.4874,33,90484857415,2502412,0
90.4975,39,90495031439,2502412,0
90.4976,32,90497570445,73000,1
90.5001,33,90497641445,2502412,0
90.5002,37,90500171451,73000,1
90.5003,32,90500242451,73000,1
90.5003,39,90500242451,73000,1
90.5004,33,90500313451,73000,1
90.5004,35,90500313451,73000,1
90.5007,35,90500597451,73000,1
90.5033,33,90503207457,73000,1
90.506,37,90505950463,73000,1
90.5187,32,90518671493,73000,1
90.5238,39,90521281499,2502412,0
90.5341,39,90534056529,73000,1
90.5368,37,90536746535,73000,1
90.5447,33,90542208547,2502412,0
90.5448,33,90544755959,73000,1
90.5473,39,90544827553,2502412,0
90.5474,39,90547356965,73000,1
90.5474,33,90547357559,73000,1
90.5475,37,90547428559,73000,1
90.5551,39,90552631571,2502412,0
90.5654,39,90565344601,73000,1
90.5757,36,90573192619,2502412,0
90.5808,36,90578288631,2502412,0
90.5809,34,90580818637,73000,1
90.581,39,90580889637,73000,1
90.5837,33,90581156637,2502412,0
90.5892,36,90589077061,73000,1
90.5994,33,90596925079,2502412,0
90.602,33,90599454491,2502412,0
90.6123,39,90609779515,2502412,0
90.6124,33,90612309521,73000,1
90.6125,39,90612380521,73000,1
90.6125,35,90612460521,73000,1
90.6125,36,90612460521,73000,1
90.6228,33,90622749545,73000,1
90.6356,35,90635497575,73000,1
90.6408,39,90640753587,73000,1
90.6513,39,90648843605,2502412,0
90.659,36,90658963629,73000,1
90.6666,39,90664094641,2502412,0
90.6742,39,90671702659,2502412,0
90.6793,33,90676762671,2502412,0
90.6818,39,90679292677,2502412,0
90.6844,34,90684361689,73000,1
90.6923,33,90689823107,2502412,0
90.6951,39,90694990119,73000,1
90.7027,33,90700228131,2502412,0
90.7181,33,90718036173,73000,1
90.7207,39,90718187173,2502412,0
90.7208,33,90720726179,73000,1
90.726,39,90725955191,73000,1
90.726,32,90725955191,73000,1
90.7338,36,90733750209,73000,1
90.7338,33,90733750209,73000,1
90.7493,39,90746838239,2502412,0
90.7624,39,90762294275,73000,1
90.7725,36,90769991293,2502412,0
90.7878,37,90785278329,2502412,0
90.788,36,90787879335,73000,1
90.788,39,90787879335,73000,1
90.7934,37,90793358753,73000,1
90.8215,35,90819032813,2502412,0
90.8242,36,90824092825,73000,1
90.8242,37,90824092825,73000,1
90.8318,33,90831762843,73000,1
90.8345,35,90834470849,73000,1
90.8345,39,90834470849,73000,1
90.8579,36,90857821903,73000,1
90.858,32,90857892903,73000,1
90.8656,35,90863094915,2502412,0
90.8657,35,90865624327,73000,1
90.8784,35,90875940945,2502412,0
90.8811,35,90878550951,2502412,0
90.8862,37,90886167969,73000,1
90.8966,35,90894141393,2502412,0
90.9019,38,90901811411,73000,1
90.9044,35,90901891411,2502412,0
90.9121,38,90912029435,73000,1
90.9147,35,90914648441,73000,1
90.9147,39,90914648441,73000,1
90.948,38,90945471513,2502412,0
90.9481,38,90948000925,73000,1
90.9481,35,90948001519,73000,1
90.9587,36,90958639543,73000,1
90.9612,35,90958719543,2502412,0
90.9664,35,90963850555,2502412,0
90.9816,38,90979102591,2502412,0
90.9817,35,90981641597,73000,1
90.9818,38,90981721597,73000,1
90.987,38,90986932609,73000,1
91.0028,37,91000260045,2502412,0
91.0029,38,91002790051,73000,1
91.0054,35,91002941051,2502412,0
91.0056,37,91005480057,73000,1
91.0056,36,91005480057,73000,1
91.0132,37,91013141075,73000,1
91.0184,33,91018290087,73000,1
91.0209,35,91018361087,2502412,0
91.021,37,91020891093,73000,1
91.0236,35,91023519099,73000,1
91.0494,35,91049327159,73000,1
91.0832,35,91080659231,2502412,0
91.0863,38,91086252243,73000,1
91.0864,35,91086323243,73000,1
91.105,35,91104878691,73000,1
91.1177,37,91115194715,2502412,0
91.1229,39,91122802733,73000,1
91.128,37,91125501739,2502412,0
91.1385,37,91136039763,2502412,0
91.1412,37,91141126775,73000,1
91.1414,37,91141286775,73000,1
91.1439,35,91141375775,2502412,0
91.1464,37,91143914781,2502412,0
91.1646,37,91164512829,73000,1
91.1646,35,91164512829,73000,1
91.1773,37,91174819853,2502412,0
91.185,35,91182489871,2502412,0
91.1928,37,91192689895,73000,1
91.1978,35,91195299901,2502412,0
91.1979,32,91197829907,73000,1
91.2004,35,91197900907,2502412,0
91.2137,35,91213589943,73000,1
91.2264,37,91223905967,2502412,0
91.229,35,91226506973,2502412,0
91.2343,35,91234194991,73000,1
91.2343,37,91234194991,73000,1
91.2497,35,91247219021,2502412,0
91.2523,38,91249838027,2502412,0
91.255,38,91252528033,2502412,0
91.258,35,91257972045,73000,1
91.258,37,91257972045,73000,1
91.2656,38,91263121057,2502412,0
91.2735,38,91273463081,73000,1
91.2735,37,91273463081,73000,1
91.2736,35,91273534081,73000,1
91.2815,38,91281382099,73000,1
91.3048,38,91304773009,73000,1
91.3256,37,91325565057,73000,1
91.3307,37,91328166063,2502412,0
91.3357,35,91333226075,2502412,0
91.3385,35,91338402087,73000,1
91.3385,37,91338402087,73000,1
91.3385,38,91338402087,73000,1
91.3539,37,91353867123,73000,1
91.3593,35,91359212135,73000,1
91.3701,38,91369983159,73000,1
91.3751,39,91372593165,2502412,0
91.3778,37,91377733177,73000,1
91.3803,32,91377804177,2502412,0
91.3804,35,91380334183,73000,1
91.3805,39,91380405183,73000,1
91.3807,32,91380645183,73000,1
91.3962,39,91393713213,2502412,0
91.4041,39,91404055237,73000,1
91.4071,32,91406977649,73000,1
91.4097,39,91409605655,73000,1
91.4328,39,91432713709,73000,1
91.4329,33,91432784709,73000,1
91.4357,32,91433202709,2502412,0
91.4435,35,91443402733,73000,1
91.4511,36,91448613745,2502412,0
91.4536,32,91451143751,2502412,0
91.467,36,91466894787,73000,1
91.467,34,91466894787,73000,1
91.4695,32,91466965787,2502412,0
91.472,32,91469495199,2502412,0
91.4745,32,91472024611,2502412,0
91.4849,37,91484790641,73000,1
91.4849,36,91484790641,73000,1
91.4874,32,91484879641,2502412,0
91.4875,39,91487418647,73000,1
91.49,32,91487489647,2502412,0
91.4978,32,91495284665,2502412,0
91.5028,36,91500344677,2502412,0
91.5081,36,91505555689,2502412,0
91.5085,32,91508407695,73000,1
91.5211,36,91518634719,2502412,0
91.5212,32,91521173725,73000,1
91.5314,36,91528914743,2502412,0
91.5416,32,91539070767,2502412,0
91.5417,36,91541600773,73000,1
91.5469,32,91546865785,73000,1
91.5521,32,91549644791,2502412,0
91.5547,36,91552174797,2502412,0
91.5548,36,91554704209,73000,1
91.5574,32,91554882803,2502412,0
91.5602,35,91560093815,73000,1
91.5707,32,91568236833,2502412,0
91.5784,36,91578374857,73000,1
91.5886,32,91586071875,2502412,0
91.5912,39,91591131887,73000,1
91.5964,32,91596316899,73000,1
91.6146,32,91612076341,2502412,0
91.6171,32,91614605753,2502412,0
91.6222,32,91619665765,2502412,0
91.6248,32,91622337771,2502412,0
91.625,32,91624956777,73000,1
91.6276,37,91625098777,2502412,0
91.6406,37,91640500813,73000,1
91.6482,36,91645729825,2502412,0
91.6533,32,91650825837,2502412,0
91.656,36,91655885849,73000,1
91.6662,32,91663671867,2502412,0
91.6663,37,91666272873,73000,1
91.6718,37,91671725885,73000,1
91.6743,38,91671814885,2502412,0
91.6794,38,91676874897,2502412,0
91.6844,32,91681943909,2502412,0
91.6871,36,91687030921,73000,1
91.6923,38,91692197933,73000,1
91.6924,32,91692357933,73000,1
91.6951,39,91695029939,73000,1
91.6952,38,91695118939,73000,1
91.7003,32,91697799945,2502412,0
91.7004,37,91700347951,73000,1
91.7105,36,91708017969,2502412,0
91.716,32,91713470387,2502412,0
91.7236,36,91721096405,2502412,0
91.7288,36,91728713423,73000,1
91.7288,38,91728713423,73000,1
91.7289,32,91728793423,73000,1
91.7315,36,91728989423,2502412,0
91.734,32,91731519429,2502412,0
91.742,32,91741915453,73000,1
91.742,36,91741915453,73000,1
91.7577,36,91755170483,2502412,0
91.7603,32,91757789489,2502412,0
91.7629,36,91762867501,73000,1
91.7655,36,91763018501,2502412,0
91.7707,32,91768158513,2502412,0
91.7711,32,91771009925,73000,1
91.7711,33,91771009925,73000,1
91.7737,36,91773628931,73000,1
91.7915,32,91788968967,2502412,0
91.7993,32,91799257991,73000,1
91.8019,32,91801876997,73000,1
91.8121,36,91809618015,2502412,0
91.8122,36,91812147427,73000,1
91.8179,37,91817840439,73000,1
91.8182,38,91818080439,73000,1
91.826,32,91825892457,73000,1
91.8285,36,91825963457,2502412,0
91.8388,36,91838702487,73000,1
91.8591,36,91856617529,2502412,0
91.8617,36,91859236535,2502412,0
91.8694,36,91866898553,2502412,0
91.8695,36,91869436965,73000,1
91.8827,37,91882640589,73000,1
91.8828,36,91882720589,73000,1
91.8906,32,91890515607,73000,1
91.9545,36,91952039157,2502412,0
91.9749,36,91972439205,2502412,0
91.9982,36,91995708665,2502412,0
92.0035,38,92003414683,73000,1
92.0086,36,92006122689,2502412,0
92.019,36,92016536713,2502412,0
92.0246,36,92024555731,73000,1
92.04,36,92037508761,2502412,0
92.0477,36,92045205779,2502412,0
92.0504,35,92047904785,2502412,0
92.053,36,92050514791,2502412,0
92.0581,36,92055645803,2502412,0
92.0583,35,92058255809,73000,1
92.0608,32,92058326809,2502412,0
92.0661,36,92066014827,73000,1
92.0687,32,92066165827,2502412,0
92.0713,35,92071234839,73000,1
92.0765,36,92076392851,73000,1
92.0819,32,92079395863,2502412,0
92.0872,32,92087083881,73000,1
92.0953,32,92095206899,73000,1
92.1058,34,92105761923,73000,1
92.1058,35,92105761923,73000,1
92.1135,32,92110990935,2502412,0
92.1137,32,92113591941,73000,1
92.1137,36,92113662941,73000,1
92.1163,34,92116263947,73000,1
92.1163,32,92116263947,73000,1
92.1193,38,92119184953,73000,1
92.135,34,92134971395,73000,1
92.1633,35,92163256461,73000,1
92.1633,32,92163256461,73000,1
92.1661,34,92166053467,73000,1
92.1922,36,92192084527,73000,1
92.2233,34,92223210599,73000,1
92.2312,32,92228663017,2502412,0
92.2466,32,92244083053,2502412,0
92.2569,32,92256831083,73000,1
92.2569,39,92256831083,73000,1
92.2594,34,92256902083,2502412,0
92.2695,34,92267031107,2502412,0
92.2721,34,92269641113,2502412,0
92.28,32,92279921137,73000,1
92.2854,34,92282906143,2502412,0
92.2883,35,92288206155,73000,1
92.291,34,92290958161,73000,1
92.2937,32,92291171161,2502412,0
92.2988,32,92298770179,73000,1
92.2988,34,92298770179,73000,1
92.3191,32,92316632221,2502412,0
92.3244,32,92321888233,2502412,0
92.34,32,92339973681,73000,1
92.3631,32,92363010735,73000,1
92.3656,34,92363081735,2502412,0
92.3809,34,92378413771,2502412,0
92.3866,34,92386530789,73000,1
92.3866,32,92386530789,73000,1
92.3972,34,92397103813,73000,1
92.4152,36,92412728849,2502412,0
92.4178,32,92415276855,2502412,0
92.4204,34,92420345867,73000,1
92.4229,36,92420416867,2502412,0
92.4305,32,92428033885,2502412,0
92.4387,36,92438644909,73000,1
92.4388,32,92438724909,73000,1
92.4541,32,92451623939,2502412,0
92.4567,32,92454153351,2502412,0
92.4695,36,92469440387,73000,1
92.4721,32,92472059393,73000,1
92.4721,39,92472059393,73000,1
92.4748,32,92474776399,73000,1
92.4749,39,92474847399,73000,1
92.475,34,92474963399,73000,1
92.4804,39,92480325411,73000,1
92.5066,39,92506489471,73000,1
92.5142,32,92514150489,73000,1
92.5167,36,92514239489,2502412,0
92.5218,37,92519326501,2502412,0
92.5219,37,92521855913,73000,1
92.5321,36,92529562525,2502412,0
92.543,36,92540475549,2502412,0
92.5431,37,92543076555,73000,1
92.5507,37,92548216567,2502412,0
92.5508,36,92550746573,73000,1
92.5559,37,92553365579,2502412,0
92.5585,37,92558443591,73000,1
92.5585,34,92558443591,73000,1
92.5716,36,92569071615,2502412,0
92.5794,37,92579280639,73000,1
92.5872,36,92587172657,73000,1
92.5872,32,92587172657,73000,1
92.5928,36,92592696669,73000,1
92.6005,36,92600411687,73000,1
92.6033,39,92603190693,73000,1
92.6267,37,92626627747,73000,1
92.6625,36,92660044231,2502412,0
92.6653,36,92665184243,73000,1
92.6962,36,92696089315,73000,1
92.7114,35,92708944345,2502412,0
92.7242,35,92724160381,73000,1
92.7267,34,92724231381,2502412,0
92.7269,37,92726868387,73000,1
92.7294,34,92726939387,2502412,0
92.7295,36,92729469393,73000,1
92.7321,33,92729549393,2502412,0
92.7347,34,92734609405,73000,1
92.7427,33,92740168823,2502412,0
92.7454,35,92745317835,73000,1
92.7504,33,92747927841,2502412,0
92.7633,33,92760773871,2502412,0
92.7683,34,92765833883,2502412,0
92.7786,39,92776069907,2502412,0
92.7836,34,92781129919,2502412,0
92.7837,33,92783659925,73000,1
92.7889,39,92786349931,2502412,0
92.7968,39,92794323949,2502412,0
92.8019,34,92799383961,2502412,0
92.802,34,92801922373,73000,1
92.8021,39,92802002967,73000,1
92.8021,33,92802073967,73000,1
92.8021,36,92802073967,73000,1
92.81,34,92809965985,73000,1
92.8101,39,92810036985,73000,1
92.8102,35,92810107985,73000,1
92.8179,38,92817867003,73000,1
92.8331,36,92830606033,2502412,0
92.8358,36,92835684045,73000,1
92.8358,39,92835684045,73000,1
92.8439,35,92843782469,73000,1
92.849,33,92846463475,2502412,0
92.8516,36,92851541487,73000,1
92.8541,33,92851630487,2502412,0
92.8567,32,92854160493,2502412,0
92.8618,33,92861759511,73000,1
92.8695,33,92869474529,73000,1
92.8696,32,92869545529,73000,1
92.8722,34,92872173535,73000,1
92.875,35,92874934541,73000,1
92.875,36,92874934541,73000,1
92.8778,36,92877766547,73000,1
92.8907,32,92888162571,2502412,0
92.9037,39,92901188601,2502412,0
92.9114,32,92908849619,2502412,0
92.9139,32,92911379031,2502412,0
92.9164,33,92913927037,2502412,0
92.9191,33,92918996049,73000,1
92.9191,32,92918996049,73000,1
92.9191,34,92918996049,73000,1
92.9241,37,92921606055,2502412,0
92.9292,39,92926666067,2502412,0
92.9394,32,92939325097,73000,1
92.9395,39,92939405097,73000,1
92.9424,37,92942345509,73000,1
92.9528,37,92952696533,73000,1
92.9553,33,92952767533,2502412,0
92.9679,33,92965435563,2502412,0
92.9681,35,92968036569,73000,1
92.9681,36,92968036569,73000,1
92.9682,33,92968116569,73000,1
92.9682,32,92968116569,73000,1
92.9682,39,92968116569,73000,1
92.9861,32,92983582605,2502412,0
93.0041,32,93001632647,2502412,0
93.0067,33,93004162653,2502412,0
93.0119,32,93011779671,73000,1
93.0194,33,93016910683,2502412,0
93.0195,37,93019449689,73000,1
93.0246,33,93022050695,2502412,0
93.0247,32,93024580701,73000,1
93.0273,32,93027199707,73000,1
93.0273,37,93027199707,73000,1
93.0425,39,93039947737,2502412,0
93.0426,33,93042477743,73000,1
93.0451,32,93042557743,2502412,0
93.0456,34,93045560749,73000,1
93.0508,32,93050700761,73000,1
93.0533,39,93050789761,2502412,0
93.0586,33,93058477779,73000,1
93.0687,39,93066147797,2502412,0
93.0688,39,93068677209,73000,1
93.0688,33,93068677803,73000,1
93.0688,36,93068766803,73000,1
93.0688,32,93068766803,73000,1
93.0744,39,93074307815,73000,1
93.0895,32,93087037845,2502412,0
93.0948,33,93094681863,73000,1
93.0999,32,93097362869,2502412,0
93.1106,37,93108071893,2502412,0
93.1131,32,93110601899,2502412,0
93.1182,33,93115697911,2502412,0
93.1258,37,93123287929,2502412,0
93.1283,39,93125826935,2502412,0
93.1285,33,93128383941,73000,1
93.131,32,93128454941,2502412,0
93.1311,32,93130984353,73000,1
93.1338,37,93133745953,73000,1
93.1414,39,93138876965,2502412,0
93.1494,39,93146859389,2502412,0
93.1519,39,93149388801,2502412,0
93.157,32,93154457813,2502412,0
93.1571,39,93156987819,73000,1
93.1571,33,93157058819,73000,1
93.1572,39,93157156819,73000,1
93.1675,32,93164977837,2502412,0
93.1676,37,93167516843,73000,1
93.1702,32,93167676843,2502412,0
93.1729,32,93172816855,73000,1
93.178,39,93177974867,73000,1
93.1832,34,93180744873,2502412,0
93.1884,32,93188334891,73000,1
93.191,34,93188476891,2502412,0
93.1936,34,93191095897,2502412,0
93.1989,34,93196368909,2502412,0
93.199,37,93198898915,73000,1
93.2015,34,93198969915,2502412,0
93.207,34,93206890933,73000,1
93.2145,33,93212030945,2502412,0
93.2171,39,93214560951,2502412,0
93.2175,34,93217383957,73000,1
93.2226,39,93220135963,2502412,0
93.2253,33,93225275975,73000,1
93.2254,39,93225346975,73000,1
93.2331,33,93230548987,2502412,0
93.2332,39,93233078993,73000,1
93.2358,32,93233274993,2502412,0
93.236,33,93235902999,73000,1
93.236,34,93235902999,73000,1
93.236,36,93235973999,73000,1
93.2412,34,93241141011,73000,1
93.2413,32,93241212011,73000,1
93.2466,39,93246494023,73000,1
93.2466,32,93246494023,73000,1
93.2545,33,93251973441,2502412,0
93.2596,33,93257132453,2502412,0
93.2597,37,93259662459,73000,1
93.2802,33,93277692501,2502412,0
93.2853,32,93282752513,2502412,0
93.2879,32,93285407519,2502412,0
93.2955,33,93292997537,2502412,0
93.2956,33,93295526949,73000,1
93.2981,32,93295598543,2502412,0
93.2982,32,93298136955,73000,1
93.3059,39,93303348561,2502412,0
93.324,39,93323919015,73000,1
93.329,33,93326520021,2502412,0
93.3367,39,93334155039,2502412,0
93.3368,39,93336693451,73000,1
93.3368,37,93336694045,73000,1
93.3393,33,93336783045,2502412,0
93.3394,33,93339312457,73000,1
93.3394,32,93339313051,73000,1
93.3498,34,93347276069,2502412,0
93.3523,39,93349806075,2502412,0
93.3527,39,93352649081,73000,1
93.3578,37,93355339087,2502412,0
93.3605,34,93360435099,73000,1
93.3657,37,93365584111,73000,1
93.3657,39,93365584111,73000,1
93.3658,33,93365682111,73000,1
93.3709,32,93370813123,73000,1
93.3786,34,93378572141,73000,1
93.3914,37,93388924165,2502412,0
93.3965,37,93394029177,2502412,0
93.3991,37,93396639183,2502412,0
93.4069,37,93404398201,2502412,0
93.4099,37,93409789213,73000,1
93.4099,33,93409789213,73000,1
93.4099,32,93409860213,73000,1
93.4177,37,93417637231,73000,1
93.4177,39,93417637231,73000,1
93.4203,34,93417779231,2502412,0
93.4305,37,93427953255,2502412,0
93.4356,34,93435543273,73000,1
93.4459,37,93443391291,2502412,0
93.451,39,93448469303,2502412,0
93.4589,37,93456398727,2502412,0
93.4716,39,93469146757,2502412,0
93.4717,34,93471676763,73000,1
93.4743,37,93471747763,2502412,0
93.4795,37,93476967775,2502412,0
93.4822,39,93482098787,73000,1
93.4847,33,93482178787,2502412,0
93.485,37,93484877793,73000,1
93.4875,34,93484948793,2502412,0
93.4976,39,93495086817,2502412,0
93.5027,33,93500217829,2502412,0
93.5053,39,93502747835,2502412,0
93.5054,34,93505348841,73000,1
93.5161,39,93515977865,73000,1
93.5161,33,93516048865,73000,1
93.5187,34,93518658871,73000,1
93.5188,37,93518738871,73000,1
93.5264,32,93523923883,2502412,0
93.5265,35,93526471889,73000,1
93.5341,33,93531602901,2502412,0
93.5342,32,93534132907,73000,1
93.5392,39,93536742913,2502412,0
93.5394,39,93539281325,73000,1
93.5394,33,93539281919,73000,1
93.5472,39,93544661931,2502412,0
93.5473,34,93547191937,73000,1
93.5498,32,93547262937,2502412,0
93.55,37,93549881943,73000,1
93.5525,39,93550032943,2502412,0
93.5551,32,93552562949,2502412,0
93.5555,32,93555432955,73000,1
93.5581,39,93558033961,73000,1
93.5658,34,93565774979,73000,1
93.5659,33,93565845979,73000,1
93.5712,32,93571083991,73000,1
93.5864,32,93583912021,2502412,0
93.589,32,93586459433,2502412,0
93.5915,32,93588988845,2502412,0
93.5941,39,93594048857,73000,1
93.6043,32,93601754875,2502412,0
93.6174,32,93617292911,73000,1
93.6224,33,93619920917,2502412,0
93.6276,39,93625078929,2502412,0
93.6277,33,93627626935,73000,1
93.6329,39,93632793947,73000,1
93.6431,39,93642993971,73000,1
93.6482,32,93648133983,73000,1
93.6532,37,93650743989,2502412,0
93.6664,33,93666334431,73000,1
93.6666,37,93666503431,73000,1
93.6843,33,93681826467,2502412,0
93.6894,33,93686886479,2502412,0
93.692,37,93691955491,73000,1
93.6972,34,93697104503,73000,1
93.6972,33,93697175503,73000,1
93.7025,39,93699963509,2502412,0
93.7102,39,93710137533,73000,1
93.7127,32,93710226533,2502412,0
93.7128,33,93712756539,73000,1
93.7283,33,93725835569,2502412,0
93.7285,32,93728436575,73000,1
93.7312,39,93731126581,73000,1
93.7313,33,93731197581,73000,1
93.7313,37,93731197581,73000,1
93.7388,32,93736337593,2502412,0
93.7492,32,93749121623,73000,1
93.7544,32,93754332635,73000,1
93.7648,37,93762306059,2502412,0
93.7649,33,93764836065,73000,1
93.765,32,93764907065,73000,1
93.7702,37,93770127077,73000,1
93.7702,33,93770127077,73000,1
93.7728,37,93770287077,2502412,0
93.7731,37,93772977083,73000,1
93.7984,39,93795899137,2502412,0
93.8061,32,93803560155,2502412,0
93.8087,37,93808656167,73000,1
93.8163,39,93813805179,2502412,0
93.8217,32,93819187191,2502412,0
93.8218,39,93821717197,73000,1
93.8294,32,93826928209,2502412,0
93.8321,37,93831988221,73000,1
93.8346,38,93832059221,2502412,0
93.8371,38,93834588633,2502412,0
93.8447,39,93842196651,2502412,0
93.8473,38,93844806657,2502412,0
93.8498,32,93847336663,2502412,0
93.8524,39,93849866669,2502412,0
93.8525,38,93852396675,73000,1
93.8577,39,93857669687,73000,1
93.8602,38,93857740687,2502412,0
93.8632,32,93863140105,73000,1
93.8733,38,93870846123,2502412,0
93.8761,39,93875977135,73000,1
93.8761,38,93876048135,73000,1
93.8761,32,93876048135,73000,1
93.8812,33,93878685141,2502412,0
93.8813,33,93881214553,73000,1
93.8865,39,93886462159,73000,1
93.8865,38,93886462159,73000,1
93.8866,34,93886542159,73000,1
93.8993,33,93896832183,2502412,0
93.9044,37,93901910195,2502412,0
93.9045,37,93904466607,73000,1
93.907,33,93904538201,2502412,0
93.9148,37,93914738225,73000,1
93.915,32,93914907225,73000,1
93.9175,33,93914978225,2502412,0
93.9255,33,93925420249,73000,1
93.9485,38,93948475303,73000,1
93.9486,37,93948564303,73000,1
93.9487,33,93948644303,73000,1
93.9563,39,93953784315,2502412,0
93.9614,33,93958942327,2502412,0
93.9769,39,93974443769,2502412,0
93.9795,33,93976973775,2502412,0
93.982,35,93979503781,2502412,0
93.9847,33,93984581793,73000,1
93.9847,37,93984581793,73000,1
93.9897,39,93987191799,2502412,0
93.9923,39,93992269811,73000,1
93.9923,35,93992269811,73000,1
93.9949,38,93992411811,2502412,0
94,38,93997471823,2502412,0
94.0054,38,94005283841,73000,1
94.0156,32,94015501865,73000,1
94.0156,33,94015501865,73000,1
94.0206,35,94018102871,2502412,0
94.0232,35,94020668283,2502412,0
94.0287,39,94026191701,2502412,0
94.0338,39,94031260713,2502412,0
94.0363,38,94033790719,2502412,0
94.0441,35,94043981743,73000,1
94.0491,39,94046609749,2502412,0
94.0542,38,94051669761,2502412,0
94.0593,38,94056756773,2502412,0
94.0618,35,94059286779,2502412,0
94.0643,39,94061816785,2502412,0
94.0673,39,94067207203,73000,1
94.0724,38,94069915209,2502412,0
94.0725,35,94072454215,73000,1
94.0726,33,94072525215,73000,1
94.0727,39,94072605215,73000,1
94.0727,38,94072676215,73000,1
94.0805,38,94078039227,2502412,0
94.0806,39,94080569233,73000,1
94.0832,35,94080658233,2502412,0
94.0908,35,94088328251,2502412,0
94.0935,38,94093388263,73000,1
94.0961,36,94096034269,73000,1
94.0962,33,94096114269,73000,1
94.0988,35,94096274269,2502412,0
94.1039,36,94101352281,2502412,0
94.1064,37,94103900287,2502412,0
94.109,37,94108960299,73000,1
94.109,36,94108960299,73000,1
94.1116,35,94109067299,2502412,0
94.1142,38,94114136311,73000,1
94.1249,35,94124779003,73000,1
94.1249,37,94124779003,73000,1
94.1402,36,94137687033,2502412,0
94.1427,35,94140217039,2502412,0
94.1429,35,94142818045,73000,1
94.143,36,94142898045,73000,1
94.1636,35,94163503093,73000,1
94.1663,37,94166193099,73000,1
94.1688,38,94166264099,2502412,0
94.1689,36,94168803105,73000,1
94.169,39,94168945105,73000,1
94.169,37,94168945105,73000,1
94.1744,38,94171876517,2502412,0
94.1746,36,94174477523,73000,1
94.1824,38,94179866535,2502412,0
94.1875,32,94185024547,2502412,0
94.1952,38,94192703565,2502412,0
94.1953,38,94195241977,73000,1
94.1953,34,94195242571,73000,1
94.198,32,94197923577,73000,1
94.198,35,94197923577,73000,1
94.2108,38,94208274601,2502412,0
94.2135,32,94213405613,73000,1
94.2161,38,94213547613,2502412,0
94.2213,36,94221235631,73000,1
94.2238,32,94221306631,2502412,0
94.229,35,94226455643,2502412,0
94.2344,38,94234358067,73000,1
94.237,38,94236959073,73000,1
94.2395,35,94237030073,2502412,0
94.2422,32,94242099085,73000,1
94.2497,33,94247239097,2502412,0
94.2524,35,94252335109,73000,1
94.2527,33,94252584109,73000,1
94.2527,32,94252673109,73000,1
94.2809,35,94278446575,2502412,0
94.2886,33,94286072593,2502412,0
94.2911,37,94288620599,2502412,0
94.2938,37,94293689611,73000,1
94.2938,35,94293689611,73000,1
94.2963,33,94293778611,2502412,0
94.2988,38,94296308617,2502412,0
94.3015,38,94301466629,73000,1
94.3015,37,94301466629,73000,1
94.3067,33,94306615641,73000,1
94.317,32,94314454659,2502412,0
94.3171,37,94316984665,73000,1
94.3171,35,94317064665,73000,1
94.3198,33,94319736671,73000,1
94.3198,38,94319736671,73000,1
94.3199,32,94319816671,73000,1
94.3457,33,94343211725,2502412,0
94.3482,32,94345741731,2502412,0
94.3535,32,94350961743,2502412,0
94.3536,32,94353509155,73000,1
94.3536,33,94353509749,73000,1
94.3536,38,94353509749,73000,1
94.3614,33,94361286767,73000,1
94.3664,35,94363905773,2502412,0
94.3665,35,94366435185,73000,1
94.3667,36,94366613779,73000,1
94.3848,32,94382346221,2502412,0
94.3902,32,94390096239,73000,1
94.3902,35,94390096239,73000,1
94.3978,36,94395263251,2502412,0
94.4003,35,94397793257,2502412,0
94.4029,35,94400394263,2502412,0
94.4156,36,94413062293,2502412,0
94.4259,35,94425810323,73000,1
94.4259,39,94425810323,73000,1
94.426,36,94425881323,73000,1
94.426,33,94425961323,73000,1
94.4285,32,94426032323,2502412,0
94.4286,35,94428562329,73000,1
94.4365,32,94434033341,2502412,0
94.4367,32,94436643347,73000,1
94.4367,37,94436643347,73000,1
94.4444,36,94441943359,2502412,0
94.4445,35,94444473365,73000,1
94.447,32,94444544365,2502412,0
94.4549,32,94452365383,2502412,0
94.4575,36,94457425395,73000,1
94.46,38,94457505395,2502412,0
94.4601,38,94460034807,73000,1
94.4626,32,94460115401,2502412,0
94.4653,32,94465202413,73000,1
94.481,32,94478467849,2502412,0
94.4811,33,94481006855,73000,1
94.4811,38,94481006855,73000,1
94.4812,36,94481157855,73000,1
94.4837,32,94481246855,2502412,0
94.4889,32,94488863873,73000,1
94.5017,32,94499214897,2502412,0
94.5043,37,94501824903,2502412,0
94.5122,37,94512104927,73000,1
94.5172,32,94514705933,2502412,0
94.5273,38,94524843957,2502412,0
94.5403,32,94537842987,2502412,0
94.548,32,94547963011,73000,1
94.548,38,94547963011,73000,1
94.5481,37,94548034011,73000,1
94.5558,36,94553290023,2502412,0
94.5583,38,94555820029,2502412,0
94.5635,36,94560969041,2502412,0
94.5661,38,94566038053,73000,1
94.5712,35,94568737059,2502412,0
94.5713,32,94571276065,73000,1
94.5766,38,94576478077,73000,1
94.5766,36,94576549077,73000,1
94.5822,35,94582081495,73000,1
94.5873,37,94587266507,73000,1
94.5975,32,94594954525,2502412,0
94.6102,36,94607649555,2502412,0
94.6127,32,94610188561,2502412,0
94.6152,35,94612718567,2502412,0
94.6254,37,94622865591,2502412,0
94.6255,36,94625395597,73000,1
94.628,35,94625466597,2502412,0
94.6305,32,94628005603,2502412,0
94.6307,32,94630624609,73000,1
94.6333,35,94633243615,73000,1
94.6333,38,94633243615,73000,1
94.6358,37,94633314615,2502412,0
94.6465,36,94643996639,2502412,0
94.6491,37,94649056651,73000,1
94.6542,35,94651728657,2502412,0
94.6595,32,94659389675,73000,1
94.6645,36,94662008681,2502412,0
94.6646,37,94664538687,73000,1
94.6673,35,94664760687,2502412,0
94.6698,36,94667290693,2502412,0
94.6723,33,94669820699,2502412,0
94.6724,33,94672350111,73000,1
94.6801,36,94680020723,73000,1
94.6801,35,94680020723,73000,1
94.6855,38,94682979135,2502412,0
94.6907,37,94690578153,73000,1
94.6907,33,94690578153,73000,1
94.6908,38,94690703153,73000,1
94.6908,36,94690703153,73000,1
94.7009,37,94698409171,2502412,0
94.701,37,94700938583,73000,1
94.7011,33,94701010177,73000,1
94.7062,35,94706150189,73000,1
94.7114,32,94711317201,73000,1
94.7166,37,94716537213,73000,1
94.7192,36,94719147219,73000,1
94.7244,38,94724287231,73000,1
94.7426,33,94740101267,2502412,0
94.7452,33,94742720273,2502412,0
94.7453,33,94745267685,73000,1
94.7479,37,94745348279,2502412,0
94.7504,37,94747877691,2502412,0
94.7505,37,94750407103,73000,1
94.7505,35,94750407697,73000,1
94.7556,32,94755565709,73000,1
94.7581,37,94755645709,2502412,0
94.7761,37,94776072757,73000,1
94.7762,33,94776170757,73000,1
94.7789,38,94778789763,73000,1
94.7869,36,94786781187,73000,1
94.792,33,94791948199,73000,1
94.7973,37,94797204211,73000,1
94.8023,35,94799832217,2502412,0
94.8049,35,94802361629,2502412,0
94.8153,32,94812748653,2502412,0
94.8178,35,94815278659,2502412,0
94.8305,32,94828017689,2502412,0
94.8357,35,94835625707,73000,1
94.8408,35,94838297713,2502412,0
94.8409,38,94840827719,73000,1
94.8434,32,94840898719,2502412,0
94.8514,32,94848881143,2502412,0
94.859,37,94856489161,2502412,0
94.8591,35,94859019167,73000,1
94.8592,32,94859090167,73000,1
94.8668,32,94864319179,2502412,0
94.8694,37,94866858185,2502412,0
94.8745,32,94874457203,73000,1
94.8746,35,94874528203,73000,1
94.8848,32,94884737227,73000,1
94.8873,37,94884835227,2502412,0
94.8879,32,94887829233,73000,1
94.9006,37,94898118257,2502412,0
94.9033,39,94903196269,73000,1
94.9033,34,94903267269,73000,1
94.9109,33,94908416281,2502412,0
94.9136,33,94913556293,73000,1
94.9136,35,94913556293,73000,1
94.9137,37,94913627293,73000,1
94.9187,37,94916228299,2502412,0
94.9213,34,94918785305,2502412,0
94.9265,34,94926384323,73000,1
94.9341,37,94931622335,2502412,0
94.9368,33,94936700347,73000,1
94.9393,37,94936771347,2502412,0
94.9418,33,94939301353,2502412,0
94.9474,32,94944861365,2502412,0
94.9475,33,94947400371,73000,1
94.9475,38,94947400371,73000,1
94.9476,37,94947480371,73000,1
94.9501,32,94947551371,2502412,0
94.9503,37,94950223377,73000,1
94.9504,33,94950294377,73000,1
94.9505,32,94950445377,73000,1
94.9505,34,94950445377,73000,1
94.9531,36,94950605377,2502412,0
94.9659,36,94965839413,73000,1
94.9685,32,94968458419,73000,1
94.9686,38,94968529419,73000,1
94.9687,34,94968618419,73000,1
94.9738,36,94971326425,2502412,0
94.9739,37,94973856431,73000,1
94.9817,33,94981642449,73000,1
94.9869,36,94986782461,73000,1
94.9898,32,94989713873,73000,1
94.9898,35,94989713873,73000,1
95.0052,32,95002675903,2502412,0
95.0104,36,95010363921,73000,1
95.0129,32,95010434921,2502412,0
95.0155,32,95013035927,2502412,0
95.0157,33,95015645933,73000,1
95.0234,32,95020874945,2502412,0
95.0284,32,95025943957,2502412,0
95.0285,32,95028473369,73000,1
95.0364,36,95036347981,73000,1
95.0468,33,95044319999,2502412,0
95.0522,33,95049692417,2502412,0
95.0574,32,95057371435,73000,1
95.0599,34,95057442435,2502412,0
95.0626,34,95062520447,73000,1
95.0651,33,95062591447,2502412,0
95.0728,33,95070288465,2502412,0
95.0753,36,95072818471,2502412,0
95.0755,36,95075419477,73000,1
95.0756,37,95075508477,73000,1
95.0757,33,95075588477,73000,1
95.0808,34,95080728489,73000,1
95.0909,34,95088407507,2502412,0
95.0964,36,95096319525,73000,1
95.0965,34,95096470525,73000,1
95.0965,32,95096470525,73000,1
95.0966,33,95096550525,73000,1
95.1018,36,95099329531,2502412,0
95.1095,32,95109458555,73000,1
95.1146,36,95112095561,2502412,0
95.1148,34,95114696567,73000,1
95.1274,36,95124923591,2502412,0
95.13,36,95127453003,2502412,0
95.135,34,95132540015,2502412,0
95.1351,36,95135070021,73000,1
95.1378,36,95137680027,73000,1
95.1378,33,95137680027,73000,1
95.1403,34,95137760027,2502412,0
95.1456,35,95145528045,73000,1
95.1457,34,95145608045,73000,1
95.1566,34,95156522069,73000,1
95.1823,36,95179755123,2502412,0
95.1848,36,95182284535,2502412,0
95.1874,36,95184912541,2502412,0
95.1927,34,95190221553,2502412,0
95.1957,36,95195664971,73000,1
95.2036,34,95203530989,73000,1
95.2036,36,95203530989,73000,1
95.2189,35,95216359019,2502412,0
95.2291,36,95229027049,73000,1
95.2392,35,95236724067,2502412,0
95.2418,35,95239262479,2502412,0
95.2443,33,95241792485,2502412,0
95.2468,34,95244322491,2502412,0
95.2495,35,95249382503,73000,1
95.252,33,95249453503,2502412,0
95.26,34,95259974933,73000,1
95.2602,37,95260125933,73000,1
95.2603,33,95260214933,73000,1
95.2706,35,95268053951,2502412,0
95.2735,35,95273433963,73000,1
95.2761,34,95276034969,73000,1
95.2788,33,95278733975,73000,1
95.2789,32,95278804975,73000,1
95.2839,35,95281414981,2502412,0
95.2942,35,95291669005,2502412,0
95.2972,38,95297130423,73000,1
95.2972,34,95297130423,73000,1
95.3074,35,95304862441,2502412,0
95.3075,35,95307400853,73000,1
95.3101,33,95307588447,2502412,0
95.3177,33,95315187465,2502412,0
95.3228,33,95320283477,2502412,0
95.3281,33,95327980495,73000,1
95.3281,35,95328060495,73000,1
95.331,36,95330937501,73000,1
95.331,34,95330937501,73000,1
95.3489,33,95346393537,2502412,0
95.3568,33,95354341555,2502412,0
95.3595,35,95359472567,73000,1
95.3647,35,95362198573,2502412,0
95.3672,33,95364737579,2502412,0
95.3698,33,95367266991,2502412,0
95.3776,35,95377556015,73000,1
95.3829,33,95382838027,73000,1
95.3879,33,95385439033,2502412,0
95.3907,37,95390641045,73000,1
95.3984,33,95395861057,2502412,0
95.4039,33,95403836075,73000,1
95.4065,35,95406464081,73000,1
95.4066,33,95406535081,73000,1
95.422,35,95421929117,73000,1
95.4247,33,95422151117,2502412,0
95.43,33,95429954135,73000,1
95.4327,33,95432626141,73000,1
95.4404,33,95440376159,73000,1
95.4867,33,95484172261,2502412,0
95.4945,35,95494443285,73000,1
95.497,33,95494514285,2502412,0
95.5075,33,95504964715,2502412,0
95.5227,33,95520216751,2502412,0
95.5431,33,95540572799,2502412,0
95.5482,33,95548162817,73000,1
95.5483,36,95548233817,73000,1
95.5614,33,95561365847,73000,1
95.5693,34,95569240865,73000,1
95.582,33,95579503889,2502412,0
95.5821,33,95582042301,73000,1
95.5873,33,95587262907,73000,1
95.5899,35,95589863913,73000,1
95.6135,33,95611003367,2502412,0
95.6212,33,95618700385,2502412,0
95.6263,33,95623760397,2502412,0
95.6316,33,95631493415,73000,1
95.6316,32,95631573415,73000,1
95.6394,33,95636864427,2502412,0
95.6445,33,95642004439,2502412,0
95.6548,33,95654770469,73000,1
95.6785,33,95678449523,73000,1
95.6943,39,95694198559,73000,1
95.7127,36,95712649007,73000,1
95.718,33,95717931019,73000,1
95.7387,38,95738642067,73000,1
95.7514,38,95748940091,2502412,0
95.7642,38,95761741121,2502412,0
95.7747,38,95772182551,2502412,0
95.7826,38,95782516575,73000,1
95.7981,38,95798008611,73000,1
95.8032,33,95800698617,2502412,0
95.8162,33,95813688053,2502412,0
95.8165,38,95816467059,73000,1
95.8267,33,95824199077,2502412,0
95.8294,33,95829348089,73000,1
95.8498,38,95849775137,73000,1
95.8498,33,95849775137,73000,1
95.8965,35,95893980239,2502412,0
95.8991,33,95899067251,73000,1
95.9019,35,95901819257,73000,1
95.9355,35,95933007735,2502412,0
95.9434,35,95943314759,73000,1
95.9636,35,95961131801,2502412,0
95.9664,35,95966289813,73000,1
95.9799,35,95977425837,2502412,0
95.9826,35,95982565849,73000,1
95.9852,35,95985175855,73000,1
96.0056,35,96005522903,73000,1
96.0107,33,96008212909,2502412,0
96.0108,33,96010760321,73000,1
96.0109,37,96010840915,73000,1
96.019,38,96016480333,2502412,0
96.0215,33,96019010339,2502412,0
96.0293,33,96029219363,73000,1
96.0319,33,96031820369,73000,1
96.032,38,96031891369,73000,1
96.0424,34,96042296393,73000,1
96.0578,38,96057761429,73000,1
96.0867,33,96086642495,73000,1
96.0918,38,96089323501,2502412,0
96.0944,38,96091879913,2502412,0
96.1021,38,96099576931,2502412,0
96.1122,38,96109714955,2502412,0
96.1176,38,96115087373,2502412,0
96.1253,38,96125207397,73000,1
96.1254,35,96125296397,73000,1
96.1304,38,96127906403,2502412,0
96.1433,38,96143255439,73000,1
96.174,38,96171476505,2502412,0
96.1846,38,96182078935,2502412,0
96.1872,38,96187138947,73000,1
96.1974,37,96197374971,73000,1
96.2025,38,96199984977,2502412,0
96.2026,35,96202514983,73000,1
96.2052,33,96202674983,2502412,0
96.2053,38,96205204989,73000,1
96.2053,37,96205204989,73000,1
96.2106,38,96210514001,73000,1
96.2157,33,96213204007,2502412,0
96.2312,33,96228714449,2502412,0
96.2338,37,96231315455,2502412,0
96.2416,33,96241480479,73000,1
96.2441,37,96241551479,2502412,0
96.2467,33,96246638491,73000,1
96.2568,37,96254326509,2502412,0
96.2569,37,96256864921,73000,1
96.2779,38,96277810563,73000,1
96.2804,37,96277881563,2502412,0
96.2855,32,96283030575,2502412,0
96.2908,37,96290683593,73000,1
96.2908,33,96290683593,73000,1
96.2933,35,96290825593,2502412,0
96.2934,32,96293364599,73000,1
96.2985,35,96295965605,2502412,0
96.3088,35,96306325629,2502412,0
96.3116,35,96311554641,73000,1
96.3168,37,96316774653,73000,1
96.3169,35,96316845653,73000,1
96.3225,32,96322431671,73000,1
96.3251,37,96325050677,73000,1
96.3455,33,96342947719,2502412,0
96.3531,35,96350564737,2502412,0
96.3533,33,96353201743,73000,1
96.3559,33,96355802749,73000,1
96.3584,35,96355882749,2502412,0
96.3636,35,96363561767,73000,1
96.3637,32,96363641767,73000,1
96.3921,35,96389610827,2502412,0
96.3997,32,96397209845,2502412,0
96.3998,32,96399739257,73000,1
96.3998,38,96399739851,73000,1
96.3998,33,96399739851,73000,1
96.3999,35,96399837851,73000,1
96.4051,37,96405075863,73000,1
96.4051,32,96405075863,73000,1
96.4259,35,96425789317,73000,1
96.4438,32,96443704359,73000,1
96.4465,39,96446412365,73000,1
96.4492,39,96449111371,73000,1
96.4518,39,96451712377,73000,1
96.4648,35,96464682407,73000,1
96.4854,33,96482910449,2502412,0
96.4879,32,96485440455,2502412,0
96.4956,32,96493110473,2502412,0
96.5034,32,96503337497,73000,1
96.5034,33,96503337497,73000,1
96.506,33,96503497497,2502412,0
96.5087,33,96508584509,73000,1
96.5189,39,96518855533,73000,1
96.519,33,96518926533,73000,1
96.5241,32,96524066545,73000,1
96.5266,35,96524137545,2502412,0
96.5346,35,96532129563,2502412,0
96.5473,32,96544815593,2502412,0
96.5525,35,96552423611,73000,1
96.5525,36,96552423611,73000,1
96.5527,35,96552592611,73000,1
96.5577,32,96555193617,2502412,0
96.5628,32,96560262629,2502412,0
96.568,37,96567950647,73000,1
96.5731,32,96570569653,2502412,0
96.5732,33,96573108659,73000,1
96.5733,32,96573179659,73000,1
96.5784,35,96578337671,73000,1
96.581,32,96580947677,73000,1
96.5836,39,96581089677,2502412,0
96.5891,39,96589010101,73000,1
96.5891,38,96589010101,73000,1
96.5968,39,96594248113,2502412,0
96.5993,36,96596787119,2502412,0
96.6044,36,96601927131,2502412,0
96.6095,39,96607005143,2502412,0
96.6147,36,96614613161,73000,1
96.6224,39,96622310179,73000,1
96.6331,39,96633071609,73000,1
96.6332,36,96633151609,73000,1
96.6334,33,96633293609,73000,1
96.6436,32,96643511633,73000,1
96.6462,37,96646112639,73000,1
96.6614,35,96658878669,2502412,0
96.6742,35,96671662699,2502412,0
96.6768,39,96674263705,2502412,0
96.6794,36,96676873711,2502412,0
96.6819,36,96679412123,2502412,0
96.6849,39,96684785135,73000,1
96.6849,35,96684856135,73000,1
96.6901,36,96690005147,73000,1
96.6953,39,96695216159,73000,1
96.7004,36,96697906165,2502412,0
96.703,36,96702966177,73000,1
96.703,35,96702966177,73000,1
96.7107,39,96710645195,73000,1
96.7134,36,96713335201,73000,1
96.7211,36,96721068219,73000,1
96.7238,35,96723687225,73000,1
96.7367,32,96734208655,2502412,0
96.7419,32,96739348667,2502412,0
96.747,32,96744533679,2502412,0
96.7598,32,96757290709,2502412,0
96.7649,32,96762404721,2502412,0
96.7727,39,96772613745,73000,1
96.7753,32,96772773745,2502412,0
96.7755,32,96775383751,73000,1
96.7886,35,96788551781,73000,1
96.7964,32,96793905793,2502412,0
96.7965,32,96796435205,73000,1
96.7991,34,96796586799,2502412,0
96.8041,34,96801646811,2502412,0
96.8068,36,96804265817,2502412,0
96.8093,34,96806795823,2502412,0
96.8119,36,96809414829,2502412,0
96.8122,33,96812086835,73000,1
96.8173,34,96817253847,73000,1
96.8175,36,96817404847,73000,1
96.8201,32,96817564847,2502412,0
96.8203,36,96820183853,73000,1
96.8254,32,96822944859,2502412,0
96.828,32,96825474271,2502412,0
96.8463,34,96843789719,2502412,0
96.8464,32,96846346725,73000,1
96.8516,34,96851522737,73000,1
96.8643,32,96861820761,2502412,0
96.8644,32,96864350173,73000,1
96.8771,34,96874621791,2502412,0
96.8774,38,96877311797,73000,1
96.8774,32,96877311797,73000,1
96.8799,36,96877382797,2502412,0
96.885,36,96882451809,2502412,0
96.8851,34,96884981815,73000,1
96.8906,34,96890496827,73000,1
96.8932,32,96890709827,2502412,0
96.8934,32,96893310833,73000,1
96.896,36,96893452833,2502412,0
96.8986,36,96898512845,73000,1
96.9165,32,96914003881,2502412,0
96.9166,39,96916542887,73000,1
96.9293,36,96926760911,2502412,0
96.9294,32,96929299917,73000,1
96.9372,36,96934743335,2502412,0
96.9426,36,96942485353,73000,1
96.9477,34,96945157359,2502412,0
96.9503,34,96947829365,2502412,0
96.9557,32,96955606383,73000,1
96.9609,34,96960826395,73000,1
96.9786,36,96976113431,2502412,0
96.9813,36,96981191443,73000,1
96.9813,34,96981191443,73000,1
96.9943,36,96994261473,73000,1
97.0046,36,97002074491,2502412,0
97.0123,36,97012230515,73000,1
97.0149,32,97014849521,73000,1
97.015,36,97014920521,73000,1
97.0229,34,97022804539,73000,1
97.0254,36,97022875539,2502412,0
97.0331,36,97033004563,73000,1
97.0331,35,97033004563,73000,1
97.0514,36,97048854005,2502412,0
97.0644,36,97064372041,73000,1
97.0672,32,97067160047,73000,1
97.0673,33,97067240047,73000,1
97.0827,36,97082607083,73000,1
97.0961,34,97096051113,73000,1
97.1016,38,97101520125,73000,1
97.1224,36,97122374173,73000,1
97.1696,36,97169551687,73000,1
97.2189,38,97216392795,2502412,0
97.2267,32,97226592819,73000,1
97.2317,38,97229202825,2502412,0
97.2394,34,97236872843,2502412,0
97.2473,38,97244784267,2502412,0
97.2498,34,97247314273,2502412,0
97.2524,38,97249915279,2502412,0
97.2629,38,97262796309,73000,1
97.2629,34,97262876309,73000,1
97.2658,34,97265744315,73000,1
97.2659,38,97265815315,73000,1
97.2813,35,97278803345,2502412,0
97.2839,35,97283863357,73000,1
97.2839,38,97283863357,73000,1
97.2996,38,97299508393,73000,1
97.3149,35,97312381423,2502412,0
97.3176,32,97317477435,73000,1
97.3229,35,97322786447,73000,1
97.3229,34,97322786447,73000,1
97.3408,34,97340683489,73000,1
97.3512,35,97348674913,2502412,0
97.3537,36,97351213919,2502412,0
97.3564,36,97356282931,73000,1
97.3641,35,97361600943,2502412,0
97.3667,39,97366660955,73000,1
97.3669,36,97366820955,73000,1
97.372,35,97371960967,73000,1
97.3749,36,97374854973,73000,1
97.3856,35,97385570997,73000,1
97.4168,36,97414320063,2502412,0
97.422,35,97419522075,2502412,0
97.4247,36,97424582087,73000,1
97.43,35,97429900099,73000,1
97.4377,35,97435218111,2502412,0
97.4402,35,97437747523,2502412,0
97.4404,36,97440277529,73000,1
97.4512,37,97451082959,73000,1
97.4512,38,97451082959,73000,1
97.4512,35,97451162959,73000,1
97.4591,34,97458992977,73000,1
97.4669,35,97466822995,73000,1
97.4722,38,97469735001,2502412,0
97.4775,38,97477476019,73000,1
97.4775,35,97477476019,73000,1
97.4903,36,97490215049,73000,1
97.4903,38,97490215049,73000,1
97.5087,32,97508612091,73000,1
97.5112,35,97508683091,2502412,0
97.5139,38,97513788103,73000,1
97.5189,35,97516389109,2502412,0
97.5242,38,97524086127,73000,1
97.5243,39,97524228127,73000,1
97.5295,35,97529386139,73000,1
97.5656,35,97565519629,73000,1
97.5964,36,97596343701,73000,1
97.607,35,97606892725,73000,1
97.6173,33,97617199749,73000,1
97.7153,35,97712762377,2502412,0
97.7256,35,97725555407,73000,1
97.7361,35,97735977431,73000,1
97.739,35,97736457431,2502412,0
97.7597,35,97757187885,2502412,0
97.7724,38,97769855915,2502412,0
97.7725,38,97772474921,73000,1
97.7725,35,97772474921,73000,1
97.7854,36,97785355951,73000,1
97.7933,35,97793203969,73000,1
97.7984,38,97795875975,2502412,0
97.8009,38,97798405387,2502412,0
97.8191,38,97816624429,2502412,0
97.8267,32,97824223447,2502412,0
97.8318,38,97829301459,2502412,0
97.8319,38,97831848871,73000,1
97.8319,32,97831849465,73000,1
97.8395,35,97837007477,2502412,0
97.8397,35,97839617483,73000,1
97.8474,32,97847376501,73000,1
97.8528,38,97852738513,73000,1
97.8708,32,97868337955,2502412,0
97.881,35,97878537979,2502412,0
97.8837,32,97883615991,73000,1
97.8838,35,97883740991,73000,1
97.8864,35,97886368997,73000,1
97.8866,38,97886510997,73000,1
97.9047,32,97904666039,73000,1
97.915,35,97912532057,2502412,0
97.9179,34,97915374469,2502412,0
97.923,34,97920514481,2502412,0
97.9257,35,97925583493,73000,1
97.9309,34,97930866505,73000,1
97.9335,34,97931026505,2502412,0
97.9388,35,97938767523,73000,1
97.9389,34,97938847523,73000,1
97.9441,34,97941599529,2502412,0
97.9466,32,97944138535,2502412,0
97.9492,34,97946668541,2502412,0
97.9518,35,97949269547,2502412,0
97.9519,34,97951799553,73000,1
97.957,34,97954489559,2502412,0
97.9571,32,97957019565,73000,1
97.9572,34,97957108565,73000,1
97.9573,38,97957179565,73000,1
97.9627,35,97960181977,2502412,0
97.9703,35,97967789995,2502412,0
97.9755,34,97975380013,73000,1
97.9833,32,97983228031,73000,1
97.9858,35,97983299031,2502412,0
97.9937,35,97991218049,2502412,0
97.9988,35,97996287061,2502412,0
98.0014,34,97998888067,2502412,0
98.0042,35,98001658073,2502412,0
98.017,34,98014459103,2502412,0
98.0198,35,98017301515,2502412,0
98.0274,32,98024909533,2502412,0
98.0275,34,98027439539,73000,1
98.0352,38,98035127557,73000,1
98.0377,35,98035198557,2502412,0
98.0379,35,98037799563,73000,1
98.0405,32,98040400569,73000,1
98.0609,34,98058360611,2502412,0
98.0638,34,98063760623,73000,1
98.0638,35,98063760623,73000,1
98.0638,32,98063760623,73000,1
98.0665,36,98066468629,73000,1
98.0743,32,98071804641,2502412,0
98.0795,32,98079430659,73000,1
98.0821,34,98082049665,73000,1
98.1001,35,98100026707,73000,1
98.1078,32,98107705725,73000,1
98.1209,32,98120784755,73000,1
98.1363,34,98136187791,73000,1
98.1466,35,98144124809,2502412,0
98.157,35,98156890839,73000,1
98.1906,32,98188115317,2502412,0
98.1907,35,98190645323,73000,1
98.201,39,98198493341,2502412,0
98.2011,39,98201022753,73000,1
98.2012,32,98201112347,73000,1
98.2013,34,98201192347,73000,1
98.2039,37,98201414347,2502412,0
98.204,35,98203944353,73000,1
98.2169,37,98216852383,73000,1
98.2169,36,98216852383,73000,1
98.217,39,98216923383,73000,1
98.2226,32,98222527395,73000,1
98.2226,39,98222527395,73000,1
98.2254,38,98225315401,73000,1
98.233,37,98230526413,2502412,0
98.2382,37,98238134431,73000,1
98.2383,35,98238223431,73000,1
98.2384,32,98238365431,73000,1
98.2466,36,98246506449,73000,1
98.2467,37,98246666449,73000,1
98.2468,36,98246746449,73000,1
98.2495,36,98249427455,73000,1
98.2806,37,98278077927,2502412,0
98.2885,37,98288455951,73000,1
98.2886,39,98288526951,73000,1
98.304,37,98303884987,73000,1
98.304,36,98303884987,73000,1
98.3247,32,98322218029,2502412,0
98.3252,32,98325140441,73000,1
98.3407,37,98340605477,73000,1
98.3509,32,98350814501,73000,1
98.351,36,98350903501,73000,1
98.3614,39,98361290525,73000,1
98.3719,35,98369441949,2502412,0
98.3796,34,98377102967,2502412,0
98.3872,35,98384710985,2502412,0
98.3873,35,98387258397,73000,1
98.3901,35,98390028997,73000,1
98.3926,34,98390099997,2502412,0
98.3978,34,98397717015,73000,1
98.4105,37,98410447045,73000,1
98.4106,32,98410518045,73000,1
98.4131,35,98410589045,2502412,0
98.4211,34,98418588063,2502412,0
98.4236,35,98421118069,2502412,0
98.4291,35,98426642081,2502412,0
98.4342,35,98431702093,2502412,0
98.4394,35,98439292111,73000,1
98.4394,34,98439292111,73000,1
98.442,34,98441893117,73000,1
98.4549,34,98454863147,73000,1
98.4574,37,98454943147,2502412,0
98.4627,37,98462613165,73000,1
98.4678,35,98465268171,2502412,0
98.4733,37,98473268595,73000,1
98.4785,38,98478399607,73000,1
98.4785,34,98478470607,73000,1
98.481,35,98478541607,2502412,0
98.4938,35,98491263637,2502412,0
98.4989,35,98496394649,2502412,0
98.5014,32,98498933655,2502412,0
98.5018,35,98501703661,73000,1
98.5145,32,98511992685,2502412,0
98.5248,32,98524749715,73000,1
98.5273,33,98524820715,2502412,0
98.5303,33,98530229727,73000,1
98.5303,32,98530229727,73000,1
98.5304,35,98530300727,73000,1
98.5356,37,98535520739,73000,1
98.5357,32,98535591739,73000,1
98.5383,35,98538192745,73000,1
98.5511,33,98548615769,2502412,0
98.5638,36,98561265799,2502412,0
98.5639,36,98563795211,73000,1
98.5665,33,98566405811,73000,1
98.569,36,98566476811,2502412,0
98.5691,33,98569015817,73000,1
98.5691,37,98569015817,73000,1
98.5716,35,98569095817,2502412,0
98.5746,35,98574557235,73000,1
98.5746,32,98574557235,73000,1
98.5797,36,98577247241,2502412,0
98.5901,33,98589995271,73000,1
98.5951,36,98592596277,2502412,0
98.6053,36,98602796301,2502412,0
98.613,35,98612943325,73000,1
98.6157,36,98615642331,73000,1
98.6183,35,98618261337,73000,1
98.6311,37,98628586361,2502412,0
98.6339,34,98631437773,2502412,0
98.6365,36,98633967779,2502412,0
98.6391,37,98639027791,73000,1
98.6518,37,98649263815,2502412,0
98.6543,34,98651793821,2502412,0
98.6544,36,98654341827,73000,1
98.6545,34,98654421827,73000,1
98.6571,37,98654590827,2502412,0
98.6698,36,98667338857,2502412,0
98.6777,33,98675241281,2502412,0
98.6778,35,98677771287,73000,1
98.6829,37,98680372293,2502412,0
98.6854,33,98682902299,2502412,0
98.6905,37,98688042311,2502412,0
98.6906,36,98690572317,73000,1
98.6906,34,98690572317,73000,1
98.6933,37,98693182323,73000,1
98.6984,34,98698340335,73000,1
98.6985,33,98698411335,73000,1
98.7061,36,98703640347,2502412,0
98.7112,34,98708709359,2502412,0
98.7164,37,98716308377,73000,1
98.719,34,98716450377,2502412,0
98.7215,36,98718998383,2502412,0
98.7291,37,98726624401,2502412,0
98.7292,37,98729153813,73000,1
98.7318,34,98729305407,2502412,0
98.7372,36,98734678419,2502412,0
98.7397,33,98737208425,2502412,0
98.7424,33,98742295437,73000,1
98.7449,37,98742366437,2502412,0
98.7474,34,98744896443,2502412,0
98.7475,37,98747426449,73000,1
98.7525,33,98750045455,2502412,0
98.7552,34,98755114467,73000,1
98.7552,36,98755114467,73000,1
98.7603,33,98757813473,2502412,0
98.7629,35,98760423479,2502412,0
98.763,33,98762962485,73000,1
98.7656,37,98763104485,2502412,0
98.7683,37,98768244497,73000,1
98.7733,33,98770845503,2502412,0
98.7784,35,98775914515,2502412,0
98.7863,36,98783826533,2502412,0
98.7914,34,98788886545,2502412,0
98.7915,36,98791416551,73000,1
98.7915,35,98791416551,73000,1
98.794,34,98791496551,2502412,0
98.7942,33,98794097557,73000,1
98.7967,34,98794168557,2502412,0
98.7968,37,98796707563,73000,1
98.7993,35,98796778563,2502412,0
98.8044,35,98801856575,2502412,0
98.8119,34,98809446593,2502412,0
98.8121,35,98812074599,73000,1
98.8121,33,98812074599,73000,1
98.8148,34,98814755605,73000,1
98.8148,36,98814755605,73000,1
98.825,34,98822523623,2502412,0
98.8327,35,98830202641,2502412,0
98.8328,35,98832741053,73000,1
98.8328,34,98832741647,73000,1
98.8357,37,98835673653,73000,1
98.8383,34,98835771653,2502412,0
98.8408,34,98838301065,2502412,0
98.8434,35,98843361077,73000,1
98.8435,32,98843432077,73000,1
98.8435,33,98843432077,73000,1
98.8513,38,98848750089,2502412,0
98.8514,38,98851279501,73000,1
98.8539,34,98851360095,2502412,0
98.8564,39,98853890101,2502412,0
98.8666,34,98866567131,73000,1
98.8667,39,98866638131,73000,1
98.8692,35,98866709131,2502412,0
98.8743,35,98871778143,2502412,0
98.8848,36,98882299573,2502412,0
98.8849,35,98884829579,73000,1
98.885,34,98884900579,73000,1
98.8875,38,98884980579,2502412,0
98.8901,36,98890040591,73000,1
98.8901,33,98890040591,73000,1
98.8901,35,98890040591,73000,1
98.8927,39,98892668597,73000,1
98.8928,38,98892757597,73000,1
98.8953,33,98892846597,2502412,0
98.9029,37,98900436615,2502412,0
98.9056,33,98905496627,73000,1
98.9056,38,98905496627,73000,1
98.9081,34,98905567627,2502412,0
98.9083,34,98908186633,73000,1
98.9083,37,98908186633,73000,1
98.9133,35,98910796639,2502412,0
98.9184,35,98915865651,2502412,0
98.9185,35,98918404063,73000,1
98.9185,36,98918404657,73000,1
98.9235,34,98921014663,2502412,0
98.9261,35,98926074675,73000,1
98.9288,34,98928684681,73000,1
98.9314,37,98931303687,73000,1
98.9315,33,98931383687,73000,1
98.9365,38,98934011693,2502412,0
98.939,36,98936541699,2502412,0
98.942,36,98941923117,73000,1
98.9572,38,98954689147,2502412,0
98.9573,34,98957228153,73000,1
98.9649,33,98962386165,2502412,0
98.9674,39,98964916171,2502412,0
98.97,38,98967473177,2502412,0
98.9726,33,98972533189,73000,1
98.9726,36,98972533189,73000,1
98.9727,39,98972604189,73000,1
98.9728,36,98972720189,73000,1
98.9729,33,98972791189,73000,1
98.9729,35,98972862189,73000,1
98.9755,38,98972951189,2502412,0
98.9831,36,98980621207,2502412,0
98.986,38,98983473213,2502412,0
98.9887,37,98988622225,73000,1
98.9888,34,98988702225,73000,1
98.9913,36,98988773225,2502412,0
98.9914,38,98991303231,73000,1
98.9964,36,98993913237,2502412,0
98.999,38,98998973249,73000,1
98.999,39,98998973249,73000,1
99.0016,39,98999115249,2502412,0
99.0068,36,99004264261,2502412,0
99.012,39,99011899279,73000,1
99.017,38,99014509285,2502412,0
99.0197,36,99019587297,73000,1
99.0222,34,99019747297,2502412,0
99.0224,38,99022277303,73000,1
99.0249,34,99022348303,2502412,0
99.0275,33,99027417315,73000,1
99.0277,34,99027604315,73000,1
99.0277,35,99027604315,73000,1
99.0329,39,99032860327,73000,1
99.033,36,99032958327,73000,1
99.033,38,99032958327,73000,1
99.0381,34,99035568333,2502412,0
99.0406,34,99038097745,2502412,0
99.0485,36,99046000169,2502412,0
99.0586,34,99056147193,2502412,0
99.0663,36,99063844211,2502412,0
99.0691,36,99069020223,73000,1
99.0691,34,99069020223,73000,1
99.0767,33,99074169235,2502412,0
99.0793,39,99076797241,2502412,0
99.0794,39,99079326653,73000,1
99.0794,33,99079327247,73000,1
99.0821,38,99082026253,73000,1
99.0901,39,99087549671,2502412,0
99.0902,34,99090088677,73000,1
99.0952,36,99092707683,2502412,0
99.0953,39,99095246689,73000,1
99.0954,36,99095317689,73000,1
99.0979,34,99095388689,2502412,0
99.098,34,99097927101,73000,1
99.0981,37,99097998695,73000,1
99.1033,35,99103218707,73000,1
99.1033,33,99103218707,73000,1
99.1058,39,99103289707,2502412,0
99.1136,39,99113516731,73000,1
99.1188,34,99118736743,73000,1
99.1189,36,99118807743,73000,1
99.1267,39,99126593761,73000,1
99.1292,36,99126664761,2502412,0
99.1342,36,99131733773,2502412,0
99.1368,33,99134290779,2502412,0
99.142,36,99141880797,73000,1
99.1425,33,99142433803,73000,1
99.1425,36,99142433803,73000,1
99.1528,33,99150290821,2502412,0
99.1553,34,99152820827,2502412,0
99.158,34,99157898839,73000,1
99.158,33,99157898839,73000,1
99.1684,39,99168294863,73000,1
99.1736,33,99173514875,73000,1
99.1838,34,99181291893,2502412,0
99.1839,34,99183821305,73000,1
99.189,36,99186458905,2502412,0
99.1918,33,99189310911,2502412,0
99.1919,38,99191840917,73000,1
99.1996,36,99199510935,73000,1
99.2047,33,99202165941,2502412,0
99.2148,37,99212285965,2502412,0
99.2173,33,99214815971,2502412,0
99.2199,34,99217354977,2502412,0
99.22,37,99219920983,73000,1
99.2252,34,99225140995,73000,1
99.2278,33,99227742001,73000,1
99.228,36,99227884001,73000,1
99.2434,37,99240854031,2502412,0
99.2487,36,99246245043,2502412,0
99.2513,34,99248775049,2502412,0
99.2563,37,99253844061,2502412,0
99.2641,33,99263982085,73000,1
99.2666,36,99264071085,2502412,0
99.2716,34,99269131097,2502412,0
99.2743,36,99274262109,73000,1
99.2768,37,99274333109,2502412,0
99.2769,36,99276863115,73000,1
99.2796,34,99279482121,73000,1
99.2796,39,99279482121,73000,1
99.2821,37,99279553121,2502412,0
99.2871,36,99284622133,2502412,0
99.2952,36,99295081563,73000,1
99.2952,37,99295152563,73000,1
99.2978,37,99297753569,73000,1
99.3056,34,99305494587,73000,1
99.3081,37,99305565587,2502412,0
99.3082,32,99308095593,73000,1
99.3159,36,99315827611,73000,1
99.3235,37,99320967623,2502412,0
99.3311,37,99328593641,2502412,0
99.3337,34,99333662653,73000,1
99.3389,37,99338847665,73000,1
99.3441,33,99343978677,73000,1
99.3545,37,99352033695,2502412,0
99.3547,33,99354590701,73000,1
99.3572,36,99354688701,2502412,0
99.3597,37,99357218707,2502412,0
99.3649,37,99364808725,73000,1
99.3674,36,99364879725,2502412,0
99.3726,37,99372478743,73000,1
99.3853,36,99385253773,73000,1
99.3879,36,99387854779,73000,1
99.4086,39,99406145227,2502412,0
99.4113,39,99411205239,73000,1
99.4165,39,99413993245,2502412,0
99.4166,37,99416523251,73000,1
99.4192,39,99419142257,73000,1
99.432,38,99429458281,2502412,0
99.437,34,99434518293,2502412,0
99.4396,34,99437119299,2502412,0
99.4423,36,99442206311,73000,1
99.4424,38,99442286311,73000,1
99.4499,34,99447435323,2502412,0
99.4528,39,99450277735,2502412,0
99.4579,39,99457867753,73000,1
99.4604,37,99457938753,2502412,0
99.4606,36,99460477759,73000,1
99.4681,34,99465626771,2502412,0
99.4707,33,99468156777,2502412,0
99.4733,38,99473216789,73000,1
99.4758,34,99473296789,2502412,0
99.4759,33,99475826795,73000,1
99.4759,37,99475826795,73000,1
99.4784,34,99475915795,2502412,0
99.4785,35,99478445801,73000,1
99.4836,39,99481064807,2502412,0
99.4887,34,99488654825,73000,1
99.4993,38,99496806249,2502412,0
99.4994,39,99499345255,73000,1
99.4994,37,99499345255,73000,1
99.5019,34,99499416255,2502412,0
99.5123,38,99512217285,73000,1
99.5124,33,99512297285,73000,1
99.5174,34,99514907291,2502412,0
99.5175,39,99517455297,73000,1
99.5252,38,99522684309,2502412,0
99.5353,34,99532822333,2502412,0
99.5354,34,99535351745,73000,1
99.5354,38,99535352339,73000,1
99.5379,37,99535432339,2502412,0
99.538,38,99537971345,73000,1
99.5431,37,99540599351,2502412,0
99.5484,34,99548340369,73000,1
99.5564,37,99556332387,73000,1
99.5565,34,99556403387,73000,1
99.5617,34,99559155393,2502412,0
99.5642,38,99561685399,2502412,0
99.5692,33,99566745411,2502412,0
99.5693,34,99569275417,73000,1
99.572,38,99571885423,73000,1
99.5797,39,99579644441,73000,1
99.5798,33,99579733441,73000,1
99.5798,37,99579733441,73000,1
99.5799,34,99579831441,73000,1
99.5926,36,99590138465,2502412,0
99.5927,38,99592668471,73000,1
99.5953,33,99592748471,2502412,0
99.6006,34,99598129889,2502412,0
99.6032,36,99600659895,2502412,0
99.6057,34,99603189901,2502412,0
99.6058,34,99605737313,73000,1
99.6059,33,99605817907,73000,1
99.6085,36,99608454913,73000,1
99.6111,37,99611073919,73000,1
99.6111,36,99611073919,73000,1
99.6212,34,99618734937,2502412,0
99.6239,34,99623821949,73000,1
99.6267,34,99626600955,73000,1
99.6292,36,99626671955,2502412,0
99.6293,33,99629201961,73000,1
99.6319,39,99631820967,73000,1
99.6396,36,99639481985,73000,1
99.6422,36,99642091991,73000,1
99.6448,34,99644728997,73000,1
99.6474,38,99644879997,2502412,0
99.6552,38,99652693015,2502412,0
99.6556,36,99655535427,73000,1
99.6632,38,99660684439,2502412,0
99.6683,33,99665824451,2502412,0
99.671,33,99670884463,73000,1
99.6811,38,99678625481,2502412,0
99.6837,38,99681154893,2502412,0
99.6913,37,99688780911,2502412,0
99.6938,38,99691310917,2502412,0
99.6995,37,99699382341,73000,1
99.6995,38,99699453341,73000,1
99.7022,33,99702081347,73000,1
99.7099,33,99707363359,2502412,0
99.7124,33,99709919771,2502412,0
99.7201,37,99717607789,2502412,0
99.7226,33,99720137795,2502412,0
99.7227,37,99722667801,73000,1
99.7278,38,99725339807,2502412,0
99.7279,34,99727869813,73000,1
99.738,33,99735530831,2502412,0
99.7382,38,99738078837,73000,1
99.7407,37,99738149837,2502412,0
99.7408,33,99740679843,73000,1
99.7433,37,99740750843,2502412,0
99.751,37,99750950867,73000,1
99.7614,37,99758942885,2502412,0
99.764,33,99761535891,2502412,0
99.7641,37,99764065897,73000,1
99.7693,38,99769250909,73000,1
99.7718,33,99769321909,2502412,0
99.7769,37,99774390921,2502412,0
99.7846,33,99782140939,2502412,0
99.7897,37,99787209951,2502412,0
99.7923,36,99789748957,2502412,0
99.7973,33,99794808969,2502412,0
99.7999,36,99797347975,2502412,0
99.8104,33,99810346411,73000,1
99.8104,37,99810346411,73000,1
99.8156,36,99815513423,73000,1
99.8183,38,99818230429,73000,1
99.8183,37,99818230429,73000,1
99.8286,36,99826096447,2502412,0
99.8287,33,99828626453,73000,1
99.8313,36,99831236459,73000,1
99.839,38,99836456471,2502412,0
99.8492,38,99846674495,2502412,0
99.8543,38,99854273513,73000,1
99.8594,36,99856874519,2502412,0
99.8598,34,99859716931,73000,1
99.8624,38,99862326937,73000,1
99.8625,36,99862433937,73000,1
99.8753,39,99872749961,2502412,0
99.8779,39,99877827973,73000,1
99.8779,37,99877827973,73000,1
99.8831,33,99883038985,73000,1
99.8831,39,99883038985,73000,1
99.8882,39,99885657991,2502412,0
99.8883,39,99888187403,73000,1
99.8883,36,99888187997,73000,1
99.8985,38,99895965015,2502412,0
99.9065,39,99904027439,2502412,0
99.9142,38,99911653457,2502412,0
99.9218,33,99919323475,2502412,0
99.9219,38,99921853481,73000,1
99.9219,39,99921853481,73000,1
99.927,39,99924481487,2502412,0
99.9271,39,99927028899,73000,1
99.9347,33,99932160505,2502412,0
99.9374,33,99937336517,73000,1
99.9476,38,99945077535,2502412,0
99.9526,38,99950146547,2502412,0
99.9603,39,99957807565,2502412,0
99.9657,36,99963189577,2502412,0
99.9709,39,99970797595,73000,1
99.9709,38,99970797595,73000,1
99.971,36,99970948595,73000,1
99.9786,33,99976079607,2502412,0
99.9837,33,99981157619,2502412,0
99.9838,36,99983767625,73000,1
99.9915,33,99991473643,73000,1
99.9915,39,99991473643,73000,1
99.9915,38,99991473643,73000,1
100.004,33,100004337673,73000,1
100.015,33,100012418097,2502412,0
100.017,37,100014948103,2502412,0
100.018,39,100017487109,73000,1
100.018,38,100017487109,73000,1
100.02,33,100020168115,73000,1
100.023,37,100020248115,2502412,0
100.023,36,100022778121,73000,1
100.023,33,100022849121,73000,1
100.025,36,100022947121,2502412,0
100.028,33,100025495127,2502412,0
100.028,33,100028033539,73000,1
100.028,37,100028034133,73000,1
100.028,36,100028185133,73000,1
100.041,33,100041200163,73000,1
100.044,36,100041289163,2502412,0
100.047,37,100046527175,73000,1
100.049,36,100046598175,2502412,0
100.054,36,100051658187,2502412,0
100.064,36,100061867211,2502412,0
100.07,36,100069796635,73000,1
100.077,36,100074963647,2502412,0
100.083,36,100080050659,2502412,0
100.083,39,100082580665,73000,1
100.085,33,100085261671,73000,1
100.093,36,100093038689,73000,1
100.093,37,100093038689,73000,1
100.106,37,100103780713,2502412,0
100.112,36,100109224131,2502412,0
100.112,36,100111753543,73000,1
100.12,38,100119566155,73000,1
100.12,33,100119566155,73000,1
100.125,37,100122238161,2502412,0
100.127,39,100124795167,2502412,0
100.132,39,100132412185,73000,1
100.135,37,100132483185,2502412,0
100.15,37,100150344227,73000,1
100.15,36,100150344227,73000,1
100.171,39,100168474269,2502412,0
100.176,37,100173570281,2502412,0
100.181,39,100181214299,73000,1
100.184,37,100181285299,2502412,0
100.194,39,100191494323,2502412,0
100.194,34,100194024329,73000,1
100.194,37,100194095329,73000,1
100.199,39,100199244341,73000,1
100.199,36,100199244341,73000,1
100.207,39,100207057359,73000,1
100.218,37,100215066783,2502412,0
100.23,37,100227912813,2502412,0
100.231,32,100230442819,73000,1
100.238,38,100235582831,2502412,0
100.243,37,100243181849,73000,1
100.246,37,100245782855,73000,1
100.248,39,100245880855,2502412,0
100.254,38,100253488873,73000,1
100.254,39,100253559873,73000,1
100.256,37,100253630873,2502412,0
100.264,38,100263875897,73000,1
100.267,37,100266494903,73000,1
100.267,39,100266494903,73000,1
100.287,37,100284749945,2502412,0
100.29,36,100289818957,73000,1
100.295,37,100292428963,2502412,0
100.308,37,100307742999,73000,1
100.308,39,100307742999,73000,1
100.308,33,100307813999,73000,1
100.314,38,100313444417,73000,1
100.314,32,100313631417,73000,1
100.334,37,100331519459,2502412,0
100.337,32,100334058465,2502412,0
100.347,37,100346886495,73000,1
100.352,32,100352017507,73000,1
100.352,38,100352017507,73000,1
100.355,32,100354707513,73000,1
100.36,37,100359865525,73000,1
100.368,37,100367615543,73000,1
100.373,37,100373130555,73000,1
100.378,39,100378421567,73000,1
100.386,36,100383659579,2502412,0
100.389,32,100386198585,2502412,0
100.391,36,100388728591,2502412,0
100.394,36,100391258003,2502412,0
100.401,32,100398946021,2502412,0
100.407,36,100404006033,2502412,0
100.414,39,100414171057,73000,1
100.414,32,100414242057,73000,1
100.417,36,100417191469,73000,1
100.438,32,100437823517,73000,1
100.441,36,100440460523,73000,1
100.463,33,100463355577,73000,1
100.463,38,100463355577,73000,1
100.479,32,100479106613,73000,1
100.497,36,100494411649,2502412,0
100.5,36,100497012655,2502412,0
100.502,35,100499551661,2502412,0
100.502,35,100502161667,73000,1
100.502,36,100502161667,73000,1
100.513,39,100512628691,73000,1
100.531,35,100528201133,2502412,0
100.538,36,100538330157,73000,1
100.541,35,100540949163,73000,1
100.556,35,100556272199,73000,1
100.562,34,100561466211,73000,1
100.562,32,100561537211,73000,1
100.6,36,100600210301,73000,1
100.6,35,100600210301,73000,1
100.613,38,100610490325,2502412,0
100.613,36,100613047331,73000,1
100.618,38,100615773337,2502412,0
100.621,35,100618312343,2502412,0
100.624,38,100623845355,73000,1
100.631,37,100628985367,2502412,0
100.632,38,100631515373,73000,1
100.632,35,100631586373,73000,1
100.634,37,100634267379,73000,1
100.642,35,100639487391,2502412,0
100.647,35,100647104409,73000,1
100.652,32,100649901415,2502412,0
100.655,37,100652618421,2502412,0
100.655,32,100655157427,73000,1
100.671,37,100668056457,2502412,0
100.671,38,100670586463,73000,1
100.671,35,100670586463,73000,1
100.676,37,100675895475,73000,1
100.694,37,100691468511,2502412,0
100.699,32,100696537523,2502412,0
100.704,32,100701775535,2502412,0
100.707,37,100704376541,2502412,0
100.707,37,100706977547,73000,1
100.71,35,100707048547,2502412,0
100.712,32,100712108559,73000,1
100.73,35,100727912001,2502412,0
100.731,32,100730513007,73000,1
100.731,35,100730584007,73000,1
100.733,35,100733194013,73000,1
100.733,36,100733265013,73000,1
100.733,37,100733407013,73000,1
100.759,32,100756577067,2502412,0
100.764,37,100764221085,73000,1
100.764,32,100764301085,73000,1
100.775,32,100774822109,73000,1
100.783,32,100782805127,73000,1
100.785,37,100782876127,2502412,0
100.785,35,100785424133,73000,1
100.791,38,100790564145,73000,1
100.798,37,100795713157,2502412,0
100.806,37,100805860181,73000,1
100.816,37,100813548199,2502412,0
100.834,37,100834163653,73000,1
100.837,35,100834279653,2502412,0
100.845,35,100844550677,73000,1
100.855,35,100852220695,2502412,0
100.862,35,100859810713,2502412,0
100.865,36,100864879725,73000,1
100.868,35,100865048725,2502412,0
100.87,35,100867596137,2502412,0
100.875,37,100872727149,2502412,0
100.88,37,100880406167,73000,1
100.881,35,100880495167,73000,1
100.889,35,100886099179,2502412,0
100.896,35,100893743197,2502412,0
100.899,35,100896281609,2502412,0
100.899,37,100898811615,73000,1
100.899,32,100898953615,73000,1
100.907,35,100904102627,2502412,0
100.912,37,100911781645,73000,1
100.92,35,100919460663,73000,1
100.92,38,100919460663,73000,1
100.93,35,100930018093,73000,1
100.956,35,100953385147,2502412,0
100.971,35,100971193189,73000,1
100.984,35,100981491213,2502412,0
101,35,100999719255,73000,1
101.013,35,101009999279,2502412,0
101.015,37,101015068291,73000,1
101.023,35,101020466303,2502412,0
101.026,35,101025535315,73000,1
101.036,35,101033633739,2502412,0
101.047,35,101046532769,73000,1
101.052,38,101051752781,73000,1
101.067,35,101067253817,73000,1
101.08,35,101077862841,2502412,0
101.083,35,101080392253,2502412,0
101.083,35,101083091259,73000,1
101.094,35,101093622283,73000,1
101.125,35,101124427355,73000,1
101.13,32,101129558367,73000,1
101.179,37,101178670887,73000,1
101.191,35,101188906911,2502412,0
101.202,35,101202065347,73000,1
101.21,35,101210091365,73000,1
101.213,36,101212692371,73000,1
101.218,35,101215382377,2502412,0
101.241,35,101238580837,2502412,0
101.251,35,101248905861,2502412,0
101.254,35,101251506867,2502412,0
101.264,35,101261786891,2502412,0
101.27,35,101267166903,2502412,0
101.272,33,101269767909,2502412,0
101.288,35,101285125945,2502412,0
101.288,33,101287655951,73000,1
101.29,35,101290354957,73000,1
101.29,33,101290354957,73000,1
101.308,35,101305954993,2502412,0
101.316,35,101313590011,2502412,0
101.316,32,101316289017,73000,1
101.319,33,101316360017,2502412,0
101.321,35,101318961023,2502412,0
101.327,39,101326631041,73000,1
101.327,35,101326702041,73000,1
101.332,33,101331833053,73000,1
101.338,33,101337437071,73000,1
101.353,35,101350523101,2502412,0
101.358,35,101355592113,2502412,0
101.361,34,101358149119,2502412,0
101.371,35,101368278143,2502412,0
101.378,35,101375904161,2502412,0
101.383,34,101380964173,2502412,0
101.386,33,101383503179,2502412,0
101.386,34,101386033185,73000,1
101.396,34,101393721203,2502412,0
101.397,35,101396563615,73000,1
101.397,33,101396634615,73000,1
101.405,35,101404509633,73000,1
101.405,34,101404509633,73000,1
101.422,34,101419991669,2502412,0
101.428,33,101425131681,2502412,0
101.428,33,101427661093,73000,1
101.43,34,101427750687,2502412,0
101.43,33,101430307693,73000,1
101.435,34,101432988699,2502412,0
101.443,34,101440909123,2502412,0
101.451,35,101451136147,73000,1
101.459,34,101456294159,2502412,0
101.467,34,101466459183,73000,1
101.479,33,101476979207,2502412,0
101.48,33,101479607213,73000,1
101.485,33,101482297219,2502412,0
101.487,34,101484845225,2502412,0
101.49,34,101490083237,73000,1
101.49,33,101490181237,73000,1
101.501,33,101500899261,73000,1
101.501,34,101500970261,73000,1
101.501,33,101501041261,73000,1
101.501,34,101501192261,73000,1
101.522,34,101519116303,2502412,0
101.524,34,101524274315,73000,1
101.524,35,101524274315,73000,1
101.563,34,101563132811,73000,1
101.576,33,101573653835,2502412,0
101.594,33,101591470877,2502412,0
101.597,33,101596530889,73000,1
101.597,34,101596530889,73000,1
101.63,33,101627586961,2502412,0
101.635,33,101635363979,73000,1
101.646,32,101643264997,2502412,0
101.651,35,101648656009,2502412,0
101.654,37,101651186015,2502412,0
101.659,37,101658794033,73000,1
101.661,35,101658865033,2502412,0
101.661,35,101661394445,73000,1
101.662,32,101661537039,73000,1
101.667,33,101664218045,2502412,0
101.667,35,101666748051,73000,1
101.667,32,101666828051,73000,1
101.672,34,101671986063,73000,1
101.672,33,101672057063,73000,1
101.672,35,101672128063,73000,1
101.675,33,101672208063,2502412,0
101.675,37,101674747069,73000,1
101.677,33,101677366075,73000,1
101.683,33,101682577087,73000,1
101.701,33,101700545129,73000,1
101.709,34,101708573147,73000,1
101.709,37,101708715147,73000,1
101.711,35,101708786147,2502412,0
101.727,35,101726550189,73000,1
101.732,32,101729178195,2502412,0
101.745,32,101744572231,73000,1
101.745,35,101744572231,73000,1
101.763,37,101760491673,2502412,0
101.773,37,101773257703,73000,1
101.776,32,101773337703,2502412,0
101.781,32,101780945721,73000,1
101.801,37,101798913763,2502412,0
101.804,35,101804160775,73000,1
101.804,32,101804231775,73000,1
101.804,37,101804302775,73000,1
101.82,38,101819991811,73000,1
101.823,33,101820062811,2502412,0
101.835,33,101832766841,2502412,0
101.843,37,101840365859,2502412,0
101.851,37,101850914289,73000,1
101.851,33,101850985289,73000,1
101.859,33,101858691307,73000,1
101.861,37,101858762307,2502412,0
101.874,37,101874013343,73000,1
101.874,32,101874191343,73000,1
101.874,33,101874191343,73000,1
101.88,33,101879562355,73000,1
101.897,37,101894831391,2502412,0
101.9,32,101897361397,2502412,0
101.902,37,101899900403,2502412,0
101.913,32,101910493427,2502412,0
101.918,35,101915624439,2502412,0
101.923,37,101920773451,2502412,0
101.929,32,101928461469,73000,1
101.931,35,101928559469,2502412,0
101.931,35,101931088881,73000,1
101.931,37,101931089475,73000,1
101.944,37,101944086505,73000,1
101.952,32,101949377517,2502412,0
101.952,35,101952229523,73000,1
101.955,32,101952309523,2502412,0
101.97,32,101967658559,2502412,0
101.975,35,101972825571,2502412,0
101.975,32,101975355577,73000,1
101.975,37,101975355577,73000,1
101.986,35,101983239595,2502412,0
101.999,32,101998668631,73000,1
101.999,35,101998748631,73000,1
102.02,33,102017074673,2502412,0
102.02,33,102019711679,73000,1
102.025,35,102022312685,2502412,0
102.028,35,102027613697,73000,1
102.033,35,102030374703,2502412,0
102.035,35,102032975709,2502412,0
102.038,32,102038053721,73000,1
102.038,35,102038204721,73000,1
102.038,33,102038275721,73000,1
102.038,35,102038364721,73000,1
102.044,36,102041294727,2502412,0
102.049,37,102046425739,2502412,0
102.051,37,102048955151,2502412,0
102.062,35,102059467581,2502412,0
102.062,36,102062006587,73000,1
102.065,33,102062157587,2502412,0
102.067,35,102064687593,2502412,0
102.067,37,102067217599,73000,1
102.07,33,102069934605,73000,1
102.07,36,102069934605,73000,1
102.078,35,102075207617,2502412,0
102.081,35,102080516629,73000,1
102.081,34,102080587629,73000,1
102.083,33,102080738629,2502412,0
102.083,37,102083268635,73000,1
102.096,35,102096229665,73000,1
102.099,33,102096300665,2502412,0
102.104,33,102103908683,73000,1
102.112,36,102109138695,2502412,0
102.12,32,102117041119,2502412,0
102.12,32,102119642125,73000,1
102.125,35,102122270131,2502412,0
102.127,36,102127339143,73000,1
102.127,32,102127339143,73000,1
102.135,35,102132470155,2502412,0
102.14,33,102137530167,2502412,0
102.145,32,102145191185,73000,1
102.148,33,102147801191,73000,1
102.148,37,102147801191,73000,1
102.153,35,102150473197,2502412,0
102.156,36,102155764209,73000,1
102.162,35,102161438627,73000,1
102.167,32,102164208633,2502412,0
102.169,32,102169286645,73000,1
102.169,33,102169286645,73000,1
102.174,33,102174426657,73000,1
102.177,35,102177027663,73000,1
102.182,32,102179637669,2502412,0
102.19,32,102187227687,2502412,0
102.195,32,102192403699,2502412,0
102.195,32,102194933111,73000,1
102.195,35,102194933705,73000,1
102.205,32,102205169729,73000,1
102.205,36,102205169729,73000,1
102.213,35,102212973747,73000,1
102.213,36,102213044747,73000,1
102.216,36,102213257747,2502412,0
102.229,39,102226362183,2502412,0
102.231,39,102228900595,2502412,0
102.234,36,102231430601,2502412,0
102.242,36,102239198619,2502412,0
102.244,36,102241728031,2502412,0
102.252,39,102251848055,73000,1
102.252,37,102251848055,73000,1
102.252,35,102251937055,73000,1
102.255,39,102252008055,2502412,0
102.255,36,102254547061,73000,1
102.255,39,102254618061,73000,1
102.268,32,102265566491,2502412,0
102.278,39,102275775515,2502412,0
102.283,32,102280844527,2502412,0
102.286,36,102283374533,2502412,0
102.296,36,102293503557,2502412,0
102.296,39,102296033563,73000,1
102.296,33,102296033563,73000,1
102.296,36,102296113563,73000,1
102.301,36,102298723569,2502412,0
102.304,36,102301261981,2502412,0
102.306,32,102306321993,73000,1
102.306,39,102306321993,73000,1
102.317,36,102316898017,73000,1
102.325,36,102322074029,2502412,0
102.325,36,102324621441,73000,1
102.325,39,102324622035,73000,1
102.327,32,102324702035,2502412,0
102.335,32,102332381053,2502412,0
102.335,37,102334911059,73000,1
102.34,36,102340202071,73000,1
102.343,32,102342803077,73000,1
102.356,32,102353244101,2502412,0
102.366,32,102363810531,2502412,0
102.374,32,102371507549,2502412,0
102.379,36,102379133567,73000,1
102.379,33,102379213567,73000,1
102.382,32,102379284567,2502412,0
102.384,32,102384380579,73000,1
102.4,39,102400058615,73000,1
102.4,32,102400058615,73000,1
102.424,32,102423595669,73000,1
102.449,36,102446846723,2502412,0
102.46,36,102459843753,73000,1
102.473,39,102472975189,73000,1
102.483,38,102480672207,2502412,0
102.488,38,102488271225,73000,1
102.491,33,102490881231,73000,1
102.496,36,102493580237,2502412,0
102.501,36,102498640249,2502412,0
102.504,36,102501178661,2502412,0
102.512,36,102511485685,73000,1
102.512,38,102511485685,73000,1
102.514,36,102514166691,73000,1
102.517,38,102516838697,73000,1
102.517,36,102516838697,73000,1
102.543,32,102542914757,73000,1
102.592,38,102592028277,73000,1
102.6,39,102597408289,2502412,0
102.608,32,102607786313,73000,1
102.608,39,102607857313,73000,1
102.628,39,102625996355,2502412,0
102.631,36,102628526361,2502412,0
102.631,39,102631207367,73000,1
102.636,36,102636365379,73000,1
102.652,39,102649335409,2502412,0
102.652,39,102651864821,73000,1
102.673,36,102672755869,73000,1
102.675,39,102672826869,2502412,0
102.68,39,102677958881,2502412,0
102.688,36,102685619899,2502412,0
102.688,39,102688220905,73000,1
102.691,35,102688362905,2502412,0
102.693,39,102690981911,2502412,0
102.694,35,102693520917,73000,1
102.696,36,102696130923,73000,1
102.699,32,102698749929,73000,1
102.709,39,102706499947,2502412,0
102.709,36,102709029953,73000,1
102.714,35,102714187965,73000,1
102.714,39,102714258965,73000,1
102.728,39,102727658995,73000,1
102.73,36,102727729995,2502412,0
102.738,36,102738019019,73000,1
102.743,35,102743230031,73000,1
102.756,37,102755987061,73000,1
102.759,34,102756058061,2502412,0
102.761,38,102761145073,73000,1
102.769,39,102766365085,2502412,0
102.769,34,102768975091,73000,1
102.769,39,102769046091,73000,1
102.774,36,102771959503,2502412,0
102.78,36,102779558521,73000,1
102.78,35,102779629521,73000,1
102.793,34,102792528551,73000,1
102.795,39,102792599551,2502412,0
102.803,39,102800562569,2502412,0
102.806,36,102803092575,2502412,0
102.806,36,102805621987,73000,1
102.808,39,102805702581,2502412,0
102.816,39,102813319599,2502412,0
102.823,39,102820945617,2502412,0
102.831,39,102828946635,2502412,0
102.837,36,102834166647,2502412,0
102.842,39,102841765665,73000,1
102.844,36,102844384671,73000,1
102.852,34,102852321689,73000,1
102.855,39,102855002695,73000,1
102.863,36,102860222707,2502412,0
102.868,36,102867821725,73000,1
102.87,35,102867910725,2502412,0
102.873,36,102872988737,73000,1
102.876,35,102875964009,73000,1
102.879,34,102878565015,73000,1
102.881,36,102878636015,2502412,0
102.884,36,102881255021,2502412,0
102.889,35,102888952039,73000,1
102.897,36,102894190051,2502412,0
102.899,36,102896728463,2502412,0
102.907,39,102907097487,73000,1
102.91,36,102907177487,2502412,0
102.92,36,102917520511,2502412,0
102.933,36,102930188541,2502412,0
102.948,36,102948308989,73000,1
102.961,36,102958509013,2502412,0
102.964,35,102961039019,2502412,0
102.964,36,102963747025,73000,1
102.969,35,102968887037,73000,1
102.982,35,102979541467,2502412,0
102.985,35,102984779479,73000,1
102.988,36,102987460485,73000,1
103.003,35,103000413515,2502412,0
103.006,36,103003148521,2502412,0
103.008,35,103005678527,2502412,0
103.013,34,103013286545,73000,1
103.014,32,103013437545,73000,1
103.014,35,103013508545,73000,1
103.019,35,103016180551,2502412,0
103.021,36,103018710557,2502412,0
103.024,39,103021240563,2502412,0
103.031,35,103028839581,2502412,0
103.034,39,103031369587,2502412,0
103.039,36,103036751005,2502412,0
103.042,36,103039280417,2502412,0
103.042,35,103041810423,73000,1
103.05,39,103049516441,73000,1
103.055,36,103054647453,73000,1
103.062,39,103059858465,2502412,0
103.067,36,103064954477,2502412,0
103.073,39,103072553495,73000,1
103.073,35,103072553495,73000,1
103.075,36,103072624495,2502412,0
103.083,39,103083056925,73000,1
103.088,36,103085657931,2502412,0
103.093,36,103090744943,2502412,0
103.093,36,103093274355,73000,1
103.098,39,103095875955,2502412,0
103.098,39,103098405367,73000,1
103.111,36,103108695985,2502412,0
103.114,39,103111225991,2502412,0
103.129,36,103129194033,73000,1
103.129,35,103129194033,73000,1
103.129,39,103129265033,73000,1
103.129,32,103129345033,73000,1
103.129,36,103129416033,73000,1
103.129,39,103129416033,73000,1
103.14,36,103137435051,2502412,0
103.143,32,103142513063,73000,1
103.148,32,103145123069,2502412,0
103.155,36,103152731087,2502412,0
103.165,39,103162860111,2502412,0
103.168,32,103167947123,73000,1
103.168,39,103168018123,73000,1
103.176,36,103173167135,2502412,0
103.176,32,103175706141,73000,1
103.189,33,103186245571,2502412,0
103.191,33,103191305583,73000,1
103.191,32,103191305583,73000,1
103.191,36,103191376583,73000,1
103.192,39,103191536583,73000,1
103.199,38,103196676595,2502412,0
103.199,33,103199215601,73000,1
103.204,33,103204426613,73000,1
103.207,38,103204497613,2502412,0
103.215,36,103212105631,2502412,0
103.215,39,103214635637,73000,1
103.22,35,103217245643,2502412,0
103.22,38,103219775649,73000,1
103.222,38,103222394655,73000,1
103.222,35,103222394655,73000,1
103.222,36,103222394655,73000,1
103.228,39,103227570667,73000,1
103.233,35,103230278673,2502412,0
103.238,36,103235436685,2502412,0
103.246,35,103243437703,2502412,0
103.248,39,103245967709,2502412,0
103.251,32,103248497715,2502412,0
103.256,36,103256185733,73000,1
103.256,39,103256256733,73000,1
103.259,35,103256327733,2502412,0
103.259,35,103258857145,73000,1
103.259,33,103258857739,73000,1
103.261,36,103258928739,2502412,0
103.264,39,103261458745,2502412,0
103.267,39,103266660757,73000,1
103.267,32,103266660757,73000,1
103.269,39,103269341763,73000,1
103.275,36,103272022769,2502412,0
103.282,38,103279630787,2502412,0
103.285,36,103285012205,73000,1
103.285,35,103285012205,73000,1
103.29,32,103290152217,73000,1
103.293,38,103290232217,2502412,0
103.303,38,103300557241,2502412,0
103.303,39,103303087247,73000,1
103.303,36,103303087247,73000,1
103.308,38,103305786253,2502412,0
103.311,38,103308333665,2502412,0
103.313,35,103313393677,73000,1
103.324,38,103321054695,2502412,0
103.324,38,103323593107,73000,1
103.334,36,103333856725,73000,1
103.334,38,103333936725,73000,1
103.337,32,103336564731,73000,1
103.355,38,103352396767,2502412,0
103.36,36,103360057785,73000,1
103.368,38,103367745803,73000,1
103.373,38,103372903815,73000,1
103.383,32,103383228839,73000,1
103.409,33,103409189305,73000,1
103.42,39,103419496329,73000,1
103.42,38,103419496329,73000,1
103.42,35,103419567329,73000,1
103.451,36,103450676401,73000,1
103.458,32,103455825413,2502412,0
103.463,32,103463415431,73000,1
103.466,36,103466328437,73000,1
103.474,32,103471468449,2502412,0
103.482,32,103481713473,73000,1
103.482,38,103481713473,73000,1
103.484,34,103481784473,2502412,0
103.497,36,103494915909,2502412,0
103.5,34,103500055921,73000,1
103.503,36,103502692927,73000,1
103.508,32,103505311933,2502412,0
103.51,32,103507912939,2502412,0
103.513,34,103513185951,73000,1
103.513,36,103513256951,73000,1
103.518,32,103515866957,2502412,0
103.534,32,103533710999,73000,1
103.539,32,103538931011,73000,1
103.539,34,103538931011,73000,1
103.542,38,103539109011,2502412,0
103.547,38,103547172029,73000,1
103.55,39,103547243029,2502412,0
103.55,36,103549773035,73000,1
103.55,39,103549871035,73000,1
103.55,38,103549871035,73000,1
103.55,38,103550031035,73000,1
103.558,34,103558136053,73000,1
103.563,32,103563267065,73000,1
103.576,39,103573547089,2502412,0
103.576,39,103576148095,73000,1
103.576,35,103576228095,73000,1
103.579,32,103576299095,2502412,0
103.584,32,103581368107,2502412,0
103.6,32,103599586555,73000,1
103.6,39,103599586555,73000,1
103.605,39,103604895567,73000,1
103.608,38,103605064567,2502412,0
103.615,36,103615424591,73000,1
103.623,38,103623165609,73000,1
103.623,32,103623165609,73000,1
103.628,34,103625766615,2502412,0
103.638,34,103635949639,2502412,0
103.646,34,103643655657,2502412,0
103.649,34,103646256663,2502412,0
103.649,38,103649108075,73000,1
103.649,32,103649197075,73000,1
103.652,34,103651816081,73000,1
103.652,32,103651816081,73000,1
103.665,38,103664635111,73000,1
103.68,39,103677436141,2502412,0
103.683,36,103682514153,73000,1
103.683,39,103682585153,73000,1
103.688,39,103685213159,2502412,0
103.693,34,103690344171,2502412,0
103.698,39,103698328189,73000,1
103.701,34,103698488189,2502412,0
103.711,34,103708644213,2502412,0
103.716,37,103716234231,73000,1
103.724,34,103723922249,73000,1
103.729,34,103726612255,2502412,0
103.729,34,103729293261,73000,1
103.729,39,103729293261,73000,1
103.739,39,103736954279,2502412,0
103.747,39,103744571297,2502412,0
103.752,38,103749720309,2502412,0
103.755,39,103752562721,2502412,0
103.758,39,103757711733,73000,1
103.758,38,103757711733,73000,1
103.766,34,103765506751,73000,1
103.771,38,103770655763,73000,1
103.788,39,103785951799,2502412,0
103.799,34,103799092235,73000,1
103.807,39,103804241247,2502412,0
103.809,39,103809337259,73000,1
103.809,35,103809337259,73000,1
103.82,32,103817034277,2502412,0
103.825,38,103822183289,2502412,0
103.83,32,103827252301,2502412,0
103.837,32,103834842319,2502412,0
103.843,39,103842521337,73000,1
103.845,38,103845140343,73000,1
103.845,32,103845220343,73000,1
103.85,39,103850351355,73000,1
103.864,32,103861229379,2502412,0
103.874,32,103873906409,73000,1
103.874,38,103873906409,73000,1
103.876,39,103873995409,2502412,0
103.882,32,103879153421,2502412,0
103.884,39,103881683427,2502412,0
103.884,32,103884222433,73000,1
103.899,33,103896961463,2502412,0
103.9,32,103899884469,73000,1
103.9,39,103899884469,73000,1
103.905,32,103905015481,73000,1
103.915,33,103912694499,2502412,0
103.918,39,103917772511,73000,1
103.931,33,103928043535,2502412,0
103.933,38,103933112547,73000,1
103.936,39,103933183547,2502412,0
103.938,39,103935730959,2502412,0
103.941,34,103940870971,73000,1
103.943,33,103940950971,2502412,0
103.944,39,103943507977,73000,1
103.949,33,103946188983,2502412,0
103.956,33,103953797001,2502412,0
103.957,38,103956648413,73000,1
103.964,33,103961779425,2502412,0
103.969,39,103966839437,2502412,0
103.972,39,103969458443,2502412,0
103.98,33,103979738467,73000,1
103.983,39,103982446473,73000,1
103.995,33,103992824497,2502412,0
103.998,34,103995354503,2502412,0
104,33,103997955509,2502412,0
104.006,34,104003346521,2502412,0
104.014,34,104013573545,73000,1
104.014,33,104013573545,73000,1
104.014,32,104013573545,73000,1
104.014,39,104013573545,73000,1
104.019,33,104016183551,2502412,0
104.024,34,104023889569,73000,1
104.027,33,104024058569,2502412,0
104.029,33,104026605981,2502412,0
104.044,33,104041902017,2502412,0
104.05,34,104047051029,2502412,0
104.06,33,104057570003,2502412,0
104.063,34,104060118009,2502412,0
104.065,34,104062647421,2502412,0
104.068,34,104067725433,73000,1
104.07,33,104067885433,2502412,0
104.073,39,104072963445,73000,1
104.078,33,104075564451,2502412,0
104.093,33,104093328493,73000,1
104.096,34,104093497493,2502412,0
104.109,34,104106699929,2502412,0
104.115,34,104114467947,73000,1
104.115,32,104114467947,73000,1
104.125,34,104122164965,2502412,0
104.127,33,104124703971,2502412,0
104.135,33,104132400989,2502412,0
104.138,34,104135019995,2502412,0
104.143,38,104140169007,2502412,0
104.143,38,104142698419,73000,1
104.145,34,104145300019,73000,1
104.148,33,104147910025,73000,1
104.148,38,104147910025,73000,1
104.158,34,104155918043,2502412,0
104.164,34,104161318055,2502412,0
104.164,39,104163848061,73000,1
104.167,36,104166618067,73000,1
104.169,34,104166698067,2502412,0
104.174,33,104171767079,2502412,0
104.177,37,104174315085,2502412,0
104.179,34,104176925091,2502412,0
104.18,32,104179464097,73000,1
104.18,37,104179562097,73000,1
104.18,33,104179562097,73000,1
104.182,38,104179633097,2502412,0
104.187,38,104184702109,2502412,0
104.19,34,104189771121,73000,1
104.192,33,104189842121,2502412,0
104.2,38,104197432139,2502412,0
104.203,33,104200033145,2502412,0
104.216,33,104213102581,2502412,0
104.216,38,104215632587,73000,1
104.223,37,104220941599,2502412,0
104.229,37,104228611617,73000,1
104.229,33,104228682617,73000,1
104.229,34,104228753617,73000,1
104.231,38,104231363623,73000,1
104.249,33,104246766659,2502412,0
104.249,37,104249323665,73000,1
104.26,33,104257162683,2502412,0
104.263,37,104262651695,73000,1
104.263,33,104262722695,73000,1
104.265,38,104265403701,73000,1
104.276,38,104273295719,2502412,0
104.276,38,104275825131,73000,1
104.276,34,104275825725,73000,1
104.281,33,104281045737,73000,1
104.301,37,104298924779,2502412,0
104.307,38,104306621797,73000,1
104.307,37,104307114003,73000,1
104.31,33,104307185003,2502412,0
104.32,38,104319880033,73000,1
104.325,33,104322481039,2502412,0
104.343,33,104340236081,2502412,0
104.348,37,104347862099,73000,1
104.353,33,104350481105,2502412,0
104.371,33,104368513147,2502412,0
104.381,34,104378767171,2502412,0
104.389,33,104386428189,2502412,0
104.392,34,104391577201,73000,1
104.392,33,104391657201,73000,1
104.392,37,104391657201,73000,1
104.402,34,104399345219,2502412,0
104.402,33,104401884225,73000,1
104.407,39,104404485231,2502412,0
104.415,39,104415042661,73000,1
104.415,33,104415042661,73000,1
104.418,34,104415113661,2502412,0
104.423,37,104422721679,73000,1
104.428,34,104425340685,2502412,0
104.428,34,104427888097,73000,1
104.43,39,104427968691,2502412,0
104.436,35,104435656709,73000,1
104.436,34,104435754709,73000,1
104.438,39,104438373715,73000,1
104.444,38,104441019721,2502412,0
104.452,38,104451459745,73000,1
104.452,34,104451459745,73000,1
104.457,38,104456617757,73000,1
104.464,39,104464305775,73000,1
104.467,39,104467228781,73000,1
104.473,32,104472591793,73000,1
104.475,37,104472671793,2502412,0
104.483,37,104480368811,2502412,0
104.486,33,104485437823,73000,1
104.496,37,104493258841,2502412,0
104.501,37,104498389853,2502412,0
104.514,34,104514060295,73000,1
104.517,37,104514131295,2502412,0
104.517,37,104516741301,73000,1
104.517,38,104516741301,73000,1
104.527,32,104524500319,2502412,0
104.542,32,104539769355,2502412,0
104.548,37,104547457373,73000,1
104.55,32,104547528373,2502412,0
104.553,32,104552615385,73000,1
104.576,39,104575876439,73000,1
104.576,34,104575876439,73000,1
104.581,32,104578611445,2502412,0
104.584,32,104581158857,2502412,0
104.596,38,104593986887,2502412,0
104.602,32,104599117899,2502412,0
104.602,32,104601656311,73000,1
104.609,38,104609353923,73000,1
104.609,37,104609353923,73000,1
104.615,38,104612034929,2502412,0
104.623,38,104622743953,73000,1
104.63,32,104630422971,73000,1
104.636,34,104633068977,2502412,0
104.638,34,104635687983,2502412,0
104.661,38,104658627037,2502412,0
104.664,34,104661166043,2502412,0
104.664,38,104663705049,73000,1
104.664,34,104663803049,73000,1
104.666,38,104663883049,2502412,0
104.672,38,104671482067,73000,1
104.674,33,104674405073,73000,1
104.675,38,104674494073,73000,1
104.675,32,104674583073,73000,1
104.68,34,104679812085,73000,1
104.688,37,104687536103,73000,1
104.69,38,104687607103,2502412,0
104.69,32,104690146109,73000,1
104.703,38,104703036139,73000,1
104.703,34,104703036139,73000,1
104.732,38,104729271605,2502412,0
104.737,38,104734331617,2502412,0
104.747,34,104747159647,73000,1
104.755,38,104752299659,2502412,0
104.763,38,104762553683,73000,1
104.77,39,104767702695,2502412,0
104.773,39,104772922707,73000,1
104.778,37,104778384719,73000,1
104.786,38,104783764731,2502412,0
104.789,38,104789171743,73000,1
104.794,34,104794329755,73000,1
104.797,39,104794400755,2502412,0
104.805,39,104804609779,73000,1
104.805,38,104804609779,73000,1
104.82,39,104820280221,73000,1
104.826,33,104825429233,73000,1
104.828,38,104828030239,73000,1
104.833,39,104830640245,2502412,0
104.838,39,104835789257,2502412,0
104.844,39,104843619275,73000,1
104.847,39,104846522281,73000,1
104.867,36,104867091329,73000,1
104.898,38,104895458395,2502412,0
104.908,38,104908206425,73000,1
104.918,39,104915956443,2502412,0
104.921,38,104921096455,73000,1
104.932,38,104931563027,73000,1
104.934,39,104931634027,2502412,0
104.949,32,104946850063,2502412,0
104.952,39,104952008075,73000,1
104.96,32,104957157087,2502412,0
104.972,39,104972373123,73000,1
104.98,32,104977531135,2502412,0
104.988,32,104985531559,2502412,0
104.993,32,104993148577,73000,1
105.003,32,105000809595,2502412,0
105.006,32,105003419601,2502412,0
105.016,32,105016274631,73000,1
105.04,39,105037050085,2502412,0
105.042,32,105039589091,2502412,0
105.047,38,105044729103,2502412,0
105.05,39,105047330109,2502412,0
105.055,32,105052497121,2502412,0
105.055,38,105055125127,73000,1
105.058,39,105055267127,2502412,0
105.058,38,105057797133,73000,1
105.06,32,105057877133,2502412,0
105.076,39,105073235169,2502412,0
105.076,39,105075773581,73000,1
105.076,32,105075774175,73000,1
105.087,39,105086438199,73000,1
105.104,32,105101770235,2502412,0
105.11,32,105109458253,73000,1
105.12,32,105117155271,2502412,0
105.12,38,105119694277,73000,1
105.128,32,105127765701,73000,1
105.138,32,105138268725,73000,1
105.141,39,105138339725,2502412,0
105.154,39,105151158755,2502412,0
105.159,32,105156227767,2502412,0
105.169,32,105168975797,73000,1
105.172,39,105171576803,73000,1
105.185,39,105184717833,73000,1
105.193,32,105192503851,73000,1
105.193,38,105192654851,73000,1
105.211,32,105208128887,2502412,0
105.219,32,105218444911,73000,1
105.234,34,105234178353,73000,1
105.237,36,105234249353,2502412,0
105.237,39,105236779359,73000,1
105.237,32,105236850359,73000,1
105.247,36,105244600377,2502412,0
105.252,38,105252350395,73000,1
105.263,36,105260118413,2502412,0
105.265,36,105262647825,2502412,0
105.281,36,105278156861,2502412,0
105.286,36,105285755879,73000,1
105.286,32,105285755879,73000,1
105.291,37,105288669885,2502412,0
105.304,37,105303965921,73000,1
105.307,36,105306584927,73000,1
105.32,37,105317051951,2502412,0
105.32,39,105319679957,73000,1
105.322,39,105322280963,73000,1
105.322,37,105322351963,73000,1
105.336,36,105335501399,73000,1
105.343,37,105340650411,2502412,0
105.343,37,105343224823,73000,1
105.356,32,105353888441,2502412,0
105.356,32,105356417853,73000,1
105.359,37,105359170453,73000,1
105.377,32,105377342495,73000,1
105.404,33,105401057549,2502412,0
105.404,33,105403586961,73000,1
105.414,37,105411248573,2502412,0
105.416,33,105413858579,2502412,0
105.422,33,105421448597,73000,1
105.427,32,105426588609,73000,1
105.427,37,105426659609,73000,1
105.427,35,105426659609,73000,1
105.429,37,105426819609,2502412,0
105.437,35,105437297039,73000,1
105.437,36,105437297039,73000,1
105.442,37,105439987045,2502412,0
105.445,32,105445047057,73000,1
105.445,33,105445047057,73000,1
105.445,35,105445260057,73000,1
105.453,37,105453019075,73000,1
105.471,37,105468404111,2502412,0
105.473,37,105470933523,2502412,0
105.474,35,105473481529,73000,1
105.474,37,105473650529,73000,1
105.489,33,105486487559,2502412,0
105.492,37,105489044565,2502412,0
105.492,39,105491886977,73000,1
105.492,33,105491957977,73000,1
105.495,37,105492108977,2502412,0
105.497,33,105494896983,2502412,0
105.498,37,105497497989,73000,1
105.503,33,105500329995,2502412,0
105.503,33,105502868407,73000,1
105.513,33,105510628019,2502412,0
105.518,33,105515786031,2502412,0
105.523,37,105520846043,2502412,0
105.531,37,105531064067,73000,1
105.539,33,105536525485,2502412,0
105.544,33,105544231503,73000,1
105.547,33,105546841509,73000,1
105.55,37,105549611515,73000,1
105.563,35,105560184539,2502412,0
105.568,33,105567899557,73000,1
105.571,37,105570509563,73000,1
105.573,35,105573119569,73000,1
105.586,36,105585939599,73000,1
105.591,35,105588647605,2502412,0
105.597,38,105594091617,2502412,0
105.602,35,105599302629,2502412,0
105.61,38,105607105647,2502412,0
105.61,35,105609635653,73000,1
105.61,38,105609706653,73000,1
105.612,38,105612307659,73000,1
105.62,33,105617447671,2502412,0
105.63,33,105627594695,2502412,0
105.638,33,105638285125,73000,1
105.646,35,105643425137,2502412,0
105.648,35,105645954549,2502412,0
105.651,32,105648484555,2502412,0
105.659,38,105658622579,73000,1
105.659,32,105658800579,73000,1
105.659,35,105658800579,73000,1
105.667,33,105664002591,2502412,0
105.667,37,105666541597,73000,1
105.667,35,105666541597,73000,1
105.669,33,105666692597,2502412,0
105.674,35,105674291615,73000,1
105.692,33,105689622651,2502412,0
105.692,32,105692161657,73000,1
105.7,33,105700162675,73000,1
105.7,38,105700162675,73000,1
105.718,35,105717988717,73000,1
105.721,32,105718122717,2502412,0
105.728,33,105725792735,2502412,0
105.728,37,105728340741,73000,1
105.731,32,105728482741,2502412,0
105.734,32,105733560753,73000,1
105.736,33,105736206759,73000,1
105.76,33,105756999213,2502412,0
105.76,33,105759734219,73000,1
105.762,32,105762335225,73000,1
105.775,32,105775110255,73000,1
105.788,33,105788072285,73000,1
105.807,33,105806647327,73000,1
105.812,35,105809257333,2502412,0
105.822,35,105822112363,73000,1
105.833,35,105830004381,2502412,0
105.843,38,105843046817,73000,1
105.843,32,105843046817,73000,1
105.848,35,105845665823,2502412,0
105.859,35,105858653853,73000,1
105.889,33,105889271925,73000,1
105.892,35,105889413925,2502412,0
105.905,35,105905031961,73000,1
105.908,38,105905111961,2502412,0
105.913,38,105910180973,2502412,0
105.925,38,105922947003,2502412,0
105.926,35,105925495009,73000,1
105.933,38,105930902021,2502412,0
105.936,38,105936140033,73000,1
105.954,35,105951926475,2502412,0
105.955,35,105954554481,73000,1
105.957,38,105954625481,2502412,0
105.965,35,105962340499,2502412,0
105.968,38,105967489511,73000,1
105.973,35,105972638523,73000,1
105.978,35,105975266529,2502412,0
105.98,35,105977867535,2502412,0
105.988,35,105985457553,2502412,0
105.996,35,105993376571,2502412,0
106.001,38,105998445583,2502412,0
106.001,35,106000993589,73000,1
106.001,38,106001064589,73000,1
106.001,32,106001153589,73000,1
106.007,38,106006766601,73000,1
106.007,36,106006766601,73000,1
106.022,33,106019576631,2502412,0
106.03,35,106029696655,73000,1
106.038,33,106037473673,73000,1
106.045,38,106045374691,73000,1
106.051,35,106050863109,73000,1
106.056,35,106056234121,73000,1
106.061,34,106061365133,73000,1
106.061,33,106061365133,73000,1
106.074,33,106074246163,73000,1
106.098,33,106095225211,2502412,0
106.108,39,106108215241,73000,1
106.118,33,106115894259,2502412,0
106.126,33,106123662277,2502412,0
106.129,37,106128740289,73000,1
106.132,33,106131448295,73000,1
106.139,38,106139225313,73000,1
106.157,33,106154966755,2502412,0
106.168,33,106165273779,2502412,0
106.186,33,106183117821,2502412,0
106.191,33,106190787839,73000,1
106.204,33,106201076863,2502412,0
106.224,33,106224222917,73000,1
106.232,32,106229442929,2502412,0
106.232,35,106231972935,73000,1
106.235,32,106234600941,73000,1
106.248,33,106247562971,73000,1
106.258,32,106255625395,2502412,0
106.271,32,106268293425,2502412,0
106.284,32,106283571461,73000,1
106.286,32,106286261467,73000,1
106.302,35,106299169497,2502412,0
106.307,33,106306777515,73000,1
106.309,32,106306848515,2502412,0
106.312,32,106309377927,2502412,0
106.317,32,106314910345,2502412,0
106.32,35,106317440351,2502412,0
106.328,35,106327578375,73000,1
106.33,32,106327774375,2502412,0
106.338,33,106335435393,2502412,0
106.343,33,106340495405,2502412,0
106.346,35,106345582417,73000,1
106.348,32,106345653417,2502412,0
106.348,38,106348272423,73000,1
106.351,33,106350971429,73000,1
106.357,32,106356494847,73000,1
106.359,33,106356565847,2502412,0
106.362,35,106359166853,2502412,0
106.364,35,106361696265,2502412,0
106.372,33,106371825289,73000,1
106.375,35,106374435295,73000,1
106.377,33,106374604295,2502412,0
106.377,35,106377205301,73000,1
106.385,33,106382336313,2502412,0
106.39,33,106387405325,2502412,0
106.395,32,106392634337,2502412,0
106.395,33,106395164343,73000,1
106.4,32,106397774349,2502412,0
106.403,33,106400322355,2502412,0
106.403,33,106402878767,73000,1
106.403,32,106402879361,73000,1
106.411,33,106408019373,2502412,0
106.421,35,106418630397,2502412,0
106.421,35,106421159809,73000,1
106.421,33,106421160403,73000,1
106.426,33,106423770409,2502412,0
106.431,33,106431387427,73000,1
106.434,32,106434051433,73000,1
106.434,35,106434051433,73000,1
106.437,33,106434122433,2502412,0
106.452,33,106452028475,73000,1
106.455,37,106452099475,2502412,0
106.46,33,106457551893,2502412,0
106.46,33,106460081305,73000,1
106.463,32,106462789905,73000,1
106.468,37,106465532911,2502412,0
106.468,35,106468080917,73000,1
106.473,37,106473282929,73000,1
106.473,33,106473353929,73000,1
106.497,37,106494056977,2502412,0
106.504,37,106501735995,2502412,0
106.507,33,106504266001,2502412,0
106.507,33,106506804413,73000,1
106.512,32,106509406013,2502412,0
106.515,37,106512034019,2502412,0
106.517,35,106514582025,2502412,0
106.517,37,106517424437,73000,1
106.52,32,106520025443,73000,1
106.523,36,106520096443,2502412,0
106.525,36,106522706449,2502412,0
106.525,35,106525245455,73000,1
106.528,36,106525423455,2502412,0
106.528,37,106527953461,73000,1
106.536,36,106535694479,73000,1
106.538,33,106535765479,2502412,0
106.544,33,106543435497,73000,1
106.544,32,106543533497,73000,1
106.551,35,106551390515,73000,1
106.552,33,106551497515,73000,1
106.554,35,106551568515,2502412,0
106.557,36,106554098521,2502412,0
106.557,36,106556726527,73000,1
106.557,35,106556815527,73000,1
106.559,35,106559425533,73000,1
106.559,36,106559425533,73000,1
106.562,37,106559825003,2502412,0
106.578,32,106575174039,2502412,0
106.58,37,106577793045,2502412,0
106.588,35,106585383063,2502412,0
106.588,32,106587913069,73000,1
106.59,37,106587984069,2502412,0
106.596,36,106593044081,2502412,0
106.598,35,106598104093,73000,1
106.598,36,106598184093,73000,1
106.601,35,106598273093,2502412,0
106.601,32,106600803099,73000,1
106.601,33,106600874099,73000,1
106.601,37,106600963099,73000,1
106.611,35,106608722117,2502412,0
106.614,37,106611252123,2502412,0
106.619,35,106616339135,2502412,0
106.622,37,106619181547,2502412,0
106.629,32,106629319571,73000,1
106.629,36,106629417571,73000,1
106.635,35,106632018577,2502412,0
106.635,37,106634566583,73000,1
106.637,35,106637265589,73000,1
106.64,37,106640080595,73000,1
106.64,33,106640320595,73000,1
106.64,36,106640320595,73000,1
106.64,35,106640409595,73000,1
106.646,32,106645700607,73000,1
106.648,37,106645780607,2502412,0
106.664,37,106661209643,2502412,0
106.667,37,106664150649,2502412,0
106.667,37,106666707061,73000,1
106.667,35,106666707655,73000,1
106.68,37,106679589685,73000,1
106.685,37,106682288691,2502412,0
106.7,37,106700025733,73000,1
106.726,37,106726127793,73000,1
106.731,34,106728746799,2502412,0
106.734,34,106731276211,2502412,0
106.736,34,106736336223,73000,1
106.747,34,106746643247,73000,1
106.749,34,106749253253,73000,1
106.752,34,106749431253,2502412,0
106.752,34,106751960665,73000,1
106.752,36,106751961259,73000,1
106.778,37,106777778725,73000,1
106.793,35,106790571755,2502412,0
106.796,34,106793101761,2502412,0
106.798,34,106795631173,2502412,0
106.798,34,106798160585,73000,1
106.798,37,106798161179,73000,1
106.803,34,106803390191,73000,1
106.808,35,106805991197,2502412,0
106.821,32,106818757227,2502412,0
106.827,38,106824201239,2502412,0
106.827,35,106826731245,73000,1
106.829,38,106826802245,2502412,0
106.832,38,106829349657,2502412,0
106.834,32,106831879663,2502412,0
106.845,32,106844707693,73000,1
106.845,38,106844707693,73000,1
106.85,34,106849865705,73000,1
106.85,32,106849865705,73000,1
106.855,35,106852475711,2502412,0
106.855,35,106855023123,73000,1
106.855,33,106855023717,73000,1
106.86,35,106860368729,73000,1
106.86,38,106860368729,73000,1
106.863,38,106863076735,73000,1
106.863,32,106863218735,73000,1
106.863,38,106863378735,73000,1
106.882,38,106881766183,73000,1
106.884,35,106884376189,73000,1
106.895,35,106895101213,73000,1
106.903,34,106903277231,73000,1
106.919,36,106916540261,2502412,0
106.932,36,106929619291,2502412,0
106.94,36,106937449309,2502412,0
106.942,39,106939979315,2502412,0
106.955,39,106952700345,2502412,0
106.958,39,106957769357,73000,1
106.958,36,106957929357,73000,1
106.958,37,106958071357,73000,1
106.963,32,106960672363,2502412,0
106.968,32,106968280381,73000,1
106.971,36,106971202793,73000,1
106.974,37,106971282793,2502412,0
106.982,37,106979050811,2502412,0
106.982,39,106981589817,73000,1
106.987,38,106984235823,2502412,0
106.992,32,106989295835,2502412,0
106.992,38,106991896841,73000,1
106.992,37,106991896841,73000,1
107,36,106999593859,73000,1
107.002,32,106999664859,2502412,0
107.002,32,107002194271,73000,1
107.023,32,107020100907,2502412,0
107.025,37,107025178919,73000,1
107.025,38,107025249919,73000,1
107.031,37,107028181925,2502412,0
107.031,37,107030720337,73000,1
107.031,32,107030720931,73000,1
107.031,38,107030720931,73000,1
107.036,37,107033428937,2502412,0
107.036,35,107035958943,73000,1
107.041,37,107038568949,2502412,0
107.044,37,107043726961,73000,1
107.044,39,107043726961,73000,1
107.044,38,107043922961,73000,1
107.049,32,107046630967,2502412,0
107.049,32,107049400973,73000,1
107.062,34,107059627997,2502412,0
107.065,37,107064688009,73000,1
107.07,34,107069846021,73000,1
107.072,37,107069935021,2502412,0
107.075,37,107075397033,73000,1
107.075,36,107075397033,73000,1
107.078,32,107078087039,73000,1
107.078,34,107078158039,73000,1
107.083,37,107083396051,73000,1
107.11,32,107107135105,2502412,0
107.12,39,107119803135,73000,1
107.122,34,107119892135,2502412,0
107.123,32,107122511141,73000,1
107.125,39,107125121147,73000,1
107.143,34,107140765183,2502412,0
107.143,36,107143295189,73000,1
107.143,37,107143295189,73000,1
107.146,32,107145896195,73000,1
107.146,34,107146198195,73000,1
107.149,37,107148870201,73000,1
107.152,38,107151489207,73000,1
107.154,32,107154188213,73000,1
107.167,36,107167016243,73000,1
107.175,34,107172156255,2502412,0
107.18,34,107177556267,2502412,0
107.183,34,107180085679,2502412,0
107.193,34,107190285703,2502412,0
107.203,34,107200486727,2502412,0
107.206,34,107203016139,2502412,0
107.211,34,107210642157,73000,1
107.211,34,107210793157,73000,1
107.221,32,107221091181,73000,1
107.227,34,107226551193,73000,1
107.243,34,107242454229,73000,1
107.243,32,107242525229,73000,1
107.268,33,107265892283,2502412,0
107.276,37,107276092307,73000,1
107.289,33,107286764737,2502412,0
107.289,33,107289365743,73000,1
107.302,33,107299583767,2502412,0
107.307,39,107304732779,2502412,0
107.31,33,107307271785,2502412,0
107.317,37,107314959803,2502412,0
107.318,39,107317489809,73000,1
107.318,33,107317560809,73000,1
107.318,37,107317631809,73000,1
107.318,33,107317844809,73000,1
107.331,39,107328435833,2502412,0
107.344,33,107344017869,73000,1
107.347,39,107346618875,73000,1
107.352,37,107349219881,2502412,0
107.357,39,107356916899,73000,1
107.362,37,107359526905,2502412,0
107.372,37,107369700929,2502412,0
107.375,37,107374920941,73000,1
107.378,35,107375000941,2502412,0
107.38,35,107377530353,2502412,0
107.383,35,107382983365,73000,1
107.383,37,107382983365,73000,1
107.393,35,107390751383,2502412,0
107.398,39,107395953395,2502412,0
107.401,33,107398492401,2502412,0
107.406,35,107403561413,2502412,0
107.409,35,107406090825,2502412,0
107.414,32,107411150837,2502412,0
107.416,39,107416290849,73000,1
107.419,33,107416361849,2502412,0
107.422,35,107418998855,2502412,0
107.422,33,107421528861,73000,1
107.424,32,107424138867,73000,1
107.424,37,107424138867,73000,1
107.427,35,107426757873,73000,1
107.437,32,107434676891,2502412,0
107.44,39,107437519303,2502412,0
107.443,32,107440200309,2502412,0
107.445,33,107442730315,2502412,0
107.445,39,107445331321,73000,1
107.448,34,107448021327,73000,1
107.448,32,107448163327,73000,1
107.451,39,107450773333,73000,1
107.456,33,107453383339,2502412,0
107.458,35,107455913345,2502412,0
107.466,35,107463503363,2502412,0
107.469,33,107466033369,2502412,0
107.476,33,107473641387,2502412,0
107.479,32,107476180393,2502412,0
107.484,33,107481623811,2502412,0
107.489,35,107486692823,2502412,0
107.494,35,107491850835,2502412,0
107.499,32,107496919847,2502412,0
107.5,35,107499458853,73000,1
107.5,33,107499529853,73000,1
107.5,39,107499529853,73000,1
107.505,32,107504767865,73000,1
107.505,33,107504847865,73000,1
107.513,35,107512731883,73000,1
107.513,37,107512802883,73000,1
107.515,32,107512962883,2502412,0
107.518,32,107515723889,2502412,0
107.529,32,107528542919,73000,1
107.549,35,107546708961,2502412,0
107.552,33,107551804973,73000,1
107.557,32,107554414979,2502412,0
107.562,35,107562004997,73000,1
107.562,39,107562004997,73000,1
107.567,35,107567181009,73000,1
107.567,32,107567252009,73000,1
107.567,33,107567403009,73000,1
107.568,35,107567545009,73000,1
107.601,32,107598556487,2502412,0
107.604,32,107601246493,2502412,0
107.606,32,107603784905,2502412,0
107.611,33,107608844917,2502412,0
107.612,32,107611490923,73000,1
107.617,32,107614109929,2502412,0
107.622,37,107619169941,2502412,0
107.624,33,107624238953,73000,1
107.624,37,107624318953,73000,1
107.627,32,107626928959,73000,1
107.637,38,107634856977,2502412,0
107.645,38,107645379001,73000,1
107.645,33,107645379001,73000,1
107.645,37,107645379001,73000,1
107.648,35,107648087007,73000,1
107.651,32,107648167007,2502412,0
107.661,38,107658385031,2502412,0
107.669,32,107666002049,2502412,0
107.681,38,107678652079,2502412,0
107.684,32,107683730091,73000,1
107.686,33,107683810091,2502412,0
107.692,33,107689201103,2502412,0
107.692,38,107691731109,73000,1
107.702,33,107699401127,2502412,0
107.702,38,107701931133,73000,1
107.702,33,107702020133,73000,1
107.705,38,107704621139,73000,1
107.705,33,107704710139,73000,1
107.707,37,107704790139,2502412,0
107.707,33,107707400145,73000,1
107.718,37,107715061163,2502412,0
107.723,37,107722651181,73000,1
107.723,32,107722651181,73000,1
107.746,34,107743203229,2502412,0
107.756,37,107753662659,2502412,0
107.759,37,107758722671,73000,1
107.759,34,107758722671,73000,1
107.769,38,107766499689,2502412,0
107.779,37,107776664713,2502412,0
107.784,38,107781733725,2502412,0
107.79,34,107789636149,73000,1
107.79,37,107789716149,73000,1
107.79,32,107789787149,73000,1
107.795,39,107792397155,2502412,0
107.797,38,107794936161,2502412,0
107.808,39,107807702191,73000,1
107.81,38,107810321197,73000,1
107.811,37,107810472197,73000,1
107.818,37,107815746209,2502412,0
107.821,37,107818347215,2502412,0
107.821,39,107820877221,73000,1
107.821,37,107820948221,73000,1
107.826,33,107823576227,2502412,0
107.829,37,107826106233,2502412,0
107.839,38,107836235257,2502412,0
107.841,34,107838774263,2502412,0
107.844,37,107841313269,2502412,0
107.852,33,107849243287,2502412,0
107.857,38,107854374299,2502412,0
107.859,34,107856904305,2502412,0
107.86,33,107859505311,73000,1
107.86,37,107859505311,73000,1
107.86,34,107859585311,73000,1
107.86,35,107859585311,73000,1
107.862,37,107859745311,2502412,0
107.865,38,107862417317,2502412,0
107.87,33,107870078335,73000,1
107.87,37,107870167335,73000,1
107.87,38,107870247335,73000,1
107.873,39,107870327335,2502412,0
107.873,39,107872856747,73000,1
107.876,39,107873079341,2502412,0
107.886,39,107883235365,2502412,0
107.888,32,107885765371,2502412,0
107.891,32,107891137789,73000,1
107.894,34,107891208789,2502412,0
107.901,32,107898807807,2502412,0
107.904,39,107901364813,2502412,0
107.906,37,107903921819,2502412,0
107.911,38,107908981831,2502412,0
107.912,38,107911511243,73000,1
107.912,39,107911511837,73000,1
107.912,34,107911511837,73000,1
107.914,32,107911582837,2502412,0
107.917,34,107914219843,2502412,0
107.919,34,107916749255,2502412,0
107.922,33,107919279261,2502412,0
107.924,37,107921880267,2502412,0
107.924,32,107924410273,73000,1
107.925,39,107924490273,73000,1
107.932,38,107929772285,2502412,0
107.932,34,107932302291,73000,1
107.932,33,107932382291,73000,1
107.935,37,107932453291,2502412,0
107.938,38,107937593303,73000,1
107.945,37,107945334321,73000,1
107.948,33,107948157327,73000,1
107.948,32,107948299327,73000,1
107.949,37,107948441327,73000,1
107.949,34,107948770003,73000,1
107.954,38,107951371009,2502412,0
107.954,32,107953901015,73000,1
107.954,33,107953901015,73000,1
107.964,39,107964252039,73000,1
107.967,38,107964323039,2502412,0
107.967,38,107966870451,73000,1
107.972,38,107972038057,73000,1
107.975,39,107972118057,2502412,0
107.982,37,107979708075,2502412,0
107.985,39,107982238081,2502412,0
107.987,37,107984768087,2502412,0
107.992,39,107989837099,2502412,0
108.003,39,108000296529,2502412,0
108.003,37,108002826535,73000,1
108.008,39,108008127547,73000,1
108.011,34,108008296547,2502412,0
108.013,37,108010835553,2502412,0
108.016,34,108015922565,73000,1
108.024,38,108023672583,73000,1
108.026,37,108023743583,2502412,0
108.034,32,108031333601,2502412,0
108.036,39,108033863607,2502412,0
108.041,36,108038941619,2502412,0
108.042,36,108041471031,73000,1
108.047,34,108044143631,2502412,0
108.047,37,108046673637,73000,1
108.047,33,108046673637,73000,1
108.049,32,108046744637,2502412,0
108.055,39,108052126649,2502412,0
108.057,35,108054665655,2502412,0
108.06,39,108059743667,73000,1
108.06,32,108059743667,73000,1
108.06,37,108059743667,73000,1
108.065,34,108062353673,2502412,0
108.067,35,108064928679,2502412,0
108.068,34,108067458685,73000,1
108.07,39,108067529685,2502412,0
108.07,39,108070157691,73000,1
108.07,35,108070157691,73000,1
108.07,34,108070246691,73000,1
108.07,36,108070246691,73000,1
108.078,35,108075404703,2502412,0
108.081,37,108078014709,2502412,0
108.086,37,108085604727,73000,1
108.086,32,108085604727,73000,1
108.091,34,108090815739,73000,1
108.096,35,108093425745,2502412,0
108.104,39,108103858769,73000,1
108.104,38,108103965769,73000,1
108.107,35,108106566775,73000,1
108.112,33,108111742787,73000,1
108.112,36,108111822787,73000,1
108.114,37,108111893787,2502412,0
108.117,32,108114441793,2502412,0
108.125,37,108122067811,2502412,0
108.127,38,108124597817,2502412,0
108.13,32,108127127823,2502412,0
108.135,35,108132187835,2502412,0
108.137,32,108134726841,2502412,0
108.137,37,108137265847,73000,1
108.14,34,108137336847,2502412,0
108.14,32,108139893853,73000,1
108.145,38,108145033865,73000,1
108.148,35,108145122865,2502412,0
108.148,34,108147679871,73000,1
108.153,39,108150387877,2502412,0
108.153,35,108152917883,73000,1
108.153,32,108152917883,73000,1
108.161,35,108160909901,73000,1
108.164,39,108163581907,73000,1
108.164,37,108163581907,73000,1
108.176,34,108173870931,2502412,0
108.179,38,108176471937,2502412,0
108.179,36,108179001943,73000,1
108.182,34,108181682949,73000,1
108.182,38,108181753949,73000,1
108.182,39,108181833949,73000,1
108.184,38,108181904949,2502412,0
108.189,38,108186973961,2502412,0
108.2,38,108197236985,2502412,0
108.203,37,108200088991,2502412,0
108.203,38,108202618997,73000,1
108.208,39,108207786009,73000,1
108.21,34,108207857009,2502412,0
108.21,37,108210405015,73000,1
108.213,32,108210476015,2502412,0
108.213,32,108213005427,73000,1
108.213,35,108213086021,73000,1
108.218,38,108218217033,73000,1
108.221,34,108220907039,73000,1
108.229,38,108228604057,73000,1
108.234,32,108231214063,2502412,0
108.234,38,108233744069,73000,1
108.236,37,108233815069,2502412,0
108.241,34,108238875081,2502412,0
108.252,37,108249022105,2502412,0
108.254,32,108251552111,2502412,0
108.254,37,108254153117,73000,1
108.254,38,108254233117,73000,1
108.257,32,108254304117,2502412,0
108.26,34,108259676535,73000,1
108.26,37,108259783535,73000,1
108.262,32,108259854535,2502412,0
108.265,32,108265074547,73000,1
108.27,34,108267791553,2502412,0
108.275,32,108272869565,2502412,0
108.275,34,108275399571,73000,1
108.286,37,108285697595,73000,1
108.288,32,108288325601,73000,1
108.299,34,108296075619,2502412,0
108.304,32,108301546037,2502412,0
108.309,34,108306615049,2502412,0
108.312,34,108311693061,73000,1
108.312,39,108311693061,73000,1
108.319,32,108316851073,2502412,0
108.322,34,108319381079,2502412,0
108.327,32,108324610091,2502412,0
108.33,34,108327140097,2502412,0
108.332,35,108329679103,2502412,0
108.335,32,108332209109,2502412,0
108.337,35,108337367121,73000,1
108.342,34,108339977127,2502412,0
108.348,32,108345135139,2502412,0
108.35,32,108347664551,2502412,0
108.36,34,108357811575,2502412,0
108.363,34,108363183993,73000,1
108.363,32,108363263993,73000,1
108.363,35,108363263993,73000,1
108.369,34,108368431005,73000,1
108.376,36,108376332023,73000,1
108.382,39,108379058029,2502412,0
108.382,39,108381605441,73000,1
108.384,32,108381677035,2502412,0
108.392,32,108389436053,2502412,0
108.392,32,108391974465,73000,1
108.397,32,108394576065,2502412,0
108.4,39,108397115071,2502412,0
108.41,37,108407636501,2502412,0
108.413,32,108410175507,2502412,0
108.413,37,108412705513,73000,1
108.413,35,108412705513,73000,1
108.418,39,108417925525,73000,1
108.418,34,108417925525,73000,1
108.418,32,108417996525,73000,1
108.421,37,108420615531,73000,1
108.434,39,108433532561,73000,1
108.436,32,108436133567,73000,1
108.436,37,108436293567,73000,1
108.467,32,108464847633,2502412,0
108.477,32,108474976657,2502412,0
108.483,39,108480036669,2502412,0
108.495,39,108495261705,73000,1
108.495,32,108495261705,73000,1
108.5,32,108497942711,2502412,0
108.508,32,108505845135,2502412,0
108.511,32,108511003147,73000,1
108.511,39,108511083147,73000,1
108.516,37,108516241159,73000,1
108.527,34,108524222177,2502412,0
108.529,35,108526752183,2502412,0
108.534,32,108531821195,2502412,0
108.537,35,108536881207,73000,1
108.545,32,108544560225,73000,1
108.545,34,108544560225,73000,1
108.547,39,108547179231,73000,1
108.547,34,108547268231,73000,1
108.55,35,108549976237,73000,1
108.55,34,108549976237,73000,1
108.555,32,108555205249,73000,1
108.558,35,108555276249,2502412,0
108.56,39,108560354261,73000,1
108.568,38,108568346279,73000,1
108.568,35,108568417279,73000,1
108.584,35,108581165309,2502412,0
108.596,32,108593824339,2502412,0
108.596,32,108596371751,73000,1
108.596,35,108596372345,73000,1
108.601,35,108598982351,2502412,0
108.602,35,108601529763,73000,1
108.602,32,108601788357,73000,1
108.604,33,108601859357,2502412,0
108.607,35,108604389363,2502412,0
108.618,35,108617538799,73000,1
108.618,33,108617618799,73000,1
108.625,36,108625306817,73000,1
108.625,35,108625404817,73000,1
108.636,39,108635738841,73000,1
108.643,33,108640878853,2502412,0
108.646,33,108643408265,2502412,0
108.651,32,108648477277,2502412,0
108.654,33,108653546289,73000,1
108.656,34,108656263295,73000,1
108.656,32,108656334295,73000,1
108.664,33,108661554307,2502412,0
108.667,35,108664084313,2502412,0
108.67,33,108669465731,73000,1
108.672,37,108669687731,2502412,0
108.672,33,108672217737,73000,1
108.677,32,108674827743,2502412,0
108.68,37,108677357749,2502412,0
108.68,37,108679887161,73000,1
108.682,35,108679958755,2502412,0
108.685,35,108685018767,73000,1
108.688,32,108685302767,2502412,0
108.698,32,108697970797,73000,1
108.698,33,108697970797,73000,1
108.703,37,108703119809,73000,1
108.706,32,108703190809,2502412,0
108.711,32,108711147233,73000,1
108.711,35,108711147233,73000,1
108.732,32,108729275275,2502412,0
108.74,33,108737017293,2502412,0
108.74,32,108739565299,73000,1
108.742,35,108739645299,2502412,0
108.742,33,108742175305,73000,1
108.747,37,108744927311,2502412,0
108.748,32,108747457317,73000,1
108.75,37,108750147323,73000,1
108.75,35,108750147323,73000,1
108.758,33,108755358335,2502412,0
108.771,33,108768455365,2502412,0
108.774,33,108773515377,73000,1
108.776,37,108776116383,73000,1
108.784,35,108781505395,2502412,0
108.784,32,108784035401,73000,1
108.787,36,108784177401,2502412,0
108.789,32,108789406413,73000,1
108.789,35,108789406413,73000,1
108.789,33,108789406413,73000,1
108.797,39,108794688425,2502412,0
108.797,39,108797217837,73000,1
108.797,36,108797218431,73000,1
108.8,36,108799908437,73000,1
108.805,34,108802634443,2502412,0
108.808,34,108807694455,73000,1
108.808,39,108807694455,73000,1
108.816,34,108813164873,2502412,0
108.818,36,108818224885,73000,1
108.826,35,108823355897,2502412,0
108.828,34,108825903903,2502412,0
108.831,37,108830963915,73000,1
108.836,33,108833591921,2502412,0
108.836,34,108836121927,73000,1
108.839,33,108838793933,73000,1
108.839,35,108838793933,73000,1
108.867,33,108866935999,73000,1
108.87,39,108867006999,2502412,0
108.87,34,108869537005,73000,1
108.87,35,108869626005,73000,1
108.878,39,108875177017,2502412,0
108.88,33,108880237029,73000,1
108.88,39,108880344029,73000,1
108.88,34,108880344029,73000,1
108.88,35,108880415029,73000,1
108.893,34,108890642053,2502412,0
108.896,36,108893172059,2502412,0
108.898,36,108895701471,2502412,0
108.906,34,108903460489,2502412,0
108.909,36,108905999495,2502412,0
108.909,39,108908529501,73000,1
108.909,36,108908600501,73000,1
108.919,34,108919272931,73000,1
108.925,34,108922024937,2502412,0
108.925,39,108924572943,73000,1
108.927,36,108924643943,2502412,0
108.93,36,108927173355,2502412,0
108.93,32,108929783361,73000,1
108.938,34,108937462379,73000,1
108.94,36,108937533379,2502412,0
108.95,37,108950379409,73000,1
108.953,36,108950450409,2502412,0
108.958,36,108958112427,73000,1
108.958,39,108958112427,73000,1
108.958,34,108958112427,73000,1
108.966,34,108965889445,73000,1
108.971,38,108968597451,2502412,0
108.982,38,108979039475,2502412,0
108.984,36,108981676481,2502412,0
108.987,33,108984206487,2502412,0
108.989,36,108986745493,2502412,0
108.992,33,108989275499,2502412,0
108.994,38,108991805505,2502412,0
108.997,36,108994335511,2502412,0
108.997,35,108996945517,73000,1
109.007,33,109004615535,2502412,0
109.012,38,109009675547,2502412,0
109.015,36,109012205553,2502412,0
109.018,36,109017648971,73000,1
109.018,38,109017648971,73000,1
109.023,33,109022806983,73000,1
109.028,32,109027937995,73000,1
109.036,38,109033087007,2502412,0
109.038,36,109038147019,73000,1
109.048,38,109045924037,2502412,0
109.056,33,109053621055,2502412,0
109.059,38,109056169061,2502412,0
109.061,36,109058699067,2502412,0
109.069,38,109066307085,2502412,0
109.071,38,109071385097,73000,1
109.071,36,109071385097,73000,1
109.072,33,109071456097,73000,1
109.079,34,109076909109,2502412,0
109.085,34,109084517127,73000,1
109.085,36,109084606127,73000,1
109.092,39,109092312145,73000,1
109.095,38,109092401145,2502412,0
109.098,33,109097461157,73000,1
109.103,34,109100222163,2502412,0
109.103,38,109102850169,73000,1
109.103,37,109102850169,73000,1
109.113,38,109113272193,73000,1
109.113,34,109113272193,73000,1
109.139,36,109136631653,2502412,0
109.147,34,109146751677,73000,1
109.149,36,109146911677,2502412,0
109.157,33,109154528695,2502412,0
109.165,36,109162136713,2502412,0
109.165,38,109164666719,73000,1
109.175,33,109172336737,2502412,0
109.178,36,109177736749,73000,1
109.18,33,109177878749,2502412,0
109.183,36,109182938761,73000,1
109.191,36,109190626779,73000,1
109.193,33,109190733779,2502412,0
109.206,34,109203561809,2502412,0
109.206,33,109206091815,73000,1
109.206,35,109206091815,73000,1
109.206,34,109206216815,73000,1
109.214,36,109211534827,2502412,0
109.222,36,109222243257,73000,1
109.222,34,109222314257,73000,1
109.223,36,109222545257,73000,1
109.223,33,109222545257,73000,1
109.251,38,109248415317,2502412,0
109.256,33,109253555329,2502412,0
109.259,33,109256192335,2502412,0
109.264,38,109263809353,73000,1
109.264,34,109263880353,73000,1
109.266,36,109263969353,2502412,0
109.267,33,109266499359,73000,1
109.267,36,109266570359,73000,1
109.274,38,109274320377,73000,1
109.277,36,109274471377,2502412,0
109.277,36,109277081383,73000,1
109.283,33,109282623395,73000,1
109.288,37,109287923407,73000,1
109.298,36,109298354431,73000,1
109.319,34,109316313473,2502412,0
109.332,34,109329373909,2502412,0
109.335,34,109334602921,73000,1
109.34,38,109337274927,2502412,0
109.345,33,109344980945,73000,1
109.353,38,109352659963,73000,1
109.353,34,109352659963,73000,1
109.36,36,109357888975,2502412,0
109.363,36,109360418387,2502412,0
109.368,36,109368035405,73000,1
109.368,34,109368115405,73000,1
109.371,39,109368186405,2502412,0
109.378,38,109375883423,2502412,0
109.378,39,109378422429,73000,1
109.384,38,109383902441,73000,1
109.384,36,109383902441,73000,1
109.404,36,109401835483,2502412,0
109.404,39,109404365489,73000,1
109.407,36,109407055495,73000,1
109.407,34,109407055495,73000,1
109.415,38,109412275507,2502412,0
109.417,33,109414805513,2502412,0
109.423,36,109422431531,73000,1
109.423,33,109422520531,73000,1
109.425,38,109425210537,73000,1
109.425,36,109425210537,73000,1
109.428,33,109428212949,73000,1
109.436,38,109433539961,2502412,0
109.441,38,109438741973,2502412,0
109.441,38,109441271385,73000,1
109.441,39,109441271979,73000,1
109.46,34,109459471021,73000,1
109.46,39,109459551021,73000,1
109.472,33,109472370051,73000,1
109.473,38,109472441051,73000,1
109.488,39,109485716081,2502412,0
109.493,39,109490892093,2502412,0
109.494,36,109493431099,73000,1
109.496,38,109496059105,73000,1
109.499,39,109496210105,2502412,0
109.499,36,109498829111,73000,1
109.499,39,109498900111,73000,1
109.509,38,109506632129,2502412,0
109.514,39,109514231147,73000,1
109.52,38,109519487159,73000,1
109.52,39,109519558159,73000,1
109.543,38,109540386613,2502412,0
109.556,33,109555602649,73000,1
109.556,38,109555673649,73000,1
109.568,38,109565989673,2502412,0
109.571,38,109568635679,2502412,0
109.574,38,109573713691,73000,1
109.574,38,109573926691,73000,1
109.577,39,109574148691,2502412,0
109.579,39,109579208703,73000,1
109.598,39,109595075739,2502412,0
109.603,39,109600153751,2502412,0
109.605,39,109605409763,73000,1
109.611,35,109610718775,73000,1
109.611,38,109610869775,73000,1
109.611,39,109610869775,73000,1
109.645,39,109645273259,73000,1
109.651,39,109650564271,73000,1
109.656,38,109655722283,73000,1
109.664,32,109663721301,73000,1
109.674,33,109674170325,73000,1
109.703,36,109700299385,2502412,0
109.713,36,109713287415,73000,1
109.726,36,109723576439,2502412,0
109.734,35,109731335457,2502412,0
109.744,36,109741857487,2502412,0
109.747,35,109747015499,73000,1
109.752,36,109752182511,73000,1
109.752,35,109752182511,73000,1
109.757,33,109754961517,2502412,0
109.76,34,109757491523,2502412,0
109.765,34,109765090541,73000,1
109.765,36,109765090541,73000,1
109.78,33,109777980571,2502412,0
109.788,33,109785650589,2502412,0
109.794,39,109793633607,73000,1
109.794,34,109793633607,73000,1
109.809,33,109806381637,2502412,0
109.809,33,109809027643,73000,1
109.817,34,109816848661,73000,1
109.824,35,109821988673,2502412,0
109.827,35,109824518085,2502412,0
109.827,35,109827137091,73000,1
109.83,36,109827208091,2502412,0
109.837,33,109834958109,2502412,0
109.845,33,109842879127,2502412,0
109.848,36,109845427133,2502412,0
109.85,36,109847956545,2502412,0
109.858,33,109858094569,73000,1
109.863,36,109863234581,73000,1
109.868,33,109865835587,2502412,0
109.873,35,109870895599,2502412,0
109.876,35,109876009611,73000,1
109.881,33,109881220623,73000,1
109.881,38,109881220623,73000,1
109.884,34,109881371623,2502412,0
109.884,34,109883901035,73000,1
109.887,36,109886502635,73000,1
109.897,33,109894521653,2502412,0
109.91,35,109909799689,73000,1
109.912,33,109909950689,2502412,0
109.918,34,109915055701,2502412,0
109.923,36,109920115713,2502412,0
109.923,33,109922645719,73000,1
109.933,36,109930404737,2502412,0
109.938,34,109935473749,2502412,0
109.941,33,109938021755,2502412,0
109.944,33,109943483767,73000,1
109.944,36,109943483767,73000,1
109.944,34,109943670767,73000,1
109.944,37,109943670767,73000,1
109.951,34,109951340785,73000,1
109.959,33,109959072803,73000,1
109.962,32,109959152803,2502412,0
109.964,35,109961780809,2502412,0
109.969,33,109969370827,73000,1
109.972,36,109971980833,73000,1
109.977,35,109977120845,73000,1
109.977,32,109977120845,73000,1
109.982,35,109979730851,2502412,0
109.987,36,109984826863,2502412,0
109.998,34,109995017887,2502412,0
110.003,32,110000390305,2502412,0
110.003,35,110002920311,73000,1
110.006,36,110005566317,73000,1
110.006,35,110005566317,73000,1
110.008,32,110005637317,2502412,0
110.008,34,110008176323,73000,1
110.011,35,110008256323,2502412,0
110.013,35,110013316335,73000,1
110.024,34,110021075353,2502412,0
110.024,32,110023614359,73000,1
110.024,34,110023685359,73000,1
110.024,36,110023685359,73000,1
110.024,35,110023756359,73000,1
110.024,32,110023756359,73000,1
110.034,34,110031480377,2502412,0
110.045,34,110044469813,73000,1
110.062,35,110059934849,2502412,0
110.068,34,110065012861,2502412,0
110.07,36,110067613867,2502412,0
110.078,35,110075239885,2502412,0
110.078,36,110077769891,73000,1
110.08,36,110080379897,73000,1
110.08,34,110080379897,73000,1
110.083,34,110080530897,2502412,0
110.088,32,110085590909,2502412,0
110.091,34,110088120915,2502412,0
110.093,35,110090650921,2502412,0
110.101,34,110101172945,73000,1
110.101,35,110101261945,73000,1
110.109,35,110106392957,2502412,0
110.111,32,110108922963,2502412,0
110.114,33,110114071975,73000,1
110.122,32,110119211987,2502412,0
110.124,34,110121812993,2502412,0
110.124,32,110124342999,73000,1
110.124,35,110124413999,73000,1
110.125,34,110124484999,73000,1
110.127,34,110127113005,73000,1
110.13,32,110129741011,73000,1
110.143,36,110140004035,2502412,0
110.145,36,110145376453,73000,1
110.148,34,110145465453,2502412,0
110.15,35,110147995459,2502412,0
110.156,35,110155612477,73000,1
110.163,34,110160779489,2502412,0
110.163,34,110163308901,73000,1
110.166,36,110163380495,2502412,0
110.169,36,110168511507,73000,1
110.174,32,110171272513,2502412,0
110.179,34,110178880531,73000,1
110.187,32,110184020543,2502412,0
110.187,35,110186568549,73000,1
110.187,32,110186648549,73000,1
110.187,39,110186719549,73000,1
110.189,36,110189400555,73000,1
110.192,35,110192108561,73000,1
110.2,32,110197435573,2502412,0
110.202,32,110199964985,2502412,0
110.208,32,110205373403,2502412,0
110.21,32,110207992409,2502412,0
110.216,34,110213061421,2502412,0
110.218,34,110215590833,2502412,0
110.221,34,110220659845,73000,1
110.221,32,110220659845,73000,1
110.236,32,110233558875,2502412,0
110.244,36,110243732899,73000,1
110.252,32,110249265317,2502412,0
110.252,34,110251822323,73000,1
110.254,32,110254423329,73000,1
110.257,35,110257033335,73000,1
110.27,32,110267304359,2502412,0
110.278,32,110277558383,73000,1
110.28,34,110277638383,2502412,0
110.288,34,110287874407,73000,1
110.298,36,110295615425,2502412,0
110.303,33,110303339443,73000,1
110.306,32,110303419443,2502412,0
110.306,36,110306270855,73000,1
110.309,32,110308969861,73000,1
110.317,34,110314109873,2502412,0
110.317,36,110316719879,73000,1
110.319,34,110319329885,73000,1
110.319,39,110319329885,73000,1
110.35,32,110350225363,73000,1
110.361,34,110360443387,73000,1
110.366,34,110365690399,73000,1
110.366,38,110365761399,73000,1
110.366,35,110365761399,73000,1
110.376,36,110376131423,73000,1
110.391,34,110388977453,2502412,0
110.399,34,110396745471,2502412,0
110.399,32,110399275477,73000,1
110.41,34,110407356495,2502412,0
110.415,34,110415017513,73000,1
110.42,33,110420175525,73000,1
110.425,34,110425324537,73000,1
110.446,38,110443630579,2502412,0
110.462,38,110459310021,2502412,0
110.464,32,110461840027,2502412,0
110.472,38,110469528045,2502412,0
110.477,38,110474588057,2502412,0
110.482,38,110482196075,73000,1
110.482,32,110482196075,73000,1
110.482,36,110482196075,73000,1
110.493,38,110492467099,73000,1
110.493,32,110492467099,73000,1
110.498,34,110497616111,73000,1
110.503,32,110502854123,73000,1
110.532,35,110529037183,2502412,0
110.532,38,110531567189,73000,1
110.532,37,110531647189,73000,1
110.534,35,110534408195,73000,1
110.534,37,110534408195,73000,1
110.54,32,110537089201,2502412,0
110.54,37,110539699207,73000,1
110.542,35,110539770207,2502412,0
110.542,32,110542318213,73000,1
110.56,35,110557908655,2502412,0
110.566,35,110565800673,73000,1
110.571,37,110568570679,2502412,0
110.571,32,110571100685,73000,1
110.571,35,110571171685,73000,1
110.571,37,110571242685,73000,1
110.577,34,110576471697,73000,1
110.577,37,110576542697,73000,1
110.579,32,110576613697,2502412,0
110.597,37,110594377739,2502412,0
110.604,32,110601967757,2502412,0
110.605,32,110604506169,73000,1
110.605,37,110604506763,73000,1
110.613,39,110612605781,73000,1
110.623,38,110620382799,2502412,0
110.625,35,110622930805,2502412,0
110.628,37,110627990817,73000,1
110.631,35,110628079817,2502412,0
110.631,38,110630680823,73000,1
110.631,39,110630680823,73000,1
110.631,32,110630760823,73000,1
110.639,35,110638599841,73000,1
110.639,32,110638750841,73000,1
110.639,37,110638972841,73000,1
110.642,35,110639141841,2502412,0
110.642,39,110641698847,73000,1
110.642,38,110641876847,73000,1
110.647,35,110647096859,73000,1
110.67,37,110667952313,2502412,0
110.678,36,110675569331,2502412,0
110.688,35,110685849355,2502412,0
110.688,36,110688379361,73000,1
110.688,37,110688379361,73000,1
110.689,39,110688468361,73000,1
110.691,36,110691087367,73000,1
110.691,37,110691087367,73000,1
110.691,35,110691158367,73000,1
110.691,34,110691158367,73000,1
110.694,36,110691229367,2502412,0
110.699,32,110698935385,73000,1
110.699,38,110699148385,73000,1
110.702,36,110701749391,73000,1
110.702,36,110701891391,73000,1
110.712,35,110709721409,2502412,0
110.718,35,110715397421,2502412,0
110.726,37,110725606445,73000,1
110.726,35,110725677445,73000,1
110.728,36,110725748445,2502412,0
110.736,34,110733365463,2502412,0
110.741,35,110740955481,73000,1
110.744,36,110743556487,73000,1
110.744,33,110743556487,73000,1
110.744,34,110743627487,73000,1
110.746,39,110746388493,73000,1
110.747,38,110746619493,73000,1
110.747,34,110746619493,73000,1
110.752,36,110749327499,2502412,0
110.754,36,110751928505,2502412,0
110.76,37,110757006517,2502412,0
110.767,36,110764980535,2502412,0
110.768,35,110767510541,73000,1
110.78,37,110777728565,2502412,0
110.783,37,110780266977,2502412,0
110.785,36,110782805983,2502412,0
110.798,37,110795510013,2502412,0
110.806,36,110803118031,2502412,0
110.808,38,110808187043,73000,1
110.808,34,110808338043,73000,1
110.808,32,110808409043,73000,1
110.809,37,110808489043,73000,1
110.809,36,110808631043,73000,1
110.82,37,110819757067,73000,1
110.828,35,110827507085,73000,1
110.83,36,110827658085,2502412,0
110.84,37,110840308115,73000,1
110.845,34,110842909121,2502412,0
110.848,36,110845439127,2502412,0
110.856,36,110853047145,2502412,0
110.866,34,110863497575,2502412,0
110.869,36,110868646587,73000,1
110.871,34,110871354593,73000,1
110.879,36,110876592605,2502412,0
110.882,37,110879140611,2502412,0
110.882,37,110881750617,73000,1
110.885,36,110884431623,73000,1
110.895,36,110892163641,2502412,0
110.9,34,110899851659,73000,1
110.903,37,110900002659,2502412,0
110.905,36,110902612665,2502412,0
110.91,37,110910291683,73000,1
110.91,35,110910291683,73000,1
110.91,36,110910407683,73000,1
110.921,34,110918444701,2502412,0
110.923,37,110920974707,2502412,0
110.926,36,110923611713,2502412,0
110.936,36,110933740737,2502412,0
110.936,34,110936279743,73000,1
110.939,37,110936368743,2502412,0
110.939,37,110938916155,73000,1
110.939,36,110939165749,73000,1
110.96,39,110959761797,73000,1
110.962,34,110962362803,73000,1
110.973,37,110970336227,2502412,0
110.978,37,110975396239,2502412,0
110.978,37,110978024245,73000,1
110.978,36,110978024245,73000,1
110.991,38,110988358269,2502412,0
110.991,38,110990896681,73000,1
110.991,34,110990897275,73000,1
110.999,37,110998647293,73000,1
111.001,38,111001257299,73000,1
111.012,36,111009381317,2502412,0
111.025,36,111022504347,2502412,0
111.028,36,111027600359,73000,1
111.04,36,111037871383,2502412,0
111.045,36,111042931395,2502412,0
111.053,38,111050548413,2502412,0
111.066,38,111066067855,73000,1
111.066,36,111066138855,73000,1
111.066,37,111066138855,73000,1
111.076,38,111076374879,73000,1
111.077,36,111076445879,73000,1
111.077,33,111076694879,73000,1
111.092,33,111092052915,73000,1
111.1,33,111097201927,2502412,0
111.102,33,111099731339,2502412,0
111.102,33,111102332345,73000,1
111.105,34,111102412345,2502412,0
111.108,34,111105013351,2502412,0
111.11,34,111110100363,73000,1
111.113,34,111112710369,73000,1
111.126,33,111123268393,2502412,0
111.133,36,111130965411,2502412,0
111.136,38,111133495417,2502412,0
111.141,33,111141094435,73000,1
111.144,37,111143802441,73000,1
111.146,36,111143873441,2502412,0
111.147,38,111146474447,73000,1
111.152,34,111149306453,2502412,0
111.154,33,111151845459,2502412,0
111.159,33,111156914471,2502412,0
111.16,36,111159444477,73000,1
111.16,32,111159444477,73000,1
111.167,34,111164575489,2502412,0
111.175,34,111172486913,2502412,0
111.175,33,111175016919,73000,1
111.183,34,111180334931,2502412,0
111.188,38,111185403943,2502412,0
111.193,34,111193100961,73000,1
111.193,36,111193180961,73000,1
111.196,33,111193251961,2502412,0
111.198,38,111198338973,73000,1
111.199,33,111198427973,73000,1
111.227,34,111224031033,2502412,0
111.227,38,111226873445,73000,1
111.229,36,111226962445,2502412,0
111.232,34,111229563451,2502412,0
111.232,36,111232102457,73000,1
111.232,33,111232173457,73000,1
111.25,34,111247522493,2502412,0
111.263,34,111260297523,2502412,0
111.263,36,111262845529,73000,1
111.263,34,111262934529,73000,1
111.274,38,111273606959,73000,1
111.279,38,111278969971,73000,1
111.282,33,111281570977,73000,1
111.282,34,111281721977,73000,1
111.292,36,111292073001,73000,1
111.339,34,111336091103,2502412,0
111.356,34,111356367151,73000,1
111.369,34,111366746175,2502412,0
111.372,36,111371966187,73000,1
111.375,34,111374915599,73000,1
111.378,37,111375057599,2502412,0
111.385,33,111385373623,73000,1
111.388,37,111387974629,73000,1
111.388,39,111387974629,73000,1
111.401,36,111398263653,2502412,0
111.403,35,111400793659,2502412,0
111.403,34,111403323665,73000,1
111.411,35,111410984683,73000,1
111.411,36,111410984683,73000,1
111.419,37,111416240695,2502412,0
111.419,36,111418770701,73000,1
111.421,35,111421380707,73000,1
111.424,34,111423981713,73000,1
111.435,37,111432044731,2502412,0
111.437,37,111434574143,2502412,0
111.455,37,111454930191,73000,1
111.47,36,111467776221,2502412,0
111.473,36,111470314633,2502412,0
111.475,36,111472871045,2502412,0
111.481,35,111480845063,73000,1
111.484,38,111483464069,73000,1
111.484,37,111483464069,73000,1
111.486,36,111483535069,2502412,0
111.502,36,111501574111,73000,1
111.51,35,111509440129,73000,1
111.515,37,111512050135,2502412,0
111.522,33,111519720153,2502412,0
111.522,33,111522258565,73000,1
111.522,36,111522259159,73000,1
111.525,34,111522366159,2502412,0
111.527,37,111524896165,2502412,0
111.536,37,111535454189,73000,1
111.543,34,111540656201,2502412,0
111.543,36,111543186207,73000,1
111.543,37,111543266207,73000,1
111.546,34,111543426207,2502412,0
111.556,33,111556156237,73000,1
111.559,34,111558784243,73000,1
111.564,33,111561456249,2502412,0
111.567,33,111566596261,73000,1
111.572,34,111572038273,73000,1
111.575,36,111574791279,73000,1
111.583,37,111580341697,2502412,0
111.585,33,111582871703,2502412,0
111.601,33,111598229739,2502412,0
111.606,37,111603360751,2502412,0
111.611,34,111608420763,2502412,0
111.616,32,111613480775,2502412,0
111.616,37,111616019781,73000,1
111.619,34,111618629787,73000,1
111.619,33,111618629787,73000,1
111.631,32,111628847811,2502412,0
111.64,32,111639432835,73000,1
111.64,37,111639432835,73000,1
111.642,33,111642113841,73000,1
111.645,32,111642255841,2502412,0
111.647,32,111644794253,2502412,0
111.65,32,111649854265,73000,1
111.652,34,111649925265,2502412,0
111.66,34,111657675283,2502412,0
111.665,32,111665354301,73000,1
111.666,34,111665470301,73000,1
111.666,33,111665612301,73000,1
111.666,32,111665612301,73000,1
111.668,37,111665772301,2502412,0
111.673,37,111670832313,2502412,0
111.676,37,111676043325,73000,1
111.676,35,111676043325,73000,1
111.682,37,111681593743,73000,1
111.687,32,111684230749,2502412,0
111.689,32,111689290761,73000,1
111.692,34,111691900767,73000,1
111.695,32,111694501773,73000,1
111.7,32,111699650785,73000,1
111.725,37,111722758839,2502412,0
111.73,37,111727854851,2502412,0
111.738,37,111738385875,73000,1
111.738,32,111738385875,73000,1
111.741,33,111738465875,2502412,0
111.743,37,111740995881,2502412,0
111.746,33,111743525887,2502412,0
111.751,37,111748683899,2502412,0
111.759,33,111756273917,2502412,0
111.759,37,111758812923,73000,1
111.759,34,111758892923,73000,1
111.764,33,111761520929,2502412,0
111.764,37,111764121935,73000,1
111.774,33,111774419959,73000,1
111.777,36,111777020965,73000,1
111.78,34,111779728971,73000,1
111.785,37,111785377389,73000,1
111.788,33,111788049395,73000,1
111.798,38,111795755413,2502412,0
111.811,35,111808423443,2502412,0
111.816,35,111813492455,2502412,0
111.816,38,111816049461,73000,1
111.824,35,111821207473,2502412,0
111.829,33,111826276485,2502412,0
111.834,33,111831487497,2502412,0
111.834,35,111834017503,73000,1
111.834,38,111834177503,73000,1
111.834,35,111834257503,73000,1
111.834,35,111834417503,73000,1
111.84,33,111837169509,2502412,0
111.85,33,111850238945,73000,1
111.85,38,111850238945,73000,1
111.858,33,111855601957,2502412,0
111.861,33,111860688969,73000,1
111.861,34,111860866969,73000,1
111.866,32,111863565975,2502412,0
111.869,33,111868625987,73000,1
111.871,32,111868705987,2502412,0
111.879,32,111878995011,73000,1
111.884,37,111881667017,2502412,0
111.884,37,111884205429,73000,1
111.884,33,111884206023,73000,1
111.898,35,111895198453,2502412,0
111.898,32,111897888459,73000,1
111.908,37,111908097483,73000,1
111.908,32,111908097483,73000,1
111.908,35,111908168483,73000,1
111.921,38,111921183513,73000,1
111.927,35,111926554525,73000,1
111.939,33,111939311555,73000,1
111.942,39,111941939561,73000,1
111.945,37,111944971009,73000,1
111.955,37,111955207033,73000,1
111.955,35,111955385033,73000,1
112,36,111999437541,73000,1
112.007,32,112004746553,2502412,0
112.02,32,112020086589,73000,1
112.043,34,112040531637,2502412,0
112.043,35,112043061643,73000,1
112.051,34,112048514655,2502412,0
112.056,34,112056238673,73000,1
112.056,32,112056238673,73000,1
112.08,34,112077154721,2502412,0
112.09,34,112090260157,73000,1
112.09,33,112090260157,73000,1
112.09,35,112090260157,73000,1
112.101,32,112100505181,73000,1
112.113,37,112113395211,73000,1
112.116,34,112115996217,73000,1
112.126,38,112126276241,73000,1
112.134,34,112134089259,73000,1
112.155,34,112152486301,2502412,0
112.17,34,112170365343,73000,1
112.183,34,112183193373,73000,1
112.189,34,112188502385,73000,1
112.214,32,112211940845,2502412,0
112.222,32,112222087869,73000,1
112.245,32,112242924917,2502412,0
112.256,32,112256136947,73000,1
112.264,38,112261499959,2502412,0
112.264,38,112264047371,73000,1
112.267,38,112266648971,73000,1
112.272,32,112272055983,73000,1
112.28,38,112279726001,73000,1
112.295,34,112292705031,2502412,0
112.311,34,112308403067,2502412,0
112.316,34,112315993085,73000,1
112.316,35,112316144085,73000,1
112.329,32,112326557109,2502412,0
112.334,34,112331688121,2502412,0
112.335,32,112334431127,73000,1
112.337,34,112334573127,2502412,0
112.34,34,112339775139,73000,1
112.348,32,112347525157,73000,1
112.353,38,112350215163,2502412,0
112.356,34,112353057575,2502412,0
112.356,38,112355729581,73000,1
112.356,32,112355729581,73000,1
112.363,34,112363399599,73000,1
112.376,38,112373759623,2502412,0
112.381,38,112378828635,2502412,0
112.381,38,112381358047,73000,1
112.392,34,112389055659,2502412,0
112.394,34,112391585071,2502412,0
112.394,38,112394124077,73000,1
112.394,34,112394195077,73000,1
112.4,32,112399701495,73000,1
112.405,38,112402391501,2502412,0
112.407,38,112404929913,2502412,0
112.415,38,112415138937,73000,1
112.42,38,112417775943,2502412,0
112.423,34,112420385949,2502412,0
112.438,38,112435601985,2502412,0
112.441,38,112440661997,73000,1
112.441,34,112440661997,73000,1
112.448,38,112445980009,2502412,0
112.451,38,112448599015,2502412,0
112.451,34,112451138021,73000,1
112.472,38,112469321063,2502412,0
112.472,38,112471859475,73000,1
112.472,34,112471940069,73000,1
112.482,38,112479637087,2502412,0
112.482,38,112482166499,73000,1
112.498,38,112497481129,73000,1
112.528,37,112528412607,73000,1
112.528,34,112528412607,73000,1
112.529,39,112528483607,73000,1
112.531,39,112531093613,73000,1
112.544,33,112541338637,2502412,0
112.557,33,112554157667,2502412,0
112.56,39,112557080079,2502412,0
112.562,33,112559619085,2502412,0
112.565,39,112564688097,73000,1
112.57,38,112567298103,2502412,0
112.573,33,112572447115,73000,1
112.58,38,112577587127,2502412,0
112.59,33,112587725151,2502412,0
112.6,38,112600393181,73000,1
112.6,34,112600393181,73000,1
112.608,39,112605845599,2502412,0
112.613,33,112610923611,2502412,0
112.616,33,112616072623,73000,1
112.616,38,112616072623,73000,1
112.621,39,112618833629,2502412,0
112.621,33,112621363635,73000,1
112.622,38,112621452635,73000,1
112.634,39,112631706659,2502412,0
112.637,33,112634236665,2502412,0
112.645,33,112644552689,73000,1
112.645,39,112644552689,73000,1
112.645,32,112644641689,73000,1
112.657,39,112654850713,2502412,0
112.657,36,112657389719,73000,1
112.668,39,112665381737,2502412,0
112.673,32,112670468749,2502412,0
112.678,33,112678067767,73000,1
112.678,39,112678156767,73000,1
112.684,39,112683465779,73000,1
112.684,32,112683465779,73000,1
112.702,32,112701540821,73000,1
112.722,38,112719759269,2502412,0
112.722,39,112722289275,73000,1
112.727,33,112724899281,2502412,0
112.73,38,112727518287,2502412,0
112.733,33,112732587299,73000,1
112.74,38,112737745311,2502412,0
112.745,39,112745415329,73000,1
112.748,38,112748025335,73000,1
112.756,32,112753183347,2502412,0
112.756,32,112755712759,73000,1
112.766,33,112763714371,2502412,0
112.782,33,112781522413,73000,1
112.782,38,112781709413,73000,1
112.789,32,112786840425,2502412,0
112.8,32,112797111449,2502412,0
112.805,38,112802358461,2502412,0
112.808,33,112807730879,73000,1
112.81,39,112807872879,2502412,0
112.813,32,112813003891,73000,1
112.813,38,112813145891,73000,1
112.816,32,112813216891,2502412,0
112.826,32,112825884921,73000,1
112.826,33,112825884921,73000,1
112.829,33,112828485927,73000,1
112.829,39,112828485927,73000,1
112.839,32,112838748951,73000,1
112.841,38,112838837951,2502412,0
112.841,32,112841367957,73000,1
112.854,38,112851638981,2502412,0
112.857,38,112854168393,2502412,0
112.862,39,112861794411,73000,1
112.87,38,112867256423,2502412,0
112.89,38,112887541471,2502412,0
112.9,38,112900334501,73000,1
112.903,38,112900494501,2502412,0
112.903,38,112903032913,73000,1
112.911,39,112908173519,2502412,0
112.914,39,112911052525,2502412,0
112.924,38,112923898555,73000,1
112.924,39,112923978555,73000,1
112.924,39,112924138555,73000,1
112.94,33,112939995591,73000,1
112.945,32,112942650597,2502412,0
112.958,32,112955469627,2502412,0
112.961,35,112960529639,73000,1
112.961,38,112960529639,73000,1
112.963,33,112960600639,2502412,0
112.974,32,112973732669,73000,1
112.974,33,112973812669,73000,1
112.974,39,112973892669,73000,1
112.987,32,112984252693,2502412,0
112.999,34,112996938723,2502412,0
113,33,112999468729,73000,1
113,34,112999708729,73000,1
113,32,112999708729,73000,1
113.008,34,113007503747,73000,1
113.021,32,113018007177,2502412,0
113.023,33,113020608183,2502412,0
113.023,33,113023137595,73000,1
113.034,32,113033702213,73000,1
113.037,33,113036614219,73000,1
113.037,32,113036685219,73000,1
113.037,33,113036792219,73000,1
113.039,34,113039402225,73000,1
113.047,39,113047152243,73000,1
113.047,32,113047223243,73000,1
113.068,38,113067731291,73000,1
113.127,33,113127179835,73000,1
113.135,32,113132337847,2502412,0
113.135,32,113134876259,73000,1
113.137,34,113134947853,2502412,0
113.138,32,113137477859,73000,1
113.143,38,113140176865,2502412,0
113.155,34,113152924895,2502412,0
113.158,34,113155454307,2502412,0
113.163,38,113163044325,73000,1
113.166,34,113163115325,2502412,0
113.168,34,113168264337,73000,1
113.168,32,113168264337,73000,1
113.179,34,113179124361,73000,1
113.182,38,113181725367,73000,1
113.184,39,113181796367,2502412,0
113.192,39,113192210391,73000,1
113.2,39,113200023409,73000,1
113.2,34,113200094409,73000,1
113.2,39,113200334409,73000,1
113.2,34,113200334409,73000,1
113.234,38,113231265887,2502412,0
113.237,37,113236583899,73000,1
113.239,38,113239406905,73000,1
113.242,32,113242078911,73000,1
113.243,33,113242513911,73000,1
113.243,38,113242655911,73000,1
113.253,32,113250680929,2502412,0
113.261,32,113258288947,2502412,0
113.263,32,113263384959,73000,1
113.263,38,113263384959,73000,1
113.264,39,113263464959,73000,1
113.264,37,113263464959,73000,1
113.269,37,113268773971,73000,1
113.277,32,113274217983,2502412,0
113.28,32,113279428995,73000,1
113.287,38,113287268013,73000,1
113.292,32,113289967019,2502412,0
113.3,37,113297637037,2502412,0
113.303,37,113300175449,2502412,0
113.305,32,113302785455,2502412,0
113.308,37,113305324461,2502412,0
113.313,32,113310402473,2502412,0
113.315,32,113312976885,2502412,0
113.321,37,113320906309,73000,1
113.329,38,113326206321,2502412,0
113.331,32,113331266333,73000,1
113.334,38,113333867339,73000,1
113.339,38,113339016351,73000,1
113.349,37,113346757369,2502412,0
113.357,37,113356966393,73000,1
113.362,32,113359665399,2502412,0
113.372,32,113369803423,2502412,0
113.372,37,113372342429,73000,1
113.375,32,113372431429,2502412,0
113.378,38,113377849441,73000,1
113.38,32,113377920441,2502412,0
113.386,32,113383273453,2502412,0
113.386,32,113385892459,73000,1
113.386,39,113386034459,73000,1
113.386,32,113386034459,73000,1
113.391,36,113391325471,73000,1
113.392,37,113391467471,73000,1
113.394,32,113391716471,2502412,0
113.394,36,113394255477,73000,1
113.405,32,113402112495,2502412,0
113.405,36,113404651501,73000,1
113.405,32,113404731501,73000,1
113.413,39,113412508519,73000,1
113.415,34,113415127525,73000,1
113.428,32,113428338961,73000,1
113.439,38,113438618985,73000,1
113.452,32,113449006009,2502412,0
113.454,36,113454155021,73000,1
113.457,32,113456801027,73000,1
113.47,32,113469861057,73000,1
113.483,37,113483126087,73000,1
113.506,33,113506270141,73000,1
113.506,36,113506270141,73000,1
113.53,32,113527080595,2502412,0
113.545,32,113544799637,73000,1
113.55,32,113547427643,2502412,0
113.56,32,113560202673,73000,1
113.568,32,113567961691,73000,1
113.594,32,113594117751,73000,1
113.63,36,113627704235,2502412,0
113.633,39,113632764247,73000,1
113.636,38,113635436253,73000,1
113.646,36,113643275271,2502412,0
113.651,36,113650981289,73000,1
113.687,36,113684683367,2502412,0
113.702,33,113699943403,2502412,0
113.705,36,113705101415,73000,1
113.708,37,113705243415,2502412,0
113.713,33,113712833433,73000,1
113.723,32,113720583451,2502412,0
113.728,37,113725732463,2502412,0
113.729,37,113728584469,73000,1
113.734,37,113733715481,73000,1
113.736,36,113733857481,2502412,0
113.736,32,113736387487,73000,1
113.739,36,113736467487,2502412,0
113.742,36,113741616499,73000,1
113.742,32,113741616499,73000,1
113.747,33,113744359505,2502412,0
113.752,33,113749419517,2502412,0
113.757,36,113757027535,73000,1
113.762,33,113759637541,2502412,0
113.777,36,113774853577,2502412,0
113.777,36,113777382989,73000,1
113.783,33,113782532595,73000,1
113.793,37,113793223619,73000,1
113.793,36,113793303619,73000,1
113.801,33,113798541631,2502412,0
113.806,32,113803610643,2502412,0
113.806,33,113806140649,73000,1
113.806,32,113806211649,73000,1
113.814,38,113814033667,73000,1
113.814,33,113814033667,73000,1
113.829,32,113826817697,2502412,0
113.835,32,113834845121,73000,1
113.84,36,113837464127,2502412,0
113.845,36,113842595139,2502412,0
113.855,36,113855334169,73000,1
113.855,33,113855423169,73000,1
113.858,32,113855574169,2502412,0
113.858,37,113858122175,73000,1
113.861,32,113860732181,73000,1
113.863,36,113863351187,73000,1
113.868,32,113865952193,2502412,0
113.884,32,113883849235,73000,1
113.884,35,113883849235,73000,1
113.892,34,113891859253,73000,1
113.892,35,113891948253,73000,1
113.895,33,113892099253,2502412,0
113.9,33,113899778271,73000,1
113.9,32,113899858271,73000,1
113.91,33,113910227295,73000,1
113.91,35,113910227295,73000,1
113.923,32,113920498319,2502412,0
113.926,32,113923036731,2502412,0
113.931,32,113928096743,2502412,0
113.931,36,113930697749,73000,1
113.931,35,113930857749,73000,1
113.934,32,113933816161,73000,1
113.957,32,113954439209,2502412,0
113.965,33,113964666233,73000,1
113.967,32,113964764233,2502412,0
113.972,32,113969913245,2502412,0
113.975,32,113972442657,2502412,0
113.978,32,113977547669,73000,1
113.985,32,113982838681,2502412,0
113.985,35,113985368687,73000,1
114.009,32,114006099735,2502412,0
114.009,35,114008629741,73000,1
114.027,32,114024014777,2502412,0
114.034,36,114031613795,2502412,0
114.04,32,114037004213,2502412,0
114.04,32,114039703219,73000,1
114.04,36,114039703219,73000,1
114.06,36,114057609261,2502412,0
114.063,36,114062740273,73000,1
114.081,32,114078054309,2502412,0
114.096,32,114093636345,2502412,0
114.099,33,114098732357,73000,1
114.099,36,114098812357,73000,1
114.107,32,114106500375,73000,1
114.109,39,114109172381,73000,1
114.112,32,114109243381,2502412,0
114.114,39,114114312393,73000,1
114.114,36,114114312393,73000,1
114.115,37,114114463393,73000,1
114.122,32,114119701405,2502412,0
114.13,32,114129821429,73000,1
114.137,39,114134997441,2502412,0
114.14,39,114137840447,2502412,0
114.148,39,114148165471,73000,1
114.158,33,114158392495,73000,1
114.161,32,114158623495,2502412,0
114.164,39,114161153501,2502412,0
114.166,32,114163683507,2502412,0
114.169,35,114166222513,2502412,0
114.177,39,114176440537,73000,1
114.182,32,114179112543,2502412,0
114.184,35,114181642549,2502412,0
114.187,39,114186773561,73000,1
114.189,32,114186871561,2502412,0
114.195,35,114194470579,73000,1
114.197,32,114197420585,73000,1
114.203,35,114200101591,2502412,0
114.218,35,114218016633,73000,1
114.218,36,114218016633,73000,1
114.218,39,114218016633,73000,1
114.223,35,114220617639,2502412,0
114.228,32,114225713651,2502412,0
114.228,35,114228243657,73000,1
114.233,32,114230853663,2502412,0
114.244,38,114244003099,73000,1
114.247,32,114244074099,2502412,0
114.247,32,114246612511,73000,1
114.252,35,114249268111,2502412,0
114.265,35,114264715147,73000,1
114.278,35,114275013171,2502412,0
114.28,32,114280082183,73000,1
114.285,35,114282781189,2502412,0
114.296,35,114295538219,73000,1
114.296,35,114295698219,73000,1
114.306,35,114303779237,2502412,0
114.309,35,114308981249,73000,1
114.314,33,114314219261,73000,1
114.314,32,114314370261,73000,1
114.325,35,114324677285,73000,1
114.325,39,114324775285,73000,1
114.333,35,114330031297,2502412,0
114.34,35,114337684315,2502412,0
114.348,33,114348285745,73000,1
114.353,35,114350904751,2502412,0
114.356,34,114353434757,2502412,0
114.359,34,114358494769,73000,1
114.369,35,114366439787,2502412,0
114.372,35,114369040793,2502412,0
114.382,35,114382010823,73000,1
114.387,39,114384620829,2502412,0
114.39,39,114389698841,73000,1
114.392,34,114392308847,73000,1
114.392,35,114392388847,73000,1
114.392,36,114392388847,73000,1
114.398,35,114397599859,73000,1
114.403,34,114400567865,2502412,0
114.408,39,114408184883,73000,1
114.421,34,114418544907,2502412,0
114.429,39,114426143925,2502412,0
114.436,39,114436352949,73000,1
114.437,34,114436441949,73000,1
114.437,35,114436441949,73000,1
114.437,32,114436512949,73000,1
114.46,39,114457679403,2502412,0
114.463,34,114462739415,73000,1
114.476,39,114473019439,2502412,0
114.483,39,114480716457,2502412,0
114.493,39,114490970481,2502412,0
114.504,39,114504022511,73000,1
114.504,34,114504111511,73000,1
114.509,39,114506792517,2502412,0
114.509,35,114509322523,73000,1
114.517,39,114517125541,73000,1
114.517,34,114517125541,73000,1
114.528,39,114527441565,73000,1
114.528,37,114527530565,73000,1
114.551,39,114551050025,73000,1
114.636,39,114635913223,73000,1
114.654,33,114651601665,2502412,0
114.667,32,114666861701,73000,1
114.675,33,114674531719,73000,1
114.685,33,114685060743,73000,1
114.701,33,114700499779,73000,1
114.706,38,114705675791,73000,1
114.714,38,114711155803,2502412,0
114.714,33,114713694809,73000,1
114.714,34,114713774809,73000,1
114.716,39,114713925809,2502412,0
114.717,39,114716455221,73000,1
114.724,38,114721666827,2502412,0
114.742,38,114739687869,2502412,0
114.747,38,114744907881,2502412,0
114.75,39,114750065893,73000,1
114.761,38,114760596323,73000,1
114.786,38,114783589377,2502412,0
114.789,33,114788649389,73000,1
114.791,38,114788809389,2502412,0
114.804,38,114801477419,2502412,0
114.804,38,114804078425,73000,1
114.809,32,114806777431,2502412,0
114.822,39,114822385873,73000,1
114.828,32,114827525885,73000,1
114.83,38,114827596885,2502412,0
114.83,38,114830126297,73000,1
114.838,32,114835595903,2502412,0
114.841,32,114840744915,73000,1
114.859,38,114856380357,2502412,0
114.862,36,114859008363,2502412,0
114.867,38,114864068375,2502412,0
114.872,32,114871756393,73000,1
114.872,36,114871845393,73000,1
114.875,36,114874517399,73000,1
114.877,38,114874588399,2502412,0
114.882,38,114879675411,2502412,0
114.9,38,114897625453,2502412,0
114.9,39,114900155459,73000,1
114.903,36,114900226459,2502412,0
114.905,36,114902755871,2502412,0
114.908,38,114907833883,73000,1
114.913,36,114910612889,2502412,0
114.919,32,114918533313,73000,1
114.921,38,114918613313,2502412,0
114.924,36,114923682325,73000,1
114.924,39,114923762325,73000,1
114.929,35,114926381331,2502412,0
114.932,38,114931459343,73000,1
114.932,39,114931530343,73000,1
114.939,36,114936661355,2502412,0
114.942,36,114941828367,73000,1
114.942,35,114941899367,73000,1
114.95,38,114949765385,73000,1
114.952,35,114949845385,2502412,0
114.955,36,114954905397,73000,1
114.963,39,114960428815,2502412,0
114.968,35,114965568827,2502412,0
114.971,39,114968098833,2502412,0
114.976,35,114973238845,2502412,0
114.983,39,114980926863,2502412,0
114.984,39,114983465275,73000,1
114.986,35,114983536869,2502412,0
114.989,36,114986075875,2502412,0
114.991,35,114988605881,2502412,0
114.991,36,114991206887,73000,1
114.994,35,114993807893,73000,1
115.002,36,115001655911,73000,1
115.009,39,115006875923,2502412,0
115.012,32,115009405929,2502412,0
115.02,35,115019847953,73000,1
115.022,38,115019918953,2502412,0
115.025,39,115025014965,73000,1
115.025,38,115025085965,73000,1
115.025,32,115025174965,73000,1
115.041,36,115038109995,2502412,0
115.043,36,115040648407,2502412,0
115.043,38,115043187413,73000,1
115.043,37,115043187413,73000,1
115.048,39,115048372425,73000,1
115.056,32,115056033443,73000,1
115.059,36,115056104443,2502412,0
115.061,36,115058633855,2502412,0
115.064,32,115061485861,2502412,0
115.072,32,115069244879,2502412,0
115.074,36,115074375891,73000,1
115.077,39,115074455891,2502412,0
115.08,35,115077127897,2502412,0
115.082,35,115082258909,73000,1
115.082,39,115082338909,73000,1
115.085,32,115082409909,2502412,0
115.087,38,115084939915,2502412,0
115.09,38,115087540921,2502412,0
115.09,32,115090141927,73000,1
115.093,38,115090292927,2502412,0
115.098,38,115098060945,73000,1
115.098,32,115098060945,73000,1
115.101,35,115100661951,73000,1
115.101,36,115100661951,73000,1
115.106,39,115105908963,73000,1
115.116,38,115113667981,2502412,0
115.119,39,115116197987,2502412,0
115.122,39,115121677405,73000,1
115.122,38,115121677405,73000,1
115.127,36,115124278411,2502412,0
115.129,36,115126825823,2502412,0
115.129,36,115129355235,73000,1
115.14,34,115139573853,73000,1
115.14,35,115139573853,73000,1
115.142,38,115142183859,73000,1
115.153,39,115150040877,2502412,0
115.153,32,115152570883,73000,1
115.16,36,115157737895,2502412,0
115.166,39,115163119313,2502412,0
115.166,39,115165648725,73000,1
115.173,39,115170905331,2502412,0
115.174,36,115173444337,73000,1
115.174,39,115173524337,73000,1
115.189,35,115188882373,73000,1
115.191,39,115188971373,2502412,0
115.194,39,115194120385,73000,1
115.194,36,115194120385,73000,1
115.194,38,115194334385,73000,1
115.194,32,115194334385,73000,1
115.205,36,115204632409,73000,1
115.207,34,115207251415,73000,1
115.215,36,115212436427,2502412,0
115.215,39,115215117433,73000,1
115.218,36,115217718439,73000,1
115.218,33,115217834439,73000,1
115.234,39,115231019469,2502412,0
115.234,36,115233638475,73000,1
115.239,39,115236346481,2502412,0
115.257,39,115256782529,73000,1
115.264,39,115261967541,2502412,0
115.273,36,115272569565,73000,1
115.275,39,115275250571,73000,1
115.304,38,115303445637,73000,1
115.316,39,115316202667,73000,1
115.329,39,115329281697,73000,1
115.34,36,115339659721,73000,1
115.386,35,115383838229,2502412,0
115.392,35,115391428247,73000,1
115.397,32,115396790259,73000,1
115.405,35,115404469277,73000,1
115.415,35,115412290295,2502412,0
115.428,35,115425511325,2502412,0
115.428,38,115428059331,73000,1
115.436,39,115435747349,73000,1
115.438,35,115438366355,73000,1
115.446,36,115446187373,73000,1
115.454,35,115454195391,73000,1
115.498,35,115498114899,73000,1
115.506,35,115503263911,2502412,0
115.511,35,115511022929,73000,1
115.524,38,115524010959,73000,1
115.532,35,115529454971,2502412,0
115.547,35,115544742007,2502412,0
115.563,37,115562461049,73000,1
115.565,35,115562532049,2502412,0
115.565,37,115565062055,73000,1
115.578,35,115575601485,2502412,0
115.581,37,115580661497,73000,1
115.581,39,115580661497,73000,1
115.583,36,115580874497,2502412,0
115.586,36,115583493503,2502412,0
115.589,35,115588562515,73000,1
115.594,36,115593951527,73000,1
115.602,35,115601701545,73000,1
115.602,36,115601808545,73000,1
115.615,36,115614672575,73000,1
115.62,37,115617389581,2502412,0
115.62,36,115619937587,73000,1
115.631,37,115630486611,73000,1
115.656,37,115656160671,73000,1
115.661,35,115658761677,2502412,0
115.664,35,115663910689,73000,1
115.697,35,115694824167,2502412,0
115.703,35,115700053179,2502412,0
115.715,35,115712792209,2502412,0
115.731,37,115730520251,73000,1
115.738,35,115735973263,2502412,0
115.764,35,115761451323,2502412,0
115.764,32,115764008329,73000,1
115.769,35,115766636335,2502412,0
115.78,35,115777086765,2502412,0
115.798,35,115797451813,73000,1
115.828,35,115828186885,73000,1
115.844,38,115841265915,2502412,0
115.846,37,115846325927,73000,1
115.849,38,115848935933,73000,1
115.864,36,115861888963,2502412,0
115.864,36,115864418375,73000,1
115.865,38,115864569969,73000,1
115.87,36,115869807981,73000,1
115.872,38,115869878981,2502412,0
115.88,35,115880418411,73000,1
115.881,38,115880489411,73000,1
115.883,39,115880569411,2502412,0
115.886,36,115885638423,73000,1
115.886,39,115885807423,73000,1
115.886,38,115885896423,73000,1
115.891,36,115888506429,2502412,0
115.894,36,115893753441,73000,1
115.914,39,115911810483,2502412,0
115.935,36,115934625537,73000,1
115.935,39,115934696537,73000,1
115.935,38,115934696537,73000,1
115.943,36,115942741555,73000,1
115.943,39,115942919555,73000,1
115.951,38,115950758573,73000,1
115.954,35,115953439579,73000,1
115.956,35,115956307585,73000,1
115.959,39,115956458585,2502412,0
115.964,39,115964057603,73000,1
115.974,36,115971905621,2502412,0
115.98,36,115979531639,73000,1
115.985,39,115984984057,73000,1
115.99,36,115987594063,2502412,0
115.995,36,115992885075,2502412,0
116.008,36,116008172111,73000,1
116.024,36,116021009141,2502412,0
116.034,36,116031227165,2502412,0
116.042,36,116039139183,2502412,0
116.042,39,116041669189,73000,1
116.049,36,116049348207,73000,1
116.055,36,116054693219,73000,1
116.055,37,116054773219,73000,1
116.055,38,116054871219,73000,1
116.055,33,116054942219,73000,1
116.076,36,116075804267,73000,1
116.109,37,116106779745,2502412,0
116.117,37,116116953769,73000,1
116.127,39,116124712787,2502412,0
116.13,37,116127251793,2502412,0
116.135,37,116134868811,73000,1
116.14,39,116137567817,2502412,0
116.143,37,116140097823,2502412,0
116.146,36,116145568241,73000,1
116.148,37,116148178247,73000,1
116.153,39,116150797253,2502412,0
116.161,34,116161015277,73000,1
116.169,39,116168703295,73000,1
116.172,37,116171455301,73000,1
116.177,34,116176586313,73000,1
116.197,39,116194902761,2502412,0
116.198,34,116197539767,73000,1
116.205,39,116205227785,73000,1
116.208,37,116207908791,73000,1
116.223,39,116223382827,73000,1
116.239,34,116236415857,2502412,0
116.247,39,116244549875,2502412,0
116.247,34,116247150881,73000,1
116.247,39,116247301881,73000,1
116.247,34,116247372881,73000,1
116.252,37,116249973887,2502412,0
116.255,37,116255104899,73000,1
116.255,33,116255175899,73000,1
116.258,37,116255317899,2502412,0
116.268,37,116268038929,73000,1
116.271,33,116270879935,73000,1
116.276,34,116276019947,73000,1
116.281,39,116278629953,2502412,0
116.281,39,116281159365,73000,1
116.281,33,116281159959,73000,1
116.286,33,116283778965,2502412,0
116.297,39,116296777401,73000,1
116.299,37,116296857401,2502412,0
116.299,32,116299387407,73000,1
116.3,33,116299476407,73000,1
116.305,37,116302086413,2502412,0
116.305,36,116304643419,73000,1
116.307,37,116304785419,2502412,0
116.307,37,116307314831,73000,1
116.323,33,116320232455,2502412,0
116.323,34,116322762461,73000,1
116.323,37,116322833461,73000,1
116.326,33,116325452467,73000,1
116.326,39,116325452467,73000,1
116.338,39,116335643491,2502412,0
116.349,39,116348749521,73000,1
116.357,33,116356437539,73000,1
116.372,39,116369230569,2502412,0
116.377,39,116374379581,2502412,0
116.377,37,116376909587,73000,1
116.379,33,116376980587,2502412,0
116.385,39,116382129599,2502412,0
116.39,33,116389728617,73000,1
116.39,33,116389897617,73000,1
116.398,39,116395383015,2502412,0
116.406,35,116405539039,73000,1
116.416,39,116413360057,2502412,0
116.421,39,116421057075,73000,1
116.421,33,116421057075,73000,1
116.421,38,116421128075,73000,1
116.426,36,116426268087,73000,1
116.437,39,116436700111,73000,1
116.468,37,116467970183,73000,1
116.468,35,116467970183,73000,1
116.488,39,116485894225,2502412,0
116.494,39,116491283237,2502412,0
116.497,34,116494206243,2502412,0
116.507,39,116506954273,73000,1
116.51,34,116509644279,73000,1
116.51,33,116509644279,73000,1
116.518,39,116517696297,73000,1
116.526,39,116525455315,73000,1
116.531,34,116530746327,73000,1
116.536,34,116533445333,2502412,0
116.541,34,116538514345,2502412,0
116.557,34,116556662387,73000,1
116.575,39,116572118423,2502412,0
116.59,39,116587458459,2502412,0
116.592,39,116589987871,2502412,0
116.595,34,116592517877,2502412,0
116.6,34,116597988889,2502412,0
116.603,39,116603048901,73000,1
116.606,34,116603217901,2502412,0
116.616,34,116615885931,73000,1
116.619,39,116618584937,73000,1
116.626,34,116626352955,73000,1
116.626,39,116626352955,73000,1
116.65,33,116649542009,73000,1
116.668,34,116665258045,2502412,0
116.673,37,116670469057,2502412,0
116.676,34,116675609069,73000,1
116.676,39,116675609069,73000,1
116.678,37,116675680069,2502412,0
116.678,37,116678281075,73000,1
116.696,39,116693772111,2502412,0
116.702,34,116699153529,2502412,0
116.709,39,116709291553,73000,1
116.709,34,116709362553,73000,1
116.712,32,116709433553,2502412,0
116.715,37,116714502565,73000,1
116.715,32,116714591565,73000,1
116.722,39,116719722577,2502412,0
116.728,39,116727428595,73000,1
116.738,34,116735196613,2502412,0
116.738,32,116737726619,73000,1
116.74,39,116737797619,2502412,0
116.74,34,116740327625,73000,1
116.74,39,116740407625,73000,1
116.746,32,116745627637,73000,1
116.753,37,116750936649,2502412,0
116.754,39,116753493655,73000,1
116.754,33,116753564655,73000,1
116.762,37,116761645673,73000,1
116.762,34,116761645673,73000,1
116.803,39,116800309169,2502412,0
116.805,37,116802857175,2502412,0
116.81,39,116807988187,2502412,0
116.816,39,116813075199,2502412,0
116.821,37,116820683217,73000,1
116.823,39,116823284223,73000,1
116.824,39,116823453223,73000,1
116.824,34,116823613223,73000,1
116.826,36,116823693223,2502412,0
116.826,36,116826312229,73000,1
116.829,37,116826383229,2502412,0
116.837,37,116836663253,73000,1
116.844,36,116841803265,2502412,0
116.847,37,116844333271,2502412,0
116.847,36,116846863277,73000,1
116.852,32,116849544283,2502412,0
116.852,32,116852100695,73000,1
116.863,37,116860100009,2502412,0
116.865,37,116862638421,2502412,0
116.868,36,116865177427,2502412,0
116.87,37,116870237439,73000,1
116.878,39,116875395451,2502412,0
116.883,36,116880464463,2502412,0
116.886,32,116885613475,73000,1
116.888,36,116885684475,2502412,0
116.891,36,116890824487,73000,1
116.891,39,116890824487,73000,1
116.891,32,116890824487,73000,1
116.894,37,116893594493,73000,1
116.896,39,116896266499,73000,1
116.909,39,116909308935,73000,1
116.912,36,116911927941,73000,1
116.915,34,116914546947,73000,1
116.92,36,116919945959,73000,1
116.923,37,116920016959,2502412,0
116.925,37,116925094971,73000,1
116.931,37,116928025977,2502412,0
116.933,32,116933085989,73000,1
116.946,37,116943499013,2502412,0
116.946,37,116946037425,73000,1
116.956,32,116956380043,73000,1
116.965,37,116962002055,2502412,0
116.97,37,116969663073,73000,1
117.006,37,117003025151,2502412,0
117.009,39,117008505163,73000,1
117.016,36,117016184181,73000,1
117.019,37,117016255181,2502412,0
117.024,37,117021422193,2502412,0
117.042,37,117041707241,73000,1
117.047,34,117044424247,2502412,0
117.052,34,117049733259,2502412,0
117.058,34,117057465277,73000,1
117.058,37,117057465277,73000,1
117.073,36,117070793307,2502412,0
117.078,34,117078392325,73000,1
117.086,36,117083559337,2502412,0
117.096,36,117093688361,2502412,0
117.109,36,117109287803,73000,1
117.115,37,117114525815,73000,1
117.122,36,117119701827,2502412,0
117.128,36,117127585845,73000,1
117.128,34,117127665845,73000,1
117.146,36,117143175881,2502412,0
117.166,34,117163593929,2502412,0
117.169,36,117166436341,2502412,0
117.174,34,117171496353,2502412,0
117.184,37,117184146383,73000,1
117.184,34,117184377383,73000,1
117.187,36,117184448383,2502412,0
117.195,36,117194888407,73000,1
117.198,39,117197560413,73000,1
117.205,36,117202691425,2502412,0
117.211,34,117210682849,73000,1
117.218,36,117215813861,2502412,0
117.223,36,117220909873,2502412,0
117.231,36,117228535891,2502412,0
117.234,36,117233613903,73000,1
117.257,38,117256908957,73000,1
117.265,34,117264658975,73000,1
117.265,36,117264658975,73000,1
117.267,39,117264818975,2502412,0
117.27,39,117267661387,2502412,0
117.27,34,117270191393,73000,1
117.28,37,117277861411,2502412,0
117.283,39,117282939423,73000,1
117.291,36,117288124435,2502412,0
117.293,37,117290654441,2502412,0
117.293,36,117293184447,73000,1
117.296,39,117293255447,2502412,0
117.296,39,117295865453,73000,1
117.306,37,117306145477,73000,1
117.309,36,117306216477,2502412,0
117.309,39,117308746483,73000,1
117.312,36,117311463489,73000,1
117.317,37,117317067507,73000,1
117.327,36,117324746525,2502412,0
117.33,36,117327356531,2502412,0
117.338,36,117337690555,73000,1
117.34,39,117337806555,2502412,0
117.351,39,117348175579,2502412,0
117.351,36,117350705585,73000,1
117.353,39,117350803585,2502412,0
117.361,37,117358642603,2502412,0
117.366,37,117363782615,2502412,0
117.366,39,117366321621,73000,1
117.377,32,117374367639,2502412,0
117.377,37,117376906645,73000,1
117.38,39,117377057645,2502412,0
117.38,36,117379605651,73000,1
117.382,39,117379676651,2502412,0
117.382,39,117382286657,73000,1
117.382,32,117382286657,73000,1
117.383,35,117382428657,73000,1
117.393,32,117390320675,2502412,0
117.4,35,117397981693,2502412,0
117.406,37,117405740711,73000,1
117.408,32,117405882711,2502412,0
117.409,35,117408519717,73000,1
117.409,32,117408599717,73000,1
117.409,39,117408599717,73000,1
117.419,32,117416707141,2502412,0
117.424,35,117421945153,2502412,0
117.435,32,117434808183,73000,1
117.435,39,117434808183,73000,1
117.44,35,117437445189,2502412,0
117.44,34,117439975195,73000,1
117.44,36,117440286195,73000,1
117.443,35,117442887201,73000,1
117.451,32,117448098213,2502412,0
117.456,32,117455688231,73000,1
117.456,35,117455688231,73000,1
117.458,37,117455759231,2502412,0
117.461,37,117458288643,2502412,0
117.464,37,117463579655,73000,1
117.477,37,117477004685,73000,1
117.48,32,117479623691,73000,1
117.493,35,117490010715,2502412,0
117.505,35,117502714745,2502412,0
117.51,35,117510340763,73000,1
117.51,37,117510340763,73000,1
117.521,32,117518510187,2502412,0
117.524,32,117521039599,2502412,0
117.531,37,117531346623,73000,1
117.537,32,117536486635,73000,1
117.537,39,117536486635,73000,1
117.539,35,117536646635,2502412,0
117.539,32,117539176641,73000,1
117.55,35,117549465665,73000,1
117.563,35,117562568695,73000,1
117.573,32,117570336713,2502412,0
117.581,32,117580823737,73000,1
117.581,36,117580903737,73000,1
117.586,35,117583664743,2502412,0
117.589,32,117586203749,2502412,0
117.599,35,117596448773,2502412,0
117.601,32,117598996779,2502412,0
117.604,35,117604216791,73000,1
117.609,35,117606844797,2502412,0
117.61,32,117609454803,73000,1
117.615,35,117612135809,2502412,0
117.617,32,117614665815,2502412,0
117.62,37,117617293821,2502412,0
117.623,37,117622764833,73000,1
117.623,39,117622764833,73000,1
117.623,32,117622835833,73000,1
117.623,35,117622915833,73000,1
117.641,32,117640830875,73000,1
117.643,35,117640901875,2502412,0
117.646,37,117643511881,2502412,0
117.646,37,117646050293,73000,1
117.649,35,117646130887,2502412,0
117.659,37,117658807917,73000,1
117.659,35,117658878917,73000,1
117.672,33,117672000947,73000,1
117.683,35,117682682971,73000,1
117.695,32,117692900995,2502412,0
117.698,38,117695458001,2502412,0
117.703,37,117700687013,2502412,0
117.706,32,117703297019,2502412,0
117.708,37,117708357031,73000,1
117.716,37,117716018049,73000,1
117.716,38,117716018049,73000,1
117.716,32,117716098049,73000,1
117.724,38,117721621467,2502412,0
117.734,33,117734422497,73000,1
117.735,38,117734493497,73000,1
117.737,32,117737307503,73000,1
117.743,34,117742447515,73000,1
117.743,33,117742447515,73000,1
117.75,35,117747712527,2502412,0
117.753,38,117752852539,73000,1
117.766,37,117763052563,2502412,0
117.768,35,117765600569,2502412,0
117.773,33,117770669581,2502412,0
117.778,35,117775729593,2502412,0
117.778,33,117778268599,73000,1
117.778,37,117778268599,73000,1
117.781,35,117778348599,2502412,0
117.789,32,117786260023,2502412,0
117.791,35,117788790029,2502412,0
117.791,35,117791328441,73000,1
117.799,32,117796558047,2502412,0
117.802,37,117801618059,73000,1
117.815,32,117814499089,73000,1
117.815,35,117814570089,73000,1
117.817,33,117814641089,2502412,0
117.82,33,117817170501,2502412,0
117.82,33,117819717913,73000,1
117.82,35,117819789507,73000,1
117.822,38,117819976507,2502412,0
117.828,38,117827949931,73000,1
117.828,36,117828145931,73000,1
117.831,32,117828216931,2502412,0
117.833,33,117830746937,2502412,0
117.838,32,117835806949,2502412,0
117.846,32,117843450967,2502412,0
117.849,35,117848510979,73000,1
117.851,33,117848581979,2502412,0
117.854,33,117851111391,2502412,0
117.856,33,117853667803,2502412,0
117.859,38,117858736815,73000,1
117.861,37,117858807815,2502412,0
117.861,32,117861346821,73000,1
117.867,33,117866664833,73000,1
117.869,32,117866735833,2502412,0
117.869,37,117869345839,73000,1
117.88,37,117879661863,73000,1
117.882,32,117879732863,2502412,0
117.883,33,117882655275,73000,1
117.885,38,117882797275,2502412,0
117.89,38,117887893287,2502412,0
117.893,32,117890432293,2502412,0
117.896,32,117895528305,73000,1
117.896,38,117895608305,73000,1
117.901,38,117900748317,73000,1
117.901,32,117900828317,73000,1
117.914,37,117911446341,2502412,0
117.917,37,117914047347,2502412,0
117.917,38,117916657353,73000,1
117.922,37,117921930365,73000,1
117.922,32,117921930365,73000,1
117.925,33,117922081365,2502412,0
117.93,32,117927524783,2502412,0
117.935,32,117935132801,73000,1
117.943,33,117940361813,2502412,0
117.951,37,117948165831,2502412,0
117.953,33,117953225843,73000,1
117.956,32,117953296843,2502412,0
117.956,37,117955826849,73000,1
117.958,32,117955897849,2502412,0
117.966,32,117966044873,73000,1
117.969,37,117966186873,2502412,0
117.974,37,117971246885,2502412,0
117.984,37,117984396915,73000,1
117.984,33,117984396915,73000,1
117.995,32,117994703939,73000,1
117.997,32,117994837939,2502412,0
118.002,37,117999933951,2502412,0
118.008,38,118005020963,2502412,0
118.008,32,118007710969,73000,1
118.008,33,118007710969,73000,1
118.008,37,118007781969,73000,1
118.016,38,118013001981,2502412,0
118.021,32,118018141993,2502412,0
118.021,38,118020680999,73000,1
118.023,37,118020822999,2502412,0
118.029,37,118028752423,73000,1
118.029,39,118028752423,73000,1
118.039,32,118036422441,2502412,0
118.039,35,118038952447,73000,1
118.042,37,118039023447,2502412,0
118.042,38,118041624453,73000,1
118.042,37,118041695453,73000,1
118.047,38,118046862465,73000,1
118.05,32,118047013465,2502412,0
118.05,32,118049578877,73000,1
118.058,37,118057445489,73000,1
118.065,32,118065337507,73000,1
118.065,37,118065337507,73000,1
118.089,33,118089203561,73000,1
118.102,38,118102245591,73000,1
118.102,32,118102316591,73000,1
118.11,37,118107554603,2502412,0
118.113,37,118110253609,2502412,0
118.123,37,118122983639,73000,1
118.134,33,118133514069,73000,1
118.151,37,118151385111,73000,1
118.185,32,118182599183,2502412,0
118.188,32,118185128595,2502412,0
118.193,32,118190519607,2502412,0
118.198,37,118198109625,73000,1
118.203,32,118203276637,73000,1
118.232,32,118229243697,2502412,0
118.237,32,118234741115,2502412,0
118.245,32,118242331133,2502412,0
118.247,32,118244860545,2502412,0
118.255,32,118255016569,73000,1
118.268,37,118268048599,73000,1
118.271,36,118268128599,2502412,0
118.271,36,118270667011,73000,1
118.276,33,118275896617,73000,1
118.276,32,118275976617,73000,1
118.291,36,118288867647,2502412,0
118.297,36,118296788071,73000,1
118.299,38,118299416077,73000,1
118.302,36,118302017083,73000,1
118.31,35,118307459095,2502412,0
118.31,35,118310078101,73000,1
118.318,32,118317908119,73000,1
118.333,35,118330754149,2502412,0
118.344,36,118341204579,2502412,0
118.351,36,118351422603,73000,1
118.352,34,118351493603,73000,1
118.352,35,118351564603,73000,1
118.354,35,118351715603,2502412,0
118.37,35,118369674645,73000,1
118.385,35,118385156681,73000,1
118.385,36,118385227681,73000,1
118.403,35,118400943717,2502412,0
118.406,35,118403687723,2502412,0
118.414,35,118411375741,2502412,0
118.424,35,118424354771,73000,1
118.432,37,118432042789,73000,1
118.432,32,118432042789,73000,1
118.435,36,118432113789,2502412,0
118.44,36,118437182801,2502412,0
118.448,36,118445183819,2502412,0
118.458,36,118458047849,73000,1
118.458,35,118458047849,73000,1
118.476,36,118476122891,73000,1
118.486,36,118483891909,2502412,0
118.489,36,118489147921,73000,1
118.495,35,118494438933,73000,1
118.495,33,118494509933,73000,1
118.513,36,118513207975,73000,1
118.552,36,118552236471,73000,1
118.558,33,118557669483,73000,1
118.56,35,118557740483,2502412,0
118.56,35,118560350489,73000,1
118.566,32,118565668501,73000,1
118.566,33,118565668501,73000,1
118.591,33,118588873555,2502412,0
118.599,33,118596472573,2502412,0
118.599,35,118599332985,73000,1
118.62,33,118617283027,2502412,0
118.622,33,118619821439,2502412,0
118.627,33,118624997451,2502412,0
118.635,33,118635322475,73000,1
118.64,35,118637932481,2502412,0
118.643,36,118640471487,2502412,0
118.649,36,118648543505,73000,1
118.654,35,118651144511,2502412,0
118.659,35,118656302523,2502412,0
118.659,33,118658850529,73000,1
118.659,36,118658850529,73000,1
118.679,35,118676711571,2502412,0
118.682,35,118679276983,2502412,0
118.684,36,118681806989,2502412,0
118.684,35,118684407995,73000,1
118.687,36,118684478995,2502412,0
118.69,33,118687009001,2502412,0
118.7,33,118699846031,73000,1
118.7,36,118699917031,73000,1
118.708,36,118705388043,2502412,0
118.723,36,118723258085,73000,1
118.726,35,118723329085,2502412,0
118.734,33,118731035103,2502412,0
118.736,36,118736104115,73000,1
118.736,35,118736184115,73000,1
118.746,33,118743890133,2502412,0
118.749,36,118746742139,2502412,0
118.754,33,118754412157,73000,1
118.754,35,118754412157,73000,1
118.755,36,118754501157,73000,1
118.765,38,118762251175,2502412,0
118.765,38,118764780587,73000,1
118.78,36,118780219217,73000,1
118.78,33,118780290217,73000,1
118.78,38,118780290217,73000,1
118.801,35,118798187259,2502412,0
118.803,32,118800735265,2502412,0
118.811,32,118811247695,73000,1
118.814,35,118811363695,2502412,0
118.822,38,118821519719,73000,1
118.824,32,118824129725,73000,1
118.829,35,118826730731,2502412,0
118.832,38,118829260737,2502412,0
118.84,38,118839514761,73000,1
118.84,35,118839514761,73000,1
118.845,36,118844752773,73000,1
118.845,33,118844752773,73000,1
118.85,38,118847353779,2502412,0
118.853,32,118850196785,2502412,0
118.858,32,118857875803,73000,1
118.861,35,118860503809,73000,1
118.866,38,118863113815,2502412,0
118.871,32,118868191827,2502412,0
118.876,35,118873331839,2502412,0
118.876,35,118875968845,73000,1
118.876,32,118876039845,73000,1
118.876,38,118876039845,73000,1
118.879,33,118876128845,2502412,0
118.884,35,118881375857,2502412,0
118.889,33,118886506869,2502412,0
118.892,37,118891602881,73000,1
118.892,33,118891744881,73000,1
118.892,38,118891815881,73000,1
118.892,35,118891886881,73000,1
118.892,32,118891886881,73000,1
118.892,36,118891886881,73000,1
118.897,33,118897044893,73000,1
118.897,32,118897044893,73000,1
118.902,35,118899912899,2502412,0
118.903,39,118902442905,73000,1
118.908,35,118905114911,2502412,0
118.916,35,118915672341,73000,1
118.916,33,118915779341,73000,1
118.931,38,118928625371,2502412,0
118.941,38,118938994395,2502412,0
118.949,35,118946584413,2502412,0
118.955,35,118954602837,73000,1
118.955,38,118954602837,73000,1
118.97,35,118970129873,73000,1
118.973,38,118972748879,73000,1
118.993,32,118993166927,73000,1
119.011,35,119011394969,73000,1
119.024,33,119021621993,2502412,0
119.029,35,119026851005,2502412,0
119.035,33,119034539023,73000,1
119.037,35,119037140029,73000,1
119.04,38,119037229029,2502412,0
119.05,38,119047438053,2502412,0
119.055,38,119052810471,2502412,0
119.068,35,119065594501,2502412,0
119.068,33,119068124507,73000,1
119.068,35,119068195507,73000,1
119.068,38,119068266507,73000,1
119.073,38,119070867513,2502412,0
119.076,38,119076007525,73000,1
119.076,38,119076158525,73000,1
119.086,38,119083935543,2502412,0
119.092,33,119091623561,73000,1
119.092,38,119091694561,73000,1
119.094,35,119094304567,73000,1
119.1,38,119099444579,73000,1
119.105,36,119102054585,2502412,0
119.11,36,119107114597,2502412,0
119.12,36,119117654621,2502412,0
119.123,38,119122750633,73000,1
119.125,36,119125351639,73000,1
119.125,35,119125351639,73000,1
119.156,36,119153369705,2502412,0
119.164,36,119163802729,73000,1
119.179,36,119176719759,2502412,0
119.182,36,119181779771,73000,1
119.187,36,119186937783,73000,1
119.205,32,119202295819,2502412,0
119.213,32,119212951843,73000,1
119.213,36,119212951843,73000,1
119.223,35,119220648861,2502412,0
119.226,33,119223356867,2502412,0
119.226,35,119225886873,73000,1
119.226,33,119226055873,73000,1
119.231,32,119228763879,2502412,0
119.234,33,119231293885,2502412,0
119.234,38,119233823891,73000,1
119.236,33,119236424897,73000,1
119.237,35,119236584897,73000,1
119.244,39,119241724909,2502412,0
119.247,32,119244263915,2502412,0
119.249,35,119249341927,73000,1
119.254,32,119251942933,2502412,0
119.26,39,119257425003,2502412,0
119.265,33,119265015021,73000,1
119.27,32,119267661027,2502412,0
119.273,39,119270191033,2502412,0
119.276,39,119275438045,73000,1
119.276,32,119275509045,73000,1
119.278,33,119278199051,73000,1
119.283,36,119280880057,2502412,0
119.283,34,119283410063,73000,1
119.286,39,119283490063,2502412,0
119.286,34,119286020069,73000,1
119.289,39,119286260069,2502412,0
119.289,32,119288790075,73000,1
119.289,34,119288861075,73000,1
119.291,39,119288932075,2502412,0
119.294,36,119294063087,73000,1
119.297,39,119294303087,2502412,0
119.299,39,119296832499,2502412,0
119.304,34,119304422517,73000,1
119.304,36,119304422517,73000,1
119.31,39,119307121523,2502412,0
119.31,39,119309722529,73000,1
119.315,39,119315184541,73000,1
119.318,32,119317785547,73000,1
119.343,36,119343379607,73000,1
119.346,35,119343450607,2502412,0
119.349,35,119346247613,2502412,0
119.351,39,119351307625,73000,1
119.357,35,119356607637,73000,1
119.357,33,119356607637,73000,1
119.373,39,119372607079,73000,1
119.383,36,119382825103,73000,1
119.385,35,119385426109,73000,1
119.404,38,119403546151,73000,1
119.406,35,119406254157,73000,1
119.411,34,119411412169,73000,1
119.417,35,119416632181,73000,1
119.422,36,119419555187,2502412,0
119.43,36,119429693211,73000,1
119.435,32,119432294217,2502412,0
119.435,32,119434832629,73000,1
119.438,36,119435002223,2502412,0
119.448,36,119445344247,2502412,0
119.453,32,119450431259,2502412,0
119.466,32,119463420695,2502412,0
119.466,36,119465950701,73000,1
119.474,36,119471135713,2502412,0
119.474,36,119473674125,73000,1
119.474,32,119473674719,73000,1
119.484,36,119483981743,73000,1
119.489,32,119486769749,2502412,0
119.5,32,119499704779,73000,1
119.513,36,119510118803,2502412,0
119.515,33,119515187815,73000,1
119.521,36,119520658827,73000,1
119.529,32,119526038839,2502412,0
119.529,36,119528719845,73000,1
119.537,32,119536531863,73000,1
119.557,32,119554552905,2502412,0
119.565,32,119565021335,73000,1
119.568,32,119567702341,73000,1
119.568,39,119567791341,73000,1
119.568,32,119567862341,73000,1
119.584,36,119583567377,73000,1
119.591,35,119591300395,73000,1
119.591,32,119591300395,73000,1
119.596,34,119593990401,2502412,0
119.602,34,119601696419,73000,1
119.636,34,119635637497,73000,1
119.639,36,119638541503,73000,1
119.649,34,119648963527,73000,1
119.699,39,119698573047,73000,1
119.704,39,119701530053,2502412,0
119.709,37,119706590065,2502412,0
119.717,37,119714305083,2502412,0
119.719,39,119716835089,2502412,0
119.722,39,119719382501,2502412,0
119.727,39,119724773513,2502412,0
119.733,37,119732594531,73000,1
119.733,39,119732665531,73000,1
119.738,37,119735408537,2502412,0
119.738,39,119737947543,73000,1
119.741,34,119738018543,2502412,0
119.746,34,119745901561,73000,1
119.746,38,119745901561,73000,1
119.746,37,119746043561,73000,1
119.762,35,119759031591,2502412,0
119.767,36,119764109603,2502412,0
119.77,36,119769509021,73000,1
119.77,35,119769509021,73000,1
119.772,34,119769580021,2502412,0
119.775,35,119772110027,2502412,0
119.78,37,119779780045,73000,1
119.78,34,119779851045,73000,1
119.78,32,119779851045,73000,1
119.78,35,119779940045,73000,1
119.79,37,119787628063,2502412,0
119.795,36,119795316081,73000,1
119.798,35,119795387081,2502412,0
119.8,39,119797926087,2502412,0
119.801,34,119800456093,73000,1
119.806,37,119805587105,73000,1
119.806,39,119805658105,73000,1
119.808,37,119805729105,2502412,0
119.811,37,119808330111,2502412,0
119.816,35,119815991129,73000,1
119.819,39,119818743135,73000,1
119.824,37,119821575141,2502412,0
119.837,36,119834565171,2502412,0
119.84,37,119837095177,2502412,0
119.842,36,119839634183,2502412,0
119.847,36,119847260201,73000,1
119.85,37,119847331201,2502412,0
119.85,37,119849860613,73000,1
119.85,39,119849861207,73000,1
119.85,34,119849932207,73000,1
119.85,35,119849932207,73000,1
119.855,36,119852613213,2502412,0
119.86,36,119860221231,73000,1
119.868,37,119865495243,2502412,0
119.868,36,119868025249,73000,1
119.879,37,119876043673,2502412,0
119.881,37,119878582085,2502412,0
119.886,37,119886368103,73000,1
119.889,33,119888978109,73000,1
119.897,37,119894181121,2502412,0
119.899,37,119896710533,2502412,0
119.899,39,119899258539,73000,1
119.899,35,119899258539,73000,1
119.909,37,119906955557,2502412,0
119.927,36,119924683599,2502412,0
119.93,34,119930056611,73000,1
119.933,36,119932675617,73000,1
119.935,37,119932746617,2502412,0
119.953,37,119950643659,2502412,0
119.956,35,119955854671,73000,1
119.961,37,119961101683,73000,1
119.966,36,119963702689,2502412,0
119.977,36,119974251119,2502412,0
119.982,37,119979400131,2502412,0
119.984,36,119981930137,2502412,0
119.99,36,119989529155,73000,1
119.997,37,119994669167,2502412,0
120.007,37,120004807191,2502412,0
120.007,36,120007337197,73000,1
120.01,37,120009965203,73000,1
120.023,37,120020201227,2502412,0
120.036,37,120033218257,2502412,0
120.046,37,120045984287,73000,1
120.046,36,120045984287,73000,1
120.069,37,120066589335,2502412,0
120.072,37,120069226341,2502412,0
120.072,37,120071755753,73000,1
120.075,35,120074464353,73000,1
120.093,37,120090143795,2502412,0
120.1,37,120100361819,73000,1
120.103,36,120100459819,2502412,0
120.108,36,120105590831,2502412,0
120.116,36,120115799855,73000,1
120.116,37,120115799855,73000,1
120.121,35,120118480861,2502412,0
120.126,35,120123558873,2502412,0
120.137,32,120136521903,73000,1
120.144,35,120144218921,73000,1
120.144,37,120144218921,73000,1
120.147,36,120144289921,2502412,0
120.15,36,120149438933,73000,1
120.152,39,120152039939,73000,1
120.152,35,120152039939,73000,1
120.175,36,120172600987,2502412,0
120.18,34,120177678999,2502412,0
120.181,34,120180673005,73000,1
120.186,36,120183363011,2502412,0
120.196,35,120196049041,73000,1
120.204,36,120201207053,2502412,0
120.204,36,120203772465,73000,1
120.204,34,120203942059,73000,1
120.214,37,120214329083,73000,1
120.227,36,120224627107,2502412,0
120.24,37,120240200143,73000,1
120.243,36,120242810149,73000,1
120.243,36,120242979149,73000,1
120.243,34,120243068149,73000,1
120.251,35,120250738167,73000,1
120.251,36,120250738167,73000,1
120.251,34,120250738167,73000,1
120.313,37,120312830717,73000,1
120.359,35,120359378825,73000,1
120.37,36,120367146843,2502412,0
120.375,36,120374825861,73000,1
120.38,39,120377515867,2502412,0
120.385,39,120382584879,2502412,0
120.396,39,120393195903,2502412,0
120.403,33,120403422927,73000,1
120.409,36,120406023933,2502412,0
120.411,39,120411083945,73000,1
120.416,36,120413773951,2502412,0
120.422,39,120421479969,73000,1
120.424,36,120424080975,73000,1
120.442,34,120442300017,73000,1
120.453,36,120452554041,73000,1
120.458,39,120455404047,2502412,0
120.461,39,120460873059,73000,1
120.484,39,120484043113,73000,1
120.484,36,120484141113,73000,1
120.549,39,120546518663,2502412,0
120.552,35,120551578675,73000,1
120.559,39,120556807687,2502412,0
120.57,38,120567123711,2502412,0
120.572,39,120569662717,2502412,0
120.582,39,120582410747,73000,1
120.585,38,120585100753,73000,1
120.591,36,120590651171,73000,1
120.591,39,120590651171,73000,1
120.591,38,120590651171,73000,1
120.637,39,120634116273,2502412,0
120.642,39,120641911291,73000,1
120.642,38,120642071291,73000,1
120.663,39,120660530333,2502412,0
120.684,39,120681081381,2502412,0
120.686,39,120683637793,2502412,0
120.697,39,120696920229,73000,1
120.7,33,120697169229,2502412,0
120.705,34,120704910247,73000,1
120.71,39,120707511253,2502412,0
120.71,33,120710050259,73000,1
120.713,39,120710414259,2502412,0
120.718,39,120718022277,73000,1
120.723,33,120720712283,2502412,0
120.726,33,120723241695,2502412,0
120.733,33,120730956713,2502412,0
120.739,39,120738564731,73000,1
120.746,33,120743784743,2502412,0
120.752,33,120751794761,73000,1
120.754,38,120751865761,2502412,0
120.759,38,120756925773,2502412,0
120.767,38,120767187797,73000,1
120.77,38,120769886803,73000,1
120.77,39,120770028803,73000,1
120.77,33,120770028803,73000,1
120.773,33,120772647809,73000,1
120.781,34,120780486827,73000,1
120.781,36,120780566827,73000,1
120.796,33,120793725263,2502412,0
120.806,33,120806411293,73000,1
120.806,38,120806411293,73000,1
120.812,38,120809021299,2502412,0
120.814,38,120811550711,2502412,0
120.825,38,120822017735,2502412,0
120.83,38,120827086747,2502412,0
120.83,38,120829616159,73000,1
120.835,33,120832324759,2502412,0
120.856,33,120853011807,2502412,0
120.858,38,120855612813,2502412,0
120.861,33,120860672825,73000,1
120.871,33,120870926849,73000,1
120.871,38,120870926849,73000,1
120.887,39,120886471885,73000,1
120.889,38,120889099891,73000,1
120.897,33,120894239903,2502412,0
120.9,38,120899612915,73000,1
120.91,33,120907371933,2502412,0
120.918,33,120915157951,2502412,0
120.93,33,120927825981,2502412,0
120.941,32,120938044005,2502412,0
120.941,33,120940574011,73000,1
120.941,32,120940645011,73000,1
120.943,32,120943326017,73000,1
120.957,33,120954346041,2502412,0
120.959,39,120959406053,73000,1
120.962,32,120962016059,73000,1
120.967,33,120967165071,73000,1
120.97,33,120967494071,2502412,0
120.978,33,120975164089,2502412,0
120.99,34,120987832119,2502412,0
121.001,33,120998291549,2502412,0
121.001,33,121001017555,73000,1
121.001,34,121001017555,73000,1
121.006,32,121006219567,73000,1
121.009,38,121006308567,2502412,0
121.009,37,121008847573,73000,1
121.017,38,121014005585,2502412,0
121.017,38,121016543997,73000,1
121.022,34,121019154597,2502412,0
121.037,33,121034423633,2502412,0
121.042,34,121042022651,73000,1
121.042,33,121042120651,73000,1
121.047,38,121044739657,2502412,0
121.055,38,121052427675,2502412,0
121.06,34,121060375693,73000,1
121.063,38,121063047699,73000,1
121.063,33,121063047699,73000,1
121.068,38,121068276711,73000,1
121.074,33,121073496723,73000,1
121.087,38,121084265747,2502412,0
121.102,38,121099721783,2502412,0
121.108,34,121105130795,2502412,0
121.108,38,121107669801,73000,1
121.108,34,121107740801,73000,1
121.108,38,121107980801,73000,1
121.116,35,121115899819,73000,1
121.124,34,121123809837,73000,1
121.129,38,121129038849,73000,1
121.132,33,121129109849,2502412,0
121.14,32,121139460873,73000,1
121.145,33,121142150879,2502412,0
121.147,33,121144680291,2502412,0
121.15,33,121149856303,73000,1
121.158,34,121157935321,73000,1
121.174,33,121171049351,2502412,0
121.176,36,121176198363,73000,1
121.181,33,121178897369,2502412,0
121.184,33,121184144381,73000,1
121.21,33,121210308847,73000,1
121.218,33,121215448859,2502412,0
121.221,38,121220517871,73000,1
121.226,33,121223270877,2502412,0
121.226,34,121225800883,73000,1
121.239,33,121236089907,2502412,0
121.239,33,121238690913,73000,1
121.257,33,121254608949,2502412,0
121.265,33,121265246973,73000,1
121.273,33,121270591985,2502412,0
121.281,33,121281192009,73000,1
121.312,33,121309735481,2502412,0
121.315,33,121314813493,73000,1
121.335,33,121335240541,73000,1
121.346,38,121345902565,73000,1
121.346,33,121345902565,73000,1
121.349,39,121348503571,73000,1
121.354,37,121353670583,73000,1
121.372,37,121371898625,73000,1
121.398,37,121395158679,2502412,0
121.398,37,121397759685,73000,1
121.408,32,121405527703,2502412,0
121.411,37,121408450709,2502412,0
121.411,32,121410980715,73000,1
121.411,37,121411051715,73000,1
121.419,32,121418819733,73000,1
121.419,37,121418819733,73000,1
121.429,34,121429197757,73000,1
121.442,33,121439717781,2502412,0
121.442,32,121442247787,73000,1
121.442,33,121442318787,73000,1
121.453,33,121450237805,2502412,0
121.453,37,121452838811,73000,1
121.456,33,121455590817,73000,1
121.471,33,121468847847,2502412,0
121.489,33,121486788889,2502412,0
121.494,37,121491848901,2502412,0
121.502,33,121501995925,73000,1
121.507,37,121504694931,2502412,0
121.51,37,121507313937,2502412,0
121.515,33,121515216361,73000,1
121.518,35,121515287361,2502412,0
121.528,37,121525665385,2502412,0
121.531,35,121530725397,73000,1
121.554,37,121551143445,2502412,0
121.554,37,121553672857,73000,1
121.556,32,121553771451,2502412,0
121.569,33,121566448481,2502412,0
121.569,32,121569290893,73000,1
121.572,35,121569370893,2502412,0
121.574,32,121571900899,2502412,0
121.575,37,121574430905,73000,1
121.575,35,121574510905,73000,1
121.575,32,121574661905,73000,1
121.575,33,121574661905,73000,1
121.585,36,121582420923,2502412,0
121.588,37,121587631935,73000,1
121.593,33,121592816947,73000,1
121.593,32,121592887947,73000,1
121.595,36,121592958947,2502412,0
121.596,36,121595488359,73000,1
121.598,35,121598089959,73000,1
121.614,32,121613876401,73000,1
121.622,33,121619043413,2502412,0
121.627,36,121624103425,2502412,0
121.627,36,121626668837,73000,1
121.627,33,121626749431,73000,1
121.627,37,121626749431,73000,1
121.642,36,121639470461,2502412,0
121.642,35,121642000467,73000,1
121.652,37,121649679485,2502412,0
121.655,35,121652209491,2502412,0
121.657,36,121654837497,2502412,0
121.66,33,121657376503,2502412,0
121.662,35,121659906509,2502412,0
121.663,36,121662445515,73000,1
121.665,37,121662516515,2502412,0
121.668,35,121667656527,73000,1
121.67,33,121667736527,2502412,0
121.671,37,121670578939,73000,1
121.673,33,121670649939,2502412,0
121.673,32,121673179945,73000,1
121.689,32,121688457981,73000,1
121.696,33,121693606993,2502412,0
121.696,35,121696145999,73000,1
121.699,36,121696216999,2502412,0
121.706,36,121703834017,2502412,0
121.707,33,121706444023,73000,1
121.712,37,121709063029,2502412,0
121.717,33,121714141041,2502412,0
121.725,33,121724574065,73000,1
121.725,37,121724574065,73000,1
121.725,36,121724574065,73000,1
121.725,38,121724699065,73000,1
121.725,35,121724699065,73000,1
121.73,37,121729973077,73000,1
121.73,36,121729973077,73000,1
121.738,33,121735255089,2502412,0
121.74,33,121740395101,73000,1
121.764,33,121761276149,2502412,0
121.774,36,121771414173,2502412,0
121.777,37,121774301585,2502412,0
121.782,33,121781900603,73000,1
121.782,35,121781900603,73000,1
121.787,36,121784599609,2502412,0
121.787,37,121787138615,73000,1
121.79,33,121789855621,73000,1
121.793,36,121792456627,73000,1
121.8,36,121800215645,73000,1
121.803,32,121802816651,73000,1
121.808,37,121807947663,73000,1
121.811,36,121808027663,2502412,0
121.818,34,121815635681,2502412,0
121.819,33,121818478687,73000,1
121.819,34,121818558687,73000,1
121.819,36,121818700687,73000,1
121.837,34,121836802729,73000,1
121.837,36,121837167729,73000,1
121.845,34,121842378741,2502412,0
121.845,34,121844908153,73000,1
121.848,35,121847536753,73000,1
121.853,37,121850146759,2502412,0
121.858,37,121857754777,73000,1
121.858,33,121857834777,73000,1
121.858,35,121857905777,73000,1
121.858,37,121857985777,73000,1
121.866,34,121863196789,2502412,0
121.871,34,121870884807,73000,1
121.874,34,121873503813,73000,1
121.894,34,121891917855,2502412,0
121.897,36,121897075867,73000,1
121.905,34,121902224879,2502412,0
121.917,34,121914919909,2502412,0
121.918,37,121917618915,73000,1
121.921,36,121920541327,73000,1
121.923,34,121923231333,73000,1
121.931,37,121928433345,2502412,0
121.936,37,121933502357,2502412,0
121.936,37,121936031769,73000,1
121.936,34,121936112363,73000,1
121.944,37,121941394375,2502412,0
121.949,37,121946454387,2502412,0
121.954,37,121951585399,2502412,0
121.957,37,121954114811,2502412,0
121.967,37,121964323835,2502412,0
121.972,33,121969499847,2502412,0
121.975,33,121974577859,73000,1
121.975,37,121974657859,73000,1
121.978,33,121977669865,73000,1
121.98,34,121977740865,2502412,0
121.991,34,121990657895,73000,1
121.993,37,121990728895,2502412,0
121.993,37,121993258307,73000,1
122.009,34,122006166931,2502412,0
122.009,33,122008705937,73000,1
122.014,34,122013872949,73000,1
122.022,37,122019110961,2502412,0
122.022,37,122021649373,73000,1
122.027,37,122024643379,2502412,0
122.027,34,122027253385,73000,1
122.038,35,122035012403,2502412,0
122.043,37,122042611421,73000,1
122.045,34,122042682421,2502412,0
122.048,35,122045221427,2502412,0
122.05,37,122047751433,2502412,0
122.053,35,122050281439,2502412,0
122.055,37,122055359451,73000,1
122.058,39,122058111457,73000,1
122.058,35,122058182457,73000,1
122.058,34,122058262457,73000,1
122.058,37,122058413457,73000,1
122.066,35,122063802469,2502412,0
122.084,34,122081932511,2502412,0
122.087,35,122084462517,2502412,0
122.102,35,122102288559,73000,1
122.102,34,122102288559,73000,1
122.102,37,122102368559,73000,1
122.105,35,122102457559,2502412,0
122.105,34,122104996565,73000,1
122.108,35,122105067565,2502412,0
122.125,35,122122902607,2502412,0
122.128,34,122128275619,73000,1
122.128,35,122128382619,73000,1
122.134,35,122131090625,2502412,0
122.139,33,122136150637,2502412,0
122.144,36,122141219649,2502412,0
122.149,33,122146288661,2502412,0
122.156,35,122153887679,2502412,0
122.159,36,122158947691,73000,1
122.162,35,122159018691,2502412,0
122.164,33,122164096703,73000,1
122.172,35,122171784721,73000,1
122.174,36,122171944721,2502412,0
122.175,36,122174474133,73000,1
122.177,33,122174545727,2502412,0
122.195,37,122192595769,2502412,0
122.198,37,122195125181,2502412,0
122.198,37,122197654593,73000,1
122.198,33,122197655187,73000,1
122.198,35,122197655187,73000,1
122.198,36,122197655187,73000,1
122.2,32,122200354193,73000,1
122.203,33,122200425193,2502412,0
122.208,33,122208104211,73000,1
122.216,37,122215783229,73000,1
122.226,33,122223596247,2502412,0
122.229,33,122226125659,2502412,0
122.239,33,122236727683,2502412,0
122.242,34,122239275689,2502412,0
122.242,33,122241805695,73000,1
122.249,36,122246954707,2502412,0
122.255,34,122252165719,2502412,0
122.257,35,122257234731,73000,1
122.262,36,122259880737,2502412,0
122.265,35,122264949749,73000,1
122.268,34,122265038749,2502412,0
122.275,33,122272637767,2502412,0
122.278,34,122275167773,2502412,0
122.278,34,122277697185,73000,1
122.278,36,122277697779,73000,1
122.28,33,122277768779,2502412,0
122.286,33,122285742797,73000,1
122.286,37,122285742797,73000,1
122.296,34,122295987821,73000,1
122.296,36,122295987821,73000,1
122.319,34,122316423869,2502412,0
122.327,33,122326650893,73000,1
122.327,34,122326792893,73000,1
122.332,33,122332254311,73000,1
122.345,34,122345083341,73000,1
122.358,36,122357858371,73000,1
122.36,34,122357929371,2502412,0
122.363,37,122363105383,73000,1
122.366,35,122365706389,73000,1
122.366,34,122365795389,73000,1
122.371,36,122368476395,2502412,0
122.379,34,122376253413,2502412,0
122.381,36,122378854419,2502412,0
122.387,34,122384003431,2502412,0
122.395,36,122394445455,73000,1
122.4,36,122399603467,73000,1
122.4,34,122399674467,73000,1
122.428,34,122425384527,2502412,0
122.433,33,122430524539,2502412,0
122.436,34,122433367545,2502412,0
122.436,33,122435995551,73000,1
122.444,34,122441322563,2502412,0
122.446,34,122443860975,2502412,0
122.449,36,122446390981,2502412,0
122.457,36,122456680005,73000,1
122.459,34,122456760005,2502412,0
122.47,34,122469490035,73000,1
122.472,33,122469579035,2502412,0
122.48,34,122477178053,2502412,0
122.48,36,122479708059,73000,1
122.485,34,122484839071,73000,1
122.485,37,122484839071,73000,1
122.488,33,122487600077,73000,1
122.488,36,122487680077,73000,1
122.509,33,122506139119,2502412,0
122.509,34,122508678125,73000,1
122.514,33,122513925137,73000,1
122.534,33,122531929179,2502412,0
122.553,33,122550006221,2502412,0
122.553,33,122552625227,73000,1
122.553,34,122552625227,73000,1
122.571,33,122568081263,2502412,0
122.573,33,122570610675,2502412,0
122.586,33,122583598705,2502412,0
122.586,36,122586155711,73000,1
122.597,33,122594378729,2502412,0
122.597,33,122596917141,73000,1
122.597,38,122596917735,73000,1
122.62,35,122617389783,2502412,0
122.628,33,122624997801,2502412,0
122.638,35,122638049237,73000,1
122.638,33,122638129237,73000,1
122.641,34,122640757243,73000,1
122.646,33,122643500249,2502412,0
122.656,33,122656319279,73000,1
122.659,35,122659009285,73000,1
122.672,33,122669209309,2502412,0
122.682,33,122682144339,73000,1
122.696,35,122695445369,73000,1
122.698,33,122698073375,73000,1
122.719,33,122718723423,73000,1
122.724,37,122723872435,73000,1
122.742,36,122739560877,2502412,0
122.742,36,122742161883,73000,1
122.753,36,122750222901,2502412,0
122.763,36,122762970931,73000,1
122.766,34,122765660937,73000,1
122.786,36,122783735979,2502412,0
122.792,33,122791477997,73000,1
122.794,36,122794079003,73000,1
122.794,35,122794079003,73000,1
122.807,34,122804708027,2502412,0
122.807,36,122807247033,73000,1
122.813,34,122812627045,73000,1
122.816,34,122815477051,73000,1
122.824,34,122821017063,2502412,0
122.826,34,122823564475,2502412,0
122.836,36,122833755499,2502412,0
122.839,34,122838824511,73000,1
122.844,36,122841826923,2502412,0
122.844,34,122844356929,73000,1
122.845,37,122844498929,73000,1
122.847,34,122844649929,2502412,0
122.852,36,122849798941,2502412,0
122.858,37,122855009953,2502412,0
122.858,34,122857610959,73000,1
122.858,36,122857681959,73000,1
122.858,37,122857832959,73000,1
122.863,37,122860504965,2502412,0
122.871,37,122870864989,73000,1
122.874,36,122873465995,73000,1
122.879,34,122876156001,2502412,0
122.881,39,122881234013,73000,1
122.886,37,122883862019,2502412,0
122.886,35,122886392025,73000,1
122.889,39,122889002031,73000,1
122.892,37,122891612037,73000,1
122.892,34,122891612037,73000,1
122.894,37,122894231043,73000,1
122.894,39,122894302043,73000,1
122.897,32,122897001049,73000,1
122.908,32,122907754073,73000,1
122.918,36,122917981097,73000,1
122.918,34,122917981097,73000,1
122.923,32,122920582103,2502412,0
122.926,32,122925669115,73000,1
122.939,39,122936021139,2502412,0
122.941,37,122938560145,2502412,0
122.952,37,122949001575,2502412,0
122.952,33,122951558581,73000,1
122.954,39,122954168587,73000,1
122.957,32,122954248587,2502412,0
122.957,39,122956778593,73000,1
122.967,34,122964439611,2502412,0
122.97,37,122969499623,73000,1
122.982,38,122982220653,73000,1
122.99,32,122987351665,2502412,0
122.992,34,122989881671,2502412,0
122.997,32,122994977683,2502412,0
122.998,38,122997507689,73000,1
123.008,37,123008038713,73000,1
123.008,38,123008038713,73000,1
123.008,34,123008109713,73000,1
123.013,32,123010781719,2502412,0
123.016,36,123013391725,2502412,0
123.018,37,123015930731,2502412,0
123.021,37,123020999743,73000,1
123.021,36,123021070743,73000,1
123.024,32,123023680749,73000,1
123.026,38,123023840749,2502412,0
123.027,38,123026459755,73000,1
123.029,37,123026539755,2502412,0
123.037,39,123034200773,2502412,0
123.042,36,123039260785,2502412,0
123.044,34,123041799791,2502412,0
123.047,37,123044338797,2502412,0
123.047,32,123047181803,73000,1
123.047,37,123047252803,73000,1
123.047,39,123047332803,73000,1
123.05,36,123047403803,2502412,0
123.052,34,123049933809,2502412,0
123.058,34,123055011821,2502412,0
123.06,38,123057541827,2502412,0
123.063,37,123060071833,2502412,0
123.068,36,123065140845,2502412,0
123.07,34,123067688851,2502412,0
123.073,34,123072757863,73000,1
123.073,32,123072757863,73000,1
123.073,37,123072828863,73000,1
123.073,38,123072828863,73000,1
123.078,36,123077995875,73000,1
123.081,39,123080685881,73000,1
123.083,37,123080774881,2502412,0
123.083,37,123083375887,73000,1
123.083,38,123083375887,73000,1
123.089,37,123088577899,73000,1
123.089,34,123088577899,73000,1
123.094,39,123093824911,73000,1
123.102,37,123101494929,73000,1
123.102,36,123101574929,73000,1
123.102,38,123101574929,73000,1
123.102,34,123101574929,73000,1
123.104,39,123101814929,2502412,0
123.127,39,123124960389,2502412,0
123.133,39,123132622407,73000,1
123.135,34,123135223413,73000,1
123.143,38,123143116431,73000,1
123.143,39,123143116431,73000,1
123.151,36,123151098855,73000,1
123.151,39,123151098855,73000,1
123.156,32,123153779861,2502412,0
123.167,32,123166634891,73000,1
123.185,39,123182019927,2502412,0
123.197,37,123194714957,2502412,0
123.2,37,123197253369,2502412,0
123.2,32,123199783375,73000,1
123.2,39,123199925375,73000,1
123.2,36,123200005375,73000,1
123.208,37,123205172387,2502412,0
123.213,39,123213199811,73000,1
123.213,36,123213199811,73000,1
123.221,37,123220878829,73000,1
123.229,33,123226160841,2502412,0
123.244,33,123241367877,2502412,0
123.246,39,123243968883,2502412,0
123.247,32,123246498889,73000,1
123.247,33,123246569889,73000,1
123.247,39,123246649889,73000,1
123.252,33,123249250895,2502412,0
123.257,37,123254641907,2502412,0
123.262,39,123259879919,2502412,0
123.265,39,123262409331,2502412,0
123.267,34,123264939337,2502412,0
123.273,33,123269999349,2502412,0
123.273,37,123272529355,73000,1
123.273,35,123272760355,73000,1
123.275,33,123272831355,2502412,0
123.278,39,123277891367,73000,1
123.28,33,123277962367,2502412,0
123.283,33,123280491779,2502412,0
123.283,39,123283030785,73000,1
123.283,34,123283030785,73000,1
123.283,32,123283030785,73000,1
123.296,33,123293301809,2502412,0
123.304,37,123303572833,73000,1
123.314,33,123311591851,2502412,0
123.319,34,123316651863,2502412,0
123.324,33,123321711875,2502412,0
123.324,39,123324241881,73000,1
123.327,34,123326958887,73000,1
123.335,33,123332089899,2502412,0
123.335,33,123334637311,73000,1
123.335,39,123334744905,73000,1
123.337,34,123337345911,73000,1
123.34,38,123340071917,73000,1
123.34,37,123340151917,73000,1
123.345,33,123342761923,2502412,0
123.348,33,123345300335,2502412,0
123.351,33,123350618347,73000,1
123.351,37,123350778347,73000,1
123.353,33,123350849347,2502412,0
123.356,33,123353763353,2502412,0
123.367,33,123364070377,2502412,0
123.372,33,123369130389,2502412,0
123.377,34,123374190401,2502412,0
123.377,34,123376728813,73000,1
123.377,39,123376729407,73000,1
123.38,39,123379428413,73000,1
123.387,33,123384568425,2502412,0
123.392,34,123389655437,2502412,0
123.397,33,123394724449,2502412,0
123.397,33,123397262861,73000,1
123.4,34,123399873461,73000,1
123.415,34,123412961491,2502412,0
123.418,37,123418021503,73000,1
123.426,33,123423152515,2502412,0
123.428,34,123425691521,2502412,0
123.431,33,123430760533,73000,1
123.441,34,123438599551,2502412,0
123.444,34,123441146963,2502412,0
123.449,34,123446206975,2502412,0
123.456,34,123453823993,2502412,0
123.464,33,123461807011,2502412,0
123.477,33,123474626041,2502412,0
123.48,34,123477156047,2502412,0
123.482,33,123482225059,73000,1
123.493,34,123490029077,2502412,0
123.493,33,123492586083,73000,1
123.508,34,123505352113,2502412,0
123.521,34,123521041149,73000,1
123.521,33,123521121149,73000,1
123.539,34,123536524185,2502412,0
123.547,32,123546644209,73000,1
123.554,34,123554377227,73000,1
123.56,34,123559998645,73000,1
123.584,34,123581013693,2502412,0
123.594,34,123591240717,2502412,0
123.604,33,123604228747,73000,1
123.604,34,123604299747,73000,1
123.612,34,123612378765,73000,1
123.621,34,123620441783,73000,1
123.659,36,123659201873,73000,1
123.673,38,123672520309,73000,1
123.732,34,123729854441,2502412,0
123.733,34,123732669447,73000,1
123.751,34,123750868489,73000,1
123.783,33,123782430967,73000,1
123.793,34,123792870991,73000,1
123.803,34,123803249015,73000,1
123.873,37,123873155583,73000,1
123.894,32,123891301625,2502412,0
123.909,32,123906677661,2502412,0
123.92,34,123919523691,73000,1
123.922,32,123919665691,2502412,0
123.925,32,123922195103,2502412,0
123.938,32,123935255539,2502412,0
123.946,32,123945624563,73000,1
123.956,32,123956011587,73000,1
123.972,33,123971789029,73000,1
123.987,32,123987254065,73000,1
123.995,32,123995138083,73000,1
124.042,32,124039413185,2502412,0
124.052,32,124052205215,73000,1
124.052,35,124052205215,73000,1
124.052,33,124052205215,73000,1
124.063,32,124060160233,2502412,0
124.068,32,124067857251,73000,1
124.074,32,124073451669,73000,1
124.084,32,124084033693,73000,1
124.131,32,124128308795,2502412,0
124.144,32,124141225825,2502412,0
124.162,32,124159193867,2502412,0
124.164,32,124161803873,2502412,0
124.165,36,124164617879,73000,1
124.17,32,124167298885,2502412,0
124.175,32,124175352309,73000,1
124.181,32,124180688321,73000,1
124.24,32,124239780459,73000,1
124.299,39,124299085003,73000,1
124.302,33,124299156003,2502412,0
124.302,33,124301694415,73000,1
124.302,32,124301695009,73000,1
124.328,33,124325079063,2502412,0
124.341,33,124338149093,2502412,0
124.343,34,124343307105,73000,1
124.346,33,124343396105,2502412,0
124.346,33,124345925517,73000,1
124.348,32,124345997111,2502412,0
124.354,32,124353605129,73000,1
124.364,32,124364027153,73000,1
124.367,37,124364098153,2502412,0
124.367,32,124366646159,73000,1
124.369,33,124369336165,73000,1
124.37,37,124369496165,73000,1
124.38,37,124377647589,2502412,0
124.383,33,124380248595,2502412,0
124.385,33,124385379607,73000,1
124.393,37,124393040625,73000,1
124.398,33,124398198637,73000,1
124.398,37,124398198637,73000,1
124.406,37,124405957655,73000,1
124.434,33,124434135721,73000,1
124.458,35,124455435769,2502412,0
124.468,35,124468423799,73000,1
124.474,32,124473563811,73000,1
124.479,35,124478757823,73000,1
124.492,37,124489279253,2502412,0
124.492,35,124491889259,73000,1
124.494,37,124491969259,2502412,0
124.5,37,124499559277,73000,1
124.507,32,124504859289,2502412,0
124.518,32,124517545319,73000,1
124.52,32,124520226325,73000,1
124.525,37,124522845331,2502412,0
124.533,37,124530524349,2502412,0
124.533,37,124533053761,73000,1
124.538,33,124535753361,2502412,0
124.541,33,124538684773,2502412,0
124.544,37,124541223779,2502412,0
124.544,37,124543833785,73000,1
124.552,37,124549053797,2502412,0
124.554,33,124554122809,73000,1
124.554,37,124554193809,73000,1
124.554,36,124554193809,73000,1
124.564,38,124561943827,2502412,0
124.567,38,124564473239,2502412,0
124.57,37,124567021245,2502412,0
124.57,36,124569640251,73000,1
124.57,33,124569800251,73000,1
124.57,37,124569880251,73000,1
124.573,38,124572481257,73000,1
124.578,38,124575153263,2502412,0
124.58,32,124577683269,2502412,0
124.586,38,124583064687,2502412,0
124.588,32,124585594693,2502412,0
124.593,38,124590654705,2502412,0
124.601,32,124600854729,73000,1
124.601,35,124600854729,73000,1
124.603,36,124600996729,2502412,0
124.606,33,124603535735,2502412,0
124.609,37,124606074741,2502412,0
124.611,33,124608684747,2502412,0
124.611,38,124611214753,73000,1
124.611,36,124611383753,73000,1
124.614,37,124611454753,2502412,0
124.619,33,124619115771,73000,1
124.622,34,124619186771,2502412,0
124.624,37,124621787777,2502412,0
124.629,32,124626847789,2502412,0
124.632,33,124629413795,2502412,0
124.632,37,124631943801,73000,1
124.632,32,124632014801,73000,1
124.632,34,124632014801,73000,1
124.632,33,124632085801,73000,1
124.64,38,124637287813,2502412,0
124.643,33,124640130225,2502412,0
124.65,36,124650330249,73000,1
124.653,38,124653011255,73000,1
124.658,33,124655630261,2502412,0
124.658,37,124658160267,73000,1
124.658,34,124658160267,73000,1
124.663,32,124660850273,2502412,0
124.666,32,124666088285,73000,1
124.666,33,124666159285,73000,1
124.666,34,124666230285,73000,1
124.666,36,124666301285,73000,1
124.666,37,124666301285,73000,1
124.671,38,124668902291,2502412,0
124.685,38,124684635333,73000,1
124.685,32,124684715333,73000,1
124.69,36,124689944345,73000,1
124.693,33,124692545351,73000,1
124.695,34,124695325357,73000,1
124.695,38,124695325357,73000,1
124.713,36,124710871393,2502412,0
124.716,33,124713401399,2502412,0
124.726,36,124723539423,2502412,0
124.729,36,124728599435,73000,1
124.729,32,124728599435,73000,1
124.731,33,124731227441,73000,1
124.731,37,124731227441,73000,1
124.731,38,124731227441,73000,1
124.75,33,124749473483,73000,1
124.752,36,124749624483,2502412,0
124.752,35,124752163489,73000,1
124.755,33,124752234489,2502412,0
124.763,36,124762532513,73000,1
124.768,33,124767681525,73000,1
124.783,37,124780518555,2502412,0
124.791,36,124788527979,2502412,0
124.799,33,124796117997,2502412,0
124.801,37,124801267009,73000,1
124.806,36,124803877015,2502412,0
124.807,33,124806496021,73000,1
124.807,34,124806496021,73000,1
124.809,36,124806594021,2502412,0
124.809,36,124809141433,73000,1
124.817,37,124814353039,2502412,0
124.822,37,124819600051,2502412,0
124.832,33,124829738075,2502412,0
124.845,36,124842477105,2502412,0
124.848,37,124847849523,73000,1
124.848,36,124847929523,73000,1
124.851,33,124848000523,2502412,0
124.858,32,124858147547,73000,1
124.858,36,124858147547,73000,1
124.861,38,124860837553,73000,1
124.868,33,124865977565,2502412,0
124.871,37,124868516571,2502412,0
124.876,37,124873576583,2502412,0
124.886,33,124883776607,2502412,0
124.889,37,124886342613,2502412,0
124.894,35,124894414037,73000,1
124.897,36,124894485037,2502412,0
124.897,37,124897015043,73000,1
124.897,33,124897015043,73000,1
124.9,36,124899723049,73000,1
124.91,37,124910021073,73000,1
124.91,33,124910021073,73000,1
124.918,39,124915241085,2502412,0
124.92,36,124917771091,2502412,0
124.931,33,124930439121,73000,1
124.936,39,124933076127,2502412,0
124.936,36,124935686133,73000,1
124.938,39,124938314139,73000,1
124.938,36,124938385139,73000,1
124.946,39,124943534151,2502412,0
124.957,37,124954056175,2502412,0
124.957,37,124956621587,73000,1
124.957,39,124956622181,73000,1
124.957,39,124956818181,73000,1
124.957,38,124956889181,73000,1
124.97,34,124967187205,2502412,0
124.972,32,124969788211,2502412,0
124.972,34,124972318217,73000,1
124.972,36,124972416217,73000,1
124.973,32,124972487217,73000,1
124.975,37,124975115223,73000,1
124.985,37,124982785241,2502412,0
124.991,37,124990500259,73000,1
124.991,34,124990500259,73000,1
124.996,32,124993413671,2502412,0
124.998,33,124995943677,2502412,0
125.006,33,125003542695,2502412,0
125.016,32,125013707719,2502412,0
125.016,34,125016317725,73000,1
125.019,33,125016530725,2502412,0
125.022,39,125021599737,73000,1
125.022,32,125021670737,73000,1
125.022,37,125021670737,73000,1
125.027,33,125024280743,2502412,0
125.04,32,125039691779,73000,1
125.045,33,125042292785,2502412,0
125.045,37,125044831791,73000,1
125.058,33,125057990821,73000,1
125.079,33,125078560869,73000,1
125.096,32,125093838905,2502412,0
125.097,34,125096690911,73000,1
125.102,32,125099291917,2502412,0
125.102,33,125101839923,73000,1
125.104,36,125101990923,2502412,0
125.107,36,125104591929,2502412,0
125.11,32,125109678941,73000,1
125.115,36,125114818953,73000,1
125.115,33,125114818953,73000,1
125.128,36,125127593983,73000,1
125.138,32,125137874007,73000,1
125.146,37,125143014019,2502412,0
125.154,39,125153474043,73000,1
125.164,37,125161171061,2502412,0
125.174,37,125173919091,73000,1
125.176,36,125173990091,2502412,0
125.189,37,125186765121,2502412,0
125.189,36,125189295127,73000,1
125.202,32,125199825557,2502412,0
125.207,37,125204894569,2502412,0
125.215,32,125212573587,2502412,0
125.215,36,125215103593,73000,1
125.22,37,125220252605,73000,1
125.225,36,125225392617,73000,1
125.231,32,125228073623,2502412,0
125.248,32,125245828665,2502412,0
125.251,37,125248358671,2502412,0
125.251,33,125250888677,73000,1
125.259,32,125258996695,73000,1
125.259,34,125258996695,73000,1
125.259,37,125259085695,73000,1
125.275,32,125274604731,73000,1
125.292,37,125289962767,2502412,0
125.298,38,125297650785,73000,1
125.3,37,125297721785,2502412,0
125.311,37,125310827815,73000,1
125.316,32,125313615821,2502412,0
125.321,36,125318826833,2502412,0
125.322,36,125321427839,73000,1
125.324,37,125324037845,73000,1
125.327,32,125326709851,73000,1
125.34,37,125339555881,73000,1
125.34,32,125339555881,73000,1
125.345,36,125344704893,73000,1
125.347,32,125347359899,73000,1
125.355,32,125352490911,2502412,0
125.368,32,125368117947,73000,1
125.373,32,125373364959,73000,1
125.379,39,125378646971,73000,1
125.382,32,125381479977,73000,1
125.387,32,125386717989,73000,1
125.394,36,125391885001,2502412,0
125.405,36,125405247437,73000,1
125.418,36,125415980461,2502412,0
125.436,33,125433859503,2502412,0
125.439,36,125438928515,73000,1
125.444,37,125444068527,73000,1
125.444,33,125444148527,73000,1
125.468,36,125465004575,2502412,0
125.47,36,125470135587,73000,1
125.475,33,125472736593,2502412,0
125.48,33,125477796605,2502412,0
125.483,33,125480344017,2502412,0
125.491,33,125488014035,2502412,0
125.501,33,125500762065,73000,1
125.509,36,125508762489,73000,1
125.532,39,125531719543,73000,1
125.534,33,125534338549,73000,1
125.537,32,125534489549,2502412,0
125.545,32,125542151567,2502412,0
125.55,32,125547220579,2502412,0
125.55,36,125549759585,73000,1
125.552,32,125549830585,2502412,0
125.563,33,125562900615,73000,1
125.565,32,125562971615,2502412,0
125.571,32,125570721633,73000,1
125.604,32,125601615705,2502412,0
125.61,37,125609554129,73000,1
125.615,36,125612173135,2502412,0
125.617,36,125614711547,2502412,0
125.62,32,125619780559,73000,1
125.63,36,125627708577,2502412,0
125.643,32,125640385607,2502412,0
125.643,36,125643066613,73000,1
125.648,36,125648206625,73000,1
125.648,32,125648206625,73000,1
125.648,36,125648331625,73000,1
125.651,33,125648411625,2502412,0
125.656,33,125653667637,2502412,0
125.669,32,125669285673,73000,1
125.672,33,125669356673,2502412,0
125.674,33,125671886085,2502412,0
125.68,33,125679556103,73000,1
125.687,33,125684874115,2502412,0
125.69,33,125690112127,73000,1
125.69,34,125690183127,73000,1
125.698,36,125695403139,2502412,0
125.701,36,125698013145,2502412,0
125.703,38,125700543151,2502412,0
125.703,36,125703082157,73000,1
125.706,38,125705852163,73000,1
125.711,32,125711402581,73000,1
125.714,36,125714003587,73000,1
125.714,33,125714074587,73000,1
125.727,38,125727382617,73000,1
125.73,33,125730072623,73000,1
125.748,36,125745341659,2502412,0
125.75,36,125750401671,73000,1
125.756,33,125753091677,2502412,0
125.761,38,125760699695,73000,1
125.771,33,125768682713,2502412,0
125.781,33,125778909737,2502412,0
125.782,36,125781439743,73000,1
125.784,33,125781528743,2502412,0
125.794,35,125791853767,2502412,0
125.797,36,125794383773,2502412,0
125.797,33,125796984779,73000,1
125.8,33,125799656785,73000,1
125.8,35,125799656785,73000,1
125.802,36,125799834785,2502412,0
125.805,35,125805010797,73000,1
125.808,32,125807620803,73000,1
125.808,36,125807691803,73000,1
125.813,33,125810292809,2502412,0
125.818,33,125815852821,2502412,0
125.829,33,125828778851,73000,1
125.839,36,125836466869,2502412,0
125.839,36,125839005281,73000,1
125.839,35,125839005875,73000,1
125.849,38,125846951893,2502412,0
125.85,33,125849632899,73000,1
125.855,38,125852349905,2502412,0
125.855,36,125854888911,73000,1
125.865,38,125865106935,73000,1
125.878,38,125878158965,73000,1
125.883,35,125883414977,73000,1
125.886,32,125886015983,73000,1
125.894,33,125893846001,73000,1
125.902,38,125899350013,2502412,0
125.902,38,125901879425,73000,1
125.908,39,125907473031,73000,1
125.908,36,125907544031,73000,1
125.926,38,125923241473,2502412,0
125.939,38,125936096503,2502412,0
125.941,39,125938626509,2502412,0
125.941,36,125941174515,73000,1
125.946,38,125946314527,73000,1
125.952,38,125951463539,73000,1
125.952,33,125951463539,73000,1
125.952,39,125951534539,73000,1
125.964,39,125961868563,2502412,0
125.97,39,125969467581,73000,1
125.975,37,125975036593,73000,1
125.975,38,125975036593,73000,1
125.988,35,125985316617,2502412,0
125.993,37,125990447629,2502412,0
125.996,33,125995507641,73000,1
126.001,35,126000665653,73000,1
126.006,39,126003266659,2502412,0
126.006,37,126005796665,73000,1
126.021,39,126018937101,2502412,0
126.029,37,126029093125,73000,1
126.037,35,126034260137,2502412,0
126.037,39,126036790143,73000,1
126.04,37,126037030143,2502412,0
126.045,37,126042090155,2502412,0
126.05,35,126049760173,73000,1
126.05,37,126049849173,73000,1
126.057,37,126054989185,2502412,0
126.06,35,126057528191,2502412,0
126.07,35,126070249221,73000,1
126.07,37,126070249221,73000,1
126.07,39,126070249221,73000,1
126.071,37,126070471221,73000,1
126.079,38,126078685239,73000,1
126.081,35,126078774239,2502412,0
126.089,35,126088992263,73000,1
126.089,36,126088992263,73000,1
126.097,39,126094248275,2502412,0
126.105,39,126104537299,73000,1
126.115,37,126112225317,2502412,0
126.117,37,126114754729,2502412,0
126.117,35,126117284735,73000,1
126.125,35,126122773153,2502412,0
126.128,37,126125383159,2502412,0
126.136,35,126135512183,73000,1
126.146,37,126145730207,73000,1
126.146,39,126145730207,73000,1
126.154,35,126151004219,2502412,0
126.159,37,126156189231,2502412,0
126.159,38,126158861237,73000,1
126.159,39,126158861237,73000,1
126.159,35,126158932237,73000,1
126.167,37,126166682255,73000,1
126.193,35,126190156309,2502412,0
126.193,37,126192686315,73000,1
126.195,39,126192757315,2502412,0
126.195,39,126195286727,73000,1
126.198,35,126197888327,73000,1
126.213,32,126213389363,73000,1
126.213,34,126213389363,73000,1
126.216,39,126213460363,2502412,0
126.221,35,126218751375,2502412,0
126.229,39,126226654393,2502412,0
126.237,37,126234404411,2502412,0
126.239,37,126236951823,2502412,0
126.242,35,126242020835,73000,1
126.242,39,126242091835,73000,1
126.252,37,126252389859,73000,1
126.252,39,126252389859,73000,1
126.255,36,126255133865,73000,1
126.263,38,126262821883,73000,1
126.263,35,126262821883,73000,1
126.273,37,126270545901,2502412,0
126.281,35,126281156925,73000,1
126.284,37,126281245925,2502412,0
126.284,33,126283855931,73000,1
126.297,37,126296594961,73000,1
126.297,39,126296665961,73000,1
126.305,32,126304540979,73000,1
126.31,37,126309983991,73000,1
126.326,33,126325983433,73000,1
126.359,37,126356993505,2502412,0
126.365,35,126362124517,2502412,0
126.37,35,126369874535,73000,1
126.373,37,126372617541,73000,1
126.378,39,126375298547,2502412,0
126.388,39,126388403583,73000,1
126.388,35,126388403583,73000,1
126.391,37,126391049589,73000,1
126.394,39,126391138589,2502412,0
126.407,39,126406549625,73000,1
126.407,37,126406549625,73000,1
126.417,35,126416981649,73000,1
126.417,39,126416981649,73000,1
126.436,37,126433070091,2502412,0
126.449,39,126448437127,73000,1
126.451,37,126448588127,2502412,0
126.466,37,126463955163,2502412,0
126.472,37,126469184175,2502412,0
126.477,37,126474342187,2502412,0
126.482,35,126479615199,2502412,0
126.488,35,126487607217,73000,1
126.49,35,126487758217,2502412,0
126.49,37,126490288223,73000,1
126.493,35,126493049229,73000,1
126.493,37,126493049229,73000,1
126.501,33,126498198241,2502412,0
126.511,39,126510919271,73000,1
126.511,33,126510999271,73000,1
126.511,35,126510999271,73000,1
126.519,33,126516210283,2502412,0
126.521,37,126518749289,2502412,0
126.527,33,126526428307,73000,1
126.537,37,126534446731,2502412,0
126.537,33,126536976737,73000,1
126.54,35,126537047737,2502412,0
126.542,33,126539586743,2502412,0
126.553,35,126552485773,73000,1
126.553,37,126552485773,73000,1
126.558,37,126555095779,2502412,0
126.558,35,126557625785,73000,1
126.558,33,126557625785,73000,1
126.57,35,126567914809,2502412,0
126.573,35,126573054821,73000,1
126.573,37,126573054821,73000,1
126.576,37,126573214821,2502412,0
126.586,33,126583370845,2502412,0
126.589,35,126586213257,2502412,0
126.591,37,126588743263,2502412,0
126.594,39,126591380269,2502412,0
126.597,33,126596440281,73000,1
126.599,39,126596520281,2502412,0
126.602,39,126599049693,2502412,0
126.604,35,126604118705,73000,1
126.607,37,126604189705,2502412,0
126.609,37,126606728117,2502412,0
126.609,33,126609258123,73000,1
126.612,39,126609329123,2502412,0
126.612,33,126611859129,73000,1
126.615,39,126614540135,73000,1
126.615,37,126614700135,73000,1
126.622,35,126619831147,2502412,0
126.64,35,126637978595,2502412,0
126.646,39,126645693613,73000,1
126.651,35,126650842625,73000,1
126.651,37,126650842625,73000,1
126.656,37,126653461631,2502412,0
126.666,39,126663688655,2502412,0
126.669,37,126666218661,2502412,0
126.671,37,126668748073,2502412,0
126.679,37,126676445091,2502412,0
126.679,37,126678983503,73000,1
126.682,39,126681603103,73000,1
126.684,35,126681683103,2502412,0
126.684,35,126684373109,73000,1
126.685,37,126684604109,73000,1
126.687,35,126684755109,2502412,0
126.687,39,126687312115,73000,1
126.69,35,126687454115,2502412,0
126.701,35,126700665551,73000,1
126.716,37,126713511581,2502412,0
126.716,37,126716049993,73000,1
126.721,33,126721217599,73000,1
126.726,39,126723827605,2502412,0
126.729,35,126728887617,73000,1
126.734,37,126731568623,2502412,0
126.737,39,126734411629,2502412,0
126.752,39,126752139671,73000,1
126.752,37,126752139671,73000,1
126.76,39,126757288683,2502412,0
126.768,39,126767444707,73000,1
126.768,35,126767524707,73000,1
126.776,37,126775612725,73000,1
126.786,39,126783318743,2502412,0
126.796,39,126793760767,2502412,0
126.799,39,126796299179,2502412,0
126.801,39,126801368191,73000,1
126.809,39,126809092209,73000,1
126.814,37,126814339221,73000,1
126.833,39,126832450263,73000,1
126.846,39,126845617699,73000,1
126.848,39,126845786699,2502412,0
126.856,39,126853385717,2502412,0
126.856,39,126855915129,73000,1
126.861,39,126858694729,2502412,0
126.869,39,126868859753,73000,1
126.874,35,126874017765,73000,1
126.877,39,126874088765,2502412,0
126.887,39,126886809795,73000,1
126.908,37,126907620843,73000,1
126.913,39,126910408849,2502412,0
126.913,39,126913018855,73000,1
126.929,39,126928616891,73000,1
126.929,37,126928714891,73000,1
126.934,39,126933943903,73000,1
126.937,32,126934023903,2502412,0
126.947,32,126944643333,2502412,0
126.952,32,126949952345,2502412,0
126.958,33,126955110357,2502412,0
126.96,33,126957729363,2502412,0
126.96,32,126960259369,73000,1
126.963,33,126962860375,73000,1
126.973,33,126973380399,73000,1
126.991,32,126988738435,2502412,0
126.991,32,126991357441,73000,1
127.005,32,127002004465,2502412,0
127.02,32,127019901507,73000,1
127.022,39,127019981507,2502412,0
127.038,39,127035268543,2502412,0
127.046,33,127043188967,2502412,0
127.051,39,127050805985,73000,1
127.051,35,127050805985,73000,1
127.051,32,127050876985,73000,1
127.056,33,127056016997,73000,1
127.064,34,127063750015,73000,1
127.064,39,127063821015,73000,1
127.064,39,127063972015,73000,1
127.072,34,127071731033,73000,1
127.079,33,127076862045,2502412,0
127.092,33,127092149081,73000,1
127.092,32,127092149081,73000,1
127.1,34,127097816093,2502412,0
127.111,33,127110484123,73000,1
127.111,34,127110653123,73000,1
127.114,32,127113476129,73000,1
127.114,39,127113787129,73000,1
127.134,34,127134374177,73000,1
127.142,34,127142383601,73000,1
127.145,36,127145091607,73000,1
127.148,33,127147879613,73000,1
127.148,38,127148110613,73000,1
127.174,37,127171529667,2502412,0
127.184,37,127181792691,2502412,0
127.184,37,127184402697,73000,1
127.192,35,127189631709,2502412,0
127.203,35,127200295733,2502412,0
127.205,37,127202905739,2502412,0
127.221,37,127218165775,2502412,0
127.221,35,127220695781,73000,1
127.226,37,127225951793,73000,1
127.236,35,127233648811,2502412,0
127.239,35,127236347817,2502412,0
127.244,34,127243964835,73000,1
127.247,33,127244124835,2502412,0
127.252,35,127252027853,73000,1
127.252,37,127252027853,73000,1
127.26,35,127259999871,73000,1
127.26,33,127259999871,73000,1
127.263,32,127260212871,2502412,0
127.268,32,127267900889,73000,1
127.268,33,127267900889,73000,1
127.271,37,127267998889,2502412,0
127.273,37,127270715895,2502412,0
127.273,35,127273272901,73000,1
127.283,37,127280942919,2502412,0
127.289,32,127286082931,2502412,0
127.289,32,127288621343,73000,1
127.289,37,127288621937,73000,1
127.292,37,127291480943,73000,1
127.297,39,127296611955,73000,1
127.297,32,127296682955,73000,1
127.307,33,127307204979,73000,1
127.31,37,127307275979,2502412,0
127.312,37,127309805391,2502412,0
127.317,37,127314865403,2502412,0
127.325,32,127322482421,2502412,0
127.328,37,127325101427,2502412,0
127.333,32,127332700445,73000,1
127.335,37,127332789445,2502412,0
127.343,37,127343291469,73000,1
127.349,37,127348894887,73000,1
127.349,32,127348965887,73000,1
127.352,32,127351726893,73000,1
127.36,37,127359512911,73000,1
127.365,35,127362274917,2502412,0
127.373,35,127372546941,73000,1
127.378,33,127375378947,2502412,0
127.383,35,127380580959,2502412,0
127.391,33,127390922983,73000,1
127.394,35,127393532989,73000,1
127.401,34,127401203007,73000,1
127.404,33,127401274007,2502412,0
127.404,33,127403812419,73000,1
127.425,33,127424669061,73000,1
127.427,35,127427421067,73000,1
127.445,32,127445256109,73000,1
127.456,37,127453425533,2502412,0
127.471,33,127468659569,2502412,0
127.471,37,127471189575,73000,1
127.471,35,127471189575,73000,1
127.482,33,127481487599,73000,1
127.482,32,127481558599,73000,1
127.487,33,127484248605,2502412,0
127.497,33,127497156635,73000,1
127.5,37,127497325635,2502412,0
127.503,33,127502616647,73000,1
127.505,37,127505262653,73000,1
127.513,37,127510724665,2502412,0
127.521,37,127521040689,73000,1
127.544,37,127544238743,73000,1
127.544,33,127544309743,73000,1
127.552,35,127549645755,2502412,0
127.558,35,127558010773,73000,1
127.561,37,127558081773,2502412,0
127.566,37,127565920791,73000,1
127.581,33,127581305827,73000,1
127.582,35,127581456827,73000,1
127.584,37,127581527827,2502412,0
127.589,37,127586658839,2502412,0
127.592,37,127591718851,73000,1
127.595,37,127594470857,73000,1
127.603,35,127602442875,73000,1
127.626,37,127626210929,73000,1
127.689,37,127686217473,2502412,0
127.709,37,127706529521,2502412,0
127.712,35,127711589533,73000,1
127.717,39,127714503545,2502412,0
127.717,39,127717041957,73000,1
127.722,38,127722262563,73000,1
127.727,37,127727393575,73000,1
127.73,38,127730101581,73000,1
127.73,39,127730181581,73000,1
127.733,34,127730261581,2502412,0
127.735,34,127735401593,73000,1
127.738,39,127735472593,2502412,0
127.743,39,127740621605,2502412,0
127.748,37,127748220623,73000,1
127.751,35,127748300623,2502412,0
127.756,39,127753440635,2502412,0
127.758,38,127755988641,2502412,0
127.766,35,127763891659,2502412,0
127.769,39,127766430665,2502412,0
127.772,34,127769040671,2502412,0
127.774,35,127774100683,73000,1
127.774,38,127774251683,73000,1
127.774,33,127774251683,73000,1
127.774,39,127774322683,73000,1
127.777,34,127774411683,2502412,0
127.777,34,127776959095,73000,1
127.777,39,127776959689,73000,1
127.78,35,127777101689,2502412,0
127.78,36,127779702695,73000,1
127.78,38,127779773695,73000,1
127.782,35,127779853695,2502412,0
127.783,38,127782454701,73000,1
127.793,36,127790284719,2502412,0
127.795,35,127795353731,73000,1
127.795,39,127795424731,73000,1
127.798,34,127795495731,2502412,0
127.801,34,127800573743,73000,1
127.803,36,127803183749,73000,1
127.808,37,127808350761,73000,1
127.809,36,127808448761,73000,1
127.814,34,127813597773,73000,1
127.816,35,127813677773,2502412,0
127.819,37,127819139191,73000,1
127.822,33,127819219191,2502412,0
127.827,35,127824279203,2502412,0
127.829,38,127826889209,2502412,0
127.829,33,127829419215,73000,1
127.835,38,127832029221,2502412,0
127.835,37,127834639227,73000,1
127.837,35,127834710227,2502412,0
127.84,38,127839770239,73000,1
127.84,34,127839770239,73000,1
127.84,35,127839921239,73000,1
127.843,39,127842593245,73000,1
127.843,33,127842593245,73000,1
127.843,34,127842593245,73000,1
127.848,35,127845345251,2502412,0
127.848,36,127847946257,73000,1
127.856,38,127855758275,73000,1
127.856,35,127855989275,73000,1
127.864,35,127864122699,73000,1
127.864,33,127864229699,73000,1
127.872,38,127869449711,2502412,0
127.88,38,127877066729,2502412,0
127.895,32,127892371765,2502412,0
127.895,38,127894901771,73000,1
127.898,36,127897538777,73000,1
127.898,38,127897538777,73000,1
127.9,32,127900175783,73000,1
127.903,36,127900246783,2502412,0
127.916,36,127915578819,73000,1
127.919,35,127918572825,73000,1
127.924,33,127921262831,2502412,0
127.926,38,127923810837,2502412,0
127.926,32,127926340843,73000,1
127.929,36,127926482843,2502412,0
127.934,33,127934250861,73000,1
127.934,38,127934321861,73000,1
127.939,36,127936940867,2502412,0
127.94,36,127939479279,73000,1
127.942,39,127942160879,73000,1
127.952,33,127949875897,2502412,0
127.955,38,127954962909,73000,1
127.955,32,127955033909,73000,1
127.958,32,127957714915,73000,1
127.958,36,127957714915,73000,1
127.96,33,127957865915,2502412,0
127.966,33,127965813339,73000,1
127.971,35,127970962351,73000,1
127.976,36,127973590357,2502412,0
127.979,33,127978677369,73000,1
127.986,36,127983968381,2502412,0
127.989,34,127986498387,2502412,0
128.002,34,127999326417,2502412,0
128.002,36,128001865423,73000,1
128.002,38,128002043423,73000,1
128.005,34,128002123423,2502412,0
128.007,33,128007192435,73000,1
128.015,38,128012412447,2502412,0
128.02,38,128017481459,2502412,0
128.023,38,128020323871,2502412,0
128.025,34,128022853877,2502412,0
128.035,38,128032982901,2502412,0
128.038,34,128035512907,2502412,0
128.041,36,128038042913,2502412,0
128.048,32,128045712931,2502412,0
128.051,38,128048313937,2502412,0
128.054,36,128053444949,73000,1
128.056,34,128053515949,2502412,0
128.059,38,128058646961,73000,1
128.064,36,128064232379,73000,1
128.067,32,128064303379,2502412,0
128.072,34,128069434391,2502412,0
128.082,32,128082191421,73000,1
128.082,36,128082191421,73000,1
128.085,38,128082262421,2502412,0
128.087,34,128084863427,2502412,0
128.087,38,128087393433,73000,1
128.087,32,128087393433,73000,1
128.093,34,128090154439,2502412,0
128.1,39,128097851457,2502412,0
128.103,34,128103000469,73000,1
128.103,38,128103000469,73000,1
128.106,39,128103071469,2502412,0
128.106,39,128105645881,73000,1
128.119,38,128118492505,73000,1
128.121,39,128118572505,2502412,0
128.121,32,128121102511,73000,1
128.121,34,128121173511,73000,1
128.127,36,128124171009,2502412,0
128.132,36,128131788027,73000,1
128.132,39,128131877027,73000,1
128.137,33,128137026039,73000,1
128.14,37,128137124039,2502412,0
128.142,37,128139662451,2502412,0
128.145,34,128144740463,73000,1
128.145,32,128144829463,73000,1
128.148,37,128147430469,73000,1
128.16,38,128160187499,73000,1
128.163,36,128160267499,2502412,0
128.163,39,128162806505,73000,1
128.168,37,128165496511,2502412,0
128.173,37,128170967523,2502412,0
128.174,37,128173514935,73000,1
128.174,36,128173515529,73000,1
128.179,37,128178664541,73000,1
128.194,37,128191501571,2502412,0
128.199,34,128199118589,73000,1
128.202,37,128199296589,2502412,0
128.204,36,128201826595,2502412,0
128.207,37,128204365601,2502412,0
128.217,36,128214503625,2502412,0
128.22,37,128217042631,2502412,0
128.222,39,128219581637,2502412,0
128.225,39,128224954649,73000,1
128.225,36,128224954649,73000,1
128.233,37,128232642667,73000,1
128.235,35,128232713667,2502412,0
128.235,36,128235243673,73000,1
128.238,39,128235403673,2502412,0
128.243,36,128240463685,2502412,0
128.248,35,128245754697,2502412,0
128.254,36,128253486715,73000,1
128.254,39,128253486715,73000,1
128.256,35,128256283721,73000,1
128.259,39,128256354721,2502412,0
128.259,37,128258884727,73000,1
128.261,39,128258955727,2502412,0
128.262,39,128261485139,73000,1
128.264,36,128264104739,73000,1
128.267,32,128264273739,2502412,0
128.272,32,128269664157,2502412,0
128.275,32,128272193569,2502412,0
128.28,32,128277298581,2502412,0
128.28,36,128279828587,73000,1
128.28,35,128279828587,73000,1
128.283,39,128280157587,2502412,0
128.283,32,128282687593,73000,1
128.29,32,128287827605,2502412,0
128.291,37,128290455611,73000,1
128.298,39,128295675623,2502412,0
128.301,39,128300735635,73000,1
128.301,32,128300735635,73000,1
128.308,32,128308414653,73000,1
128.314,35,128311015659,2502412,0
128.316,35,128313545071,2502412,0
128.321,39,128321251089,73000,1
128.324,39,128323861095,73000,1
128.324,38,128323861095,73000,1
128.324,35,128323950095,73000,1
128.33,36,128327051101,2502412,0
128.335,39,128334721119,73000,1
128.337,35,128334792119,2502412,0
128.343,36,128342613137,73000,1
128.343,35,128342702137,73000,1
128.345,33,128342782137,2502412,0
128.351,32,128350719155,73000,1
128.353,33,128350799155,2502412,0
128.356,36,128353356161,2502412,0
128.363,35,128360946179,2502412,0
128.366,33,128363476185,2502412,0
128.374,37,128371467609,2502412,0
128.374,33,128373997615,73000,1
128.377,35,128374068615,2502412,0
128.379,36,128376598621,2502412,0
128.387,37,128384268639,2502412,0
128.387,37,128386878645,73000,1
128.387,35,128386949645,73000,1
128.39,36,128389559651,73000,1
128.397,33,128394717663,2502412,0
128.397,36,128397256669,73000,1
128.4,35,128397327669,2502412,0
128.405,35,128404935687,73000,1
128.405,33,128404935687,73000,1
128.405,37,128404935687,73000,1
128.418,33,128415224711,2502412,0
128.42,36,128420293723,73000,1
128.428,33,128428123741,73000,1
128.428,34,128428123741,73000,1
128.428,35,128428203741,73000,1
128.449,37,128446583783,2502412,0
128.454,37,128454173801,73000,1
128.454,33,128454173801,73000,1
128.459,35,128456810807,2502412,0
128.464,37,128461879819,2502412,0
128.464,35,128464409825,73000,1
128.475,37,128472195843,2502412,0
128.478,32,128475056849,2502412,0
128.48,35,128477586855,2502412,0
128.48,33,128480116861,73000,1
128.493,37,128490467885,2502412,0
128.496,32,128492997891,2502412,0
128.498,35,128498128903,73000,1
128.498,32,128498199903,73000,1
128.498,39,128498279903,73000,1
128.506,37,128506020921,73000,1
128.509,35,128506118921,2502412,0
128.511,37,128508666927,2502412,0
128.514,35,128513753939,73000,1
128.514,32,128513842939,73000,1
128.516,37,128513913939,2502412,0
128.519,33,128516550945,2502412,0
128.522,37,128519169951,2502412,0
128.522,35,128521717957,73000,1
128.524,33,128524327963,73000,1
128.527,36,128524478963,2502412,0
128.527,37,128527124969,73000,1
128.527,36,128527204969,73000,1
128.535,33,128532648981,2502412,0
128.54,33,128537708993,2502412,0
128.545,33,128545299011,73000,1
128.548,32,128547971017,73000,1
128.553,37,128550581023,2502412,0
128.556,33,128555792035,73000,1
128.561,33,128560941047,73000,1
128.564,37,128563551053,73000,1
128.569,36,128566161059,2502412,0
128.571,35,128571230071,73000,1
128.574,36,128574080077,73000,1
128.582,39,128582178501,73000,1
128.585,37,128584859507,73000,1
128.585,36,128584930507,73000,1
128.588,36,128587709513,73000,1
128.591,37,128590444519,73000,1
128.601,36,128601017543,73000,1
128.601,32,128601017543,73000,1
128.619,35,128619101585,73000,1
128.65,33,128647645651,2502412,0
128.653,33,128652723663,73000,1
128.658,33,128657881675,73000,1
128.689,33,128686265147,2502412,0
128.694,33,128693935165,73000,1
128.707,33,128706843195,73000,1
128.71,37,128709471201,73000,1
128.737,33,128734932261,2502412,0
128.743,33,128740322679,2502412,0
128.746,33,128745462691,73000,1
128.768,33,128765889739,2502412,0
128.774,33,128773693757,73000,1
128.785,33,128784437187,73000,1
128.79,35,128787047193,2502412,0
128.79,38,128789595199,73000,1
128.795,35,128792214205,2502412,0
128.795,36,128794753211,73000,1
128.797,35,128797399217,73000,1
128.823,32,128820525271,2502412,0
128.828,33,128828133289,73000,1
128.828,32,128828204289,73000,1
128.831,35,128828364289,2502412,0
128.841,32,128838966313,2502412,0
128.844,35,128841496319,2502412,0
128.847,35,128846734331,73000,1
128.847,32,128846894331,73000,1
128.86,34,128859811361,73000,1
128.865,35,128865022373,73000,1
128.868,35,128867677379,73000,1
128.87,32,128870296385,73000,1
128.876,35,128873155391,2502412,0
128.886,35,128883729821,2502412,0
128.894,33,128893938845,73000,1
128.894,35,128894080845,73000,1
128.913,33,128910033881,2502412,0
128.913,35,128912563887,73000,1
128.923,33,128920402905,2502412,0
128.926,32,128925533917,73000,1
128.931,33,128928152923,2502412,0
128.949,33,128948830971,73000,1
128.949,37,128948999971,73000,1
128.967,33,128964376007,2502412,0
128.972,35,128969552019,2502412,0
128.972,35,128972081431,73000,1
128.975,33,128974772031,73000,1
128.985,35,128982549049,2502412,0
128.988,35,128988002067,73000,1
128.991,33,128988073067,2502412,0
128.991,32,128990603073,73000,1
129.001,35,129000821097,73000,1
129.006,33,129003440103,2502412,0
129.009,33,129008500115,73000,1
129.019,33,129018985139,73000,1
129.05,35,129047636205,2502412,0
129.06,35,129057872229,2502412,0
129.06,32,129060402235,73000,1
129.073,35,129073230265,73000,1
129.081,33,129081060283,73000,1
129.104,35,129101888737,2502412,0
129.105,35,129104587743,73000,1
129.128,35,129125272791,2502412,0
129.128,35,129127802203,73000,1
129.133,35,129133031809,73000,1
129.146,33,129143409833,2502412,0
129.152,33,129151428257,73000,1
129.162,33,129159365275,2502412,0
129.172,33,129169601299,2502412,0
129.177,33,129174688311,2502412,0
129.185,35,129185066335,73000,1
129.188,33,129185137335,2502412,0
129.193,35,129190518753,2502412,0
129.198,33,129198295771,73000,1
129.206,35,129203426783,2502412,0
129.216,34,129216298813,73000,1
129.219,35,129216378813,2502412,0
129.229,35,129226507837,2502412,0
129.234,35,129231585849,2502412,0
129.237,35,129236645861,73000,1
129.237,33,129237089861,73000,1
129.24,35,129237169861,2502412,0
129.24,36,129239699867,73000,1
129.251,35,129250461891,73000,1
129.276,35,129276073951,73000,1
129.276,39,129276189951,73000,1
129.276,35,129276287951,73000,1
129.292,33,129291805987,73000,1
129.362,35,129361917555,73000,1
129.362,33,129362059555,73000,1
129.37,39,129367208567,2502412,0
129.38,39,129380009597,73000,1
129.383,37,129380089597,2502412,0
129.395,37,129392944627,2502412,0
129.398,37,129395787633,2502412,0
129.406,39,129403377651,2502412,0
129.408,39,129405987657,2502412,0
129.409,39,129408535069,73000,1
129.411,37,129408615663,2502412,0
129.414,37,129411145075,2502412,0
129.424,39,129423866105,73000,1
129.424,37,129424026105,73000,1
129.424,32,129424026105,73000,1
129.432,37,129429157117,2502412,0
129.442,37,129441941147,73000,1
129.442,38,129441941147,73000,1
129.45,33,129447241159,2502412,0
129.452,37,129449771165,2502412,0
129.455,39,129452310171,2502412,0
129.458,33,129457691589,73000,1
129.46,39,129457771589,2502412,0
129.463,39,129460310001,2502412,0
129.463,37,129462849007,73000,1
129.463,39,129462938007,73000,1
129.471,33,129468078019,2502412,0
129.478,33,129478287043,73000,1
129.478,37,129478287043,73000,1
129.479,33,129478438043,73000,1
129.486,39,129486135061,73000,1
129.497,33,129494347079,2502412,0
129.515,33,129512503527,2502412,0
129.518,33,129515104533,2502412,0
129.523,37,129520164545,2502412,0
129.533,33,129530355569,2502412,0
129.538,33,129535415581,2502412,0
129.538,39,129537945587,73000,1
129.541,33,129540635593,73000,1
129.541,37,129540635593,73000,1
129.543,33,129543316599,73000,1
129.554,37,129553667623,73000,1
129.559,33,129559209635,73000,1
129.562,35,129561828641,73000,1
129.588,37,129585035695,2502412,0
129.598,37,129597784725,73000,1
129.606,39,129605785149,73000,1
129.619,33,129616172173,2502412,0
129.631,37,129631397209,73000,1
129.639,33,129636608221,2502412,0
129.649,37,129646755245,2502412,0
129.654,37,129654425263,73000,1
129.657,33,129657035269,73000,1
129.673,37,129672733305,73000,1
129.683,33,129683067329,73000,1
129.707,33,129706443789,73000,1
129.709,37,129706532789,2502412,0
129.709,37,129709062201,73000,1
129.73,39,129727163837,2502412,0
129.742,39,129739893867,2502412,0
129.743,37,129742432873,73000,1
129.743,39,129742503873,73000,1
129.748,33,129745113879,2502412,0
129.753,33,129750280891,2502412,0
129.761,33,129758155909,2502412,0
129.766,39,129766138333,73000,1
129.779,33,129778957363,73000,1
129.797,37,129794520399,2502412,0
129.802,37,129799598411,2502412,0
129.808,37,129807500835,73000,1
129.81,33,129810190841,73000,1
129.821,37,129818029859,2502412,0
129.823,35,129823089871,73000,1
129.823,39,129823089871,73000,1
129.838,37,129835917901,2502412,0
129.851,37,129851213937,73000,1
129.859,38,129859008955,73000,1
129.859,37,129859079955,73000,1
129.864,33,129861751961,2502412,0
129.867,33,129867124379,73000,1
129.867,38,129867124379,73000,1
129.87,39,129869814385,73000,1
129.873,33,129872513391,73000,1
129.873,38,129872513391,73000,1
129.878,34,129877662403,73000,1
129.883,33,129880263409,2502412,0
129.89,34,129887933427,2502412,0
129.893,33,129890481433,2502412,0
129.898,33,129895541445,2502412,0
129.901,37,129898142451,2502412,0
129.903,37,129900671863,2502412,0
129.911,37,129908583287,2502412,0
129.911,34,129911122293,73000,1
129.919,33,129916271305,2502412,0
129.924,39,129923932323,73000,1
129.929,37,129926551329,2502412,0
129.932,37,129929080741,2502412,0
129.932,34,129931610747,73000,1
129.932,33,129931681747,73000,1
129.934,33,129934282753,73000,1
129.942,38,129939440765,2502412,0
129.944,37,129941970771,2502412,0
129.957,36,129954709801,2502412,0
129.96,36,129959867813,73000,1
129.96,37,129959867813,73000,1
129.96,38,129959867813,73000,1
129.96,34,129960036813,73000,1
129.971,36,129968073831,2502412,0
129.978,37,129975690849,2502412,0
129.978,37,129978220261,73000,1
129.981,38,129978309855,2502412,0
129.981,38,129980910861,73000,1
129.984,33,129980999861,2502412,0
129.986,36,129983529867,2502412,0
129.996,36,129993747891,2502412,0
129.996,36,129996286303,73000,1
129.996,33,129996286897,73000,1
129.999,37,129996562897,2502412,0
130.009,37,130006762921,2502412,0
130.012,37,130009605927,2502412,0
130.015,38,130012144933,2502412,0
130.015,38,130014674345,73000,1
130.017,33,130017284945,73000,1
130.025,36,130024972963,73000,1
130.025,38,130025114963,73000,1
130.025,37,130025185963,73000,1
130.025,33,130025283963,73000,1
130.038,36,130035510987,2502412,0
130.041,34,130040588999,73000,1
130.043,37,130040668999,2502412,0
130.048,37,130048259017,73000,1
130.053,37,130053417029,73000,1
130.054,36,130053488029,73000,1
130.069,38,130069213065,73000,1
130.072,36,130069302065,2502412,0
130.074,36,130074362077,73000,1
130.103,36,130102638143,73000,1
130.11,37,130107769155,2502412,0
130.11,38,130110370161,73000,1
130.11,36,130110370161,73000,1
130.119,34,130118512585,73000,1
130.129,37,130126182603,2502412,0
130.129,37,130128712015,73000,1
130.134,33,130131313615,2502412,0
130.141,33,130138983633,2502412,0
130.149,33,130149219657,73000,1
130.152,36,130151900663,73000,1
130.157,33,130154501669,2502412,0
130.165,37,130162207687,2502412,0
130.17,33,130170146705,73000,1
130.17,37,130170217705,73000,1
130.183,37,130183197735,73000,1
130.191,33,130190965753,73000,1
130.194,37,130191063753,2502412,0
130.194,33,130193593759,73000,1
130.199,37,130196674765,2502412,0
130.212,37,130211952801,73000,1
130.223,37,130220131225,2502412,0
130.223,32,130222661231,73000,1
130.228,37,130225280237,2502412,0
130.235,38,130232941255,2502412,0
130.238,37,130238179267,73000,1
130.243,38,130243399279,73000,1
130.262,39,130261527321,73000,1
130.275,37,130272129345,2502412,0
130.275,37,130274658757,73000,1
130.275,38,130274659351,73000,1
130.295,37,130295371399,73000,1
130.311,33,130308359429,2502412,0
130.319,33,130318987859,73000,1
130.327,38,130324225871,2502412,0
130.34,38,130337133901,2502412,0
130.342,38,130339672313,2502412,0
130.35,33,130349810337,73000,1
130.35,37,130349881337,73000,1
130.352,38,130349952337,2502412,0
130.368,38,130365292373,2502412,0
130.37,36,130367822379,2502412,0
130.378,38,130375885397,2502412,0
130.381,38,130380954409,73000,1
130.384,36,130381034409,2502412,0
130.384,36,130383635415,73000,1
130.407,38,130404071463,2502412,0
130.409,36,130406610469,2502412,0
130.412,36,130411679481,73000,1
130.414,38,130411759481,2502412,0
130.42,33,130419670905,73000,1
130.422,36,130419821905,2502412,0
130.425,38,130424979917,73000,1
130.428,36,130425059917,2502412,0
130.43,37,130427616923,2502412,0
130.43,37,130430155335,73000,1
130.43,36,130430297929,73000,1
130.446,38,130443063959,2502412,0
130.448,37,130445664965,2502412,0
130.453,36,130453263983,73000,1
130.453,37,130453405983,73000,1
130.453,34,130453405983,73000,1
130.456,38,130456184989,73000,1
130.464,33,130461423001,2502412,0
130.464,38,130464051007,73000,1
130.464,37,130464149007,73000,1
130.467,33,130466759013,73000,1
130.495,36,130492613073,2502412,0
130.5,33,130497673085,2502412,0
130.5,36,130500203091,73000,1
130.5,38,130500203091,73000,1
130.511,37,130508016109,2502412,0
130.513,33,130510546115,2502412,0
130.513,38,130513147121,73000,1
130.531,37,130528808563,2502412,0
130.531,33,130531409569,73000,1
130.531,36,130531409569,73000,1
130.532,37,130531480569,73000,1
130.537,33,130536771581,73000,1
130.555,37,130552156617,2502412,0
130.562,33,130559880635,2502412,0
130.565,37,130562428641,2502412,0
130.57,33,130570098659,73000,1
130.581,37,130580700683,73000,1
130.589,36,130588459701,73000,1
130.589,33,130588459701,73000,1
130.596,37,130596307719,73000,1
130.596,33,130596307719,73000,1
130.607,37,130604200737,2502412,0
130.622,37,130622035779,73000,1
130.622,33,130622106779,73000,1
130.622,36,130622213779,73000,1
130.628,35,130627728197,73000,1
130.633,37,130630338203,2502412,0
130.635,37,130635407215,73000,1
130.648,37,130645705239,2502412,0
130.656,37,130656074263,73000,1
130.669,37,130668831293,73000,1
130.69,37,130689758341,73000,1
130.731,38,130730978843,73000,1
130.754,35,130754033897,73000,1
130.754,37,130754220897,73000,1
130.757,35,130756901903,73000,1
130.767,33,130767261927,73000,1
130.77,36,130767332927,2502412,0
130.772,36,130772392939,73000,1
130.772,35,130772392939,73000,1
130.794,36,130793435987,73000,1
130.822,35,130819083047,2502412,0
130.822,36,130821613053,73000,1
130.829,35,130826780065,2502412,0
130.835,35,130834790083,73000,1
130.842,34,130839921095,2502412,0
130.843,35,130842478101,73000,1
130.848,34,130845177107,2502412,0
130.853,34,130852998125,73000,1
130.853,36,130853078125,73000,1
130.874,39,130871304167,2502412,0
130.877,37,130876462179,73000,1
130.877,33,130876462179,73000,1
130.882,34,130879063185,2502412,0
130.884,36,130881593191,2502412,0
130.887,34,130884141197,2502412,0
130.887,34,130886983609,73000,1
130.892,39,130889584615,2502412,0
130.892,36,130892194621,73000,1
130.895,35,130892274621,2502412,0
130.9,39,130899944639,73000,1
130.903,36,130902616645,73000,1
130.905,36,130905226651,73000,1
130.906,32,130905448651,73000,1
130.906,35,130905519651,73000,1
130.906,34,130905599651,73000,1
130.906,39,130905670651,73000,1
130.909,32,130908538657,73000,1
130.924,35,130923994693,73000,1
130.927,34,130926595699,73000,1
130.935,32,130934747123,73000,1
130.955,39,130952848165,2502412,0
130.958,39,130955377577,2502412,0
130.963,32,130960624589,2502412,0
130.968,39,130965764601,2502412,0
130.968,39,130968294013,73000,1
130.974,32,130973523619,73000,1
130.976,35,130976249625,73000,1
130.984,39,130981398637,2502412,0
130.984,39,130984008643,73000,1
130.995,36,130992089661,2502412,0
130.997,36,130994699667,2502412,0
130.997,32,130997229673,73000,1
131.002,32,130999830679,2502412,0
131.005,32,131002387091,2502412,0
131.008,36,131007447103,73000,1
131.01,35,131007536103,2502412,0
131.013,39,131010066109,2502412,0
131.02,39,131017665127,2502412,0
131.025,32,131022725139,2502412,0
131.028,35,131027803151,73000,1
131.033,32,131030502157,2502412,0
131.038,39,131035874575,2502412,0
131.044,39,131043473593,73000,1
131.044,35,131043473593,73000,1
131.044,34,131043473593,73000,1
131.044,32,131043571593,73000,1
131.051,36,131048773605,2502412,0
131.059,39,131056443623,2502412,0
131.061,39,131058973035,2502412,0
131.062,39,131061502447,73000,1
131.074,36,131071712065,2502412,0
131.074,36,131074349071,73000,1
131.074,39,131074349071,73000,1
131.085,32,131082028089,2502412,0
131.087,35,131087097101,73000,1
131.092,36,131089707107,2502412,0
131.093,39,131092558519,73000,1
131.098,39,131095177525,2502412,0
131.098,35,131097725531,73000,1
131.098,36,131097796531,73000,1
131.098,32,131097796531,73000,1
131.098,39,131097947531,73000,1
131.106,38,131105662549,73000,1
131.106,37,131105662549,73000,1
131.116,32,131113350567,2502412,0
131.118,35,131115880573,2502412,0
131.118,35,131118409985,73000,1
131.119,36,131118481579,73000,1
131.119,39,131118579579,73000,1
131.121,34,131118650579,2502412,0
131.126,32,131126329597,73000,1
131.132,34,131131558609,73000,1
131.132,35,131131558609,73000,1
131.14,36,131137091027,2502412,0
131.145,39,131142160039,2502412,0
131.145,32,131144690045,73000,1
131.145,32,131144868045,73000,1
131.15,39,131150017057,73000,1
131.15,36,131150088057,73000,1
131.16,34,131160297081,73000,1
131.173,39,131173054111,73000,1
131.176,36,131173125111,2502412,0
131.181,36,131178328123,2502412,0
131.183,36,131180857535,2502412,0
131.183,36,131183386947,73000,1
131.184,35,131183467541,73000,1
131.202,36,131201695583,73000,1
131.207,35,131207013595,73000,1
131.21,32,131209703601,73000,1
131.215,35,131214834613,73000,1
131.215,34,131214923613,73000,1
131.218,39,131217649619,73000,1
131.223,36,131222789631,73000,1
131.228,39,131227974643,73000,1
131.231,35,131230655649,73000,1
131.267,39,131264170133,2502412,0
131.287,39,131284606181,2502412,0
131.298,39,131297783211,73000,1
131.298,36,131297863211,73000,1
131.319,39,131318459259,73000,1
131.324,34,131321069265,2502412,0
131.331,39,131331269289,73000,1
131.331,34,131331358289,73000,1
131.337,39,131334030295,2502412,0
131.339,39,131336568707,2502412,0
131.345,39,131344658131,73000,1
131.36,34,131357655161,2502412,0
131.365,32,131362786173,2502412,0
131.365,32,131365324585,73000,1
131.373,39,131370465191,2502412,0
131.375,39,131372994603,2502412,0
131.376,34,131375542609,73000,1
131.378,32,131375702609,2502412,0
131.386,39,131383301627,2502412,0
131.391,39,131388379639,2502412,0
131.391,32,131390909645,73000,1
131.396,34,131393546651,2502412,0
131.396,39,131396076657,73000,1
131.399,34,131396183657,2502412,0
131.404,34,131401787075,2502412,0
131.407,34,131404468081,2502412,0
131.407,32,131407220087,73000,1
131.41,34,131409972093,73000,1
131.41,39,131409972093,73000,1
131.41,34,131410123093,73000,1
131.413,32,131412849099,73000,1
131.434,39,131433997147,73000,1
131.439,37,131439350159,73000,1
131.458,34,131457674607,73000,1
131.468,34,131465460625,2502412,0
131.468,39,131467999631,73000,1
131.478,34,131475900649,2502412,0
131.479,36,131478519655,73000,1
131.479,34,131478590655,73000,1
131.481,34,131481200661,73000,1
131.497,33,131496744697,73000,1
131.507,32,131504718715,2502412,0
131.51,32,131507266127,2502412,0
131.515,32,131512424139,2502412,0
131.523,32,131520130157,2502412,0
131.523,32,131522677569,73000,1
131.528,36,131525279169,2502412,0
131.533,36,131532896187,73000,1
131.535,39,131532967187,2502412,0
131.541,39,131540664205,73000,1
131.543,34,131540806205,2502412,0
131.546,36,131543345211,2502412,0
131.554,39,131553778235,73000,1
131.554,36,131553929235,73000,1
131.554,32,131554000235,73000,1
131.554,34,131554080235,73000,1
131.562,34,131559345247,2502412,0
131.567,34,131564512259,2502412,0
131.575,34,131572102277,2502412,0
131.577,36,131577171289,73000,1
131.577,39,131577171289,73000,1
131.583,34,131582454301,73000,1
131.59,32,131587594313,2502412,0
131.593,36,131590133319,2502412,0
131.603,36,131603327349,73000,1
131.606,32,131603398349,2502412,0
131.606,36,131605999355,73000,1
131.617,32,131616439379,73000,1
131.617,34,131616519379,73000,1
131.619,36,131616590379,2502412,0
131.624,34,131624189397,73000,1
131.632,36,131629374409,2502412,0
131.632,32,131631904415,73000,1
131.635,36,131634674421,73000,1
131.635,39,131634674421,73000,1
131.651,36,131650717863,73000,1
131.674,32,131671633911,2502412,0
131.682,32,131679223929,2502412,0
131.682,34,131681780935,73000,1
131.682,36,131681780935,73000,1
131.684,32,131681860935,2502412,0
131.692,32,131692274959,73000,1
131.713,32,131710859001,2502412,0
131.719,32,131718538019,73000,1
131.719,36,131718538019,73000,1
131.724,32,131723678031,73000,1
131.737,34,131734163055,2502412,0
131.739,34,131736862061,2502412,0
131.742,34,131739534067,2502412,0
131.745,34,131744603079,73000,1
131.755,34,131752896503,2502412,0
131.758,38,131757956515,73000,1
131.758,32,131757956515,73000,1
131.766,34,131763345527,2502412,0
131.771,34,131771122545,73000,1
131.787,39,131786480581,73000,1
131.794,34,131794248599,73000,1
131.826,32,131823112665,2502412,0
131.839,32,131836038695,2502412,0
131.844,32,131841294707,2502412,0
131.844,32,131843824119,73000,1
131.844,34,131843824713,73000,1
131.849,32,131849053725,73000,1
131.852,35,131849124725,2502412,0
131.865,35,131864875167,73000,1
131.868,32,131865026167,2502412,0
131.873,32,131872776185,73000,1
131.888,35,131888205221,73000,1
131.901,32,131898690245,2502412,0
131.901,32,131901237657,73000,1
131.906,34,131903928257,2502412,0
131.909,37,131906458263,2502412,0
131.917,35,131914379281,2502412,0
131.919,37,131916909287,2502412,0
131.922,37,131919510293,2502412,0
131.922,34,131922129299,73000,1
131.925,32,131924810305,73000,1
131.932,35,131929950317,2502412,0
131.938,37,131937540335,73000,1
131.943,36,131942671347,73000,1
131.943,34,131942671347,73000,1
131.945,35,131945388353,73000,1
131.945,32,131945388353,73000,1
131.953,33,131953218371,73000,1
131.966,37,131963819801,2502412,0
131.971,33,131968879813,2502412,0
131.972,32,131971587819,73000,1
131.972,35,131971658819,73000,1
131.974,34,131971729819,2502412,0
131.977,37,131976789831,73000,1
131.979,33,131979399837,73000,1
131.982,34,131979630837,2502412,0
131.992,33,131992280867,73000,1
131.997,34,131994979873,2502412,0
132.005,35,132002614891,2502412,0
132.01,34,132010222909,73000,1
132.01,37,132010222909,73000,1
132.016,34,132015755921,73000,1
132.021,35,132018356927,2502412,0
132.021,34,132020886933,73000,1
132.026,33,132026026945,73000,1
132.026,35,132026177945,73000,1
132.059,35,132056814017,2502412,0
132.067,35,132067283041,73000,1
132.073,36,132072450053,73000,1
132.078,37,132075087059,2502412,0
132.078,37,132077616471,73000,1
132.093,35,132090525095,2502412,0
132.093,35,132093072507,73000,1
132.096,39,132095790107,73000,1
132.096,37,132095790107,73000,1
132.111,34,132111166143,73000,1
132.114,35,132111246143,2502412,0
132.114,37,132113776149,73000,1
132.127,35,132124414173,2502412,0
132.127,34,132127024179,73000,1
132.132,33,132129652185,2502412,0
132.132,33,132132181597,73000,1
132.135,35,132134863197,73000,1
132.143,33,132140083209,2502412,0
132.145,33,132145303221,73000,1
132.158,32,132158291251,73000,1
132.161,35,132158362251,2502412,0
132.171,37,132171343281,73000,1
132.171,33,132171343281,73000,1
132.177,35,132174015287,2502412,0
132.182,35,132179120299,2502412,0
132.187,35,132186710317,73000,1
132.192,33,132191922329,73000,1
132.2,35,132199832347,73000,1
132.221,35,132220955395,73000,1
132.231,32,132228759413,2502412,0
132.239,32,132239119437,73000,1
132.242,33,132239199437,2502412,0
132.242,39,132241800443,73000,1
132.252,33,132249550461,2502412,0
132.255,33,132254717473,73000,1
132.26,32,132257336479,2502412,0
132.273,37,132270458915,2502412,0
132.276,32,132273015921,2502412,0
132.288,37,132285807951,2502412,0
132.293,32,132290867963,2502412,0
132.296,32,132293539969,2502412,0
132.299,33,132298617981,73000,1
132.299,35,132298759981,73000,1
132.307,37,132306491999,73000,1
132.309,32,132309102005,73000,1
132.315,37,132312032011,2502412,0
132.317,37,132314793017,2502412,0
132.32,32,132320166029,73000,1
132.323,37,132322856035,73000,1
132.326,33,132325546041,73000,1
132.338,33,132335871065,2502412,0
132.341,32,132338401071,2502412,0
132.346,33,132346000089,73000,1
132.346,37,132346080089,73000,1
132.356,32,132353857107,2502412,0
132.366,33,132363986131,2502412,0
132.367,33,132366874137,73000,1
132.367,32,132366874137,73000,1
132.38,33,132379853167,73000,1
132.38,37,132379853167,73000,1
132.405,32,132405278227,73000,1
132.405,33,132405349227,73000,1
132.405,37,132405349227,73000,1
132.442,32,132441857311,73000,1
132.504,35,132501437855,2502412,0
132.504,35,132503976267,73000,1
132.517,32,132514292885,2502412,0
132.519,32,132519352897,73000,1
132.519,33,132519352897,73000,1
132.519,35,132519423897,73000,1
132.525,34,132524903909,73000,1
132.551,32,132550630969,73000,1
132.574,35,132574247429,73000,1
132.577,32,132574318429,2502412,0
132.582,32,132581908447,73000,1
132.598,32,132597586483,73000,1
132.618,37,132618156531,73000,1
132.621,32,132618325531,2502412,0
132.631,32,132631297561,73000,1
132.642,33,132639092579,2502412,0
132.647,33,132646851597,73000,1
132.665,32,132664952639,73000,1
132.683,33,132683091087,73000,1
132.691,32,132688231099,2502412,0
132.693,32,132690992105,2502412,0
132.694,32,132693593111,73000,1
132.696,35,132696265117,73000,1
132.699,32,132696336117,2502412,0
132.701,33,132698866123,2502412,0
132.704,33,132701395535,2502412,0
132.707,33,132706526547,73000,1
132.707,32,132706748547,73000,1
132.717,36,132717037571,73000,1
132.725,33,132722168583,2502412,0
132.727,38,132724698589,2502412,0
132.727,38,132727228001,73000,1
132.733,32,132730151601,2502412,0
132.738,33,132735247613,2502412,0
132.74,33,132740378625,73000,1
132.743,32,132740458625,2502412,0
132.743,33,132742997631,73000,1
132.746,38,132743077631,2502412,0
132.761,32,132758302667,2502412,0
132.763,38,132760859673,2502412,0
132.779,32,132776361115,2502412,0
132.781,38,132778891121,2502412,0
132.782,38,132781492127,73000,1
132.782,32,132781492127,73000,1
132.792,37,132789162145,2502412,0
132.794,35,132794311157,73000,1
132.794,32,132794382157,73000,1
132.797,37,132794631157,2502412,0
132.802,33,132799691169,2502412,0
132.807,33,132804751181,2502412,0
132.807,37,132807281187,73000,1
132.81,33,132807352187,2502412,0
132.815,38,132812457199,2502412,0
132.815,38,132815183205,73000,1
132.815,33,132815183205,73000,1
132.823,37,132822978223,73000,1
132.831,33,132830684241,73000,1
132.836,38,132836146253,73000,1
132.839,32,132838774259,73000,1
132.847,33,132846435277,73000,1
132.869,33,132866907325,2502412,0
132.872,33,132871976337,73000,1
132.875,33,132872154337,2502412,0
132.875,33,132874755343,73000,1
132.875,37,132874755343,73000,1
132.875,38,132874897343,73000,1
132.878,33,132875341343,2502412,0
132.888,33,132885996367,2502412,0
132.891,38,132888668373,2502412,0
132.896,32,132896356391,73000,1
132.902,38,132901505403,73000,1
132.904,33,132901576403,2502412,0
132.907,38,132906636415,73000,1
132.914,33,132911803427,2502412,0
132.92,33,132919429445,73000,1
132.928,33,132927473463,73000,1
132.936,33,132935696481,73000,1
132.936,37,132935812481,73000,1
132.943,38,132940952493,2502412,0
132.949,38,132948658511,73000,1
132.964,38,132963990547,73000,1
132.977,38,132974208571,2502412,0
132.982,39,132979589989,2502412,0
132.982,38,132982128995,73000,1
132.982,39,132982199995,73000,1
132.988,33,132987935007,73000,1
132.988,38,132988033007,73000,1
132.988,37,132988104007,73000,1
132.988,33,132988246007,73000,1
132.994,39,132991131013,2502412,0
132.996,38,132996200025,73000,1
133.001,39,133001420037,73000,1
133.014,39,133014311067,73000,1
133.066,39,133065857187,73000,1
133.074,36,133071104199,2502412,0
133.074,32,133073794205,73000,1
133.079,38,133076484211,2502412,0
133.082,35,133081927629,73000,1
133.085,36,133084537635,73000,1
133.09,38,133089686647,73000,1
133.103,36,133103047677,73000,1
133.118,38,133115804707,2502412,0
133.134,36,133133603749,73000,1
133.141,38,133138761761,2502412,0
133.147,38,133144134179,2502412,0
133.155,38,133154530203,73000,1
133.162,38,133159910215,2502412,0
133.173,39,133170030239,2502412,0
133.175,38,133172569245,2502412,0
133.185,39,133182725269,2502412,0
133.193,38,133190628287,2502412,0
133.208,37,133208347329,73000,1
133.209,38,133208454329,73000,1
133.209,39,133208454329,73000,1
133.209,38,133208605329,73000,1
133.214,39,133211313335,2502412,0
133.219,39,133216444347,2502412,0
133.219,39,133218982759,73000,1
133.222,39,133221584359,73000,1
133.237,36,133234528389,2502412,0
133.243,36,133242565407,73000,1
133.253,36,133250253425,2502412,0
133.266,38,133265469461,73000,1
133.268,36,133268079467,73000,1
133.278,39,133275909485,2502412,0
133.289,36,133286439915,2502412,0
133.294,36,133291508927,2502412,0
133.297,39,133296648939,73000,1
133.299,38,133296719939,2502412,0
133.304,38,133301788951,2502412,0
133.312,36,133309547969,2502412,0
133.317,38,133314687981,2502412,0
133.327,36,133324808005,2502412,0
133.33,39,133327347011,2502412,0
133.335,39,133332407023,2502412,0
133.338,38,133337645035,73000,1
133.338,34,133337716035,73000,1
133.34,36,133340317041,73000,1
133.343,38,133340388041,2502412,0
133.343,39,133342918047,73000,1
133.356,38,133355988077,73000,1
133.356,33,133356059077,73000,1
133.356,36,133356059077,73000,1
133.369,39,133366571101,2502412,0
133.372,39,133371631113,73000,1
133.372,38,133371800113,73000,1
133.4,38,133397742579,2502412,0
133.4,39,133400272585,73000,1
133.403,39,133402873591,73000,1
133.403,38,133402873591,73000,1
133.413,36,133410597609,2502412,0
133.418,38,133415675621,2502412,0
133.428,38,133425946645,2502412,0
133.431,36,133428476651,2502412,0
133.439,38,133436093669,2502412,0
133.441,32,133438774675,2502412,0
133.446,32,133443985687,2502412,0
133.447,36,133446828099,73000,1
133.45,38,133449429105,73000,1
133.46,32,133457197123,2502412,0
133.462,32,133459816129,2502412,0
133.47,32,133467442147,2502412,0
133.483,36,133480119177,2502412,0
133.485,32,133482658183,2502412,0
133.488,36,133487727195,73000,1
133.488,38,133487727195,73000,1
133.493,32,133490417201,2502412,0
133.504,32,133503656231,73000,1
133.509,39,133508867243,73000,1
133.509,32,133508947243,73000,1
133.509,36,133509027243,73000,1
133.54,38,133537152309,2502412,0
133.542,38,133539681721,2502412,0
133.545,32,133544750733,73000,1
133.553,33,133550443745,2502412,0
133.553,38,133552973751,73000,1
133.564,33,133563493775,73000,1
133.564,39,133563564775,73000,1
133.566,36,133566174781,73000,1
133.569,38,133568784787,73000,1
133.574,32,133571536793,2502412,0
133.584,33,133581754817,2502412,0
133.584,32,133584329823,73000,1
133.585,33,133584507823,73000,1
133.603,33,133600303265,2502412,0
133.603,32,133602833271,73000,1
133.616,38,133613113295,2502412,0
133.621,36,133618173307,2502412,0
133.623,36,133623242319,73000,1
133.623,33,133623242319,73000,1
133.631,38,133630992337,73000,1
133.639,39,133636230349,2502412,0
133.641,33,133641370361,73000,1
133.647,38,133646581373,73000,1
133.647,36,133646661373,73000,1
133.647,39,133646732373,73000,1
133.667,32,133664986415,2502412,0
133.67,32,133667524827,2502412,0
133.67,32,133670054239,73000,1
133.675,33,133672664839,2502412,0
133.675,32,133675212845,73000,1
133.683,33,133680352857,2502412,0
133.685,39,133682882863,2502412,0
133.698,38,133695872299,2502412,0
133.701,39,133698411305,2502412,0
133.706,33,133703551317,2502412,0
133.709,39,133706232323,2502412,0
133.711,38,133708762329,2502412,0
133.716,38,133716352347,73000,1
133.719,33,133718962353,73000,1
133.727,36,133724173365,2502412,0
133.729,39,133729233377,73000,1
133.739,39,133736912395,2502412,0
133.747,39,133747103419,73000,1
133.747,36,133747192419,73000,1
133.747,38,133747192419,73000,1
133.752,33,133752412431,73000,1
133.755,32,133755371437,73000,1
133.76,39,133757990443,2502412,0
133.766,33,133763059455,2502412,0
133.766,36,133765598461,73000,1
133.766,38,133765598461,73000,1
133.766,33,133765669461,73000,1
133.768,39,133765740461,2502412,0
133.781,39,133778462491,2502412,0
133.784,39,133781072497,2502412,0
133.784,33,133783611503,73000,1
133.789,39,133788876515,73000,1
133.791,36,133788983515,2502412,0
133.807,39,133804555957,2502412,0
133.81,39,133807085369,2502412,0
133.81,36,133809722375,73000,1
133.815,39,133812323381,2502412,0
133.828,39,133825116411,2502412,0
133.83,39,133827654823,2502412,0
133.84,39,133837872847,2502412,0
133.845,36,133842941859,2502412,0
133.846,33,133845471865,73000,1
133.861,36,133858541895,2502412,0
133.864,39,133861071901,2502412,0
133.871,39,133868670919,2502412,0
133.874,36,133873881931,73000,1
133.876,39,133873961931,2502412,0
133.887,39,133886638961,73000,1
133.892,32,133889426967,2502412,0
133.902,36,133899564991,2502412,0
133.902,38,133902416997,73000,1
133.908,32,133907548009,73000,1
133.908,39,133907619009,73000,1
133.91,38,133910229015,73000,1
133.915,36,133912928021,2502412,0
133.916,36,133915466433,73000,1
133.928,32,133928358057,73000,1
133.944,36,133941195087,2502412,0
133.946,36,133943805093,2502412,0
133.949,33,133949088105,73000,1
133.952,36,133949159105,2502412,0
133.957,36,133956829123,73000,1
133.957,39,133956829123,73000,1
133.97,35,133967449147,2502412,0
133.973,38,133972527159,73000,1
133.973,36,133972607159,73000,1
133.973,35,133972678159,73000,1
133.975,35,133975297165,73000,1
133.975,32,133975377165,73000,1
134.022,35,134021826679,73000,1
134.03,36,134027091691,2502412,0
134.032,39,134029621697,2502412,0
134.048,39,134047491739,73000,1
134.05,34,134047571739,2502412,0
134.05,36,134050110745,73000,1
134.055,36,134055268757,73000,1
134.063,33,134063260775,73000,1
134.063,34,134063340775,73000,1
134.074,39,134071019793,2502412,0
134.086,39,134086413829,73000,1
134.089,32,134086644829,2502412,0
134.092,32,134091846841,73000,1
134.092,34,134091846841,73000,1
134.105,34,134102055865,2502412,0
134.105,36,134104674871,73000,1
134.11,39,134107775283,2502412,0
134.11,34,134110385289,73000,1
134.113,32,134110465289,2502412,0
134.113,34,134113004295,73000,1
134.113,39,134113075295,73000,1
134.116,37,134113146295,2502412,0
134.121,35,134120736313,73000,1
134.126,39,134123346319,2502412,0
134.128,34,134125876325,2502412,0
134.131,32,134128415331,2502412,0
134.131,34,134130963337,73000,1
134.131,37,134130963337,73000,1
134.131,32,134131043337,73000,1
134.141,39,134141314361,73000,1
134.147,34,134146463373,73000,1
134.147,32,134146534373,73000,1
134.154,36,134151665385,2502412,0
134.157,34,134156725397,73000,1
134.159,36,134156814397,2502412,0
134.162,37,134159513403,2502412,0
134.162,37,134162042815,73000,1
134.165,36,134164957415,73000,1
134.175,39,134175219439,73000,1
134.18,39,134177900445,2502412,0
134.191,37,134188065469,2502412,0
134.191,39,134190613475,73000,1
134.191,36,134190613475,73000,1
134.193,37,134193241481,73000,1
134.201,32,134198390493,2502412,0
134.201,32,134201000499,73000,1
134.201,37,134201231499,73000,1
134.204,39,134203832505,73000,1
134.206,32,134203912505,2502412,0
134.214,32,134214353935,73000,1
134.222,34,134219529947,2502412,0
134.225,34,134224678959,73000,1
134.243,39,134242691001,73000,1
134.248,32,134245319007,2502412,0
134.255,36,134252927025,2502412,0
134.258,37,134255457031,2502412,0
134.261,34,134260526043,73000,1
134.261,37,134260597043,73000,1
134.266,32,134263198049,2502412,0
134.266,34,134266049461,73000,1
134.269,36,134268748467,73000,1
134.274,32,134271358473,2502412,0
134.281,37,134278957491,2502412,0
134.284,39,134281496497,2502412,0
134.287,39,134286583509,73000,1
134.287,32,134286583509,73000,1
134.289,39,134289211515,73000,1
134.289,37,134289282515,73000,1
134.295,34,134294440527,73000,1
134.295,36,134294440527,73000,1
134.3,37,134297059533,2502412,0
134.302,36,134302119545,73000,1
134.305,37,134304827551,73000,1
134.307,32,134304898551,2502412,0
134.313,39,134310368969,2502412,0
134.313,39,134312916381,73000,1
134.318,32,134318083987,73000,1
134.321,36,134320711993,73000,1
134.323,32,134320782993,2502412,0
134.326,39,134325932005,73000,1
134.336,37,134333602023,2502412,0
134.339,32,134336132029,2502412,0
134.349,37,134346377053,2502412,0
134.354,32,134351437065,2502412,0
134.367,32,134366688101,73000,1
134.369,39,134366759101,2502412,0
134.372,39,134372158519,73000,1
134.372,37,134372158519,73000,1
134.385,35,134382465543,2502412,0
134.385,37,134385013549,73000,1
134.393,35,134392772567,73000,1
134.395,39,134392994567,2502412,0
134.398,32,134395524573,2502412,0
134.398,35,134398054579,73000,1
134.398,32,134398134579,73000,1
134.403,32,134403283591,73000,1
134.406,39,134403354591,2502412,0
134.408,34,134405920597,2502412,0
134.411,34,134411229609,73000,1
134.411,39,134411229609,73000,1
134.417,37,134414330021,2502412,0
134.419,37,134419408033,73000,1
134.419,34,134419408033,73000,1
134.419,32,134419408033,73000,1
134.42,39,134419488033,73000,1
134.432,35,134429733057,2502412,0
134.445,35,134442606087,2502412,0
134.448,37,134447666099,73000,1
134.45,35,134447817099,2502412,0
134.453,33,134452931111,73000,1
134.461,35,134458142123,2502412,0
134.463,35,134463282135,73000,1
134.463,34,134463362135,73000,1
134.477,39,134476503165,73000,1
134.482,35,134479113171,2502412,0
134.487,35,134484404183,2502412,0
134.489,37,134486934189,2502412,0
134.502,35,134502292225,73000,1
134.502,34,134502292225,73000,1
134.502,37,134502363225,73000,1
134.518,36,134515468661,2502412,0
134.523,32,134520537673,2502412,0
134.526,32,134525686685,73000,1
134.526,36,134525686685,73000,1
134.538,35,134538416715,73000,1
134.541,37,134538487715,2502412,0
134.544,32,134541106721,2502412,0
134.544,37,134543787727,73000,1
134.547,37,134546459733,73000,1
134.547,32,134546539733,73000,1
134.549,36,134549211739,73000,1
134.562,34,134559562763,2502412,0
134.567,34,134567170781,73000,1
134.575,37,134575171799,73000,1
134.575,32,134575171799,73000,1
134.58,35,134577772805,2502412,0
134.588,36,134585380823,2502412,0
134.588,39,134587919829,73000,1
134.588,35,134587990829,73000,1
134.591,36,134588061829,2502412,0
134.593,36,134590591241,2502412,0
134.596,36,134593120653,2502412,0
134.608,36,134605841683,2502412,0
134.611,36,134608380095,2502412,0
134.613,37,134610910101,2502412,0
134.614,36,134613440107,73000,1
134.616,37,134613511107,2502412,0
134.619,34,134616041113,2502412,0
134.622,34,134619053119,2502412,0
134.624,35,134624113131,73000,1
134.627,34,134624326131,2502412,0
134.627,37,134626865137,73000,1
134.635,34,134634686155,73000,1
134.637,37,134637296161,73000,1
134.637,39,134637296161,73000,1
134.643,36,134642436173,73000,1
134.645,32,134642587173,2502412,0
134.65,32,134647683185,2502412,0
134.658,34,134657857209,73000,1
134.66,36,134657937209,2502412,0
134.663,32,134660476215,2502412,0
134.671,37,134668173233,2502412,0
134.673,37,134670702645,2502412,0
134.676,36,134673232651,2502412,0
134.681,32,134681144075,73000,1
134.681,35,134681144075,73000,1
134.689,37,134686302087,2502412,0
134.691,36,134688832093,2502412,0
134.694,36,134691370505,2502412,0
134.694,34,134693900511,73000,1
134.699,32,134696555517,2502412,0
134.702,37,134699094523,2502412,0
134.702,37,134701623935,73000,1
134.702,36,134701695529,73000,1
134.702,34,134701775529,73000,1
134.71,36,134709454547,73000,1
134.712,37,134709534547,2502412,0
134.712,32,134712064553,73000,1
134.728,37,134725293989,2502412,0
134.728,37,134727930995,73000,1
134.736,36,134735628013,73000,1
134.736,32,134735779013,73000,1
134.741,37,134738389019,2502412,0
134.743,37,134740954431,2502412,0
134.749,37,134748598449,73000,1
134.759,35,134758985473,73000,1
134.762,36,134759145473,2502412,0
134.764,36,134761674885,2502412,0
134.767,36,134764284891,2502412,0
134.769,37,134766814897,2502412,0
134.78,36,134779928927,73000,1
134.788,37,134787740945,73000,1
134.79,32,134787811945,2502412,0
134.791,37,134790501951,73000,1
134.793,32,134790590951,2502412,0
134.801,36,134798331969,2502412,0
134.806,32,134806028987,73000,1
134.811,36,134808647993,2502412,0
134.811,32,134811257999,73000,1
134.819,36,134816416011,2502412,0
134.821,36,134818954423,2502412,0
134.827,37,134824326841,2502412,0
134.829,36,134826856847,2502412,0
134.832,36,134829395259,2502412,0
134.834,37,134831925265,2502412,0
134.835,37,134834481677,73000,1
134.835,36,134834571271,73000,1
134.843,36,134842490289,73000,1
134.845,37,134842561289,2502412,0
134.86,37,134857786325,2502412,0
134.86,32,134860325331,73000,1
134.873,37,134873242361,73000,1
134.876,37,134875941367,73000,1
134.879,37,134878542373,73000,1
134.889,35,134886543391,2502412,0
134.892,36,134889118397,2502412,0
134.897,35,134894178409,2502412,0
134.897,35,134896716821,73000,1
134.899,36,134899398421,73000,1
134.905,34,134901999427,2502412,0
134.905,35,134904600433,73000,1
134.917,34,134914854457,2502412,0
134.917,36,134917384463,73000,1
134.925,38,134922524475,2502412,0
134.928,37,134925447481,2502412,0
134.938,34,134935709505,2502412,0
134.938,37,134938239511,73000,1
134.938,38,134938239511,73000,1
134.946,32,134943477523,2502412,0
134.949,32,134948608535,73000,1
134.951,34,134948679535,2502412,0
134.964,34,134961356565,2502412,0
134.964,35,134963922571,73000,1
134.964,36,134963922571,73000,1
134.972,37,134969195583,2502412,0
134.974,34,134971743589,2502412,0
134.974,38,134974273595,73000,1
134.979,32,134976874601,2502412,0
134.98,37,134979484607,73000,1
134.988,32,134987574625,73000,1
134.988,34,134987574625,73000,1
134.99,38,134987681625,2502412,0
134.998,34,134995511643,2502412,0
135.001,37,134998041649,2502412,0
135.003,38,135000598655,2502412,0
135.003,39,135003128661,73000,1
135.003,32,135003199661,73000,1
135.003,36,135003199661,73000,1
135.003,38,135003279661,73000,1
135.003,37,135003350661,73000,1
135.006,34,135005969667,73000,1
135.009,35,135006058667,2502412,0
135.011,37,135008588673,2502412,0
135.011,37,135011118085,73000,1
135.011,38,135011118679,73000,1
135.014,34,135011189679,2502412,0
135.014,32,135013737685,73000,1
135.016,35,135016418691,73000,1
135.022,34,135019019697,2502412,0
135.024,37,135024168709,73000,1
135.027,38,135024239709,2502412,0
135.027,35,135027082715,73000,1
135.037,33,135034752733,2502412,0
135.045,33,135044872757,73000,1
135.045,34,135044872757,73000,1
135.047,38,135044943757,2502412,0
135.053,38,135052765775,73000,1
135.055,33,135055366781,73000,1
135.063,37,135063205799,73000,1
135.063,34,135063285799,73000,1
135.068,38,135068416811,73000,1
135.092,35,135089121859,2502412,0
135.092,35,135091669271,73000,1
135.1,37,135099509883,73000,1
135.102,35,135099580883,2502412,0
135.102,34,135102110889,73000,1
135.105,32,135104720895,73000,1
135.107,33,135107339901,73000,1
135.11,35,135107410901,2502412,0
135.113,34,135112541913,73000,1
135.128,35,135125289943,2502412,0
135.131,38,135130671361,73000,1
135.136,35,135135829373,73000,1
135.144,35,135141005385,2502412,0
135.154,35,135151125409,2502412,0
135.164,35,135163891439,73000,1
135.18,35,135179481475,73000,1
135.193,33,135192765505,73000,1
135.211,36,135211018547,73000,1
135.211,35,135211018547,73000,1
135.211,35,135211178547,73000,1
135.224,37,135224388577,73000,1
135.227,38,135227069583,73000,1
135.282,34,135281429115,73000,1
135.3,32,135297347021,2502412,0
135.31,37,135310308051,73000,1
135.31,32,135310379051,73000,1
135.352,32,135349113547,2502412,0
135.362,32,135359242571,2502412,0
135.364,32,135361771983,2502412,0
135.367,32,135364443989,2502412,0
135.385,38,135382163031,2502412,0
135.387,33,135387232043,73000,1
135.395,32,135392685055,2502412,0
135.4,38,135397754067,2502412,0
135.406,38,135405442085,73000,1
135.406,32,135405531085,73000,1
135.419,32,135418466115,73000,1
135.421,32,135421085121,73000,1
135.429,38,135428942139,73000,1
135.45,35,135449753593,73000,1
135.455,38,135452630599,2502412,0
135.463,38,135462866623,73000,1
135.476,38,135473404647,2502412,0
135.494,38,135491132689,2502412,0
135.496,38,135493831695,2502412,0
135.505,38,135504495125,73000,1
135.515,32,135512343143,2502412,0
135.522,38,135519933161,2502412,0
135.523,38,135522552167,73000,1
135.525,32,135525242173,73000,1
135.543,38,135540850615,2502412,0
135.546,39,135545928627,73000,1
135.551,38,135551317639,73000,1
135.554,32,135554007645,73000,1
135.559,38,135556626651,2502412,0
135.569,38,135569356681,73000,1
135.574,33,135571984687,2502412,0
135.58,33,135577373699,2502412,0
135.588,38,135587573723,73000,1
135.59,33,135587644723,2502412,0
135.59,33,135590192135,73000,1
135.59,32,135590192729,73000,1
135.614,33,135613569783,73000,1
135.635,38,135634681831,73000,1
135.645,33,135642904255,2502412,0
135.656,33,135653042279,2502412,0
135.661,33,135658351291,2502412,0
135.669,32,135668631315,73000,1
135.671,33,135671232321,73000,1
135.692,38,135689209363,2502412,0
135.697,33,135694278375,2502412,0
135.697,36,135696808381,73000,1
135.702,38,135699731387,2502412,0
135.705,38,135704791399,73000,1
135.705,33,135704791399,73000,1
135.73,38,135727811453,2502412,0
135.733,33,135730341459,2502412,0
135.738,38,135737958477,73000,1
135.741,35,135738180477,2502412,0
135.746,33,135743240489,2502412,0
135.756,38,135753753513,2502412,0
135.756,38,135756282925,73000,1
135.759,33,135756354519,2502412,0
135.759,35,135758884525,73000,1
135.767,35,135766776543,73000,1
135.774,33,135771925555,2502412,0
135.777,33,135774606561,2502412,0
135.777,38,135777145567,73000,1
135.777,33,135777216567,73000,1
135.788,34,135785020585,2502412,0
135.803,34,135800316621,2502412,0
135.808,33,135805689039,2502412,0
135.816,33,135815809063,73000,1
135.816,34,135815809063,73000,1
135.824,35,135823649081,73000,1
135.829,33,135826366087,2502412,0
135.831,38,135828896093,2502412,0
135.832,34,135831586099,73000,1
135.837,38,135836744111,73000,1
135.837,33,135836815111,73000,1
135.865,34,135865198583,73000,1
135.868,38,135867799589,73000,1
135.876,33,135875496607,73000,1
135.876,38,135875496607,73000,1
135.891,32,135890872643,73000,1
135.901,33,135898569661,2502412,0
135.919,33,135916672703,2502412,0
135.927,33,135926890727,73000,1
135.927,35,135927077727,73000,1
135.927,33,135927077727,73000,1
135.963,34,135963114217,73000,1
135.981,33,135978552253,2502412,0
135.981,34,135981082259,73000,1
135.989,38,135986391271,2502412,0
135.989,38,135988920683,73000,1
135.992,33,135991540283,73000,1
135.999,33,135996742295,2502412,0
136.01,33,136009990325,73000,1
136.015,33,136015343337,73000,1
136.015,38,136015343337,73000,1
136.018,33,136015494337,2502412,0
136.023,33,136023271355,73000,1
136.039,32,136036144385,2502412,0
136.041,38,136041213397,73000,1
136.044,32,136041284397,2502412,0
136.051,33,136048990415,2502412,0
136.054,32,136051984421,2502412,0
136.057,33,136054754427,2502412,0
136.057,32,136057293433,73000,1
136.078,33,136077693481,73000,1
136.085,33,136082993493,2502412,0
136.086,32,136085532499,73000,1
136.091,33,136090663511,73000,1
136.093,38,136093282517,73000,1
136.101,33,136098413529,2502412,0
136.119,33,136116552571,2502412,0
136.122,33,136119090983,2502412,0
136.124,37,136124221995,73000,1
136.127,33,136124301995,2502412,0
136.132,33,136129513007,2502412,0
136.132,35,136132061013,73000,1
136.132,33,136132132013,73000,1
136.15,32,136150225055,73000,1
136.15,33,136150394055,73000,1
136.182,36,136181476533,73000,1
136.189,33,136189351551,73000,1
136.205,38,136202313581,2502412,0
136.218,32,136215285611,2502412,0
136.221,32,136220532623,73000,1
136.223,38,136220603623,2502412,0
136.229,32,136228433641,73000,1
136.234,33,136231185647,2502412,0
136.236,38,136233786653,2502412,0
136.244,33,136241589671,2502412,0
136.244,39,136244261677,73000,1
136.249,38,136249401689,73000,1
136.25,32,136249543689,73000,1
136.257,33,136254816701,2502412,0
136.258,39,136257668707,73000,1
136.26,33,136260269713,73000,1
136.26,38,136260340713,73000,1
136.271,33,136270531737,73000,1
136.276,33,136273141743,2502412,0
136.276,38,136275671749,73000,1
136.281,33,136278308755,2502412,0
136.283,38,136280847761,2502412,0
136.286,38,136285907773,73000,1
136.286,33,136285907773,73000,1
136.286,39,136285907773,73000,1
136.289,34,136288597779,73000,1
136.291,33,136288677779,2502412,0
136.294,35,136291296785,2502412,0
136.297,33,136296427797,73000,1
136.299,38,136296498797,2502412,0
136.299,38,136299028209,73000,1
136.302,33,136299099803,2502412,0
136.304,33,136301638215,2502412,0
136.307,38,136306698227,73000,1
136.309,35,136306778227,2502412,0
136.317,35,136317238251,73000,1
136.322,33,136319910257,2502412,0
136.323,35,136322440263,73000,1
136.325,38,136322556263,2502412,0
136.325,33,136325095269,73000,1
136.33,32,136327785275,2502412,0
136.335,32,136332845287,2502412,0
136.338,33,136335375293,2502412,0
136.341,38,136340435305,73000,1
136.343,32,136343152311,73000,1
136.343,39,136343152311,73000,1
136.343,33,136343312311,73000,1
136.349,33,136348621323,73000,1
136.349,35,136348692323,73000,1
136.349,38,136348763323,73000,1
136.349,32,136348763323,73000,1
136.351,39,136351391329,73000,1
136.352,38,136351471329,73000,1
136.359,32,136356647341,2502412,0
136.36,32,136359508347,73000,1
136.36,33,136359508347,73000,1
136.36,38,136359508347,73000,1
136.373,32,136372479377,73000,1
136.373,35,136372479377,73000,1
136.403,32,136403258449,73000,1
136.422,32,136419125485,2502412,0
136.437,32,136436995527,73000,1
136.46,32,136459872581,73000,1
136.462,33,136459952581,2502412,0
136.463,33,136462813587,73000,1
136.473,33,136473182611,73000,1
136.484,33,136483525635,73000,1
136.514,33,136511934701,2502412,0
136.515,32,136514464707,73000,1
136.522,33,136519935719,2502412,0
136.533,33,136532603749,73000,1
136.556,32,136553279797,2502412,0
136.564,33,136563934227,73000,1
136.567,32,136566589233,73000,1
136.582,32,136581867269,73000,1
136.584,33,136581965269,2502412,0
136.59,35,136587025281,2502412,0
136.592,39,136592174293,73000,1
136.597,35,136594802299,2502412,0
136.6,33,136597341305,2502412,0
136.6,38,136599889311,73000,1
136.605,35,136605029323,73000,1
136.605,33,136605411323,73000,1
136.624,35,136624074365,73000,1
136.632,32,136629223377,2502412,0
136.632,39,136631824383,73000,1
136.634,33,136631913383,2502412,0
136.64,32,136639619401,73000,1
136.642,33,136642389407,73000,1
136.653,35,136652598431,73000,1
136.66,33,136657809443,2502412,0
136.668,32,136665800867,2502412,0
136.674,32,136673461885,73000,1
136.679,35,136676089891,2502412,0
136.681,33,136678619897,2502412,0
136.686,35,136686227915,73000,1
136.691,32,136691421927,73000,1
136.692,33,136691492927,73000,1
136.697,33,136694182933,2502412,0
136.699,35,136699313945,73000,1
136.702,36,136702065951,73000,1
136.71,33,136707205963,2502412,0
136.72,33,136720210993,73000,1
136.72,36,136720210993,73000,1
136.723,35,136720290993,2502412,0
136.728,33,136728203011,73000,1
136.731,36,136728292011,2502412,0
136.731,35,136730920017,73000,1
136.736,36,136733592023,2502412,0
136.744,36,136743819047,73000,1
136.749,32,136746447053,2502412,0
136.749,32,136748985465,73000,1
136.754,36,136754135071,73000,1
136.762,35,136759284083,2502412,0
136.764,35,136761894089,2502412,0
136.769,35,136766972101,2502412,0
136.775,33,136772425113,2502412,0
136.775,33,136775035119,73000,1
136.778,36,136775115119,2502412,0
136.78,36,136777653531,2502412,0
136.783,35,136780263537,2502412,0
136.785,32,136782802543,2502412,0
136.788,33,136787862555,73000,1
136.793,36,136790508561,2502412,0
136.796,32,136795657573,73000,1
136.796,35,136795657573,73000,1
136.798,32,136795799573,2502412,0
136.801,36,136798329579,2502412,0
136.814,32,136813518615,73000,1
136.816,36,136813607615,2502412,0
136.834,36,136834276663,73000,1
136.837,35,136834356663,2502412,0
136.842,35,136839505675,2502412,0
136.85,35,136847104693,2502412,0
136.85,33,136849643699,73000,1
136.852,35,136849732699,2502412,0
136.855,36,136852262705,2502412,0
136.857,32,136854792711,2502412,0
136.863,32,136862489729,73000,1
136.863,36,136862489729,73000,1
136.863,35,136862489729,73000,1
136.871,36,136870552153,73000,1
136.873,34,136873189159,73000,1
136.873,32,136873287159,73000,1
136.879,35,136878525171,73000,1
136.886,33,136883683183,2502412,0
136.889,33,136888743195,73000,1
136.892,32,136891442201,73000,1
136.902,33,136901651225,73000,1
136.904,35,136901740225,2502412,0
136.907,35,136904296637,2502412,0
136.909,35,136906826049,2502412,0
136.912,36,136909365055,2502412,0
136.912,36,136911894467,73000,1
136.917,36,136914532067,2502412,0
136.92,35,136919592079,73000,1
136.92,38,136919592079,73000,1
136.93,36,136930114103,73000,1
136.93,39,136930274103,73000,1
136.941,33,136940545127,73000,1
136.951,35,136948295145,2502412,0
136.958,35,136955894163,2502412,0
136.963,36,136960972175,2502412,0
136.966,35,136966103187,73000,1
136.966,37,136966103187,73000,1
136.966,35,136966228187,73000,1
136.969,36,136966317187,2502412,0
136.974,37,136974246611,73000,1
136.979,35,136976874617,2502412,0
136.979,36,136979404623,73000,1
136.98,35,136979475623,73000,1
136.982,35,136979671623,2502412,0
136.985,37,136984749635,73000,1
136.985,35,136985060635,73000,1
136.99,36,136987732641,2502412,0
136.993,35,136992863653,73000,1
136.998,32,136995651659,2502412,0
136.998,36,136998332665,73000,1
137.009,32,137008630689,73000,1
137.009,36,137008772689,73000,1
137.009,32,137008772689,73000,1
137.009,35,137008843689,73000,1
137.024,36,137021760719,2502412,0
137.024,37,137024370725,73000,1
137.025,33,137024441725,73000,1
137.027,32,137027042731,73000,1
137.027,36,137027122731,73000,1
137.035,35,137035310749,73000,1
137.04,37,137037920755,2502412,0
137.043,36,137040530761,2502412,0
137.048,36,137045590773,2502412,0
137.053,36,137053260791,73000,1
137.053,37,137053331791,73000,1
137.061,37,137058596803,2502412,0
137.071,36,137068787827,2502412,0
137.087,37,137084307269,2502412,0
137.087,36,137087006275,73000,1
137.092,36,137092297287,73000,1
137.095,37,137094898293,73000,1
137.113,37,137113141335,73000,1
137.126,36,137125960365,73000,1
137.131,37,137131234377,73000,1
137.139,33,137139217395,73000,1
137.139,32,137139217395,73000,1
137.168,33,137165070455,2502412,0
137.175,33,137172731473,2502412,0
137.191,33,137188348915,2502412,0
137.198,32,137195938933,2502412,0
137.209,37,137208606963,73000,1
137.211,32,137211296969,73000,1
137.211,33,137211296969,73000,1
137.217,36,137216463981,73000,1
137.217,35,137216534981,73000,1
137.219,32,137216685981,2502412,0
137.227,32,137224284999,2502412,0
137.232,33,137229443011,2502412,0
137.234,32,137231973017,2502412,0
137.235,32,137234502429,73000,1
137.235,33,137234574023,73000,1
137.24,36,137240036035,73000,1
137.248,32,137245194047,2502412,0
137.25,33,137250263059,73000,1
137.261,32,137258031077,2502412,0
137.263,32,137263118089,73000,1
137.276,32,137276115119,73000,1
137.287,32,137284195543,2502412,0
137.287,32,137286724955,73000,1
137.3,33,137299589579,73000,1
137.307,32,137307313597,73000,1
137.377,32,137374217753,2502412,0
137.392,32,137389844195,2502412,0
137.4,32,137400053219,73000,1
137.4,33,137400053219,73000,1
137.411,32,137410467243,73000,1
137.429,32,137428756285,73000,1
137.434,37,137433896297,73000,1
137.491,38,137491124835,73000,1
137.535,32,137532236931,2502412,0
137.535,32,137534766343,73000,1
137.54,32,137539906949,73000,1
137.54,32,137540057949,73000,1
137.582,32,137579238039,2502412,0
137.582,32,137581776451,73000,1
137.608,32,137605624505,2502412,0
137.613,32,137613383523,73000,1
137.616,32,137615984529,73000,1
137.616,33,137615984529,73000,1
137.626,32,137623734547,2502412,0
137.626,32,137626272959,73000,1
137.634,32,137634307571,73000,1
137.645,35,137645007595,73000,1
137.711,32,137711395157,73000,1
137.719,36,137716535169,2502412,0
137.722,36,137719073581,2502412,0
137.727,36,137724222593,2502412,0
137.729,36,137726752005,2502412,0
137.742,36,137742110041,73000,1
137.758,36,137757808077,73000,1
137.763,39,137760516083,2502412,0
137.768,39,137765665095,2502412,0
137.781,32,137778360125,2502412,0
137.781,39,137780908131,73000,1
137.786,39,137783616137,2502412,0
137.786,36,137786146143,73000,1
137.791,39,137788756149,2502412,0
137.791,32,137791286155,73000,1
137.794,32,137794217567,73000,1
137.799,39,137799419579,73000,1
137.807,39,137807365597,73000,1
137.823,36,137822750633,73000,1
137.823,34,137822839633,73000,1
137.83,34,137827979645,2502412,0
137.836,34,137833057657,2502412,0
137.838,34,137835667663,2502412,0
137.849,32,137848566693,73000,1
137.857,34,137856540711,73000,1
137.857,37,137856611711,73000,1
137.857,39,137856691711,73000,1
137.864,37,137861822723,2502412,0
137.865,37,137864601729,73000,1
137.867,34,137867282735,73000,1
137.867,38,137867282735,73000,1
137.87,36,137869883741,73000,1
137.87,37,137869883741,73000,1
137.878,38,137875112753,2502412,0
137.885,38,137885268777,73000,1
137.901,38,137901055219,73000,1
137.906,34,137903656225,2502412,0
137.906,34,137906185637,73000,1
137.911,37,137911424243,73000,1
137.917,38,137916804255,73000,1
137.917,34,137916875255,73000,1
137.92,32,137919485261,73000,1
137.935,36,137934852297,73000,1
137.94,34,137940197309,73000,1
137.943,35,137940295309,2502412,0
137.95,39,137947912327,2502412,0
137.961,39,137958443351,2502412,0
137.963,35,137960973357,2502412,0
137.964,37,137963601363,73000,1
137.969,33,137968892375,73000,1
137.971,39,137968963375,2502412,0
137.974,35,137971493381,2502412,0
137.989,39,137989381423,73000,1
137.99,35,137989452423,73000,1
138,38,138000026853,73000,1
138.015,35,138012908883,2502412,0
138.023,39,138020605901,2502412,0
138.026,39,138023135313,2502412,0
138.028,39,138028266325,73000,1
138.031,35,138028337325,2502412,0
138.034,35,138033566337,73000,1
138.034,39,138033717337,73000,1
138.036,32,138033788337,2502412,0
138.039,34,138036318343,2502412,0
138.041,32,138038928349,2502412,0
138.042,32,138041457761,73000,1
138.042,34,138041680355,73000,1
138.042,35,138041680355,73000,1
138.06,34,138059961397,73000,1
138.065,34,138062589403,2502412,0
138.075,32,138072798427,2502412,0
138.078,39,138075346433,2502412,0
138.078,34,138077956439,73000,1
138.078,39,138078045439,73000,1
138.078,32,138078205439,73000,1
138.078,39,138078276439,73000,1
138.081,37,138078347439,2502412,0
138.083,37,138080876851,2502412,0
138.094,37,138091014875,2502412,0
138.094,32,138093553881,73000,1
138.094,34,138093553881,73000,1
138.096,38,138093633881,2502412,0
138.099,38,138096172293,2502412,0
138.102,37,138099096003,2502412,0
138.109,35,138109376027,73000,1
138.112,38,138112057033,73000,1
138.115,37,138112128033,2502412,0
138.122,37,138119745051,2502412,0
138.127,37,138124823063,2502412,0
138.138,37,138137731093,73000,1
138.138,38,138137820093,73000,1
138.143,37,138140421099,2502412,0
138.143,34,138142951105,73000,1
138.143,39,138143022105,73000,1
138.146,32,138143182105,2502412,0
138.151,32,138150914123,73000,1
138.151,37,138150914123,73000,1
138.172,32,138169355165,2502412,0
138.174,38,138171885171,2502412,0
138.177,34,138174433177,2502412,0
138.18,37,138179493189,73000,1
138.182,38,138182094195,73000,1
138.182,35,138182094195,73000,1
138.185,32,138184695201,73000,1
138.187,34,138184784201,2502412,0
138.19,34,138187322613,2502412,0
138.19,32,138189852619,73000,1
138.19,34,138189932619,73000,1
138.198,38,138197762637,73000,1
138.2,34,138197940637,2502412,0
138.208,32,138205914061,2502412,0
138.214,32,138213602079,73000,1
138.219,32,138216212085,2502412,0
138.221,34,138218751091,2502412,0
138.221,37,138221352097,73000,1
138.227,34,138224051103,2502412,0
138.229,38,138229120115,73000,1
138.234,34,138234251127,73000,1
138.234,32,138234251127,73000,1
138.234,39,138234251127,73000,1
138.239,32,138236870133,2502412,0
138.242,39,138239418139,2502412,0
138.244,39,138241947551,2502412,0
138.255,39,138252130575,2502412,0
138.257,32,138254660581,2502412,0
138.26,39,138260042593,73000,1
138.263,37,138260122593,2502412,0
138.273,34,138270260617,2502412,0
138.273,37,138272790623,73000,1
138.275,32,138272861623,2502412,0
138.275,34,138275409629,73000,1
138.281,34,138278028635,2502412,0
138.288,32,138285858653,2502412,0
138.291,34,138290936665,73000,1
138.291,39,138290936665,73000,1
138.299,37,138296165677,2502412,0
138.301,32,138301296689,73000,1
138.309,34,138309297113,73000,1
138.312,37,138311925119,73000,1
138.312,39,138311925119,73000,1
138.317,34,138314562125,2502412,0
138.32,37,138317092131,2502412,0
138.322,37,138322232143,73000,1
138.322,38,138322232143,73000,1
138.327,34,138324878149,2502412,0
138.33,32,138327408155,2502412,0
138.338,34,138334998173,2502412,0
138.34,32,138337528179,2502412,0
138.348,32,138345127197,2502412,0
138.353,34,138350205209,2502412,0
138.358,32,138357813227,73000,1
138.36,34,138357884227,2502412,0
138.366,32,138363257239,2502412,0
138.368,39,138368317251,73000,1
138.368,37,138368397251,73000,1
138.371,34,138371069257,73000,1
138.376,32,138376227269,73000,1
138.394,37,138394302311,73000,1
138.394,32,138394302311,73000,1
138.397,34,138394373311,2502412,0
138.41,38,138407371747,2502412,0
138.41,38,138409919159,73000,1
138.41,34,138410017753,73000,1
138.413,34,138412725759,73000,1
138.415,38,138412814759,2502412,0
138.418,38,138415371171,2502412,0
138.42,35,138417972177,2502412,0
138.423,38,138420573183,2502412,0
138.426,34,138423103189,2502412,0
138.428,38,138425642195,2502412,0
138.428,38,138428252201,73000,1
138.428,34,138428252201,73000,1
138.428,35,138428252201,73000,1
138.433,32,138430862207,2502412,0
138.439,32,138438630225,73000,1
138.441,35,138441338231,73000,1
138.441,38,138441409231,73000,1
138.447,32,138446611243,73000,1
138.449,37,138446700243,2502412,0
138.454,34,138451760255,2502412,0
138.459,37,138456918267,2502412,0
138.46,34,138459448273,73000,1
138.468,35,138467485291,73000,1
138.47,37,138467556291,2502412,0
138.478,32,138475146309,2502412,0
138.48,34,138477676315,2502412,0
138.483,34,138480304321,2502412,0
138.483,32,138482852327,73000,1
138.483,35,138482852327,73000,1
138.485,37,138482923327,2502412,0
138.488,37,138488010339,73000,1
138.491,38,138488152339,2502412,0
138.496,34,138493230351,2502412,0
138.503,32,138500829369,2502412,0
138.509,38,138508820793,73000,1
138.511,34,138511421799,73000,1
138.514,32,138511528799,2502412,0
138.517,32,138514076211,2502412,0
138.517,38,138516606217,73000,1
138.517,37,138516606217,73000,1
138.522,39,138519225223,2502412,0
138.522,39,138521835229,73000,1
138.522,32,138521835229,73000,1
138.524,37,138521995229,2502412,0
138.527,34,138527189241,73000,1
138.53,39,138529808247,73000,1
138.53,37,138529879247,73000,1
138.53,32,138529879247,73000,1
138.538,32,138535010259,2502412,0
138.538,32,138537548671,73000,1
138.54,38,138540239271,73000,1
138.548,37,138545379283,2502412,0
138.556,32,138555748307,73000,1
138.558,37,138555917307,2502412,0
138.564,34,138563658325,73000,1
138.564,39,138563658325,73000,1
138.569,37,138569280337,73000,1
138.585,35,138582179367,2502412,0
138.585,32,138584780373,73000,1
138.59,37,138589911385,73000,1
138.595,35,138595060397,73000,1
138.6,38,138597661403,2502412,0
138.608,38,138607808427,73000,1
138.608,34,138607808427,73000,1
138.619,35,138618641857,73000,1
138.621,39,138621242863,73000,1
138.632,38,138631478887,73000,1
138.647,37,138644360917,2502412,0
138.652,37,138649518929,2502412,0
138.66,35,138657117947,2502412,0
138.662,37,138662213959,73000,1
138.662,38,138662293959,73000,1
138.662,35,138662364959,73000,1
138.678,32,138675683989,2502412,0
138.686,37,138683443007,2502412,0
138.689,39,138688583019,73000,1
138.689,37,138688663019,73000,1
138.689,32,138688663019,73000,1
138.689,35,138688663019,73000,1
138.697,37,138694034031,2502412,0
138.699,37,138699192043,73000,1
138.709,32,138706853061,2502412,0
138.714,37,138711922073,2502412,0
138.715,35,138714765079,73000,1
138.717,32,138714836079,2502412,0
138.725,32,138722533097,2502412,0
138.725,32,138725152103,73000,1
138.725,37,138725223103,73000,1
138.741,34,138740501139,73000,1
138.743,32,138740750139,2502412,0
138.756,32,138753471169,2502412,0
138.756,37,138756099175,73000,1
138.761,32,138761239187,73000,1
138.774,32,138771877211,2502412,0
138.777,38,138776955223,73000,1
138.78,32,138777035223,2502412,0
138.79,32,138789863253,73000,1
138.792,35,138789934253,2502412,0
138.793,35,138792544259,73000,1
138.793,32,138792615259,73000,1
138.793,37,138792837259,73000,1
138.808,35,138805629289,2502412,0
138.821,35,138818725725,2502412,0
138.832,35,138831536755,73000,1
138.834,33,138831625755,2502412,0
138.842,32,138839437773,2502412,0
138.847,33,138844497785,2502412,0
138.847,32,138847027791,73000,1
138.847,32,138847267791,73000,1
138.855,33,138852558803,2502412,0
138.855,35,138855097809,73000,1
138.858,33,138855266809,2502412,0
138.87,32,138867934839,2502412,0
138.873,33,138873012851,73000,1
138.884,32,138881173875,2502412,0
138.886,32,138886269887,73000,1
138.886,33,138886349887,73000,1
138.891,38,138888959893,2502412,0
138.892,32,138891498899,73000,1
138.892,33,138891498899,73000,1
138.897,38,138896674911,73000,1
138.899,37,138899293917,73000,1
138.902,35,138901983923,73000,1
138.907,36,138904584929,2502412,0
138.915,36,138914793953,73000,1
138.92,38,138920300371,73000,1
138.928,32,138925680383,2502412,0
138.938,36,138938357413,73000,1
138.939,38,138938446413,73000,1
138.941,32,138938517413,2502412,0
138.959,32,138956538455,2502412,0
138.969,32,138969411485,73000,1
138.969,36,138969411485,73000,1
138.978,35,138977536503,73000,1
138.985,32,138985286521,73000,1
138.985,33,138985286521,73000,1
138.993,38,138992974539,73000,1
138.998,33,138995664545,2502412,0
139.006,33,139005864569,73000,1
139.009,33,139008626575,73000,1
139.009,32,139008706575,73000,1
139.019,39,139016412593,2502412,0
139.022,39,139021785011,73000,1
139.043,39,139040136053,2502412,0
139.055,33,139052795083,2502412,0
139.058,33,139055503089,2502412,0
139.058,39,139058033095,73000,1
139.061,32,139058184095,2502412,0
139.063,36,139063315107,73000,1
139.066,32,139065925113,73000,1
139.066,33,139065996113,73000,1
139.066,33,139066280113,73000,1
139.074,35,139074101131,73000,1
139.079,38,139076773137,2502412,0
139.085,38,139082216555,2502412,0
139.085,39,139084817561,73000,1
139.087,38,139084897561,2502412,0
139.088,38,139087507567,73000,1
139.09,32,139090117573,73000,1
139.101,33,139100513597,73000,1
139.111,38,139110749621,73000,1
139.113,37,139113350627,73000,1
139.124,32,139124032057,73000,1
139.127,39,139124316057,2502412,0
139.127,39,139126854469,73000,1
139.132,34,139129598069,2502412,0
139.137,39,139137206087,73000,1
139.142,34,139139887093,2502412,0
139.148,34,139145134105,2502412,0
139.158,34,139157909135,73000,1
139.163,39,139160608141,2502412,0
139.166,38,139165748153,73000,1
139.179,34,139176046177,2502412,0
139.181,39,139178576183,2502412,0
139.184,34,139181436595,2502412,0
139.184,37,139184046601,73000,1
139.187,39,139184126601,2502412,0
139.192,39,139189186613,2502412,0
139.192,34,139191716619,73000,1
139.199,39,139196927631,2502412,0
139.205,33,139202041643,2502412,0
139.205,33,139204571055,73000,1
139.205,39,139204713649,73000,1
139.22,34,139217541679,2502412,0
139.225,33,139222681691,2502412,0
139.228,33,139225524697,2502412,0
139.233,33,139230602709,2502412,0
139.236,34,139233132715,2502412,0
139.236,39,139235733721,73000,1
139.238,33,139238343727,73000,1
139.243,32,139240953733,2502412,0
139.249,39,139248552751,73000,1
139.254,34,139251162757,2502412,0
139.256,34,139256231769,73000,1
139.256,32,139256231769,73000,1
139.256,39,139256311769,73000,1
139.262,38,139261442781,73000,1
139.262,32,139261442781,73000,1
139.264,33,139261567781,2502412,0
139.269,34,139266627793,2502412,0
139.274,33,139271696805,2502412,0
139.282,36,139279322823,2502412,0
139.284,34,139281852829,2502412,0
139.292,34,139292356259,73000,1
139.295,33,139294966265,73000,1
139.295,34,139295037265,73000,1
139.298,36,139297638271,73000,1
139.3,35,139297727271,2502412,0
139.308,32,139305344289,2502412,0
139.31,36,139307945295,2502412,0
139.316,32,139315615313,73000,1
139.316,35,139315766313,73000,1
139.318,36,139315917313,2502412,0
139.319,33,139318518319,73000,1
139.319,35,139318518319,73000,1
139.321,36,139318589319,2502412,0
139.334,36,139331800755,2502412,0
139.337,36,139336860767,73000,1
139.34,32,139339586773,73000,1
139.345,34,139342223779,2502412,0
139.345,35,139344833785,73000,1
139.345,39,139344904785,73000,1
139.347,36,139344975785,2502412,0
139.353,33,139350035797,2502412,0
139.355,34,139352565803,2502412,0
139.358,34,139357741815,73000,1
139.36,36,139357812815,2502412,0
139.36,34,139360342821,73000,1
139.363,33,139362943827,73000,1
139.371,32,139370711845,73000,1
139.373,36,139370782845,2502412,0
139.373,36,139373410851,73000,1
139.379,33,139376109857,2502412,0
139.384,38,139381169869,2502412,0
139.399,33,139396769905,2502412,0
139.402,38,139399370911,2502412,0
139.409,34,139406978929,2502412,0
139.41,38,139409535935,73000,1
139.41,36,139409535935,73000,1
139.41,34,139409677935,73000,1
139.41,33,139409677935,73000,1
139.417,36,139414835947,2502412,0
139.422,34,139419904959,2502412,0
139.425,36,139424982971,73000,1
139.425,38,139424982971,73000,1
139.431,33,139430444389,73000,1
139.431,36,139430444389,73000,1
139.431,38,139430444389,73000,1
139.436,33,139433063395,2502412,0
139.436,34,139435664401,73000,1
139.438,38,139438426407,73000,1
139.441,33,139438497407,2502412,0
139.451,34,139451325437,73000,1
139.454,33,139451467437,2502412,0
139.459,35,139456536449,2502412,0
139.462,32,139459066455,2502412,0
139.462,35,139461596461,73000,1
139.462,36,139461596461,73000,1
139.467,33,139464384467,2502412,0
139.467,32,139467021473,73000,1
139.467,35,139467092473,73000,1
139.467,33,139467163473,73000,1
139.475,35,139474860491,73000,1
139.483,32,139482797509,73000,1
139.496,34,139493319533,2502412,0
139.496,33,139495849539,73000,1
139.496,32,139495849539,73000,1
139.499,34,139498539545,73000,1
139.506,34,139506388563,73000,1
139.524,33,139521657599,2502412,0
139.527,38,139524196605,2502412,0
139.532,38,139531831623,73000,1
139.535,33,139532000623,2502412,0
139.54,38,139537373635,2502412,0
139.555,33,139552740671,2502412,0
139.558,38,139555350677,2502412,0
139.563,36,139563020695,73000,1
139.566,33,139563091695,2502412,0
139.568,32,139568160707,73000,1
139.568,34,139568160707,73000,1
139.571,38,139570770713,73000,1
139.581,33,139580970737,73000,1
139.584,38,139581112737,2502412,0
139.586,35,139583660743,2502412,0
139.589,35,139586199155,2502412,0
139.592,33,139591590167,73000,1
139.594,35,139591661167,2502412,0
139.604,38,139601799191,2502412,0
139.609,35,139606939203,2502412,0
139.61,35,139609638209,73000,1
139.61,33,139609709209,73000,1
139.61,38,139609798209,73000,1
139.617,32,139614956221,2502412,0
139.62,33,139620016233,73000,1
139.623,32,139622626239,73000,1
139.625,32,139622786239,2502412,0
139.641,32,139640817687,73000,1
139.649,35,139648487705,73000,1
139.649,38,139648487705,73000,1
139.651,32,139648558705,2502412,0
139.654,32,139651133117,2502412,0
139.661,38,139658723135,2502412,0
139.664,34,139663783147,73000,1
139.666,32,139663908147,2502412,0
139.669,38,139666447153,2502412,0
139.672,32,139671596165,73000,1
139.682,38,139679337183,2502412,0
139.69,32,139687034201,2502412,0
139.69,32,139689644207,73000,1
139.692,38,139692254213,73000,1
139.692,35,139692423213,73000,1
139.693,32,139692807219,73000,1
139.7,38,139697947231,2502412,0
139.708,38,139705688249,2502412,0
139.718,38,139715826273,2502412,0
139.726,38,139723461291,2502412,0
139.726,38,139725999703,73000,1
139.731,32,139728681303,2502412,0
139.734,32,139731210715,2502412,0
139.734,32,139733749127,73000,1
139.734,38,139733749721,73000,1
139.734,39,139733820721,73000,1
139.737,38,139736599727,73000,1
139.737,35,139736599727,73000,1
139.752,32,139752368169,73000,1
139.755,32,139755076175,73000,1
139.765,34,139762978193,2502412,0
139.778,34,139775682223,2502412,0
139.786,36,139785847247,73000,1
139.786,34,139785927247,73000,1
139.799,35,139799264277,73000,1
139.802,34,139799335277,2502412,0
139.802,34,139802096283,73000,1
139.81,34,139809766301,73000,1
139.83,32,139827814343,2502412,0
139.841,38,139838112367,2502412,0
139.844,38,139843574379,73000,1
139.844,32,139843574379,73000,1
139.854,34,139853970403,73000,1
139.854,38,139854121403,73000,1
139.854,33,139854121403,73000,1
139.859,32,139859252415,73000,1
139.865,34,139864623427,73000,1
139.865,38,139864757427,73000,1
139.893,32,139893059493,73000,1
139.904,37,139903670517,73000,1
139.922,32,139921896559,73000,1
139.932,38,139932105583,73000,1
139.95,34,139950306031,73000,1
140.054,32,140053824677,73000,1
140.088,39,140085375749,2502412,0
140.091,39,140090435761,73000,1
140.109,36,140106355797,2502412,0
140.114,39,140111424809,2502412,0
140.119,36,140119156827,73000,1
140.127,39,140124296839,2502412,0
140.132,39,140131895857,73000,1
140.14,33,140137133869,2502412,0
140.142,39,140142273881,73000,1
140.145,33,140142344881,2502412,0
140.147,36,140144883887,2502412,0
140.15,33,140147726893,2502412,0
140.155,36,140152866905,2502412,0
140.163,39,140163004929,73000,1
140.163,33,140163075929,73000,1
140.166,36,140165685935,73000,1
140.166,35,140165756935,73000,1
140.168,33,140165836935,2502412,0
140.181,33,140178771965,2502412,0
140.186,38,140186379983,73000,1
140.187,36,140186539983,73000,1
140.189,33,140189167989,73000,1
140.205,33,140204955025,73000,1
140.21,38,140207556031,2502412,0
140.218,38,140215235049,2502412,0
140.228,38,140227903079,73000,1
140.233,38,140230504085,2502412,0
140.241,38,140240758109,73000,1
140.241,36,140240945109,73000,1
140.244,33,140241016109,2502412,0
140.259,38,140259136557,73000,1
140.264,33,140264285569,73000,1
140.27,39,140269523581,73000,1
140.282,33,140282351611,73000,1
140.29,38,140287518623,2502412,0
140.295,39,140295117641,73000,1
140.298,33,140295197641,2502412,0
140.3,33,140300408653,73000,1
140.306,38,140303027659,2502412,0
140.316,33,140316248689,73000,1
140.319,38,140316319689,2502412,0
140.324,38,140323998707,73000,1
140.327,38,140326848713,73000,1
140.33,38,140329449719,73000,1
140.335,39,140332086725,2502412,0
140.335,39,140334616137,73000,1
140.335,36,140334616731,73000,1
140.345,39,140342304749,2502412,0
140.345,32,140344834755,73000,1
140.353,33,140350072767,2502412,0
140.353,39,140353004773,73000,1
140.363,38,140363284797,73000,1
140.366,33,140363373797,2502412,0
140.371,33,140371043815,73000,1
140.371,34,140371043815,73000,1
140.384,39,140381563839,2502412,0
140.384,34,140384102845,73000,1
140.387,39,140386890851,73000,1
140.387,33,140386890851,73000,1
140.397,33,140394614869,2502412,0
140.407,33,140404912893,2502412,0
140.413,39,140410294905,2502412,0
140.42,39,140420423929,73000,1
140.423,33,140423113935,73000,1
140.428,39,140428262947,73000,1
140.441,39,140438889971,2502412,0
140.444,39,140444029983,73000,1
140.449,39,140449169995,73000,1
140.449,33,140449169995,73000,1
140.455,38,140454800413,73000,1
140.462,36,140459931425,2502412,0
140.463,36,140462496837,73000,1
140.478,33,140477873467,73000,1
140.48,36,140477944467,2502412,0
140.486,39,140483031479,2502412,0
140.488,36,140488091491,73000,1
140.491,39,140488162491,2502412,0
140.496,36,140493320503,2502412,0
140.499,39,140498682515,73000,1
140.507,36,140506432533,73000,1
140.517,36,140514500009,2502412,0
140.52,39,140517030015,2502412,0
140.525,36,140524718033,73000,1
140.538,39,140537528063,73000,1
140.543,39,140540147069,2502412,0
140.548,36,140545207081,2502412,0
140.548,39,140547737087,73000,1
140.553,36,140553011099,73000,1
140.556,36,140555621105,73000,1
140.558,33,140555692105,2502412,0
140.569,39,140566285129,2502412,0
140.569,33,140568824135,73000,1
140.582,39,140579131159,2502412,0
140.587,33,140586757177,73000,1
140.587,39,140586988177,73000,1
140.59,33,140589759183,73000,1
140.59,39,140589955183,73000,1
140.593,36,140590106183,2502412,0
140.606,36,140605526219,73000,1
140.613,39,140610755231,2502412,0
140.624,37,140621206255,2502412,0
140.629,39,140628823273,73000,1
140.637,39,140634043285,2502412,0
140.642,37,140639121297,2502412,0
140.642,37,140641668709,73000,1
140.644,36,140641740303,2502412,0
140.654,39,140654399333,73000,1
140.655,33,140654470333,73000,1
140.655,36,140654550333,73000,1
140.657,37,140654621333,2502412,0
140.665,37,140665160763,73000,1
140.665,36,140665231763,73000,1
140.67,39,140667992769,2502412,0
140.673,39,140673301781,73000,1
140.684,37,140683643805,73000,1
140.694,37,140693941829,73000,1
140.697,36,140694101829,2502412,0
140.714,39,140711820871,2502412,0
140.722,36,140719732889,2502412,0
140.73,39,140727331907,2502412,0
140.737,39,140734957925,2502412,0
140.74,36,140737567931,2502412,0
140.74,39,140740106937,73000,1
140.746,37,140745433949,73000,1
140.746,36,140745504949,73000,1
140.748,36,140748123955,73000,1
140.748,33,140748203955,73000,1
140.756,39,140753415967,2502412,0
140.766,39,140766387403,73000,1
140.787,39,140784213445,2502412,0
140.797,39,140796917475,73000,1
140.799,36,140796997475,2502412,0
140.805,36,140804969493,73000,1
140.815,39,140815258517,73000,1
140.851,36,140848675595,2502412,0
140.867,36,140864320037,2502412,0
140.875,39,140874529061,73000,1
140.877,36,140877246067,73000,1
140.895,36,140892631103,2502412,0
140.903,36,140900301121,2502412,0
140.908,39,140908060139,73000,1
140.916,36,140915748157,73000,1
140.918,38,140918403163,73000,1
140.939,36,140939099211,73000,1
140.947,32,140946974229,73000,1
140.988,37,140988381731,73000,1
140.991,35,140990982737,73000,1
140.991,36,140990982737,73000,1
141.051,39,141050650875,73000,1
141.084,36,141081546353,2502412,0
141.102,36,141099390395,2502412,0
141.115,36,141112129425,2502412,0
141.117,36,141117189437,73000,1
141.12,36,141119888443,73000,1
141.128,36,141125090455,2502412,0
141.136,36,141133170879,2502412,0
141.138,36,141135780885,2502412,0
141.141,36,141138328297,2502412,0
141.144,36,141143495309,73000,1
141.154,36,141151334327,2502412,0
141.177,36,141177062793,73000,1
141.185,34,141185088811,73000,1
141.195,36,141192767829,2502412,0
141.203,36,141200384847,2502412,0
141.211,34,141208063865,2502412,0
141.213,36,141210691871,2502412,0
141.213,34,141213230877,73000,1
141.213,36,141213301877,73000,1
141.224,36,141223528901,73000,1
141.245,34,141242004943,2502412,0
141.247,34,141244543355,2502412,0
141.27,34,141267358409,2502412,0
141.272,34,141269887821,2502412,0
141.278,34,141275278239,2502412,0
141.278,33,141277888245,73000,1
141.28,34,141277968245,2502412,0
141.291,34,141290707275,73000,1
141.293,34,141293326281,73000,1
141.304,36,141301227299,2502412,0
141.319,36,141316541335,2502412,0
141.327,36,141326893359,73000,1
141.327,33,141326893359,73000,1
141.333,34,141332711371,73000,1
141.336,36,141335543377,73000,1
141.356,34,141353751419,2502412,0
141.359,34,141356280831,2502412,0
141.361,36,141358890837,2502412,0
141.364,34,141361571843,2502412,0
141.367,34,141366685855,73000,1
141.372,36,141369286861,2502412,0
141.382,36,141379817291,2502412,0
141.387,36,141384895303,2502412,0
141.398,36,141397803333,73000,1
141.398,34,141397874333,73000,1
141.406,39,141405651351,73000,1
141.411,36,141411031363,73000,1
141.411,34,141411031363,73000,1
141.445,37,141444448441,73000,1
141.467,36,141464938489,2502412,0
141.486,36,141483200937,2502412,0
141.491,36,141488429949,2502412,0
141.501,36,141498558973,2502412,0
141.514,34,141513882009,73000,1
141.514,36,141513953009,73000,1
141.524,36,141521792027,2502412,0
141.532,36,141531921051,73000,1
141.54,35,141540109069,73000,1
141.543,35,141540278069,2502412,0
141.553,35,141553071099,73000,1
141.553,36,141553071099,73000,1
141.571,36,141568536135,2502412,0
141.579,36,141576224153,2502412,0
141.582,35,141581614571,73000,1
141.589,36,141589284589,73000,1
141.6,36,141599635613,73000,1
141.6,35,141599635613,73000,1
141.613,38,141612836643,73000,1
141.621,34,141620728661,73000,1
141.657,36,141656800745,73000,1
141.721,35,141718689295,2502412,0
141.734,35,141733976331,73000,1
141.739,35,141736666337,2502412,0
141.747,35,141747188361,73000,1
141.755,35,141754956379,73000,1
141.763,36,141760167391,2502412,0
141.768,36,141767846409,73000,1
141.776,36,141773137421,2502412,0
141.778,36,141778322433,73000,1
141.799,33,141799053887,73000,1
141.802,35,141799204887,2502412,0
141.802,36,141801734893,73000,1
141.804,35,141801876893,2502412,0
141.81,33,141809466911,73000,1
141.82,35,141819959935,73000,1
141.835,33,141832965965,2502412,0
141.838,32,141838043977,73000,1
141.838,35,141838043977,73000,1
141.846,35,141846044995,73000,1
141.851,33,141848735001,2502412,0
141.851,32,141851292007,73000,1
141.857,36,141856432019,73000,1
141.862,33,141861563031,73000,1
141.864,33,141864271037,73000,1
141.864,32,141864271037,73000,1
141.877,34,141877001067,73000,1
141.877,36,141877001067,73000,1
141.88,35,141879629073,73000,1
141.919,33,141918506075,73000,1
141.924,32,141923682087,73000,1
141.924,34,141923682087,73000,1
141.968,36,141965045183,2502412,0
141.97,36,141970105195,73000,1
141.978,36,141977891213,73000,1
142.019,33,142019298715,73000,1
142.019,32,142019298715,73000,1
142.03,35,142029587739,73000,1
142.042,32,142042415769,73000,1
142.043,36,142042486769,73000,1
142.045,32,142042557769,2502412,0
142.045,32,142045087181,73000,1
142.051,32,142050682787,73000,1
142.079,36,142076533847,2502412,0
142.084,36,142081602859,2502412,0
142.095,36,142094681295,73000,1
142.098,36,142097487301,73000,1
142.103,32,142100168307,2502412,0
142.103,32,142102697719,73000,1
142.105,36,142102769313,2502412,0
142.116,36,142113147337,2502412,0
142.129,36,142126010367,2502412,0
142.131,34,142131070379,73000,1
142.131,36,142131150379,73000,1
142.136,34,142133769385,2502412,0
142.136,32,142136308391,73000,1
142.139,34,142136539391,2502412,0
142.149,34,142146873415,2502412,0
142.155,34,142152282427,2502412,0
142.157,32,142157351439,73000,1
142.157,36,142157351439,73000,1
142.162,34,142159979445,2502412,0
142.163,34,142162598451,73000,1
142.165,34,142165350457,73000,1
142.171,34,142170641469,73000,1
142.176,36,142173322475,2502412,0
142.179,36,142178702487,73000,1
142.21,36,142209819965,73000,1
142.246,33,142243360043,2502412,0
142.256,34,142253891067,2502412,0
142.259,36,142256439073,2502412,0
142.262,36,142261499085,73000,1
142.264,34,142261570085,2502412,0
142.269,33,142266630097,2502412,0
142.282,32,142279458127,2502412,0
142.282,33,142281988133,73000,1
142.282,34,142281988133,73000,1
142.29,32,142287146145,2502412,0
142.297,36,142294736163,2502412,0
142.31,32,142307877193,2502412,0
142.31,34,142310407199,73000,1
142.311,39,142310487199,73000,1
142.313,36,142310558199,2502412,0
142.316,32,142313159205,2502412,0
142.318,32,142318219217,73000,1
142.321,33,142318290217,2502412,0
142.323,34,142323350229,73000,1
142.326,33,142323430229,2502412,0
142.326,32,142325960235,73000,1
142.329,33,142326049235,2502412,0
142.329,33,142328578647,73000,1
142.331,36,142328650241,2502412,0
142.331,32,142331198247,73000,1
142.331,33,142331269247,73000,1
142.339,36,142336418259,2502412,0
142.342,36,142341487271,73000,1
142.352,35,142349344289,2502412,0
142.352,35,142351891701,73000,1
142.352,32,142351892295,73000,1
142.355,37,142354493301,73000,1
142.363,36,142362521319,73000,1
142.373,33,142370298337,2502412,0
142.38,33,142377906355,2502412,0
142.383,35,142380543361,2502412,0
142.386,35,142383162367,2502412,0
142.393,33,142390770385,2502412,0
142.396,35,142395839397,73000,1
142.396,33,142395910397,73000,1
142.399,33,142398538403,73000,1
142.412,35,142412131839,73000,1
142.417,36,142417351851,73000,1
142.428,34,142425154869,2502412,0
142.433,36,142430232881,2502412,0
142.443,36,142440388905,2502412,0
142.448,34,142445457917,2502412,0
142.451,34,142448023329,2502412,0
142.451,36,142450562335,73000,1
142.451,33,142450722335,73000,1
142.451,38,142450864335,73000,1
142.451,36,142450864335,73000,1
142.451,34,142450935335,73000,1
142.454,35,142451006335,2502412,0
142.456,38,142456075347,73000,1
142.462,36,142461608359,73000,1
142.462,35,142461679359,73000,1
142.462,34,142461839359,73000,1
142.462,38,142461990359,73000,1
142.465,36,142462061359,2502412,0
142.47,38,142467130371,2502412,0
142.47,38,142469731377,73000,1
142.48,34,142477552395,2502412,0
142.485,36,142482612407,2502412,0
142.485,35,142485151413,73000,1
142.498,36,142495387437,2502412,0
142.5,34,142497917443,2502412,0
142.503,38,142500447449,2502412,0
142.506,38,142503326455,2502412,0
142.514,33,142511014473,2502412,0
142.514,38,142513544479,73000,1
142.514,36,142513544479,73000,1
142.519,34,142516145485,2502412,0
142.519,36,142518675491,73000,1
142.521,34,142521294497,73000,1
142.524,33,142521365497,2502412,0
142.526,33,142523894909,2502412,0
142.532,34,142531715927,73000,1
142.532,35,142531786927,73000,1
142.532,33,142531866927,73000,1
142.535,38,142534574933,73000,1
142.54,33,142539963945,73000,1
142.553,38,142552747975,73000,1
142.553,33,142552747975,73000,1
142.553,34,142552818975,73000,1
142.553,32,142552818975,73000,1
142.555,36,142552934975,2502412,0
142.563,36,142560953993,2502412,0
142.579,36,142578727035,73000,1
142.591,34,142588936059,2502412,0
142.602,34,142599287083,2502412,0
142.604,36,142601817089,2502412,0
142.607,34,142607270101,73000,1
142.61,36,142609898107,73000,1
142.623,32,142620116131,2502412,0
142.623,32,142622681543,73000,1
142.623,34,142622682137,73000,1
142.623,36,142622682137,73000,1
142.63,35,142630352155,73000,1
142.636,34,142635599167,73000,1
142.641,32,142638209173,2502412,0
142.646,32,142646057191,73000,1
142.649,38,142648738197,73000,1
142.649,33,142648809197,73000,1
142.667,32,142667206239,73000,1
142.667,36,142667206239,73000,1
142.706,32,142703152323,2502412,0
142.706,34,142705682329,73000,1
142.714,32,142713700753,73000,1
142.721,32,142718929765,2502412,0
142.727,32,142724096777,2502412,0
142.74,36,142739454813,73000,1
142.745,32,142744656825,73000,1
142.755,32,142755212849,73000,1
142.779,32,142776183897,2502412,0
142.779,33,142778740903,73000,1
142.784,32,142783942915,73000,1
142.797,35,142796752945,73000,1
142.797,38,142796752945,73000,1
142.797,32,142796823945,73000,1
142.818,38,142817715399,73000,1
142.823,39,142820592405,2502412,0
142.826,39,142825652417,73000,1
142.831,39,142828324423,2502412,0
142.831,39,142830853835,73000,1
142.841,36,142838604447,2502412,0
142.846,34,142843664459,2502412,0
142.854,36,142851441477,2502412,0
142.854,34,142853980483,73000,1
142.854,32,142853980483,73000,1
142.857,39,142856581489,73000,1
142.859,36,142859227495,73000,1
142.878,34,142877668537,73000,1
142.878,36,142877739537,73000,1
142.891,39,142890691567,73000,1
142.914,34,142911350615,2502412,0
142.914,36,142914193621,73000,1
142.927,34,142924491645,2502412,0
142.927,32,142927030651,73000,1
142.927,34,142927101651,73000,1
142.927,37,142927101651,73000,1
142.94,34,142937461675,2502412,0
142.945,37,142942521687,2502412,0
142.95,37,142947670699,2502412,0
142.953,34,142950200705,2502412,0
142.955,36,142952730711,2502412,0
142.966,34,142965478741,73000,1
142.966,37,142965549741,73000,1
142.968,36,142965629741,2502412,0
142.971,36,142971002753,73000,1
142.989,37,142986342789,2502412,0
142.991,34,142988872795,2502412,0
142.994,37,142993959807,73000,1
142.994,35,142993959807,73000,1
143.002,37,142999108819,2502412,0
143.002,34,143001718825,73000,1
143.004,37,143001789825,2502412,0
143.004,36,143004399831,73000,1
143.01,37,143009530843,73000,1
143.01,39,143009530843,73000,1
143.015,34,143015134261,73000,1
143.028,37,143025548285,2502412,0
143.033,37,143033245303,73000,1
143.036,37,143035980309,73000,1
143.041,37,143041147321,73000,1
143.049,36,143048862339,73000,1
143.057,34,143054011351,2502412,0
143.062,34,143061717369,73000,1
143.064,33,143061806369,2502412,0
143.067,34,143066946381,73000,1
143.078,33,143075045399,2502412,0
143.088,33,143085281423,2502412,0
143.093,33,143092871441,73000,1
143.106,33,143103169465,2502412,0
143.108,38,143105779471,2502412,0
143.108,33,143108309477,73000,1
143.111,32,143108460477,2502412,0
143.114,38,143111008483,2502412,0
143.119,32,143116068495,2502412,0
143.119,38,143118911501,73000,1
143.122,32,143121610507,73000,1
143.124,33,143121699507,2502412,0
143.132,38,143129289525,2502412,0
143.139,38,143136879543,2502412,0
143.144,34,143141957555,2502412,0
143.145,33,143144487561,73000,1
143.147,33,143147088567,73000,1
143.147,34,143147088567,73000,1
143.15,38,143147168567,2502412,0
143.155,38,143154767585,73000,1
143.155,37,143154767585,73000,1
143.163,32,143162579603,73000,1
143.175,38,143172895627,2502412,0
143.181,36,143178277045,2502412,0
143.183,34,143183417057,73000,1
143.189,38,143188637069,73000,1
143.189,39,143188637069,73000,1
143.189,32,143188797069,73000,1
143.189,36,143188868069,73000,1
143.189,39,143188939069,73000,1
143.192,34,143191558075,73000,1
143.192,33,143191558075,73000,1
143.197,36,143196725087,73000,1
143.199,38,143196814087,2502412,0
143.202,34,143201901099,73000,1
143.205,33,143204582105,73000,1
143.207,36,143204653105,2502412,0
143.21,38,143207192111,2502412,0
143.212,36,143212350123,73000,1
143.215,38,143215022129,73000,1
143.231,35,143228091565,2502412,0
143.236,32,143233151577,2502412,0
143.238,35,143238211589,73000,1
143.243,38,143240812595,2502412,0
143.246,35,143243351601,2502412,0
143.248,35,143248411613,73000,1
143.248,32,143248411613,73000,1
143.256,38,143256099631,73000,1
143.256,36,143256099631,73000,1
143.259,34,143258700637,73000,1
143.266,38,143266415655,73000,1
143.272,32,143269016661,2502412,0
143.28,33,143279547685,73000,1
143.285,35,143282175691,2502412,0
143.285,32,143284705697,73000,1
143.285,38,143284785697,73000,1
143.288,36,143287546703,73000,1
143.29,35,143287617703,2502412,0
143.293,35,143290147115,2502412,0
143.295,32,143292695121,2502412,0
143.303,32,143302958145,73000,1
143.303,35,143302958145,73000,1
143.316,38,143313194169,2502412,0
143.321,38,143318254181,2502412,0
143.331,32,143328695611,2502412,0
143.334,35,143331225617,2502412,0
143.339,32,143338815635,73000,1
143.341,38,143338895635,2502412,0
143.347,38,143344026647,2502412,0
143.349,38,143346556059,2502412,0
143.349,35,143349175065,73000,1
143.355,38,143354440077,73000,1
143.357,32,143357112083,73000,1
143.367,38,143364862101,2502412,0
143.37,38,143367391513,2502412,0
143.372,37,143369921519,2502412,0
143.375,37,143374990531,73000,1
143.378,35,143377591537,73000,1
143.38,32,143377662537,2502412,0
143.388,32,143385662961,2502412,0
143.388,32,143388201373,73000,1
143.388,38,143388201967,73000,1
143.393,37,143390811973,2502412,0
143.399,32,143398455991,73000,1
143.399,38,143398455991,73000,1
143.401,37,143398535991,2502412,0
143.404,35,143401145997,2502412,0
143.404,37,143403676003,73000,1
143.409,35,143406286009,2502412,0
143.409,36,143408834015,73000,1
143.417,35,143414161027,2502412,0
143.425,38,143424673457,73000,1
143.432,37,143429955469,2502412,0
143.438,35,143435033481,2502412,0
143.438,32,143437652487,73000,1
143.443,34,143440262493,2502412,0
143.443,37,143442801499,73000,1
143.448,35,143445482505,2502412,0
143.456,34,143453117523,2502412,0
143.456,34,143455664935,73000,1
143.456,35,143455665529,73000,1
143.461,37,143458266535,2502412,0
143.463,34,143460867541,2502412,0
143.463,34,143463405953,73000,1
143.469,34,143468591559,73000,1
143.469,35,143468591559,73000,1
143.474,37,143473722571,73000,1
143.479,32,143476510577,2502412,0
143.479,34,143479049583,73000,1
143.495,34,143492128613,2502412,0
143.497,36,143494658619,2502412,0
143.497,32,143497188625,73000,1
143.497,37,143497286625,73000,1
143.497,36,143497357625,73000,1
143.497,38,143497357625,73000,1
143.498,35,143497428625,73000,1
143.498,33,143497499625,73000,1
143.5,34,143500331631,73000,1
143.503,34,143503003637,73000,1
143.503,35,143503003637,73000,1
143.508,32,143508143649,73000,1
143.521,37,143518636673,2502412,0
143.526,36,143523696685,2502412,0
143.527,36,143526548691,73000,1
143.527,37,143526548691,73000,1
143.532,39,143531786703,73000,1
143.532,37,143531786703,73000,1
143.542,36,143539527721,2502412,0
143.552,34,143549674745,2502412,0
143.555,32,143554770757,73000,1
143.557,34,143554841757,2502412,0
143.56,36,143557371763,2502412,0
143.56,34,143560017769,73000,1
143.565,36,143562618775,2502412,0
143.578,36,143578003811,73000,1
143.583,37,143580720817,2502412,0
143.589,34,143586173829,2502412,0
143.594,36,143591251841,2502412,0
143.594,37,143593781847,73000,1
143.594,36,143593870847,73000,1
143.599,35,143596489853,2502412,0
143.604,34,143604150871,73000,1
143.604,37,143604150871,73000,1
143.604,38,143604221871,73000,1
143.615,35,143614439895,73000,1
143.615,36,143614439895,73000,1
143.625,34,143622136913,2502412,0
143.627,34,143624666325,2502412,0
143.627,34,143627204737,73000,1
143.63,34,143630189743,73000,1
143.64,37,143637877761,2502412,0
143.645,35,143642946773,2502412,0
143.653,35,143653155797,73000,1
143.653,37,143653155797,73000,1
143.658,36,143655863803,2502412,0
143.661,36,143658393215,2502412,0
143.666,36,143666010233,73000,1
143.669,37,143668620239,73000,1
143.674,32,143671239245,2502412,0
143.682,34,143681466269,73000,1
143.684,35,143681573269,2502412,0
143.684,32,143684112275,73000,1
143.687,36,143687195281,73000,1
143.69,35,143689796287,73000,1
143.692,32,143689876287,2502412,0
143.698,32,143695016299,2502412,0
143.698,35,143697546305,73000,1
143.7,32,143700165311,73000,1
143.703,35,143702775317,73000,1
143.705,35,143705385323,73000,1
143.708,32,143705474323,2502412,0
143.713,32,143710534335,2502412,0
143.713,36,143713064341,73000,1
143.723,32,143720832359,2502412,0
143.731,37,143728511377,2502412,0
143.734,37,143731372383,2502412,0
143.737,32,143736512395,73000,1
143.739,37,143736583395,2502412,0
143.744,37,143744289413,73000,1
143.747,37,143747041419,73000,1
143.755,32,143754880437,73000,1
143.763,34,143760083449,2502412,0
143.768,34,143767816467,73000,1
143.781,37,143778230491,2502412,0
143.783,37,143783308503,73000,1
143.794,34,143793848527,73000,1
143.799,34,143799148539,73000,1
143.804,37,143801749545,2502412,0
143.804,32,143804288551,73000,1
143.809,36,143806889557,2502412,0
143.82,37,143817125581,2502412,0
143.825,36,143822336593,2502412,0
143.825,34,143824946599,73000,1
143.83,37,143827547605,2502412,0
143.833,37,143830077017,2502412,0
143.835,36,143832607023,2502412,0
143.838,36,143835601029,2502412,0
143.841,37,143840732041,73000,1
143.843,32,143840803041,2502412,0
143.851,32,143848606059,2502412,0
143.854,36,143853755071,73000,1
143.854,32,143853826071,73000,1
143.859,35,143858957083,73000,1
143.862,36,143859064083,2502412,0
143.864,37,143864142095,73000,1
143.867,36,143864355095,2502412,0
143.867,37,143866903101,73000,1
143.872,36,143872212113,73000,1
143.872,32,143872212113,73000,1
143.88,32,143877423125,2502412,0
143.88,32,143879961537,73000,1
143.88,36,143879962131,73000,1
143.911,32,143908390197,2502412,0
143.919,32,143916078215,2502412,0
143.921,34,143918706221,2502412,0
143.924,32,143923793233,73000,1
143.937,34,143934029257,2502412,0
143.939,34,143936872263,2502412,0
143.939,34,143939401675,73000,1
143.942,36,143942012275,73000,1
143.942,32,143942092275,73000,1
143.953,32,143952506299,73000,1
143.958,34,143955294305,2502412,0
143.966,37,143965512329,73000,1
143.968,34,143965583329,2502412,0
143.976,36,143973173347,2502412,0
143.978,36,143975711759,2502412,0
143.978,36,143978321765,73000,1
143.981,34,143980940771,73000,1
143.989,39,143986187783,2502412,0
143.991,36,143988717789,2502412,0
143.997,34,143996629807,73000,1
143.999,39,143996709807,2502412,0
144.01,36,144009466837,73000,1
144.017,39,144014615849,2502412,0
144.033,39,144030000885,2502412,0
144.038,36,144035069897,2502412,0
144.038,33,144037617903,73000,1
144.041,39,144040540315,73000,1
144.041,32,144040540315,73000,1
144.043,36,144040620315,2502412,0
144.056,34,144055809351,73000,1
144.059,36,144058428357,73000,1
144.064,39,144063826369,73000,1
144.069,38,144069064381,73000,1
144.072,39,144069135381,2502412,0
144.074,36,144071665387,2502412,0
144.074,36,144074266393,73000,1
144.085,39,144081998411,2502412,0
144.09,34,144087103423,2502412,0
144.095,39,144092163435,2502412,0
144.103,36,144100084453,2502412,0
144.108,34,144107683471,73000,1
144.11,36,144107781471,2502412,0
144.115,39,144112841483,2502412,0
144.118,34,144115380489,2502412,0
144.125,36,144122970507,2502412,0
144.126,39,144125500513,73000,1
144.128,36,144125571513,2502412,0
144.131,36,144130667525,73000,1
144.131,34,144130667525,73000,1
144.133,34,144133357531,73000,1
144.136,39,144133437531,2502412,0
144.152,32,144149036973,2502412,0
144.157,39,144156635991,73000,1
144.157,32,144156733991,73000,1
144.157,36,144156733991,73000,1
144.162,36,144161883003,73000,1
144.162,34,144161883003,73000,1
144.165,32,144164520009,73000,1
144.165,39,144164591009,73000,1
144.18,36,144177375039,2502412,0
144.188,32,144187593063,73000,1
144.193,36,144190194069,2502412,0
144.201,36,144200900009,73000,1
144.211,34,144208944027,2502412,0
144.212,37,144211474033,73000,1
144.212,39,144211474033,73000,1
144.212,36,144211545033,73000,1
144.227,34,144224302063,2502412,0
144.235,34,144234440087,73000,1
144.247,34,144244979517,2502412,0
144.25,34,144250057529,73000,1
144.263,34,144260293553,2502412,0
144.273,39,144273210583,73000,1
144.276,34,144275811589,73000,1
144.283,36,144280942601,2502412,0
144.286,36,144286020613,73000,1
144.296,34,144296238637,73000,1
144.301,32,144298946643,2502412,0
144.304,32,144301798055,2502412,0
144.309,32,144309388073,73000,1
144.315,39,144314519085,73000,1
144.32,36,144319704097,73000,1
144.322,34,144322385103,73000,1
144.336,32,144335453133,73000,1
144.354,39,144351506575,2502412,0
144.359,39,144356575587,2502412,0
144.362,32,144359105593,2502412,0
144.367,39,144364165605,2502412,0
144.369,34,144369243617,73000,1
144.372,35,144369314617,2502412,0
144.374,32,144371844623,2502412,0
144.375,39,144374445629,73000,1
144.375,36,144374445629,73000,1
144.375,35,144374525629,73000,1
144.38,32,144379763641,73000,1
144.385,35,144382373647,2502412,0
144.387,39,144384903653,2502412,0
144.393,35,144392680671,73000,1
144.398,39,144397811683,73000,1
144.406,35,144405936701,73000,1
144.406,32,144405936701,73000,1
144.427,39,144426648749,73000,1
144.429,34,144426888749,2502412,0
144.435,39,144432037761,2502412,0
144.44,34,144439636779,73000,1
144.442,36,144442246785,73000,1
144.442,35,144442246785,73000,1
144.442,39,144442317785,73000,1
144.443,32,144442637785,73000,1
144.451,34,144450860209,73000,1
144.461,34,144461060233,73000,1
144.464,39,144463679239,73000,1
144.484,34,144484284287,73000,1
144.487,32,144484453287,2502412,0
144.492,32,144492132305,73000,1
144.495,36,144492363305,2502412,0
144.508,36,144507901341,73000,1
144.511,32,144510502347,73000,1
144.516,39,144513112353,2502412,0
144.531,39,144528346389,2502412,0
144.546,35,144543624425,2502412,0
144.546,36,144546154431,73000,1
144.549,35,144546234431,2502412,0
144.549,35,144548763843,73000,1
144.549,39,144548764437,73000,1
144.57,35,144567026885,2502412,0
144.585,36,144582224921,2502412,0
144.585,35,144584754927,73000,1
144.587,36,144587391933,73000,1
144.59,35,144587471933,2502412,0
144.593,36,144590072939,2502412,0
144.593,32,144592602945,73000,1
144.593,39,144592602945,73000,1
144.605,32,144602820969,2502412,0
144.616,35,144613262993,2502412,0
144.618,36,144618323005,73000,1
144.621,32,144618394005,2502412,0
144.626,32,144626038023,73000,1
144.631,35,144628657029,2502412,0
144.631,35,144631195441,73000,1
144.646,36,144643953065,2502412,0
144.649,36,144649013077,73000,1
144.649,33,144649013077,73000,1
144.652,34,144651623083,73000,1
144.652,35,144651694083,73000,1
144.654,32,144651783083,2502412,0
144.655,32,144654626089,73000,1
144.657,36,144654706089,2502412,0
144.662,33,144659775101,2502412,0
144.665,39,144662385107,2502412,0
144.673,36,144672683131,73000,1
144.673,33,144672754131,73000,1
144.675,39,144672834131,2502412,0
144.68,32,144677983143,2502412,0
144.686,39,144683132155,2502412,0
144.686,39,144685670567,73000,1
144.686,32,144685671161,73000,1
144.688,39,144688352167,73000,1
144.688,37,144688352167,73000,1
144.693,33,144690962173,2502412,0
144.694,35,144693492179,73000,1
144.696,36,144693563179,2502412,0
144.699,33,144696093185,2502412,0
144.709,33,144706293209,2502412,0
144.711,32,144708823215,2502412,0
144.714,33,144714222633,73000,1
144.717,36,144714293633,2502412,0
144.717,32,144716823639,73000,1
144.717,35,144716823639,73000,1
144.72,32,144719433645,73000,1
144.725,36,144724609657,73000,1
144.73,34,144729794669,73000,1
144.733,33,144732493675,73000,1
144.75,36,144750346717,73000,1
144.75,39,144750417717,73000,1
144.759,32,144758472141,73000,1
144.774,39,144771354171,2502412,0
144.776,33,144773884177,2502412,0
144.782,39,144779051189,2502412,0
144.787,33,144784191201,2502412,0
144.792,36,144792003219,73000,1
144.792,39,144792225219,73000,1
144.797,33,144797356231,73000,1
144.81,36,144807645255,2502412,0
144.823,36,144823334291,73000,1
144.823,33,144823334291,73000,1
144.826,39,144823414291,2502412,0
144.828,39,144825952703,2502412,0
144.829,39,144828491115,73000,1
144.834,39,144831279715,2502412,0
144.837,39,144836437727,73000,1
144.839,32,144836517727,2502412,0
144.839,33,144839056733,73000,1
144.842,36,144841675739,73000,1
144.844,32,144844356745,73000,1
144.845,39,144844623745,73000,1
144.847,32,144847304751,73000,1
144.85,32,144847473751,2502412,0
144.853,32,144850003163,2502412,0
144.858,36,144857923587,73000,1
144.86,32,144857994587,2502412,0
144.863,32,144863135599,73000,1
144.868,39,144868337611,73000,1
144.869,32,144868639611,73000,1
144.874,35,144873921623,73000,1
144.918,36,144915293719,2502412,0
144.928,36,144925591743,2502412,0
144.933,36,144933181761,73000,1
144.933,33,144933181761,73000,1
144.933,32,144933341761,73000,1
144.939,36,144938721773,73000,1
144.944,33,144943968785,73000,1
144.955,38,144954595809,73000,1
144.963,39,144960217227,2502412,0
144.968,36,144965277239,2502412,0
144.968,36,144967896245,73000,1
144.978,39,144975664263,2502412,0
144.983,36,144980724275,2502412,0
144.986,39,144983272281,2502412,0
144.989,39,144986024287,2502412,0
144.991,36,144991191299,73000,1
144.991,39,144991262299,73000,1
145.002,39,144999083317,2502412,0
145.012,36,145011991347,73000,1
145.012,39,145012062347,73000,1
145.015,36,145014814353,73000,1
145.033,32,145033104395,73000,1
145.046,39,145045852425,73000,1
145.082,37,145082048915,73000,1
145.103,39,145102680963,73000,1
145.111,33,145110697981,73000,1
145.111,36,145110697981,73000,1
145.134,35,145133942035,73000,1
145.162,32,145159536095,2502412,0
145.175,39,145172809531,2502412,0
145.175,39,145175347943,73000,1
145.175,32,145175348537,73000,1
145.183,32,145183187555,73000,1
145.183,39,145183258555,73000,1
145.224,32,145221885645,2502412,0
145.227,39,145227267063,73000,1
145.24,32,145237458087,2502412,0
145.25,32,145247738111,2502412,0
145.263,32,145263025147,73000,1
145.266,32,145265724153,73000,1
145.279,32,145276778583,2502412,0
145.284,36,145281847595,2502412,0
145.289,36,145286987607,2502412,0
145.292,32,145292127619,73000,1
145.302,32,145299824637,2502412,0
145.305,36,145302354643,2502412,0
145.305,36,145304884055,73000,1
145.31,39,145307592655,2502412,0
145.318,36,145315191673,2502412,0
145.32,32,145317721679,2502412,0
145.323,36,145320251685,2502412,0
145.331,39,145328154703,2502412,0
145.331,36,145330755709,73000,1
145.336,39,145335886721,73000,1
145.336,32,145335886721,73000,1
145.341,36,145341222733,73000,1
145.349,32,145346389745,2502412,0
145.351,32,145348919157,2502412,0
145.362,39,145361738187,73000,1
145.362,36,145361738187,73000,1
145.367,32,145364375193,2502412,0
145.367,32,145366904605,73000,1
145.388,32,145385088647,2502412,0
145.393,39,145392794665,73000,1
145.401,32,145400535683,73000,1
145.413,32,145410851707,2502412,0
145.413,34,145413381713,73000,1
145.421,32,145418708725,2502412,0
145.429,32,145429159749,73000,1
145.442,35,145442041779,73000,1
145.447,32,145447270791,73000,1
145.468,36,145468239839,73000,1
145.474,32,145473790257,73000,1
145.482,39,145481692275,73000,1
145.485,32,145484613281,73000,1
145.492,35,145489744293,2502412,0
145.497,35,145494875305,2502412,0
145.498,35,145497503311,73000,1
145.513,33,145513110347,73000,1
145.521,35,145521109365,73000,1
145.563,35,145562783461,73000,1
145.568,38,145565571467,2502412,0
145.573,38,145573241485,73000,1
145.576,38,145573383485,2502412,0
145.579,38,145578756497,73000,1
145.589,35,145589063521,73000,1
145.597,38,145596733539,73000,1
145.651,39,145650774665,73000,1
145.656,38,145655905677,73000,1
145.664,32,145661196689,2502412,0
145.666,36,145663726695,2502412,0
145.682,32,145682131143,73000,1
145.685,36,145682202143,2502412,0
145.685,32,145684732149,73000,1
145.688,36,145687511155,73000,1
145.695,36,145692749167,2502412,0
145.7,37,145700410185,73000,1
145.713,38,145710690209,2502412,0
145.716,36,145713229215,2502412,0
145.718,37,145715768221,2502412,0
145.718,37,145718297633,73000,1
145.721,38,145718369227,2502412,0
145.721,38,145720970233,73000,1
145.721,36,145721041233,73000,1
145.726,36,145723660239,2502412,0
145.731,32,145728871251,2502412,0
145.739,37,145736792269,2502412,0
145.739,37,145739321681,73000,1
145.739,32,145739322275,73000,1
145.742,36,145739402275,2502412,0
145.742,38,145742003281,73000,1
145.742,32,145742083281,73000,1
145.752,37,145749842299,2502412,0
145.757,35,145754902311,2502412,0
145.758,36,145757432317,73000,1
145.76,35,145757583317,2502412,0
145.765,36,145765182335,73000,1
145.765,37,145765253335,73000,1
145.776,35,145775471359,73000,1
145.776,38,145775471359,73000,1
145.781,37,145778126365,2502412,0
145.789,37,145788604389,73000,1
145.789,38,145788755389,73000,1
145.802,32,145799053413,2502412,0
145.807,35,145804122425,2502412,0
145.809,32,145806732431,2502412,0
145.809,35,145809262437,73000,1
145.82,37,145819587461,73000,1
145.822,36,145819658461,2502412,0
145.822,32,145822188467,73000,1
145.827,35,145824789473,2502412,0
145.827,36,145827337479,73000,1
145.833,37,145832681491,73000,1
145.841,37,145838196503,2502412,0
145.841,35,145840735509,73000,1
145.843,32,145843354515,73000,1
145.843,35,145843354515,73000,1
145.851,37,145851095533,73000,1
145.859,36,145856333545,2502412,0
145.861,36,145858862957,2502412,0
145.861,37,145861410963,73000,1
145.864,36,145861499963,2502412,0
145.864,36,145864047375,73000,1
145.869,38,145869223981,73000,1
145.869,35,145869223981,73000,1
145.877,32,145874425993,2502412,0
145.88,32,145879495005,73000,1
145.885,39,145885063423,73000,1
145.893,37,145890283435,2502412,0
145.893,36,145892813441,73000,1
145.895,32,145892902441,2502412,0
145.9,37,145897971453,2502412,0
145.901,32,145900510459,73000,1
145.906,37,145905766471,73000,1
145.908,36,145905837471,2502412,0
145.924,36,145923645513,73000,1
145.926,35,145923716513,2502412,0
145.929,37,145926246519,2502412,0
145.931,35,145931324531,73000,1
145.934,37,145931395531,2502412,0
145.937,32,145936553543,73000,1
145.937,37,145936624543,73000,1
145.937,36,145936624543,73000,1
145.942,37,145942157555,73000,1
145.945,35,145942299555,2502412,0
145.955,35,145952579579,2502412,0
145.958,35,145955117991,2502412,0
145.96,36,145957665997,2502412,0
145.968,36,145967822021,73000,1
145.97,35,145967973021,2502412,0
145.976,32,145973211033,2502412,0
145.978,35,145975741039,2502412,0
145.991,37,145988730475,2502412,0
145.991,37,145991259887,73000,1
145.991,35,145991260481,73000,1
145.991,32,145991358481,73000,1
145.992,36,145991447481,73000,1
146.004,35,146001656505,2502412,0
146.015,35,146014644535,73000,1
146.027,37,146024835559,2502412,0
146.032,32,146029975571,2502412,0
146.035,32,146032504983,2502412,0
146.038,36,146035034989,2502412,0
146.04,35,146037564995,2502412,0
146.043,37,146040095001,2502412,0
146.043,35,146043097413,73000,1
146.043,32,146043097413,73000,1
146.048,32,146045858419,2502412,0
146.051,36,146050989431,73000,1
146.051,37,146051060431,73000,1
146.064,37,146061269455,2502412,0
146.066,32,146063799461,2502412,0
146.069,35,146068904473,73000,1
146.069,37,146068975473,73000,1
146.069,35,146069046473,73000,1
146.069,36,146069126473,73000,1
146.074,32,146071736479,2502412,0
146.082,32,146079513497,2502412,0
146.082,36,146082043503,73000,1
146.098,37,146095210939,2502412,0
146.1,32,146097740945,2502412,0
146.103,37,146100288951,2502412,0
146.108,37,146105357963,2502412,0
146.113,32,146110435975,2502412,0
146.126,32,146125670011,73000,1
146.126,37,146125670011,73000,1
146.138,32,146135888035,2502412,0
146.141,37,146138427041,2502412,0
146.143,37,146140992453,2502412,0
146.146,37,146143521865,2502412,0
146.147,32,146146435277,73000,1
146.149,37,146149036283,73000,1
146.154,32,146154185295,73000,1
146.17,35,146169552331,73000,1
146.17,36,146169623331,73000,1
146.177,35,146177320349,73000,1
146.18,37,146177400349,2502412,0
146.183,37,146182478361,73000,1
146.201,37,146198274803,2502412,0
146.216,32,146213561839,2502412,0
146.219,37,146218639851,73000,1
146.221,32,146221382857,73000,1
146.222,39,146221453857,73000,1
146.242,37,146239430899,2502412,0
146.244,37,146241960311,2502412,0
146.252,37,146249988329,2502412,0
146.255,37,146252517741,2502412,0
146.258,37,146257648753,73000,1
146.258,32,146257648753,73000,1
146.266,36,146265434771,73000,1
146.271,37,146268124777,2502412,0
146.281,37,146278449801,2502412,0
146.284,37,146283625813,73000,1
146.299,32,146296686249,2502412,0
146.31,37,146309461279,73000,1
146.315,32,146312071285,2502412,0
146.32,34,146317211297,2502412,0
146.32,32,146319821303,73000,1
146.32,38,146319821303,73000,1
146.33,37,146330163327,73000,1
146.338,34,146335312339,2502412,0
146.338,34,146337841751,73000,1
146.348,33,146345503363,2502412,0
146.348,33,146348059775,73000,1
146.356,32,146353504381,2502412,0
146.359,33,146358644393,73000,1
146.361,34,146361272399,73000,1
146.371,32,146368951417,2502412,0
146.374,34,146374047429,73000,1
146.382,32,146379276441,2502412,0
146.382,33,146381886447,73000,1
146.387,32,146387231459,73000,1
146.405,33,146402919901,2502412,0
146.418,33,146415605931,2502412,0
146.423,33,146420745943,2502412,0
146.426,32,146423284949,2502412,0
146.426,33,146425823955,73000,1
146.426,32,146425912955,73000,1
146.426,37,146425983955,73000,1
146.426,33,146425983955,73000,1
146.447,33,146444111997,2502412,0
146.452,32,146452104015,73000,1
146.457,33,146454901021,2502412,0
146.46,32,146457431027,2502412,0
146.463,34,146460050033,2502412,0
146.463,34,146462579445,73000,1
146.468,32,146465181045,2502412,0
146.475,33,146472780063,2502412,0
146.48,33,146477867075,2502412,0
146.483,32,146480557081,2502412,0
146.488,34,146488147099,73000,1
146.491,33,146490748105,73000,1
146.506,32,146503790541,2502412,0
146.509,33,146508868553,73000,1
146.512,32,146511478559,73000,1
146.517,32,146516636571,73000,1
146.517,34,146516636571,73000,1
146.517,33,146516787571,73000,1
146.517,32,146516787571,73000,1
146.566,37,146566213685,73000,1
146.579,35,146579316715,73000,1
146.579,33,146579316715,73000,1
146.582,34,146579387715,2502412,0
146.582,36,146581917721,73000,1
146.585,34,146584536727,73000,1
146.6,33,146597480757,2502412,0
146.621,33,146620670811,73000,1
146.621,32,146620741811,73000,1
146.621,34,146620741811,73000,1
146.634,33,146633667841,73000,1
146.634,34,146633827841,73000,1
146.647,33,146647020871,73000,1
146.66,35,146657622895,2502412,0
146.665,33,146662682907,2502412,0
146.668,33,146667742919,73000,1
146.67,35,146670352925,73000,1
146.683,35,146683118955,73000,1
146.694,34,146693567979,73000,1
146.696,33,146693638979,2502412,0
146.707,33,146706921415,73000,1
146.712,33,146712052427,73000,1
146.715,33,146714707433,73000,1
146.723,33,146722529451,73000,1
146.725,33,146725210457,73000,1
146.728,35,146727900463,73000,1
146.733,32,146733218475,73000,1
146.736,35,146736406481,73000,1
146.791,37,146791325607,73000,1
146.791,35,146791325607,73000,1
146.867,34,146867075187,73000,1
146.925,33,146924550725,73000,1
146.945,38,146945395773,73000,1
147.018,37,147018134347,73000,1
147.034,32,147033777383,73000,1
147.086,37,147086113503,73000,1
147.089,34,147086193503,2502412,0
147.096,37,147093792521,2502412,0
147.107,34,147106469551,73000,1
147.107,37,147106549551,73000,1
147.109,37,147106691551,2502412,0
147.112,39,147112081969,73000,1
147.117,34,147117230981,73000,1
147.12,37,147119938987,73000,1
147.128,39,147127671005,73000,1
147.143,36,147143269041,73000,1
147.146,37,147145870047,73000,1
147.148,34,147145941047,2502412,0
147.151,34,147151135059,73000,1
147.154,39,147151206059,2502412,0
147.154,37,147153745065,73000,1
147.172,39,147171928107,73000,1
147.182,35,147179687125,2502412,0
147.19,34,147189967149,73000,1
147.19,39,147190260149,73000,1
147.19,35,147190411149,73000,1
147.203,35,147200896173,2502412,0
147.211,39,147211016197,73000,1
147.211,35,147211176197,73000,1
147.217,36,147214098609,2502412,0
147.217,36,147216637021,73000,1
147.222,35,147221964627,73000,1
147.225,34,147224636633,73000,1
147.225,36,147224725633,73000,1
147.238,33,147237615663,73000,1
147.248,35,147248091687,73000,1
147.251,36,147248162687,2502412,0
147.251,35,147250692693,73000,1
147.251,36,147250781693,73000,1
147.259,37,147256152705,2502412,0
147.261,36,147261337717,73000,1
147.264,37,147263965723,73000,1
147.269,37,147266566729,2502412,0
147.269,35,147269096735,73000,1
147.275,37,147274549747,73000,1
147.28,35,147277168753,2502412,0
147.29,35,147289845783,73000,1
147.292,37,147289916783,2502412,0
147.293,35,147292455789,73000,1
147.303,37,147300125807,2502412,0
147.308,39,147307733825,73000,1
147.308,36,147307733825,73000,1
147.308,37,147307813825,73000,1
147.308,35,147307813825,73000,1
147.311,37,147310627831,73000,1
147.313,34,147313246837,73000,1
147.319,35,147318868255,73000,1
147.358,37,147357629345,73000,1
147.36,34,147357700345,2502412,0
147.363,34,147360238757,2502412,0
147.37,36,147370385781,73000,1
147.381,34,147378519799,2502412,0
147.384,34,147383739811,73000,1
147.384,37,147383810811,73000,1
147.387,34,147386429817,73000,1
147.413,34,147412504877,73000,1
147.434,34,147431070325,2502412,0
147.447,34,147444049355,2502412,0
147.459,34,147459380391,73000,1
147.481,39,147478549433,2502412,0
147.484,34,147481159439,2502412,0
147.484,36,147483787445,73000,1
147.491,35,147488927457,2502412,0
147.497,39,147494067469,2502412,0
147.499,34,147496597475,2502412,0
147.502,39,147499127481,2502412,0
147.509,39,147506726499,2502412,0
147.512,35,147511822511,73000,1
147.514,34,147511893511,2502412,0
147.522,39,147519956535,2502412,0
147.533,39,147532704565,73000,1
147.533,34,147532704565,73000,1
147.533,34,147532846565,73000,1
147.541,39,147540525583,73000,1
147.543,35,147540605583,2502412,0
147.548,38,147545754595,2502412,0
147.554,38,147553486613,73000,1
147.554,35,147553486613,73000,1
147.574,36,147571526655,2502412,0
147.58,36,147579456673,73000,1
147.58,35,147579456673,73000,1
147.585,38,147584587685,73000,1
147.595,37,147592337703,2502412,0
147.595,34,147594876709,73000,1
147.603,36,147600025721,2502412,0
147.608,39,147607704739,73000,1
147.608,36,147607846739,73000,1
147.608,37,147607846739,73000,1
147.613,37,147610545745,2502412,0
147.618,35,147615756757,2502412,0
147.621,36,147620834769,73000,1
147.623,35,147620914769,2502412,0
147.626,37,147626287781,73000,1
147.626,38,147626287781,73000,1
147.629,37,147628959787,73000,1
147.632,35,147631685793,73000,1
147.65,38,147647106829,2502412,0
147.65,35,147649734835,73000,1
147.66,38,147657511853,2502412,0
147.663,32,147662669865,73000,1
147.665,38,147662740865,2502412,0
147.668,36,147667809877,73000,1
147.673,35,147673109889,73000,1
147.681,35,147678240901,2502412,0
147.681,38,147681083313,73000,1
147.681,37,147681083313,73000,1
147.684,34,147683844319,73000,1
147.689,35,147686516325,2502412,0
147.697,39,147694249343,2502412,0
147.699,35,147696779349,2502412,0
147.702,35,147699308761,2502412,0
147.704,39,147701909767,2502412,0
147.712,38,147709499785,2502412,0
147.712,38,147712029197,73000,1
147.717,34,147714710797,2502412,0
147.72,35,147717240803,2502412,0
147.72,35,147719770215,73000,1
147.72,39,147719841809,73000,1
147.725,39,147725365227,73000,1
147.725,35,147725365227,73000,1
147.726,34,147725436227,73000,1
147.733,35,147733213245,73000,1
147.736,38,147733400245,2502412,0
147.736,37,147735930251,73000,1
147.736,39,147736001251,73000,1
147.741,38,147741283263,73000,1
147.744,35,147743884269,73000,1
147.744,34,147743884269,73000,1
147.754,36,147751661287,2502412,0
147.759,36,147759287305,73000,1
147.767,38,147767162323,73000,1
147.772,36,147769772329,2502412,0
147.78,36,147777540347,2502412,0
147.783,36,147782931359,73000,1
147.788,39,147785550365,2502412,0
147.793,34,147793149383,73000,1
147.798,39,147795875389,2502412,0
147.804,36,147801193401,2502412,0
147.804,38,147803732407,73000,1
147.804,34,147803732407,73000,1
147.804,39,147803803407,73000,1
147.812,36,147811562425,73000,1
147.812,38,147811651425,73000,1
147.812,39,147811651425,73000,1
147.812,36,147811864425,73000,1
147.825,36,147822144449,2502412,0
147.84,36,147837699891,2502412,0
147.845,36,147842759903,2502412,0
147.85,35,147850349921,73000,1
147.861,36,147858028939,2502412,0
147.863,39,147863088951,73000,1
147.868,36,147868317963,73000,1
147.879,36,147876165981,2502412,0
147.892,36,147889218011,2502412,0
147.902,36,147899596035,2502412,0
147.912,36,147909877059,2502412,0
147.918,36,147915017071,2502412,0
147.92,36,147917546483,2502412,0
147.925,36,147922775495,2502412,0
147.933,36,147930793919,2502412,0
147.933,38,147933323925,73000,1
147.946,33,147946222955,73000,1
147.946,37,147946293955,73000,1
147.951,36,147948894961,2502412,0
147.954,36,147951504967,2502412,0
147.957,36,147954043379,2502412,0
147.959,39,147959103391,73000,1
147.959,33,147959254391,73000,1
147.967,36,147966960409,73000,1
147.972,33,147969579415,2502412,0
147.977,33,147977267433,73000,1
147.98,34,147979922439,73000,1
147.988,39,147987923457,73000,1
147.99,36,147987994457,2502412,0
147.991,33,147990551463,73000,1
147.993,36,147990622463,2502412,0
147.998,36,147995762475,2502412,0
148.003,37,148000822487,2502412,0
148.024,36,148021178535,2502412,0
148.026,37,148026238547,73000,1
148.032,32,148031869565,73000,1
148.032,36,148031940565,73000,1
148.037,32,148037071577,73000,1
148.04,32,148037213577,2502412,0
148.05,32,148049943607,73000,1
148.05,33,148049943607,73000,1
148.053,37,148050032607,2502412,0
148.058,32,148055101619,2502412,0
148.065,37,148065408643,73000,1
148.065,36,148065408643,73000,1
148.068,37,148068009649,73000,1
148.068,32,148068098649,73000,1
148.073,33,148073309661,73000,1
148.089,33,148086146691,2502412,0
148.094,33,148091537703,2502412,0
148.109,32,148106762739,2502412,0
148.109,33,148109381745,73000,1
148.112,32,148109479745,2502412,0
148.12,37,148117087763,2502412,0
148.12,32,148119617769,73000,1
148.12,36,148119617769,73000,1
148.133,37,148132525799,73000,1
148.143,33,148140624223,2502412,0
148.148,32,148145773235,2502412,0
148.151,32,148150833247,73000,1
148.158,33,148155982259,2502412,0
148.159,33,148158511671,73000,1
148.161,37,148158583265,2502412,0
148.166,37,148163741277,2502412,0
148.181,32,148178993313,2502412,0
148.184,37,148181523319,2502412,0
148.187,32,148184053325,2502412,0
148.189,35,148189122337,73000,1
148.189,33,148189122337,73000,1
148.192,37,148192125343,73000,1
148.195,36,148192196343,2502412,0
148.197,36,148197283355,73000,1
148.197,32,148197283355,73000,1
148.202,37,148199955361,2502412,0
148.213,37,148212872391,73000,1
148.221,32,148218039403,2502412,0
148.226,32,148225736421,73000,1
148.226,33,148225736421,73000,1
148.226,36,148225736421,73000,1
148.226,37,148225807421,73000,1
148.242,32,148241709863,73000,1
148.255,36,148254830893,73000,1
148.268,37,148265208917,2502412,0
148.27,37,148270286929,73000,1
148.275,36,148275426941,73000,1
148.281,37,148280646953,73000,1
148.281,32,148280646953,73000,1
148.325,33,148322046049,2502412,0
148.332,32,148329636067,2502412,0
148.335,33,148334723079,73000,1
148.34,32,148340175497,73000,1
148.348,37,148345386509,2502412,0
148.351,37,148350535521,73000,1
148.359,33,148358525539,73000,1
148.359,37,148358525539,73000,1
148.361,32,148361331545,73000,1
148.384,32,148384413599,73000,1
148.39,37,148387032605,2502412,0
148.4,37,148400093635,73000,1
148.405,33,148405224647,73000,1
148.41,38,148407843653,2502412,0
148.411,38,148410471659,73000,1
148.413,37,148413072665,73000,1
148.418,34,148418212677,73000,1
148.426,37,148426078695,73000,1
148.434,38,148431467707,2502412,0
148.439,38,148436652719,2502412,0
148.45,38,148447130149,2502412,0
148.46,38,148457330173,2502412,0
148.462,36,148462399185,73000,1
148.47,39,148470247203,73000,1
148.473,38,148470389203,2502412,0
148.476,37,148475529215,73000,1
148.476,38,148475751215,73000,1
148.476,37,148475751215,73000,1
148.476,33,148475831215,73000,1
148.476,32,148475902215,73000,1
148.489,38,148488890245,73000,1
148.494,35,148494048257,73000,1
148.494,38,148494137257,73000,1
148.541,35,148538669359,2502412,0
148.547,35,148546616783,73000,1
148.549,35,148549359789,73000,1
148.565,33,148564797825,73000,1
148.596,35,148593286891,2502412,0
148.604,35,148603737915,73000,1
148.614,38,148611647933,2502412,0
148.614,33,148614195939,73000,1
148.62,38,148619584951,73000,1
148.62,37,148619584951,73000,1
148.625,35,148624822963,73000,1
148.633,38,148630175975,2502412,0
148.648,38,148648349423,73000,1
148.664,35,148661275453,2502412,0
148.664,38,148663894459,73000,1
148.667,35,148666602465,73000,1
148.687,32,148686985513,73000,1
148.692,35,148689586519,2502412,0
148.695,35,148692196525,2502412,0
148.71,35,148707894561,2502412,0
148.721,35,148718050585,2502412,0
148.731,35,148728268609,2502412,0
148.731,38,148730798615,73000,1
148.744,35,148743617645,73000,1
148.757,35,148756785081,73000,1
148.78,38,148777221129,2502412,0
148.79,38,148789898159,73000,1
148.798,38,148795029171,2502412,0
148.803,38,148800374183,2502412,0
148.806,38,148805790195,73000,1
148.806,35,148805790195,73000,1
148.811,38,148808855201,2502412,0
148.822,38,148821683231,73000,1
148.85,37,148847295291,2502412,0
148.852,38,148849923297,2502412,0
148.86,38,148857826315,2502412,0
148.863,37,148862984327,73000,1
148.868,38,148868124339,73000,1
148.881,38,148878431363,2502412,0
148.899,38,148896186405,2502412,0
148.899,37,148898716411,73000,1
148.917,38,148914414447,2502412,0
148.93,38,148927242477,2502412,0
148.935,35,148934912495,73000,1
148.945,38,148942662513,2502412,0
148.963,38,148960765961,2502412,0
148.966,36,148965905973,73000,1
148.971,37,148968515979,2502412,0
148.971,32,148971045985,73000,1
148.979,38,148976185997,2502412,0
148.981,37,148978734003,2502412,0
148.984,37,148983865015,73000,1
148.986,38,148983954015,2502412,0
148.999,35,148996711045,2502412,0
148.999,38,148999250051,73000,1
149.002,37,149001922057,73000,1
149.007,35,149004532063,2502412,0
149.01,35,149009690075,73000,1
149.012,37,149009761075,2502412,0
149.013,37,149012621487,73000,1
149.018,37,149015240493,2502412,0
149.02,38,149020309505,73000,1
149.026,37,149025609517,73000,1
149.031,35,149028219523,2502412,0
149.033,35,149033315535,73000,1
149.033,37,149033315535,73000,1
149.054,38,149051434577,2502412,0
149.056,35,149053964583,2502412,0
149.057,38,149056807589,73000,1
149.07,35,149067105613,2502412,0
149.072,38,149069644619,2502412,0
149.075,38,149074829631,73000,1
149.075,35,149074829631,73000,1
149.075,37,149074900631,73000,1
149.088,38,149087977661,73000,1
149.099,35,149098479685,73000,1
149.101,33,149101320691,73000,1
149.104,39,149101391691,2502412,0
149.109,38,149106736703,2502412,0
149.109,39,149109337709,73000,1
149.112,38,149111938715,73000,1
149.12,39,149117382727,2502412,0
149.123,39,149120063733,2502412,0
149.138,35,149137889775,73000,1
149.14,39,149137978775,2502412,0
149.146,39,149145639793,73000,1
149.146,35,149145719793,73000,1
149.151,39,149148329799,2502412,0
149.151,38,149150859805,73000,1
149.156,34,149153469811,2502412,0
149.159,34,149155999223,2502412,0
149.164,37,149161372235,2502412,0
149.169,34,149166450247,2502412,0
149.169,37,149168980253,73000,1
149.172,39,149169060253,2502412,0
149.177,34,149174138265,2502412,0
149.179,34,149179269277,73000,1
149.179,37,149179269277,73000,1
149.19,39,149187099295,2502412,0
149.192,39,149189637707,2502412,0
149.195,34,149192238713,2502412,0
149.195,34,149194857719,73000,1
149.2,39,149197467725,2502412,0
149.21,39,149207774749,2502412,0
149.21,39,149210384755,73000,1
149.221,39,149218447773,2502412,0
149.221,38,149220986779,73000,1
149.224,37,149221066779,2502412,0
149.224,34,149223596785,73000,1
149.236,37,149233805809,2502412,0
149.239,34,149236335815,2502412,0
149.239,35,149238865821,73000,1
149.239,37,149238945821,73000,1
149.239,39,149238945821,73000,1
149.244,34,149241546827,2502412,0
149.252,34,149251711851,73000,1
149.257,34,149254312857,2502412,0
149.26,39,149259452869,73000,1
149.26,34,149259523869,73000,1
149.26,37,149259523869,73000,1
149.278,37,149275390311,2502412,0
149.278,37,149277946723,73000,1
149.278,34,149277947317,73000,1
149.286,39,149283078329,2502412,0
149.293,39,149293252353,73000,1
149.296,37,149295853359,73000,1
149.301,33,149298490365,2502412,0
149.301,39,149301163371,73000,1
149.304,33,149301243371,2502412,0
149.306,39,149303809377,2502412,0
149.314,37,149311470395,2502412,0
149.317,33,149314000401,2502412,0
149.319,37,149316530407,2502412,0
149.322,33,149319372819,2502412,0
149.322,37,149321902825,73000,1
149.33,33,149327051837,2502412,0
149.33,39,149329599843,73000,1
149.33,34,149329821843,73000,1
149.333,33,149332449849,73000,1
149.34,38,149340208867,73000,1
149.346,37,149345428879,73000,1
149.351,32,149348038885,2502412,0
149.364,39,149363549327,73000,1
149.364,33,149363620327,73000,1
149.366,32,149363789327,2502412,0
149.369,37,149366408333,2502412,0
149.369,32,149368938339,73000,1
149.374,37,149374069351,73000,1
149.374,32,149374158351,73000,1
149.385,33,149384643375,73000,1
149.387,37,149387262381,73000,1
149.387,33,149387333381,73000,1
149.405,38,149402824417,2502412,0
149.405,38,149405380829,73000,1
149.406,39,149405452423,73000,1
149.411,39,149410583435,73000,1
149.411,34,149410663435,73000,1
149.416,34,149413362441,2502412,0
149.416,32,149415892447,73000,1
149.418,37,149415963447,2502412,0
149.421,34,149418493453,2502412,0
149.427,37,149426484877,73000,1
149.432,37,149431615889,73000,1
149.432,38,149431615889,73000,1
149.434,34,149434252895,73000,1
149.455,34,149452078937,2502412,0
149.462,32,149459739955,2502412,0
149.462,32,149462269367,73000,1
149.465,34,149464870967,73000,1
149.47,38,149470332385,73000,1
149.476,37,149473031391,2502412,0
149.481,32,149478100403,2502412,0
149.481,34,149480648409,73000,1
149.481,32,149480728409,73000,1
149.486,37,149483356415,2502412,0
149.486,39,149485895421,73000,1
149.491,32,149488505427,2502412,0
149.494,32,149493565439,73000,1
149.494,37,149493565439,73000,1
149.512,37,149509163475,2502412,0
149.519,32,149519328499,73000,1
149.522,34,149519408499,2502412,0
149.525,37,149522009505,2502412,0
149.535,37,149532548935,2502412,0
149.54,37,149540156953,73000,1
149.54,34,149540156953,73000,1
149.545,33,149542784959,2502412,0
149.548,33,149545314371,2502412,0
149.55,37,149547844377,2502412,0
149.558,33,149555532395,2502412,0
149.563,34,149560628407,2502412,0
149.568,37,149565697419,2502412,0
149.571,32,149568540425,2502412,0
149.579,33,149578731449,73000,1
149.581,34,149578829449,2502412,0
149.584,34,149581358861,2502412,0
149.584,37,149583888867,73000,1
149.584,37,149584039867,73000,1
149.587,32,149584110867,2502412,0
149.589,33,149586640873,2502412,0
149.592,32,149589170879,2502412,0
149.592,32,149591709291,73000,1
149.592,34,149591878885,73000,1
149.597,33,149594479891,2502412,0
149.602,38,149602194909,73000,1
149.602,34,149602194909,73000,1
149.605,33,149604804915,73000,1
149.615,32,149615076939,73000,1
149.623,37,149622880957,73000,1
149.623,32,149622951957,73000,1
149.623,33,149623031957,73000,1
149.631,37,149631041975,73000,1
149.644,34,149641357999,2502412,0
149.652,34,149649019017,2502412,0
149.659,38,149656609035,2502412,0
149.664,38,149661749047,2502412,0
149.667,34,149664297053,2502412,0
149.672,38,149669366065,2502412,0
149.677,33,149677358083,73000,1
149.685,38,149682489095,2502412,0
149.69,34,149687629107,2502412,0
149.695,38,149692707119,2502412,0
149.703,34,149700475137,2502412,0
149.706,34,149703004549,2502412,0
149.708,38,149708135561,73000,1
149.716,34,149713506573,2502412,0
149.724,35,149723715597,73000,1
149.726,33,149723795597,2502412,0
149.726,34,149726352603,73000,1
149.729,32,149726423603,2502412,0
149.729,33,149729266015,73000,1
149.734,38,149731956021,2502412,0
149.737,33,149734486027,2502412,0
149.747,38,149747154057,73000,1
149.747,32,149747154057,73000,1
149.75,37,149749773063,73000,1
149.755,34,149752383069,2502412,0
149.757,33,149754922075,2502412,0
149.758,33,149757487487,73000,1
149.758,34,149757568081,73000,1
149.758,36,149757568081,73000,1
149.76,38,149757719081,2502412,0
149.76,34,149760249087,73000,1
149.766,32,149765505099,73000,1
149.771,38,149768177105,2502412,0
149.776,38,149776177529,73000,1
149.776,33,149776177529,73000,1
149.787,36,149786742553,73000,1
149.789,38,149789370559,73000,1
149.789,33,149789370559,73000,1
149.789,32,149789370559,73000,1
149.8,36,149797129577,2502412,0
149.807,36,149804826595,2502412,0
149.81,34,149809966607,73000,1
149.81,36,149810046607,73000,1
149.813,36,149810215607,2502412,0
149.823,36,149820460631,2502412,0
149.844,36,149841262679,2502412,0
149.846,36,149846331691,73000,1
149.856,38,149853992709,2502412,0
149.862,34,149859123721,2502412,0
149.867,34,149864192733,2502412,0
149.867,36,149866722739,73000,1
149.867,32,149866722739,73000,1
149.874,33,149871951751,2502412,0
149.875,38,149874481757,73000,1
149.88,34,149880085175,73000,1
149.883,33,149880165175,2502412,0
149.885,34,149885314187,73000,1
149.89,33,149887915193,2502412,0
149.896,33,149895523211,73000,1
149.898,37,149898213217,73000,1
149.911,38,149908413241,2502412,0
149.913,33,149910952247,2502412,0
149.919,38,149916012259,2502412,0
149.919,33,149918542265,73000,1
149.921,33,149921161271,73000,1
149.926,38,149926292283,73000,1
149.926,36,149926292283,73000,1
149.934,38,149931432295,2502412,0
149.942,34,149939459719,2502412,0
149.95,38,149947058737,2502412,0
149.96,38,149957223761,2502412,0
149.962,34,149959753767,2502412,0
149.962,34,149962310179,73000,1
149.962,38,149962310773,73000,1
149.975,35,149975085803,73000,1
149.978,32,149975156803,2502412,0
149.981,38,149978070809,2502412,0
149.981,39,149980671815,73000,1
149.981,33,149980751815,73000,1
149.981,36,149980751815,73000,1
149.983,32,149980867815,2502412,0
149.984,38,149983495821,73000,1
149.986,34,149983566821,2502412,0
149.994,32,149991254839,2502412,0
149.996,34,149996350851,73000,1
149.996,38,149996421851,73000,1
150.002,32,149999111857,2502412,0
150.004,32,150001641269,2502412,0
150.007,38,150004171275,2502412,0
150.009,38,150006700687,2502412,0
150.019,32,150016838711,2502412,0
150.022,34,150019377717,2502412,0
150.022,32,150021925723,73000,1
150.022,38,150021925723,73000,1
150.032,34,150029764741,2502412,0
150.04,34,150037854759,2502412,0
150.043,32,150040393765,2502412,0
150.046,38,150045551777,73000,1
150.051,34,150050762789,73000,1
150.053,32,150050833789,2502412,0
150.066,32,150066164825,73000,1
150.069,38,150068819831,73000,1
150.076,33,150073986843,2502412,0
150.082,34,150079073855,2502412,0
150.082,33,150082067861,73000,1
150.087,33,150087225873,73000,1
150.087,37,150087385873,73000,1
150.09,34,150087456873,2502412,0
150.09,32,150089986879,73000,1
150.095,32,150095153891,73000,1
150.098,34,150097825897,73000,1
150.104,34,150103436909,73000,1
150.111,34,150111257927,73000,1
150.137,38,150136664987,73000,1
150.142,33,150139578993,2502412,0
150.145,33,150142108405,2502412,0
150.147,33,150144637817,2502412,0
150.147,34,150147167823,73000,1
150.152,33,150152370835,73000,1
150.176,33,150173082883,2502412,0
150.176,33,150175621295,73000,1
150.186,36,150186223319,73000,1
150.201,38,150198989349,2502412,0
150.204,32,150201519355,2502412,0
150.204,32,150204048767,73000,1
150.204,33,150204156361,73000,1
150.207,39,150204227361,2502412,0
150.207,38,150206757367,73000,1
150.212,32,150211995379,73000,1
150.215,33,150212066379,2502412,0
150.22,39,150219674397,73000,1
150.22,38,150219674397,73000,1
150.23,33,150227451415,2502412,0
150.23,36,150229981421,73000,1
150.235,33,150232591427,2502412,0
150.243,39,150243104451,73000,1
150.248,32,150248324463,73000,1
150.251,33,150248395463,2502412,0
150.253,33,150250996469,2502412,0
150.261,39,150258622487,2502412,0
150.264,38,150261152493,2502412,0
150.271,33,150271299517,73000,1
150.271,39,150271370517,73000,1
150.289,38,150286942959,2502412,0
150.29,38,150289517371,73000,1
150.292,33,150289588965,2502412,0
150.292,39,150292118971,73000,1
150.297,33,150297267983,73000,1
150.297,38,150297267983,73000,1
150.303,38,150300037989,2502412,0
150.31,33,150310176013,73000,1
150.31,38,150310265013,73000,1
150.326,38,150325765049,73000,1
150.344,39,150344242091,73000,1
150.355,32,150352126109,2502412,0
150.362,32,150362264133,73000,1
150.362,33,150362335133,73000,1
150.365,38,150362415133,2502412,0
150.373,32,150370032151,2502412,0
150.373,32,150372561563,73000,1
150.373,38,150372562157,73000,1
150.373,34,150372562157,73000,1
150.383,34,150380330175,2502412,0
150.386,38,150385435187,73000,1
150.388,34,150385515187,2502412,0
150.391,34,150388429193,2502412,0
150.401,32,150398665217,2502412,0
150.404,32,150403734229,73000,1
150.406,34,150403805229,2502412,0
150.406,34,150406334641,73000,1
150.419,39,150416864259,2502412,0
150.419,33,150419403265,73000,1
150.42,35,150419554265,73000,1
150.42,34,150419554265,73000,1
150.422,39,150419776265,2502412,0
150.425,38,150422306271,2502412,0
150.425,32,150424907277,73000,1
150.428,35,150425067277,2502412,0
150.43,39,150427597283,2502412,0
150.43,39,150430126695,73000,1
150.43,38,150430269289,73000,1
150.436,38,150435480301,73000,1
150.436,32,150435640301,73000,1
150.436,34,150435711301,73000,1
150.438,35,150438312307,73000,1
150.439,39,150438481307,73000,1
150.439,35,150438481307,73000,1
150.454,39,150451729337,2502412,0
150.459,38,150456887349,2502412,0
150.459,38,150459416761,73000,1
150.462,39,150459497355,2502412,0
150.475,39,150474784391,73000,1
150.475,33,150474784391,73000,1
150.483,39,150480022403,2502412,0
150.485,39,150482551815,2502412,0
150.485,39,150485081227,73000,1
150.485,34,150485170821,73000,1
150.485,38,150485170821,73000,1
150.493,39,150490694239,2502412,0
150.501,38,150498311257,2502412,0
150.501,35,150500850263,73000,1
150.506,39,150503531269,2502412,0
150.511,32,150508689281,2502412,0
150.511,38,150511237287,73000,1
150.514,39,150511317287,2502412,0
150.517,39,150516457299,73000,1
150.522,32,150521597311,73000,1
150.532,38,150531859335,73000,1
150.54,35,150539538353,73000,1
150.545,32,150542139359,2502412,0
150.547,39,150544669365,2502412,0
150.55,39,150547511777,2502412,0
150.553,39,150552589789,73000,1
150.563,32,150562825813,73000,1
150.563,37,150562825813,73000,1
150.571,37,150570638831,73000,1
150.571,32,150570709831,73000,1
150.576,39,150573337837,2502412,0
150.586,39,150583466861,2502412,0
150.589,37,150588535873,73000,1
150.594,39,150594015291,73000,1
150.597,35,150596616297,73000,1
150.599,38,150596687297,2502412,0
150.599,39,150599226303,73000,1
150.609,38,150606887321,2502412,0
150.62,38,150617025345,2502412,0
150.62,38,150619590757,73000,1
150.635,38,150632651381,2502412,0
150.635,32,150635181387,73000,1
150.638,39,150635252387,2502412,0
150.643,38,150642922405,73000,1
150.643,37,150642922405,73000,1
150.651,39,150650914423,73000,1
150.654,38,150653533429,73000,1
150.682,39,150679181489,2502412,0
150.682,36,150681720495,73000,1
150.687,37,150684321501,2502412,0
150.687,39,150686851507,73000,1
150.692,37,150689461513,2502412,0
150.695,34,150694833931,73000,1
150.697,39,150694913931,2502412,0
150.7,38,150700053943,73000,1
150.715,37,150712854973,2502412,0
150.718,39,150715384979,2502412,0
150.728,37,150728142009,73000,1
150.733,39,150730903015,2502412,0
150.734,37,150733611021,73000,1
150.739,39,150738840033,73000,1
150.739,38,150738911033,73000,1
150.741,32,150738991033,2502412,0
150.755,32,150752008063,2502412,0
150.755,39,150754538069,73000,1
150.755,32,150754609069,73000,1
150.765,33,150764880093,73000,1
150.765,32,150764880093,73000,1
150.778,38,150777717123,73000,1
150.786,37,150785699141,73000,1
150.796,32,150793449159,2502412,0
150.796,32,150796014571,73000,1
150.799,39,150798928577,73000,1
150.804,32,150801645583,2502412,0
150.804,32,150804174995,73000,1
150.817,39,150814393613,2502412,0
150.84,39,150837288667,2502412,0
150.847,32,150844896685,2502412,0
150.858,35,150857948715,73000,1
150.861,39,150858099715,2502412,0
150.863,32,150860629721,2502412,0
150.871,39,150870945745,73000,1
150.871,32,150871016745,73000,1
150.874,39,150873697751,73000,1
150.887,32,150886588781,73000,1
150.889,32,150886757781,2502412,0
150.9,32,150899818217,73000,1
150.913,37,150912620247,73000,1
150.923,39,150920521265,2502412,0
150.926,39,150925670277,73000,1
150.931,32,150928422283,2502412,0
150.941,32,150941135313,73000,1
150.941,38,150941135313,73000,1
150.941,39,150941206313,73000,1
150.944,39,150943834319,73000,1
150.965,32,150964601367,73000,1
150.993,32,150992769433,73000,1
151.042,39,151042131953,73000,1
151.086,32,151086043055,73000,1
151.125,37,151122878545,2502412,0
151.141,37,151138316581,2502412,0
151.141,37,151140953587,73000,1
151.157,34,151154047617,2502412,0
151.157,37,151156577623,73000,1
151.17,34,151169745653,73000,1
151.188,37,151185174689,2502412,0
151.195,37,151192791707,2502412,0
151.195,34,151195330713,73000,1
151.195,37,151195401713,73000,1
151.201,34,151200612725,73000,1
151.216,39,151216310167,73000,1
151.227,37,151224069185,2502412,0
151.242,37,151241895227,73000,1
151.276,37,151275464305,73000,1
151.296,34,151295927353,73000,1
151.319,37,151316835807,2502412,0
151.322,32,151319481813,2502412,0
151.322,37,151322011819,73000,1
151.327,36,151327142831,73000,1
151.332,37,151332362843,73000,1
151.335,32,151334963849,73000,1
151.335,36,151334963849,73000,1
151.348,36,151345341873,2502412,0
151.35,39,151347871879,2502412,0
151.35,32,151350419885,73000,1
151.358,36,151358160903,73000,1
151.358,37,151358160903,73000,1
151.361,39,151360761909,73000,1
151.376,36,151373929939,2502412,0
151.384,39,151384058963,73000,1
151.389,36,151386757969,2502412,0
151.395,36,151394525987,73000,1
151.397,32,151394747987,2502412,0
151.4,32,151399967999,73000,1
151.408,32,151407700017,73000,1
151.408,37,151407798017,73000,1
151.419,34,151416109441,2502412,0
151.419,36,151418639447,73000,1
151.421,34,151421240453,73000,1
151.421,39,151421329453,73000,1
151.421,32,151421329453,73000,1
151.422,34,151421498453,73000,1
151.445,34,151444677507,73000,1
151.452,36,151449889519,2502412,0
151.455,36,151455314531,73000,1
151.468,34,151465621555,2502412,0
151.471,36,151468231561,2502412,0
151.484,36,151483893003,73000,1
151.484,34,151483893003,73000,1
151.499,34,151499269039,73000,1
151.502,34,151501879045,73000,1
151.502,39,151501879045,73000,1
151.51,36,151509718063,73000,1
151.52,32,151520319493,73000,1
151.526,36,151525592505,73000,1
151.526,39,151525592505,73000,1
151.536,37,151536112529,73000,1
151.569,34,151566909601,2502412,0
151.572,39,151572389613,73000,1
151.573,34,151572460613,73000,1
151.593,34,151590259655,2502412,0
151.598,34,151595595667,2502412,0
151.613,34,151610980703,2502412,0
151.614,34,151613519115,73000,1
151.642,34,151639453175,2502412,0
151.645,34,151644522187,73000,1
151.65,36,151649733199,73000,1
151.657,35,151654873211,2502412,0
151.657,32,151657403217,73000,1
151.663,35,151660004223,2502412,0
151.665,34,151665091235,73000,1
151.673,35,151670311247,2502412,0
151.678,34,151675835259,2502412,0
151.679,35,151678445265,73000,1
151.699,34,151696324307,2502412,0
151.699,33,151698872313,73000,1
151.699,34,151699023313,73000,1
151.699,33,151699023313,73000,1
151.704,33,151701811319,2502412,0
151.71,35,151709490337,73000,1
151.712,33,151709561337,2502412,0
151.72,33,151717338355,2502412,0
151.723,34,151722800367,73000,1
151.723,35,151722871367,73000,1
151.731,33,151728020379,2502412,0
151.731,36,151730692385,73000,1
151.733,33,151730763385,2502412,0
151.744,33,151741008409,2502412,0
151.754,34,151751155433,2502412,0
151.756,34,151753684845,2502412,0
151.756,34,151756223257,73000,1
151.759,33,151756294851,2502412,0
151.759,33,151758824263,73000,1
151.764,34,151763973869,73000,1
151.777,37,151777150899,73000,1
151.78,35,151779956905,73000,1
151.78,33,151780027905,73000,1
151.803,34,151800605953,2502412,0
151.806,33,151803144959,2502412,0
151.808,34,151805674965,2502412,0
151.811,38,151808204971,2502412,0
151.816,38,151813282983,2502412,0
151.819,33,151818520995,73000,1
151.821,34,151818671995,2502412,0
151.824,38,151824045007,73000,1
151.827,34,151824116007,2502412,0
151.839,33,151836784037,2502412,0
151.844,34,151841844049,2502412,0
151.847,34,151847073061,73000,1
151.847,33,151847304061,73000,1
151.847,38,151847304061,73000,1
151.85,34,151850118067,73000,1
151.855,33,151852719073,2502412,0
151.863,32,151862893097,73000,1
151.865,33,151862973097,2502412,0
151.881,33,151878600133,2502412,0
151.891,33,151891393163,73000,1
151.919,34,151916782223,2502412,0
151.919,38,151919321229,73000,1
151.919,33,151919321229,73000,1
151.937,35,151934938671,2502412,0
151.94,34,151937468677,2502412,0
151.943,33,151942626689,73000,1
151.945,34,151942706689,2502412,0
151.945,35,151945263695,73000,1
151.953,34,151950545707,2502412,0
151.956,34,151953075119,2502412,0
151.964,34,151963444143,73000,1
151.969,34,151966054149,2502412,0
151.971,34,151968583561,2502412,0
151.974,38,151971113567,2502412,0
151.974,34,151973723573,73000,1
151.979,38,151976324579,2502412,0
151.979,35,151978863585,73000,1
151.99,38,151987042603,2502412,0
152,38,151997216627,2502412,0
152.002,34,152002294639,73000,1
152.002,35,152002374639,73000,1
152.003,38,152002534639,73000,1
152.01,33,152010320657,73000,1
152.01,38,152010320657,73000,1
152.026,34,152023157687,2502412,0
152.034,38,152031069705,2502412,0
152.036,38,152033670711,2502412,0
152.039,34,152036200717,2502412,0
152.052,38,152049117747,2502412,0
152.052,34,152051647753,73000,1
152.057,38,152054355759,2502412,0
152.062,38,152059486771,2502412,0
152.077,38,152077276813,73000,1
152.08,34,152077347813,2502412,0
152.08,34,152079877225,73000,1
152.08,38,152079877819,73000,1
152.093,35,152090559843,2502412,0
152.098,35,152095690855,2502412,0
152.106,34,152105855879,73000,1
152.108,38,152105935879,2502412,0
152.113,35,152110995891,2502412,0
152.119,38,152116135903,2502412,0
152.124,35,152123752921,73000,1
152.132,35,152129303339,2502412,0
152.132,38,152131842345,73000,1
152.137,35,152134443351,2502412,0
152.15,35,152149766387,73000,1
152.155,38,152152385393,2502412,0
152.158,34,152157525405,73000,1
152.16,35,152157596405,2502412,0
152.163,34,152160126411,2502412,0
152.163,35,152162656417,73000,1
152.163,38,152162656417,73000,1
152.175,34,152172865441,2502412,0
152.175,34,152175403853,73000,1
152.175,35,152175404447,73000,1
152.178,34,152175591447,2502412,0
152.181,34,152180651459,73000,1
152.181,38,152180651459,73000,1
152.186,38,152183252465,2502412,0
152.189,35,152186103877,2502412,0
152.199,35,152198958907,73000,1
152.199,38,152198958907,73000,1
152.199,33,152198958907,73000,1
152.199,36,152199029907,73000,1
152.204,32,152201630913,2502412,0
152.207,34,152206717925,73000,1
152.215,32,152212008937,2502412,0
152.217,35,152217095949,73000,1
152.225,38,152224872967,73000,1
152.227,32,152224943967,2502412,0
152.23,32,152227509379,2502412,0
152.241,32,152240553409,73000,1
152.241,34,152240553409,73000,1
152.248,35,152248214427,73000,1
152.264,32,152261006457,2502412,0
152.274,32,152271251481,2502412,0
152.276,32,152273780893,2502412,0
152.289,32,152289371929,73000,1
152.292,39,152291972935,73000,1
152.292,32,152292114935,73000,1
152.3,38,152297352947,2502412,0
152.303,38,152302510959,73000,1
152.308,34,152307855971,73000,1
152.321,38,152318296995,2502412,0
152.334,38,152334065437,73000,1
152.339,32,152336675443,2502412,0
152.347,32,152346813467,73000,1
152.355,32,152354483485,73000,1
152.36,38,152357173491,2502412,0
152.37,38,152369921521,73000,1
152.378,35,152375079533,2502412,0
152.385,38,152385288557,73000,1
152.398,35,152395890581,2502412,0
152.401,35,152398437993,2502412,0
152.404,35,152403614005,73000,1
152.404,32,152403863005,73000,1
152.406,35,152403934005,2502412,0
152.414,32,152414188029,73000,1
152.414,35,152414259029,73000,1
152.424,38,152421956047,2502412,0
152.44,35,152437564009,2502412,0
152.443,38,152442713021,73000,1
152.448,35,152448022033,73000,1
152.466,35,152466114075,73000,1
152.469,38,152468742081,73000,1
152.474,35,152474221093,73000,1
152.477,35,152476929099,73000,1
152.48,34,152477000099,2502412,0
152.488,34,152487493123,73000,1
152.508,38,152505880165,2502412,0
152.508,34,152508419171,73000,1
152.511,38,152508499171,2502412,0
152.529,33,152528988219,73000,1
152.529,38,152529059219,73000,1
152.542,34,152539847649,2502412,0
152.542,32,152542377655,73000,1
152.55,34,152547508667,2502412,0
152.55,38,152550047673,73000,1
152.558,34,152555205685,2502412,0
152.568,34,152565530709,2502412,0
152.573,34,152570688721,2502412,0
152.581,34,152581155745,73000,1
152.584,34,152583978751,73000,1
152.587,34,152586588757,73000,1
152.597,38,152597208781,73000,1
152.597,34,152597315781,73000,1
152.639,35,152636005871,2502412,0
152.647,35,152644006295,2502412,0
152.652,35,152651605313,73000,1
152.67,35,152667602349,2502412,0
152.678,38,152675459367,2502412,0
152.681,35,152680537379,73000,1
152.681,38,152680813379,73000,1
152.686,35,152686024391,73000,1
152.696,35,152693756409,2502412,0
152.696,38,152696286415,73000,1
152.707,35,152706995439,73000,1
152.707,38,152706995439,73000,1
152.727,35,152724919481,2502412,0
152.74,35,152740348517,73000,1
152.741,37,152740490517,73000,1
152.741,35,152740490517,73000,1
152.741,34,152740570517,73000,1
152.774,36,152774370001,73000,1
152.775,38,152774441001,73000,1
152.775,35,152774539001,73000,1
152.809,32,152808650079,73000,1
152.851,38,152848112575,2502412,0
152.856,38,152853243587,2502412,0
152.864,38,152863532611,73000,1
152.871,35,152868850623,2502412,0
152.871,35,152871389035,73000,1
152.874,38,152874150635,73000,1
152.877,35,152876929641,73000,1
152.888,35,152885008659,2502412,0
152.888,35,152887867665,73000,1
152.914,38,152911475719,2502412,0
152.914,38,152914014131,73000,1
152.914,35,152914014725,73000,1
152.937,35,152937274779,73000,1
152.94,38,152939875785,73000,1
152.982,38,152981655287,73000,1
153.013,38,153010154353,2502412,0
153.018,35,153015214365,2502412,0
153.02,38,153020283377,73000,1
153.033,35,153030652401,2502412,0
153.046,35,153043418431,2502412,0
153.048,38,153045957437,2502412,0
153.054,39,153054126861,73000,1
153.057,38,153054197861,2502412,0
153.057,35,153056727867,73000,1
153.057,38,153056816867,73000,1
153.057,39,153056816867,73000,1
153.073,35,153072575903,73000,1
153.073,39,153072655903,73000,1
153.075,35,153072726903,2502412,0
153.075,38,153075256909,73000,1
153.093,35,153090694945,2502412,0
153.096,39,153093224951,2502412,0
153.101,39,153098391963,2502412,0
153.101,35,153100921969,73000,1
153.103,39,153100992969,2502412,0
153.104,34,153103602975,73000,1
153.117,39,153116877005,73000,1
153.125,38,153122008017,2502412,0
153.125,35,153124627023,73000,1
153.13,39,153127237029,2502412,0
153.135,38,153132297041,2502412,0
153.137,39,153134987047,2502412,0
153.138,38,153137517053,73000,1
153.14,39,153137615053,2502412,0
153.143,38,153140145059,2502412,0
153.143,38,153142746065,73000,1
153.146,39,153145445071,73000,1
153.171,39,153168874531,2502412,0
153.171,35,153171404537,73000,1
153.179,38,153179207555,73000,1
153.182,39,153181817561,73000,1
153.185,39,153184436567,73000,1
153.187,38,153184507567,2502412,0
153.192,38,153192097585,73000,1
153.195,38,153192337585,2502412,0
153.205,38,153202475609,2502412,0
153.218,38,153218031645,73000,1
153.218,33,153218031645,73000,1
153.221,32,153220641651,73000,1
153.226,36,153223251657,2502412,0
153.236,36,153235964687,73000,1
153.239,39,153236106687,2502412,0
153.246,38,153243714705,2502412,0
153.249,36,153246244711,2502412,0
153.249,37,153248774717,73000,1
153.251,39,153248854717,2502412,0
153.257,39,153254298135,2502412,0
153.259,36,153256855141,2502412,0
153.259,38,153259385147,73000,1
153.26,39,153259465147,73000,1
153.262,37,153259536147,2502412,0
153.265,37,153264605159,73000,1
153.265,38,153264765159,73000,1
153.267,35,153264836159,2502412,0
153.267,36,153267366165,73000,1
153.275,37,153272497177,2502412,0
153.28,39,153280105195,73000,1
153.28,35,153280185195,73000,1
153.283,37,153280256195,2502412,0
153.285,37,153285325207,73000,1
153.291,39,153288015213,2502412,0
153.293,36,153290545219,2502412,0
153.301,37,153298135237,2502412,0
153.303,37,153303284249,73000,1
153.308,36,153305894255,2502412,0
153.311,36,153310963267,73000,1
153.311,39,153310963267,73000,1
153.314,39,153313922273,73000,1
153.314,38,153313922273,73000,1
153.316,35,153313993273,2502412,0
153.327,38,153324122297,2502412,0
153.327,38,153326687709,73000,1
153.327,37,153326759303,73000,1
153.329,35,153326830303,2502412,0
153.329,39,153329360309,73000,1
153.33,35,153329431309,73000,1
153.335,38,153334607321,73000,1
153.335,36,153334607321,73000,1
153.347,35,153344941345,2502412,0
153.363,35,153363106793,73000,1
153.366,37,153363186793,2502412,0
153.378,37,153375934823,2502412,0
153.384,38,153381021835,2502412,0
153.389,38,153388638853,73000,1
153.389,37,153388638853,73000,1
153.396,37,153393849865,2502412,0
153.399,38,153396379871,2502412,0
153.399,36,153398909877,73000,1
153.404,35,153401599883,2502412,0
153.404,35,153404129295,73000,1
153.404,38,153404200889,73000,1
153.412,37,153411950907,73000,1
153.417,34,153414873913,2502412,0
153.422,39,153419942925,2502412,0
153.425,34,153425073937,73000,1
153.428,35,153427692943,73000,1
153.43,39,153430391949,73000,1
153.43,33,153430391949,73000,1
153.433,37,153430462949,2502412,0
153.435,37,153432992361,2502412,0
153.438,38,153438052373,73000,1
153.443,33,153440822379,2502412,0
153.446,37,153443432385,2502412,0
153.459,34,153456118415,2502412,0
153.459,37,153458675421,73000,1
153.459,33,153458675421,73000,1
153.467,34,153464128439,2502412,0
153.467,39,153466667445,73000,1
153.467,33,153466667445,73000,1
153.469,37,153466756445,2502412,0
153.469,37,153469285857,73000,1
153.469,38,153469366451,73000,1
153.475,34,153474533463,73000,1
153.477,37,153474604463,2502412,0
153.48,33,153477152469,2502412,0
153.48,35,153479682475,73000,1
153.48,34,153479762475,73000,1
153.482,36,153482381481,73000,1
153.483,33,153482452481,73000,1
153.485,37,153482523481,2502412,0
153.495,33,153492679505,2502412,0
153.5,37,153500287523,73000,1
153.503,33,153502888529,73000,1
153.503,39,153502959529,73000,1
153.506,37,153505569535,73000,1
153.506,33,153505569535,73000,1
153.511,38,153510718547,73000,1
153.524,34,153523833577,73000,1
153.527,33,153524082577,2502412,0
153.534,33,153531930595,2502412,0
153.535,33,153534460007,73000,1
153.542,39,153539760613,2502412,0
153.547,38,153547350631,73000,1
153.548,39,153547430631,73000,1
153.548,37,153547430631,73000,1
153.55,34,153550031637,73000,1
153.558,33,153557888655,73000,1
153.561,37,153560507661,73000,1
153.569,35,153568624085,73000,1
153.571,39,153568695085,2502412,0
153.576,33,153573906097,2502412,0
153.579,33,153578975109,73000,1
153.582,39,153581612115,73000,1
153.595,36,153594511145,73000,1
153.6,34,153599740157,73000,1
153.605,33,153602368163,2502412,0
153.605,39,153604898169,73000,1
153.62,33,153617824199,2502412,0
153.631,36,153628274629,2502412,0
153.636,33,153633334641,2502412,0
153.638,36,153635864647,2502412,0
153.638,36,153638394059,73000,1
153.641,33,153641040659,73000,1
153.651,39,153651418683,73000,1
153.657,36,153656629695,73000,1
153.662,33,153661796707,73000,1
153.662,36,153661796707,73000,1
153.665,39,153664799119,73000,1
153.701,37,153698250197,2502412,0
153.711,37,153711069227,73000,1
153.719,36,153718828245,73000,1
153.721,33,153718899245,2502412,0
153.722,33,153721741657,73000,1
153.745,37,153744743711,73000,1
153.745,33,153744823711,73000,1
153.753,35,153752591729,73000,1
153.792,37,153791468225,73000,1
153.794,37,153794078231,73000,1
153.809,39,153806915261,2502412,0
153.82,33,153817124285,2502412,0
153.828,39,153825027303,2502412,0
153.83,33,153830087315,73000,1
153.838,39,153835281327,2502412,0
153.838,39,153837900333,73000,1
153.853,33,153850737363,2502412,0
153.858,33,153855806375,2502412,0
153.861,39,153858336381,2502412,0
153.874,33,153873864823,73000,1
153.876,39,153873944823,2502412,0
153.879,39,153879129835,73000,1
153.884,37,153881801841,2502412,0
153.887,39,153886870853,73000,1
153.895,33,153892010865,2502412,0
153.9,33,153897186877,2502412,0
153.9,37,153899716883,73000,1
153.91,36,153907502901,2502412,0
153.918,33,153917622925,73000,1
153.92,39,153917711925,2502412,0
153.923,36,153922780937,73000,1
153.928,39,153925408943,2502412,0
153.931,37,153930781361,73000,1
153.941,39,153938451379,2502412,0
153.941,36,153941070385,73000,1
153.949,33,153948731403,73000,1
153.959,39,153956428421,2502412,0
153.961,33,153958958427,2502412,0
153.969,39,153969238451,73000,1
153.972,33,153972151863,73000,1
153.985,39,153982583887,2502412,0
153.99,33,153987652899,2502412,0
153.998,37,153995340917,2502412,0
154,39,153997888923,2502412,0
154.001,39,154000436335,73000,1
154.003,37,154003108935,73000,1
154.003,33,154003108935,73000,1
154.003,36,154003179935,73000,1
154.008,33,154005922941,2502412,0
154.009,37,154008452947,73000,1
154.011,33,154011062953,73000,1
154.011,39,154011062953,73000,1
154.029,37,154029352995,73000,1
154.047,33,154044889031,2502412,0
154.053,39,154050056043,2502412,0
154.055,39,154055116055,73000,1
154.058,33,154055187055,2502412,0
154.065,38,154062902073,2502412,0
154.066,38,154065431485,73000,1
154.066,33,154065512079,73000,1
154.074,39,154073512503,73000,1
154.081,37,154078759515,2502412,0
154.081,33,154081360521,73000,1
154.084,39,154083997527,73000,1
154.087,33,154084139527,2502412,0
154.089,32,154089279539,73000,1
154.092,37,154089350539,2502412,0
154.092,38,154091880545,73000,1
154.097,32,154094481551,2502412,0
154.097,32,154097010963,73000,1
154.097,33,154097011557,73000,1
154.102,37,154099612563,2502412,0
154.105,34,154104672575,73000,1
154.105,37,154104761575,73000,1
154.105,36,154104761575,73000,1
154.108,37,154107691581,73000,1
154.108,33,154107771581,73000,1
154.111,32,154110461587,73000,1
154.113,38,154110541587,2502412,0
154.116,38,154115752599,73000,1
154.126,33,154123609617,2502412,0
154.129,37,154128669629,73000,1
154.129,38,154128740629,73000,1
154.134,32,154131814635,2502412,0
154.139,33,154136954647,2502412,0
154.147,33,154144553665,2502412,0
154.15,33,154147101077,2502412,0
154.152,32,154149658083,2502412,0
154.152,33,154152188089,73000,1
154.155,38,154154798095,73000,1
154.16,32,154157559101,2502412,0
154.16,36,154160089107,73000,1
154.16,38,154160089107,73000,1
154.168,32,154167937125,73000,1
154.168,33,154168097125,73000,1
154.176,39,154173388137,2502412,0
154.176,32,154176231143,73000,1
154.182,32,154181451155,73000,1
154.187,39,154184061161,2502412,0
154.202,39,154199339197,2502412,0
154.204,37,154201887203,2502412,0
154.207,37,154207010215,73000,1
154.207,39,154207081215,73000,1
154.228,35,154225049257,2502412,0
154.23,39,154227579263,2502412,0
154.23,39,154230108675,73000,1
154.235,33,154232719275,2502412,0
154.236,37,154235632687,73000,1
154.236,39,154235703687,73000,1
154.236,35,154235783687,73000,1
154.236,33,154235854687,73000,1
154.236,35,154235934687,73000,1
154.267,33,154264147753,2502412,0
154.272,39,154269225765,2502412,0
154.274,34,154271773771,2502412,0
154.282,33,154279747195,2502412,0
154.282,33,154282285607,73000,1
154.287,34,154284905207,2502412,0
154.288,39,154287444213,73000,1
154.288,38,154287444213,73000,1
154.288,35,154287444213,73000,1
154.288,34,154287542213,73000,1
154.288,37,154287542213,73000,1
154.293,34,154290152219,2502412,0
154.298,33,154295301231,2502412,0
154.308,34,154308058261,73000,1
154.308,39,154308129261,73000,1
154.311,33,154310730267,73000,1
154.321,32,154318409285,2502412,0
154.337,32,154336557327,73000,1
154.337,39,154336628327,73000,1
154.337,33,154336628327,73000,1
154.347,32,154346855351,73000,1
154.347,34,154346855351,73000,1
154.352,32,154352111363,73000,1
154.357,36,154354712369,2502412,0
154.362,36,154359852381,2502412,0
154.373,35,154370026405,2502412,0
154.38,36,154380146429,73000,1
154.38,35,154380235429,73000,1
154.393,39,154393338033,73000,1
154.393,33,154393338033,73000,1
154.399,34,154396064039,2502412,0
154.399,36,154398594045,73000,1
154.399,35,154398594045,73000,1
154.414,34,154413908081,73000,1
154.419,37,154416598087,2502412,0
154.427,37,154426843111,73000,1
154.443,34,154442532147,73000,1
154.455,36,154452759171,2502412,0
154.466,37,154463039195,2502412,0
154.466,35,154465569201,73000,1
154.471,36,154468170207,2502412,0
154.473,37,154470700213,2502412,0
154.478,32,154475920225,2502412,0
154.481,34,154478450231,2502412,0
154.487,32,154486441655,73000,1
154.487,37,154486441655,73000,1
154.487,36,154486512655,73000,1
154.489,33,154486663655,2502412,0
154.492,33,154489193067,2502412,0
154.492,34,154491723073,73000,1
154.505,36,154502065097,2502412,0
154.505,36,154504603509,73000,1
154.505,33,154504604103,73000,1
154.507,34,154504675103,2502412,0
154.51,34,154507204515,2502412,0
154.512,34,154512344527,73000,1
154.512,37,154512344527,73000,1
154.517,39,154514954533,2502412,0
154.52,32,154520103545,73000,1
154.52,33,154520103545,73000,1
154.525,33,154525252557,73000,1
154.525,39,154525252557,73000,1
154.525,37,154525341557,73000,1
154.525,36,154525421557,73000,1
154.533,34,154533145575,73000,1
154.533,36,154533145575,73000,1
154.536,33,154533261575,2502412,0
154.536,39,154535809581,73000,1
154.538,32,154535880581,2502412,0
154.538,33,154538419587,73000,1
154.544,35,154541342593,2502412,0
154.546,35,154546402605,73000,1
154.552,32,154549101611,2502412,0
154.557,32,154554170623,2502412,0
154.557,32,154556709035,73000,1
154.557,39,154556709629,73000,1
154.559,35,154556780629,2502412,0
154.567,35,154567043653,73000,1
154.575,33,154572174665,2502412,0
154.58,33,154580040683,73000,1
154.58,36,154580040683,73000,1
154.58,35,154580040683,73000,1
154.583,34,154582641689,73000,1
154.583,32,154582712689,73000,1
154.586,35,154585635101,73000,1
154.601,39,154598427131,2502412,0
154.604,32,154601037137,2502412,0
154.604,33,154603718143,73000,1
154.606,37,154606337149,73000,1
154.609,39,154608956155,73000,1
154.612,32,154609045155,2502412,0
154.624,32,154624412191,73000,1
154.627,37,154624483191,2502412,0
154.63,38,154627013197,2502412,0
154.63,37,154629543203,73000,1
154.632,35,154629614203,2502412,0
154.637,39,154634683215,2502412,0
154.64,32,154637302221,2502412,0
154.642,32,154642380233,73000,1
154.642,38,154642380233,73000,1
154.645,35,154642451233,2502412,0
154.645,39,154645293645,73000,1
154.645,38,154645364645,73000,1
154.653,39,154653185663,73000,1
154.653,37,154653185663,73000,1
154.658,35,154655786669,2502412,0
154.658,37,154658325675,73000,1
154.658,32,154658325675,73000,1
154.664,39,154661015681,2502412,0
154.671,39,154671162705,73000,1
154.671,35,154671162705,73000,1
154.671,33,154671162705,73000,1
154.676,38,154673772711,2502412,0
154.681,38,154678912723,2502412,0
154.684,38,154683981735,73000,1
154.692,35,154692035159,73000,1
154.695,39,154692311159,2502412,0
154.697,32,154697389171,73000,1
154.697,38,154697389171,73000,1
154.698,39,154697460171,73000,1
154.698,34,154697540171,73000,1
154.698,33,154697611171,73000,1
154.703,34,154700283177,2502412,0
154.703,39,154702982183,73000,1
154.708,32,154705601189,2502412,0
154.716,34,154713280207,2502412,0
154.718,34,154715827619,2502412,0
154.718,35,154718357625,73000,1
154.721,34,154718437625,2502412,0
154.721,32,154720967631,73000,1
154.726,37,154726116643,73000,1
154.731,37,154728806649,2502412,0
154.734,34,154731345655,2502412,0
154.736,37,154736423667,73000,1
154.736,33,154736423667,73000,1
154.739,32,154736503667,2502412,0
154.752,37,154749484697,2502412,0
154.755,34,154752014703,2502412,0
154.757,34,154757083715,73000,1
154.757,32,154757083715,73000,1
154.762,38,154759764721,2502412,0
154.765,32,154762294727,2502412,0
154.765,39,154764824733,73000,1
154.767,37,154764895733,2502412,0
154.768,34,154767505739,73000,1
154.773,32,154772734751,73000,1
154.775,38,154772805751,2502412,0
154.775,34,154775406757,73000,1
154.778,37,154775477757,2502412,0
154.781,32,154778016763,2502412,0
154.781,37,154780546769,73000,1
154.786,38,154785757781,73000,1
154.786,37,154785757781,73000,1
154.788,32,154785899781,2502412,0
154.791,38,154788438787,2502412,0
154.794,32,154793820799,73000,1
154.794,35,154793891799,73000,1
154.799,38,154796492805,2502412,0
154.802,34,154799049811,2502412,0
154.802,38,154801579817,73000,1
154.802,34,154801650817,73000,1
154.802,37,154801801817,73000,1
154.815,32,154814576847,73000,1
154.817,36,154814665847,2502412,0
154.82,36,154817195259,2502412,0
154.82,36,154819724671,73000,1
154.82,39,154819725265,73000,1
154.82,38,154819796265,73000,1
154.825,34,154822397271,2502412,0
154.833,36,154830005289,2502412,0
154.845,34,154842700319,2502412,0
154.845,34,154845238731,73000,1
154.845,36,154845328325,73000,1
154.853,34,154850826337,2502412,0
154.861,36,154858416355,2502412,0
154.866,36,154866033373,73000,1
154.871,34,154868634379,2502412,0
154.874,34,154871262385,2502412,0
154.876,32,154873792391,2502412,0
154.876,37,154876322397,73000,1
154.881,34,154878941403,2502412,0
154.884,32,154884010415,73000,1
154.884,38,154884010415,73000,1
154.887,34,154884081415,2502412,0
154.897,34,154894762845,2502412,0
154.902,36,154899840857,2502412,0
154.902,36,154902370269,73000,1
154.902,34,154902370863,73000,1
154.905,34,154904971869,73000,1
154.905,39,154904971869,73000,1
154.913,32,154910200881,2502412,0
154.92,36,154920347905,73000,1
154.925,32,154922975911,2502412,0
154.933,34,154930592929,2502412,0
154.936,35,154933122935,2502412,0
154.936,35,154935803941,73000,1
154.936,38,154935803941,73000,1
154.936,32,154935874941,73000,1
154.938,34,154935963941,2502412,0
154.941,34,154941139953,73000,1
154.949,32,154948863971,73000,1
154.949,34,154948863971,73000,1
154.952,35,154951777977,73000,1
154.967,36,154967208013,73000,1
154.97,35,154967439013,2502412,0
154.973,34,154972499025,73000,1
154.983,35,154982833049,73000,1
154.983,32,154982922049,73000,1
154.985,35,154982993049,2502412,0
154.996,35,154996169485,73000,1
155.03,35,155027099557,2502412,0
155.035,35,155032186569,2502412,0
155.045,35,155044952599,73000,1
155.055,34,155052944617,2502412,0
155.066,36,155065603647,73000,1
155.066,34,155065763647,73000,1
155.071,33,155068391653,2502412,0
155.076,35,155073673665,2502412,0
155.081,35,155081352683,73000,1
155.081,33,155081352683,73000,1
155.094,34,155091730707,2502412,0
155.094,35,155094260713,73000,1
155.097,34,155096932719,73000,1
155.1,37,155097012719,2502412,0
155.1,32,155099855725,73000,1
155.105,37,155104986737,73000,1
155.105,33,155104986737,73000,1
155.115,34,155112683755,2502412,0
155.118,37,155117885767,73000,1
155.12,38,155117956767,2502412,0
155.126,35,155123114779,2502412,0
155.131,34,155128245791,2502412,0
155.131,35,155130775797,73000,1
155.131,37,155130775797,73000,1
155.133,34,155133376803,73000,1
155.136,38,155133465803,2502412,0
155.136,33,155136066809,73000,1
155.141,37,155141197821,73000,1
155.141,35,155141277821,73000,1
155.141,34,155141277821,73000,1
155.146,38,155143887827,2502412,0
155.149,34,155146488833,2502412,0
155.149,38,155149098839,73000,1
155.152,35,155149178839,2502412,0
155.152,34,155151726845,73000,1
155.157,35,155157197857,73000,1
155.162,38,155159950863,2502412,0
155.168,38,155167549881,73000,1
155.168,34,155167620881,73000,1
155.168,35,155167620881,73000,1
155.17,39,155167691881,2502412,0
155.18,39,155177971905,2502412,0
155.183,39,155180501317,2502412,0
155.186,33,155183031323,2502412,0
155.191,34,155190630341,73000,1
155.193,39,155193249347,73000,1
155.193,38,155193249347,73000,1
155.201,35,155198380359,2502412,0
155.204,33,155203780371,73000,1
155.206,35,155203860371,2502412,0
155.209,35,155208938383,73000,1
155.214,33,155214078395,73000,1
155.214,39,155214078395,73000,1
155.222,35,155219227407,2502412,0
155.229,35,155226826425,2502412,0
155.229,35,155229355837,73000,1
155.23,39,155229445431,73000,1
155.237,33,155237257449,73000,1
155.243,38,155242495461,73000,1
155.243,35,155242495461,73000,1
155.248,39,155245176467,2502412,0
155.263,39,155260750503,2502412,0
155.268,37,155265810515,2502412,0
155.268,39,155268358521,73000,1
155.271,37,155268456521,2502412,0
155.274,37,155273667533,73000,1
155.274,36,155273667533,73000,1
155.274,39,155273774533,73000,1
155.279,34,155278941545,73000,1
155.282,35,155279039545,2502412,0
155.289,35,155286860563,2502412,0
155.295,37,155292009575,2502412,0
155.297,35,155297167587,73000,1
155.3,37,155297318587,2502412,0
155.308,35,155305248011,2502412,0
155.313,33,155310317023,2502412,0
155.32,37,155317907041,2502412,0
155.325,33,155322994053,2502412,0
155.326,37,155325533059,73000,1
155.331,35,155328134065,2502412,0
155.333,37,155330664071,2502412,0
155.333,32,155333194077,73000,1
155.336,33,155335813083,73000,1
155.336,39,155335813083,73000,1
155.336,35,155335964083,73000,1
155.339,33,155336053083,2502412,0
155.341,37,155341202095,73000,1
155.341,35,155341282095,73000,1
155.341,38,155341362095,73000,1
155.344,33,155341522095,2502412,0
155.355,33,155352042119,2502412,0
155.365,33,155365137015,73000,1
155.365,37,155365137015,73000,1
155.37,34,155370295027,73000,1
155.373,33,155370366027,2502412,0
155.378,33,155375444039,2502412,0
155.381,32,155380513051,73000,1
155.381,37,155380602051,73000,1
155.383,33,155383283057,73000,1
155.386,39,155383372057,2502412,0
155.393,35,155390962075,2502412,0
155.396,36,155393492081,2502412,0
155.399,39,155396022087,2502412,0
155.399,36,155398552093,73000,1
155.401,39,155401224099,73000,1
155.407,33,155406809517,73000,1
155.407,35,155406889517,73000,1
155.407,35,155407031517,73000,1
155.412,36,155412242529,73000,1
155.412,36,155412384529,73000,1
155.428,39,155425301559,2502412,0
155.433,39,155432945577,73000,1
155.436,37,155433016577,2502412,0
155.448,37,155445702607,2502412,0
155.453,33,155450789619,2502412,0
155.456,33,155453319031,2502412,0
155.466,35,155463779055,2502412,0
155.466,33,155466309061,73000,1
155.466,37,155466309061,73000,1
155.466,39,155466309061,73000,1
155.466,32,155466389061,73000,1
155.472,33,155471645073,73000,1
155.472,35,155471645073,73000,1
155.477,39,155476874085,73000,1
155.49,37,155487145109,2502412,0
155.495,39,155492223121,2502412,0
155.497,37,155494824127,2502412,0
155.5,37,155497353539,2502412,0
155.505,36,155502431551,2502412,0
155.508,39,155507874969,73000,1
155.508,38,155507874969,73000,1
155.51,33,155507945969,2502412,0
155.516,33,155513023981,2502412,0
155.518,35,155515553987,2502412,0
155.521,37,155520613999,73000,1
155.521,35,155520711999,73000,1
155.521,39,155520711999,73000,1
155.523,36,155520782999,2502412,0
155.526,36,155523312411,2502412,0
155.533,33,155530938429,2502412,0
155.539,36,155538537447,73000,1
155.544,37,155543775459,73000,1
155.546,33,155543846459,2502412,0
155.547,33,155546447465,73000,1
155.552,36,155549057471,2502412,0
155.554,35,155551667477,2502412,0
155.557,33,155554197483,2502412,0
155.564,33,155561938501,2502412,0
155.565,36,155564851913,73000,1
155.57,35,155567550919,2502412,0
155.58,35,155580227949,73000,1
155.58,33,155580227949,73000,1
155.585,39,155582855955,2502412,0
155.588,39,155585385367,2502412,0
155.588,33,155587915373,73000,1
155.588,37,155587915373,73000,1
155.591,36,155590570379,73000,1
155.593,37,155590641379,2502412,0
155.596,39,155595781391,73000,1
155.601,35,155600921403,73000,1
155.606,36,155603540409,2502412,0
155.609,37,155608600421,73000,1
155.611,36,155608671421,2502412,0
155.614,37,155611523427,2502412,0
155.624,39,155621679451,2502412,0
155.629,37,155626757463,2502412,0
155.629,36,155629287469,73000,1
155.629,32,155629287469,73000,1
155.63,39,155629438469,73000,1
155.632,32,155632048475,73000,1
155.632,36,155632199475,73000,1
155.632,33,155632199475,73000,1
155.635,37,155632341475,2502412,0
155.65,37,155650185517,73000,1
155.65,39,155650185517,73000,1
155.653,32,155652902523,73000,1
155.658,35,155658113535,73000,1
155.661,37,155660839541,73000,1
155.677,39,155674007571,2502412,0
155.679,39,155676536983,2502412,0
155.684,36,155681605995,2502412,0
155.687,39,155684154001,2502412,0
155.689,39,155689214013,73000,1
155.694,32,155691833019,2502412,0
155.697,37,155694363025,2502412,0
155.697,36,155696893031,73000,1
155.71,37,155707129055,2502412,0
155.71,32,155709659061,73000,1
155.713,33,155712590473,73000,1
155.713,39,155712741473,73000,1
155.715,37,155712892473,2502412,0
155.716,39,155715449479,73000,1
155.718,36,155718068485,73000,1
155.721,34,155720696491,73000,1
155.726,37,155723297497,2502412,0
155.731,37,155730887515,73000,1
155.731,32,155730887515,73000,1
155.749,32,155748811557,73000,1
155.749,35,155748882557,73000,1
155.769,37,155766717599,2502412,0
155.772,39,155772207009,73000,1
155.772,37,155772278009,73000,1
155.775,36,155775030015,73000,1
155.775,37,155775208015,73000,1
155.775,38,155775368015,73000,1
155.791,37,155788632045,2502412,0
155.796,37,155796231063,73000,1
155.801,39,155798930069,2502412,0
155.804,39,155801468481,2502412,0
155.807,39,155804015893,2502412,0
155.807,39,155806554305,73000,1
155.807,32,155806554899,73000,1
155.814,35,155811845911,2502412,0
155.82,37,155817316923,2502412,0
155.822,35,155822394935,73000,1
155.83,37,155830144953,73000,1
155.83,39,155830224953,73000,1
155.846,37,155843025983,2502412,0
155.848,36,155848227995,73000,1
155.851,37,155850936001,73000,1
155.851,35,155850936001,73000,1
155.854,37,155853689007,73000,1
155.856,38,155853760007,2502412,0
155.861,38,155858927019,2502412,0
155.864,38,155861555025,2502412,0
155.872,35,155869225043,2502412,0
155.875,38,155874819461,73000,1
155.875,39,155874819461,73000,1
155.877,37,155877420467,73000,1
155.888,35,155885241485,2502412,0
155.895,35,155892849503,2502412,0
155.896,35,155895450509,73000,1
155.901,33,155900679521,73000,1
155.901,32,155900679521,73000,1
155.901,38,155900679521,73000,1
155.903,35,155903280527,73000,1
155.914,39,155911048545,2502412,0
155.921,38,155918950969,2502412,0
155.929,39,155926549987,2502412,0
155.932,38,155929079993,2502412,0
155.937,38,155934149005,2502412,0
155.944,39,155941757023,2502412,0
155.944,38,155944287029,73000,1
155.944,39,155944358029,73000,1
155.947,38,155944429029,2502412,0
155.95,38,155949569041,73000,1
155.955,33,155952179047,2502412,0
155.957,38,155957373059,73000,1
155.963,33,155962531071,73000,1
155.963,37,155962531071,73000,1
155.968,39,155967671083,73000,1
155.97,33,155970299089,73000,1
155.975,35,155972918095,2502412,0
155.976,38,155975769507,73000,1
155.976,37,155975849507,73000,1
155.979,35,155978566513,73000,1
155.989,35,155988829537,73000,1
155.997,35,155996650555,73000,1
155.999,33,155999251561,73000,1
156.012,39,156012070591,73000,1
156.046,38,156045772075,73000,1
156.059,39,156056159099,2502412,0
156.061,39,156058688511,2502412,0
156.061,39,156061217923,73000,1
156.069,38,156066385529,2502412,0
156.074,38,156073975547,73000,1
156.074,32,156073975547,73000,1
156.082,39,156079490559,2502412,0
156.085,39,156082019971,2502412,0
156.085,36,156084549977,73000,1
156.087,39,156084620977,2502412,0
156.09,39,156087168389,2502412,0
156.095,38,156094847407,73000,1
156.098,39,156097466413,73000,1
156.11,33,156110223443,73000,1
156.115,39,156112975449,2502412,0
156.121,39,156118044461,2502412,0
156.123,33,156120610467,2502412,0
156.124,39,156123453473,73000,1
156.124,35,156123453473,73000,1
156.134,38,156131168491,2502412,0
156.139,33,156136308503,2502412,0
156.144,33,156144032521,73000,1
156.144,38,156144103521,73000,1
156.144,39,156144174521,73000,1
156.165,38,156164663569,73000,1
156.165,39,156164663569,73000,1
156.173,33,156172493587,73000,1
156.194,33,156191015629,2502412,0
156.194,37,156193545635,73000,1
156.206,33,156203950659,2502412,0
156.209,39,156209010671,73000,1
156.214,33,156214239683,73000,1
156.217,38,156214319683,2502412,0
156.217,38,156217125689,73000,1
156.228,33,156227771119,73000,1
156.23,36,156230390125,73000,1
156.233,38,156233036131,73000,1
156.272,33,156269177215,2502412,0
156.285,38,156284706251,73000,1
156.287,33,156287325257,73000,1
156.298,33,156297943281,73000,1
156.345,35,156342350789,2502412,0
156.345,35,156344880201,73000,1
156.345,38,156344951795,73000,1
156.345,33,156345022795,73000,1
156.351,35,156350651807,73000,1
156.384,39,156381261879,2502412,0
156.389,35,156386643297,2502412,0
156.394,35,156391712309,2502412,0
156.397,38,156394251315,2502412,0
156.397,38,156396780727,73000,1
156.397,35,156396781321,73000,1
156.397,39,156396861321,73000,1
156.397,33,156396861321,73000,1
156.407,39,156407363345,73000,1
156.407,35,156407363345,73000,1
156.413,38,156412583357,73000,1
156.415,35,156412654357,2502412,0
156.415,35,156415264363,73000,1
156.415,38,156415353363,73000,1
156.431,33,156431094805,73000,1
156.434,35,156431174805,2502412,0
156.446,35,156443887835,2502412,0
156.452,35,156451664853,73000,1
156.462,39,156461864877,73000,1
156.462,36,156461971877,73000,1
156.462,35,156462113877,73000,1
156.467,38,156464865883,2502412,0
156.478,38,156477746913,73000,1
156.478,34,156477746913,73000,1
156.481,39,156480436919,73000,1
156.481,38,156480436919,73000,1
156.512,38,156509043985,2502412,0
156.514,35,156511653991,2502412,0
156.517,38,156516732003,73000,1
156.527,35,156527163027,73000,1
156.53,38,156529773033,73000,1
156.535,35,156535296451,73000,1
156.559,38,156556124499,2502412,0
156.566,38,156563945517,2502412,0
156.567,35,156566475523,73000,1
156.569,38,156566546523,2502412,0
156.572,38,156569075935,2502412,0
156.574,38,156574224947,73000,1
156.587,38,156587070977,73000,1
156.593,34,156590055983,2502412,0
156.595,39,156595293995,73000,1
156.598,36,156597922001,73000,1
156.598,34,156597993001,73000,1
156.611,36,156610803031,73000,1
156.613,38,156610892031,2502412,0
156.621,38,156621155055,73000,1
156.629,34,156628834073,73000,1
156.639,35,156636932497,2502412,0
156.64,36,156639462503,73000,1
156.645,38,156644602515,73000,1
156.647,35,156647390521,73000,1
156.648,39,156647461521,73000,1
156.663,35,156663121557,73000,1
156.681,38,156681071599,73000,1
156.681,34,156681160599,73000,1
156.687,36,156686496611,73000,1
156.687,35,156686496611,73000,1
156.697,32,156697320635,73000,1
156.733,33,156730709713,2502412,0
156.736,33,156733239125,2502412,0
156.744,36,156741178143,2502412,0
156.749,33,156748839161,73000,1
156.749,36,156748910161,73000,1
156.749,38,156748910161,73000,1
156.751,35,156748981161,2502412,0
156.757,35,156756651179,73000,1
156.762,33,156761871191,73000,1
156.762,35,156761942191,73000,1
156.762,33,156762022191,73000,1
156.77,36,156767224203,2502412,0
156.77,34,156769781209,73000,1
156.783,36,156780159233,2502412,0
156.783,36,156782706645,73000,1
156.788,35,156787865251,73000,1
156.811,36,156808534299,2502412,0
156.827,36,156826502341,73000,1
156.827,34,156826591341,73000,1
156.835,33,156834662359,73000,1
156.837,36,156834742359,2502412,0
156.843,34,156842813783,73000,1
156.848,36,156845512789,2502412,0
156.861,36,156858260819,2502412,0
156.871,36,156868620843,2502412,0
156.876,36,156873689855,2502412,0
156.899,36,156896932909,2502412,0
156.912,36,156912317945,73000,1
156.912,38,156912415945,73000,1
156.918,35,156915016951,2502412,0
156.923,35,156920076963,2502412,0
156.928,35,156925145975,2502412,0
156.938,35,156937921005,73000,1
156.943,35,156943391423,73000,1
156.946,36,156943471423,2502412,0
156.959,36,156958749459,73000,1
156.982,36,156982053513,73000,1
156.992,35,156992378537,73000,1
157.003,39,157000379555,2502412,0
157.011,36,157010517579,73000,1
157.023,39,157020815603,2502412,0
157.036,37,157036040639,73000,1
157.039,39,157038721645,73000,1
157.049,35,157049394075,73000,1
157.049,39,157049394075,73000,1
157.05,39,157049536075,73000,1
157.058,33,157057562093,73000,1
157.112,36,157109304213,2502412,0
157.117,36,157117001231,73000,1
157.135,36,157135067273,73000,1
157.148,36,157145677703,2502412,0
157.159,36,157158665733,73000,1
157.159,39,157158736733,73000,1
157.18,36,157179518781,73000,1
157.18,39,157179518781,73000,1
157.19,36,157187393799,2502412,0
157.197,36,157194983817,2502412,0
157.211,36,157208151847,2502412,0
157.213,36,157213256859,73000,1
157.216,36,157215928865,73000,1
157.226,38,157223678883,2502412,0
157.237,38,157236675913,73000,1
157.242,35,157241913925,73000,1
157.255,38,157255187361,73000,1
157.255,36,157255356361,73000,1
157.284,38,157281350421,2502412,0
157.287,38,157286428433,73000,1
157.299,38,157299247463,73000,1
157.305,38,157304485475,73000,1
157.318,36,157318088505,73000,1
157.354,33,157354159995,73000,1
157.362,32,157359602007,2502412,0
157.365,32,157362131419,2502412,0
157.365,38,157364670425,73000,1
157.375,32,157375048449,73000,1
157.375,36,157375048449,73000,1
157.391,32,157390744485,73000,1
157.404,32,157401176509,2502412,0
157.412,32,157409221527,2502412,0
157.417,36,157416909545,73000,1
157.42,32,157419519551,73000,1
157.432,32,157429995575,2502412,0
157.45,39,157447901617,2502412,0
157.451,32,157450431623,73000,1
157.459,39,157456017041,2502412,0
157.461,36,157461166053,73000,1
157.471,39,157468978071,2502412,0
157.472,32,157471517077,73000,1
157.472,39,157471606077,73000,1
157.479,32,157476746089,2502412,0
157.495,32,157494643131,73000,1
157.503,39,157502447149,73000,1
157.503,33,157502527149,73000,1
157.511,32,157510599167,73000,1
157.523,38,157520870191,2502412,0
157.534,38,157531115215,2502412,0
157.562,38,157561823693,73000,1
157.562,39,157561823693,73000,1
157.564,32,157561894693,2502412,0
157.567,35,157564504699,2502412,0
157.577,32,157574695723,2502412,0
157.58,32,157577225135,2502412,0
157.58,38,157579755141,73000,1
157.583,35,157580004141,2502412,0
157.583,32,157582534147,73000,1
157.593,35,157590382165,2502412,0
157.593,32,157592992171,73000,1
157.601,35,157598150183,2502412,0
157.608,35,157605758201,2502412,0
157.621,35,157618730231,2502412,0
157.624,38,157621331237,2502412,0
157.629,38,157626400249,2502412,0
157.631,35,157628930255,2502412,0
157.632,35,157631540261,73000,1
157.632,38,157631540261,73000,1
157.637,35,157636689273,73000,1
157.642,32,157641838285,73000,1
157.642,38,157641838285,73000,1
157.65,37,157649553303,73000,1
157.652,37,157652172309,73000,1
157.652,35,157652252309,73000,1
157.652,39,157652323309,73000,1
157.663,38,157660528733,2502412,0
157.671,33,157668118751,2502412,0
157.673,33,157673187763,73000,1
157.681,38,157680875781,73000,1
157.681,37,157680875781,73000,1
157.686,35,157686024793,73000,1
157.686,33,157686140793,73000,1
157.686,38,157686220793,73000,1
157.707,34,157704046835,2502412,0
157.722,34,157719735871,2502412,0
157.725,37,157724795883,73000,1
157.733,33,157730024895,2502412,0
157.735,34,157735093907,73000,1
157.735,33,157735244907,73000,1
157.743,38,157742941925,73000,1
157.751,34,157750771943,73000,1
157.751,32,157750771943,73000,1
157.751,39,157750771943,73000,1
157.772,33,157771449397,73000,1
157.774,37,157771520397,2502412,0
157.787,37,157786843433,73000,1
157.802,35,157799671463,2502412,0
157.802,35,157802361469,73000,1
157.805,34,157804980475,73000,1
157.808,35,157807670481,73000,1
157.808,37,157807750481,73000,1
157.813,33,157810387487,2502412,0
157.818,33,157818370505,73000,1
157.854,33,157854156589,73000,1
157.857,35,157854236589,2502412,0
157.857,38,157856784595,73000,1
157.857,37,157856855595,73000,1
157.859,35,157856926595,2502412,0
157.86,37,157859527601,73000,1
157.865,35,157864998019,73000,1
157.886,32,157885461067,73000,1
157.893,35,157890770079,2502412,0
157.898,35,157895937091,2502412,0
157.911,35,157911295127,73000,1
157.911,33,157911384127,73000,1
157.912,34,157911455127,73000,1
157.922,35,157922199151,73000,1
157.925,33,157922270151,2502412,0
157.932,36,157929931169,2502412,0
157.933,33,157932577175,73000,1
157.935,36,157935285181,73000,1
157.938,33,157937886187,73000,1
157.946,32,157945725205,73000,1
157.946,36,157945725205,73000,1
157.951,33,157948433211,2502412,0
157.951,33,157950962623,73000,1
157.972,35,157969119665,2502412,0
157.977,33,157976718683,73000,1
157.979,36,157976807683,2502412,0
157.982,35,157979337689,2502412,0
157.984,36,157981867695,2502412,0
157.985,36,157984477701,73000,1
157.987,35,157984619701,2502412,0
157.99,37,157989759713,73000,1
157.99,32,157989830713,73000,1
157.99,35,157989910713,73000,1
157.995,36,157995112725,73000,1
157.998,38,157997713731,73000,1
158.018,35,158018424779,73000,1
158.026,33,158023877791,2502412,0
158.039,33,158036554821,2502412,0
158.042,36,158039093827,2502412,0
158.044,33,158041632833,2502412,0
158.052,36,158051797857,73000,1
158.052,35,158051868857,73000,1
158.057,33,158057008869,73000,1
158.062,34,158062228881,73000,1
158.073,33,158070247305,2502412,0
158.073,33,158072776717,73000,1
158.081,35,158080483329,73000,1
158.081,36,158080634329,73000,1
158.088,33,158088358347,73000,1
158.104,33,158103717383,73000,1
158.109,35,158106327389,2502412,0
158.112,35,158111654401,73000,1
158.127,36,158124411431,2502412,0
158.127,39,158127262843,73000,1
158.13,35,158129872849,73000,1
158.13,35,158130023849,73000,1
158.13,36,158130112849,73000,1
158.156,35,158153069903,2502412,0
158.156,35,158155599315,73000,1
158.163,38,158163287927,73000,1
158.169,36,158166199933,2502412,0
158.177,35,158174209357,2502412,0
158.182,36,158181879375,73000,1
158.192,35,158192239399,73000,1
158.195,36,158192337399,2502412,0
158.208,35,158205236429,2502412,0
158.208,36,158207793435,73000,1
158.218,36,158215534453,2502412,0
158.223,33,158220603465,2502412,0
158.223,33,158223204471,73000,1
158.223,36,158223204471,73000,1
158.223,35,158223204471,73000,1
158.226,34,158223346471,2502412,0
158.228,36,158225876477,2502412,0
158.234,34,158231337895,2502412,0
158.241,33,158238927913,2502412,0
158.246,35,158243996925,2502412,0
158.252,36,158251586943,73000,1
158.254,34,158254205949,73000,1
158.257,35,158254285949,2502412,0
158.259,35,158259425961,73000,1
158.259,33,158259425961,73000,1
158.273,36,158272637397,73000,1
158.273,35,158272735397,73000,1
158.278,33,158275407403,2502412,0
158.278,34,158277937409,73000,1
158.278,33,158278017409,73000,1
158.298,35,158295906451,2502412,0
158.311,33,158308574481,2502412,0
158.311,35,158311104487,73000,1
158.314,36,158311273487,2502412,0
158.319,36,158316342499,2502412,0
158.319,33,158318979505,73000,1
158.322,36,158319050505,2502412,0
158.33,35,158329785529,73000,1
158.332,36,158329927529,2502412,0
158.333,34,158332457535,73000,1
158.335,33,158335138541,73000,1
158.34,36,158340269553,73000,1
158.353,35,158350647577,2502412,0
158.361,36,158360812601,73000,1
158.361,35,158360910601,73000,1
158.371,34,158371182625,73000,1
158.382,35,158381722055,73000,1
158.387,37,158384492061,2502412,0
158.392,33,158389561073,2502412,0
158.4,36,158399859097,73000,1
158.4,35,158399930097,73000,1
158.403,37,158400001097,2502412,0
158.405,33,158405061109,73000,1
158.41,37,158410415121,73000,1
158.413,33,158413096127,73000,1
158.421,37,158421122145,73000,1
158.426,33,158426422157,73000,1
158.434,36,158431633169,2502412,0
158.437,33,158437005587,73000,1
158.44,36,158439615593,73000,1
158.445,36,158442243599,2502412,0
158.445,36,158444773011,73000,1
158.45,36,158447490611,2502412,0
158.453,36,158452657623,73000,1
158.466,36,158465538653,73000,1
158.468,34,158468139659,73000,1
158.471,37,158471042665,73000,1
158.474,36,158471193665,2502412,0
158.477,35,158476717083,73000,1
158.477,38,158476788083,73000,1
158.485,36,158484547101,73000,1
158.495,39,158492386119,2502412,0
158.5,39,158497606131,2502412,0
158.515,39,158515405173,73000,1
158.516,36,158515503173,73000,1
158.528,36,158528358203,73000,1
158.531,39,158531075209,73000,1
158.534,33,158531146209,2502412,0
158.539,33,158536617221,2502412,0
158.539,33,158539146633,73000,1
158.542,39,158539316227,2502412,0
158.544,37,158541873233,2502412,0
158.544,37,158544411645,73000,1
158.55,33,158549552251,73000,1
158.557,39,158557222269,73000,1
158.578,37,158577978317,73000,1
158.578,39,158578209317,73000,1
158.578,33,158578307317,73000,1
158.581,36,158578378317,2502412,0
158.589,36,158588927341,73000,1
158.597,39,158594147353,2502412,0
158.599,39,158596685765,2502412,0
158.599,36,158599224771,73000,1
158.61,39,158609655795,73000,1
158.612,36,158612283801,73000,1
158.633,37,158630287843,2502412,0
158.643,37,158640809867,2502412,0
158.646,39,158643339873,2502412,0
158.653,39,158650938891,2502412,0
158.659,39,158655998903,2502412,0
158.661,39,158661085915,73000,1
158.661,37,158661085915,73000,1
158.685,32,158684693375,73000,1
158.685,39,158684693375,73000,1
158.687,37,158687294381,73000,1
158.695,32,158692683393,2502412,0
158.698,33,158695213399,2502412,0
158.7,35,158697743405,2502412,0
158.705,32,158702803417,2502412,0
158.71,33,158707899429,2502412,0
158.711,35,158710429435,73000,1
158.713,33,158713057441,73000,1
158.718,32,158715667447,2502412,0
158.728,39,158728317477,73000,1
158.728,37,158728317477,73000,1
158.731,37,158730918483,73000,1
158.733,39,158730989483,2502412,0
158.734,39,158733518895,73000,1
158.736,32,158733661489,2502412,0
158.741,36,158738730501,2502412,0
158.742,35,158741590913,73000,1
158.742,32,158741661913,73000,1
158.744,33,158744262919,73000,1
158.752,36,158751950937,73000,1
158.757,39,158754551943,2502412,0
158.76,39,158759691955,73000,1
158.76,36,158759691955,73000,1
158.76,32,158759771955,73000,1
158.767,33,158764902967,2502412,0
158.775,33,158772519985,2502412,0
158.775,37,158775049991,73000,1
158.778,33,158775129991,2502412,0
158.778,35,158777695997,73000,1
158.778,33,158777837997,73000,1
158.78,39,158777917997,2502412,0
158.783,39,158780456409,2502412,0
158.788,34,158788367833,73000,1
158.796,36,158793525845,2502412,0
158.801,39,158801115863,73000,1
158.801,33,158801115863,73000,1
158.811,36,158808794881,2502412,0
158.811,39,158811342887,73000,1
158.814,33,158814041893,73000,1
158.819,32,158816642899,2502412,0
158.827,36,158824232917,2502412,0
158.832,32,158829408929,2502412,0
158.837,32,158834566941,2502412,0
158.837,36,158837105947,73000,1
158.837,39,158837105947,73000,1
158.84,32,158837176947,2502412,0
158.85,35,158847636971,2502412,0
158.85,35,158850184383,73000,1
158.85,32,158850184977,73000,1
158.855,32,158855413989,73000,1
158.868,36,158865801013,2502412,0
158.871,33,158870861025,73000,1
158.871,32,158870861025,73000,1
158.871,35,158870932025,73000,1
158.874,36,158873667031,73000,1
158.897,36,158894540485,2502412,0
158.907,36,158904669509,2502412,0
158.915,32,158912419527,2502412,0
158.915,36,158914985533,73000,1
158.915,32,158915056533,73000,1
158.923,32,158922744551,73000,1
158.93,35,158927875563,2502412,0
158.931,39,158930476569,73000,1
158.938,36,158938315587,73000,1
158.941,35,158938395587,2502412,0
158.956,35,158953968623,2502412,0
158.962,35,158961594641,73000,1
158.977,32,158974369671,2502412,0
158.984,36,158981959689,2502412,0
158.985,32,158984498695,73000,1
158.99,36,158989978113,73000,1
158.993,36,158992579119,73000,1
158.993,32,158992579119,73000,1
158.993,35,158992668119,73000,1
158.998,36,158995287125,2502412,0
159,36,158997888131,2502412,0
159.006,33,159005478149,73000,1
159.013,36,159013264167,73000,1
159.021,36,159018404179,2502412,0
159.029,36,159026039197,2502412,0
159.036,36,159033700215,2502412,0
159.046,32,159043856239,2502412,0
159.047,36,159046698651,73000,1
159.049,32,159049406657,73000,1
159.055,39,159052087663,2502412,0
159.057,39,159054626075,2502412,0
159.06,39,159057227081,2502412,0
159.062,35,159059757087,2502412,0
159.065,32,159064826099,73000,1
159.07,35,159067498105,2502412,0
159.078,39,159075115123,2502412,0
159.083,36,159082714141,73000,1
159.088,32,159085315147,2502412,0
159.093,35,159090446159,2502412,0
159.096,32,159093289165,2502412,0
159.101,39,159098358177,2502412,0
159.104,32,159103427189,73000,1
159.106,35,159103525189,2502412,0
159.111,39,159111204207,73000,1
159.116,35,159113832213,2502412,0
159.129,35,159129039249,73000,1
159.137,35,159136736267,73000,1
159.137,32,159136807267,73000,1
159.137,39,159136887267,73000,1
159.142,32,159142045279,73000,1
159.147,36,159144655285,2502412,0
159.15,36,159150046297,73000,1
159.15,39,159150046297,73000,1
159.153,32,159150375297,2502412,0
159.158,36,159155444309,2502412,0
159.158,32,159157974315,73000,1
159.166,35,159163123327,2502412,0
159.168,32,159165680333,2502412,0
159.168,36,159168219339,73000,1
159.171,32,159170998345,73000,1
159.171,37,159170998345,73000,1
159.171,35,159171069345,73000,1
159.181,36,159178828363,2502412,0
159.186,36,159183888375,2502412,0
159.189,36,159186569381,2502412,0
159.192,34,159189206387,2502412,0
159.197,34,159197206811,73000,1
159.197,36,159197206811,73000,1
159.2,35,159197304811,2502412,0
159.202,32,159199834817,2502412,0
159.202,34,159202382823,73000,1
159.203,32,159202453823,73000,1
159.203,35,159202524823,73000,1
159.215,36,159212742847,2502412,0
159.218,36,159215272259,2502412,0
159.218,36,159217837671,73000,1
159.223,32,159222969277,73000,1
159.228,36,159225659283,2502412,0
159.241,39,159240990319,73000,1
159.241,35,159241070319,73000,1
159.244,36,159243689325,73000,1
159.246,34,159243760325,2502412,0
159.246,36,159246379331,73000,1
159.259,34,159256963355,2502412,0
159.272,34,159272179391,73000,1
159.29,32,159290121433,73000,1
159.29,39,159290121433,73000,1
159.303,35,159300642863,2502412,0
159.303,35,159303190275,73000,1
159.303,34,159303270869,73000,1
159.306,36,159303359869,2502412,0
159.308,34,159305960875,2502412,0
159.311,34,159308490287,2502412,0
159.321,35,159321167317,73000,1
159.324,36,159321318317,2502412,0
159.326,34,159323875323,2502412,0
159.326,39,159326414329,73000,1
159.332,35,159331634341,73000,1
159.332,34,159331705341,73000,1
159.332,36,159331785341,73000,1
159.345,33,159342110365,2502412,0
159.35,38,159347197377,2502412,0
159.363,34,159360169407,2502412,0
159.365,38,159362699413,2502412,0
159.365,36,159365229419,73000,1
159.368,33,159365309419,2502412,0
159.368,38,159367848425,73000,1
159.368,32,159367919425,73000,1
159.368,34,159367990425,73000,1
159.371,38,159368061425,2502412,0
159.381,33,159378181449,2502412,0
159.383,33,159380809455,2502412,0
159.386,34,159385878467,73000,1
159.389,38,159386020467,2502412,0
159.391,33,159388559473,2502412,0
159.394,38,159393708485,73000,1
159.399,36,159396398491,2502412,0
159.399,33,159399250497,73000,1
159.402,35,159399472497,2502412,0
159.402,36,159402002503,73000,1
159.405,33,159402082503,2502412,0
159.405,35,159404612509,73000,1
159.412,33,159412371527,73000,1
159.415,35,159412442527,2502412,0
159.417,38,159414972533,2502412,0
159.42,35,159420130545,73000,1
159.42,33,159420130545,73000,1
159.425,34,159422731551,2502412,0
159.43,33,159427791563,2502412,0
159.44,38,159437911587,2502412,0
159.448,38,159445510605,2502412,0
159.453,36,159450570617,2502412,0
159.456,36,159453109029,2502412,0
159.456,34,159455970003,73000,1
159.456,35,159455970003,73000,1
159.461,33,159458571009,2502412,0
159.461,38,159461101015,73000,1
159.461,36,159461181015,73000,1
159.466,33,159463791021,2502412,0
159.482,36,159478998057,2502412,0
159.482,36,159481527469,73000,1
159.482,33,159481528063,73000,1
159.484,34,159484156069,73000,1
159.484,38,159484227069,73000,1
159.487,35,159486935075,73000,1
159.5,34,159497233099,2502412,0
159.503,36,159502712517,73000,1
159.503,33,159502783517,73000,1
159.505,36,159505393523,73000,1
159.508,38,159505464523,2502412,0
159.508,34,159507994529,73000,1
159.511,38,159508092529,2502412,0
159.513,32,159510622535,2502412,0
159.518,34,159515682547,2502412,0
159.528,38,159525829571,2502412,0
159.531,34,159528359577,2502412,0
159.533,33,159530898583,2502412,0
159.536,38,159535976595,73000,1
159.536,32,159535976595,73000,1
159.541,32,159538613601,2502412,0
159.541,34,159541143607,73000,1
159.541,35,159541143607,73000,1
159.544,33,159541214607,2502412,0
159.546,32,159546354619,73000,1
159.549,34,159546434619,2502412,0
159.549,34,159548964031,73000,1
159.554,33,159551601631,2502412,0
159.554,33,159554220637,73000,1
159.557,38,159554398637,2502412,0
159.56,32,159559771649,73000,1
159.568,38,159567610667,73000,1
159.568,33,159567681667,73000,1
159.568,34,159567752667,73000,1
159.573,34,159570549673,2502412,0
159.583,34,159580847697,2502412,0
159.586,38,159585925709,73000,1
159.589,34,159588562715,73000,1
159.591,32,159588633715,2502412,0
159.599,34,159598789739,73000,1
159.599,33,159598887739,73000,1
159.604,32,159601497745,2502412,0
159.607,32,159604349751,2502412,0
159.615,32,159614532775,73000,1
159.615,36,159614532775,73000,1
159.622,38,159619663787,2502412,0
159.633,38,159630094811,2502412,0
159.635,38,159635270823,73000,1
159.641,32,159640623835,73000,1
159.643,34,159643313841,73000,1
159.659,38,159656186871,2502412,0
159.672,34,159671786907,73000,1
159.677,37,159674396913,2502412,0
159.682,38,159679456925,2502412,0
159.684,38,159681986337,2502412,0
159.692,38,159689656355,2502412,0
159.697,37,159694796367,2502412,0
159.703,38,159702502385,73000,1
159.703,33,159702502385,73000,1
159.708,37,159705442797,2502412,0
159.713,32,159710582809,2502412,0
159.713,32,159713112221,73000,1
159.723,37,159720844833,2502412,0
159.726,32,159723383839,2502412,0
159.726,32,159725913251,73000,1
159.729,38,159728523851,73000,1
159.731,37,159731142857,73000,1
159.742,32,159739070875,2502412,0
159.742,34,159741627881,73000,1
159.744,32,159744371887,73000,1
159.744,37,159744371887,73000,1
159.745,35,159744478887,73000,1
159.758,38,159757528917,73000,1
159.758,32,159757528917,73000,1
159.768,36,159765725941,2502412,0
159.771,36,159768264353,2502412,0
159.771,37,159770812359,73000,1
159.791,36,159788682401,2502412,0
159.802,36,159801466431,73000,1
159.812,37,159812005861,73000,1
159.812,32,159812165861,73000,1
159.828,32,159827683897,73000,1
159.83,36,159827905897,2502412,0
159.841,36,159840804927,73000,1
159.862,33,159861436975,73000,1
159.869,36,159869419993,73000,1
159.877,38,159874596005,2502412,0
159.882,38,159879825017,2502412,0
159.892,36,159889972041,2502412,0
159.9,38,159897571059,2502412,0
159.908,36,159907940083,73000,1
159.908,38,159908020083,73000,1
159.919,36,159918755513,73000,1
159.924,38,159921525519,2502412,0
159.935,38,159934504549,73000,1
159.94,36,159937105555,2502412,0
159.945,36,159944775573,73000,1
159.948,38,159947474579,73000,1
159.958,38,159957905603,73000,1
159.958,37,159957905603,73000,1
159.966,36,159965780621,73000,1
159.966,38,159965851621,73000,1
160.018,36,160017879147,73000,1
160.031,32,160028452171,2502412,0
160.036,32,160033743183,2502412,0
160.042,33,160041511201,73000,1
160.044,36,160044183207,73000,1
160.047,32,160044254207,2502412,0
160.057,32,160057011237,73000,1
160.062,39,160059630243,2502412,0
160.072,34,160069768267,2502412,0
160.073,34,160072610679,73000,1
160.078,39,160075327685,2502412,0
160.088,34,160085669709,2502412,0
160.091,32,160090889721,73000,1
160.091,34,160091031721,73000,1
160.091,39,160091031721,73000,1
160.094,34,160091173721,2502412,0
160.096,32,160096242733,73000,1
160.099,34,160096464733,2502412,0
160.104,39,160101827745,2502412,0
160.104,34,160104357751,73000,1
160.115,34,160112027769,2502412,0
160.123,39,160120010193,2502412,0
160.123,34,160122558199,73000,1
160.13,39,160127698211,2502412,0
160.14,39,160137872235,2502412,0
160.141,36,160140482241,73000,1
160.143,39,160140553241,2502412,0
160.146,39,160143091653,2502412,0
160.151,34,160150752671,73000,1
160.151,39,160150823671,73000,1
160.156,39,160156247683,73000,1
160.159,34,160159204689,73000,1
160.177,35,160174937725,2502412,0
160.183,35,160179997737,2502412,0
160.188,38,160185075749,2502412,0
160.188,35,160187605755,73000,1
160.19,38,160187819755,2502412,0
160.198,38,160195409773,2502412,0
160.2,35,160197939779,2502412,0
160.208,38,160205547797,2502412,0
160.216,32,160213164815,2502412,0
160.221,35,160221147239,73000,1
160.224,38,160221218239,2502412,0
160.226,39,160223757245,2502412,0
160.229,39,160226295657,2502412,0
160.229,32,160228914663,73000,1
160.229,38,160229074663,73000,1
160.229,35,160229074663,73000,1
160.239,39,160236877681,2502412,0
160.242,38,160242017693,73000,1
160.255,39,160252386717,2502412,0
160.257,35,160254916723,2502412,0
160.26,32,160257446729,2502412,0
160.262,35,160259976735,2502412,0
160.265,39,160265178747,73000,1
160.268,35,160265338747,2502412,0
160.27,32,160267868753,2502412,0
160.275,32,160272946765,2502412,0
160.276,32,160275789177,73000,1
160.276,35,160275789177,73000,1
160.276,39,160275940177,73000,1
160.281,35,160278541183,2502412,0
160.284,38,160281080189,2502412,0
160.286,39,160283708195,2502412,0
160.286,38,160286274201,73000,1
160.286,35,160286274201,73000,1
160.289,35,160288955207,73000,1
160.294,39,160294095219,73000,1
160.294,34,160294095219,73000,1
160.294,38,160294095219,73000,1
160.297,32,160296874225,73000,1
160.315,39,160312392261,2502412,0
160.317,35,160314940267,2502412,0
160.323,35,160320410685,2502412,0
160.323,38,160322940691,73000,1
160.326,39,160323011691,2502412,0
160.326,39,160325550103,73000,1
160.333,35,160333318715,73000,1
160.333,39,160333318715,73000,1
160.338,34,160335919721,2502412,0
160.344,34,160343581739,73000,1
160.349,32,160346289745,2502412,0
160.351,35,160348908751,2502412,0
160.354,37,160354057763,73000,1
160.359,36,160356658769,2502412,0
160.359,34,160359188775,73000,1
160.362,32,160359259775,2502412,0
160.362,36,160361789781,73000,1
160.362,35,160361789781,73000,1
160.364,35,160364399787,73000,1
160.37,34,160369539799,73000,1
160.372,32,160372158805,73000,1
160.38,39,160377718817,2502412,0
160.393,39,160390457847,2502412,0
160.393,36,160393005853,73000,1
160.393,32,160393005853,73000,1
160.396,39,160395606859,73000,1
160.396,38,160395704859,73000,1
160.398,35,160395775859,2502412,0
160.401,39,160398314865,2502412,0
160.401,35,160400942871,73000,1
160.409,39,160406091883,2502412,0
160.421,35,160418990913,2502412,0
160.422,39,160421662919,73000,1
160.422,36,160421662919,73000,1
160.432,35,160432344349,73000,1
160.432,39,160432415349,73000,1
160.435,34,160432495349,2502412,0
160.438,32,160435025355,2502412,0
160.438,34,160437662361,73000,1
160.445,32,160442838373,2502412,0
160.456,35,160453065397,2502412,0
160.458,32,160458134409,73000,1
160.461,32,160460833415,73000,1
160.466,35,160463514421,2502412,0
160.474,34,160473652445,73000,1
160.481,35,160478801457,2502412,0
160.489,32,160486979881,2502412,0
160.49,35,160489509887,73000,1
160.492,39,160489589887,2502412,0
160.497,39,160497179905,73000,1
160.5,32,160499789911,73000,1
160.505,39,160505134923,73000,1
160.51,32,160510301935,73000,1
160.515,35,160512920941,2502412,0
160.518,34,160515521947,2502412,0
160.521,36,160518220953,2502412,0
160.526,34,160523280965,2502412,0
160.529,35,160526274971,2502412,0
160.529,35,160528804383,73000,1
160.531,34,160528946977,2502412,0
160.532,36,160531476983,73000,1
160.532,34,160531556983,73000,1
160.552,34,160551931031,73000,1
160.552,35,160551931031,73000,1
160.552,36,160552002031,73000,1
160.562,35,160559797049,2502412,0
160.562,32,160562327055,73000,1
160.568,39,160567476067,73000,1
160.575,35,160572625079,2502412,0
160.583,35,160580304097,2502412,0
160.596,35,160595814539,73000,1
160.609,34,160608589569,73000,1
160.619,36,160618789593,73000,1
160.619,35,160618789593,73000,1
160.621,33,160618860593,2502412,0
160.624,33,160621417005,2502412,0
160.63,38,160629479429,73000,1
160.637,33,160637158447,73000,1
160.64,33,160639777453,73000,1
160.66,36,160660356501,73000,1
160.663,34,160660498501,2502412,0
160.666,32,160663028507,2502412,0
160.668,34,160665576513,2502412,0
160.671,35,160670645525,73000,1
160.673,32,160673255531,73000,1
160.681,34,160678422543,2502412,0
160.684,32,160683571555,73000,1
160.689,33,160686494561,2502412,0
160.689,34,160689024567,73000,1
160.692,33,160691625573,73000,1
160.692,39,160691625573,73000,1
160.725,34,160722377645,2502412,0
160.725,33,160724934651,73000,1
160.731,32,160730512069,73000,1
160.731,34,160730583069,73000,1
160.731,35,160730583069,73000,1
160.756,34,160756248129,73000,1
160.759,33,160759054135,73000,1
160.775,36,160774519171,73000,1
160.782,39,160779650183,2502412,0
160.785,39,160782260189,2502412,0
160.79,39,160787633201,2502412,0
160.806,39,160805486243,73000,1
160.806,32,160805566243,73000,1
160.824,34,160823596285,73000,1
160.824,39,160823596285,73000,1
160.834,39,160831373303,2502412,0
160.847,33,160844354333,2502412,0
160.849,33,160849423345,73000,1
160.855,39,160852113351,2502412,0
160.86,33,160859792369,73000,1
160.862,39,160859881369,2502412,0
160.863,33,160862482375,73000,1
160.863,35,160862482375,73000,1
160.868,39,160865234381,2502412,0
160.873,39,160872993399,73000,1
160.876,39,160875816405,73000,1
160.883,39,160880974417,2502412,0
160.894,39,160891558441,2502412,0
160.899,39,160899175459,73000,1
160.907,34,160904315471,2502412,0
160.909,34,160906853883,2502412,0
160.92,32,160917098907,2502412,0
160.925,34,160922158919,2502412,0
160.932,39,160932296943,73000,1
160.938,32,160935299355,2502412,0
160.94,34,160937829361,2502412,0
160.943,34,160942907373,73000,1
160.948,32,160945508379,2502412,0
160.956,37,160953205397,2502412,0
160.963,32,160960884415,2502412,0
160.963,37,160963414421,73000,1
160.964,39,160963485421,73000,1
160.969,34,160968714433,73000,1
160.971,32,160968830433,2502412,0
160.984,37,160984108469,73000,1
160.987,32,160984179469,2502412,0
161.01,33,161007307523,2502412,0
161.012,32,161009846529,2502412,0
161.017,39,161014906541,2502412,0
161.018,39,161017444953,73000,1
161.023,32,161020082553,2502412,0
161.023,32,161022611965,73000,1
161.023,34,161022612559,73000,1
161.028,33,161025284565,2502412,0
161.033,37,161032910583,73000,1
161.039,33,161038443001,73000,1
161.039,39,161038443001,73000,1
161.044,32,161041044007,2502412,0
161.051,32,161048714025,2502412,0
161.054,34,161051244031,2502412,0
161.056,39,161053774037,2502412,0
161.059,39,161056384043,2502412,0
161.059,34,161058914049,73000,1
161.064,39,161064054061,73000,1
161.069,32,161069274073,73000,1
161.069,39,161069345073,73000,1
161.072,33,161069416073,2502412,0
161.075,34,161074485085,73000,1
161.085,33,161082227103,2502412,0
161.085,33,161084756515,73000,1
161.093,32,161092543127,73000,1
161.093,34,161092543127,73000,1
161.101,33,161100606145,73000,1
161.101,32,161100686145,73000,1
161.106,38,161103305151,2502412,0
161.118,38,161115955181,2502412,0
161.124,38,161121024193,2502412,0
161.126,39,161123554199,2502412,0
161.129,33,161128632211,73000,1
161.134,38,161131331217,2502412,0
161.142,37,161139233641,2502412,0
161.144,39,161144293653,73000,1
161.152,37,161149433665,2502412,0
161.154,38,161151981671,2502412,0
161.155,37,161154511677,73000,1
161.16,38,161159687689,73000,1
161.162,37,161159776689,2502412,0
161.165,39,161162306695,2502412,0
161.17,37,161169994713,73000,1
161.173,32,161172684719,73000,1
161.173,37,161172684719,73000,1
161.178,39,161175285725,2502412,0
161.193,34,161190510761,2502412,0
161.193,39,161193049767,73000,1
161.193,38,161193049767,73000,1
161.196,39,161195882773,73000,1
161.196,34,161195882773,73000,1
161.204,33,161201468785,2502412,0
161.217,33,161216657821,73000,1
161.217,34,161216657821,73000,1
161.222,37,161221904833,73000,1
161.222,33,161221904833,73000,1
161.222,38,161221975833,73000,1
161.227,36,161224612839,2502412,0
161.232,36,161229770851,2502412,0
161.235,36,161235017863,73000,1
161.243,37,161243196287,73000,1
161.243,36,161243196287,73000,1
161.246,33,161245797293,73000,1
161.248,39,161245868293,2502412,0
161.264,34,161263623335,73000,1
161.266,39,161263703335,2502412,0
161.269,39,161268790347,73000,1
161.274,36,161273975359,73000,1
161.292,39,161289493395,2502412,0
161.297,35,161297163413,73000,1
161.3,39,161297234413,2502412,0
161.308,38,161305163837,2502412,0
161.31,39,161310294849,73000,1
161.316,38,161315434861,73000,1
161.321,33,161318053867,2502412,0
161.323,39,161323113879,73000,1
161.326,35,161325732885,73000,1
161.326,38,161325732885,73000,1
161.328,33,161328351891,73000,1
161.347,33,161346748339,73000,1
161.367,33,161367398387,73000,1
161.375,39,161372627399,2502412,0
161.383,34,161380235417,2502412,0
161.383,36,161382836423,73000,1
161.383,38,161382836423,73000,1
161.393,33,161390515441,2502412,0
161.398,33,161395575453,2502412,0
161.398,39,161398105459,73000,1
161.398,33,161398185459,73000,1
161.398,34,161398185459,73000,1
161.406,32,161403709471,2502412,0
161.411,39,161408929483,2502412,0
161.414,34,161413989495,73000,1
161.419,33,161419200507,73000,1
161.422,37,161419271507,2502412,0
161.422,32,161421801513,73000,1
161.422,37,161421881513,73000,1
161.425,37,161422023513,2502412,0
161.427,39,161424553519,2502412,0
161.432,39,161429613531,2502412,0
161.44,32,161437283549,2502412,0
161.44,37,161439813555,73000,1
161.445,33,161442432561,2502412,0
161.445,39,161444962567,73000,1
161.445,33,161445033567,73000,1
161.451,32,161448017979,2502412,0
161.458,37,161455643997,2502412,0
161.458,33,161458174003,73000,1
161.458,34,161458245003,73000,1
161.463,32,161460855009,2502412,0
161.466,37,161463385015,2502412,0
161.466,32,161465915021,73000,1
161.471,39,161468587027,2502412,0
161.479,39,161476266045,2502412,0
161.479,39,161478804457,73000,1
161.481,37,161478885051,2502412,0
161.484,37,161484034063,73000,1
161.487,32,161484105063,2502412,0
161.489,33,161486680069,2502412,0
161.489,32,161489210075,73000,1
161.492,38,161489290075,2502412,0
161.495,33,161494475087,73000,1
161.5,38,161499624099,73000,1
161.5,39,161499695099,73000,1
161.5,32,161499695099,73000,1
161.502,33,161499864099,2502412,0
161.508,37,161505308111,2502412,0
161.513,37,161510439123,2502412,0
161.526,33,161523125153,2502412,0
161.531,38,161528194165,2502412,0
161.531,37,161530724171,73000,1
161.533,39,161530795171,2502412,0
161.536,39,161533324583,2502412,0
161.536,39,161535862995,73000,1
161.536,36,161535934589,73000,1
161.541,38,161538553595,2502412,0
161.546,33,161543613607,2502412,0
161.549,33,161549164025,73000,1
161.552,38,161551783031,73000,1
161.552,37,161551783031,73000,1
161.559,39,161556950043,2502412,0
161.565,33,161562090055,2502412,0
161.567,32,161564620061,2502412,0
161.57,34,161569831073,73000,1
161.57,38,161569831073,73000,1
161.572,39,161569902073,2502412,0
161.577,37,161574971085,2502412,0
161.578,32,161577501091,73000,1
161.578,33,161577572091,73000,1
161.585,37,161582703103,2502412,0
161.585,38,161585269109,73000,1
161.585,37,161585340109,73000,1
161.586,39,161585482109,73000,1
161.593,37,161590667121,2502412,0
161.598,33,161598293139,73000,1
161.601,32,161598364139,2502412,0
161.601,32,161600893551,73000,1
161.603,39,161600965145,2502412,0
161.611,37,161611416169,73000,1
161.611,32,161611416169,73000,1
161.612,39,161611567169,73000,1
161.617,39,161616858181,73000,1
161.62,33,161619539187,73000,1
161.622,37,161622158193,73000,1
161.625,32,161622229193,2502412,0
161.63,32,161627565205,2502412,0
161.635,32,161632634217,2502412,0
161.64,32,161637801229,2502412,0
161.643,32,161640330641,2502412,0
161.656,35,161655948083,73000,1
161.659,35,161658549089,73000,1
161.659,32,161658549089,73000,1
161.669,39,161668785113,73000,1
161.669,32,161668883113,73000,1
161.679,37,161676544131,2502412,0
161.684,38,161681693143,2502412,0
161.684,39,161684232149,73000,1
161.687,38,161684303149,2502412,0
161.689,35,161686851155,2502412,0
161.692,37,161689381161,2502412,0
161.695,38,161694450173,73000,1
161.7,33,161697069179,2502412,0
161.702,35,161699599185,2502412,0
161.713,33,161712571215,73000,1
161.713,37,161712571215,73000,1
161.718,32,161715172221,2502412,0
161.72,38,161717702227,2502412,0
161.723,32,161722851239,73000,1
161.723,35,161722922239,73000,1
161.733,38,161730663257,2502412,0
161.751,35,161750939305,73000,1
161.754,33,161753861717,73000,1
161.754,38,161753932717,73000,1
161.754,32,161754003717,73000,1
161.754,37,161754003717,73000,1
161.762,32,161761691735,73000,1
161.762,38,161761691735,73000,1
161.764,37,161761762735,2502412,0
161.772,37,161771972759,73000,1
161.785,35,161782333783,2502412,0
161.787,35,161784863195,2502412,0
161.793,33,161792640213,73000,1
161.793,37,161792640213,73000,1
161.8,35,161797789225,2502412,0
161.803,37,161802858237,73000,1
161.806,33,161805459243,73000,1
161.808,34,161808087249,73000,1
161.811,35,161808167249,2502412,0
161.811,38,161810706255,73000,1
161.816,39,161816159267,73000,1
161.819,38,161816230267,2502412,0
161.827,38,161826439291,73000,1
161.827,35,161826439291,73000,1
161.837,35,161836915315,73000,1
161.839,38,161836995315,2502412,0
161.85,38,161847320339,2502412,0
161.852,37,161852407351,73000,1
161.858,32,161855026357,2502412,0
161.86,32,161857869363,2502412,0
161.863,38,161860417369,2502412,0
161.873,38,161870546393,2502412,0
161.873,32,161873076399,73000,1
161.873,37,161873076399,73000,1
161.876,38,161873174399,2502412,0
161.891,38,161888461435,2502412,0
161.893,35,161890991441,2502412,0
161.894,35,161893520853,73000,1
161.899,38,161896131453,2502412,0
161.904,32,161903748471,73000,1
161.904,35,161903748471,73000,1
161.904,38,161903908471,73000,1
161.909,35,161909039483,73000,1
161.917,32,161917084501,73000,1
161.927,38,161924994519,2502412,0
161.93,38,161927523931,2502412,0
161.933,38,161930053343,2502412,0
161.945,38,161942890373,2502412,0
161.948,38,161947959385,73000,1
161.953,39,161950587391,2502412,0
161.956,39,161953224397,2502412,0
161.959,33,161958605815,73000,1
161.964,39,161961233821,2502412,0
161.964,39,161963781233,73000,1
161.969,38,161968912839,73000,1
161.969,37,161968992839,73000,1
161.982,39,161982158869,73000,1
161.987,38,161987298881,73000,1
161.995,39,161992518893,2502412,0
162,32,161997587905,2502412,0
162.013,36,162010264935,2502412,0
162.015,39,162015404947,73000,1
162.016,32,162015564947,73000,1
162.019,36,162018589009,73000,1
162.021,35,162021297015,73000,1
162.034,39,162034223045,73000,1
162.034,32,162034223045,73000,1
162.052,36,162049492081,2502412,0
162.06,36,162059728105,73000,1
162.063,39,162062677517,73000,1
162.065,35,162062757517,2502412,0
162.078,35,162077991553,73000,1
162.083,36,162083425565,73000,1
162.091,35,162088627577,2502412,0
162.104,32,162101286607,2502412,0
162.104,32,162103896613,73000,1
162.104,35,162103896613,73000,1
162.112,38,162109063625,2502412,0
162.114,36,162111593631,2502412,0
162.114,36,162114123043,73000,1
162.117,38,162114212637,2502412,0
162.12,38,162119745649,73000,1
162.127,35,162124903661,2502412,0
162.133,35,162132582679,73000,1
162.138,32,162137713691,73000,1
162.145,36,162145383709,73000,1
162.153,38,162153169727,73000,1
162.158,35,162158327739,73000,1
162.158,39,162158416739,73000,1
162.161,38,162158523739,2502412,0
162.172,38,162171691175,73000,1
162.172,32,162171842175,73000,1
162.185,36,162184563205,73000,1
162.19,35,162187164211,2502412,0
162.2,38,162197373235,2502412,0
162.203,35,162202602247,73000,1
162.205,38,162202682247,2502412,0
162.216,38,162213140271,2502412,0
162.224,35,162223778295,73000,1
162.226,38,162226388301,73000,1
162.239,36,162236686325,2502412,0
162.242,38,162241746337,73000,1
162.242,36,162241817337,73000,1
162.247,38,162247002349,73000,1
162.252,35,162249701355,2502412,0
162.252,35,162252239767,73000,1
162.252,36,162252311361,73000,1
162.253,39,162252471361,73000,1
162.271,38,162271160809,73000,1
162.271,35,162271231809,73000,1
162.271,34,162271231809,73000,1
162.274,32,162271302809,2502412,0
162.274,36,162273832815,73000,1
162.289,32,162286758845,2502412,0
162.302,32,162299551875,2502412,0
162.31,32,162309769899,73000,1
162.318,35,162314998911,2502412,0
162.323,33,162322739929,73000,1
162.331,35,162331068953,73000,1
162.339,32,162338907971,73000,1
162.339,35,162338907971,73000,1
162.359,36,162356894013,2502412,0
162.37,36,162369919449,73000,1
162.396,35,162393152503,2502412,0
162.398,32,162395682509,2502412,0
162.398,35,162398212515,73000,1
162.401,32,162398310515,2502412,0
162.403,36,162403370527,73000,1
162.411,32,162411049545,73000,1
162.414,32,162413659551,73000,1
162.419,32,162416278557,2502412,0
162.427,32,162426809581,73000,1
162.427,35,162426880581,73000,1
162.437,36,162437178605,73000,1
162.443,32,162442603617,73000,1
162.443,35,162442603617,73000,1
162.455,36,162455342647,73000,1
162.482,39,162481507113,73000,1
162.484,32,162481578113,2502412,0
162.487,32,162486638125,73000,1
162.489,32,162489257131,73000,1
162.508,38,162507430173,73000,1
162.51,32,162507501173,2502412,0
162.515,32,162515331191,73000,1
162.515,34,162515331191,73000,1
162.531,36,162528623221,2502412,0
162.539,36,162536267239,2502412,0
162.539,36,162538805651,73000,1
162.539,32,162538895245,73000,1
162.549,36,162546556263,2502412,0
162.557,32,162556907287,73000,1
162.562,36,162562065299,73000,1
162.567,35,162564666305,2502412,0
162.572,35,162569806317,2502412,0
162.588,35,162585424353,2502412,0
162.596,35,162595598377,73000,1
162.598,36,162595669377,2502412,0
162.619,36,162616025425,2502412,0
162.621,37,162621085437,73000,1
162.621,35,162621156437,73000,1
162.626,36,162626376449,73000,1
162.632,35,162631820461,73000,1
162.635,32,162634501467,73000,1
162.637,36,162634581467,2502412,0
162.64,36,162639721479,73000,1
162.653,36,162652505509,73000,1
162.684,38,162683454987,73000,1
162.712,36,162709218047,2502412,0
162.722,36,162719338071,2502412,0
162.727,36,162724407083,2502412,0
162.737,36,162734849107,2502412,0
162.743,36,162742528125,73000,1
162.758,35,162757913161,73000,1
162.776,36,162773387197,2502412,0
162.781,36,162781289621,73000,1
162.817,36,162814545699,2502412,0
162.817,36,162817075111,73000,1
162.825,36,162822286717,2502412,0
162.825,36,162824816129,73000,1
162.858,36,162858420801,73000,1
162.9,36,162897120297,2502412,0
162.905,36,162904728315,73000,1
162.905,32,162904888315,73000,1
162.915,36,162915213339,73000,1
162.92,35,162920353351,73000,1
162.964,36,162961939447,2502412,0
162.967,36,162964540453,2502412,0
162.967,36,162967141459,73000,1
162.97,36,162970053465,73000,1
162.978,36,162978265483,73000,1
163.044,36,163041043033,2502412,0
163.054,36,163051190057,2502412,0
163.067,36,163066486093,73000,1
163.072,36,163069167099,2502412,0
163.087,36,163084855541,2502412,0
163.09,36,163087465547,2502412,0
163.103,36,163100222577,2502412,0
163.113,36,163110378601,2502412,0
163.113,36,163112908013,73000,1
163.139,36,163138609667,73000,1
163.167,32,163164694727,2502412,0
163.17,36,163167224733,2502412,0
163.178,32,163177566757,73000,1
163.18,32,163180185763,73000,1
163.183,36,163182786769,73000,1
163.191,36,163188586187,2502412,0
163.197,36,163196523205,73000,1
163.197,35,163196523205,73000,1
163.212,32,163212068241,73000,1
163.212,36,163212139241,73000,1
163.212,33,163212210241,73000,1
163.267,36,163266606367,73000,1
163.295,32,163295193839,73000,1
163.334,36,163333624929,73000,1
163.365,38,163365010001,73000,1
163.385,36,163382889043,2502412,0
163.404,36,163403699497,73000,1
163.434,36,163431930563,2502412,0
163.445,36,163442148587,2502412,0
163.45,36,163447217599,2502412,0
163.455,37,163455138023,73000,1
163.468,37,163465347047,2502412,0
163.468,36,163467886053,73000,1
163.471,37,163470496059,73000,1
163.486,37,163485934095,73000,1
163.491,36,163491101107,73000,1
163.502,32,163499261531,2502412,0
163.502,32,163501790943,73000,1
163.512,39,163512116561,73000,1
163.515,34,163512196561,2502412,0
163.52,34,163517274573,2502412,0
163.522,34,163519803985,2502412,0
163.522,34,163522333397,73000,1
163.525,32,163522404991,2502412,0
163.528,32,163527474003,73000,1
163.548,37,163548141051,73000,1
163.548,34,163548141051,73000,1
163.556,36,163553683063,2502412,0
163.561,32,163558823075,2502412,0
163.564,36,163561522081,2502412,0
163.564,32,163564132087,73000,1
163.564,36,163564203087,73000,1
163.592,34,163589744147,2502412,0
163.592,32,163592274153,73000,1
163.592,38,163592274153,73000,1
163.6,38,163597824571,2502412,0
163.6,34,163600354577,73000,1
163.6,36,163600354577,73000,1
163.606,38,163603204583,2502412,0
163.616,37,163613404607,2502412,0
163.618,37,163615934019,2502412,0
163.621,37,163618463431,2502412,0
163.624,36,163623523443,73000,1
163.626,38,163626204449,73000,1
163.629,37,163626293449,2502412,0
163.634,34,163633954467,73000,1
163.642,36,163641766485,73000,1
163.647,37,163646906497,73000,1
163.649,38,163646977497,2502412,0
163.65,37,163649641503,73000,1
163.652,38,163649730503,2502412,0
163.655,32,163652260509,2502412,0
163.658,38,163657650927,73000,1
163.665,32,163665400945,73000,1
163.668,38,163665596945,2502412,0
163.671,38,163668206951,2502412,0
163.678,34,163675796969,2502412,0
163.681,38,163678344975,2502412,0
163.689,38,163686023993,2502412,0
163.689,32,163688562999,73000,1
163.689,34,163688633999,73000,1
163.691,38,163691422005,73000,1
163.697,32,163694041011,2502412,0
163.702,37,163699413429,2502412,0
163.702,34,163701952435,73000,1
163.702,38,163701952435,73000,1
163.707,32,163704740441,2502412,0
163.71,37,163707270447,2502412,0
163.712,37,163712330459,73000,1
163.715,32,163712481459,2502412,0
163.723,34,163722761483,73000,1
163.723,32,163722832483,73000,1
163.726,32,163725469489,73000,1
163.728,37,163728168495,73000,1
163.731,32,163730805501,73000,1
163.734,38,163731018501,2502412,0
163.749,38,163746323537,2502412,0
163.757,38,163754020555,2502412,0
163.762,38,163761958979,73000,1
163.775,38,163772275003,2502412,0
163.775,37,163774805009,73000,1
163.777,38,163774947009,2502412,0
163.783,36,163782546027,73000,1
163.785,38,163785156033,73000,1
163.788,37,163785298033,2502412,0
163.788,37,163787899039,73000,1
163.788,32,163787970039,73000,1
163.791,38,163790642045,73000,1
163.802,37,163801723475,73000,1
163.802,34,163801723475,73000,1
163.802,37,163801874475,73000,1
163.817,37,163814791505,2502412,0
163.82,37,163817320917,2502412,0
163.822,37,163822407929,73000,1
163.825,37,163825017935,73000,1
163.828,38,163827618941,73000,1
163.843,37,163843136977,73000,1
163.867,33,163866763031,73000,1
163.872,37,163871930043,73000,1
163.875,33,163872010043,2502412,0
163.875,33,163874557455,73000,1
163.892,33,163889934085,2502412,0
163.898,33,163895181097,2502412,0
163.905,38,163902798115,2502412,0
163.913,33,163910710133,2502412,0
163.916,38,163913240139,2502412,0
163.918,33,163915770145,2502412,0
163.921,33,163920901157,73000,1
163.923,37,163920972157,2502412,0
163.934,38,163931181181,2502412,0
163.941,37,163941372205,73000,1
163.942,35,163941452205,73000,1
163.942,38,163941523205,73000,1
163.952,33,163951865229,73000,1
163.954,37,163951945229,2502412,0
163.957,37,163954492641,2502412,0
163.957,38,163957040647,73000,1
163.957,37,163957111647,73000,1
163.965,34,163965094665,73000,1
163.97,32,163967713671,2502412,0
163.973,38,163970252677,2502412,0
163.975,38,163975312689,73000,1
163.978,32,163975401689,2502412,0
163.983,38,163980488701,2502412,0
163.986,38,163985628713,73000,1
163.988,32,163985708713,2502412,0
163.988,35,163988238719,73000,1
163.988,37,163988238719,73000,1
163.996,32,163996024737,73000,1
163.999,33,163998634743,73000,1
163.999,35,163998705743,73000,1
164.009,38,164006688167,2502412,0
164.009,38,164009289173,73000,1
164.015,35,164014438185,73000,1
164.022,38,164019587197,2502412,0
164.025,32,164024665209,73000,1
164.03,38,164027418215,2502412,0
164.03,38,164029947627,73000,1
164.03,37,164030046221,73000,1
164.035,32,164032932227,2502412,0
164.036,32,164035470639,73000,1
164.036,38,164035471233,73000,1
164.036,38,164035613233,73000,1
164.049,35,164046062257,2502412,0
164.061,35,164058837287,2502412,0
164.064,32,164061367293,2502412,0
164.072,35,164069278717,2502412,0
164.074,32,164071808723,2502412,0
164.079,33,164076913735,2502412,0
164.085,32,164082044747,2502412,0
164.085,33,164084645753,73000,1
164.087,35,164087246759,73000,1
164.09,36,164087335759,2502412,0
164.092,32,164089874765,2502412,0
164.093,36,164092484771,73000,1
164.093,35,164092484771,73000,1
164.093,32,164092555771,73000,1
164.095,35,164095174777,73000,1
164.095,33,164095245777,73000,1
164.119,36,164116180231,2502412,0
164.121,38,164121374243,73000,1
164.121,32,164121374243,73000,1
164.126,36,164123984249,2502412,0
164.139,36,164139316285,73000,1
164.145,37,164144607297,73000,1
164.145,36,164144838297,73000,1
164.153,33,164152641315,73000,1
164.156,37,164155473321,73000,1
164.181,36,164178770375,2502412,0
164.186,32,164183839387,2502412,0
164.191,32,164188908399,2502412,0
164.192,32,164191455811,73000,1
164.192,36,164191456405,73000,1
164.192,35,164191545405,73000,1
164.199,36,164196703417,2502412,0
164.207,36,164204311435,2502412,0
164.207,33,164206850441,73000,1
164.217,36,164214930865,2502412,0
164.22,36,164217531871,2502412,0
164.22,32,164220061877,73000,1
164.228,36,164227722895,73000,1
164.243,36,164240506925,2502412,0
164.251,36,164250769949,73000,1
164.285,32,164284587027,73000,1
164.285,36,164284587027,73000,1
164.315,34,164312649093,2502412,0
164.318,36,164318022105,73000,1
164.326,35,164323251117,2502412,0
164.326,34,164325790123,73000,1
164.331,36,164331010135,73000,1
164.331,35,164331250135,73000,1
164.331,39,164331250135,73000,1
164.331,34,164331250135,73000,1
164.336,38,164333860141,2502412,0
164.339,38,164336470147,2502412,0
164.344,32,164341610159,2502412,0
164.347,38,164346679171,73000,1
164.352,39,164349289177,2502412,0
164.354,39,164354367189,73000,1
164.354,32,164354367189,73000,1
164.37,35,164367159219,2502412,0
164.375,35,164372657231,2502412,0
164.378,35,164377735243,73000,1
164.38,32,164380345249,73000,1
164.38,38,164380416249,73000,1
164.388,39,164385627261,2502412,0
164.388,38,164388157267,73000,1
164.388,39,164388228267,73000,1
164.391,34,164390838273,73000,1
164.406,35,164406250309,73000,1
164.409,39,164406330309,2502412,0
164.409,39,164408859721,73000,1
164.412,32,164411488321,73000,1
164.42,34,164419470745,73000,1
164.422,39,164419550745,2502412,0
164.422,39,164422080157,73000,1
164.427,35,164427336763,73000,1
164.433,35,164432503775,73000,1
164.445,33,164442721799,2502412,0
164.45,39,164450418817,73000,1
164.461,33,164458079835,2502412,0
164.463,33,164460609247,2502412,0
164.473,33,164470765271,2502412,0
164.476,38,164476146689,73000,1
164.479,39,164476288689,2502412,0
164.487,33,164486453713,73000,1
164.487,38,164486533713,73000,1
164.487,39,164486604713,73000,1
164.494,36,164494292731,73000,1
164.497,39,164494363731,2502412,0
164.499,39,164496964737,2502412,0
164.502,33,164502122749,73000,1
164.505,39,164502211749,2502412,0
164.515,39,164515021779,73000,1
164.536,39,164535904233,73000,1
164.536,35,164535984233,73000,1
164.536,33,164536055233,73000,1
164.539,32,164538727239,73000,1
164.557,39,164556722281,73000,1
164.601,33,164598112377,2502412,0
164.603,33,164603172389,73000,1
164.606,37,164603243389,2502412,0
164.608,36,164605773395,2502412,0
164.608,36,164608302807,73000,1
164.611,37,164608454401,2502412,0
164.619,37,164618574425,73000,1
164.622,38,164621567837,73000,1
164.624,36,164624168843,73000,1
164.624,33,164624319843,73000,1
164.625,33,164624479843,73000,1
164.627,37,164627160849,73000,1
164.635,34,164634892867,73000,1
164.635,37,164634892867,73000,1
164.643,39,164642882885,73000,1
164.645,33,164642971885,2502412,0
164.651,33,164648085897,2502412,0
164.653,37,164650615903,2502412,0
164.656,33,164653154909,2502412,0
164.656,37,164655684915,73000,1
164.658,36,164655755915,2502412,0
164.661,39,164658285921,2502412,0
164.666,39,164665973939,73000,1
164.666,36,164665973939,73000,1
164.671,33,164668574945,2502412,0
164.679,36,164679079969,73000,1
164.679,33,164679150969,73000,1
164.679,37,164679150969,73000,1
164.679,39,164679372969,73000,1
164.697,39,164697288011,73000,1
164.7,35,164699987017,73000,1
164.703,32,164700076017,2502412,0
164.708,33,164707684035,73000,1
164.713,36,164712851047,73000,1
164.713,33,164712851047,73000,1
164.716,32,164715470053,73000,1
164.716,33,164715470053,73000,1
164.723,37,164720628065,2502412,0
164.729,37,164728816083,73000,1
164.729,37,164728985083,73000,1
164.729,32,164729207083,73000,1
164.737,37,164734658095,2502412,0
164.745,39,164742417113,2502412,0
164.745,39,164744946525,73000,1
164.753,37,164752697137,73000,1
164.76,38,164757837149,2502412,0
164.768,38,164765525167,2502412,0
164.771,32,164770656179,73000,1
164.771,37,164770656179,73000,1
164.776,38,164775814191,73000,1
164.784,39,164781338203,2502412,0
164.787,38,164786487215,73000,1
164.789,39,164789168221,73000,1
164.797,37,164796838239,73000,1
164.797,38,164797069239,73000,1
164.805,37,164804757257,73000,1
164.805,39,164804757257,73000,1
164.815,32,164812543275,2502412,0
164.815,36,164815073281,73000,1
164.823,32,164820302293,2502412,0
164.828,39,164825674711,2502412,0
164.831,39,164828204123,2502412,0
164.831,39,164830733535,73000,1
164.841,32,164838502147,2502412,0
164.849,32,164846190165,2502412,0
164.854,32,164853896183,73000,1
164.859,39,164856497189,2502412,0
164.864,32,164864096207,73000,1
164.867,39,164864256207,2502412,0
164.872,39,164869316219,2502412,0
164.88,39,164879543243,73000,1
164.882,32,164879623243,2502412,0
164.888,32,164887535261,73000,1
164.895,33,164892702273,2502412,0
164.898,38,164897762285,73000,1
164.9,33,164897833285,2502412,0
164.903,32,164903062297,73000,1
164.903,39,164903142297,73000,1
164.906,33,164903213297,2502412,0
164.916,33,164913360321,2502412,0
164.921,34,164918518333,2502412,0
164.931,33,164928959763,2502412,0
164.932,33,164931489175,73000,1
164.942,34,164939177787,2502412,0
164.949,34,164946856805,2502412,0
164.952,33,164949475811,2502412,0
164.952,39,164952005817,73000,1
164.952,34,164952085817,73000,1
164.952,32,164952156817,73000,1
164.96,39,164959853835,73000,1
164.965,33,164962472841,2502412,0
164.965,33,164965073847,73000,1
164.965,34,164965073847,73000,1
164.97,36,164967674853,2502412,0
164.983,33,164980387883,2502412,0
164.986,36,164985778895,73000,1
164.986,33,164985858895,73000,1
164.996,33,164993653913,2502412,0
165.001,33,164998793925,2502412,0
165.001,36,165001323931,73000,1
165.001,33,165001394931,73000,1
165.004,37,165004022937,73000,1
165.004,33,165004022937,73000,1
165.004,34,165004191937,73000,1
165.01,34,165009713949,73000,1
165.017,36,165017374967,73000,1
165.046,33,165043317433,2502412,0
165.046,33,165045936439,73000,1
165.051,32,165048564445,2502412,0
165.066,32,165066390487,73000,1
165.079,36,165079129517,73000,1
165.079,33,165079200517,73000,1
165.084,36,165081819523,2502412,0
165.089,38,165086897535,2502412,0
165.1,32,165097418965,2502412,0
165.103,38,165102549977,73000,1
165.103,36,165102549977,73000,1
165.11,38,165107778989,2502412,0
165.113,32,165110317995,2502412,0
165.113,32,165112847407,73000,1
165.113,36,165112990001,73000,1
165.123,38,165123190025,73000,1
165.131,34,165130860043,73000,1
165.146,38,165143911479,2502412,0
165.147,32,165146450485,73000,1
165.149,36,165146628485,2502412,0
165.149,38,165149158491,73000,1
165.157,33,165154298503,2502412,0
165.159,36,165156828509,2502412,0
165.162,38,165159376515,2502412,0
165.167,38,165164587527,2502412,0
165.167,36,165167117533,73000,1
165.17,33,165167206533,2502412,0
165.17,38,165169816539,73000,1
165.18,33,165180025563,73000,1
165.18,36,165180025563,73000,1
165.18,32,165180025563,73000,1
165.183,38,165182760569,73000,1
165.19,32,165187918581,2502412,0
165.204,33,165203527023,73000,1
165.206,38,165203607023,2502412,0
165.209,32,165206137029,2502412,0
165.219,39,165218814059,73000,1
165.219,32,165218885059,73000,1
165.219,38,165218885059,73000,1
165.222,36,165219010059,2502412,0
165.227,38,165224168071,2502412,0
165.232,38,165231945089,73000,1
165.232,36,165231945089,73000,1
165.24,32,165237397507,2502412,0
165.24,33,165239927513,73000,1
165.25,32,165247766531,2502412,0
165.263,32,165260621561,2502412,0
165.268,38,165268220579,73000,1
165.268,36,165268220579,73000,1
165.273,32,165270955585,2502412,0
165.276,32,165273645591,2502412,0
165.281,32,165281244609,73000,1
165.305,36,165302304657,2502412,0
165.307,36,165304905663,2502412,0
165.308,36,165307515669,73000,1
165.31,38,165307595669,2502412,0
165.31,32,165310125675,73000,1
165.315,32,165315265687,73000,1
165.318,36,165315354687,2502412,0
165.323,36,165320423699,2502412,0
165.328,38,165328031717,73000,1
165.338,38,165335737735,2502412,0
165.339,36,165338580741,73000,1
165.344,32,165341270747,2502412,0
165.344,33,165343800753,73000,1
165.346,38,165346401759,73000,1
165.354,32,165351710771,2502412,0
165.354,36,165354240777,73000,1
165.354,32,165354311777,73000,1
165.357,33,165356912783,73000,1
165.365,32,165364769801,73000,1
165.367,38,165364867801,2502412,0
165.373,36,165369998813,2502412,0
165.38,32,165377686831,2502412,0
165.38,36,165380225837,73000,1
165.383,32,165380305837,2502412,0
165.385,38,165385365849,73000,1
165.391,32,165390701861,73000,1
165.399,36,165396305873,2502412,0
165.411,32,165408982903,2502412,0
165.417,32,165414122915,2502412,0
165.417,36,165416732921,73000,1
165.417,38,165416732921,73000,1
165.422,32,165419502927,2502412,0
165.435,36,165432321957,2502412,0
165.437,32,165434931963,2502412,0
165.443,38,165442834387,73000,1
165.445,36,165442905387,2502412,0
165.451,36,165450495405,73000,1
165.451,32,165450495405,73000,1
165.474,32,165471047453,2502412,0
165.476,32,165473576865,2502412,0
165.481,36,165478645877,2502412,0
165.494,32,165493879913,73000,1
165.496,36,165493950913,2502412,0
165.497,39,165496498919,73000,1
165.497,34,165496569919,73000,1
165.505,35,165504552937,73000,1
165.505,36,165504712937,73000,1
165.505,32,165504712937,73000,1
165.512,37,165509852949,2502412,0
165.515,37,165512453955,2502412,0
165.523,36,165520061973,2502412,0
165.528,37,165525130985,2502412,0
165.528,36,165527669991,73000,1
165.535,37,165532819003,2502412,0
165.543,37,165540711021,2502412,0
165.546,37,165543652027,2502412,0
165.551,37,165551260045,73000,1
165.554,36,165551331045,2502412,0
165.556,37,165553870051,2502412,0
165.562,37,165559010063,2502412,0
165.562,36,165561576069,73000,1
165.562,37,165561816069,73000,1
165.569,37,165566956081,2502412,0
165.572,32,165569486087,2502412,0
165.577,38,165574635099,2502412,0
165.582,38,165579793111,2502412,0
165.582,36,165582323117,73000,1
165.585,37,165582394117,2502412,0
165.585,38,165584942123,73000,1
165.585,32,165584942123,73000,1
165.59,37,165587543129,2502412,0
165.593,37,165592630141,73000,1
165.6,38,165597859153,2502412,0
165.603,32,165600861565,2502412,0
165.604,36,165603462571,73000,1
165.606,38,165603533571,2502412,0
165.609,32,165606081577,2502412,0
165.609,38,165608611583,73000,1
165.614,32,165611310589,2502412,0
165.621,37,165618971607,2502412,0
165.627,37,165626579625,73000,1
165.627,32,165626650625,73000,1
165.627,38,165626650625,73000,1
165.642,37,165639469655,2502412,0
165.653,37,165650000085,2502412,0
165.655,32,165652530091,2502412,0
165.66,32,165657599103,2502412,0
165.665,37,165665252121,73000,1
165.673,32,165670383133,2502412,0
165.678,32,165678258151,73000,1
165.678,37,165678329151,73000,1
165.678,38,165678418151,73000,1
165.705,32,165704512211,73000,1
165.72,36,165717314241,2502412,0
165.722,32,165722383253,73000,1
165.723,37,165722472253,73000,1
165.723,36,165722543253,73000,1
165.733,36,165732930277,73000,1
165.738,36,165738061289,73000,1
165.741,38,165740698295,73000,1
165.77,36,165769517767,73000,1
165.79,33,165790229815,73000,1
165.793,37,165793070821,73000,1
165.798,32,165798361833,73000,1
165.845,36,165845300941,73000,1
165.871,38,165868641401,2502412,0
165.874,38,165871170813,2502412,0
165.877,38,165876435825,73000,1
165.902,38,165902099885,73000,1
165.905,38,165905056891,73000,1
165.963,37,165960085423,2502412,0
165.968,37,165967684441,73000,1
165.973,32,165970356447,2502412,0
165.978,32,165977991465,73000,1
165.978,37,165977991465,73000,1
165.978,38,165978071465,73000,1
166.007,37,166006621531,73000,1
166.007,32,166006710531,73000,1
166.025,32,166025161573,73000,1
166.038,38,166038354603,73000,1
166.075,32,166072748687,2502412,0
166.088,32,166085656717,2502412,0
166.093,32,166093362735,73000,1
166.104,32,166101245753,2502412,0
166.104,37,166103775759,73000,1
166.12,32,166117138789,2502412,0
166.12,32,166119748795,73000,1
166.151,32,166151006867,73000,1
166.151,32,166151148867,73000,1
166.167,32,166166855309,73000,1
166.17,32,166167228309,2502412,0
166.182,32,166182417345,73000,1
166.182,34,166182417345,73000,1
166.208,32,166205357399,2502412,0
166.216,32,166213170417,2502412,0
166.221,32,166221161841,73000,1
166.227,37,166226470853,73000,1
166.234,32,166231610865,2502412,0
166.242,32,166239289883,2502412,0
166.249,32,166246995901,2502412,0
166.255,32,166254754919,73000,1
166.266,36,166263049343,2502412,0
166.266,36,166265596755,73000,1
166.266,32,166265597349,73000,1
166.286,36,166286051397,73000,1
166.289,35,166286131397,2502412,0
166.294,35,166291644409,2502412,0
166.305,35,166304765439,73000,1
166.31,32,166307384445,2502412,0
166.321,32,166320596475,73000,1
166.321,35,166320596475,73000,1
166.334,36,166331018499,2502412,0
166.334,36,166333547911,73000,1
166.344,39,166343917529,73000,1
166.344,36,166343997529,73000,1
166.349,32,166349288541,73000,1
166.36,38,166359568565,73000,1
166.375,35,166372718001,2502412,0
166.378,35,166377778013,73000,1
166.391,36,166390651043,73000,1
166.391,35,166390651043,73000,1
166.396,32,166393279049,2502412,0
166.403,35,166400878067,2502412,0
166.403,32,166403408073,73000,1
166.411,35,166408610085,2502412,0
166.429,35,166426882127,2502412,0
166.442,32,166439621157,2502412,0
166.447,32,166447211175,73000,1
166.447,35,166447211175,73000,1
166.453,39,166452494187,73000,1
166.458,35,166455104193,2502412,0
166.46,32,166457723199,2502412,0
166.463,39,166460440205,2502412,0
166.465,35,166462970211,2502412,0
166.471,35,166468370223,2502412,0
166.471,32,166470900229,73000,1
166.476,35,166473510235,2502412,0
166.476,39,166476040241,73000,1
166.479,32,166478659247,73000,1
166.479,39,166478739247,73000,1
166.481,39,166481340253,73000,1
166.484,36,166481411253,2502412,0
166.487,35,166486480265,73000,1
166.492,35,166491700277,73000,1
166.502,36,166499441295,2502412,0
166.51,32,166507200313,2502412,0
166.51,36,166509748319,73000,1
166.51,32,166509837319,73000,1
166.513,32,166512509325,73000,1
166.52,36,166517934337,2502412,0
166.521,35,166520473343,73000,1
166.531,32,166528545361,2502412,0
166.534,36,166531084367,2502412,0
166.544,32,166541471391,2502412,0
166.547,36,166544001397,2502412,0
166.554,37,166551733415,2502412,0
166.554,36,166554263421,73000,1
166.557,36,166556864427,73000,1
166.559,32,166556944427,2502412,0
166.567,37,166564552445,2502412,0
166.57,36,166569952457,73000,1
166.575,32,166575110469,73000,1
166.575,37,166575190469,73000,1
166.58,36,166580401481,73000,1
166.581,32,166580472481,73000,1
166.581,37,166580543481,73000,1
166.593,39,166590974505,2502412,0
166.606,39,166606314541,73000,1
166.611,39,166608942547,2502412,0
166.619,32,166616541565,2502412,0
166.624,39,166621761577,2502412,0
166.63,32,166627160995,2502412,0
166.632,39,166629691001,2502412,0
166.64,38,166637281019,2502412,0
166.642,32,166642359031,73000,1
166.643,37,166642457031,73000,1
166.643,39,166642617031,73000,1
166.645,38,166642697031,2502412,0
166.645,38,166645226443,73000,1
166.65,35,166647846043,2502412,0
166.661,39,166658055067,2502412,0
166.661,32,166660585073,73000,1
166.661,38,166660585073,73000,1
166.661,35,166660763073,73000,1
166.666,37,166663453079,2502412,0
166.666,39,166666196085,73000,1
166.674,35,166674187509,73000,1
166.677,37,166676806515,73000,1
166.677,32,166676806515,73000,1
166.687,37,166684557533,2502412,0
166.69,37,166689626545,73000,1
166.695,39,166692236551,2502412,0
166.697,35,166697314563,73000,1
166.703,39,166702463575,73000,1
166.705,37,166702561575,2502412,0
166.708,38,166707710587,73000,1
166.71,33,166710311593,73000,1
166.718,37,166715549605,2502412,0
166.723,39,166723148623,73000,1
166.731,37,166731140641,73000,1
166.734,37,166733759647,73000,1
166.741,38,166738944659,2502412,0
166.754,38,166751630689,2502412,0
166.757,37,166754240695,2502412,0
166.767,37,166766953725,73000,1
166.767,38,166767024725,73000,1
166.778,39,166775078149,2502412,0
166.78,39,166780138161,73000,1
166.78,37,166780227161,73000,1
166.786,37,166785429173,73000,1
166.791,38,166790560185,73000,1
166.801,32,166798390203,2502412,0
166.811,35,166808537227,2502412,0
166.816,32,166816145245,73000,1
166.816,36,166816234245,73000,1
166.816,39,166816234245,73000,1
166.821,32,166818844251,2502412,0
166.821,35,166821383257,73000,1
166.824,37,166824064263,73000,1
166.824,39,166824064263,73000,1
166.827,38,166826665269,73000,1
166.827,35,166826665269,73000,1
166.837,32,166834737287,2502412,0
166.842,38,166842336305,73000,1
166.855,32,166852652329,2502412,0
166.855,32,166855181741,73000,1
166.855,35,166855182335,73000,1
166.866,32,166865525359,73000,1
166.881,39,166878790795,2502412,0
166.884,39,166881320207,2502412,0
166.894,39,166891609231,2502412,0
166.894,39,166894138643,73000,1
166.897,35,166894219237,2502412,0
166.902,35,166899359249,2502412,0
166.902,35,166901906661,73000,1
166.91,36,166909826273,73000,1
166.912,39,166909906273,2502412,0
166.915,32,166912436279,2502412,0
166.92,32,166920124297,73000,1
166.92,35,166920195297,73000,1
166.92,32,166920266297,73000,1
166.923,39,166920346297,2502412,0
166.928,32,166925415309,2502412,0
166.928,32,166927944721,73000,1
166.931,35,166928016315,2502412,0
166.931,39,166930564321,73000,1
166.931,34,166930564321,73000,1
166.931,35,166930706321,73000,1
166.939,39,166936168333,2502412,0
166.951,34,166948818363,2502412,0
166.954,34,166953887375,73000,1
166.959,34,166956524381,2502412,0
166.959,39,166959063387,73000,1
166.959,32,166959134387,73000,1
166.959,35,166959134387,73000,1
166.964,37,166961735393,2502412,0
166.964,35,166964265399,73000,1
166.967,37,166966866405,73000,1
166.967,34,166966866405,73000,1
166.972,37,166969476411,2502412,0
166.977,37,166974536423,2502412,0
166.98,39,166977388429,2502412,0
166.982,35,166979927435,2502412,0
166.983,38,166982457441,73000,1
166.988,35,166985129447,2502412,0
166.988,39,166987668453,73000,1
166.988,37,166987810453,73000,1
166.996,35,166995560471,73000,1
166.998,32,166995631471,2502412,0
166.998,32,166998160883,73000,1
167.006,37,167003319489,2502412,0
167.006,37,167005848901,73000,1
167.006,34,167005849495,73000,1
167.009,35,167008530501,73000,1
167.014,34,167011149507,2502412,0
167.014,39,167013679513,73000,1
167.021,34,167018819525,2502412,0
167.029,34,167026418543,2502412,0
167.031,34,167028956955,2502412,0
167.032,37,167031495961,73000,1
167.032,32,167031566961,73000,1
167.045,34,167042230985,2502412,0
167.047,34,167047290997,73000,1
167.047,38,167047290997,73000,1
167.052,37,167049955003,2502412,0
167.055,35,167052485009,2502412,0
167.06,34,167060093027,73000,1
167.063,35,167062721033,73000,1
167.068,37,167067870045,73000,1
167.068,39,167067870045,73000,1
167.083,32,167080939481,2502412,0
167.089,35,167086008493,2502412,0
167.089,32,167088538499,73000,1
167.094,35,167091228505,2502412,0
167.099,37,167096288517,2502412,0
167.104,32,167101357529,2502412,0
167.112,35,167111513553,73000,1
167.112,32,167111584553,73000,1
167.114,37,167111664553,2502412,0
167.114,37,167114211965,73000,1
167.114,35,167114212559,73000,1
167.117,34,167116813565,73000,1
167.132,32,167132332601,73000,1
167.145,37,167142863625,2502412,0
167.148,35,167147932637,73000,1
167.148,37,167148012637,73000,1
167.151,34,167148083637,2502412,0
167.151,34,167150613049,73000,1
167.156,35,167155878655,73000,1
167.156,34,167155985655,73000,1
167.159,39,167156056655,2502412,0
167.169,39,167168724685,73000,1
167.169,38,167168795685,73000,1
167.169,32,167168795685,73000,1
167.169,37,167168795685,73000,1
167.187,39,167187023133,73000,1
167.2,37,167199869163,73000,1
167.218,34,167215174199,2502412,0
167.228,34,167225383223,2502412,0
167.241,34,167240912259,73000,1
167.246,34,167243513265,2502412,0
167.249,32,167246052271,2502412,0
167.251,34,167248582277,2502412,0
167.256,32,167253820289,2502412,0
167.264,34,167261437307,2502412,0
167.267,32,167266497319,73000,1
167.274,34,167274158337,73000,1
167.277,39,167274229337,2502412,0
167.277,34,167276777343,73000,1
167.28,32,167279485349,73000,1
167.28,34,167279485349,73000,1
167.282,39,167282104355,73000,1
167.288,39,167285044767,2502412,0
167.29,32,167290113779,73000,1
167.295,39,167292723785,2502412,0
167.3,39,167297943797,2502412,0
167.303,39,167303235809,73000,1
167.303,37,167303235809,73000,1
167.303,35,167303333809,73000,1
167.324,39,167321292851,2502412,0
167.339,39,167336606887,2502412,0
167.342,39,167341979899,73000,1
167.35,32,167349667917,73000,1
167.352,34,167352286923,73000,1
167.378,39,167377871983,73000,1
167.389,39,167388429413,73000,1
167.411,34,167408803461,2502412,0
167.422,34,167419137485,2502412,0
167.429,37,167429355509,73000,1
167.432,34,167429506509,2502412,0
167.442,34,167442236539,73000,1
167.46,34,167457845575,2502412,0
167.468,34,167468143599,73000,1
167.473,39,167470753605,2502412,0
167.478,34,167475902617,2502412,0
167.481,39,167480962629,73000,1
167.486,34,167486120641,73000,1
167.492,34,167489114053,2502412,0
167.502,39,167501880083,73000,1
167.504,34,167501960083,2502412,0
167.507,34,167504489495,2502412,0
167.517,34,167514734519,2502412,0
167.517,34,167517335525,73000,1
167.528,34,167525121543,2502412,0
167.53,34,167530181555,73000,1
167.535,34,167532871561,2502412,0
167.546,33,167546030591,73000,1
167.546,34,167546110591,73000,1
167.549,34,167548791597,73000,1
167.551,39,167551401603,73000,1
167.557,33,167556648615,73000,1
167.58,33,167580201669,73000,1
167.591,37,167588040687,2502412,0
167.593,34,167593422699,73000,1
167.596,37,167596023705,73000,1
167.604,32,167601172717,2502412,0
167.604,32,167603844723,73000,1
167.607,37,167606685729,73000,1
167.612,39,167609366735,2502412,0
167.612,33,167611914741,73000,1
167.615,39,167614888747,73000,1
167.615,32,167614888747,73000,1
167.62,34,167620304759,73000,1
167.62,32,167620384759,73000,1
167.621,39,167620455759,73000,1
167.621,33,167620455759,73000,1
167.636,37,167636231795,73000,1
167.65,35,167649896825,73000,1
167.658,39,167657646843,73000,1
167.665,34,167662955855,2502412,0
167.678,34,167678171891,73000,1
167.686,32,167683525903,2502412,0
167.689,39,167688656915,73000,1
167.697,34,167694163333,2502412,0
167.699,32,167699232345,73000,1
167.712,32,167709574369,2502412,0
167.717,34,167714705381,2502412,0
167.725,36,167722295399,2502412,0
167.73,36,167727444411,2502412,0
167.733,36,167732504423,73000,1
167.735,32,167732575423,2502412,0
167.735,34,167735185429,73000,1
167.735,37,167735185429,73000,1
167.738,32,167737804435,73000,1
167.74,34,167740405441,73000,1
167.743,32,167740618441,2502412,0
167.743,32,167743147853,73000,1
167.746,36,167743299447,2502412,0
167.759,36,167756351477,2502412,0
167.772,36,167769170507,2502412,0
167.779,36,167776769525,2502412,0
167.782,36,167781856537,73000,1
167.782,32,167781856537,73000,1
167.803,34,167800128985,2502412,0
167.803,34,167802676397,73000,1
167.805,34,167805286997,73000,1
167.808,36,167805366997,2502412,0
167.826,36,167823193039,2502412,0
167.828,32,167825732045,2502412,0
167.828,33,167828262051,73000,1
167.831,32,167830872057,73000,1
167.834,36,167833482063,73000,1
167.841,32,167838916075,2502412,0
167.849,36,167846595093,2502412,0
167.857,32,167857126117,73000,1
167.865,36,167862266129,2502412,0
167.872,34,167869865147,2502412,0
167.872,32,167872404153,73000,1
167.88,36,167880083171,73000,1
167.885,34,167882684177,2502412,0
167.893,34,167892894201,73000,1
167.893,32,167892894201,73000,1
167.898,36,167895566207,2502412,0
167.899,39,167898498213,73000,1
167.906,36,167903807225,2502412,0
167.906,34,167906346231,73000,1
167.917,36,167916546255,73000,1
167.925,36,167924475273,73000,1
167.935,37,167932261291,2502412,0
167.94,34,167937321303,2502412,0
167.945,37,167945000321,73000,1
167.95,37,167950131333,73000,1
167.95,34,167950131333,73000,1
167.969,34,167968643375,73000,1
167.969,32,167968732375,73000,1
167.969,36,167968732375,73000,1
167.977,34,167974201387,2502412,0
167.979,34,167976730799,2502412,0
167.984,37,167981808811,2502412,0
167.99,34,167989496829,73000,1
167.992,37,167992142835,73000,1
167.997,36,167997380847,73000,1
167.997,34,167997380847,73000,1
168.008,37,168005443271,2502412,0
168.016,37,168013033289,2502412,0
168.034,37,168033593337,73000,1
168.042,37,168041495355,73000,1
168.054,34,168054350385,73000,1
168.075,37,168072658427,2502412,0
168.091,37,168088025463,2502412,0
168.104,37,168103828905,73000,1
168.112,32,168109057917,2502412,0
168.114,32,168114268929,73000,1
168.125,38,168122027947,2502412,0
168.127,38,168124735953,2502412,0
168.127,37,168127265959,73000,1
168.127,32,168127265959,73000,1
168.143,38,168142534995,73000,1
168.168,39,168165796049,2502412,0
168.173,36,168170874061,2502412,0
168.173,37,168173422067,73000,1
168.174,36,168173591067,73000,1
168.174,39,168173671067,73000,1
168.181,38,168181341085,73000,1
168.182,36,168181439085,73000,1
168.182,32,168181519085,73000,1
168.184,34,168184129091,73000,1
168.187,39,168186748097,73000,1
168.197,38,168194436115,2502412,0
168.197,38,168196974527,73000,1
168.197,36,168197055121,73000,1
168.221,38,168220556581,73000,1
168.239,39,168236438617,2502412,0
168.242,37,168241516629,73000,1
168.249,39,168246976641,2502412,0
168.252,39,168249506053,2502412,0
168.26,39,168257105071,2502412,0
168.268,38,168265017089,2502412,0
168.268,38,168267725095,73000,1
168.27,38,168270335101,73000,1
168.27,39,168270335101,73000,1
168.271,33,168270451101,73000,1
168.278,39,168278237119,73000,1
168.281,36,168278317119,2502412,0
168.286,36,168283475131,2502412,0
168.286,32,168286005137,73000,1
168.289,37,168288819143,73000,1
168.289,36,168288890143,73000,1
168.297,38,168296551161,73000,1
168.297,39,168296551161,73000,1
168.312,33,168312417603,73000,1
168.313,36,168312488603,73000,1
168.315,38,168312568603,2502412,0
168.323,38,168322715627,73000,1
168.359,38,168356033705,2502412,0
168.369,38,168366644729,2502412,0
168.369,36,168369405735,73000,1
168.38,38,168377235753,2502412,0
168.38,34,168379765759,73000,1
168.383,38,168382757765,73000,1
168.383,34,168382837765,73000,1
168.396,39,168395665795,73000,1
168.401,38,168400903807,73000,1
168.445,35,168442159309,2502412,0
168.447,35,168444706721,2502412,0
168.455,36,168452314739,2502412,0
168.455,36,168454853151,73000,1
168.455,38,168454853745,73000,1
168.46,39,168460073757,73000,1
168.46,36,168460073757,73000,1
168.463,35,168460224757,2502412,0
168.465,35,168462754169,2502412,0
168.473,35,168470666187,2502412,0
168.476,35,168475815199,73000,1
168.494,36,168491377235,2502412,0
168.494,36,168493915647,73000,1
168.499,35,168499252253,73000,1
168.507,35,168504428265,2502412,0
168.512,35,168512357689,73000,1
168.513,36,168512535689,73000,1
168.513,32,168512633689,73000,1
168.515,36,168515234695,73000,1
168.521,35,168520463707,73000,1
168.546,35,168543616761,2502412,0
168.549,35,168548676773,73000,1
168.556,35,168553852785,2502412,0
168.564,35,168561451803,2502412,0
168.564,37,168563981809,73000,1
168.564,38,168564052809,73000,1
168.564,35,168564123809,73000,1
168.575,35,168574716833,73000,1
168.603,35,168600425893,2502412,0
168.606,35,168605619905,73000,1
168.613,36,168610937917,2502412,0
168.614,32,168613494923,73000,1
168.616,35,168616426335,73000,1
168.617,36,168616568335,73000,1
168.655,36,168652291419,2502412,0
168.657,36,168654829831,2502412,0
168.66,36,168657359243,2502412,0
168.663,36,168660005249,2502412,0
168.665,36,168662534661,2502412,0
168.673,36,168673340685,73000,1
168.673,35,168673340685,73000,1
168.684,36,168683549709,73000,1
168.689,38,168686239715,2502412,0
168.696,36,168693900733,2502412,0
168.704,38,168701624751,2502412,0
168.712,36,168709223769,2502412,0
168.714,38,168711753775,2502412,0
168.717,36,168714283781,2502412,0
168.722,36,168719710793,2502412,0
168.73,38,168729919817,73000,1
168.735,36,168735281829,73000,1
168.746,38,168745730853,73000,1
168.751,36,168748509859,2502412,0
168.754,36,168753596871,73000,1
168.764,36,168761275889,2502412,0
168.766,38,168763814895,2502412,0
168.769,36,168768919907,73000,1
168.777,38,168774479919,2502412,0
168.795,38,168792429961,2502412,0
168.803,39,168802576985,73000,1
168.805,38,168802647985,2502412,0
168.81,35,168810238003,73000,1
168.813,36,168810309003,2502412,0
168.815,36,168812838415,2502412,0
168.823,38,168823297845,73000,1
168.831,36,168828446857,2502412,0
168.834,36,168833524869,73000,1
168.849,38,168848802905,73000,1
168.852,36,168851430911,73000,1
168.854,38,168851501911,2502412,0
168.857,38,168854120917,2502412,0
168.859,38,168856650329,2502412,0
168.867,38,168867099353,73000,1
168.872,38,168869789359,2502412,0
168.878,38,168877701377,73000,1
168.88,38,168880311383,73000,1
168.894,38,168893442413,73000,1
168.894,36,168893442413,73000,1
168.919,35,168919010473,73000,1
168.925,35,168924756891,73000,1
168.93,32,168927375897,2502412,0
168.93,32,168929985903,73000,1
168.943,32,168942938933,73000,1
168.943,38,168943080933,73000,1
168.946,32,168945708939,73000,1
168.964,32,168963898981,73000,1
168.995,36,168995230053,73000,1
169.029,32,169029330537,73000,1
169.029,38,169029410537,73000,1
169.065,36,169065240621,73000,1
169.068,36,169065471621,2502412,0
169.081,36,169078201651,2502412,0
169.086,36,169086300669,73000,1
169.099,36,169099342699,73000,1
169.133,36,169133195183,73000,1
169.216,33,169215874375,73000,1
169.216,36,169215874375,73000,1
169.216,33,169216123375,73000,1
169.255,33,169252469865,2502412,0
169.265,33,169262732889,2502412,0
169.281,33,169278081925,2502412,0
169.286,33,169283141937,2502412,0
169.286,33,169285680349,73000,1
169.317,33,169314305009,2502412,0
169.322,33,169322029027,73000,1
169.327,38,169324630033,2502412,0
169.327,34,169327160039,73000,1
169.343,38,169340300475,2502412,0
169.345,38,169342838887,2502412,0
169.348,33,169347996899,73000,1
169.353,38,169350606905,2502412,0
169.366,38,169363523935,2502412,0
169.369,38,169366124941,2502412,0
169.371,38,169368663353,2502412,0
169.376,36,169373812365,2502412,0
169.389,36,169386462395,2502412,0
169.389,36,169389304807,73000,1
169.389,38,169389304807,73000,1
169.392,33,169392003813,73000,1
169.395,38,169392145813,2502412,0
169.395,38,169394684225,73000,1
169.418,35,169417685873,73000,1
169.418,36,169417685873,73000,1
169.423,38,169422825885,73000,1
169.447,36,169446496345,73000,1
169.472,38,169472135405,73000,1
169.487,38,169487413441,73000,1
169.508,36,169505721483,2502412,0
169.508,32,169508331489,73000,1
169.513,36,169510941495,2502412,0
169.519,33,169516090507,2502412,0
169.519,33,169518691513,73000,1
169.519,38,169518691513,73000,1
169.524,36,169521292519,2502412,0
169.537,35,169536811961,73000,1
169.537,33,169536811961,73000,1
169.542,35,169541951973,73000,1
169.55,36,169547082985,2502412,0
169.552,33,169549630991,2502412,0
169.565,36,169562281021,2502412,0
169.567,33,169564838027,2502412,0
169.567,33,169567367439,73000,1
169.57,36,169567439033,2502412,0
169.575,37,169572579045,2502412,0
169.575,33,169575118051,73000,1
169.578,36,169577799057,73000,1
169.585,37,169582939069,2502412,0
169.588,35,169585469075,2502412,0
169.588,37,169587999081,73000,1
169.591,35,169588070081,2502412,0
169.601,35,169601096111,73000,1
169.604,37,169601247111,2502412,0
169.609,37,169608855129,73000,1
169.612,35,169609015129,2502412,0
169.614,36,169614075141,73000,1
169.614,33,169614164141,73000,1
169.617,35,169616783147,73000,1
169.619,37,169616881147,2502412,0
169.627,35,169624605165,2502412,0
169.63,37,169627135171,2502412,0
169.637,35,169634956189,2502412,0
169.638,35,169637485601,73000,1
169.638,36,169637557195,73000,1
169.64,37,169637637195,2502412,0
169.661,37,169660898249,73000,1
169.666,37,169666038261,73000,1
169.669,35,169666109261,2502412,0
169.676,35,169676345285,73000,1
169.697,33,169697184333,73000,1
169.7,37,169697255333,2502412,0
169.705,37,169704872351,73000,1
169.705,35,169704943351,73000,1
169.72,37,169720301387,73000,1
169.739,36,169736299423,2502412,0
169.741,39,169738829429,2502412,0
169.744,36,169741752435,2502412,0
169.744,35,169744282441,73000,1
169.754,39,169751988459,2502412,0
169.757,37,169754598465,2502412,0
169.757,37,169757127877,73000,1
169.757,36,169757199471,73000,1
169.757,39,169757279471,73000,1
169.762,39,169759889477,2502412,0
169.77,35,169770054501,73000,1
169.773,39,169772762507,73000,1
169.773,37,169772762507,73000,1
169.788,36,169788120543,73000,1
169.788,39,169788120543,73000,1
169.809,36,169806312585,2502412,0
169.814,36,169811595597,2502412,0
169.819,39,169816664609,2502412,0
169.822,36,169819212615,2502412,0
169.822,36,169821751027,73000,1
169.822,39,169821751621,73000,1
169.837,37,169837047657,73000,1
169.84,36,169839648663,73000,1
169.86,39,169857858111,2502412,0
169.881,39,169880744165,73000,1
169.883,36,169880815165,2502412,0
169.883,36,169883353577,73000,1
169.891,39,169891193189,73000,1
169.912,39,169911924237,73000,1
169.917,36,169914623243,2502412,0
169.922,36,169922302261,73000,1
169.925,33,169924921267,73000,1
169.94,35,169937678297,2502412,0
169.945,35,169942774309,2502412,0
169.953,36,169953261333,73000,1
169.966,35,169963452357,2502412,0
169.969,35,169966062363,2502412,0
169.969,35,169968591775,73000,1
169.969,37,169968592369,73000,1
169.971,36,169971291375,73000,1
169.974,39,169971522375,2502412,0
169.979,39,169979130393,73000,1
169.992,35,169991958423,73000,1
169.992,39,169992029423,73000,1
170,33,169997178435,2502412,0
170.002,38,169999726441,2502412,0
170.008,39,170005108453,2502412,0
170.013,38,170010275465,2502412,0
170.015,33,170012805471,2502412,0
170.018,39,170017874483,73000,1
170.023,33,170020502489,2502412,0
170.023,38,170023041495,73000,1
170.026,39,170023112495,2502412,0
170.026,36,170025651501,73000,1
170.028,39,170025793501,2502412,0
170.028,33,170028323507,73000,1
170.031,38,170031013513,73000,1
170.034,35,170031084513,2502412,0
170.036,35,170036215525,73000,1
170.039,33,170036286525,2502412,0
170.039,35,170038825531,73000,1
170.039,33,170038896531,73000,1
170.039,39,170038896531,73000,1
170.06,39,170057327979,2502412,0
170.062,38,170059955985,2502412,0
170.065,38,170062556991,2502412,0
170.065,38,170065086403,73000,1
170.065,33,170065086997,73000,1
170.068,35,170065166997,2502412,0
170.07,39,170067795003,2502412,0
170.075,33,170072935015,2502412,0
170.078,35,170078022027,73000,1
170.081,38,170080650033,73000,1
170.083,39,170080730033,2502412,0
170.088,33,170085870045,2502412,0
170.091,39,170088613051,2502412,0
170.091,33,170091143057,73000,1
170.104,39,170101503081,2502412,0
170.107,39,170106876093,73000,1
170.107,33,170106876093,73000,1
170.11,39,170109646099,73000,1
170.11,35,170109717099,73000,1
170.11,37,170109922099,73000,1
170.131,34,170130474147,73000,1
170.133,38,170133093153,73000,1
170.136,35,170135703159,73000,1
170.141,39,170138349165,2502412,0
170.144,39,170143551177,73000,1
170.144,34,170143551177,73000,1
170.151,39,170148709189,2502412,0
170.152,33,170151552195,73000,1
170.152,35,170151552195,73000,1
170.159,39,170156879207,2502412,0
170.164,33,170161948219,2502412,0
170.17,33,170167088231,2502412,0
170.172,39,170172308243,73000,1
170.172,34,170172308243,73000,1
170.178,33,170177679255,73000,1
170.183,38,170180431261,2502412,0
170.183,39,170182961267,73000,1
170.186,33,170183032267,2502412,0
170.193,38,170190631285,2502412,0
170.198,38,170195771297,2502412,0
170.198,34,170198319303,73000,1
170.201,33,170200920309,73000,1
170.201,35,170200920309,73000,1
170.201,36,170200991309,73000,1
170.204,38,170203610315,73000,1
170.212,39,170209152327,2502412,0
170.212,39,170211681739,73000,1
170.217,37,170214292339,2502412,0
170.217,33,170216822345,73000,1
170.219,37,170216893345,2502412,0
170.22,33,170219512351,73000,1
170.222,37,170219583351,2502412,0
170.227,37,170227253369,73000,1
170.23,38,170229943375,73000,1
170.248,39,170245354411,2502412,0
170.253,37,170250423423,2502412,0
170.258,39,170255850435,2502412,0
170.266,37,170266068459,73000,1
170.269,39,170268705465,73000,1
170.274,37,170273845477,73000,1
170.284,35,170284188501,73000,1
170.284,38,170284188501,73000,1
170.284,33,170284268501,73000,1
170.287,39,170284339501,2502412,0
170.292,39,170292116519,73000,1
170.292,34,170292116519,73000,1
170.3,37,170297398531,2502412,0
170.3,37,170299936943,73000,1
170.303,32,170302538543,73000,1
170.305,37,170302627543,2502412,0
170.31,39,170307776555,2502412,0
170.313,34,170310618967,2502412,0
170.321,37,170318235985,2502412,0
170.321,37,170320765397,73000,1
170.321,34,170320765991,73000,1
170.331,39,170328445009,2502412,0
170.344,39,170343768045,73000,1
170.352,37,170351465063,73000,1
170.357,34,170354208069,2502412,0
170.36,34,170359590081,73000,1
170.36,39,170359590081,73000,1
170.368,34,170365024093,2502412,0
170.368,33,170367652099,73000,1
170.37,38,170367723099,2502412,0
170.373,38,170370270511,2502412,0
170.373,38,170372808923,73000,1
170.373,34,170372809517,73000,1
170.378,38,170378083529,73000,1
170.381,39,170380782535,73000,1
170.396,37,170393734565,2502412,0
170.399,34,170396344571,2502412,0
170.402,34,170401618583,73000,1
170.402,37,170401618583,73000,1
170.409,39,170406767595,2502412,0
170.412,34,170411978607,73000,1
170.412,37,170411978607,73000,1
170.423,39,170420023625,2502412,0
170.425,34,170425279637,73000,1
170.425,39,170425359637,73000,1
170.426,38,170425430637,73000,1
170.431,39,170430712649,73000,1
170.456,39,170456244709,73000,1
170.469,37,170466944139,2502412,0
170.472,37,170472093151,73000,1
170.49,37,170487566187,2502412,0
170.503,38,170500279217,2502412,0
170.503,38,170502808629,73000,1
170.503,37,170502880223,73000,1
170.516,37,170513196247,2502412,0
170.529,38,170526274683,2502412,0
170.529,37,170528822689,73000,1
170.542,38,170541854719,73000,1
170.542,37,170541934719,73000,1
170.547,34,170544615725,2502412,0
170.56,34,170560277167,73000,1
170.573,34,170570646191,2502412,0
170.573,34,170573184603,73000,1
170.576,38,170573265197,2502412,0
170.581,34,170580900215,73000,1
170.581,37,170580900215,73000,1
170.586,38,170583599221,2502412,0
170.586,39,170586129227,73000,1
170.601,38,170598895257,2502412,0
170.612,39,170611661287,73000,1
170.617,38,170614280293,2502412,0
170.637,38,170634860341,2502412,0
170.645,38,170642450359,2502412,0
170.65,38,170647519371,2502412,0
170.65,38,170650048783,73000,1
170.65,32,170650120377,73000,1
170.65,34,170650120377,73000,1
170.653,37,170652730383,73000,1
170.666,32,170663420813,2502412,0
170.666,32,170666030819,73000,1
170.666,32,170666190819,73000,1
170.666,37,170666279819,73000,1
170.674,38,170671419831,2502412,0
170.677,38,170676497843,73000,1
170.677,36,170676675843,73000,1
170.689,33,170686884867,2502412,0
170.697,38,170697076891,73000,1
170.702,33,170699677897,2502412,0
170.702,32,170702225903,73000,1
170.707,32,170704826909,2502412,0
170.71,32,170710064921,73000,1
170.71,38,170710064921,73000,1
170.713,33,170710153921,2502412,0
170.718,32,170715462933,2502412,0
170.723,33,170720880945,2502412,0
170.726,32,170726100957,73000,1
170.731,33,170728710963,2502412,0
170.736,32,170736380981,73000,1
170.739,33,170738990987,73000,1
170.754,32,170751748017,2502412,0
170.759,34,170756808029,2502412,0
170.764,34,170761948041,2502412,0
170.767,32,170767410053,73000,1
170.775,34,170772683065,2502412,0
170.785,33,170785333095,73000,1
170.791,34,170790500107,73000,1
170.798,34,170795702119,2502412,0
170.811,34,170808361149,2502412,0
170.811,32,170810998155,73000,1
170.811,38,170811069155,73000,1
170.819,34,170816298167,2502412,0
170.824,34,170821394179,2502412,0
170.834,33,170831871609,2502412,0
170.837,34,170836931621,73000,1
170.84,33,170837002621,2502412,0
170.84,38,170839603627,73000,1
170.847,33,170844761639,2502412,0
170.85,32,170849839651,73000,1
170.853,33,170850026651,2502412,0
170.868,33,170865322687,2502412,0
170.868,34,170868165693,73000,1
170.871,35,170870793699,73000,1
170.876,33,170873572705,2502412,0
170.884,34,170883817729,73000,1
170.894,33,170891549747,2502412,0
170.907,33,170904271777,2502412,0
170.92,33,170917197807,2502412,0
170.928,32,170927817831,73000,1
170.933,33,170932957843,73000,1
170.954,33,170953873891,73000,1
170.962,33,170961659909,73000,1
170.967,38,170966888921,73000,1
170.985,34,170985187369,73000,1
170.988,32,170985329369,2502412,0
170.998,32,170998113399,73000,1
171.003,32,171000785405,2502412,0
171.006,32,171005925417,73000,1
171.009,34,171008526423,73000,1
171.011,32,171011127429,73000,1
171.027,33,171024124459,2502412,0
171.027,33,171026653871,73000,1
171.027,36,171026805465,73000,1
171.045,37,171042405507,2502412,0
171.053,33,171050013525,2502412,0
171.06,33,171060160549,73000,1
171.06,37,171060160549,73000,1
171.073,33,171070547573,2502412,0
171.073,33,171073399579,73000,1
171.073,37,171073399579,73000,1
171.073,32,171073399579,73000,1
171.094,32,171093906627,73000,1
171.099,34,171096543633,2502412,0
171.104,34,171101674645,2502412,0
171.107,37,171104204651,2502412,0
171.109,37,171106743063,2502412,0
171.109,37,171109281475,73000,1
171.112,34,171111892075,73000,1
171.112,33,171111892075,73000,1
171.117,34,171114582081,2502412,0
171.122,34,171122190099,73000,1
171.122,33,171122279099,73000,1
171.122,39,171122279099,73000,1
171.125,34,171124889105,73000,1
171.136,37,171135562129,73000,1
171.141,37,171141013141,73000,1
171.157,34,171156514177,73000,1
171.183,37,171182723643,73000,1
171.193,33,171193110667,73000,1
171.196,32,171193181667,2502412,0
171.211,32,171208370703,2502412,0
171.219,32,171216049721,2502412,0
171.224,34,171223648739,73000,1
171.229,32,171228984751,73000,1
171.235,35,171232058763,2502412,0
171.235,32,171234588769,73000,1
171.245,35,171244921793,73000,1
171.25,35,171250052805,73000,1
171.276,32,171273632859,2502412,0
171.276,35,171276162865,73000,1
171.287,32,171286773295,73000,1
171.295,32,171294523313,73000,1
171.302,35,171299663325,2502412,0
171.312,35,171309899349,2502412,0
171.313,34,171312509355,73000,1
171.325,32,171322745379,2502412,0
171.328,35,171325275385,2502412,0
171.333,35,171330584397,2502412,0
171.336,32,171336037409,73000,1
171.336,38,171336037409,73000,1
171.349,35,171346530433,2502412,0
171.352,35,171351626445,73000,1
171.354,32,171351697445,2502412,0
171.354,32,171354226857,73000,1
171.354,35,171354227451,73000,1
171.367,35,171364454475,2502412,0
171.375,32,171372231493,2502412,0
171.377,35,171374779499,2502412,0
171.38,32,171380160917,73000,1
171.38,33,171380160917,73000,1
171.385,35,171382770923,2502412,0
171.388,32,171387919935,73000,1
171.393,35,171390600941,2502412,0
171.396,35,171395660953,73000,1
171.398,37,171398332959,73000,1
171.406,32,171403739971,2502412,0
171.414,32,171411480989,2502412,0
171.422,32,171419169007,2502412,0
171.424,35,171424238019,73000,1
171.432,32,171429467031,2502412,0
171.437,32,171434572043,2502412,0
171.437,32,171437423455,73000,1
171.443,32,171442643467,73000,1
171.45,35,171447863479,2502412,0
171.468,35,171468343527,73000,1
171.471,32,171471015533,73000,1
171.487,35,171486864975,73000,1
171.52,35,171517617047,2502412,0
171.536,35,171535452089,73000,1
171.546,35,171543444107,2502412,0
171.556,35,171553662131,2502412,0
171.556,35,171556191543,73000,1
171.577,32,171576699185,73000,1
171.579,35,171576779185,2502412,0
171.579,35,171579335597,73000,1
171.6,32,171600138645,73000,1
171.615,35,171612877675,2502412,0
171.626,35,171625741705,73000,1
171.662,35,171659496783,2502412,0
171.672,35,171669759807,2502412,0
171.691,35,171688040255,2502412,0
171.696,35,171693242267,2502412,0
171.698,35,171695771679,2502412,0
171.719,35,171716118727,2502412,0
171.737,35,171736430775,73000,1
171.737,34,171736501775,73000,1
171.75,35,171749944805,73000,1
171.771,32,171770478853,73000,1
171.799,39,171796403319,2502412,0
171.819,39,171816759367,2502412,0
171.822,33,171819289373,2502412,0
171.824,39,171821819379,2502412,0
171.827,35,171826879391,73000,1
171.84,33,171837177415,2502412,0
171.84,39,171839725421,73000,1
171.84,33,171839796421,73000,1
171.845,36,171845025433,73000,1
171.845,33,171845096433,73000,1
171.856,39,171855787457,73000,1
171.856,36,171855858457,73000,1
171.874,36,171871546493,2502412,0
171.874,36,171874084905,73000,1
171.877,39,171874174499,2502412,0
171.884,39,171884374523,73000,1
171.898,39,171897505959,73000,1
171.898,37,171897505959,73000,1
171.9,33,171900115965,73000,1
171.903,39,171902912971,73000,1
171.903,36,171902983971,73000,1
171.914,35,171913495995,73000,1
171.929,36,171926324025,2502412,0
171.929,38,171928854031,73000,1
171.934,36,171934065043,73000,1
171.937,38,171936862049,73000,1
171.945,36,171942153061,2502412,0
171.95,38,171947302073,2502412,0
171.96,36,171957752503,2502412,0
171.963,36,171960371509,2502412,0
171.968,38,171965502521,2502412,0
171.981,36,171980762557,73000,1
171.983,33,171980833557,2502412,0
171.983,33,171983380969,73000,1
171.983,38,171983381563,73000,1
171.994,38,171994151993,73000,1
172.004,36,172001964011,2502412,0
172.007,33,172007033023,73000,1
172.01,33,172009705029,73000,1
172.012,39,172012413035,73000,1
172.015,36,172012484035,2502412,0
172.035,36,172035405089,73000,1
172.036,38,172035476089,73000,1
172.036,39,172035476089,73000,1
172.048,39,172048260119,73000,1
172.064,35,172061508149,2502412,0
172.067,37,172064047155,2502412,0
172.069,36,172066577161,2502412,0
172.069,35,172069107167,73000,1
172.077,36,172074327179,2502412,0
172.084,37,172081944197,2502412,0
172.09,37,172087004209,2502412,0
172.092,37,172089551621,2502412,0
172.095,36,172092081627,2502412,0
172.095,36,172094620039,73000,1
172.098,36,172097543045,73000,1
172.098,33,172097623045,73000,1
172.098,35,172097623045,73000,1
172.1,37,172097774045,2502412,0
172.103,37,172100303457,2502412,0
172.103,37,172102832869,73000,1
172.111,38,172110832481,73000,1
172.111,35,172111072481,73000,1
172.127,37,172126439517,73000,1
172.129,36,172126519517,2502412,0
172.129,36,172129057929,73000,1
172.145,37,172142180553,2502412,0
172.15,36,172147347565,2502412,0
172.16,36,172160310595,73000,1
172.16,37,172160310595,73000,1
172.168,36,172168114613,73000,1
172.176,37,172175900631,73000,1
172.215,35,172215177127,73000,1
172.223,36,172220335139,2502412,0
172.228,37,172227934157,73000,1
172.241,36,172238232181,2502412,0
172.253,36,172250900211,2502412,0
172.259,36,172258972229,73000,1
172.269,36,172269297253,73000,1
172.297,37,172294856313,2502412,0
172.313,37,172313003761,73000,1
172.313,33,172313003761,73000,1
172.319,32,172316013767,2502412,0
172.319,32,172318543179,73000,1
172.319,37,172318543773,73000,1
172.319,38,172318632773,73000,1
172.327,36,172326515791,73000,1
172.332,32,172329196797,2502412,0
172.349,32,172346951839,2502412,0
172.352,37,172352020851,73000,1
172.352,34,172352020851,73000,1
172.355,32,172352162851,2502412,0
172.36,32,172357249863,2502412,0
172.368,37,172365223287,2502412,0
172.368,37,172367752699,73000,1
172.376,32,172373080305,2502412,0
172.376,32,172375699311,73000,1
172.376,37,172375841311,73000,1
172.397,32,172394049353,2502412,0
172.404,32,172401657371,2502412,0
172.415,32,172412277395,2502412,0
172.42,32,172417435407,2502412,0
172.428,32,172425096425,2502412,0
172.43,32,172430245437,73000,1
172.43,37,172430245437,73000,1
172.438,36,172438324455,73000,1
172.459,32,172458769503,73000,1
172.467,37,172464293515,2502412,0
172.474,35,172471919533,2502412,0
172.477,37,172474449539,2502412,0
172.477,35,172476979545,73000,1
172.477,32,172477077545,73000,1
172.482,37,172482235557,73000,1
172.482,35,172482235557,73000,1
172.492,32,172489896575,2502412,0
172.492,32,172492425987,73000,1
172.498,35,172495098587,2502412,0
172.5,35,172500176599,73000,1
172.5,37,172500176599,73000,1
172.506,37,172505842017,73000,1
172.506,32,172505993017,73000,1
172.522,32,172521431053,73000,1
172.524,35,172521529053,2502412,0
172.529,32,172529119071,73000,1
172.534,35,172531765077,2502412,0
172.539,35,172539364095,73000,1
172.55,35,172550072119,73000,1
172.558,37,172558089137,73000,1
172.584,39,172584014197,73000,1
172.6,35,172599923233,73000,1
172.652,36,172651645759,73000,1
172.665,35,172664740789,73000,1
172.678,38,172677934819,73000,1
172.681,32,172680553825,73000,1
172.709,33,172708802891,73000,1
172.76,37,172760321417,73000,1
172.774,39,172774004447,73000,1
172.799,39,172796943501,2502412,0
172.805,39,172804649519,73000,1
172.807,39,172807277525,73000,1
172.807,33,172807384525,73000,1
172.808,35,172807473525,73000,1
172.852,39,172851926033,73000,1
172.867,32,172867346069,73000,1
172.878,32,172878135093,73000,1
172.907,39,172906562159,73000,1
172.909,39,172909261165,73000,1
172.974,37,172974168721,73000,1
173.029,32,173026416247,2502412,0
173.032,32,173031476259,73000,1
173.037,36,173034104265,2502412,0
173.039,32,173039173277,73000,1
173.055,36,173052001307,2502412,0
173.055,32,173054531313,73000,1
173.065,36,173062352331,2502412,0
173.067,36,173064971337,2502412,0
173.075,36,173072748355,2502412,0
173.081,36,173080890779,73000,1
173.094,36,173091499803,2502412,0
173.094,36,173094029215,73000,1
173.097,36,173096639815,73000,1
173.125,36,173125050287,73000,1
173.176,35,173173610401,2502412,0
173.176,35,173176148813,73000,1
173.182,32,173181611419,73000,1
173.199,35,173196960455,2502412,0
173.205,35,173204550473,73000,1
173.205,36,173204550473,73000,1
173.22,35,173220139509,73000,1
173.256,35,173253982993,2502412,0
173.259,35,173259132005,73000,1
173.269,34,173266838023,2502412,0
173.274,34,173271934035,2502412,0
173.28,34,173279631053,73000,1
173.283,35,173280015059,2502412,0
173.283,32,173282705065,73000,1
173.283,35,173282785065,73000,1
173.296,34,173295524095,73000,1
173.303,35,173300664107,2502412,0
173.314,35,173313758137,73000,1
173.319,35,173319014149,73000,1
173.327,34,173327005573,73000,1
173.345,37,173342523609,2502412,0
173.35,35,173347592621,2502412,0
173.355,35,173352732633,2502412,0
173.355,35,173355280045,73000,1
173.355,37,173355280639,73000,1
173.363,37,173360562651,2502412,0
173.371,39,173368152669,2502412,0
173.371,37,173370682675,73000,1
173.371,35,173370682675,73000,1
173.378,39,173375867687,2502412,0
173.383,39,173380927699,2502412,0
173.394,39,173394015135,73000,1
173.397,39,173396696141,73000,1
173.397,36,173396696141,73000,1
173.402,37,173402049153,73000,1
173.402,35,173402120153,73000,1
173.436,37,173433211631,2502412,0
173.441,39,173438271643,2502412,0
173.446,35,173443340655,2502412,0
173.451,39,173448418667,2502412,0
173.454,34,173453478679,73000,1
173.464,37,173461139697,2502412,0
173.464,37,173463669109,73000,1
173.464,39,173463669703,73000,1
173.469,35,173466279709,2502412,0
173.479,35,173478992739,73000,1
173.482,39,173479134739,2502412,0
173.484,37,173481691745,2502412,0
173.484,39,173484230751,73000,1
173.484,37,173484399751,73000,1
173.497,37,173494983781,2502412,0
173.503,35,173502787799,73000,1
173.503,37,173502858799,73000,1
173.503,39,173502858799,73000,1
173.508,37,173505459805,2502412,0
173.511,37,173508087811,2502412,0
173.513,38,173510617817,2502412,0
173.516,37,173515677829,73000,1
173.518,38,173518350835,73000,1
173.526,37,173523481847,2502412,0
173.537,39,173534003277,2502412,0
173.539,39,173536541689,2502412,0
173.542,37,173539071695,2502412,0
173.542,37,173541601107,73000,1
173.544,35,173541672701,2502412,0
173.547,38,173546741713,73000,1
173.547,39,173546812713,73000,1
173.552,39,173552041725,73000,1
173.557,35,173554731731,2502412,0
173.567,37,173564958755,2502412,0
173.57,37,173567488167,2502412,0
173.575,37,173572557179,2502412,0
173.575,35,173575087185,73000,1
173.578,38,173577706191,73000,1
173.58,39,173577777191,2502412,0
173.583,37,173580307197,2502412,0
173.593,37,173593368227,73000,1
173.594,39,173593439227,73000,1
173.604,37,173601225245,2502412,0
173.606,32,173603755251,2502412,0
173.609,35,173606374257,2502412,0
173.609,39,173608904263,73000,1
173.609,37,173608975263,73000,1
173.609,34,173608975263,73000,1
173.617,32,173616636281,73000,1
173.619,35,173616858281,2502412,0
173.632,35,173629713311,2502412,0
173.635,35,173632556317,2502412,0
173.638,32,173635086323,2502412,0
173.638,32,173637624735,73000,1
173.638,37,173637625329,73000,1
173.64,32,173640306335,73000,1
173.646,35,173645455347,73000,1
173.646,37,173645713347,73000,1
173.648,32,173648412353,73000,1
173.649,35,173648492353,73000,1
173.654,35,173651182359,2502412,0
173.654,39,173653712365,73000,1
173.659,35,173659003377,73000,1
173.672,33,173671742407,73000,1
173.674,35,173671822407,2502412,0
173.674,38,173674352413,73000,1
173.679,33,173676953419,2502412,0
173.685,35,173682040431,2502412,0
173.692,35,173689961449,2502412,0
173.693,33,173692518455,73000,1
173.695,37,173695146461,73000,1
173.698,35,173695217461,2502412,0
173.71,39,173707965491,2502412,0
173.713,35,173713025503,73000,1
173.713,33,173713132503,73000,1
173.716,39,173713221503,2502412,0
173.721,39,173720811521,73000,1
173.736,39,173733772551,2502412,0
173.742,36,173739181563,2502412,0
173.752,39,173749310587,2502412,0
173.752,35,173751840593,73000,1
173.755,39,173754459599,73000,1
173.755,33,173754459599,73000,1
173.757,36,173754539599,2502412,0
173.76,32,173759626611,73000,1
173.76,36,173759697611,73000,1
173.762,39,173759768611,2502412,0
173.765,32,173764846623,73000,1
173.778,39,173775073647,2502412,0
173.778,35,173777612653,73000,1
173.78,36,173780347659,73000,1
173.786,39,173783028665,2502412,0
173.788,38,173788408677,73000,1
173.794,39,173793923689,73000,1
173.797,33,173796533695,73000,1
173.81,36,173809584725,73000,1
173.822,35,173819784749,2502412,0
173.825,39,173822323755,2502412,0
173.83,39,173830038773,73000,1
173.833,35,173832639779,73000,1
173.833,34,173832808779,73000,1
173.838,33,173835427785,2502412,0
173.841,35,173840800797,73000,1
173.846,33,173845967809,73000,1
173.854,39,173851107821,2502412,0
173.854,39,173853655233,73000,1
173.854,33,173853655827,73000,1
173.866,33,173863944851,2502412,0
173.869,37,173869093863,73000,1
173.869,35,173869093863,73000,1
173.874,38,173871783869,2502412,0
173.874,33,173874331875,73000,1
173.874,38,173874402875,73000,1
173.88,39,173877172881,2502412,0
173.882,39,173882241893,73000,1
173.89,33,173889982911,73000,1
173.906,38,173903212941,2502412,0
173.906,38,173905742353,73000,1
173.916,39,173916058971,73000,1
173.921,38,173918766977,2502412,0
173.926,38,173923835989,2502412,0
173.934,38,173933974013,73000,1
173.934,36,173933974013,73000,1
173.939,38,173936575019,2502412,0
173.95,33,173947079043,2502412,0
173.955,35,173952148055,2502412,0
173.957,38,173954767061,2502412,0
173.957,35,173957297067,73000,1
173.965,33,173964994085,73000,1
173.965,39,173964994085,73000,1
173.965,38,173965101085,73000,1
173.968,39,173965172085,2502412,0
173.97,39,173970241097,73000,1
173.97,38,173970241097,73000,1
173.973,35,173972842103,73000,1
173.991,33,173990837145,73000,1
173.993,39,173990908145,2502412,0
173.996,38,173993438151,2502412,0
173.996,39,173995977157,73000,1
173.996,38,173996057157,73000,1
173.996,35,173996057157,73000,1
174.001,37,173998971163,2502412,0
174.002,35,174001501169,73000,1
174.004,33,174004182175,73000,1
174.004,38,174004182175,73000,1
174.009,37,174006819181,2502412,0
174.009,37,174009375593,73000,1
174.015,39,174012084193,2502412,0
174.017,39,174014631605,2502412,0
174.02,39,174019762617,73000,1
174.027,39,174024893629,2502412,0
174.033,37,174030033641,2502412,0
174.035,39,174035120653,73000,1
174.035,33,174035191653,73000,1
174.043,37,174043174077,73000,1
174.043,32,174043245077,73000,1
174.053,38,174050933095,2502412,0
174.064,38,174061062119,2502412,0
174.066,38,174066131131,73000,1
174.069,38,174068750137,73000,1
174.071,37,174068830137,2502412,0
174.074,39,174073908149,73000,1
174.082,39,174079110161,2502412,0
174.082,39,174081648573,73000,1
174.082,37,174081649167,73000,1
174.087,37,174087136179,73000,1
174.092,33,174092356191,73000,1
174.1,39,174100348209,73000,1
174.121,38,174118299251,2502412,0
174.123,37,174120829257,2502412,0
174.126,37,174125996269,73000,1
174.131,38,174131207281,73000,1
174.131,39,174131207281,73000,1
174.137,37,174136454293,73000,1
174.139,37,174139251299,73000,1
174.14,38,174139544299,73000,1
174.148,36,174147597723,73000,1
174.15,39,174150269729,73000,1
174.184,38,174181182801,2502412,0
174.197,38,174196549837,73000,1
174.199,37,174196629837,2502412,0
174.205,38,174204612855,73000,1
174.21,35,174207213861,2502412,0
174.212,35,174209761273,2502412,0
174.217,37,174214892285,2502412,0
174.225,35,174222589303,2502412,0
174.23,37,174227747315,2502412,0
174.241,35,174240504345,73000,1
174.243,38,174243123351,73000,1
174.243,37,174243194351,73000,1
174.249,38,174246348363,2502412,0
174.252,37,174251479375,73000,1
174.254,38,174251737375,2502412,0
174.265,35,174262008399,2502412,0
174.267,38,174267148411,73000,1
174.267,35,174267228411,73000,1
174.285,37,174285027453,73000,1
174.29,32,174287628459,2502412,0
174.306,32,174305847501,73000,1
174.306,35,174305847501,73000,1
174.308,38,174305927501,2502412,0
174.319,38,174316047525,2502412,0
174.321,32,174321143537,73000,1
174.321,35,174321223537,73000,1
174.331,38,174328973555,2502412,0
174.334,37,174331583561,2502412,0
174.339,38,174336652573,2502412,0
174.347,33,174344260591,2502412,0
174.349,37,174346790597,2502412,0
174.352,33,174349633603,2502412,0
174.352,39,174352243609,73000,1
174.355,38,174352314609,2502412,0
174.357,33,174357374621,73000,1
174.36,37,174357454621,2502412,0
174.365,33,174362514633,2502412,0
174.365,33,174365044045,73000,1
174.373,37,174370175651,2502412,0
174.38,38,174377774669,2502412,0
174.38,38,174380375675,73000,1
174.388,37,174385542687,2502412,0
174.391,37,174390602699,73000,1
174.391,33,174390602699,73000,1
174.391,35,174390673699,73000,1
174.398,32,174398406717,73000,1
174.406,38,174403608729,2502412,0
174.407,37,174406469141,73000,1
174.414,33,174411618153,2502412,0
174.417,33,174414165565,2502412,0
174.422,38,174419252577,2502412,0
174.424,33,174421782583,2502412,0
174.429,33,174426851595,2502412,0
174.429,33,174429390007,73000,1
174.442,38,174439599625,2502412,0
174.445,38,174444739637,73000,1
174.445,33,174444739637,73000,1
174.45,33,174447376643,2502412,0
174.45,33,174449906055,73000,1
174.453,33,174452847061,73000,1
174.458,37,174457978073,73000,1
174.461,38,174458156073,2502412,0
174.473,38,174473425109,73000,1
174.494,37,174494093157,73000,1
174.497,32,174494164157,2502412,0
174.497,38,174496703163,73000,1
174.499,32,174496774163,2502412,0
174.507,37,174504373181,2502412,0
174.509,32,174506903187,2502412,0
174.517,33,174514823611,2502412,0
174.525,32,174524997635,73000,1
174.525,37,174524997635,73000,1
174.528,33,174525077635,2502412,0
174.538,38,174535473659,2502412,0
174.541,33,174540533671,73000,1
174.546,33,174543205677,2502412,0
174.548,32,174545744683,2502412,0
174.548,38,174548292689,73000,1
174.551,37,174550893695,73000,1
174.554,33,174551035695,2502412,0
174.556,32,174553878701,2502412,0
174.559,33,174556408707,2502412,0
174.562,33,174561575719,73000,1
174.562,32,174561575719,73000,1
174.562,35,174561655719,73000,1
174.567,33,174564283725,2502412,0
174.577,32,174576978755,73000,1
174.58,38,174577067755,2502412,0
174.585,33,174582127767,2502412,0
174.595,38,174592336791,2502412,0
174.597,33,174597423803,73000,1
174.598,37,174597503803,73000,1
174.608,38,174607721827,73000,1
174.624,38,174621200857,2502412,0
174.626,33,174623739863,2502412,0
174.631,32,174628799875,2502412,0
174.634,33,174631409881,2502412,0
174.637,35,174636487893,73000,1
174.639,38,174636647893,2502412,0
174.642,32,174639319899,2502412,0
174.642,38,174641849905,73000,1
174.642,33,174641849905,73000,1
174.645,32,174644575911,73000,1
174.645,36,174644575911,73000,1
174.657,39,174654988935,2502412,0
174.663,33,174660450947,2502412,0
174.663,33,174662980359,73000,1
174.666,39,174665590959,73000,1
174.666,32,174665670959,73000,1
174.673,38,174673420977,73000,1
174.676,38,174676039983,73000,1
174.679,39,174678676989,73000,1
174.679,33,174678676989,73000,1
174.712,38,174709313061,2502412,0
174.72,39,174717216079,2502412,0
174.727,38,174727354103,73000,1
174.727,33,174727354103,73000,1
174.73,39,174727425103,2502412,0
174.732,39,174729954515,2502412,0
174.733,37,174732493521,73000,1
174.74,32,174737722533,2502412,0
174.74,33,174740323539,73000,1
174.743,39,174743004545,73000,1
174.748,38,174745650551,2502412,0
174.753,32,174750710563,2502412,0
174.756,32,174755779575,73000,1
174.761,38,174761240993,73000,1
174.772,39,174769053011,2502412,0
174.772,39,174771582423,73000,1
174.777,32,174774211023,2502412,0
174.784,39,174781899041,2502412,0
174.787,32,174787057053,73000,1
174.79,38,174787137053,2502412,0
174.792,39,174789703059,2502412,0
174.792,32,174792242065,73000,1
174.797,39,174794861071,2502412,0
174.803,38,174800001083,2502412,0
174.803,39,174802531089,73000,1
174.803,38,174802673089,73000,1
174.826,39,174823618137,2502412,0
174.826,36,174826148143,73000,1
174.826,39,174826255143,73000,1
174.826,38,174826255143,73000,1
174.837,38,174834032161,2502412,0
174.847,34,174846700191,73000,1
174.852,38,174849301197,2502412,0
174.857,32,174854379209,2502412,0
174.857,39,174856927215,73000,1
174.86,32,174857007215,2502412,0
174.862,32,174859536627,2502412,0
174.863,38,174862468633,73000,1
174.865,39,174862548633,2502412,0
174.868,39,174865078045,2502412,0
174.868,32,174867608051,73000,1
174.873,39,174872739063,73000,1
174.883,32,174880489081,2502412,0
174.886,32,174885700093,73000,1
174.888,38,174888381099,73000,1
174.888,39,174888381099,73000,1
174.894,33,174893646111,73000,1
174.894,39,174893797111,73000,1
174.899,32,174896398117,2502412,0
174.907,32,174906750141,73000,1
174.915,38,174914518159,73000,1
174.928,32,174925156183,2502412,0
174.935,32,174932906201,2502412,0
174.943,32,174943080225,73000,1
174.946,34,174943178225,2502412,0
174.953,34,174953387249,73000,1
174.959,32,174956015255,2502412,0
174.969,32,174969066691,73000,1
174.969,37,174969066691,73000,1
174.974,32,174971667697,2502412,0
174.977,34,174974197703,2502412,0
174.979,34,174976727115,2502412,0
174.982,32,174979346121,2502412,0
174.984,34,174981876127,2502412,0
175.002,32,174999693169,2502412,0
175.002,32,175002222581,73000,1
175.005,34,175004833181,73000,1
175.02,38,175017830211,2502412,0
175.026,38,175025733229,73000,1
175.026,32,175025733229,73000,1
175.028,32,175028405235,73000,1
175.031,39,175028476235,2502412,0
175.044,39,175041135265,2502412,0
175.046,34,175043665271,2502412,0
175.051,34,175048770283,2502412,0
175.051,39,175051300289,73000,1
175.064,38,175061598313,2502412,0
175.069,34,175066979731,2502412,0
175.075,38,175072057743,2502412,0
175.08,34,175079692761,73000,1
175.087,38,175084903773,2502412,0
175.092,39,175089972785,2502412,0
175.098,38,175095112797,2502412,0
175.1,34,175100243809,73000,1
175.1,39,175100314809,73000,1
175.103,38,175100385809,2502412,0
175.108,39,175107975827,73000,1
175.108,34,175108046827,73000,1
175.116,38,175113195839,2502412,0
175.121,38,175118273851,2502412,0
175.123,38,175120803263,2502412,0
175.124,38,175123645675,73000,1
175.126,38,175126282681,73000,1
175.149,39,175149409735,73000,1
175.162,32,175159654759,2502412,0
175.175,32,175172937195,2502412,0
175.181,32,175178024207,2502412,0
175.183,38,175180554213,2502412,0
175.188,38,175185659225,2502412,0
175.201,32,175198398255,2502412,0
175.206,38,175206095273,73000,1
175.209,32,175206166273,2502412,0
175.224,38,175221391309,2502412,0
175.224,34,175223921315,73000,1
175.224,38,175224001315,73000,1
175.224,32,175224143315,73000,1
175.23,39,175229685327,73000,1
175.232,33,175229836327,2502412,0
175.232,33,175232383739,73000,1
175.238,32,175235074339,2502412,0
175.24,38,175237604345,2502412,0
175.243,32,175240134351,2502412,0
175.248,32,175248062369,73000,1
175.251,38,175250663375,73000,1
175.263,33,175260881399,2502412,0
175.263,33,175263410811,73000,1
175.264,32,175263491405,73000,1
175.274,38,175271571829,2502412,0
175.292,32,175289290871,2502412,0
175.292,38,175291900877,73000,1
175.292,33,175291900877,73000,1
175.295,32,175294581883,73000,1
175.302,37,175302278901,73000,1
175.31,38,175310002919,73000,1
175.31,33,175310002919,73000,1
175.313,32,175312603925,73000,1
175.331,38,175330751967,73000,1
175.336,32,175336087979,73000,1
175.377,32,175377184481,73000,1
175.38,38,175379803487,73000,1
175.396,39,175395659523,73000,1
175.424,33,175421253583,2502412,0
175.429,33,175426482595,2502412,0
175.437,33,175434492613,2502412,0
175.455,34,175454892661,73000,1
175.458,33,175457564667,73000,1
175.458,32,175457760667,73000,1
175.46,34,175457902667,2502412,0
175.463,33,175463105679,73000,1
175.463,32,175463105679,73000,1
175.466,34,175465795685,73000,1
175.474,39,175473456703,73000,1
175.487,34,175484236133,2502412,0
175.494,33,175494374157,73000,1
175.497,34,175496984163,73000,1
175.518,34,175518104211,73000,1
175.526,38,175525872229,73000,1
175.559,34,175556866301,2502412,0
175.562,34,175561953313,73000,1
175.601,34,175600642809,73000,1
175.601,35,175600713809,73000,1
175.616,34,175616241845,73000,1
175.616,33,175616241845,73000,1
175.684,36,175681141401,2502412,0
175.686,34,175686219413,73000,1
175.694,36,175691439425,2502412,0
175.702,36,175701773449,73000,1
175.715,36,175714779479,73000,1
175.715,33,175715099479,73000,1
175.746,36,175743935545,2502412,0
175.752,33,175749173557,2502412,0
175.759,36,175759293581,73000,1
175.762,33,175759373581,2502412,0
175.765,33,175764433593,73000,1
175.775,36,175772094611,2502412,0
175.785,36,175785244047,73000,1
175.803,33,175803150089,73000,1
175.803,36,175803150089,73000,1
175.834,36,175833929161,73000,1
175.858,33,175857565215,73000,1
175.894,36,175894134705,73000,1
175.894,34,175894294705,73000,1
175.907,33,175907131735,73000,1
175.943,37,175940315813,2502412,0
175.943,37,175943158225,73000,1
175.956,37,175953802249,2502412,0
175.962,37,175961552267,73000,1
175.964,33,175961623267,2502412,0
175.964,37,175964162273,73000,1
175.969,36,175969391285,73000,1
175.972,32,175969471285,2502412,0
175.972,32,175972000697,73000,1
175.975,37,175972072291,2502412,0
175.977,33,175977203303,73000,1
175.98,37,175977301303,2502412,0
175.987,37,175984900321,2502412,0
175.99,32,175987743327,2502412,0
175.996,32,175995431345,73000,1
175.996,32,175995582345,73000,1
175.998,32,175998254351,73000,1
175.998,37,175998254351,73000,1
176.006,33,176005924369,73000,1
176.011,39,176008765375,2502412,0
176.011,39,176011294787,73000,1
176.017,37,176014012387,2502412,0
176.027,38,176026662417,73000,1
176.027,37,176026733417,73000,1
176.027,39,176026831417,73000,1
176.03,39,176029521423,73000,1
176.038,37,176037627441,73000,1
176.058,33,176058287489,73000,1
176.079,39,176078946537,73000,1
176.087,32,176086794555,73000,1
176.1,37,176097688985,2502412,0
176.103,37,176102775997,73000,1
176.128,37,176128379057,73000,1
176.144,33,176141269087,2502412,0
176.144,33,176143798499,73000,1
176.144,37,176143799093,73000,1
176.146,34,176143959093,2502412,0
176.152,34,176151871111,73000,1
176.16,34,176159559129,73000,1
176.165,33,176164708141,73000,1
176.178,39,176177741171,73000,1
176.183,33,176180422177,2502412,0
176.186,32,176185482189,73000,1
176.186,37,176185642189,73000,1
176.188,33,176188261195,73000,1
176.191,33,176188403195,2502412,0
176.194,34,176193846613,73000,1
176.196,33,176193917613,2502412,0
176.204,33,176201694631,2502412,0
176.215,33,176212019655,2502412,0
176.227,34,176224811685,2502412,0
176.23,33,176227341691,2502412,0
176.235,34,176232499703,2502412,0
176.235,33,176235127709,73000,1
176.238,34,176235394709,2502412,0
176.245,34,176242993727,2502412,0
176.256,34,176256232757,73000,1
176.256,33,176256321757,73000,1
176.277,33,176274369799,2502412,0
176.285,34,176282137817,2502412,0
176.292,33,176289807835,2502412,0
176.292,33,176292346247,73000,1
176.292,34,176292417841,73000,1
176.298,33,176298030259,73000,1
176.308,37,176305718277,2502412,0
176.311,37,176310778289,73000,1
176.321,33,176320996313,73000,1
176.324,34,176321076313,2502412,0
176.336,37,176336354349,73000,1
176.339,34,176339053355,73000,1
176.344,34,176341832361,2502412,0
176.349,33,176346901373,2502412,0
176.353,34,176352496385,73000,1
176.358,33,176355106391,2502412,0
176.363,33,176360335403,2502412,0
176.368,33,176368032421,73000,1
176.371,34,176368103421,2502412,0
176.373,37,176370856427,2502412,0
176.376,34,176373386433,2502412,0
176.381,34,176378535445,2502412,0
176.384,33,176381065451,2502412,0
176.391,33,176388726469,2502412,0
176.391,37,176391265475,73000,1
176.394,34,176391345475,2502412,0
176.402,34,176399265899,2502412,0
176.407,33,176404325911,2502412,0
176.407,33,176406953917,73000,1
176.415,34,176414650935,73000,1
176.422,36,176419888947,2502412,0
176.425,34,176424957959,73000,1
176.428,37,176425028959,2502412,0
176.44,36,176440315995,73000,1
176.44,33,176440315995,73000,1
176.443,37,176442926001,73000,1
176.453,34,176453260025,73000,1
176.459,36,176456201031,2502412,0
176.464,36,176464004049,73000,1
176.464,37,176464244049,73000,1
176.464,36,176464244049,73000,1
176.47,34,176469668061,73000,1
176.478,33,176477480079,73000,1
176.488,36,176485168097,2502412,0
176.49,37,176487698103,2502412,0
176.493,37,176490397109,2502412,0
176.496,36,176493158115,2502412,0
176.504,36,176503697545,73000,1
176.504,37,176503768545,73000,1
176.522,32,176521594587,73000,1
176.535,36,176532008611,2502412,0
176.537,37,176534556617,2502412,0
176.547,37,176544685641,2502412,0
176.55,36,176549754653,73000,1
176.552,37,176549825653,2502412,0
176.557,37,176554894665,2502412,0
176.56,35,176560285083,73000,1
176.563,37,176560356083,2502412,0
176.57,35,176567973101,2502412,0
176.571,36,176570503107,73000,1
176.578,35,176578173125,73000,1
176.581,37,176580783131,73000,1
176.586,36,176586199143,73000,1
176.586,34,176586350143,73000,1
176.586,37,176586421143,73000,1
176.589,36,176589031149,73000,1
176.599,35,176596728167,2502412,0
176.602,37,176599267173,2502412,0
176.61,33,176607170191,2502412,0
176.615,35,176614778209,73000,1
176.615,33,176614894209,73000,1
176.615,37,176614974209,73000,1
176.625,33,176625423233,73000,1
176.625,37,176625423233,73000,1
176.628,38,176628095239,73000,1
176.628,39,176628095239,73000,1
176.628,34,176628326239,73000,1
176.639,35,176636129257,2502412,0
176.649,35,176646258281,2502412,0
176.659,35,176659239311,73000,1
176.672,36,176672050341,73000,1
176.677,33,176677199353,73000,1
176.682,37,176679818359,2502412,0
176.682,35,176682348365,73000,1
176.687,35,176684949371,2502412,0
176.695,37,176692619389,2502412,0
176.695,37,176695166801,73000,1
176.695,35,176695238395,73000,1
176.698,37,176697910401,73000,1
176.709,35,176708564831,73000,1
176.711,33,176711245837,73000,1
176.719,37,176719022855,73000,1
176.722,35,176721623861,73000,1
176.732,35,176731957885,73000,1
176.74,37,176739672903,73000,1
176.776,33,176773099981,2502412,0
176.786,33,176783220005,2502412,0
176.791,33,176788316017,2502412,0
176.794,33,176793474029,73000,1
176.794,33,176793705029,73000,1
176.817,33,176817241489,73000,1
176.845,35,176842818549,2502412,0
176.856,35,176855655579,73000,1
176.858,37,176858345585,73000,1
176.884,35,176881731639,2502412,0
176.894,35,176894426669,73000,1
176.931,35,176928287153,2502412,0
176.936,33,176933365165,2502412,0
176.938,35,176938425177,73000,1
176.944,33,176943574189,73000,1
176.956,36,176956331219,73000,1
176.959,33,176956402219,2502412,0
176.964,33,176961471231,2502412,0
176.975,35,176972055255,2502412,0
176.985,35,176984723285,73000,1
176.987,33,176984865285,2502412,0
176.998,33,176995110309,2502412,0
177.005,33,177002816327,2502412,0
177.018,35,177018397769,73000,1
177.021,33,177021025775,73000,1
177.034,33,177031350799,2502412,0
177.036,35,177033960805,2502412,0
177.047,33,177046797835,73000,1
177.047,36,177046797835,73000,1
177.049,35,177049398841,73000,1
177.065,35,177062324871,2502412,0
177.07,35,177067473883,2502412,0
177.073,33,177072873301,73000,1
177.078,35,177078084313,73000,1
177.096,35,177093398349,2502412,0
177.106,35,177103625373,2502412,0
177.114,33,177111420391,2502412,0
177.124,35,177121853415,2502412,0
177.135,33,177132151439,2502412,0
177.14,35,177139821457,73000,1
177.15,33,177150252481,73000,1
177.163,35,177160470505,2502412,0
177.176,35,177176168541,73000,1
177.184,33,177181415553,2502412,0
177.192,35,177191811577,73000,1
177.194,33,177194412583,73000,1
177.202,35,177199872595,2502412,0
177.205,35,177205012607,73000,1
177.205,33,177205012607,73000,1
177.231,35,177230946073,73000,1
177.254,33,177254392127,73000,1
177.26,39,177259523139,73000,1
177.275,35,177272325169,2502412,0
177.275,35,177275167581,73000,1
177.275,32,177275238581,73000,1
177.288,33,177288075611,73000,1
177.304,35,177303593647,73000,1
177.312,37,177311699665,73000,1
177.322,35,177322390095,73000,1
177.442,35,177441541777,73000,1
177.494,33,177491800891,2502412,0
177.495,33,177494472897,73000,1
177.508,35,177505001921,2502412,0
177.518,35,177517820951,73000,1
177.52,33,177517980951,2502412,0
177.536,33,177536146399,73000,1
177.549,35,177548956429,73000,1
177.552,34,177551646435,73000,1
177.552,38,177551717435,73000,1
177.552,33,177551877435,73000,1
177.552,35,177551948435,73000,1
177.56,38,177559689453,73000,1
177.565,38,177564918465,73000,1
177.583,33,177580848501,2502412,0
177.589,33,177588438519,73000,1
177.607,38,177606495561,73000,1
177.617,33,177616811585,73000,1
177.635,33,177635181033,73000,1
177.635,35,177635261033,73000,1
177.698,38,177697736177,73000,1
177.734,33,177734011667,73000,1
177.75,36,177749511703,73000,1
177.76,35,177757172721,2502412,0
177.775,39,177774891763,73000,1
177.78,36,177777510769,2502412,0
177.78,35,177780040775,73000,1
177.783,39,177780111775,2502412,0
177.791,39,177788023793,2502412,0
177.798,39,177798250817,73000,1
177.798,36,177798250817,73000,1
177.798,35,177798321817,73000,1
177.811,36,177808521841,2502412,0
177.824,36,177821180871,2502412,0
177.827,39,177826498883,73000,1
177.829,36,177829099889,73000,1
177.832,39,177832022301,73000,1
177.84,36,177837322313,2502412,0
177.845,36,177844921331,73000,1
177.85,37,177847531337,2502412,0
177.855,37,177852814349,2502412,0
177.868,35,177865500379,2502412,0
177.868,36,177868030385,73000,1
177.873,37,177870631391,2502412,0
177.876,35,177873250397,2502412,0
177.886,39,177883388421,2502412,0
177.891,38,177888761433,2502412,0
177.894,38,177891299845,2502412,0
177.894,35,177893829851,73000,1
177.894,37,177893829851,73000,1
177.894,34,177893829851,73000,1
177.899,39,177899156863,73000,1
177.899,34,177899236863,73000,1
177.899,38,177899236863,73000,1
177.902,34,177901846869,73000,1
177.902,37,177901935869,73000,1
177.905,39,177902015869,2502412,0
177.915,38,177912135893,2502412,0
177.917,38,177914674305,2502412,0
177.92,38,177917230717,2502412,0
177.922,35,177919760723,2502412,0
177.927,38,177927350741,73000,1
177.928,39,177927430741,73000,1
177.928,37,177927501741,73000,1
177.933,35,177930129747,2502412,0
177.933,36,177932972753,73000,1
177.938,39,177935644759,2502412,0
177.938,39,177938174171,73000,1
177.946,35,177943305777,2502412,0
177.951,38,177950895795,73000,1
177.956,35,177953514801,2502412,0
177.956,33,177956053807,73000,1
177.956,34,177956053807,73000,1
177.961,35,177958672813,2502412,0
177.971,35,177968961837,2502412,0
177.979,39,177976640855,2502412,0
177.979,35,177979170861,73000,1
177.979,38,177979170861,73000,1
177.987,37,177984435873,2502412,0
177.989,37,177986983285,2502412,0
177.99,39,177989513291,73000,1
177.995,35,177995055303,73000,1
177.995,38,177995135303,73000,1
177.998,37,177995215303,2502412,0
178,39,178000364315,73000,1
178.008,37,178005602327,2502412,0
178.016,34,178015731351,73000,1
178.021,37,178018341357,2502412,0
178.024,36,178023428369,73000,1
178.029,37,178028577381,73000,1
178.029,39,178028577381,73000,1
178.031,32,178031249387,73000,1
178.042,37,178039267811,2502412,0
178.047,32,178044327823,2502412,0
178.054,37,178051917841,2502412,0
178.059,34,178056977853,2502412,0
178.062,32,178059507859,2502412,0
178.065,35,178062135865,2502412,0
178.065,35,178064665277,73000,1
178.065,37,178064665871,73000,1
178.065,38,178064665871,73000,1
178.072,34,178072335889,73000,1
178.072,32,178072424889,73000,1
178.078,37,178075025895,2502412,0
178.08,35,178080165907,73000,1
178.08,32,178080236907,73000,1
178.091,37,178088004925,2502412,0
178.096,37,178093377937,2502412,0
178.109,37,178106152967,2502412,0
178.109,34,178108682973,73000,1
178.109,35,178108753973,73000,1
178.109,39,178108833973,73000,1
178.109,32,178108904973,73000,1
178.112,32,178111505979,73000,1
178.112,37,178111505979,73000,1
178.117,34,178114151985,2502412,0
178.127,34,178124317009,2502412,0
178.129,34,178126846421,2502412,0
178.13,34,178129572427,73000,1
178.135,37,178134721439,73000,1
178.135,34,178134721439,73000,1
178.135,36,178134819439,73000,1
178.158,32,178158213899,73000,1
178.179,37,178176173941,2502412,0
178.179,34,178178712947,73000,1
178.181,37,178178819947,2502412,0
178.207,37,178204522007,2502412,0
178.207,37,178207060419,73000,1
178.212,35,178209671019,2502412,0
178.215,35,178212209431,2502412,0
178.217,35,178217269443,73000,1
178.222,37,178222418455,73000,1
178.222,32,178222418455,73000,1
178.248,37,178245847915,2502412,0
178.256,35,178256012939,73000,1
178.261,35,178261152951,73000,1
178.264,37,178263762957,73000,1
178.264,34,178263762957,73000,1
178.279,37,178276501987,2502412,0
178.282,37,178281802999,73000,1
178.282,39,178281802999,73000,1
178.285,37,178282015999,2502412,0
178.285,38,178284555005,73000,1
178.292,37,178292332023,73000,1
178.305,37,178302854047,2502412,0
178.318,37,178315718077,2502412,0
178.336,37,178336092125,73000,1
178.355,37,178354443573,73000,1
178.368,36,178367494603,73000,1
178.368,35,178367574603,73000,1
178.373,37,178370415609,2502412,0
178.373,37,178373034615,73000,1
178.394,37,178391304657,2502412,0
178.405,37,178402013681,2502412,0
178.42,37,178419839723,73000,1
178.433,33,178430155747,2502412,0
178.435,37,178432694753,2502412,0
178.435,37,178435384759,73000,1
178.435,33,178435384759,73000,1
178.452,37,178449014195,2502412,0
178.459,33,178456684213,2502412,0
178.462,37,178459285219,2502412,0
178.467,33,178464665231,2502412,0
178.472,34,178469743243,2502412,0
178.475,34,178472272655,2502412,0
178.475,37,178474802661,73000,1
178.477,33,178477421667,73000,1
178.483,34,178480102673,2502412,0
178.493,34,178492939703,73000,1
178.493,32,178492939703,73000,1
178.496,33,178493010703,2502412,0
178.506,33,178505982733,73000,1
178.511,37,178508592739,2502412,0
178.519,37,178518908763,73000,1
178.519,34,178519166763,73000,1
178.532,36,178531985793,73000,1
178.532,33,178531985793,73000,1
178.537,33,178537125805,73000,1
178.545,35,178542354817,2502412,0
178.545,37,178545044823,73000,1
178.545,35,178545115823,73000,1
178.574,35,178571049289,2502412,0
178.586,39,178583806319,2502412,0
178.586,34,178586407325,73000,1
178.589,35,178586496325,2502412,0
178.597,39,178594086343,2502412,0
178.599,35,178599217355,73000,1
178.602,37,178599288355,2502412,0
178.604,39,178604384367,73000,1
178.612,37,178609839015,2502412,0
178.623,33,178620119039,2502412,0
178.63,33,178627718057,2502412,0
178.635,37,178635317075,73000,1
178.638,35,178635388075,2502412,0
178.641,35,178640475087,73000,1
178.641,39,178640475087,73000,1
178.646,33,178643165093,2502412,0
178.651,39,178651174517,73000,1
178.654,33,178651325517,2502412,0
178.654,37,178653882523,73000,1
178.654,35,178653882523,73000,1
178.659,33,178659173535,73000,1
178.667,35,178666905553,73000,1
178.672,35,178672125565,73000,1
178.675,33,178674753571,73000,1
178.698,37,178695332619,2502412,0
178.703,34,178700570631,2502412,0
178.706,34,178703180637,2502412,0
178.706,37,178705781643,73000,1
178.711,34,178708766649,2502412,0
178.716,34,178713906661,2502412,0
178.719,33,178718984673,73000,1
178.719,33,178719135673,73000,1
178.727,34,178726814691,73000,1
178.732,37,178731963703,73000,1
178.74,39,178737174715,2502412,0
178.753,35,178752703157,73000,1
178.755,39,178752783157,2502412,0
178.758,34,178755322163,2502412,0
178.763,39,178760391175,2502412,0
178.771,34,178767999193,2502412,0
178.773,34,178770654199,2502412,0
178.776,39,178773184205,2502412,0
178.776,34,178775714211,73000,1
178.786,39,178786216235,73000,1
178.794,39,178794082253,73000,1
178.799,37,178796692259,2502412,0
178.807,34,178804282277,2502412,0
178.81,34,178809664289,73000,1
178.815,37,178812274295,2502412,0
178.817,37,178814803707,2502412,0
178.83,38,178827516737,2502412,0
178.833,37,178830117743,2502412,0
178.835,34,178832665749,2502412,0
178.835,37,178835195755,73000,1
178.838,37,178835346755,2502412,0
178.84,38,178837876761,2502412,0
178.84,38,178840406173,73000,1
178.84,34,178840406767,73000,1
178.843,37,178843087773,73000,1
178.846,38,178845777779,73000,1
178.846,39,178845777779,73000,1
178.859,34,178856752209,2502412,0
178.859,34,178859299621,73000,1
178.859,37,178859300215,73000,1
178.87,34,178867068233,2502412,0
178.875,39,178874783251,73000,1
178.877,34,178874881251,2502412,0
178.888,34,178887647281,73000,1
178.888,38,178887798281,73000,1
178.888,37,178887798281,73000,1
178.896,34,178895566299,73000,1
178.922,38,178922157359,73000,1
178.93,33,178927368371,2502412,0
178.94,33,178940232401,73000,1
178.948,37,178947920419,73000,1
178.948,34,178947991419,73000,1
178.948,33,178948080419,73000,1
178.958,33,178955884437,2502412,0
178.966,33,178966424461,73000,1
178.985,33,178984543503,73000,1
179.011,39,179010485563,73000,1
179.016,33,179013086569,2502412,0
179.019,34,179018538987,73000,1
179.029,33,179026271005,2502412,0
179.049,33,179049210059,73000,1
179.052,38,179049352059,2502412,0
179.065,38,179062572495,2502412,0
179.068,37,179065102501,2502412,0
179.073,38,179072692519,73000,1
179.078,33,179075311525,2502412,0
179.078,37,179077850531,73000,1
179.083,33,179083052543,73000,1
179.083,34,179083132543,73000,1
179.086,37,179083212543,2502412,0
179.086,36,179085751549,73000,1
179.086,33,179085751549,73000,1
179.091,37,179088370555,2502412,0
179.094,38,179093439567,73000,1
179.094,36,179093519567,73000,1
179.099,37,179096209573,2502412,0
179.109,37,179106374597,2502412,0
179.117,37,179114142615,2502412,0
179.117,33,179116985027,73000,1
179.125,35,179124691045,73000,1
179.125,36,179124691045,73000,1
179.132,38,179129822057,2502412,0
179.135,37,179132361063,2502412,0
179.135,37,179135113069,73000,1
179.138,38,179135211069,2502412,0
179.14,38,179140351081,73000,1
179.143,37,179140440081,2502412,0
179.143,37,179142969493,73000,1
179.143,38,179142970087,73000,1
179.163,37,179160947129,2502412,0
179.179,37,179179006171,73000,1
179.179,35,179179006171,73000,1
179.187,36,179186836189,73000,1
179.19,37,179189455195,73000,1
179.205,36,179202319225,2502412,0
179.207,38,179204929231,2502412,0
179.208,33,179207530237,73000,1
179.21,38,179207601237,2502412,0
179.215,36,179215280255,73000,1
179.221,36,179220831267,73000,1
179.223,37,179220902267,2502412,0
179.226,38,179223432273,2502412,0
179.226,37,179225962279,73000,1
179.239,37,179238728309,73000,1
179.239,38,179238728309,73000,1
179.247,39,179246496327,73000,1
179.252,36,179251885339,73000,1
179.257,38,179254593345,2502412,0
179.26,38,179259653357,73000,1
179.275,37,179272909793,2502412,0
179.278,38,179277969805,73000,1
179.278,37,179278040805,73000,1
179.291,34,179288454829,2502412,0
179.294,34,179293603841,73000,1
179.299,37,179298921853,73000,1
179.307,34,179304123865,2502412,0
179.309,37,179306653871,2502412,0
179.312,34,179309192877,2502412,0
179.312,36,179311731883,73000,1
179.317,37,179314403889,2502412,0
179.322,34,179319463901,2502412,0
179.322,37,179322315313,73000,1
179.328,38,179327491325,73000,1
179.33,34,179330092331,73000,1
179.33,37,179330092331,73000,1
179.335,34,179335392343,73000,1
179.348,34,179348309373,73000,1
179.374,37,179374340839,73000,1
179.387,38,179387373869,73000,1
179.398,34,179397724893,73000,1
179.405,34,179402953905,2502412,0
179.411,34,179410721923,73000,1
179.411,33,179410721923,73000,1
179.413,37,179413349929,73000,1
179.424,32,179423585953,73000,1
179.437,34,179434330027,2502412,0
179.437,32,179436860033,73000,1
179.445,38,179444610051,73000,1
179.45,34,179447229057,2502412,0
179.463,34,179462596093,73000,1
179.465,37,179462694093,2502412,0
179.465,32,179465224099,73000,1
179.465,37,179465295099,73000,1
179.483,34,179480894541,2502412,0
179.499,34,179498853583,73000,1
179.507,37,179504011595,2502412,0
179.507,37,179506568007,73000,1
179.512,37,179511779613,73000,1
179.514,32,179511859613,2502412,0
179.522,37,179519458631,2502412,0
179.527,37,179524607643,2502412,0
179.535,34,179532510067,2502412,0
179.54,36,179540100085,73000,1
179.54,32,179540171085,73000,1
179.545,37,179542781091,2502412,0
179.551,34,179550469109,73000,1
179.556,37,179553070115,2502412,0
179.563,32,179563350139,73000,1
179.571,37,179568570151,2502412,0
179.579,37,179576616169,2502412,0
179.579,34,179579146175,73000,1
179.592,37,179592001205,73000,1
179.62,32,179617542265,2502412,0
179.62,32,179620071677,73000,1
179.628,34,179625230283,2502412,0
179.631,37,179630745295,73000,1
179.633,34,179633391301,73000,1
179.639,32,179638638313,73000,1
179.649,34,179646406331,2502412,0
179.654,34,179651546343,2502412,0
179.654,34,179654147349,73000,1
179.657,37,179654218349,2502412,0
179.657,37,179656747761,73000,1
179.665,32,179662048367,2502412,0
179.672,37,179669665385,2502412,0
179.672,37,179672194797,73000,1
179.675,34,179675117803,73000,1
179.678,32,179675197803,2502412,0
179.685,36,179682796821,2502412,0
179.693,32,179690395839,2502412,0
179.693,36,179692934845,73000,1
179.696,37,179695562851,73000,1
179.698,32,179695713851,2502412,0
179.703,32,179703374869,73000,1
179.717,36,179716602899,73000,1
179.727,32,179724272917,2502412,0
179.732,34,179729350929,2502412,0
179.732,32,179732220341,73000,1
179.735,37,179734821347,73000,1
179.735,34,179734892347,73000,1
179.735,36,179734892347,73000,1
179.743,32,179740086359,2502412,0
179.748,32,179747863377,73000,1
179.753,32,179750615383,2502412,0
179.756,32,179755835395,73000,1
179.756,34,179755835395,73000,1
179.756,32,179755986395,73000,1
179.767,34,179766550419,73000,1
179.769,32,179766621419,2502412,0
179.777,32,179774220437,2502412,0
179.78,32,179777161443,2502412,0
179.79,32,179787317467,2502412,0
179.792,36,179789954473,2502412,0
179.798,32,179795085485,2502412,0
179.803,32,179800145497,2502412,0
179.805,36,179805312509,73000,1
179.805,32,179805401509,73000,1
179.808,34,179808011515,73000,1
179.813,38,179813151527,73000,1
179.821,32,179820892545,73000,1
179.824,36,179823564551,73000,1
179.826,37,179823733551,2502412,0
179.826,37,179826262963,73000,1
179.845,36,179844518599,73000,1
179.852,37,179849676611,2502412,0
179.857,32,179854754623,2502412,0
179.857,37,179857284629,73000,1
179.867,32,179864972647,2502412,0
179.88,37,179877720677,2502412,0
179.883,32,179883093689,73000,1
179.893,37,179893364713,73000,1
179.898,37,179895965719,2502412,0
179.904,32,179901025731,2502412,0
179.906,37,179903564737,2502412,0
179.906,37,179906094149,73000,1
179.906,33,179906254743,73000,1
179.909,32,179906334743,2502412,0
179.911,32,179908900155,2502412,0
179.917,37,179914102167,2502412,0
179.922,32,179919171179,2502412,0
179.929,37,179926761197,2502412,0
179.932,32,179929300203,2502412,0
179.937,37,179937221221,73000,1
179.94,32,179937292221,2502412,0
179.945,32,179942361233,2502412,0
179.945,37,179944891239,73000,1
179.955,32,179952677257,2502412,0
179.955,32,179955206669,73000,1
179.955,37,179955296263,73000,1
179.958,32,179958004269,73000,1
179.963,32,179960605275,2502412,0
179.971,32,179968231293,2502412,0
179.973,36,179973291305,73000,1
179.978,32,179975901311,2502412,0
179.992,32,179989024747,2502412,0
179.999,34,179996623765,2502412,0
179.999,32,179999171771,73000,1
180.007,32,180004320783,2502412,0
180.012,35,180009478795,2502412,0
180.012,35,180012017207,73000,1
180.012,34,180012017801,73000,1
180.017,32,180017308813,73000,1
180.028,35,180025138831,2502412,0
180.033,35,180032746849,73000,1
180.033,34,180032826849,73000,1
180.036,34,180035436855,73000,1
180.049,32,180046085021,2502412,0
180.049,35,180048633027,73000,1
180.061,32,180058993051,2502412,0
180.067,32,180064089063,2502412,0
180.067,32,180066690069,73000,1
180.072,37,180071999081,73000,1
180.09,35,180087883523,2502412,0
180.095,32,180092943535,2502412,0
180.103,35,180103179559,73000,1
180.106,32,180103250559,2502412,0
180.113,35,180110867577,2502412,0
180.113,35,180113405989,73000,1
180.119,32,180116016589,2502412,0
180.121,36,180121165601,73000,1
180.129,32,180129004619,73000,1
180.132,35,180131694625,73000,1
180.137,37,180136834637,73000,1
180.145,32,180144826655,73000,1
180.145,34,180144924655,73000,1
180.145,35,180144924655,73000,1
180.147,36,180144995655,2502412,0
180.15,35,180150073667,73000,1
180.155,36,180152754673,2502412,0
180.168,36,180165565703,2502412,0
180.176,36,180175916727,73000,1
180.179,32,180178526733,73000,1
180.189,36,180186598157,2502412,0
180.192,36,180189217163,2502412,0
180.192,36,180191746575,73000,1
180.194,39,180194366175,73000,1
180.218,36,180215024223,2502412,0
180.223,37,180222614241,73000,1
180.225,36,180225215247,73000,1
180.236,36,180233072265,2502412,0
180.238,32,180238132277,73000,1
180.241,36,180238203277,2502412,0
180.241,36,180240732689,73000,1
180.244,36,180243745289,73000,1
180.257,36,180256849319,73000,1
180.257,34,180256849319,73000,1
180.257,39,180256920319,73000,1
180.26,39,180259548325,73000,1
180.278,36,180277561367,73000,1
180.288,39,180285267385,2502412,0
180.306,39,180306007433,73000,1
180.314,34,180313686451,73000,1
180.322,39,180319164463,2502412,0
180.327,35,180324313475,2502412,0
180.335,39,180334611499,73000,1
180.335,35,180334700499,73000,1
180.342,39,180339840511,2502412,0
180.358,35,180355440547,2502412,0
180.358,39,180357970553,73000,1
180.361,35,180358112553,2502412,0
180.363,39,180360731559,2502412,0
180.366,39,180363260971,2502412,0
180.371,35,180370921989,73000,1
180.374,39,180373673995,73000,1
180.382,39,180381868013,73000,1
180.387,35,180386999025,73000,1
180.387,34,180386999025,73000,1
180.39,39,180389680031,73000,1
180.395,32,180392602443,2502412,0
180.4,32,180400210461,73000,1
180.4,36,180400210461,73000,1
180.418,32,180415729497,2502412,0
180.423,32,180423346515,73000,1
180.439,35,180438847551,73000,1
180.439,32,180438847551,73000,1
180.468,39,180467596617,73000,1
180.475,32,180475346635,73000,1
180.483,37,180483025653,73000,1
180.512,32,180511898125,73000,1
180.512,37,180512067125,73000,1
180.512,38,180512138125,73000,1
180.518,37,180515024131,2502412,0
180.52,39,180520164143,73000,1
180.525,35,180522765149,2502412,0
180.528,37,180527896161,73000,1
180.533,35,180533027173,73000,1
180.549,35,180548483209,73000,1
180.567,37,180564154245,2502412,0
180.582,37,180582193287,73000,1
180.608,35,180608081753,73000,1
180.618,37,180618406777,73000,1
180.675,37,180672820903,2502412,0
180.686,37,180685710933,73000,1
180.691,37,180688418939,2502412,0
180.694,37,180691028945,2502412,0
180.701,37,180698940369,2502412,0
180.702,35,180701550375,73000,1
180.704,33,180704258381,73000,1
180.704,37,180704347381,73000,1
180.725,32,180725058429,73000,1
180.731,37,180730571441,73000,1
180.749,37,180748629483,73000,1
180.827,39,180827095069,73000,1
180.837,36,180837384093,73000,1
180.838,37,180837455093,73000,1
180.876,35,180873971177,2502412,0
180.884,35,180884091201,73000,1
180.894,35,180894398225,73000,1
180.941,35,180938531733,2502412,0
180.946,35,180946148751,73000,1
180.949,35,180948829757,73000,1
180.985,32,180985336841,73000,1
181.014,35,181011474307,2502412,0
181.017,35,181016552319,73000,1
181.045,35,181045200385,73000,1
181.045,37,181045413385,73000,1
181.058,39,181058312415,73000,1
181.1,35,181097492505,2502412,0
181.105,34,181102623517,2502412,0
181.113,35,181113100947,73000,1
181.113,34,181113180947,73000,1
181.136,35,181136298001,73000,1
181.149,34,181146498025,2502412,0
181.149,35,181149028031,73000,1
181.162,34,181161865061,73000,1
181.167,38,181164877067,2502412,0
181.175,34,181172645085,2502412,0
181.178,34,181175183497,2502412,0
181.178,34,181177873503,73000,1
181.178,38,181177873503,73000,1
181.178,39,181177873503,73000,1
181.183,35,181180625509,2502412,0
181.186,39,181185854521,73000,1
181.189,34,181186014521,2502412,0
181.194,35,181191154533,2502412,0
181.194,34,181193764539,73000,1
181.199,35,181196383545,2502412,0
181.199,38,181199073551,73000,1
181.199,39,181199073551,73000,1
181.21,35,181209692981,73000,1
181.212,34,181209799981,2502412,0
181.223,35,181222566011,73000,1
181.223,34,181222637011,73000,1
181.225,34,181222886011,2502412,0
181.238,39,181235643041,2502412,0
181.241,34,181240783053,73000,1
181.241,34,181241032053,73000,1
181.241,39,181241103053,73000,1
181.241,38,181241254053,73000,1
181.247,35,181246563065,73000,1
181.254,39,181251810077,2502412,0
181.254,39,181254348489,73000,1
181.268,34,181267872113,73000,1
181.273,39,181270491119,2502412,0
181.276,33,181275551131,73000,1
181.286,33,181285813155,73000,1
181.286,39,181285893155,73000,1
181.309,37,181308886209,73000,1
181.309,35,181308957209,73000,1
181.309,39,181308957209,73000,1
181.312,38,181311879621,73000,1
181.312,34,181311879621,73000,1
181.314,33,181311950621,2502412,0
181.335,33,181332377669,2502412,0
181.338,35,181337437681,73000,1
181.34,33,181340056687,73000,1
181.358,33,181355503723,2502412,0
181.363,33,181363093741,73000,1
181.379,33,181376297771,2502412,0
181.379,33,181378827183,73000,1
181.379,39,181378907777,73000,1
181.381,33,181378978777,2502412,0
181.392,33,181389134801,2502412,0
181.392,33,181391762807,73000,1
181.425,33,181422756285,2502412,0
181.433,33,181433081309,73000,1
181.433,33,181433232309,73000,1
181.438,39,181435878315,2502412,0
181.444,33,181443735333,73000,1
181.444,39,181443806333,73000,1
181.462,39,181459173369,2502412,0
181.464,39,181461711781,2502412,0
181.467,39,181464241193,2502412,0
181.475,39,181474701217,73000,1
181.495,39,181495297265,73000,1
181.526,33,181523982737,2502412,0
181.529,33,181529051749,73000,1
181.534,33,181531750755,2502412,0
181.534,34,181534280761,73000,1
181.547,33,181547259791,73000,1
181.555,33,181555080809,73000,1
181.558,39,181555151809,2502412,0
181.565,39,181562741827,2502412,0
181.568,39,181567810839,73000,1
181.568,38,181567810839,73000,1
181.568,33,181567881839,73000,1
181.568,39,181567961839,73000,1
181.586,35,181586198881,73000,1
181.586,39,181586269881,73000,1
181.607,39,181606758929,73000,1
181.638,36,181637931407,73000,1
181.641,36,181640550413,73000,1
181.643,39,181643311419,73000,1
181.643,35,181643391419,73000,1
181.649,36,181646063425,2502412,0
181.649,36,181648592837,73000,1
181.651,33,181651203437,73000,1
181.657,32,181656432449,73000,1
181.664,36,181661590461,2502412,0
181.674,36,181671719485,2502412,0
181.68,36,181677101497,2502412,0
181.69,36,181689769527,73000,1
181.693,36,181692672533,73000,1
181.752,33,181752004077,73000,1
181.752,36,181752075077,73000,1
181.811,35,181811201215,73000,1
181.816,36,181813820221,2502412,0
181.816,35,181816377227,73000,1
181.817,34,181816448227,73000,1
181.819,36,181819218233,73000,1
181.83,36,181830086663,73000,1
181.84,35,181837774681,2502412,0
181.843,37,181840304687,2502412,0
181.843,37,181842834099,73000,1
181.843,32,181843012693,73000,1
181.851,35,181848214705,2502412,0
181.858,35,181858352729,73000,1
181.858,32,181858352729,73000,1
181.859,36,181858450729,73000,1
181.871,35,181868899753,2502412,0
181.874,37,181873959765,73000,1
181.874,35,181874048765,73000,1
181.874,32,181874048765,73000,1
181.885,37,181884721789,73000,1
181.89,35,181887349795,2502412,0
181.892,32,181889897801,2502412,0
181.903,35,181900257825,2502412,0
181.903,32,181902787831,73000,1
181.908,32,181905406837,2502412,0
181.908,35,181908025843,73000,1
181.908,37,181908105843,73000,1
181.908,32,181908336843,73000,1
181.919,35,181918856867,73000,1
181.919,32,181919007867,73000,1
181.94,33,181940147321,73000,1
181.943,32,181942917327,73000,1
181.961,35,181960796369,73000,1
181.961,36,181960876369,73000,1
181.982,32,181979200411,2502412,0
181.992,32,181989776435,2502412,0
182.002,38,181999914459,2502412,0
182.003,32,182002515465,73000,1
182.005,38,182005143471,73000,1
182.018,35,182017927501,73000,1
182.026,32,182025606519,73000,1
182.031,38,182028679931,2502412,0
182.034,39,182031378937,2502412,0
182.047,38,182044179967,2502412,0
182.049,39,182049239979,73000,1
182.049,32,182049310979,73000,1
182.052,38,182051938985,73000,1
182.062,39,182062175009,73000,1
182.078,38,182077720045,73000,1
182.08,36,182080357051,73000,1
182.107,39,182106459111,73000,1
182.117,37,182114218129,2502412,0
182.127,37,182124516153,2502412,0
182.135,37,182134975583,73000,1
182.138,32,182137612589,73000,1
182.145,38,182145300607,73000,1
182.151,39,182150449619,73000,1
182.151,37,182150600619,73000,1
182.156,37,182153299625,2502412,0
182.171,37,182171187667,73000,1
182.195,37,182192301715,2502412,0
182.208,37,182207668751,73000,1
182.231,37,182230963805,73000,1
182.237,35,182236496223,73000,1
182.247,32,182244246241,2502412,0
182.249,32,182246856247,2502412,0
182.26,32,182259675277,73000,1
182.262,38,182262276283,73000,1
182.265,32,182262356283,2502412,0
182.265,32,182264966289,73000,1
182.275,32,182272636307,2502412,0
182.275,32,182275183719,73000,1
182.296,32,182293572355,2502412,0
182.296,37,182296102361,73000,1
182.296,32,182296200361,73000,1
182.299,38,182296280361,2502412,0
182.304,32,182301340373,2502412,0
182.306,38,182306400385,73000,1
182.312,38,182309010391,2502412,0
182.314,32,182311629397,2502412,0
182.317,32,182316698409,73000,1
182.319,32,182319317415,73000,1
182.319,38,182319406415,73000,1
182.322,37,182322034421,73000,1
182.34,37,182337686863,2502412,0
182.348,38,182345445881,2502412,0
182.351,37,182350523893,73000,1
182.356,39,182353142899,2502412,0
182.356,38,182355672905,73000,1
182.366,39,182363458923,2502412,0
182.366,39,182365997335,73000,1
182.366,37,182365997929,73000,1
182.376,33,182376286953,73000,1
182.382,39,182381444965,73000,1
182.387,32,182386646977,73000,1
182.387,38,182386646977,73000,1
182.4,32,182397187001,2502412,0
182.408,38,182405026019,2502412,0
182.413,32,182412616037,73000,1
182.42,38,182417765049,2502412,0
182.423,36,182422825061,73000,1
182.425,37,182425426067,73000,1
182.431,38,182428027073,2502412,0
182.436,38,182433114085,2502412,0
182.438,38,182435643497,2502412,0
182.441,38,182438486503,2502412,0
182.449,39,182446236521,2502412,0
182.454,32,182451296533,2502412,0
182.454,38,182453826539,73000,1
182.462,38,182459037551,2502412,0
182.467,32,182464124563,2502412,0
182.472,39,182471714581,73000,1
182.477,38,182474422587,2502412,0
182.477,32,182476952593,73000,1
182.477,39,182476952593,73000,1
182.485,38,182482110605,2502412,0
182.485,38,182484649017,73000,1
182.487,32,182484738611,2502412,0
182.498,32,182497719641,73000,1
182.5,38,182497808641,2502412,0
182.505,38,182505425659,73000,1
182.511,37,182510619671,73000,1
182.521,38,182518378689,2502412,0
182.536,32,182533576725,2502412,0
182.541,38,182538645737,2502412,0
182.542,32,182541488743,73000,1
182.542,39,182541488743,73000,1
182.544,38,182544098749,73000,1
182.565,38,182564784797,73000,1
182.567,32,182564855797,2502412,0
182.578,32,182577603827,73000,1
182.578,36,182577692827,73000,1
182.598,32,182598424875,73000,1
182.619,32,182616410917,2502412,0
182.619,32,182618940329,73000,1
182.624,34,182624098935,73000,1
182.629,38,182626797941,2502412,0
182.637,35,182637228965,73000,1
182.637,32,182637299965,73000,1
182.64,38,182637370965,2502412,0
182.653,39,182650422401,2502412,0
182.663,38,182660569425,2502412,0
182.671,38,182668159443,2502412,0
182.676,38,182675838461,73000,1
182.676,39,182675838461,73000,1
182.694,37,182693949503,73000,1
182.697,32,182696550509,73000,1
182.699,38,182699311515,73000,1
182.699,39,182699311515,73000,1
182.736,38,182733262593,2502412,0
182.751,39,182748773035,2502412,0
182.756,39,182753833047,2502412,0
182.764,38,182761503065,2502412,0
182.764,39,182764140071,73000,1
182.769,38,182769378083,73000,1
182.775,38,182774589095,73000,1
182.787,39,182784789119,2502412,0
182.803,39,182802544161,73000,1
182.803,38,182802544161,73000,1
182.813,39,182810768179,2502412,0
182.816,39,182815917191,73000,1
182.816,32,182815917191,73000,1
182.829,39,182826357215,2502412,0
182.829,39,182828886627,73000,1
182.852,39,182849937675,2502412,0
182.863,39,182862694705,73000,1
182.888,39,182885856759,2502412,0
182.891,39,182888386171,2502412,0
182.899,39,182896056189,2502412,0
182.904,39,182903895207,73000,1
182.904,38,182903984207,73000,1
182.922,39,182922372249,73000,1
182.943,33,182943049297,73000,1
182.951,33,182951253721,73000,1
182.959,33,182956455733,2502412,0
182.961,32,182958985739,2502412,0
182.962,33,182961586745,73000,1
182.967,33,182966859757,73000,1
182.972,32,182972008769,73000,1
182.98,39,182977264781,2502412,0
182.982,39,182979794193,2502412,0
182.993,39,182990012217,2502412,0
182.995,39,182995241229,73000,1
182.998,32,182995330229,2502412,0
183,32,182997931235,2502412,0
183.003,39,183003071247,73000,1
183.011,39,183008604259,2502412,0
183.016,35,183016194277,73000,1
183.016,32,183016265277,73000,1
183.016,33,183016265277,73000,1
183.016,39,183016363277,73000,1
183.024,32,183021610289,2502412,0
183.034,32,183034385319,73000,1
183.04,39,183039712331,73000,1
183.043,38,183042455337,73000,1
183.043,32,183042455337,73000,1
183.048,39,183045065343,2502412,0
183.048,33,183047737349,73000,1
183.063,33,183060850785,2502412,0
183.063,39,183063389791,73000,1
183.064,33,183063487791,73000,1
183.064,32,183063487791,73000,1
183.071,33,183068725803,2502412,0
183.074,37,183073865815,73000,1
183.084,39,183084136839,73000,1
183.089,33,183086888845,2502412,0
183.097,33,183094630863,2502412,0
183.102,33,183102318881,73000,1
183.107,33,183104928887,2502412,0
183.108,33,183107467299,73000,1
183.108,32,183107467893,73000,1
183.113,39,183110390899,2502412,0
183.113,39,183112956311,73000,1
183.126,39,183125749935,73000,1
183.131,39,183128350941,2502412,0
183.136,33,183133481953,2502412,0
183.144,33,183141151971,2502412,0
183.156,39,183153891001,2502412,0
183.157,33,183156734007,73000,1
183.157,39,183156805007,73000,1
183.162,39,183162123019,73000,1
183.185,32,183182488067,2502412,0
183.193,39,183190087085,2502412,0
183.193,32,183192617091,73000,1
183.195,33,183192759091,2502412,0
183.2,33,183200358109,73000,1
183.205,39,183202968115,2502412,0
183.216,39,183213517139,2502412,0
183.221,33,183221116157,73000,1
183.224,39,183221214157,2502412,0
183.229,32,183228813175,73000,1
183.232,39,183231592181,73000,1
183.237,32,183236812193,73000,1
183.245,39,183244500211,73000,1
183.252,38,183249667223,2502412,0
183.255,38,183252196635,2502412,0
183.255,39,183254797641,73000,1
183.268,38,183267858077,73000,1
183.268,33,183267858077,73000,1
183.278,39,183278246101,73000,1
183.294,38,183291074131,2502412,0
183.299,38,183298851149,73000,1
183.299,32,183298851149,73000,1
183.309,38,183309220173,73000,1
183.32,38,183317194191,2502412,0
183.33,38,183327457215,2502412,0
183.335,38,183335403233,73000,1
183.335,34,183335403233,73000,1
183.346,33,183346074257,73000,1
183.346,38,183346074257,73000,1
183.349,34,183346216257,2502412,0
183.367,34,183366813711,73000,1
183.367,38,183366813711,73000,1
183.367,39,183366893711,73000,1
183.378,38,183377467735,73000,1
183.388,34,183387738759,73000,1
183.398,38,183395630777,2502412,0
183.398,34,183398160783,73000,1
183.401,39,183400761789,73000,1
183.404,38,183403442795,73000,1
183.439,38,183436895873,2502412,0
183.46,38,183459772927,73000,1
183.475,34,183475399369,73000,1
183.493,38,183490704405,2502412,0
183.501,38,183498321423,2502412,0
183.503,36,183503390435,73000,1
183.506,36,183505991441,73000,1
183.516,38,183516289465,73000,1
183.537,32,183534401507,2502412,0
183.539,38,183536931513,2502412,0
183.542,36,183539461519,2502412,0
183.545,34,183544521531,73000,1
183.55,38,183549661543,73000,1
183.55,32,183549661543,73000,1
183.562,36,183559888567,2502412,0
183.565,32,183565278985,73000,1
183.568,33,183567897991,73000,1
183.568,38,183568004991,73000,1
183.571,36,183568075991,2502412,0
183.573,37,183573154003,73000,1
183.576,32,183573225003,2502412,0
183.578,38,183575826009,2502412,0
183.581,34,183578356015,2502412,0
183.584,32,183583505027,73000,1
183.584,32,183583647027,73000,1
183.584,34,183583718027,73000,1
183.584,36,183583718027,73000,1
183.586,38,183583860027,2502412,0
183.589,36,183586390033,2502412,0
183.599,36,183596528057,2502412,0
183.602,36,183601615069,73000,1
183.607,36,183604216075,2502412,0
183.607,38,183606755081,73000,1
183.607,36,183606826081,73000,1
183.607,33,183606826081,73000,1
183.615,32,183614621099,73000,1
183.615,34,183614621099,73000,1
183.617,36,183614692099,2502412,0
183.617,34,183617231105,73000,1
183.62,38,183617409105,2502412,0
183.623,36,183622809117,73000,1
183.628,36,183625428123,2502412,0
183.63,36,183627966535,2502412,0
183.633,38,183630496541,2502412,0
183.633,36,183633026547,73000,1
183.638,38,183638157559,73000,1
183.641,38,183640767565,73000,1
183.644,32,183641220565,2502412,0
183.646,36,183643750571,2502412,0
183.649,32,183648899583,73000,1
183.649,38,183648970583,73000,1
183.654,36,183654199595,73000,1
183.657,32,183656809601,73000,1
183.667,36,183664586619,2502412,0
183.675,34,183672507637,2502412,0
183.678,36,183675126643,2502412,0
183.685,36,183685415667,73000,1
183.688,34,183685486667,2502412,0
183.696,34,183693263685,2502412,0
183.698,34,183695793097,2502412,0
183.698,34,183698322509,73000,1
183.698,32,183698394103,73000,1
183.704,34,183703685115,73000,1
183.711,36,183708905127,2502412,0
183.719,36,183719230151,73000,1
183.719,38,183719230151,73000,1
183.725,36,183724781163,73000,1
183.73,34,183727409169,2502412,0
183.745,34,183742776205,2502412,0
183.748,37,183745324211,2502412,0
183.75,34,183747863217,2502412,0
183.755,36,183752923229,2502412,0
183.758,32,183758028241,73000,1
183.761,34,183758170241,2502412,0
183.761,37,183760700247,73000,1
183.763,36,183763301253,73000,1
183.769,32,183768548265,73000,1
183.769,36,183768548265,73000,1
183.769,34,183768628265,73000,1
183.782,34,183781884701,73000,1
183.787,37,183784485707,2502412,0
183.792,37,183789732719,2502412,0
183.795,37,183792351725,2502412,0
183.808,37,183807594761,73000,1
183.813,34,183810213767,2502412,0
183.815,37,183812814773,2502412,0
183.815,36,183815344779,73000,1
183.815,37,183815415779,73000,1
183.831,34,183831015815,73000,1
183.831,37,183831015815,73000,1
183.846,34,183843994845,2502412,0
183.847,34,183846524257,73000,1
183.859,34,183856822875,2502412,0
183.867,34,183866951899,73000,1
183.867,38,183867040899,73000,1
183.88,37,183877642329,2502412,0
183.883,37,183880359335,2502412,0
183.886,37,183885517347,73000,1
183.893,34,183893285365,73000,1
183.898,36,183895904371,2502412,0
183.903,36,183900964383,2502412,0
183.906,34,183903494389,2502412,0
183.909,36,183908581401,73000,1
183.909,37,183908581401,73000,1
183.916,34,183913810413,2502412,0
183.927,34,183924010437,2502412,0
183.935,34,183932100009,2502412,0
183.942,34,183939788027,2502412,0
183.945,36,183942469033,2502412,0
183.95,36,183950059051,73000,1
183.95,37,183950166051,73000,1
183.95,34,183950237051,73000,1
183.95,36,183950237051,73000,1
183.955,34,183952909057,2502412,0
183.963,34,183960544075,2502412,0
183.968,34,183965693087,2502412,0
183.979,34,183978735523,73000,1
183.979,35,183978824523,73000,1
183.979,36,183978824523,73000,1
183.989,35,183989122547,73000,1
184.007,34,184007099589,73000,1
184.012,35,184009736595,2502412,0
184.015,35,184014876607,73000,1
184.025,37,184025103631,73000,1
184.041,34,184040703667,73000,1
184.041,35,184040703667,73000,1
184.072,36,184069050733,2502412,0
184.09,36,184087118181,2502412,0
184.097,35,184094779199,2502412,0
184.102,35,184102387217,73000,1
184.105,36,184102467217,2502412,0
184.107,35,184104997223,2502412,0
184.12,35,184117656253,2502412,0
184.125,35,184122716265,2502412,0
184.13,36,184127776277,2502412,0
184.133,32,184132916289,73000,1
184.143,34,184140988307,2502412,0
184.146,35,184146048319,73000,1
184.146,36,184146119319,73000,1
184.149,34,184146208319,2502412,0
184.154,34,184151286331,2502412,0
184.154,34,184153815743,73000,1
184.154,35,184153816337,73000,1
184.172,35,184171651379,73000,1
184.177,36,184176907391,73000,1
184.188,34,184187437821,73000,1
184.193,39,184192613833,73000,1
184.198,34,184195241839,2502412,0
184.213,34,184210590875,2502412,0
184.226,36,184223383905,2502412,0
184.226,34,184225913911,73000,1
184.226,36,184225984911,73000,1
184.231,35,184228621917,2502412,0
184.244,36,184244319953,73000,1
184.244,35,184244390953,73000,1
184.247,34,184244461953,2502412,0
184.255,34,184254590977,73000,1
184.257,38,184254670977,2502412,0
184.265,36,184262358995,2502412,0
184.267,37,184267419007,73000,1
184.273,36,184270020013,2502412,0
184.275,38,184275080025,73000,1
184.278,33,184275151025,2502412,0
184.28,36,184277681031,2502412,0
184.288,36,184285601455,2502412,0
184.288,33,184288140461,73000,1
184.288,35,184288140461,73000,1
184.293,34,184290768467,2502412,0
184.304,36,184303507497,73000,1
184.304,34,184303578497,73000,1
184.311,38,184311248515,73000,1
184.311,33,184311248515,73000,1
184.324,36,184321448539,2502412,0
184.324,34,184323987545,73000,1
184.332,36,184329145557,2502412,0
184.334,34,184334232569,73000,1
184.337,36,184334312569,2502412,0
184.347,36,184344870593,2502412,0
184.348,35,184347427599,73000,1
184.348,38,184347427599,73000,1
184.35,33,184350073605,73000,1
184.353,36,184350144605,2502412,0
184.353,36,184352843611,73000,1
184.384,36,184381181677,2502412,0
184.399,36,184396790713,2502412,0
184.412,36,184412095749,73000,1
184.415,33,184414892755,73000,1
184.42,36,184420112767,73000,1
184.428,38,184427871785,73000,1
184.433,34,184433242797,73000,1
184.444,35,184443755821,73000,1
184.452,36,184451621839,73000,1
184.459,33,184456992851,2502412,0
184.46,33,184459522263,73000,1
184.472,32,184469793881,2502412,0
184.48,35,184477481899,2502412,0
184.483,32,184480091905,2502412,0
184.488,35,184488154329,73000,1
184.496,32,184493312341,2502412,0
184.496,33,184495842347,73000,1
184.499,34,184496011347,2502412,0
184.509,34,184508670377,73000,1
184.509,32,184508741377,73000,1
184.511,35,184511422383,73000,1
184.522,36,184521880407,73000,1
184.525,33,184524561413,73000,1
184.527,32,184524650413,2502412,0
184.527,35,184527189419,73000,1
184.53,34,184527260419,2502412,0
184.533,32,184532436431,73000,1
184.535,34,184532516431,2502412,0
184.54,34,184540151449,73000,1
184.561,32,184561015497,73000,1
184.574,38,184573808527,73000,1
184.579,32,184578939539,73000,1
184.582,34,184579010539,2502412,0
184.584,34,184584088551,73000,1
184.595,35,184592150975,2502412,0
184.615,35,184614984029,73000,1
184.618,34,184617585035,73000,1
184.63,33,184627785059,2502412,0
184.638,34,184635455077,2502412,0
184.643,35,184643161095,73000,1
184.643,33,184643232095,73000,1
184.646,34,184645842101,73000,1
184.654,33,184651562113,2502412,0
184.657,34,184654163119,2502412,0
184.659,33,184659312131,73000,1
184.665,34,184664452143,73000,1
184.667,33,184664523143,2502412,0
184.672,36,184672220161,73000,1
184.675,33,184674830167,73000,1
184.678,35,184677645173,73000,1
184.683,34,184680246179,2502412,0
184.685,34,184682793591,2502412,0
184.703,33,184700905039,2502412,0
184.704,33,184703452451,73000,1
184.706,34,184703524045,2502412,0
184.714,37,184713662069,73000,1
184.714,32,184713662069,73000,1
184.714,34,184713769069,73000,1
184.716,34,184713938069,2502412,0
184.722,33,184719016081,2502412,0
184.729,33,184726766099,2502412,0
184.732,34,184731915111,73000,1
184.74,33,184737117123,2502412,0
184.747,34,184744725141,2502412,0
184.75,33,184750294153,73000,1
184.758,34,184757973171,73000,1
184.761,33,184760583177,73000,1
184.768,33,184765928189,2502412,0
184.771,35,184768458195,2502412,0
184.784,33,184781348225,2502412,0
184.786,34,184786417237,73000,1
184.792,35,184789018243,2502412,0
184.797,34,184794470661,2502412,0
184.805,33,184804679685,73000,1
184.805,34,184804839685,73000,1
184.805,35,184804839685,73000,1
184.81,34,184807440691,2502412,0
184.82,34,184820179721,73000,1
184.82,35,184820179721,73000,1
184.821,34,184820428721,73000,1
184.826,35,184823038727,2502412,0
184.831,34,184828107739,2502412,0
184.831,33,184830637745,73000,1
184.831,35,184830788745,73000,1
184.834,34,184833478751,73000,1
184.839,34,184838618763,73000,1
184.839,33,184838618763,73000,1
184.841,32,184841228769,73000,1
184.846,33,184843847775,2502412,0
184.849,35,184846386781,2502412,0
184.854,35,184851928793,2502412,0
184.855,33,184854458799,73000,1
184.855,36,184854458799,73000,1
184.865,35,184864765823,73000,1
184.878,35,184875010847,2502412,0
184.885,35,184885237871,73000,1
184.885,33,184885237871,73000,1
184.898,34,184895928901,2502412,0
184.909,34,184906182925,2502412,0
184.911,34,184911269937,73000,1
184.911,35,184911349937,73000,1
184.919,33,184916596949,2502412,0
184.935,33,184932043985,2502412,0
184.937,33,184937192997,73000,1
184.937,34,184937192997,73000,1
184.95,34,184950119027,73000,1
184.95,37,184950190027,73000,1
184.953,35,184950261027,2502412,0
184.958,33,184955643039,2502412,0
184.961,33,184960703051,73000,1
184.966,35,184963411057,2502412,0
184.968,33,184965941063,2502412,0
184.969,35,184968471069,73000,1
184.974,33,184973789081,73000,1
184.982,33,184981459099,73000,1
184.995,35,184994438129,73000,1
185.018,33,185015276583,2502412,0
185.031,34,185028255613,2502412,0
185.031,33,185030785619,73000,1
185.031,34,185030856619,73000,1
185.036,33,185036094631,73000,1
185.039,35,185036165631,2502412,0
185.049,38,185048984661,73000,1
185.049,35,185049064661,73000,1
185.049,34,185049135661,73000,1
185.054,35,185054266673,73000,1
185.065,35,185062418691,2502412,0
185.07,35,185067487703,2502412,0
185.073,33,185072725715,73000,1
185.073,35,185072796715,73000,1
185.091,35,185088634751,2502412,0
185.091,34,185091164757,73000,1
185.091,35,185091244757,73000,1
185.091,39,185091244757,73000,1
185.105,39,185104492193,73000,1
185.107,36,185104590193,2502412,0
185.112,35,185109650205,2502412,0
185.12,35,185119868229,73000,1
185.122,36,185119939229,2502412,0
185.125,36,185125381241,73000,1
185.126,39,185125452241,73000,1
185.126,35,185125452241,73000,1
185.128,36,185128266247,73000,1
185.141,35,185138466271,2502412,0
185.141,35,185141004683,73000,1
185.141,33,185141005277,73000,1
185.151,39,185148853295,2502412,0
185.162,39,185161852325,73000,1
185.164,35,185161950325,2502412,0
185.17,35,185169549343,73000,1
185.17,34,185169549343,73000,1
185.18,35,185179749367,73000,1
185.19,39,185189976391,73000,1
185.198,33,185195205403,2502412,0
185.198,36,185197735409,73000,1
185.208,33,185208310839,73000,1
185.231,33,185231401893,73000,1
185.242,35,185241610917,73000,1
185.249,35,185246759929,2502412,0
185.249,33,185249289935,73000,1
185.255,35,185254447947,73000,1
185.255,39,185254447947,73000,1
185.265,36,185265094971,73000,1
185.268,35,185268006977,73000,1
185.268,32,185268237977,73000,1
185.299,34,185296575043,2502412,0
185.304,33,185304183061,73000,1
185.312,34,185309653479,2502412,0
185.322,34,185319880503,2502412,0
185.325,34,185322481509,2502412,0
185.333,35,185332726533,73000,1
185.335,34,185335327539,73000,1
185.356,35,185353268581,2502412,0
185.369,34,185368797617,73000,1
185.371,35,185368904617,2502412,0
185.372,35,185371434029,73000,1
185.372,39,185371434623,73000,1
185.39,38,185389714665,73000,1
185.39,35,185389794665,73000,1
185.416,34,185415906131,73000,1
185.444,35,185444421197,73000,1
185.481,36,185480884281,73000,1
185.501,34,185501293329,73000,1
185.509,35,185509364347,73000,1
185.541,33,185538022819,2502412,0
185.556,33,185555928861,73000,1
185.572,33,185571510897,73000,1
185.572,36,185571510897,73000,1
185.572,34,185571510897,73000,1
185.595,39,185592106945,2502412,0
185.6,39,185597344957,2502412,0
185.61,39,185610074987,73000,1
185.623,33,185623144423,73000,1
185.641,39,185641059465,73000,1
185.656,33,185653914495,2502412,0
185.672,33,185669290531,2502412,0
185.68,33,185679927961,73000,1
185.683,35,185680007961,2502412,0
185.688,33,185687713979,73000,1
185.688,39,185687855979,73000,1
185.693,35,185693004991,73000,1
185.719,35,185716381451,2502412,0
185.726,33,185723980469,2502412,0
185.737,33,185736746499,73000,1
185.737,35,185736746499,73000,1
185.739,39,185736817499,2502412,0
185.747,39,185744407517,2502412,0
185.75,39,185749636529,73000,1
185.752,36,185752406535,73000,1
185.755,33,185752486535,2502412,0
185.76,38,185757724547,2502412,0
185.76,35,185760254553,73000,1
185.768,33,185765483565,2502412,0
185.778,39,185775916589,2502412,0
185.784,38,185781056601,2502412,0
185.786,33,185786134613,73000,1
185.789,39,185788842619,73000,1
185.792,38,185791532625,73000,1
185.797,33,185796903637,73000,1
185.807,39,185804591655,2502412,0
185.817,35,185814720679,2502412,0
185.818,35,185817563685,73000,1
185.823,38,185820164691,2502412,0
185.825,39,185822694697,2502412,0
185.828,38,185827923709,73000,1
185.836,39,185833099721,2502412,0
185.838,35,185838186733,73000,1
185.841,39,185838346733,2502412,0
185.849,35,185848555757,73000,1
185.849,39,185848626757,73000,1
185.849,38,185848768757,73000,1
185.851,35,185851387763,73000,1
185.852,39,185851458763,73000,1
185.852,33,185851742763,73000,1
185.857,38,185857157775,73000,1
185.857,39,185857157775,73000,1
185.881,33,185880641829,73000,1
185.899,37,185895999865,2502412,0
185.916,37,185916302913,73000,1
185.919,39,185919037919,73000,1
185.924,37,185921996331,2502412,0
185.925,37,185924597337,73000,1
185.927,38,185924686337,2502412,0
185.94,38,185939973373,73000,1
185.943,37,185942663379,73000,1
185.971,38,185968275439,2502412,0
185.971,34,185970876445,73000,1
185.981,37,185978886463,2502412,0
185.984,38,185981416469,2502412,0
185.987,38,185984097475,2502412,0
185.989,37,185986698481,2502412,0
185.992,38,185991758493,73000,1
185.992,37,185991909493,73000,1
185.995,38,185994528499,73000,1
185.995,39,185994528499,73000,1
186.005,38,186005021523,73000,1
186.005,37,186005021523,73000,1
186.031,35,186031124989,73000,1
186.034,37,186033832995,73000,1
186.037,33,186036790001,73000,1
186.05,37,186047097025,2502412,0
186.063,37,186062446061,73000,1
186.07,37,186070125079,73000,1
186.083,37,186083337109,73000,1
186.096,32,186096387139,73000,1
186.099,38,186096458139,2502412,0
186.112,38,186111878175,73000,1
186.14,38,186140386647,73000,1
186.153,37,186150755671,2502412,0
186.156,37,186155904683,73000,1
186.169,38,186166131707,2502412,0
186.184,37,186181551743,2502412,0
186.184,38,186184412155,73000,1
186.19,37,186187022161,2502412,0
186.19,37,186189551573,73000,1
186.205,37,186204972203,73000,1
186.21,38,186207600209,2502412,0
186.215,39,186212767221,2502412,0
186.215,38,186215297227,73000,1
186.22,38,186217934233,2502412,0
186.223,38,186220553239,2502412,0
186.223,39,186223083245,73000,1
186.234,38,186231127669,2502412,0
186.236,38,186236187681,73000,1
186.242,39,186241603693,73000,1
186.242,37,186241683693,73000,1
186.245,39,186244666699,73000,1
186.25,35,186247276705,2502412,0
186.257,38,186257396729,73000,1
186.258,35,186257485729,73000,1
186.276,35,186276138771,73000,1
186.294,37,186294268813,73000,1
186.302,35,186302001831,73000,1
186.305,38,186304611837,73000,1
186.305,39,186304700837,73000,1
186.31,35,186307568843,2502412,0
186.321,35,186318008867,2502412,0
186.326,38,186323290879,2502412,0
186.326,38,186325962885,73000,1
186.337,35,186334016309,2502412,0
186.339,38,186339085321,73000,1
186.344,38,186344261333,73000,1
186.344,35,186344341333,73000,1
186.353,35,186352527351,73000,1
186.386,35,186383563423,2502412,0
186.394,35,186391609441,2502412,0
186.407,35,186406967477,73000,1
186.415,35,186414806495,73000,1
186.428,33,186427634525,73000,1
186.446,38,186446226973,73000,1
186.465,35,186462029009,2502412,0
186.465,35,186464567421,73000,1
186.472,35,186469735027,2502412,0
186.475,38,186474804039,73000,1
186.482,35,186479935051,2502412,0
186.485,35,186482473463,2502412,0
186.49,35,186490403481,73000,1
186.499,35,186498535499,73000,1
186.506,37,186506267517,73000,1
186.512,39,186511505529,73000,1
186.532,35,186529474571,2502412,0
186.545,35,186542695007,2502412,0
186.555,35,186552966031,2502412,0
186.563,35,186563308055,73000,1
186.602,35,186599646139,2502412,0
186.607,35,186607245157,73000,1
186.607,36,186607245157,73000,1
186.607,34,186607316157,73000,1
186.613,36,186612670169,73000,1
186.615,36,186612821169,2502412,0
186.623,36,186623066193,73000,1
186.623,35,186623066193,73000,1
186.639,36,186638985635,73000,1
186.639,35,186638985635,73000,1
186.659,35,186656936677,2502412,0
186.662,35,186659484089,2502412,0
186.667,35,186667181107,73000,1
186.68,37,186680320137,73000,1
186.68,36,186680320137,73000,1
186.681,35,186680480137,73000,1
186.699,36,186696569173,2502412,0
186.702,36,186701718185,73000,1
186.707,38,186704470191,2502412,0
186.712,36,186712300209,73000,1
186.712,35,186712300209,73000,1
186.715,38,186712371209,2502412,0
186.728,32,186727924245,73000,1
186.733,38,186730525251,2502412,0
186.738,36,186735594263,2502412,0
186.741,38,186738302269,2502412,0
186.741,38,186741145275,73000,1
186.746,32,186743746281,2502412,0
186.746,36,186746285287,73000,1
186.746,35,186746285287,73000,1
186.749,38,186746356287,2502412,0
186.749,38,186748885699,73000,1
186.754,32,186754301305,73000,1
186.76,38,186759734317,73000,1
186.76,36,186759947317,73000,1
186.763,35,186762557323,73000,1
186.763,36,186762841323,73000,1
186.771,32,186768292335,2502412,0
186.771,32,186770821747,73000,1
186.789,38,186788809383,73000,1
186.797,32,186796792401,73000,1
186.807,39,186804569419,2502412,0
186.812,39,186809798431,2502412,0
186.823,39,186820150455,2502412,0
186.83,39,186830288479,73000,1
186.835,39,186832996485,2502412,0
186.843,32,186840604503,2502412,0
186.844,32,186843518509,73000,1
186.844,39,186843607509,73000,1
186.851,32,186848854521,2502412,0
186.854,39,186851393527,2502412,0
186.854,38,186853923533,73000,1
186.857,32,186856533539,73000,1
186.864,39,186864221557,73000,1
186.879,39,186876951587,2502412,0
186.885,36,186882029599,2502412,0
186.89,39,186887178611,2502412,0
186.892,36,186892238623,73000,1
186.895,32,186894848629,73000,1
186.897,39,186894928629,2502412,0
186.903,32,186902876647,73000,1
186.906,36,186903098647,2502412,0
186.911,39,186910697665,73000,1
186.916,36,186915944677,73000,1
186.924,39,186923614695,73000,1
186.937,32,186936558725,73000,1
186.947,36,186944612149,2502412,0
186.958,36,186957458179,73000,1
186.963,36,186962669191,73000,1
186.981,39,186978018227,2502412,0
186.981,39,186980547639,73000,1
186.986,39,186983265239,2502412,0
186.986,39,186985866245,73000,1
186.996,39,186993714263,2502412,0
187.004,39,187001635281,2502412,0
187.012,39,187011907305,73000,1
187.022,32,187019737323,2502412,0
187.025,39,187022267329,2502412,0
187.027,36,187024797335,2502412,0
187.03,36,187027326747,2502412,0
187.04,32,187040092777,73000,1
187.043,39,187040172777,2502412,0
187.043,39,187042782783,73000,1
187.043,36,187042782783,73000,1
187.045,38,187045392789,73000,1
187.046,39,187045463789,73000,1
187.064,35,187061463231,2502412,0
187.067,32,187066603243,73000,1
187.069,36,187066674243,2502412,0
187.082,35,187079440273,2502412,0
187.087,36,187084500285,2502412,0
187.092,39,187089560297,2502412,0
187.095,35,187092090303,2502412,0
187.097,39,187094709309,2502412,0
187.105,35,187105240333,73000,1
187.105,36,187105240333,73000,1
187.113,39,187110460345,2502412,0
187.123,39,187123128375,73000,1
187.123,35,187123128375,73000,1
187.133,33,187130807393,2502412,0
187.138,36,187138397411,73000,1
187.139,32,187138468411,73000,1
187.139,33,187138539411,73000,1
187.139,36,187138610411,73000,1
187.152,35,187151661847,73000,1
187.154,32,187151839847,2502412,0
187.157,36,187154387853,2502412,0
187.159,39,187156926859,2502412,0
187.165,36,187162004871,2502412,0
187.17,36,187169612889,73000,1
187.17,33,187169612889,73000,1
187.172,32,187169683889,2502412,0
187.18,39,187177362907,2502412,0
187.187,36,187184961925,2502412,0
187.19,39,187187491931,2502412,0
187.19,35,187190021937,73000,1
187.195,32,187192640943,2502412,0
187.198,36,187195170949,2502412,0
187.205,39,187202760967,2502412,0
187.211,32,187208142979,2502412,0
187.211,39,187210672985,73000,1
187.216,36,187213362991,2502412,0
187.226,32,187223510015,2502412,0
187.229,36,187226111021,2502412,0
187.231,39,187228712027,2502412,0
187.239,36,187236329045,2502412,0
187.244,35,187241389057,2502412,0
187.244,39,187243928063,73000,1
187.244,32,187243928063,73000,1
187.249,36,187246538069,2502412,0
187.257,39,187254449493,2502412,0
187.259,36,187256997499,2502412,0
187.26,35,187259598505,73000,1
187.26,33,187259598505,73000,1
187.262,36,187259758505,2502412,0
187.262,36,187262287917,73000,1
187.262,39,187262288511,73000,1
187.275,32,187272542535,2502412,0
187.283,39,187280168553,2502412,0
187.283,39,187282715965,73000,1
187.283,32,187282787559,73000,1
187.285,35,187282858559,2502412,0
187.288,33,187285388565,2502412,0
187.291,36,187290448577,73000,1
187.291,39,187290448577,73000,1
187.298,39,187295686589,2502412,0
187.298,39,187298216001,73000,1
187.298,35,187298287595,73000,1
187.303,32,187300888601,2502412,0
187.306,33,187303427607,2502412,0
187.308,36,187305966613,2502412,0
187.314,33,187313869037,73000,1
187.316,35,187313940037,2502412,0
187.319,33,187319009049,73000,1
187.319,32,187319009049,73000,1
187.322,36,187319080049,2502412,0
187.324,35,187321610055,2502412,0
187.327,32,187326679067,73000,1
187.332,39,187331846079,73000,1
187.334,35,187331926079,2502412,0
187.337,36,187336995091,73000,1
187.345,38,187342135103,2502412,0
187.345,36,187344665109,73000,1
187.345,35,187344736109,73000,1
187.355,36,187352468127,2502412,0
187.355,36,187355311133,73000,1
187.355,35,187355311133,73000,1
187.365,38,187362990151,2502412,0
187.371,39,187368068163,2502412,0
187.376,33,187373137175,2502412,0
187.378,36,187375667181,2502412,0
187.381,39,187378215187,2502412,0
187.381,38,187380745193,73000,1
187.389,33,187388433211,73000,1
187.394,39,187391034217,2502412,0
187.394,39,187393572629,73000,1
187.394,36,187393644223,73000,1
187.394,32,187393644223,73000,1
187.394,38,187393715223,73000,1
187.396,35,187393786223,2502412,0
187.396,35,187396333635,73000,1
187.396,39,187396405229,73000,1
187.412,33,187409216259,2502412,0
187.415,35,187414588677,73000,1
187.415,33,187414668677,73000,1
187.422,36,187422347695,73000,1
187.423,33,187422472695,73000,1
187.425,39,187422561695,2502412,0
187.428,39,187425162701,2502412,0
187.435,37,187435309725,73000,1
187.438,39,187435434725,2502412,0
187.438,34,187437982731,73000,1
187.438,38,187437982731,73000,1
187.441,39,187438071731,2502412,0
187.451,35,187450748761,73000,1
187.453,38,187450828761,2502412,0
187.456,39,187453358767,2502412,0
187.456,38,187456201773,73000,1
187.459,34,187456272773,2502412,0
187.466,36,187463880791,2502412,0
187.469,33,187466410797,2502412,0
187.469,34,187469020803,73000,1
187.474,39,187471621809,2502412,0
187.477,36,187474160815,2502412,0
187.479,39,187479220827,73000,1
187.479,38,187479220827,73000,1
187.479,32,187479300827,73000,1
187.482,34,187479371827,2502412,0
187.484,33,187481901833,2502412,0
187.489,38,187486979845,2502412,0
187.49,39,187489509851,73000,1
187.49,33,187489660851,73000,1
187.49,34,187489740851,73000,1
187.49,36,187489740851,73000,1
187.492,38,187489820851,2502412,0
187.503,38,187502479881,73000,1
187.503,33,187502621881,73000,1
187.505,38,187505267887,73000,1
187.505,34,187505267887,73000,1
187.508,34,187507877893,73000,1
187.508,36,187507877893,73000,1
187.534,36,187531228947,2502412,0
187.539,36,187536288959,2502412,0
187.546,39,187543923977,2502412,0
187.549,35,187546462983,2502412,0
187.551,36,187548992989,2502412,0
187.554,33,187554062001,73000,1
187.557,35,187554133001,2502412,0
187.557,36,187556663007,73000,1
187.565,39,187562195425,2502412,0
187.57,38,187567335437,2502412,0
187.575,35,187572395449,2502412,0
187.58,33,187579994467,73000,1
187.585,35,187585125479,73000,1
187.585,39,187585125479,73000,1
187.588,38,187585267479,2502412,0
187.59,35,187590354491,73000,1
187.593,36,187590425491,2502412,0
187.596,33,187595503503,73000,1
187.601,38,187600652515,73000,1
187.601,36,187600723515,73000,1
187.613,39,187610950539,2502412,0
187.624,39,187624012569,73000,1
187.624,36,187624012569,73000,1
187.632,38,187629170581,2502412,0
187.637,38,187634408593,2502412,0
187.637,38,187636938005,73000,1
187.64,34,187637009599,2502412,0
187.642,35,187642087611,73000,1
187.65,38,187647245623,2502412,0
187.652,34,187649846629,2502412,0
187.655,39,187652385635,2502412,0
187.66,34,187657561647,2502412,0
187.66,38,187660100653,73000,1
187.663,39,187660171653,2502412,0
187.663,39,187663014659,73000,1
187.666,38,187665855665,73000,1
187.666,34,187665855665,73000,1
187.671,38,187668554671,2502412,0
187.674,36,187671102677,2502412,0
187.676,38,187673703683,2502412,0
187.681,39,187681320701,73000,1
187.684,36,187683921707,73000,1
187.684,32,187683921707,73000,1
187.689,34,187686522713,2502412,0
187.689,38,187689159719,73000,1
187.694,35,187694308731,73000,1
187.697,34,187694379731,2502412,0
187.7,34,187699457743,73000,1
187.7,38,187699457743,73000,1
187.7,35,187699617743,73000,1
187.7,39,187699617743,73000,1
187.71,36,187707323761,2502412,0
187.713,36,187712481773,73000,1
187.721,34,187720597791,73000,1
187.723,38,187720668791,2502412,0
187.731,38,187728276809,2502412,0
187.739,32,187736035827,2502412,0
187.741,32,187741122839,73000,1
187.741,38,187741202839,73000,1
187.744,39,187741282839,2502412,0
187.744,36,187743812845,73000,1
187.744,34,187743812845,73000,1
187.749,39,187749094857,73000,1
187.749,32,187749094857,73000,1
187.764,36,187761940887,2502412,0
187.765,38,187764863893,73000,1
187.765,32,187764863893,73000,1
187.768,36,187765032893,2502412,0
187.77,36,187770163905,73000,1
187.773,39,187770234905,2502412,0
187.785,39,187782982935,2502412,0
187.796,34,187793209959,2502412,0
187.798,34,187798358971,73000,1
187.798,39,187798358971,73000,1
187.801,33,187798429971,2502412,0
187.806,36,187803507983,2502412,0
187.811,34,187811187001,73000,1
187.814,36,187813788007,73000,1
187.819,33,187816398013,2502412,0
187.822,33,187821780025,73000,1
187.822,34,187821780025,73000,1
187.829,38,187826929037,2502412,0
187.832,32,187829459043,2502412,0
187.832,38,187832007049,73000,1
187.832,39,187832007049,73000,1
187.837,32,187834608055,2502412,0
187.847,36,187844968079,2502412,0
187.848,32,187847578085,73000,1
187.848,38,187847578085,73000,1
187.85,32,187850215091,73000,1
187.853,36,187850286091,2502412,0
187.855,33,187852816097,2502412,0
187.86,32,187857876109,2502412,0
187.863,33,187862954121,73000,1
187.866,32,187863025121,2502412,0
187.866,39,187865877127,73000,1
187.871,36,187871026139,73000,1
187.879,33,187876184151,2502412,0
187.881,32,187878714157,2502412,0
187.884,32,187881243569,2502412,0
187.889,33,187888967587,73000,1
187.899,32,187896637605,2502412,0
187.902,32,187899167017,2502412,0
187.909,32,187906784035,2502412,0
187.909,36,187909314041,73000,1
187.912,33,187909385041,2502412,0
187.917,34,187914445053,2502412,0
187.917,34,187916983465,73000,1
187.917,32,187917055059,73000,1
187.917,38,187917055059,73000,1
187.922,33,187922204071,73000,1
187.925,32,187925207077,73000,1
187.93,33,187927968083,2502412,0
187.936,33,187933037095,2502412,0
187.943,34,187943308119,73000,1
187.954,33,187951049137,2502412,0
187.956,33,187953587549,2502412,0
187.959,33,187956116961,2502412,0
187.961,33,187958646373,2502412,0
187.961,32,187961274379,73000,1
187.974,34,187971946809,2502412,0
187.975,34,187974476221,73000,1
187.975,33,187974476815,73000,1
187.977,36,187974565815,2502412,0
187.98,39,187979670827,73000,1
187.995,36,187992391857,2502412,0
187.997,36,187994939269,2502412,0
188,34,187997469275,2502412,0
188.008,33,188005068293,2502412,0
188.018,36,188015215317,2502412,0
188.02,34,188017745323,2502412,0
188.028,34,188028187347,73000,1
188.028,33,188028187347,73000,1
188.031,36,188028258347,2502412,0
188.038,36,188038405371,73000,1
188.039,38,188038485371,73000,1
188.041,33,188038681371,2502412,0
188.041,33,188041210783,73000,1
188.041,34,188041211377,73000,1
188.046,32,188043839383,2502412,0
188.054,32,188051429401,2502412,0
188.054,33,188053959407,73000,1
188.059,36,188056729413,2502412,0
188.062,32,188059277419,2502412,0
188.075,36,188072248855,2502412,0
188.08,32,188077415867,2502412,0
188.082,32,188079963279,2502412,0
188.085,36,188082493285,2502412,0
188.093,32,188090092303,2502412,0
188.098,32,188095268315,2502412,0
188.098,38,188097798321,73000,1
188.098,32,188097869321,73000,1
188.098,36,188097869321,73000,1
188.098,33,188097940321,73000,1
188.111,34,188108301345,2502412,0
188.113,38,188113361357,73000,1
188.116,32,188116007363,73000,1
188.116,36,188116158363,73000,1
188.119,34,188116318363,2502412,0
188.135,34,188134528405,73000,1
188.147,36,188144755429,2502412,0
188.152,32,188149833441,2502412,0
188.155,36,188152363447,2502412,0
188.158,36,188157432459,73000,1
188.158,34,188157432459,73000,1
188.163,32,188160033465,2502412,0
188.168,34,188165093477,2502412,0
188.168,36,188167632483,73000,1
188.168,33,188167703483,73000,1
188.17,34,188167854483,2502412,0
188.171,32,188170473489,73000,1
188.171,34,188170562489,73000,1
188.173,34,188170749489,2502412,0
188.174,32,188173592495,73000,1
188.176,34,188176264501,73000,1
188.179,34,188178945507,73000,1
188.182,36,188181573513,73000,1
188.207,33,188207363573,73000,1
188.207,34,188207363573,73000,1
188.21,32,188209991579,73000,1
188.213,38,188212601585,73000,1
188.233,35,188230829627,2502412,0
188.238,39,188235978639,2502412,0
188.249,39,188248735669,73000,1
188.249,35,188248735669,73000,1
188.257,33,188256601687,73000,1
188.264,36,188261750699,2502412,0
188.272,39,188269349717,2502412,0
188.28,36,188279827147,73000,1
188.28,39,188279898147,73000,1
188.28,35,188279978147,73000,1
188.298,39,188295443183,2502412,0
188.298,39,188297972595,73000,1
188.308,36,188305714207,2502412,0
188.308,39,188308342213,73000,1
188.311,36,188311032219,73000,1
188.311,37,188311103219,73000,1
188.311,34,188311174219,73000,1
188.314,35,188311263219,2502412,0
188.314,37,188313873225,73000,1
188.317,32,188316474231,73000,1
188.317,37,188316554231,73000,1
188.317,35,188316625231,73000,1
188.324,37,188321774243,2502412,0
188.327,36,188326834255,73000,1
188.335,36,188334817273,73000,1
188.338,39,188337445279,73000,1
188.338,37,188337516279,73000,1
188.353,35,188350282309,2502412,0
188.363,35,188362995339,73000,1
188.366,37,188363066339,2502412,0
188.376,39,188373213363,2502412,0
188.378,37,188375743369,2502412,0
188.379,39,188378586375,73000,1
188.386,35,188383797387,2502412,0
188.386,37,188386336393,73000,1
188.391,39,188388937399,2502412,0
188.394,35,188393997411,73000,1
188.402,37,188401694429,73000,1
188.407,39,188404375435,2502412,0
188.415,39,188412125453,2502412,0
188.417,39,188414663865,2502412,0
188.422,39,188419732877,2502412,0
188.422,37,188422262883,73000,1
188.425,35,188422422883,2502412,0
188.427,39,188424952889,2502412,0
188.428,36,188427589895,73000,1
188.433,35,188430261901,2502412,0
188.433,35,188432800313,73000,1
188.433,39,188432800907,73000,1
188.433,34,188432800907,73000,1
188.449,39,188446057937,2502412,0
188.454,35,188451117949,2502412,0
188.459,35,188456177961,2502412,0
188.471,39,188471393997,73000,1
188.477,35,188476605009,73000,1
188.482,37,188479233015,2502412,0
188.487,37,188487154033,73000,1
188.49,37,188489773039,73000,1
188.492,39,188489853039,2502412,0
188.498,39,188497612057,73000,1
188.498,35,188497612057,73000,1
188.505,39,188505318075,73000,1
188.519,35,188518520105,73000,1
188.529,39,188528774129,73000,1
188.529,37,188528881129,73000,1
188.565,37,188565157213,73000,1
188.568,32,188567785219,73000,1
188.589,39,188586092667,2502412,0
188.599,39,188598894697,73000,1
188.607,35,188606813715,73000,1
188.61,39,188609716721,73000,1
188.618,39,188615140733,2502412,0
188.628,39,188627888763,73000,1
188.633,35,188630658769,2502412,0
188.644,35,188641180793,2502412,0
188.644,36,188643808799,73000,1
188.651,35,188648966811,2502412,0
188.654,39,188654168823,73000,1
188.657,34,188656778829,73000,1
188.66,35,188659459835,73000,1
188.672,35,188672331865,73000,1
188.685,39,188682629889,2502412,0
188.691,39,188688002901,2502412,0
188.693,39,188693071913,73000,1
188.693,37,188693142913,73000,1
188.706,35,188703467937,2502412,0
188.711,37,188711066955,73000,1
188.714,39,188713694961,73000,1
188.719,35,188718834973,73000,1
188.734,39,188734398009,73000,1
188.74,35,188739556021,73000,1
188.786,39,188783646123,2502412,0
188.797,35,188796688559,73000,1
188.799,39,188799396565,73000,1
188.808,39,188807519583,73000,1
188.816,35,188815491601,73000,1
188.823,32,188823250619,73000,1
188.841,39,188838546655,2502412,0
188.841,39,188841094067,73000,1
188.86,39,188859482703,73000,1
188.862,35,188862252709,73000,1
188.878,36,188875080739,2502412,0
188.888,36,188887953769,73000,1
188.891,36,188891214181,73000,1
188.891,39,188891285181,73000,1
188.891,38,188891356181,73000,1
188.902,38,188901769205,73000,1
188.907,36,188907060217,73000,1
188.917,36,188914899235,2502412,0
188.933,36,188930115271,2502412,0
188.935,38,188935175283,73000,1
188.935,36,188935273283,73000,1
188.951,38,188948494313,2502412,0
188.951,38,188951193319,73000,1
188.959,36,188956626331,2502412,0
188.962,38,188959165337,2502412,0
188.967,38,188966924355,73000,1
188.969,36,188966995355,2502412,0
188.977,39,188974692373,2502412,0
188.977,39,188977221785,73000,1
188.98,36,188977293379,2502412,0
188.985,36,188985026397,73000,1
188.996,38,188993168821,2502412,0
189.006,39,189005987851,73000,1
189.009,38,189006058851,2502412,0
189.011,33,189011154863,73000,1
189.011,36,189011154863,73000,1
189.011,38,189011305863,73000,1
189.019,39,189019269881,73000,1
189.03,38,189029629905,73000,1
189.035,36,189034876917,73000,1
189.059,39,189059062971,73000,1
189.059,38,189059293971,73000,1
189.073,35,189072495001,73000,1
189.124,39,189124013527,73000,1
189.144,36,189141919569,2502412,0
189.158,38,189157501605,73000,1
189.163,36,189162632617,73000,1
189.211,36,189208744131,2502412,0
189.216,36,189213813143,2502412,0
189.232,36,189229207179,2502412,0
189.237,36,189234285191,2502412,0
189.247,36,189244672215,2502412,0
189.25,36,189249750227,73000,1
189.281,36,189280886299,73000,1
189.289,36,189286062311,2502412,0
189.296,36,189293901329,2502412,0
189.312,36,189312057777,73000,1
189.333,32,189332582825,73000,1
189.333,36,189332582825,73000,1
189.371,36,189368858909,2502412,0
189.379,36,189379112933,73000,1
189.4,36,189399992981,73000,1
189.424,38,189423698441,73000,1
189.454,34,189451929507,2502412,0
189.462,36,189459850525,2502412,0
189.468,34,189467547543,73000,1
189.473,36,189472829555,73000,1
189.483,36,189480499573,2502412,0
189.488,36,189485559585,2502412,0
189.501,34,189498218615,2502412,0
189.509,36,189508749045,73000,1
189.512,34,189511448051,73000,1
189.535,34,189534707105,73000,1
189.535,36,189534787105,73000,1
189.54,37,189537459111,2502412,0
189.545,37,189542537123,2502412,0
189.548,37,189545156129,2502412,0
189.553,34,189552746147,73000,1
189.556,37,189555499153,73000,1
189.561,36,189560737165,73000,1
189.569,37,189566181177,2502412,0
189.581,37,189578947207,2502412,0
189.584,37,189581548213,2502412,0
189.584,38,189584078219,73000,1
189.594,36,189594278243,73000,1
189.594,37,189594349243,73000,1
189.6,37,189597030249,2502412,0
189.613,37,189610019685,2502412,0
189.62,37,189617636703,2502412,0
189.623,37,189622723715,73000,1
189.641,39,189640709757,73000,1
189.646,37,189643328763,2502412,0
189.651,37,189648682775,2502412,0
189.651,34,189651310781,73000,1
189.651,37,189651381781,73000,1
189.662,37,189659185799,2502412,0
189.672,37,189672246829,73000,1
189.675,33,189674927835,73000,1
189.685,37,189682659853,2502412,0
189.685,33,189685207859,73000,1
189.691,37,189690427871,73000,1
189.696,36,189695709883,73000,1
189.698,33,189698381889,73000,1
189.701,36,189701053895,73000,1
189.704,37,189701124895,2502412,0
189.717,37,189714123331,2502412,0
189.722,33,189721731349,73000,1
189.727,37,189724332355,2502412,0
189.737,37,189734630379,2502412,0
189.74,37,189737159791,2502412,0
189.747,37,189747342815,73000,1
189.771,37,189771101869,73000,1
189.802,37,189799750935,2502412,0
189.812,35,189809977959,2502412,0
189.818,37,189815421971,2502412,0
189.821,37,189818040977,2502412,0
189.833,35,189830709007,2502412,0
189.836,35,189833238419,2502412,0
189.838,37,189835768425,2502412,0
189.839,33,189838485431,73000,1
189.841,37,189841086437,73000,1
189.846,35,189843696443,2502412,0
189.851,37,189848916455,2502412,0
189.857,35,189856613473,73000,1
189.857,34,189856613473,73000,1
189.862,37,189861913485,73000,1
189.864,35,189861984485,2502412,0
189.872,35,189869896503,2502412,0
189.88,35,189880132527,73000,1
189.893,37,189892996557,73000,1
189.901,35,189900782575,73000,1
189.916,33,189916418017,73000,1
189.94,33,189937112065,2502412,0
189.945,37,189945102083,73000,1
189.945,33,189945244083,73000,1
189.948,35,189947872089,73000,1
189.974,33,189971631143,2502412,0
189.974,33,189974241149,73000,1
189.977,35,189977082155,73000,1
189.995,33,189995077197,73000,1
190.039,37,190036563699,2502412,0
190.039,37,190039111111,73000,1
190.062,33,190059787753,2502412,0
190.067,33,190064918765,2502412,0
190.07,37,190067448771,2502412,0
190.073,37,190072535783,73000,1
190.073,33,190072535783,73000,1
190.091,37,190090718825,73000,1
190.104,32,190103591855,73000,1
190.106,33,190103671855,2502412,0
190.106,33,190106201267,73000,1
190.106,32,190106343861,73000,1
190.117,33,190114253879,2502412,0
190.117,32,190116863885,73000,1
190.117,33,190117014885,73000,1
190.128,37,190127732315,73000,1
190.13,33,190127803315,2502412,0
190.133,33,190130341727,2502412,0
190.133,35,190132871733,73000,1
190.133,33,190132969733,73000,1
190.136,33,190135721739,73000,1
190.136,32,190135846739,73000,1
190.141,32,190141004751,73000,1
190.144,33,190143721757,73000,1
190.157,34,190156798787,73000,1
190.167,33,190167185811,73000,1
190.186,37,190183078847,2502412,0
190.199,37,190198454883,73000,1
190.219,37,190216822925,2502412,0
190.222,37,190219494931,2502412,0
190.225,37,190224867943,73000,1
190.243,37,190242888985,73000,1
190.261,37,190260858027,73000,1
190.279,33,190276287063,2502412,0
190.287,33,190284323487,2502412,0
190.287,37,190286853493,73000,1
190.289,33,190286924493,2502412,0
190.295,33,190294728511,73000,1
190.295,37,190294728511,73000,1
190.305,32,190305177535,73000,1
190.326,33,190326094989,73000,1
190.344,33,190341569025,2502412,0
190.347,33,190344170031,2502412,0
190.357,33,190354450055,2502412,0
190.36,33,190359510067,73000,1
190.365,33,190365299079,73000,1
190.368,33,190368042085,73000,1
190.373,36,190373333097,73000,1
190.409,34,190406972175,2502412,0
190.425,34,190424763217,73000,1
190.438,34,190435435647,2502412,0
190.448,39,190445689671,2502412,0
190.448,34,190448219677,73000,1
190.451,39,190450856683,73000,1
190.459,33,190458535701,73000,1
190.469,38,190466383719,2502412,0
190.472,38,190469055725,2502412,0
190.474,38,190471665731,2502412,0
190.474,34,190474293737,73000,1
190.477,39,190474373737,2502412,0
190.477,33,190476903743,73000,1
190.48,38,190479531749,73000,1
190.482,39,190479611749,2502412,0
190.482,39,190482141161,73000,1
190.488,38,190487603767,73000,1
190.498,34,190497883791,73000,1
190.498,39,190498052791,73000,1
190.524,39,190523655851,73000,1
190.524,35,190523762851,73000,1
190.539,38,190536992287,2502412,0
190.542,34,190542061299,73000,1
190.555,38,190554836329,73000,1
190.565,38,190565116353,73000,1
190.596,38,190596386425,73000,1
190.599,39,190599005431,73000,1
190.602,33,190601606437,73000,1
190.62,39,190619725479,73000,1
190.628,39,190625078491,2502412,0
190.631,39,190630548909,73000,1
190.661,39,190661424981,73000,1
190.667,38,190666715993,73000,1
190.675,37,190674475011,73000,1
190.703,39,190703215077,73000,1
190.724,36,190721308119,2502412,0
190.726,37,190726368131,73000,1
190.729,36,190729138137,73000,1
190.737,39,190734759555,2502412,0
190.742,36,190739961567,2502412,0
190.743,39,190742491573,73000,1
190.745,32,190745110579,73000,1
190.75,36,190750348591,73000,1
190.763,39,190760548615,2502412,0
190.768,39,190765688627,2502412,0
190.776,34,190773287645,2502412,0
190.781,34,190778596657,2502412,0
190.781,39,190781144663,73000,1
190.781,36,190781144663,73000,1
190.786,38,190786373675,73000,1
190.794,34,190791897687,2502412,0
190.799,36,190796957699,2502412,0
190.8,34,190799487705,73000,1
190.802,39,190799665705,2502412,0
190.81,34,190807255723,2502412,0
190.813,36,190812466735,73000,1
190.815,34,190812537735,2502412,0
190.818,36,190817606747,73000,1
190.823,39,190820216753,2502412,0
190.825,39,190825294765,73000,1
190.828,34,190827913771,73000,1
190.828,39,190827913771,73000,1
190.851,34,190851165231,73000,1
190.874,36,190871628279,2502412,0
190.889,36,190886835315,2502412,0
190.894,39,190891975327,2502412,0
190.9,36,190897374745,2502412,0
190.905,39,190902434757,2502412,0
190.91,36,190907494769,2502412,0
190.913,36,190910024181,2502412,0
190.915,36,190915111193,73000,1
190.915,39,190915253193,73000,1
190.928,34,190928099223,73000,1
190.928,39,190928099223,73000,1
190.928,36,190928099223,73000,1
190.967,34,190964233713,2502412,0
190.972,36,190969293725,2502412,0
190.974,39,190971850731,2502412,0
190.974,39,190974389143,73000,1
190.977,34,190974460737,2502412,0
190.982,36,190982059755,73000,1
190.992,36,190989729773,2502412,0
191,34,190997632791,2502412,0
191.008,36,191005249809,2502412,0
191.01,36,191007788221,2502412,0
191.01,34,191010318227,73000,1
191.013,39,191010469227,2502412,0
191.018,39,191018077245,73000,1
191.018,34,191018077245,73000,1
191.023,36,191020820251,2502412,0
191.029,36,191028437269,73000,1
191.044,39,191041524705,2502412,0
191.044,39,191044063117,73000,1
191.054,34,191054272735,73000,1
191.057,36,191054343735,2502412,0
191.057,36,191056882147,73000,1
191.062,39,191059510747,2502412,0
191.062,35,191062067753,73000,1
191.067,39,191064668759,2502412,0
191.072,39,191072312777,73000,1
191.077,34,191074913783,2502412,0
191.078,39,191077443789,73000,1
191.083,36,191082805801,73000,1
191.085,34,191082885801,2502412,0
191.088,36,191088105813,73000,1
191.093,37,191093263825,73000,1
191.101,37,191098707837,2502412,0
191.101,34,191101237843,73000,1
191.101,39,191101388843,73000,1
191.104,37,191101566843,2502412,0
191.109,37,191106697855,2502412,0
191.109,35,191109227861,73000,1
191.112,37,191109307861,2502412,0
191.112,37,191111846273,73000,1
191.114,35,191111944867,2502412,0
191.117,37,191117004879,73000,1
191.12,34,191119703885,73000,1
191.12,38,191119703885,73000,1
191.12,35,191119792885,73000,1
191.131,34,191130472909,73000,1
191.138,35,191135612921,2502412,0
191.141,35,191140699933,73000,1
191.141,33,191140699933,73000,1
191.141,39,191140770933,73000,1
191.164,37,191161813387,2502412,0
191.167,35,191164343393,2502412,0
191.177,37,191177020423,73000,1
191.18,35,191177109423,2502412,0
191.18,36,191179639429,73000,1
191.182,35,191182329435,73000,1
191.183,35,191182542435,73000,1
191.2,37,191197971471,2502412,0
191.221,37,191218559925,2502412,0
191.221,39,191221098931,73000,1
191.221,37,191221267931,73000,1
191.232,34,191228999949,2502412,0
191.232,37,191231529955,73000,1
191.239,36,191236856967,2502412,0
191.242,34,191241987979,73000,1
191.245,35,191244901391,73000,1
191.25,35,191250112403,73000,1
191.253,36,191250201403,2502412,0
191.255,36,191252730815,2502412,0
191.255,34,191255349821,73000,1
191.26,36,191257959827,2502412,0
191.276,36,191273193863,2502412,0
191.283,36,191280819881,2502412,0
191.286,36,191283527887,2502412,0
191.286,34,191286057893,73000,1
191.286,36,191286164893,73000,1
191.289,37,191286235893,2502412,0
191.291,37,191288854899,2502412,0
191.294,37,191293985911,73000,1
191.294,38,191294127911,73000,1
191.312,34,191309878947,2502412,0
191.312,37,191312417953,73000,1
191.32,36,191317548965,2502412,0
191.325,37,191322608977,2502412,0
191.328,36,191327748989,73000,1
191.333,34,191330358995,2502412,0
191.333,36,191332898001,73000,1
191.333,37,191332898001,73000,1
191.338,36,191335633007,2502412,0
191.338,34,191338172013,73000,1
191.346,36,191346091031,73000,1
191.346,37,191346162031,73000,1
191.354,36,191351632449,2502412,0
191.369,36,191366883485,2502412,0
191.375,34,191374571503,73000,1
191.377,36,191377181509,73000,1
191.382,36,191382419521,73000,1
191.383,34,191382508521,73000,1
191.385,37,191382677521,2502412,0
191.393,36,191390285539,2502412,0
191.395,35,191392815545,2502412,0
191.401,36,191398044557,2502412,0
191.403,37,191400645563,2502412,0
191.406,37,191406302575,73000,1
191.406,35,191406302575,73000,1
191.412,36,191411451587,73000,1
191.414,35,191411522587,2502412,0
191.414,35,191414132593,73000,1
191.419,37,191419405605,73000,1
191.437,36,191434683641,2502412,0
191.437,35,191437213647,73000,1
191.44,36,191439886653,73000,1
191.453,39,191450453083,2502412,0
191.456,36,191455531095,73000,1
191.456,39,191455718095,73000,1
191.456,34,191455718095,73000,1
191.469,37,191466336119,2502412,0
191.471,35,191468866125,2502412,0
191.477,39,191474068137,2502412,0
191.482,37,191479128149,2502412,0
191.484,35,191484197161,73000,1
191.487,37,191486807167,73000,1
191.487,36,191486807167,73000,1
191.495,39,191492045179,2502412,0
191.5,34,191497123191,2502412,0
191.5,37,191499742197,73000,1
191.5,35,191499742197,73000,1
191.502,39,191499884197,2502412,0
191.505,34,191504989209,73000,1
191.508,39,191505060209,2502412,0
191.511,39,191510503627,73000,1
191.539,35,191538831693,73000,1
191.539,34,191538831693,73000,1
191.542,39,191539000693,2502412,0
191.547,37,191544176705,2502412,0
191.552,39,191549236717,2502412,0
191.555,39,191552097723,2502412,0
191.557,37,191554716729,2502412,0
191.557,35,191557246735,73000,1
191.565,36,191562448747,2502412,0
191.573,37,191572586771,73000,1
191.573,39,191572657771,73000,1
191.573,36,191572746771,73000,1
191.58,39,191577886783,2502412,0
191.586,39,191585485801,73000,1
191.596,37,191593235819,2502412,0
191.598,37,191598304831,73000,1
191.606,37,191603435843,2502412,0
191.606,36,191605965849,73000,1
191.609,36,191608566855,73000,1
191.609,37,191608566855,73000,1
191.611,39,191608646855,2502412,0
191.619,34,191616549279,2502412,0
191.619,39,191619088285,73000,1
191.624,34,191621805291,2502412,0
191.627,36,191626865303,73000,1
191.63,34,191629653309,73000,1
191.63,37,191629795309,73000,1
191.633,39,191630044309,2502412,0
191.64,39,191640342333,73000,1
191.653,34,191650702357,2502412,0
191.656,35,191653312363,2502412,0
191.661,34,191658703375,2502412,0
191.669,34,191666391393,2502412,0
191.674,35,191671531405,2502412,0
191.677,39,191674061411,2502412,0
191.679,34,191676609417,2502412,0
191.679,35,191679139423,73000,1
191.684,39,191684315435,73000,1
191.684,37,191684315435,73000,1
191.684,36,191684315435,73000,1
191.687,34,191686925441,73000,1
191.687,32,191686925441,73000,1
191.7,39,191697259465,2502412,0
191.702,34,191699789471,2502412,0
191.702,39,191702337477,73000,1
191.703,35,191702488477,73000,1
191.703,34,191702559477,73000,1
191.728,34,191725945531,2502412,0
191.739,39,191736092555,2502412,0
191.739,39,191738648967,73000,1
191.739,34,191738649561,73000,1
191.746,35,191743816573,2502412,0
191.757,38,191756797009,73000,1
191.759,34,191756868009,2502412,0
191.759,35,191759407015,73000,1
191.765,39,191764574027,73000,1
191.767,34,191767175033,73000,1
191.767,33,191767175033,73000,1
191.772,38,191769865039,2502412,0
191.772,34,191772404045,73000,1
191.773,35,191772475045,73000,1
191.773,33,191772626045,73000,1
191.778,38,191777757057,73000,1
191.778,39,191777828057,73000,1
191.783,34,191780438063,2502412,0
191.791,34,191790576087,73000,1
191.791,35,191790656087,73000,1
191.793,33,191790772087,2502412,0
191.796,38,191793302093,2502412,0
191.798,38,191798362105,73000,1
191.798,37,191798362105,73000,1
191.801,34,191798442105,2502412,0
191.801,35,191800972111,73000,1
191.801,34,191801043111,73000,1
191.814,33,191811270135,2502412,0
191.817,34,191816723147,73000,1
191.822,33,191819333153,2502412,0
191.824,39,191824393165,73000,1
191.83,33,191827083171,2502412,0
191.832,38,191832143183,73000,1
191.832,33,191832223183,73000,1
191.84,37,191840222201,73000,1
191.848,33,191845398213,2502412,0
191.855,33,191852997231,2502412,0
191.866,33,191866173667,73000,1
191.866,34,191866173667,73000,1
191.869,38,191868810673,73000,1
191.869,34,191869015673,73000,1
191.874,33,191874191685,73000,1
191.879,38,191876881691,2502412,0
191.89,39,191887303715,2502412,0
191.89,38,191889842721,73000,1
191.905,39,191905147757,73000,1
191.91,33,191907908763,2502412,0
191.916,39,191915507781,73000,1
191.926,33,191926162805,73000,1
191.929,38,191926233805,2502412,0
191.929,38,191928763217,73000,1
191.957,33,191954659871,2502412,0
191.962,38,191959728883,2502412,0
191.968,39,191965110895,2502412,0
191.968,33,191967640901,73000,1
191.973,39,191972798913,73000,1
191.973,38,191972798913,73000,1
191.981,39,191980673931,73000,1
191.983,33,191980744931,2502412,0
191.983,33,191983283343,73000,1
191.999,33,191996102967,2502412,0
191.999,38,191998632973,73000,1
192.001,36,192001269979,73000,1
192.012,33,192009028997,2502412,0
192.014,38,192011559003,2502412,0
192.017,38,192014097415,2502412,0
192.022,38,192019488427,2502412,0
192.027,39,192024557439,2502412,0
192.03,39,192027086851,2502412,0
192.03,36,192029634857,73000,1
192.03,33,192029714857,73000,1
192.03,38,192029794857,73000,1
192.037,35,192034934869,2502412,0
192.038,39,192037464875,73000,1
192.053,35,192052742911,73000,1
192.068,38,192068342353,73000,1
192.071,33,192071094359,73000,1
192.074,39,192073704365,73000,1
192.084,39,192081437383,2502412,0
192.089,35,192086497395,2502412,0
192.092,33,192089081401,2502412,0
192.094,33,192091682407,2502412,0
192.099,39,192096742419,2502412,0
192.099,35,192099281425,73000,1
192.102,35,192101882431,73000,1
192.105,33,192104492437,73000,1
192.107,39,192104581437,2502412,0
192.11,34,192109810449,73000,1
192.11,37,192109899449,73000,1
192.115,39,192115039461,73000,1
192.115,38,192115039461,73000,1
192.12,35,192120339473,73000,1
192.12,33,192120339473,73000,1
192.131,39,192130888497,73000,1
192.149,39,192146220533,2502412,0
192.154,39,192151298545,2502412,0
192.159,39,192159013563,73000,1
192.159,33,192159226563,73000,1
192.173,35,192172641999,73000,1
192.178,39,192177871011,73000,1
192.193,38,192193363047,73000,1
192.201,38,192198601059,2502412,0
192.209,38,192209032083,73000,1
192.215,39,192214430095,73000,1
192.235,38,192232622137,2502412,0
192.235,38,192235348143,73000,1
192.243,38,192243116161,73000,1
192.243,33,192243187161,73000,1
192.266,38,192263632209,2502412,0
192.282,38,192279302651,2502412,0
192.282,39,192281832657,73000,1
192.282,38,192281903657,73000,1
192.287,38,192284620663,2502412,0
192.287,35,192287150669,73000,1
192.298,38,192295113687,2502412,0
192.303,38,192303103705,73000,1
192.311,38,192308243717,2502412,0
192.313,38,192310773129,2502412,0
192.321,38,192321018153,73000,1
192.344,35,192341883201,2502412,0
192.344,38,192344413207,73000,1
192.365,35,192364831255,73000,1
192.373,38,192370078267,2502412,0
192.376,35,192373037273,2502412,0
192.388,38,192388217309,73000,1
192.391,39,192388288309,2502412,0
192.396,35,192393455321,2502412,0
192.404,39,192403664345,73000,1
192.409,35,192406274351,2502412,0
192.416,37,192413944369,2502412,0
192.424,38,192421543387,2502412,0
192.424,35,192424073393,73000,1
192.424,39,192424073393,73000,1
192.427,37,192426763399,73000,1
192.432,38,192432243411,73000,1
192.432,35,192432412411,73000,1
192.435,38,192435173417,73000,1
192.443,37,192440313429,2502412,0
192.445,37,192442842841,2502412,0
192.461,34,192458120877,2502412,0
192.461,34,192460677289,73000,1
192.463,37,192460757883,2502412,0
192.466,35,192465817895,73000,1
192.469,38,192468498901,73000,1
192.474,37,192474005319,73000,1
192.474,39,192474005319,73000,1
192.479,34,192476677325,2502412,0
192.487,34,192484276343,2502412,0
192.492,37,192489354355,2502412,0
192.492,34,192491884361,73000,1
192.502,33,192499794379,2502412,0
192.502,33,192502332791,73000,1
192.502,37,192502333385,73000,1
192.502,34,192502413385,73000,1
192.51,34,192507553397,2502412,0
192.518,34,192515188415,2502412,0
192.525,33,192522947433,2502412,0
192.528,37,192528096445,73000,1
192.531,33,192528167445,2502412,0
192.531,34,192530697451,73000,1
192.534,34,192533611457,73000,1
192.541,39,192541379475,73000,1
192.544,38,192541468475,2502412,0
192.547,33,192543998481,2502412,0
192.557,33,192556693511,73000,1
192.562,33,192561833523,73000,1
192.562,38,192561833523,73000,1
192.565,37,192564434529,73000,1
192.565,38,192564612529,73000,1
192.57,35,192569788541,73000,1
192.575,37,192574999553,73000,1
192.578,34,192578019965,73000,1
192.581,33,192578090965,2502412,0
192.593,33,192590865995,2502412,0
192.596,33,192593395407,2502412,0
192.603,38,192600994425,2502412,0
192.606,32,192606170437,73000,1
192.606,33,192606250437,73000,1
192.609,38,192606321437,2502412,0
192.614,34,192614000455,73000,1
192.614,33,192614000455,73000,1
192.619,32,192619131467,73000,1
192.624,38,192621812473,2502412,0
192.642,38,192642392521,73000,1
192.653,38,192652770545,73000,1
192.655,32,192652930545,2502412,0
192.661,33,192658061557,2502412,0
192.668,33,192668217581,73000,1
192.673,32,192670827587,2502412,0
192.676,33,192673375593,2502412,0
192.678,37,192675905599,2502412,0
192.681,33,192681349611,73000,1
192.682,37,192681429611,73000,1
192.682,39,192681429611,73000,1
192.682,32,192681509611,73000,1
192.692,33,192689304629,2502412,0
192.702,38,192699442653,2502412,0
192.702,33,192702061659,73000,1
192.705,37,192702221659,2502412,0
192.707,33,192704760665,2502412,0
192.707,37,192707370671,73000,1
192.712,38,192709980677,2502412,0
192.715,35,192715040689,73000,1
192.715,33,192715111689,73000,1
192.715,32,192715111689,73000,1
192.723,38,192720242701,2502412,0
192.725,33,192722781707,2502412,0
192.725,38,192725311713,73000,1
192.725,33,192725382713,73000,1
192.733,37,192730540725,2502412,0
192.736,37,192733070137,2502412,0
192.738,32,192735600143,2502412,0
192.741,37,192741088561,73000,1
192.741,38,192741088561,73000,1
192.741,32,192741248561,73000,1
192.741,37,192741248561,73000,1
192.741,34,192741328561,73000,1
192.741,33,192741399561,73000,1
192.747,36,192746610573,73000,1
192.754,33,192751741585,2502412,0
192.754,33,192754279997,73000,1
192.754,37,192754351591,73000,1
192.757,38,192754422591,2502412,0
192.76,38,192759491603,73000,1
192.76,36,192759491603,73000,1
192.767,32,192767339621,73000,1
192.772,32,192769949627,2502412,0
192.775,38,192772639633,2502412,0
192.778,38,192777708645,73000,1
192.781,33,192780631057,73000,1
192.786,32,192783232063,2502412,0
192.791,36,192788301075,2502412,0
192.798,36,192795909093,2502412,0
192.801,32,192798581099,2502412,0
192.801,38,192801120105,73000,1
192.809,36,192808888123,73000,1
192.814,32,192811498129,2502412,0
192.814,32,192814027541,73000,1
192.819,38,192819159147,73000,1
192.822,37,192819230147,2502412,0
192.834,36,192831916177,2502412,0
192.837,33,192834446183,2502412,0
192.837,37,192836985189,73000,1
192.845,33,192844968207,73000,1
192.845,32,192844968207,73000,1
192.85,36,192847578213,2502412,0
192.85,36,192850188219,73000,1
192.85,37,192850188219,73000,1
192.881,33,192878286285,2502412,0
192.886,36,192883738703,2502412,0
192.896,33,192893974727,2502412,0
192.899,36,192896593733,2502412,0
192.904,32,192901653745,2502412,0
192.907,37,192904183751,2502412,0
192.907,32,192906713757,73000,1
192.907,36,192906713757,73000,1
192.909,33,192906793757,2502412,0
192.912,38,192911853769,73000,1
192.914,33,192911924769,2502412,0
192.92,37,192917002781,2502412,0
192.927,33,192924601799,2502412,0
192.93,37,192927131805,2502412,0
192.932,33,192929661811,2502412,0
192.935,37,192932289817,2502412,0
192.937,32,192937349829,73000,1
192.94,37,192937429829,2502412,0
192.942,36,192939977835,2502412,0
192.945,37,192942820247,2502412,0
192.95,34,192947880259,2502412,0
192.95,36,192950410265,73000,1
192.95,33,192950410265,73000,1
192.951,34,192950481265,73000,1
192.951,33,192950552265,73000,1
192.951,37,192950739265,73000,1
192.961,37,192958409283,2502412,0
192.966,36,192966008301,73000,1
192.971,37,192968698307,2502412,0
192.976,34,192976404325,73000,1
192.984,37,192984092343,73000,1
192.984,32,192984297343,73000,1
192.995,33,192994881773,73000,1
192.995,36,192995006773,73000,1
192.995,34,192995077773,73000,1
192.998,33,192995148773,2502412,0
193,37,193000217785,73000,1
193.003,33,193002836791,73000,1
193.023,37,193023415839,73000,1
193.026,33,193023486839,2502412,0
193.039,34,193038684875,73000,1
193.044,33,193044208887,73000,1
193.065,33,193062319929,2502412,0
193.067,33,193064849341,2502412,0
193.067,39,193067397347,73000,1
193.073,33,193072546359,73000,1
193.078,37,193075147365,2502412,0
193.08,36,193077748371,2502412,0
193.083,35,193082995383,73000,1
193.083,36,193083084383,73000,1
193.083,37,193083155383,73000,1
193.086,32,193083226383,2502412,0
193.086,32,193085836389,73000,1
193.099,33,193096526819,2502412,0
193.099,33,193099056231,73000,1
193.099,33,193099216825,73000,1
193.104,38,193101817831,2502412,0
193.107,37,193104356837,2502412,0
193.109,38,193109425849,73000,1
193.117,36,193114565861,2502412,0
193.117,32,193117113867,73000,1
193.117,38,193117113867,73000,1
193.122,36,193122262879,73000,1
193.125,37,193122333879,2502412,0
193.127,37,193124872291,2502412,0
193.13,32,193127402297,2502412,0
193.135,32,193135072315,73000,1
193.14,38,193137744321,2502412,0
193.143,37,193142804333,73000,1
193.148,38,193145887339,2502412,0
193.149,36,193148435345,73000,1
193.151,32,193151045351,73000,1
193.159,38,193158715369,73000,1
193.159,37,193158884369,73000,1
193.162,37,193161485375,73000,1
193.162,33,193161485375,73000,1
193.167,32,193166830387,73000,1
193.167,38,193166919387,73000,1
193.175,36,193174776405,73000,1
193.203,33,193203408877,73000,1
193.209,37,193208610889,73000,1
193.222,38,193219148913,2502412,0
193.232,38,193232029943,73000,1
193.245,32,193242345967,2502412,0
193.247,38,193244875973,2502412,0
193.253,32,193250328985,2502412,0
193.253,38,193252858991,73000,1
193.258,32,193257999003,73000,1
193.258,38,193258070003,73000,1
193.258,34,193258070003,73000,1
193.266,32,193263246015,2502412,0
193.276,36,193273446039,2502412,0
193.281,32,193278506051,2502412,0
193.281,32,193281107057,73000,1
193.284,37,193281187057,2502412,0
193.284,34,193283735063,73000,1
193.286,36,193286407069,73000,1
193.297,37,193294531493,2502412,0
193.302,32,193299662505,2502412,0
193.305,36,193304749517,73000,1
193.307,38,193304829517,2502412,0
193.307,32,193307368523,73000,1
193.307,37,193307368523,73000,1
193.31,38,193307439523,2502412,0
193.31,38,193310058529,73000,1
193.318,38,193315278541,2502412,0
193.32,38,193317816953,2502412,0
193.328,38,193325486971,2502412,0
193.328,37,193328096977,73000,1
193.331,32,193328167977,2502412,0
193.336,32,193333254989,2502412,0
193.338,38,193335784995,2502412,0
193.338,32,193338333001,73000,1
193.338,38,193338422001,73000,1
193.349,38,193346181019,2502412,0
193.352,38,193351643031,73000,1
193.357,37,193354253037,2502412,0
193.357,32,193356783043,73000,1
193.357,36,193356783043,73000,1
193.375,37,193372141079,2502412,0
193.382,32,193379865097,2502412,0
193.385,37,193384925109,73000,1
193.388,38,193385014109,2502412,0
193.393,37,193390083121,2502412,0
193.398,32,193397985545,73000,1
193.398,38,193398145545,73000,1
193.403,37,193403374557,73000,1
193.406,33,193403463557,2502412,0
193.414,38,193413601581,73000,1
193.426,32,193423881605,2502412,0
193.429,33,193426482611,2502412,0
193.434,32,193434081629,73000,1
193.437,33,193434161629,2502412,0
193.442,37,193439230641,2502412,0
193.442,37,193441778053,73000,1
193.444,33,193441858647,2502412,0
193.444,32,193444406653,73000,1
193.447,33,193447105659,73000,1
193.45,37,193447176659,2502412,0
193.45,33,193449955665,73000,1
193.45,36,193449955665,73000,1
193.455,37,193452878671,2502412,0
193.458,32,193455408677,2502412,0
193.46,32,193457938089,2502412,0
193.463,38,193462998101,73000,1
193.466,37,193463069101,2502412,0
193.466,32,193465617107,73000,1
193.468,38,193465688107,2502412,0
193.468,38,193468226519,73000,1
193.471,37,193468316113,2502412,0
193.474,37,193473456125,73000,1
193.479,37,193478676137,73000,1
193.481,38,193481357143,73000,1
193.484,33,193484100149,73000,1
193.492,32,193489285161,2502412,0
193.5,38,193499753591,73000,1
193.505,32,193504982603,73000,1
193.515,32,193512955621,2502412,0
193.521,32,193518095633,2502412,0
193.526,32,193525792651,73000,1
193.526,37,193525863651,73000,1
193.534,37,193533622669,73000,1
193.536,32,193536339675,73000,1
193.542,36,193541524687,73000,1
193.542,33,193541675687,73000,1
193.552,32,193549461705,2502412,0
193.552,32,193551991117,73000,1
193.555,38,193552062711,2502412,0
193.565,35,193565079741,73000,1
193.568,32,193565150741,2502412,0
193.568,32,193567680153,73000,1
193.575,38,193572811759,2502412,0
193.583,38,193583002783,73000,1
193.594,32,193593478807,73000,1
193.599,38,193596079813,2502412,0
193.604,38,193601612231,2502412,0
193.607,38,193606690243,73000,1
193.607,32,193606690243,73000,1
193.607,33,193606770243,73000,1
193.622,38,193619741273,2502412,0
193.633,38,193632471303,73000,1
193.64,38,193640417321,73000,1
193.677,38,193674795399,2502412,0
193.688,38,193685093423,2502412,0
193.688,38,193687694429,73000,1
193.69,36,193687916429,2502412,0
193.698,32,193695506447,2502412,0
193.706,36,193703408871,2502412,0
193.711,32,193708477883,2502412,0
193.716,32,193716165901,73000,1
193.716,38,193716316901,73000,1
193.716,32,193716316901,73000,1
193.716,36,193716387901,73000,1
193.719,32,193716467901,2502412,0
193.737,32,193734444943,2502412,0
193.74,36,193739584955,73000,1
193.742,37,193739664955,2502412,0
193.742,32,193742203961,73000,1
193.747,37,193744849967,2502412,0
193.758,39,193757579997,73000,1
193.758,32,193757579997,73000,1
193.76,37,193757677997,2502412,0
193.763,36,193760671409,2502412,0
193.768,37,193765740421,2502412,0
193.771,38,193770871433,73000,1
193.779,36,193778763451,73000,1
193.781,37,193778905451,2502412,0
193.782,36,193781435457,73000,1
193.792,32,193791813481,73000,1
193.792,37,193791902481,73000,1
193.792,34,193792000481,73000,1
193.792,32,193792071481,73000,1
193.813,37,193810387929,2502412,0
193.821,37,193818075947,2502412,0
193.821,36,193820605953,73000,1
193.833,37,193830885977,2502412,0
193.839,37,193838493995,73000,1
193.841,37,193841353001,73000,1
193.841,38,193841424001,73000,1
193.844,33,193844043007,73000,1
193.86,39,193859463043,73000,1
193.87,39,193867446061,2502412,0
193.873,39,193870056067,2502412,0
193.883,39,193882742097,73000,1
193.893,39,193892951121,73000,1
193.893,36,193893049121,73000,1
193.893,37,193893147121,73000,1
193.914,32,193913958575,73000,1
193.935,39,193932024617,2502412,0
193.947,39,193947347653,73000,1
193.953,39,193952478665,73000,1
193.966,38,193965735695,73000,1
193.997,37,193996514767,73000,1
193.997,32,193996514767,73000,1
193.999,39,193996585767,2502412,0
194.007,39,194004175785,2502412,0
194.012,39,194012229209,73000,1
194.035,39,194035133263,73000,1
194.035,36,194035284263,73000,1
194.067,33,194066445335,73000,1
194.085,39,194082303371,2502412,0
194.088,39,194087461383,73000,1
194.105,39,194105376425,73000,1
194.106,37,194105741425,73000,1
194.129,39,194129375885,73000,1
194.156,32,194155431945,73000,1
194.158,32,194158121951,73000,1
194.158,39,194158281951,73000,1
194.166,32,194163421963,2502412,0
194.169,32,194168481975,73000,1
194.185,37,194184473011,73000,1
194.187,32,194184544011,2502412,0
194.192,32,194192294029,73000,1
194.198,33,194197514041,73000,1
194.213,33,194210555071,2502412,0
194.216,33,194216025489,73000,1
194.221,32,194218715495,2502412,0
194.224,33,194221245501,2502412,0
194.224,32,194223864507,73000,1
194.232,33,194229173519,2502412,0
194.234,33,194231774525,2502412,0
194.234,32,194234313531,73000,1
194.237,33,194234384531,2502412,0
194.245,33,194244549555,73000,1
194.245,36,194244549555,73000,1
194.253,33,194252530573,73000,1
194.271,33,194270516615,73000,1
194.274,32,194273439621,73000,1
194.302,37,194301465687,73000,1
194.318,33,194317439129,73000,1
194.375,39,194374534261,73000,1
194.382,38,194382213279,73000,1
194.393,35,194392467303,73000,1
194.393,32,194392467303,73000,1
194.398,38,194397696315,73000,1
194.408,35,194405366333,2502412,0
194.418,35,194415797357,2502412,0
194.421,35,194418620363,2502412,0
194.422,35,194421472369,73000,1
194.422,35,194421614369,73000,1
194.448,34,194445158423,2502412,0
194.463,34,194460552459,2502412,0
194.463,34,194463099871,73000,1
194.463,35,194463100465,73000,1
194.468,39,194468356477,73000,1
194.479,34,194479171501,73000,1
194.505,33,194502555555,2502412,0
194.513,33,194512720579,73000,1
194.518,33,194515499585,2502412,0
194.518,33,194518028997,73000,1
194.526,34,194526030015,73000,1
194.534,33,194531374027,2502412,0
194.539,34,194536434039,2502412,0
194.547,33,194546661063,73000,1
194.547,34,194546732063,73000,1
194.552,32,194551988075,73000,1
194.562,34,194562277099,73000,1
194.573,33,194572584123,73000,1
194.578,35,194575194129,2502412,0
194.578,33,194577724135,73000,1
194.596,35,194593297171,2502412,0
194.604,37,194603444195,73000,1
194.611,35,194608593207,2502412,0
194.614,37,194613822219,73000,1
194.622,35,194621510237,73000,1
194.625,37,194624574649,73000,1
194.625,35,194624574649,73000,1
194.625,34,194624645649,73000,1
194.632,35,194629847661,2502412,0
194.642,35,194639985685,2502412,0
194.645,35,194645134697,73000,1
194.648,34,194645214697,2502412,0
194.655,34,194652929715,2502412,0
194.663,34,194663263739,73000,1
194.671,35,194668421751,2502412,0
194.674,37,194673508763,73000,1
194.674,35,194673579763,73000,1
194.687,37,194684181787,2502412,0
194.687,33,194686711793,73000,1
194.687,35,194686711793,73000,1
194.692,34,194691842805,73000,1
194.702,37,194702096829,73000,1
194.71,37,194707432841,2502412,0
194.71,37,194709971253,73000,1
194.728,35,194728403295,73000,1
194.731,34,194728474295,2502412,0
194.744,34,194741311325,2502412,0
194.744,37,194743850331,73000,1
194.754,34,194754175355,73000,1
194.76,37,194757025361,2502412,0
194.76,34,194759555367,73000,1
194.762,37,194762307373,73000,1
194.775,34,194775224403,73000,1
194.791,32,194790806439,73000,1
194.793,37,194793416445,73000,1
194.801,37,194801113463,73000,1
194.822,38,194821736511,73000,1
194.827,38,194824346517,2502412,0
194.843,35,194839998959,2502412,0
194.845,38,194842528965,2502412,0
194.845,38,194845085377,73000,1
194.845,35,194845085971,73000,1
194.855,38,194852755989,2502412,0
194.86,32,194857825001,2502412,0
194.865,38,194865415019,73000,1
194.868,35,194865495019,2502412,0
194.873,35,194873094037,73000,1
194.873,34,194873165037,73000,1
194.878,32,194875775043,2502412,0
194.881,33,194878305049,2502412,0
194.886,38,194883445061,2502412,0
194.886,32,194885975067,73000,1
194.886,33,194886379003,73000,1
194.887,33,194886850003,73000,1
194.887,38,194886850003,73000,1
194.887,35,194887072003,73000,1
194.895,32,194892283015,2502412,0
194.897,38,194894893021,2502412,0
194.905,38,194902581039,2502412,0
194.908,33,194905111045,2502412,0
194.908,38,194907641051,73000,1
194.91,35,194907712051,2502412,0
194.913,32,194910251057,2502412,0
194.918,38,194917877075,73000,1
194.92,33,194917948075,2502412,0
194.921,35,194920478081,73000,1
194.921,32,194920549081,73000,1
194.928,32,194928264099,73000,1
194.934,33,194931186511,2502412,0
194.934,37,194933725517,73000,1
194.934,33,194933805517,73000,1
194.936,38,194933876517,2502412,0
194.942,35,194941635535,73000,1
194.944,38,194944307541,73000,1
194.95,36,194949456553,73000,1
194.962,32,194962275583,73000,1
194.962,33,194962275583,73000,1
194.962,38,194962275583,73000,1
194.972,35,194969954601,2502412,0
194.978,35,194975050613,2502412,0
194.983,35,194982667631,73000,1
194.985,35,194982827631,2502412,0
194.988,34,194985437637,2502412,0
194.996,35,194995879661,73000,1
194.996,32,194995986661,73000,1
194.996,34,194996075661,73000,1
194.996,38,194996075661,73000,1
195.009,34,195008965691,73000,1
195.019,35,195019405715,73000,1
195.02,33,195019476715,73000,1
195.025,35,195024643727,73000,1
195.038,38,195037758163,73000,1
195.051,34,195048056187,2502412,0
195.053,34,195053330199,73000,1
195.061,37,195058657211,2502412,0
195.064,38,195061187217,2502412,0
195.069,38,195068866235,73000,1
195.079,37,195076554253,2502412,0
195.082,33,195079173259,2502412,0
195.082,34,195081703265,73000,1
195.084,33,195081774265,2502412,0
195.089,37,195086905277,2502412,0
195.092,37,195092323289,73000,1
195.095,38,195094924295,73000,1
195.098,33,195097543301,73000,1
195.11,35,195107832325,2502412,0
195.11,33,195110371331,73000,1
195.113,37,195112990337,73000,1
195.116,35,195115671343,73000,1
195.121,33,195118574349,2502412,0
195.131,32,195131242379,73000,1
195.131,33,195131349379,73000,1
195.137,34,195134101385,2502412,0
195.137,34,195136953391,73000,1
195.137,39,195136953391,73000,1
195.145,35,195144694409,73000,1
195.152,33,195152373427,73000,1
195.157,38,195154983433,2502412,0
195.16,34,195157522439,2502412,0
195.16,34,195160051851,73000,1
195.16,38,195160052445,73000,1
195.16,35,195160052445,73000,1
195.17,38,195170359469,73000,1
195.17,37,195170359469,73000,1
195.175,34,195172969475,2502412,0
195.186,34,195183098499,2502412,0
195.196,34,195193736523,2502412,0
195.207,34,195206484553,73000,1
195.222,33,195219419583,2502412,0
195.232,38,195232185613,73000,1
195.232,33,195232336613,73000,1
195.232,34,195232336613,73000,1
195.233,37,195232434613,73000,1
195.235,34,195232585613,2502412,0
195.238,33,195237663625,73000,1
195.241,33,195238234003,2502412,0
195.243,34,195240773009,2502412,0
195.246,36,195243303015,2502412,0
195.251,37,195248514027,2502412,0
195.256,33,195253663039,2502412,0
195.256,37,195256273045,73000,1
195.256,34,195256273045,73000,1
195.259,36,195258874051,73000,1
195.261,33,195258954051,2502412,0
195.267,34,195266544069,73000,1
195.269,33,195269163075,73000,1
195.269,36,195269163075,73000,1
195.277,33,195274365087,2502412,0
195.277,33,195276903499,73000,1
195.285,35,195282053105,2502412,0
195.285,35,195284609517,73000,1
195.292,37,195289759123,2502412,0
195.295,33,195294819135,73000,1
195.295,36,195294961135,73000,1
195.311,35,195308093165,2502412,0
195.313,35,195310622577,2502412,0
195.316,37,195313152583,2502412,0
195.318,34,195318212595,73000,1
195.323,35,195320884601,2502412,0
195.329,38,195326024613,2502412,0
195.334,35,195333694631,73000,1
195.336,32,195333765631,2502412,0
195.336,37,195336295637,73000,1
195.339,33,195336375637,2502412,0
195.344,38,195341748055,2502412,0
195.347,33,195346879067,73000,1
195.347,37,195346879067,73000,1
195.347,32,195346950067,73000,1
195.355,38,195352090079,2502412,0
195.357,32,195354620085,2502412,0
195.357,32,195357158497,73000,1
195.357,33,195357230091,73000,1
195.368,32,195367439115,73000,1
195.368,38,195367510115,73000,1
195.368,35,195367510115,73000,1
195.383,38,195380481145,2502412,0
195.388,35,195385568157,2502412,0
195.388,38,195388098163,73000,1
195.393,33,195390779169,2502412,0
195.393,35,195393309175,73000,1
195.393,37,195393380175,73000,1
195.401,33,195398913187,2502412,0
195.404,35,195401443193,2502412,0
195.409,36,195409033211,73000,1
195.412,35,195409104211,2502412,0
195.412,32,195411634217,73000,1
195.412,38,195411634217,73000,1
195.414,35,195411812217,2502412,0
195.417,33,195414342223,2502412,0
195.427,35,195427019253,73000,1
195.432,33,195429656259,2502412,0
195.44,38,195437264277,2502412,0
195.445,37,195445175701,73000,1
195.448,33,195445246701,2502412,0
195.448,38,195447785707,73000,1
195.448,33,195447874707,73000,1
195.453,35,195453041719,73000,1
195.456,34,195453183719,2502412,0
195.461,34,195458252731,2502412,0
195.466,33,195463312743,2502412,0
195.471,33,195468372755,2502412,0
195.476,34,195475980773,73000,1
195.476,35,195475980773,73000,1
195.476,33,195476069773,73000,1
195.481,38,195478697779,2502412,0
195.484,34,195483766791,73000,1
195.489,38,195488924803,73000,1
195.489,33,195488924803,73000,1
195.499,37,195499160827,73000,1
195.52,38,195517433869,2502412,0
195.522,34,195519963875,2502412,0
195.525,34,195522493287,2502412,0
195.528,38,195527553299,73000,1
195.535,34,195532702311,2502412,0
195.535,34,195535240723,73000,1
195.538,38,195537940323,73000,1
195.541,32,195538020323,2502412,0
195.543,38,195543089335,73000,1
195.543,33,195543089335,73000,1
195.551,32,195548648753,2502412,0
195.556,32,195553726765,2502412,0
195.569,34,195566474795,2502412,0
195.574,32,195571543807,2502412,0
195.574,34,195574100813,73000,1
195.577,35,195576701819,73000,1
195.579,32,195579311825,73000,1
195.592,34,195589538849,2502412,0
195.595,34,195592068261,2502412,0
195.595,32,195594598267,73000,1
195.595,36,195594678267,73000,1
195.602,34,195602384285,73000,1
195.61,33,195607935297,2502412,0
195.621,33,195620656327,73000,1
195.629,34,195626010339,2502412,0
195.639,34,195636317363,2502412,0
195.639,34,195638936369,73000,1
195.639,33,195639114369,73000,1
195.642,32,195641724375,73000,1
195.647,38,195646935387,73000,1
195.647,33,195646935387,73000,1
195.653,34,195652485805,73000,1
195.696,34,195696315907,73000,1
195.699,33,195696422907,2502412,0
195.699,33,195699103913,73000,1
195.71,38,195709803937,73000,1
195.71,33,195709883937,73000,1
195.728,35,195727798979,73000,1
195.733,32,195730399985,2502412,0
195.743,32,195740618009,2502412,0
195.743,32,195743299015,73000,1
195.759,32,195756403451,2502412,0
195.777,32,195774291493,2502412,0
195.777,32,195776820905,73000,1
195.782,39,195782059511,73000,1
195.782,34,195782130511,73000,1
195.782,33,195782201511,73000,1
195.785,39,195782299511,2502412,0
195.787,32,195784829517,2502412,0
195.8,32,195800054553,73000,1
195.805,39,195802664559,2502412,0
195.808,39,195805345565,2502412,0
195.808,32,195808187977,73000,1
195.811,39,195808267977,2502412,0
195.814,39,195813496989,73000,1
195.814,32,195813745989,73000,1
195.814,39,195813905989,73000,1
195.827,39,195824124013,2502412,0
195.842,37,195841959055,73000,1
195.842,39,195842030055,73000,1
195.847,38,195844640061,2502412,0
195.855,33,195852239079,2502412,0
195.858,35,195855082085,2502412,0
195.868,38,195865202109,2502412,0
195.87,38,195867731521,2502412,0
195.87,35,195870270527,73000,1
195.87,33,195870270527,73000,1
195.875,38,195872880533,2502412,0
195.883,38,195880541551,2502412,0
195.893,35,195893191581,73000,1
195.893,39,195893191581,73000,1
195.898,38,195898411593,73000,1
195.904,33,195901119599,2502412,0
195.911,34,195908709617,2502412,0
195.917,32,195916639041,73000,1
195.917,33,195916719041,73000,1
195.919,34,195916790041,2502412,0
195.919,33,195919320047,73000,1
195.922,35,195921921053,73000,1
195.922,34,195922028053,73000,1
195.922,38,195922028053,73000,1
195.93,33,195927186065,2502412,0
195.94,33,195937342089,2502412,0
195.942,33,195942402101,73000,1
195.942,35,195942402101,73000,1
195.943,38,195942518101,73000,1
195.95,34,195950215119,73000,1
195.953,39,195950295119,2502412,0
195.958,38,195955685537,2502412,0
195.963,38,195960745549,2502412,0
195.973,39,195970874573,2502412,0
195.979,39,195978473591,73000,1
195.981,38,195978544591,2502412,0
195.984,33,195981074597,2502412,0
195.986,39,195983604603,2502412,0
195.986,34,195986152609,73000,1
195.991,38,195988753615,2502412,0
195.991,39,195991292621,73000,1
195.994,33,195991443621,2502412,0
195.999,33,195996512633,2502412,0
195.999,38,195999113639,73000,1
195.999,33,195999184639,73000,1
196.002,33,195999397639,2502412,0
196.005,35,196004617651,73000,1
196.007,33,196007236657,73000,1
196.013,39,196012770003,73000,1
196.023,38,196020556021,2502412,0
196.026,32,196025616033,73000,1
196.031,33,196028226039,2502412,0
196.041,38,196038400063,2502412,0
196.043,33,196040948069,2502412,0
196.049,33,196046026081,2502412,0
196.054,38,196051086093,2502412,0
196.056,38,196053705099,2502412,0
196.059,38,196059077517,73000,1
196.062,33,196059148517,2502412,0
196.062,36,196061687523,73000,1
196.07,33,196069579541,73000,1
196.07,38,196069579541,73000,1
196.08,38,196077240559,2502412,0
196.082,38,196082300571,73000,1
196.087,33,196084910577,2502412,0
196.088,39,196087440583,73000,1
196.09,34,196090201589,73000,1
196.095,33,196095350601,73000,1
196.098,33,196095492601,2502412,0
196.106,38,196103224619,2502412,0
196.119,33,196116223649,2502412,0
196.124,38,196121301661,2502412,0
196.124,38,196123840073,73000,1
196.124,33,196123840667,73000,1
196.132,36,196131546685,73000,1
196.139,39,196136686697,2502412,0
196.142,39,196139216109,2502412,0
196.154,38,196151920139,2502412,0
196.157,39,196154450145,2502412,0
196.159,39,196156979557,2502412,0
196.162,33,196159914003,2502412,0
196.165,33,196164983015,73000,1
196.168,38,196167620021,73000,1
196.168,33,196167620021,73000,1
196.168,39,196167691021,73000,1
196.17,38,196170337027,73000,1
196.173,39,196172938033,73000,1
196.176,33,196173009033,2502412,0
196.176,33,196175547445,73000,1
196.183,32,196180795051,2502412,0
196.191,32,196190933075,73000,1
196.201,33,196201187099,73000,1
196.204,38,196201267099,2502412,0
196.211,35,196211405123,73000,1
196.214,32,196214042129,73000,1
196.214,38,196214131129,73000,1
196.214,33,196214131129,73000,1
196.219,38,196216759135,2502412,0
196.22,32,196219610547,73000,1
196.232,39,196229837571,2502412,0
196.235,38,196234977583,73000,1
196.243,39,196242683601,73000,1
196.243,38,196242754601,73000,1
196.253,39,196252963625,73000,1
196.274,34,196271200073,2502412,0
196.274,38,196273739079,73000,1
196.281,39,196278915091,2502412,0
196.286,39,196283975103,2502412,0
196.287,34,196286576109,73000,1
196.297,39,196294291127,2502412,0
196.302,39,196301890145,73000,1
196.304,34,196301961145,2502412,0
196.31,34,196309702163,73000,1
196.31,39,196309782163,73000,1
196.31,33,196309782163,73000,1
196.336,32,196335742223,73000,1
196.346,39,196343430241,2502412,0
196.348,34,196345960247,2502412,0
196.351,39,196348490253,2502412,0
196.354,38,196351029259,2502412,0
196.359,33,196356098271,2502412,0
196.364,39,196363777289,73000,1
196.364,34,196363777289,73000,1
196.367,39,196366690701,73000,1
196.367,38,196366690701,73000,1
196.369,33,196366770701,2502412,0
196.384,33,196381977737,2502412,0
196.387,39,196384587743,2502412,0
196.39,34,196387197749,2502412,0
196.39,34,196389736161,73000,1
196.39,39,196389816755,73000,1
196.39,33,196389985755,73000,1
196.39,38,196389985755,73000,1
196.39,34,196390127755,73000,1
196.39,37,196390198755,73000,1
196.39,38,196390358755,73000,1
196.401,39,196398313773,2502412,0
196.401,33,196400852779,73000,1
196.406,39,196403578785,2502412,0
196.409,39,196406224791,2502412,0
196.411,39,196411400803,73000,1
196.422,34,196421725827,73000,1
196.425,39,196424657833,73000,1
196.427,33,196427347839,73000,1
196.428,39,196427436839,73000,1
196.445,34,196442714875,2502412,0
196.445,39,196445280881,73000,1
196.445,34,196445405881,73000,1
196.458,34,196458295911,73000,1
196.464,34,196463462923,73000,1
196.484,38,196481850371,2502412,0
196.487,38,196486919383,73000,1
196.508,33,196505197425,2502412,0
196.513,33,196512947443,73000,1
196.518,38,196515557449,2502412,0
196.523,38,196520822461,2502412,0
196.524,39,196523450467,73000,1
196.529,38,196526453473,2502412,0
196.529,33,196528983479,73000,1
196.534,32,196534203491,73000,1
196.534,34,196534203491,73000,1
196.542,38,196539512503,2502412,0
196.542,38,196542041915,73000,1
196.55,38,196549908527,73000,1
196.571,38,196568116569,2502412,0
196.584,33,196581079599,2502412,0
196.589,38,196588767617,73000,1
196.594,38,196591386623,2502412,0
196.597,38,196596455635,73000,1
196.602,33,196599056641,2502412,0
196.609,33,196606948659,2502412,0
196.612,33,196612008671,73000,1
196.622,34,196622199695,73000,1
196.633,38,196630298713,2502412,0
196.648,33,196645549749,2502412,0
196.653,33,196650627761,2502412,0
196.653,38,196653166767,73000,1
196.656,33,196655767773,73000,1
196.682,38,196679215233,2502412,0
196.689,38,196686912251,2502412,0
196.69,38,196689441663,73000,1
196.69,33,196689442257,73000,1
196.697,39,196694867269,2502412,0
196.7,39,196697477275,2502412,0
196.7,39,196700006687,73000,1
196.713,38,196710296305,2502412,0
196.715,33,196712862311,2502412,0
196.72,33,196717940323,2502412,0
196.726,38,196723009335,2502412,0
196.728,38,196728087347,73000,1
196.728,39,196728087347,73000,1
196.731,38,196728229347,2502412,0
196.741,33,196738670777,2502412,0
196.744,33,196743775789,73000,1
196.746,38,196743926789,2502412,0
196.749,39,196749084801,73000,1
196.749,38,196749244801,73000,1
196.754,33,196751845807,2502412,0
196.76,39,196759595825,73000,1
196.77,33,196767274843,2502412,0
196.78,38,196777788273,2502412,0
196.783,33,196780327279,2502412,0
196.788,38,196785458291,2502412,0
196.801,33,196798224321,2502412,0
196.801,38,196800763327,73000,1
196.809,33,196808540345,73000,1
196.809,38,196808700345,73000,1
196.811,33,196808771345,2502412,0
196.811,38,196811301351,73000,1
196.822,33,196822016375,73000,1
196.838,33,196837963411,73000,1
196.895,38,196892225943,2502412,0
196.9,33,196899842961,73000,1
196.903,38,196902443967,73000,1
196.92,34,196917882003,2502412,0
196.931,34,196928144027,2502412,0
196.936,37,196933231039,2502412,0
196.936,37,196936153451,73000,1
196.936,38,196936153451,73000,1
196.939,34,196938772457,73000,1
196.942,32,196941640463,73000,1
196.944,39,196944330469,73000,1
196.95,34,196949577481,73000,1
196.957,37,196954779493,2502412,0
196.96,37,196959999505,73000,1
196.965,38,196965228517,73000,1
196.971,33,196970475529,73000,1
196.994,37,196993735989,73000,1
197.004,37,197001406007,2502412,0
197.004,37,197004007013,73000,1
197.017,34,197014243037,2502412,0
197.025,36,197022020055,2502412,0
197.025,34,197024559061,73000,1
197.025,38,197024630061,73000,1
197.027,36,197027249067,73000,1
197.027,37,197027320067,73000,1
197.038,34,197035177085,2502412,0
197.038,34,197038019497,73000,1
197.051,36,197050785527,73000,1
197.051,34,197050945527,73000,1
197.061,34,197061367551,73000,1
197.069,37,197069260569,73000,1
197.082,33,197079567593,2502412,0
197.088,36,197085091605,2502412,0
197.09,36,197087630017,2502412,0
197.098,33,197095300035,2502412,0
197.098,33,197097910041,73000,1
197.106,36,197103050053,2502412,0
197.113,36,197113277077,73000,1
197.113,37,197113419077,73000,1
197.131,33,197128733113,2502412,0
197.131,33,197131271525,73000,1
197.134,35,197131361119,2502412,0
197.142,35,197141892143,73000,1
197.142,33,197141972143,73000,1
197.142,36,197141972143,73000,1
197.145,38,197144591149,73000,1
197.145,34,197144591149,73000,1
197.16,35,197160358185,73000,1
197.166,35,197165498197,73000,1
197.171,36,197170781209,73000,1
197.171,35,197170781209,73000,1
197.176,33,197176001221,73000,1
197.251,36,197251127801,73000,1
197.295,34,197295287309,73000,1
197.298,35,197295358309,2502412,0
197.3,35,197300418321,73000,1
197.301,33,197300560321,73000,1
197.301,35,197300631321,73000,1
197.308,34,197305762333,2502412,0
197.308,34,197308291745,73000,1
197.308,39,197308381339,73000,1
197.321,39,197318750363,2502412,0
197.329,39,197328959387,73000,1
197.334,34,197331569393,2502412,0
197.337,34,197334098805,2502412,0
197.342,39,197341706823,73000,1
197.342,35,197341822823,73000,1
197.342,34,197341893823,73000,1
197.347,37,197344825829,2502412,0
197.353,35,197352664847,73000,1
197.355,37,197352735847,2502412,0
197.358,34,197357946859,73000,1
197.361,37,197360627865,73000,1
197.376,34,197376056901,73000,1
197.376,32,197376127901,73000,1
197.381,35,197381258913,73000,1
197.384,39,197381329913,2502412,0
197.386,39,197383868325,2502412,0
197.386,37,197386398331,73000,1
197.4,39,197399556767,73000,1
197.405,38,197402273773,2502412,0
197.413,38,197412447797,73000,1
197.413,39,197412447797,73000,1
197.42,39,197417676809,2502412,0
197.423,34,197420286815,2502412,0
197.425,39,197422816821,2502412,0
197.433,34,197433007845,73000,1
197.443,39,197440739863,2502412,0
197.446,34,197443269869,2502412,0
197.451,34,197448660881,2502412,0
197.451,38,197451190887,73000,1
197.451,37,197451288887,73000,1
197.454,39,197451359887,2502412,0
197.454,39,197453898299,73000,1
197.464,36,197461559911,2502412,0
197.464,34,197464160917,73000,1
197.464,39,197464160917,73000,1
197.469,34,197466779923,2502412,0
197.469,38,197469380929,73000,1
197.472,36,197471981935,73000,1
197.477,34,197477112947,73000,1
197.487,34,197487384971,73000,1
197.49,37,197487455971,2502412,0
197.49,37,197489985383,73000,1
197.49,36,197489985977,73000,1
197.501,34,197498137401,2502412,0
197.508,37,197505816419,2502412,0
197.511,37,197508345831,2502412,0
197.516,34,197513583843,2502412,0
197.519,34,197516122255,2502412,0
197.529,34,197526242279,2502412,0
197.529,37,197528772285,73000,1
197.531,39,197528843285,2502412,0
197.537,37,197534001297,2502412,0
197.537,34,197536531303,73000,1
197.537,38,197536531303,73000,1
197.547,39,197544210321,2502412,0
197.547,37,197546740327,73000,1
197.55,37,197549734333,73000,1
197.55,36,197549823333,73000,1
197.55,33,197549894333,73000,1
197.55,39,197549965333,73000,1
197.558,34,197557680351,73000,1
197.558,32,197557760351,73000,1
197.563,32,197560459357,2502412,0
197.565,32,197562988769,2502412,0
197.571,38,197568075781,2502412,0
197.571,32,197570676787,73000,1
197.571,39,197570676787,73000,1
197.583,34,197580921811,2502412,0
197.586,38,197585981823,73000,1
197.589,35,197586079823,2502412,0
197.591,34,197591148835,73000,1
197.591,32,197591148835,73000,1
197.591,37,197591219835,73000,1
197.594,35,197591317835,2502412,0
197.604,35,197601768859,2502412,0
197.607,38,197604298865,2502412,0
197.607,38,197606828277,73000,1
197.617,35,197617206895,73000,1
197.62,36,197619807901,73000,1
197.62,34,197619807901,73000,1
197.625,38,197624938913,73000,1
197.63,32,197627539919,2502412,0
197.638,35,197635200937,2502412,0
197.645,39,197645338961,73000,1
197.648,32,197645409961,2502412,0
197.651,32,197650478973,73000,1
197.653,38,197650549973,2502412,0
197.658,35,197655931391,2502412,0
197.664,35,197661000403,2502412,0
197.666,38,197663530409,2502412,0
197.666,39,197666069415,73000,1
197.666,32,197666167415,73000,1
197.676,38,197673828433,2502412,0
197.681,35,197678915445,2502412,0
197.682,35,197681453857,73000,1
197.682,38,197681579451,73000,1
197.682,34,197681739451,73000,1
197.7,35,197697445893,2502412,0
197.703,37,197702514905,73000,1
197.708,38,197705257911,2502412,0
197.713,35,197710317923,2502412,0
197.713,35,197712856335,73000,1
197.713,32,197712936929,73000,1
197.718,38,197718174941,73000,1
197.721,38,197720811947,73000,1
197.723,35,197720882947,2502412,0
197.724,35,197723448359,73000,1
197.734,35,197731216971,2502412,0
197.736,35,197733755383,2502412,0
197.737,39,197736463389,73000,1
197.737,35,197736534389,73000,1
197.737,38,197736614389,73000,1
197.742,35,197741834401,73000,1
197.75,34,197747206413,2502412,0
197.752,34,197749753825,2502412,0
197.755,35,197752283831,2502412,0
197.755,35,197755135243,73000,1
197.766,34,197765442267,73000,1
197.776,36,197773210285,2502412,0
197.783,36,197780809303,2502412,0
197.783,36,197783419309,73000,1
197.783,35,197783419309,73000,1
197.789,36,197786029315,2502412,0
197.789,34,197788701321,73000,1
197.797,36,197796664339,73000,1
197.797,32,197796664339,73000,1
197.812,34,197809822775,2502412,0
197.817,33,197814953787,2502412,0
197.818,37,197817483793,73000,1
197.823,36,197820093799,2502412,0
197.828,33,197827701817,73000,1
197.828,34,197827701817,73000,1
197.833,36,197832841829,73000,1
197.835,35,197832912829,2502412,0
197.841,35,197840520847,73000,1
197.841,34,197840520847,73000,1
197.843,38,197840609847,2502412,0
197.848,36,197845687859,2502412,0
197.848,36,197848217271,73000,1
197.853,38,197853375877,73000,1
197.854,33,197853455877,73000,1
197.859,38,197858979889,73000,1
197.862,32,197861660895,73000,1
197.862,35,197861740895,73000,1
197.862,36,197861740895,73000,1
197.867,35,197864448901,2502412,0
197.867,35,197866987313,73000,1
197.882,38,197879930937,2502412,0
197.888,36,197885159949,2502412,0
197.888,36,197887689361,73000,1
197.888,38,197887760955,73000,1
197.888,34,197887760955,73000,1
197.888,33,197887760955,73000,1
197.89,35,197887840955,2502412,0
197.895,35,197892918967,2502412,0
197.904,35,197903458397,73000,1
197.906,36,197906157403,73000,1
197.906,34,197906157403,73000,1
197.906,39,197906228403,73000,1
197.917,38,197914023421,2502412,0
197.922,38,197919137433,2502412,0
197.927,35,197926798451,73000,1
197.927,34,197926798451,73000,1
197.927,33,197926869451,73000,1
197.927,38,197926940451,73000,1
197.927,36,197927020451,73000,1
197.94,35,197940026481,73000,1
197.945,38,197942716487,2502412,0
197.945,36,197945246493,73000,1
197.953,38,197950475505,2502412,0
197.961,38,197958636523,2502412,0
197.961,35,197961202529,73000,1
197.966,38,197963892535,2502412,0
197.972,38,197971500553,73000,1
197.985,38,197982109577,2502412,0
197.99,38,197989850595,73000,1
198.013,35,198010688049,2502412,0
198.013,35,198013244461,73000,1
198.026,38,198023552079,2502412,0
198.026,38,198026278085,73000,1
198.029,35,198028879091,73000,1
198.037,38,198034108103,2502412,0
198.039,38,198039177115,73000,1
198.045,38,198044548127,73000,1
198.055,35,198054766151,73000,1
198.06,37,198057394157,2502412,0
198.068,37,198067925181,73000,1
198.073,37,198070615187,2502412,0
198.076,37,198075817199,73000,1
198.091,38,198091184235,73000,1
198.094,35,198093785241,73000,1
198.107,33,198107103677,73000,1
198.107,37,198107103677,73000,1
198.138,38,198135948743,2502412,0
198.151,38,198148669773,2502412,0
198.151,38,198151199185,73000,1
198.154,36,198151368779,2502412,0
198.156,37,198153898785,2502412,0
198.165,37,198164429809,73000,1
198.167,36,198167030815,73000,1
198.177,38,198177239839,73000,1
198.182,36,198179938845,2502412,0
198.185,36,198182468257,2502412,0
198.19,34,198190129275,73000,1
198.193,36,198192801281,73000,1
198.2,37,198197932293,2502412,0
198.203,37,198200470705,2502412,0
198.206,37,198205672717,73000,1
198.211,38,198211170135,73000,1
198.216,37,198213780141,2502412,0
198.229,37,198226457171,2502412,0
198.231,32,198228987177,2502412,0
198.237,32,198234047189,2502412,0
198.239,36,198236577195,2502412,0
198.239,37,198239116201,73000,1
198.242,36,198241797207,73000,1
198.242,37,198241797207,73000,1
198.247,32,198244558213,2502412,0
198.255,38,198252157231,2502412,0
198.263,32,198262535255,73000,1
198.263,38,198262606255,73000,1
198.265,36,198262748255,2502412,0
198.266,36,198265670667,73000,1
198.266,32,198265670667,73000,1
198.291,35,198288698721,2502412,0
198.294,35,198293758733,73000,1
198.296,37,198293856733,2502412,0
198.299,38,198296395739,2502412,0
198.302,38,198301455751,73000,1
198.302,32,198301455751,73000,1
198.304,37,198304074757,73000,1
198.307,36,198304145757,2502412,0
198.309,36,198306844763,2502412,0
198.309,38,198309383769,73000,1
198.312,36,198309454769,2502412,0
198.315,35,198312297775,2502412,0
198.317,36,198314934781,2502412,0
198.323,36,198322533799,73000,1
198.328,35,198325134805,2502412,0
198.33,36,198330265817,73000,1
198.333,37,198330363817,2502412,0
198.338,35,198335512829,2502412,0
198.341,37,198338051835,2502412,0
198.341,38,198340581841,73000,1
198.343,36,198343191847,73000,1
198.348,37,198348349859,73000,1
198.348,35,198348349859,73000,1
198.364,35,198363672895,73000,1
198.372,37,198369223907,2502412,0
198.374,37,198374310919,73000,1
198.395,32,198394898967,73000,1
198.4,33,198397508973,2502412,0
198.4,33,198400038385,73000,1
198.403,37,198400109979,2502412,0
198.413,35,198410337003,2502412,0
198.416,37,198413251009,2502412,0
198.418,37,198418311021,73000,1
198.418,35,198418311021,73000,1
198.431,37,198428520045,2502412,0
198.434,35,198431050051,2502412,0
198.434,38,198433580057,73000,1
198.434,33,198433580057,73000,1
198.434,37,198433660057,73000,1
198.442,35,198441526075,73000,1
198.442,38,198441597075,73000,1
198.442,33,198441597075,73000,1
198.447,37,198444269081,2502412,0
198.447,35,198446808087,73000,1
198.447,36,198446879087,73000,1
198.457,37,198457239111,73000,1
198.471,37,198470567141,73000,1
198.481,35,198480776165,73000,1
198.481,37,198480776165,73000,1
198.486,36,198485952177,73000,1
198.504,33,198501310213,2502412,0
198.506,33,198506424225,73000,1
198.512,35,198511653237,73000,1
198.53,33,198527368679,2502412,0
198.532,33,198529898091,2502412,0
198.535,33,198532508097,2502412,0
198.535,32,198535047103,73000,1
198.545,38,198542726121,2502412,0
198.545,38,198545255533,73000,1
198.553,33,198550405139,2502412,0
198.561,35,198560543163,73000,1
198.566,38,198563162169,2502412,0
198.574,33,198573613193,73000,1
198.576,38,198573693193,2502412,0
198.579,38,198576222605,2502412,0
198.584,38,198583812623,73000,1
198.587,38,198586502629,73000,1
198.587,37,198586502629,73000,1
198.602,33,198602065665,73000,1
198.62,37,198620347113,73000,1
198.628,33,198625505125,2502412,0
198.636,33,198633113143,2502412,0
198.636,38,198635643149,73000,1
198.641,33,198640961161,73000,1
198.646,38,198646101173,73000,1
198.669,33,198669111227,73000,1
198.672,35,198669200227,2502412,0
198.674,33,198674269239,73000,1
198.68,35,198679802251,73000,1
198.687,35,198684969263,2502412,0
198.703,35,198700274299,2502412,0
198.724,35,198723481759,73000,1
198.747,34,198746554813,73000,1
198.747,35,198746554813,73000,1
198.757,33,198756781837,73000,1
198.765,33,198764567855,73000,1
198.791,35,198790492915,73000,1
198.804,38,198803738945,73000,1
198.84,38,198839890435,73000,1
198.845,32,198842491441,2502412,0
198.845,32,198845199447,73000,1
198.871,39,198868601501,2502412,0
198.871,35,198871131507,73000,1
198.871,32,198871202507,73000,1
198.877,39,198876520519,73000,1
198.882,39,198882035531,73000,1
198.89,35,198890247549,73000,1
198.895,37,198892937555,2502412,0
198.896,36,198895538561,73000,1
198.903,37,198903217579,73000,1
198.913,37,198910896597,2502412,0
198.919,32,198916027609,2502412,0
198.924,37,198923635627,73000,1
198.929,32,198929248045,73000,1
198.937,39,198936945063,73000,1
198.955,37,198954913105,73000,1
198.96,32,198957532111,2502412,0
198.968,32,198967652135,73000,1
198.988,32,198985925177,2502412,0
198.996,32,198993862195,2502412,0
199.002,37,199001594213,73000,1
199.012,32,199011803237,73000,1
199.033,39,199030270685,2502412,0
199.038,39,199037869703,73000,1
199.04,32,199037940703,2502412,0
199.046,32,199043089715,2502412,0
199.063,32,199060906757,2502412,0
199.079,32,199076202793,2502412,0
199.079,39,199078732799,73000,1
199.087,37,199086840817,73000,1
199.087,32,199086911817,73000,1
199.098,32,199097663841,73000,1
199.11,39,199107872865,2502412,0
199.116,39,199113119877,2502412,0
199.118,39,199115667289,2502412,0
199.126,39,199126001313,73000,1
199.129,39,199128602319,73000,1
199.145,39,199144583761,73000,1
199.145,32,199144663761,73000,1
199.168,33,199165277809,2502412,0
199.173,34,199173018827,73000,1
199.173,34,199173258827,73000,1
199.173,33,199173409827,73000,1
199.184,34,199181709845,2502412,0
199.19,34,199189771009,73000,1
199.192,34,199192372015,73000,1
199.2,34,199200122033,73000,1
199.203,33,199200193033,2502412,0
199.203,33,199202731445,73000,1
199.205,38,199205342045,73000,1
199.216,34,199213297063,2502412,0
199.224,39,199223435087,73000,1
199.224,33,199223435087,73000,1
199.226,34,199226036093,73000,1
199.234,34,199234152517,73000,1
199.237,37,199236762523,73000,1
199.242,32,199241911535,73000,1
199.255,34,199254909565,73000,1
199.265,33,199265287589,73000,1
199.286,39,199283495631,2502412,0
199.291,39,199288644643,2502412,0
199.294,33,199291496055,2502412,0
199.299,33,199299424073,73000,1
199.299,39,199299424073,73000,1
199.305,33,199302105079,2502412,0
199.307,39,199307165091,73000,1
199.31,33,199309864097,73000,1
199.333,35,199333212151,73000,1
199.333,34,199333212151,73000,1
199.341,33,199341212575,73000,1
199.369,39,199366655635,2502412,0
199.375,33,199374432653,73000,1
199.377,39,199374601653,2502412,0
199.382,39,199382351671,73000,1
199.398,37,199395634701,2502412,0
199.398,39,199398244707,73000,1
199.404,37,199403562719,73000,1
199.406,33,199403633719,2502412,0
199.411,34,199411321737,73000,1
199.411,39,199411321737,73000,1
199.414,33,199411392737,2502412,0
199.417,32,199414002743,2502412,0
199.419,37,199416559749,2502412,0
199.427,37,199424309767,2502412,0
199.429,33,199426839773,2502412,0
199.429,33,199429378185,73000,1
199.432,32,199429449779,2502412,0
199.438,37,199437601203,73000,1
199.438,39,199437601203,73000,1
199.443,32,199440220209,2502412,0
199.445,32,199445280221,73000,1
199.451,32,199450482233,73000,1
199.456,39,199453181239,2502412,0
199.458,33,199455800245,2502412,0
199.463,39,199463399263,73000,1
199.464,37,199463470263,73000,1
199.464,33,199463550263,73000,1
199.466,37,199466151269,73000,1
199.469,33,199466249269,2502412,0
199.474,33,199473991287,73000,1
199.474,39,199474213287,73000,1
199.477,39,199474613287,2502412,0
199.49,33,199489900323,73000,1
199.49,32,199489900323,73000,1
199.49,39,199489971323,73000,1
199.503,39,199503085353,73000,1
199.503,32,199503343353,73000,1
199.537,33,199534059425,2502412,0
199.545,33,199544571855,73000,1
199.547,39,199544642855,2502412,0
199.557,33,199554851879,2502412,0
199.56,39,199557381885,2502412,0
199.565,39,199565016903,73000,1
199.565,33,199565016903,73000,1
199.575,37,199572686921,2502412,0
199.575,37,199575314927,73000,1
199.578,33,199575394927,2502412,0
199.591,33,199588053957,2502412,0
199.596,34,199595652975,73000,1
199.596,33,199595732975,73000,1
199.596,39,199595732975,73000,1
199.609,39,199608830005,73000,1
199.614,37,199611529011,2502412,0
199.627,37,199626709047,73000,1
199.629,33,199626798047,2502412,0
199.634,33,199631876059,2502412,0
199.637,35,199634406065,2502412,0
199.642,35,199639475077,2502412,0
199.645,33,199644937089,73000,1
199.653,35,199650104101,2502412,0
199.66,37,199657854119,2502412,0
199.665,33,199662941131,2502412,0
199.673,35,199670540149,2502412,0
199.678,35,199678219167,73000,1
199.681,37,199678290167,2502412,0
199.681,37,199680900173,73000,1
199.681,35,199680900173,73000,1
199.684,33,199683501179,73000,1
199.686,37,199686102185,73000,1
199.691,37,199688721191,2502412,0
199.702,36,199699181215,2502412,0
199.702,37,199701711221,73000,1
199.702,39,199701711221,73000,1
199.707,33,199704339227,2502412,0
199.709,36,199709426239,73000,1
199.715,33,199712107245,2502412,0
199.722,33,199719893263,2502412,0
199.722,33,199722422675,73000,1
199.725,37,199725042275,73000,1
199.733,36,199730191287,2502412,0
199.738,35,199737790305,73000,1
199.748,36,199745941729,2502412,0
199.754,39,199751037741,2502412,0
199.756,36,199753567747,2502412,0
199.756,33,199756097753,73000,1
199.759,36,199756310753,2502412,0
199.761,39,199761415765,73000,1
199.761,38,199761415765,73000,1
199.764,36,199761486765,2502412,0
199.769,38,199766546777,2502412,0
199.774,39,199774136795,73000,1
199.777,32,199776764801,73000,1
199.777,36,199776844801,73000,1
199.779,38,199776915801,2502412,0
199.787,35,199787133825,73000,1
199.79,38,199787213825,2502412,0
199.792,37,199792273837,73000,1
199.797,38,199794972843,2502412,0
199.808,38,199807944873,73000,1
199.808,33,199808015873,73000,1
199.808,36,199808166873,73000,1
199.811,34,199808326873,2502412,0
199.824,34,199821172903,2502412,0
199.826,38,199826241915,73000,1
199.826,39,199826241915,73000,1
199.829,36,199828860921,73000,1
199.837,34,199834018933,2502412,0
199.844,37,199844361957,73000,1
199.847,34,199844432957,2502412,0
199.85,34,199849885969,73000,1
199.85,33,199849885969,73000,1
199.85,38,199849885969,73000,1
199.855,34,199855123981,73000,1
199.855,38,199855123981,73000,1
199.878,34,199875712029,2502412,0
199.899,34,199896139077,2502412,0
199.907,34,199906581101,73000,1
199.909,36,199909209107,73000,1
199.909,34,199909289107,73000,1
199.912,38,199911908113,73000,1
199.935,33,199932442161,2502412,0
199.937,34,199934981167,2502412,0
199.94,39,199940050179,73000,1
199.948,34,199947738197,73000,1
199.95,33,199947889197,2502412,0
199.956,34,199953378209,2502412,0
199.961,33,199961075227,73000,1
199.966,34,199963676233,2502412,0
199.969,33,199968825245,73000,1
199.969,34,199969047245,73000,1
199.969,33,199969136245,73000,1
199.987,34,199986971287,73000,1
200.005,33,200002409323,2502412,0
200.01,33,200010330341,73000,1
200.016,39,200013020347,2502412,0
200.031,39,200030890389,73000,1
200.031,37,200030970389,73000,1
200.036,35,200036199401,73000,1
200.041,33,200041357413,73000,1
200.062,34,200059699861,2502412,0
200.065,34,200064830873,73000,1
200.067,39,200064901873,2502412,0
200.075,39,200075244897,73000,1
200.083,39,200080464909,2502412,0
200.086,34,200085533921,73000,1
200.086,36,200085675921,73000,1
200.088,39,200085755921,2502412,0
200.091,33,200088285927,2502412,0
200.098,39,200095902945,2502412,0
200.099,39,200098432357,73000,1
200.099,33,200098432951,73000,1
200.101,34,200098583951,2502412,0
200.106,39,200103714963,2502412,0
200.114,34,200114245987,73000,1
200.114,39,200114325987,73000,1
200.127,33,200127208017,73000,1
200.132,39,200132348029,73000,1
200.148,34,200145167059,2502412,0
200.155,34,200152775077,2502412,0
200.158,34,200155627083,2502412,0
200.168,39,200165765107,2502412,0
200.173,39,200170834119,2502412,0
200.176,34,200173444125,2502412,0
200.189,39,200186103155,2502412,0
200.194,39,200193791173,73000,1
200.196,34,200193862173,2502412,0
200.209,34,200206530203,2502412,0
200.212,34,200211903215,73000,1
200.217,33,200214513221,2502412,0
200.222,33,200222112239,73000,1
200.222,39,200222112239,73000,1
200.225,34,200224882245,73000,1
200.225,36,200225042245,73000,1
200.228,38,200225140245,2502412,0
200.23,33,200227688251,2502412,0
200.235,38,200235278269,73000,1
200.238,34,200235349269,2502412,0
200.24,33,200237879275,2502412,0
200.248,39,200248044299,73000,1
200.248,33,200248115299,73000,1
200.251,34,200248195299,2502412,0
200.256,33,200256124723,73000,1
200.264,34,200261371735,2502412,0
200.264,38,200263910741,73000,1
200.269,34,200269148753,73000,1
200.269,32,200269148753,73000,1
200.269,39,200269335753,73000,1
200.28,33,200279615777,73000,1
200.292,38,200289896801,2502412,0
200.297,34,200294956813,2502412,0
200.308,34,200305094837,2502412,0
200.318,38,200318075867,73000,1
200.318,37,200318075867,73000,1
200.318,34,200318271867,73000,1
200.318,38,200318271867,73000,1
200.344,39,200344140927,73000,1
200.349,34,200346901933,2502412,0
200.35,34,200349511939,73000,1
200.35,35,200349511939,73000,1
200.355,38,200352121945,2502412,0
200.363,34,200360140369,2502412,0
200.368,38,200365236381,2502412,0
200.373,33,200370367393,2502412,0
200.376,34,200375427405,73000,1
200.381,33,200380558417,73000,1
200.383,34,200383159423,73000,1
200.391,38,200388299435,2502412,0
200.393,33,200390900441,2502412,0
200.396,34,200393457447,2502412,0
200.396,33,200395987453,73000,1
200.399,39,200398588459,73000,1
200.399,34,200398659459,73000,1
200.401,38,200398739459,2502412,0
200.406,38,200406338477,73000,1
200.425,34,200422116513,2502412,0
200.425,38,200424646519,73000,1
200.425,33,200424744519,73000,1
200.427,34,200424949519,2502412,0
200.435,33,200432699537,2502412,0
200.44,34,200437786549,2502412,0
200.44,34,200440315961,73000,1
200.443,38,200443015561,73000,1
200.443,34,200443015561,73000,1
200.446,33,200445687567,73000,1
200.464,33,200461447009,2502412,0
200.482,33,200479344051,2502412,0
200.482,33,200481882463,73000,1
200.5,33,200497286093,2502412,0
200.5,33,200499824505,73000,1
200.51,38,200507486117,2502412,0
200.513,33,200510025123,2502412,0
200.513,33,200512554535,73000,1
200.513,38,200512555129,73000,1
200.515,34,200512626129,2502412,0
200.52,38,200517846141,2502412,0
200.528,34,200525748565,2502412,0
200.533,38,200533347583,73000,1
200.536,34,200533418583,2502412,0
200.546,34,200546202613,73000,1
200.546,33,200546202613,73000,1
200.554,34,200553988631,73000,1
200.554,38,200553988631,73000,1
200.565,33,200564652061,73000,1
200.583,38,200582639103,73000,1
200.59,34,200587886115,2502412,0
200.59,34,200590415527,73000,1
200.606,34,200605819157,73000,1
200.619,38,200616437181,2502412,0
200.63,38,200629427211,73000,1
200.632,38,200629756211,2502412,0
200.643,38,200642593241,73000,1
200.645,33,200645221247,73000,1
200.648,34,200645363247,2502412,0
200.653,34,200653095265,73000,1
200.672,34,200671473713,73000,1
200.672,38,200671544713,73000,1
200.677,36,200676684725,73000,1
200.68,38,200679463731,73000,1
200.695,32,200692211761,2502412,0
200.697,34,200697280773,73000,1
200.705,32,200705137791,73000,1
200.705,38,200705137791,73000,1
200.729,32,200726028839,2502412,0
200.741,32,200741413875,73000,1
200.752,35,200749128893,2502412,0
200.754,35,200754188905,73000,1
200.754,39,200754268905,73000,1
200.755,35,200754437905,73000,1
200.762,32,200762249923,73000,1
200.773,33,200770330347,2502412,0
200.775,32,200772869353,2502412,0
200.775,33,200775399359,73000,1
200.788,33,200785706383,2502412,0
200.791,32,200790766395,73000,1
200.801,33,200798561413,2502412,0
200.806,35,200803710425,2502412,0
200.806,35,200806382431,73000,1
200.806,32,200806382431,73000,1
200.814,33,200814043449,73000,1
200.814,34,200814043449,73000,1
200.817,33,200814203449,2502412,0
200.819,34,200816813455,2502412,0
200.824,34,200821944467,2502412,0
200.832,33,200829856485,2502412,0
200.835,35,200832457491,2502412,0
200.838,38,200837526503,73000,1
200.84,34,200840225509,73000,1
200.843,33,200840296509,2502412,0
200.848,35,200845356521,2502412,0
200.85,35,200847975527,2502412,0
200.856,33,200853062539,2502412,0
200.858,34,200858202551,73000,1
200.861,32,200860821557,73000,1
200.864,35,200863493563,73000,1
200.874,33,200871466987,2502412,0
200.874,39,200874023993,73000,1
200.877,33,200876642999,73000,1
200.882,33,200879315005,2502412,0
200.882,33,200882014011,73000,1
200.882,39,200882014011,73000,1
200.887,35,200887145023,73000,1
200.9,33,200900036053,73000,1
200.905,39,200902646059,2502412,0
200.91,34,200907724071,2502412,0
200.918,39,200917871095,73000,1
200.923,34,200920481101,2502412,0
200.923,35,200923100107,73000,1
200.928,32,200925701113,2502412,0
200.931,34,200928623525,2502412,0
200.934,39,200933683537,73000,1
200.934,34,200933843537,73000,1
200.934,32,200933843537,73000,1
200.954,39,200954243585,73000,1
200.954,32,200954243585,73000,1
200.957,37,200954314585,2502412,0
200.957,33,200956853591,73000,1
200.962,37,200962144603,73000,1
200.965,34,200964754609,73000,1
200.986,34,200983000057,2502412,0
200.993,32,200990599075,2502412,0
200.998,32,200998189093,73000,1
200.998,34,200998189093,73000,1
200.998,35,200998260093,73000,1
