3.00121,3,3000077333,1136844
3.01423,3,3001214177,13014024
3.03965,3,3014228201,25426054
3.05014,3,3039654255,10486024
3.05521,3,3050140279,5073012
3.06536,3,3055213291,10146024
3.07553,3,3065359315,10173024
3.07809,3,3075532339,2559006
3.08852,3,3078091345,10430018
3.09104,3,3088521363,2523006
3.10124,3,3091044369,10191024
3.1063,3,3101235393,5064012
3.12152,3,3106299405,15217030
3.12406,3,3121516435,2541006
3.13423,3,3124057441,10173024
3.14184,3,3134230465,7605018
3.24683,3,3141835483,104990228
3.25726,3,3246825711,10430024
3.26483,3,3257255735,7576012
3.28259,3,3264831747,17758036
3.28798,3,3282589783,5395012
3.29558,3,3287984795,7596018
3.30578,3,3295580813,10200024
3.30832,3,3305780837,2541006
3.31845,3,3308321843,10126018
3.33116,3,3318447861,12714030
3.35437,3,3331161891,23203112
3.36455,3,3354365003,10182024
3.36961,3,3364547027,5064012
3.3798,3,3369611039,10191024
3.38486,3,3379802063,5055012
3.38769,3,3384857075,2836006
3.39786,3,3387693081,10164024
3.4004,3,3397857105,2541006
3.41052,3,3400398111,10117018
3.42072,3,3410515129,10200024
3.43342,3,3420715153,12705030
3.44361,3,3433420183,10191024
3.45377,3,3443611207,10155024
3.4617,3,3453766231,7936018
3.46933,3,3461702249,7632018
3.47696,3,3469334267,7623018
3.48202,3,3476957285,5064012
3.48998,3,3482021297,7954018
3.5103,3,3489975315,20326042
3.51792,3,3510301357,7614018
3.5281,3,3517915375,10182024
3.54078,3,3528097399,12685024
3.55088,3,3540782423,10099018
3.55595,3,3550881441,5064012
3.55847,3,3555945453,2523006
3.56385,3,3558468459,5377012
3.58166,3,3563845471,17812036
3.59215,3,3581657507,10495024
3.61756,3,3592152531,25408054
3.62772,3,3617560585,10155024
3.63788,3,3627715609,10164024
3.64043,3,3637879633,2550006
3.6506,3,3640429639,10173024
3.65313,3,3650602663,2532006
3.66358,3,3653134669,10450024
3.66613,3,3663584693,2550006
3.67629,3,3666134699,10155024
3.67883,3,3676289723,2541006
3.689,3,3678830729,10173024
3.69155,3,3689003753,2550006
3.70455,3,3691553759,12998024
3.71727,3,3704551783,12714030
3.73758,3,3717265813,20317042
3.74011,3,3737582855,2532006
3.75028,3,3740114861,10164024
3.76046,3,3750278885,10182024
3.77092,3,3760460909,10459024
3.77345,3,3770919933,2532006
3.79665,3,3773451939,23198048
3.80682,3,3796649987,10173024
3.81701,3,3806823011,10182024
3.8373,3,3817005035,20299042
4.00408,4,4000077333,4005110
4.03238,4,4004082443,28296060
4.05778,4,4032378503,25399054
4.06797,4,4057777557,10191024
4.07846,4,4067968581,10495024
4.1013,4,4078463605,22840048
4.12443,4,4101303653,23124042
4.13203,4,4124427695,7605018
4.1371,4,4132032713,5064012
4.14473,4,4137096725,7632018
4.1549,4,4144728743,10173024
4.16759,4,4154901767,12685024
4.17552,3,3837304077,338218732
4.18058,4,4167586791,12991030
4.18565,3,4175522809,10128024
4.19072,4,4180577821,10146024
4.1958,3,4185650833,10146024
4.20086,3,4195796857,5064012
4.20338,4,4190723845,12660030
4.21136,4,4203383875,7972018
4.2215,4,4211355893,10144018
4.22656,4,4221499911,5064012
4.23418,3,4200860869,33317072
4.23919,3,4234177941,5008006
4.24171,4,4226563923,15145030
4.25184,3,4239185947,12658024
4.25693,4,4241708953,15226030
4.26193,4,4256934983,4999006
4.26702,4,4261933989,5082012
4.27465,4,4267016001,7632018
4.27748,3,4251843971,25640054
4.28511,4,4274648019,10459024
4.29017,4,4285107043,5064012
4.29271,3,4277484025,15228036
4.3108,3,4292712061,18089036
4.33364,3,4310801097,22840048
4.34382,3,4333641145,10182024
4.3489,4,4290171055,58725126
4.3539,3,4343823169,10081018
4.35897,3,4353904187,5064012
4.36407,4,4348896181,15172030
4.37166,3,4358968199,12696030
4.37677,4,4364068211,12705030
4.37961,3,4371664229,7945018
4.3872,4,4376773241,10423024
4.39231,3,4379609247,12696030
4.39737,4,4387196265,10173024
4.40244,4,4397369289,5073012
4.40752,3,4392305277,15210036
4.41292,4,4402442301,10477024
4.42306,4,4412919325,10144018
4.43061,4,4423063343,7549012
4.43314,3,4407515313,25620048
4.43566,4,4430612355,5046012
4.4407,4,4435658367,5046012
4.44833,3,4433135361,15192036
4.45089,4,4440704379,10182024
4.461,4,4450886403,10117018
4.46355,4,4461003421,2550006
4.47115,3,4448327397,22822048
4.47367,3,4471149445,2523006
4.47868,3,4473672451,5008006
4.48154,3,4478680457,2863006
4.49169,3,4481543463,10144018
4.49421,4,4463553427,30657060
4.50439,3,4491687481,12705030
4.50692,4,4494210487,12705030
4.50944,4,4506915517,2523006
4.51737,3,4504392511,12973030
4.52738,3,4517365541,10016006
4.52991,3,4527381547,2532006
4.54008,3,4529913553,10164024
4.5426,3,4540077577,2523006
4.54769,3,4542600583,5091012
4.56292,3,4547691595,15226030
4.58067,3,4562917625,17749036
4.58859,3,4580666661,7927018
4.59368,3,4588593679,5082012
4.59874,3,4593675691,5064012
4.60637,3,4598739703,7632018
4.61145,3,4606371721,5082012
4.61934,3,4611453733,7889012
4.62696,4,4509438523,117518240
4.63197,4,4626956763,5017006
4.64214,3,4619342745,22793042
4.65225,4,4631973769,20279036
4.66997,4,4652252805,17713036
4.69566,3,4642135787,53522102
4.70583,3,4695657889,10173024
4.72392,3,4705830913,18089042
4.72644,4,4669965841,56477120
4.7315,3,4723919955,7578018
4.7391,4,4726442961,12660030
4.74163,4,4739102991,2523006
4.74672,3,4731497973,15219036
4.75431,4,4741625997,12687030
4.75686,4,4754313027,2550006
4.76698,4,4756863033,10117018
4.77208,4,4766980051,5100012
4.77714,3,4746717009,30418066
4.7822,3,4777135075,5064012
4.78472,3,4782199087,2523006
4.78725,4,4772080063,15165036
4.79258,3,4784722093,7853012
4.7951,3,4792575105,2523006
4.83854,4,4787245099,51292090
4.85886,4,4838537189,20326042
4.869,4,4858863231,10137024
4.87662,4,4869000255,7623018
4.88681,4,4876623273,10191024
4.8973,4,4886814297,10486024
4.90748,4,4897300321,10182024
4.91001,3,4795098111,114907240
4.91506,4,4907482345,7578018
4.9356,4,4915060363,20536036
4.94066,4,4935596399,5064012
4.94828,4,4940660411,7623018
4.96096,4,4948283429,12676024
4.97874,3,4910005351,68739138
4.98886,3,4978744489,10117018
4.99425,3,4988861507,5386012
4.99929,3,4994247519,5046012
5.01835,3,4999293531,19057448
5.03672,3,5018350979,18366436
5.04793,3,5036717415,11208442
5.05551,4,4960959453,94551416
5.08729,3,5047925857,39361066
5.09583,3,5087286923,8542636
5.10586,3,5095829559,10032006
5.1118,3,5105861565,5936224
5.11684,3,5111797789,5046012
5.12794,3,5116843801,11096830
5.13332,3,5127940631,5379418
5.13886,3,5133320049,5537618
5.14391,3,5138857667,5055012
5.15209,3,5143912679,8173630
5.19243,3,5152086309,40346914
5.19497,3,5192433223,2541006
5.19833,3,5194974229,3359618
5.20086,3,5198333847,2523006
5.21416,3,5200856853,13307030
5.21669,3,5214163883,2523006
5.22464,3,5216686889,7956424
5.24156,3,5224643313,16920460
5.2496,3,5241563773,8033624
5.25999,3,5249597397,10390230
5.26499,3,5259987627,4999006
5.27077,3,5264986633,5787218
5.27859,3,5270773851,7820218
5.28913,3,5278594069,10536624
5.31132,3,5289130693,22192872
5.31407,3,5311323565,2749212
5.32503,3,5314072777,10958842
5.33625,3,5325031619,11215836
5.34419,3,5336247455,7938424
5.34971,3,5344185879,5525424
5.40647,3,5349711303,56757956
5.41705,3,5406469259,10583630
5.42779,3,5417052889,10732636
5.43601,3,5427785525,8222424
5.43853,3,5436007949,2523006
5.44966,3,5438530955,11131242
5.45241,3,5449662197,2749212
5.48974,3,5452411409,37329302
5.49273,4,5055510869,437217454
5.49777,4,5492728323,5046012
5.50848,3,5489740711,18743048
5.51423,3,5508483759,5746018
5.52492,3,5514229777,10685630
5.56021,3,5524915407,35291508
5.56298,4,5497774335,65208792
5.56799,3,5560206915,7784218
5.57051,4,5562983127,7531012
5.57868,3,5567991133,10691024
5.59462,4,5570514139,24106054
5.60465,4,5594620193,10025012
5.61008,4,5604645205,5431012
5.61839,3,5578682157,39707478
5.62148,4,5610076217,11405036
5.62679,3,5618389635,8399836
5.63475,3,5626789471,7959618
5.64042,3,5634749089,5666218
5.6486,3,5640415307,8185824
5.65933,3,5648601131,10732636
5.69369,3,5659333767,34358872
5.69929,3,5693692639,5596818
5.70182,3,5699289457,2532006
5.71007,4,5621481253,88585828
5.78876,4,5710067081,78692640
5.7995,4,5788759721,10741636
5.80765,4,5799501357,8146630
5.8271,4,5807647987,19452466
5.82962,4,5827100453,2523006
5.83501,4,5829623459,5388418
5.83788,3,5701821463,136055826
5.84041,3,5837877289,2532006
5.84881,4,5835011877,13801042
5.85425,4,5848812919,5433418
5.86492,3,5840409295,24513672
5.8678,3,5864922967,2874412
5.87585,3,5867797379,8048430
5.88333,4,5854246337,29083478
5.88641,3,5875845809,10566818
5.89667,4,5883329815,13343030
5.90215,3,5886412627,15734836
5.90503,4,5896672845,8358030
5.91299,4,5905030875,7959618
5.92119,4,5912990493,8195418
5.93431,4,5921185911,13119436
5.94587,4,5934305347,11567436
5.95645,4,5945872783,10580436
5.96707,4,5956453219,10613824
5.97248,4,5967067043,5415418
5.98066,4,5972482461,8173630
5.98821,4,5980656091,7549012
5.99662,4,5988205103,8412224
6.00695,4,5996617327,10334224
6.0095,3,5902147463,107354094
6.02362,3,6009501557,14113648
6.02894,3,6023615205,5326218
6.03146,3,6028941423,2523006
6.04247,3,6031464429,11010036
6.04502,3,6042474465,2550006
6.05625,3,6045024471,11228036
6.0802,3,6056252507,23948266
6.0858,3,6080200773,5596624
6.0939,3,6085797397,8099624
6.09666,3,6093897021,2767212
6.10216,3,6096664233,5498424
6.11044,3,6102162657,8274636
6.11578,3,6110437293,5344218
6.11834,4,6006951551,111388966
6.14062,4,6118340517,22281878
6.14315,3,6115781511,27372890
6.15385,4,6140622395,13232430
6.15893,4,6153854825,5073012
6.16747,4,6158927837,8546424
6.18091,4,6167474261,13434842
6.19441,4,6180909103,13497042
6.19694,4,6194406145,2532006
6.19968,4,6196938151,2740212
6.21305,3,6143154401,69896992
6.24783,4,6199678363,48147308
6.25628,4,6247825671,8450630
6.26966,4,6256276301,13379030
6.29667,4,6269655331,27012884
6.30199,4,6296668215,5317218
6.30452,4,6301985433,2532006
6.31533,4,6304517439,10811024
6.32349,4,6315328463,8164630
6.32933,4,6323493093,5838424
6.33189,4,6329331517,2559006
6.34242,4,6331890523,10527624
6.37519,4,6342418147,32775302
6.40781,4,6375193449,32613502
6.4186,4,6407806951,10788642
6.42707,3,6213051393,214021830
6.43209,3,6427073223,5017006
6.43462,4,6418595593,16026642
6.44286,3,6432090229,10774030
6.44786,4,6434622235,13234030
6.45083,4,6447856265,2978612
6.46183,4,6450834877,10998636
6.46745,3,6442864259,24583878
6.47275,4,6461833513,10913842
6.47776,3,6467448137,10307224
6.48866,3,6477755361,10909224
6.49646,3,6488664585,7793218
6.50185,4,6472747355,29098866
6.51538,3,6496457803,18924654
6.51791,3,6515382457,2523006
6.5233,3,6517905463,5397418
6.52586,3,6523302881,2559006
6.53445,4,6501846221,32600496
6.53983,3,6525861887,13964248
6.55829,3,6539826135,18467842
6.58328,3,6558293977,24981084
6.59411,3,6583275061,10833642
6.60494,4,6534446717,70490816
6.61304,4,6604937533,8099624
6.63479,3,6594108703,40680914
6.64033,3,6634789617,5543424
6.64832,4,6613037157,35282502
6.65378,3,6640333041,13447036
6.65657,3,6653780077,2794212
6.66472,4,6648319659,16405054
6.67291,3,6656574289,16333054
6.67544,3,6672907343,2532006
6.67796,4,6664724713,13237642
6.68094,3,6675439349,5501618
6.69148,3,6680940967,10542430
6.69947,3,6691483397,7983424
6.70765,3,6699466821,8186018
6.71018,3,6707652839,2523006
6.72108,3,6710175845,10904842
6.72642,4,6677962355,48459744
6.7315,4,6726422099,5073012
6.7373,4,6731495111,5805618
6.74274,4,6737300729,5442418
6.74528,4,6742743147,2532006
6.75076,3,6721080687,29678084
6.7583,3,6750758771,7538006
6.76147,4,6745275153,16190442
6.77189,3,6758296777,13589836
6.78827,3,6771886613,16386648
6.79123,4,6761465595,29765084
6.80134,3,6788273261,13065436
6.8044,4,6791230679,13172830
6.81192,3,6801338697,10577824
6.81489,3,6811916521,2969612
6.81991,3,6814886133,5026006
6.82244,4,6804403509,18040636
6.83306,4,6822444145,10615824
6.83559,4,6833059969,2532006
6.84163,4,6835591975,6035018
6.84943,4,6841626993,7802218
6.85519,4,6849429211,5763824
6.86334,3,6819912139,43425520
6.89807,3,6863337659,34730078
6.90344,3,6898067737,5370418
6.91186,3,6903438155,8426836
6.92242,3,6911864991,10554624
6.92773,3,6922419615,5308218
6.94975,3,6927727833,22026666
6.9607,3,6949754499,10949842
6.96901,4,6855193035,113812942
6.97436,3,6960704341,13660648
6.97746,3,6974364989,3091618
6.99302,4,6969005977,24011254
7.0063,3,6977456607,28840654
7.02252,4,6993017231,29503472
7.02504,4,7022520703,2523006
7.03032,4,7025043709,5272218
7.03854,4,7030315927,8224824
7.04643,3,7006297261,40132502
7.04895,4,7038540751,10412018
7.05475,4,7048952769,5796024
7.06265,4,7054748793,7900418
7.06551,4,7062649211,2865412
7.09284,4,7065514623,27328690
7.10037,3,7046429763,53935562
7.10877,3,7100365325,8403224
7.11153,3,7108768549,2758212
7.12411,3,7111526761,12584018
7.12917,3,7124110779,5064012
7.13172,3,7129174791,2541006
7.14355,3,7131715797,11829442
7.14607,3,7143545239,2523006
7.15364,4,7092843313,60791944
7.15678,3,7146068245,10709024
7.16469,4,7153635257,11051430
7.17036,4,7164686687,5677624
7.17869,3,7156777269,21915666
7.18122,3,7178692935,2523006
7.18663,3,7181215941,5415418
7.18938,4,7170364311,19016260
7.19475,4,7189380571,5370418
7.20272,3,7186631359,16085054
7.20559,4,7194750989,10839836
7.21089,4,7205590825,5299218
7.21588,4,7210890043,4990006
7.2184,3,7202716413,15686642
7.22675,4,7215880049,10872230
7.22953,4,7226752279,2776212
7.24869,4,7229528491,19161254
7.26196,3,7218403055,43554520
7.27003,3,7261957575,8075430
7.27849,3,7270033005,8457818
7.28892,4,7248689745,40233502
7.30208,3,7278490823,23590448
7.30495,4,7288923247,16023436
7.31573,4,7304946683,10786636
7.32077,4,7315733319,5035006
7.33177,4,7320768325,10998230
7.3425,4,7331766555,10732636
7.35094,3,7302081271,48859550
7.35346,4,7342499191,10964636
7.35903,3,7350940821,8087624
7.36687,4,7353463827,13402036
7.37219,4,7366865863,5326218
7.38549,3,7359028445,26459066
7.38863,3,7385487511,3142012
7.39141,3,7388629523,2776212
7.40437,4,7372192081,32178084
7.40689,4,7404370165,2523006
7.40998,3,7391405735,18570248
7.4175,4,7406893171,10604824
7.42254,3,7409975983,12568024
7.42507,4,7417497995,7569018
7.42831,3,7422544007,5769218
7.4337,3,7428313225,5386412
7.44425,4,7425067013,19186060
7.44713,4,7444253073,2874412
7.44965,3,7433699637,15950854
7.45287,4,7447127485,5746418
7.46351,4,7452873903,10640630
7.46636,4,7463514533,2847412
7.46892,3,7449650491,19270460
7.47172,4,7466361945,5353218
7.47424,4,7471715163,2523006
7.48539,4,7474238169,11153036
7.48817,4,7485391205,2776212
7.49825,3,7468920951,29327484
7.50329,4,7488167417,15125024
7.50582,3,7498248435,7576012
7.50918,4,7503292441,5891418
7.51694,3,7505824447,11116630
7.52196,4,7509183859,12774224
7.53008,4,7521958083,8117818
7.53761,4,7530075901,7531012
7.55129,4,7537606913,13678636
7.5545,4,7551285549,3214412
7.55979,4,7554499961,5290218
7.56765,4,7559790179,7855418
7.5727,4,7567645597,5055012
7.57578,4,7572700609,3082812
7.587,4,7575783421,11215836
7.58955,4,7586999257,2550006
7.6004,4,7589549263,10848836
7.60292,4,7600398099,2523006
7.61339,4,7602921105,10468424
7.61659,4,7613389529,3204818
7.63784,4,7616594347,21248260
7.64072,3,7516941077,123775942
7.64599,3,7640717019,5272218
7.64851,3,7645989237,2523006
7.65961,3,7648512243,11093836
7.66788,4,7637842607,30033296
7.68103,3,7659606079,21424460
7.68955,4,7667875903,21671460
7.69785,4,7689547363,8301636
7.70039,3,7681030539,19359466
7.71116,3,7700390005,10774830
7.72205,3,7711164835,10884836
7.72458,4,7697848999,26732678
7.7353,3,7722049671,13250830
7.73782,4,7724581677,13241830
7.74345,3,7735300501,8146630
7.75145,4,7737823507,13630248
7.7568,3,7743447131,13350842
7.75965,3,7756797973,2854006
7.76776,3,7759651979,8108818
7.77824,3,7767760797,10479430
7.7813,4,7751453755,29842090
7.78639,3,7778240227,8146630
7.78923,4,7781295845,7936018
7.80034,4,7789231863,11105236
7.80845,4,7800337099,8117624
7.81348,3,7786386857,27093872
7.816,4,7808454723,7549012
7.82713,3,7813480729,13646242
7.83539,4,7816003735,19388872
7.83792,4,7835392607,2523006
7.8433,3,7827126971,16177060
7.8536,3,7843304031,10298224
7.85924,3,7853602255,5632818
7.86758,3,7859235073,8344618
7.87033,4,7837915613,32413290
7.87573,4,7870328903,5397418
7.88375,3,7867579691,16171254
7.90236,3,7883750945,18612642
7.91331,4,7875726321,37581496
7.91629,4,7913307817,2984418
7.92674,4,7916292235,10444618
7.9318,4,7926736853,5062006
7.94251,4,7931798859,10714830
7.95065,4,7942513689,8137630
7.96109,4,7950651319,10441424
7.96712,3,7902363587,64760980
7.98572,4,7961092743,24625878
7.98868,3,7967124567,21554666
7.9912,3,7988679233,2523006
8.00195,4,7985718621,16229042
8.00752,4,8001947663,5573618
8.02082,4,8007521281,13298030
8.03418,4,8020819311,13361030
8.04234,4,8034180341,8155630
8.05299,3,7991202239,61792362
8.05552,4,8042335971,13181636
8.05804,3,8052994601,5046012
8.07094,3,8058040613,12897018
8.07347,3,8070937631,2532006
8.07942,3,8073469637,5955018
8.08762,3,8079424655,8194824
8.09295,3,8087619479,5326218
8.09547,4,8055517607,39951096
8.10914,4,8095468703,13676230
8.11668,3,8092945697,23739248
8.12243,3,8116684945,5745824
8.12495,4,8109144933,15808842
8.12994,4,8124953775,4990006
8.13566,3,8122430769,13232030
8.14089,4,8129943781,10944230
8.14342,4,8140888011,2532006
8.1568,4,8143420017,13379030
8.17039,3,8135662799,34724084
8.17541,3,8170386883,5026006
8.18109,4,8156799047,24287860
8.18362,4,8181086907,2532006
8.19172,3,8175412889,16305648
8.20299,4,8183618913,19369466
8.21377,4,8202988379,10783830
8.22434,4,8213772209,10569430
8.23777,4,8224341639,13429230
8.24329,4,8237770869,5516424
8.24584,4,8243287293,2550006
8.25662,4,8245837299,10780830
8.25936,4,8256618129,2740212
8.26716,4,8259358341,7804224
8.27327,4,8267162565,6103824
8.2812,4,8273266389,7938424
8.28665,4,8281204813,5442418
8.29418,4,8286647231,7531012
8.29672,4,8294178243,2541006
8.30815,3,8191718537,116428148
8.332,4,8296719249,35285702
8.33762,4,8332004951,5614818
8.34016,4,8337619769,2541006
8.34764,4,8340160775,7475006
8.35335,4,8347635781,5710018
8.35587,4,8353345799,2523006
8.36415,4,8355868805,8280830
8.37195,4,8364149635,7797368
8.38001,4,8371947003,8060624
8.41815,3,8308146685,110002450
8.42879,3,8418149135,10640824
8.44392,3,8428789959,15134024
8.44646,3,8443923983,2532006
8.45398,3,8446455989,7522012
8.48243,3,8453978001,28454296
8.48745,3,8482432297,5017006
8.48999,3,8487449303,2541006
8.50331,3,8489990309,13318224
8.51452,3,8503308533,11209230
8.52522,3,8514517763,10705636
8.53301,3,8525223399,7784218
8.53805,3,8533007617,5044006
8.54059,3,8538051623,2541006
8.54908,3,8540592629,8482430
8.55465,3,8549075059,5579424
8.57095,3,8554654483,16300254
8.59244,3,8570954737,21482060
8.59802,3,8592436797,5587818
8.60627,3,8598024615,8247636
8.61193,3,8606272251,5657218
8.61971,3,8611929469,7784218
8.62224,4,8380007627,242229066
8.62793,4,8622236693,5692018
8.63597,3,8619713687,16254454
8.63849,4,8627928711,10562436
8.64409,3,8635968141,8126624
8.64663,4,8638491147,8135624
8.65451,3,8644094765,10414424
8.65703,4,8646626771,10405424
8.65956,3,8654509189,5055012
8.67805,4,8657032195,21021236
8.69477,4,8678053431,16711842
8.70016,4,8694765273,5397418
8.70842,4,8700162691,8256636
8.71929,4,8708419327,10873430
8.72215,4,8719292757,2856412
8.73568,4,8722149169,13530042
8.73844,4,8735679211,2758212
8.74378,3,8659564201,84217440
8.7463,4,8738437423,7867224
8.75712,3,8743781641,13341842
8.75965,4,8746304647,13341842
8.7679,3,8757123483,10771830
8.77565,4,8759646489,16006042
8.77862,3,8767895313,10726830
8.78689,4,8775652531,11242230
8.78942,3,8778622143,10795624
8.79237,3,8789417767,2948418
8.79768,4,8786894761,10788642
8.81906,3,8792366185,26693454
8.82413,3,8819059639,5073012
8.82969,3,8824132651,5560818
8.8379,3,8829693469,8209630
8.84353,3,8837903099,5623624
8.85423,3,8843526723,10703630
8.87288,4,8797683403,75198198
8.87821,3,8854230353,23983660
8.88075,3,8878214013,2532006
8.88643,4,8872881601,13547836
8.88895,3,8880746019,8206424
8.89951,4,8886429437,13080824
8.90203,4,8899510261,2523006
8.91035,4,8902033267,8313830
8.9162,3,8888952443,27245272
8.92155,4,8910347097,11201030
8.92683,4,8921548127,5281218
8.93223,3,8916197715,16029048
8.94014,3,8932226763,7909418
8.94553,3,8940136181,5397418
8.95096,4,8926829345,24128672
8.96949,3,8945533599,23955260
8.98871,3,8969488859,19217460
8.9938,3,8988706319,5091012
9.00968,3,8993797331,15880236
9.01273,4,8950958017,61775362
9.01527,3,9009677567,5587818
9.02623,3,9015265385,10962630
9.03679,3,9026228015,10563624
9.03932,3,9036791639,2532006
9.04186,4,9012733379,29122272
9.05559,3,9039323645,16269642
9.07138,4,9041855651,29526666
9.07432,4,9071382317,2939418
9.07685,3,9055593287,21260454
9.08762,4,9074321735,13294836
9.09045,3,9076853741,13598836
9.10144,3,9090452577,10989036
9.10932,3,9101441613,7876224
9.11493,3,9109317837,5614624
9.13981,3,9114932461,24877684
9.15014,3,9139810145,10334224
9.15267,3,9150144369,2523006
9.15857,3,9152667375,5900224
9.17181,3,9158567599,13243830
9.17714,3,9171811429,5326218
9.18555,3,9177137647,8408836
9.19138,3,9185546483,5838424
9.19932,3,9191384907,7938424
9.20488,3,9199323331,5561424
9.21306,3,9204884755,8173630
9.22116,3,9213058385,8102430
9.22688,3,9221160815,5719418
9.24072,3,9226880233,13843054
9.24326,4,9087616571,155638722
9.25143,4,9243255293,8176824
9.25396,4,9251432117,2523006
9.25648,3,9240723287,15754842
9.26403,4,9253955123,10072018
9.26909,4,9264027141,5064012
9.27499,3,9256478129,18513442
9.27751,4,9269091153,8423424
9.28256,3,9274991571,7567012
9.28762,3,9282558583,5064012
9.30197,4,9277514577,24451860
9.30724,4,9301966437,5272218
9.31264,4,9307238655,5397418
9.32946,4,9312636073,16819454
9.33698,4,9329455527,7529006
9.35842,3,9287622595,70792592
9.36385,4,9336984533,26867266
9.38492,3,9358415187,26507660
9.38791,3,9384922847,2987612
9.39918,3,9387910459,11271842
9.41213,4,9363851799,48276932
9.42309,4,9412128731,10965230
9.42896,4,9423093961,5865424
9.43149,3,9399182301,32309090
9.4416,4,9428959385,12640024
9.44478,4,9441599409,3178012
9.44983,4,9444777421,5055012
9.45824,3,9431491391,26753072
9.46079,4,9449832433,10953036
9.46584,4,9460785469,5055012
9.47158,3,9458244463,13332842
9.47693,4,9465840481,11087236
9.48996,3,9471577305,18381036
9.49283,4,9476927717,15905036
9.49536,3,9489958341,5397418
9.49853,4,9492832753,5692418
9.50858,4,9498525171,10054018
9.51164,3,9495355759,16279242
9.51701,4,9508579189,8435230
9.51977,3,9511635001,8137630
9.53051,3,9519772631,10736424
9.53623,4,9517014419,19220454
9.53879,4,9536234873,2559006
9.54132,3,9530509055,10807830
9.54944,4,9538793879,10642830
9.55481,3,9541316885,13497236
9.56262,4,9549436709,13179630
9.56515,3,9554814121,10334224
9.57577,3,9565148345,10622824
9.57878,3,9575771169,3005612
9.58398,3,9578776781,5207212
9.60009,4,9562616339,37470896
9.61129,4,9600087235,11204830
9.62202,4,9611292065,10732636
9.63567,4,9622024701,13646836
9.65121,4,9635671537,15535630
9.69141,3,9583983993,107422676
9.70509,4,9651207167,53878538
9.71305,4,9705085705,7965424
9.7187,3,9691406669,27295084
9.72122,3,9718701753,2523006
9.72946,3,9721224759,8233824
9.73789,4,9713051129,24838078
9.74587,3,9729458583,16414048
9.75914,4,9737889207,21255060
9.77237,3,9745872631,26492466
9.77746,3,9772365097,5091012
9.78846,3,9777456109,11006424
9.79674,3,9788462533,8274636
9.80795,3,9796737169,11215836
9.8105,3,9807953005,2550006
9.81868,3,9810503011,8176824
9.82676,3,9818679835,8084430
9.83217,3,9826764265,5406418
9.83495,4,9759144267,75802628
9.8433,3,9832170683,11131836
9.84867,4,9834946895,13726042
9.86195,4,9848672937,13280636
9.86483,4,9861953573,2874412
9.87274,4,9864827985,7911424
9.8756,3,9843302519,32293302
9.88349,3,9875595821,7891418
9.88625,3,9883487239,2758212
9.89424,4,9872739409,21501660
9.89967,3,9886245451,13420036
9.90219,3,9899665487,2523006
9.91005,4,9894241069,15809436
9.91257,3,9902188493,10385018
9.91834,3,9912573511,5769218
9.92113,3,9918342729,2785212
9.93431,3,9921127941,13179824
9.94274,3,9934307765,8432630
9.94814,3,9942740395,5397418
9.95066,4,9910050505,40610314
9.95877,3,9948137813,10631630
9.9694,3,9958769443,10629624
9.97502,3,9969399067,5623624
9.97781,3,9975022691,2785212
9.98573,3,9977807903,7920424
9.99118,3,9985728327,5451418
10.0021,3,9991179745,10931842
10.0049,3,10002111587,2776212
10.0074,3,10004887799,2532006
10.0178,4,9950660819,67135004
10.021,3,10007419805,13563030
10.0235,4,10017795823,5710018
10.0314,3,10020982835,10414424
10.0365,4,10023505841,12964430
10.0396,3,10031397259,8200824
10.0474,4,10036470271,10971824
10.0525,3,10039598083,12899024
10.0558,4,10047442095,8319224
10.0583,3,10052497107,5787218
10.0666,3,10058284325,8274636
10.0719,3,10066558961,5359412
10.0744,4,10055761319,18680060
10.0773,3,10071918373,5424418
10.0855,4,10074441379,11030042
10.088,3,10077342791,10651636
10.0934,3,10087994427,5406418
10.0959,4,10085471421,10452430
10.0984,4,10095923851,2523006
10.1041,3,10093400845,10735830
10.1116,4,10098446857,13202830
10.1303,4,10111649687,18697036
10.1415,4,10130346723,11113242
10.1447,4,10141459965,3205412
10.1663,3,10104136675,62149368
10.1742,4,10144665377,29532090
10.1796,4,10174197467,5388418
10.1821,3,10166286043,15822848
10.195,4,10179585885,15431430
10.1975,3,10182108891,15431430
10.2001,4,10195017315,5046012
10.2138,4,10200063327,13694630
10.2166,4,10213757957,2845006
10.2246,4,10216602963,8024624
10.2297,3,10197540321,32158272
10.2329,4,10224627587,8240018
10.2409,3,10229698593,11163442
10.2459,4,10232867605,12993436
10.2597,3,10240862035,18845242
10.2626,4,10245861041,16729648
10.2653,4,10262590689,2758212
10.2761,4,10265348901,10759636
10.2839,4,10276108537,7820218
10.289,3,10259707277,29265484
10.2923,4,10283928755,8335024
10.3023,4,10292263779,10072018
10.3135,3,10288972761,24552466
10.3243,3,10313525227,10727424
10.3272,4,10302335797,24827266
10.3352,4,10327163063,8006624
10.3407,3,10324252651,16431454
10.3516,4,10335169687,16430042
10.3543,3,10340684105,13664836
10.3569,4,10351599729,5281218
10.3669,3,10354348941,12539018
10.3694,4,10356880947,12539018
10.3727,3,10366887959,5832218
10.3802,4,10369419965,10822224
10.3912,4,10380242189,10909224
10.4015,4,10391151413,10334224
10.4126,4,10401485637,11131242
10.4155,4,10412616879,2847412
10.4208,4,10415464291,5339012
10.4309,4,10420803303,10099018
10.4504,4,10430902321,19502266
10.4616,4,10450404587,11195830
10.4742,4,10461600417,12575018
10.4767,3,10372720177,103996264
10.4792,3,10476716441,2523006
10.4929,4,10474175435,18702430
10.5004,4,10492877865,7549012
10.5055,4,10500426877,5064012
10.5087,3,10479239447,29506654
10.5218,4,10505490889,16325030
10.5351,4,10521815919,13268430
10.5476,3,10508746101,38902260
10.5581,3,10547648361,10430024
10.5646,4,10535084349,29469860
10.5804,3,10558078385,22300660
10.5829,3,10580379045,2541006
10.5884,4,10564554209,23811454
10.5962,4,10588365663,7873418
10.5988,3,10582920051,15860036
10.6046,3,10598780087,5787024
10.6096,4,10596239081,13345036
10.6146,3,10604567111,10016012
10.6202,4,10609584117,10664024
10.6259,4,10620248141,5621218
10.661,3,10614583123,46407714
10.666,3,10660990837,5026006
10.6772,3,10666016843,11149242
10.7007,3,10677166085,23504854
10.7093,3,10700670939,8676436
10.7394,3,10709347375,30008084
10.75,3,10739355459,10607436
10.7554,3,10749962895,5424418
10.7639,3,10755387313,8495630
10.7714,3,10763882943,7558012
10.774,3,10771440955,2523006
10.7765,3,10773963961,2523006
10.7877,3,10776486967,11180230
10.793,3,10787667197,5326218
10.8362,3,10792993415,43183114
10.8468,3,10836176529,10602624
10.8522,4,10625869359,226316212
10.86,3,10846779153,13270836
10.879,3,10860049989,18951042
10.8975,4,10852185571,45326702
10.9005,4,10897512273,2978612
10.9086,3,10879001031,29627484
10.914,3,10908628515,5388418
10.927,3,10914016933,12964430
10.93,4,10900490885,29460090
10.9328,3,10926981363,5814618
10.9437,3,10932795981,10925024
10.9568,3,10943721005,13109830
10.9678,3,10956830835,10947436
10.9708,4,10929950975,40823908
10.9761,3,10967778271,8286830
10.9842,3,10976065101,8146630
10.987,4,10970774883,16195060
10.9923,3,10984211731,8057430
11.0005,3,10992269161,8262830
11.0031,3,11000531991,2523006
11.0056,4,10986969943,18608060
11.0084,3,11003054997,5370418
11.0218,4,11005578003,16235442
11.0272,3,11008425415,18741248
11.0353,3,11027166663,8130418
11.0382,3,11035297081,2892412
11.0432,3,11038189493,4999006
11.0516,3,11043188499,8382030
11.0566,3,11051570529,5064012
11.0595,4,11021813445,37677508
11.0679,3,11056634541,11233036
11.0704,4,11059490953,10917630
11.0733,3,11067867577,5406418
11.0787,4,11070408583,8244830
11.089,3,11073273995,15713642
11.0915,4,11078653413,12866230
11.1025,3,11088987637,13553242
11.1051,4,11091519643,13544242
11.1105,4,11105063885,5413412
11.113,3,11102540879,10459424
11.1213,4,11110477297,10854036
11.1239,3,11113000303,10854036
11.1267,3,11123854339,2856412
11.1322,4,11121331333,10895842
11.1348,3,11126710751,8075430
11.1431,3,11134786181,8299618
11.1486,3,11143085799,5552424
11.1568,3,11148638223,8144624
11.1593,4,11132227175,27087678
11.1697,3,11156782847,12944024
11.1729,4,11159314853,13554030
11.1756,4,11172868883,2767212
11.181,4,11175636095,5406418
11.2233,4,11181042513,42254690
11.2341,4,11223297203,10818836
11.2366,4,11234116039,2532006
11.2643,4,11236648045,27626096
11.2753,4,11264274141,11043636
11.2832,4,11275317777,7927418
11.2964,4,11283245195,13172830
11.3014,4,11296418025,5026006
11.3099,4,11301444031,8423424
11.3286,4,11309867455,18725060
11.3393,4,11328592515,10658824
11.3424,4,11339251339,3160412
11.3582,4,11342411751,15740836
11.3635,4,11358152587,5388418
11.369,4,11363541005,5415418
11.3772,4,11368956423,8278424
11.3826,4,11377234847,5388418
11.4065,4,11382623265,23845254
11.4176,4,11406468519,11116436
11.4226,4,11417584955,5017006
11.4307,4,11422601961,8081818
11.4386,4,11430683779,7965424
11.4468,3,11169726871,277090750
11.4628,4,11438649203,24127454
11.4847,4,11462776657,21874854
11.49,4,11484651511,5397418
11.4951,4,11490048929,5017006
11.4976,3,11446817621,50771320
11.5109,3,11497588941,13343030
11.5135,4,11495065935,18416042
11.516,4,11513481977,2523006
11.5322,4,11516004983,16224236
11.5404,3,11510931971,29441872
11.5457,3,11540373843,5317218
11.5568,3,11545691061,11099636
11.5597,3,11556790697,2865412
11.5706,3,11559656109,10911836
11.5813,3,11570567945,10781424
11.5895,3,11581349369,8126624
11.6032,3,11589475993,13715048
11.6087,3,11603191041,5507424
11.6659,3,11608698465,57179986
11.676,3,11665878451,10088012
11.6874,3,11675966463,11408436
11.6899,3,11687374899,2532006
11.6953,3,11689906905,5436612
11.7008,3,11695343517,5498424
11.7092,3,11700841941,8310636
11.7119,3,11709152577,2758212
11.72,3,11711910789,8066430
11.7281,3,11719977219,8120430
11.7852,3,11728097649,57067968
11.7961,3,11785165617,10917036
11.8014,3,11796082653,5299218
11.8068,4,11532229219,274615076
11.8148,4,11806844295,7986618
11.8256,4,11814830913,10723636
11.8284,3,11801381871,27020090
11.8335,4,11825554549,7929424
11.8417,4,11833483973,8221824
11.8621,4,11841705797,20388018
11.8737,4,11862093815,11558636
11.8955,4,11873652451,21806466
11.9084,3,11828401961,80003386
11.9195,3,11908405347,11054042
11.9249,4,11895458917,29475090
11.9408,4,11924934007,15821642
11.9538,4,11940755649,13012624
11.9566,3,11919459389,37171890
11.9592,4,11953768273,5386012
11.9704,3,11956631279,13793842
11.9732,4,11959154285,14038048
11.9782,3,11970425121,7757218
12,3,11978182339,21805666
12.0028,3,11999988005,2847412
12.0084,3,12002835417,5516424
12.0165,3,12008351841,8102430
12.019,4,11973192333,45784944
12.0244,3,12016454271,7902424
12.0298,4,12018977277,10794836
12.0354,3,12024356695,11057042
12.0405,4,12029772113,10732636
12.0461,3,12035413737,10714636
12.0511,4,12040504749,10640630
12.0537,3,12046128373,7540012
12.0622,3,12053668385,8555024
12.0648,4,12051145379,13619036
12.0704,3,12062223409,8155630
12.0812,3,12070379039,10857836
12.0866,3,12081236875,5326218
12.0973,4,12064764415,32494594
12.1055,4,12097259009,8230824
12.1111,4,12105489833,5659624
12.1193,4,12111149457,8117624
12.1325,4,12119267081,13190636
12.135,4,12132457717,2532006
12.1379,4,12134989723,2951612
12.1459,4,12137941335,7956424
12.1513,4,12145897759,5433418
12.1626,4,12151331177,11253842
12.1651,4,12162585019,2523006
12.1788,4,12165108025,13715048
12.2062,4,12178823073,27410078
12.2088,4,12206233151,2523006
12.2304,4,12208756157,21653472
12.2354,4,12230409629,5017006
12.246,4,12235426635,10613824
12.249,4,12246040459,2978612
12.2596,4,12249019071,10593624
12.2652,3,12086563093,178670820
12.2735,4,12259612695,13863048
12.2788,4,12273475743,5308218
12.2896,3,12265233913,24407884
12.3059,3,12289641797,16283042
12.3114,3,12305924839,5442418
12.3143,3,12311367257,2957418
12.3194,3,12314324675,5064012
12.3222,3,12319388687,2856412
12.3304,4,12278783961,51596762
12.3329,3,12322245099,10667630
12.349,4,12330380723,18647042
12.3619,4,12349027765,12825418
12.3705,4,12361853183,8686224
12.3811,4,12370539407,10533430
12.3836,3,12332912729,50701114
12.3894,3,12383613843,5805024
12.4003,3,12389418867,10926630
12.4079,4,12381072837,26821672
12.4104,3,12400345497,10072018
12.4192,4,12407894509,11339448
12.4218,3,12410417515,11348448
12.4324,3,12421765963,10593624
12.4374,3,12432359587,5071006
12.4484,3,12437430593,10932036
12.4539,3,12448362629,5501618
12.4614,3,12453864247,7495006
12.4639,4,12419233957,44648302
12.4699,4,12463882259,5987018
12.4726,4,12469869277,2749212
12.4779,4,12472618489,5308218
12.491,3,12461359253,29598078
12.5049,4,12477926707,27007866
12.5235,3,12490957331,32584484
12.529,4,12504934573,24099860
12.5344,3,12523541815,10890036
12.5398,3,12534431851,5397418
12.5478,3,12539829269,7938424
12.5532,4,12529034433,24121678
12.5667,3,12547767693,18934454
12.5774,4,12553156111,24235460
12.5884,4,12577391571,11001036
12.5939,4,12588392607,5543424
12.599,4,12593936031,5017006
12.617,4,12598953037,18033030
12.6476,3,12566702147,80890016
12.6556,3,12647592163,7983424
12.6664,3,12655575587,10851642
12.6714,3,12666427229,4999006
12.6878,3,12671426235,16330436
12.696,3,12687756671,8289830
12.7149,3,12696046501,18865854
12.7204,3,12714912355,5463612
12.7313,3,12720375967,10926036
12.7366,3,12731302003,5290218
12.7445,3,12736592221,7956424
12.7556,3,12744548645,11064036
12.7775,3,12755612681,21910466
12.78,3,12777523147,2523006
12.791,3,12780046153,10940842
12.7935,3,12790986995,2541006
12.8043,3,12793528001,10756830
12.8179,3,12804284831,13570024
12.8232,3,12817854855,5299218
12.8314,3,12823154073,8286830
12.8368,3,12831440903,5397418
12.8444,3,12836838321,7533012
12.85,3,12844371333,5632818
12.8611,3,12850004151,11048842
12.8908,3,12861052993,29783890
12.8937,3,12890836883,2847412
12.9043,3,12893684295,10569430
12.918,3,12904253725,13704030
12.9288,3,12917957755,10818836
12.9371,3,12928776591,8301636
12.9479,3,12937078227,10830836
12.9692,4,12616986067,352216256
12.9805,3,12947909063,32598302
12.9833,4,12969202323,14054254
12.9937,4,12983256577,10423424
13.002,4,12993680001,8316830
13.0045,3,12980507365,24012472
13.0183,4,13001996831,16351048
13.0239,3,13004519837,19398466
13.0314,4,13018347879,13063430
13.0365,4,13031411309,5044006
13.0449,3,13023918303,20951436
13.0474,4,13036455315,10937430
13.0528,3,13044869739,7920424
13.0553,4,13047392745,7929424
13.0629,4,13055322169,7549012
13.066,3,13052790163,13259030
13.0686,4,13062871181,5701018
13.0736,3,13066049193,7522012
13.0761,4,13068572199,7522012
13.0811,4,13076094211,5008006
13.0874,4,13081102217,6258418
13.0926,4,13087360635,5272218
13.125,4,13092632853,32337278
13.1304,4,13124970131,5442418
13.1485,3,13073571205,74941786
13.1545,3,13148512991,5977424
13.1598,4,13130412549,29350084
13.1677,4,13159762633,7965424
13.1703,3,13154490415,15769648
13.1787,3,13170260063,8468036
13.184,4,13167728057,16243254
13.1923,3,13178728099,13604642
13.1952,3,13192332741,2856412
13.2028,3,13195189153,7567012
13.2114,3,13202756165,8599236
13.217,4,13183971311,32996308
13.2278,3,13211355401,16477048
13.2306,3,13227832449,2758212
13.2414,3,13230590661,10780830
13.249,4,13216967619,32008890
13.2519,3,13241371491,10565630
13.276,4,13248976509,27037272
13.2894,4,13276013781,13423442
13.3001,4,13289437223,10708830
13.3027,4,13300146053,2523006
13.3163,4,13302669059,13678636
13.3222,4,13316347695,5883424
13.3383,4,13322231119,16090042
13.3487,4,13338321161,10405424
13.3594,4,13348726585,10658630
13.3623,4,13359385215,2951612
13.3734,4,13362336827,11050848
13.3759,3,13251937121,124000560
13.3896,3,13375937681,13672322
13.4027,3,13389610003,13107824
13.4162,4,13373387675,42840188
13.4297,3,13402717827,27022672
13.4404,3,13429740499,10640824
13.4486,4,13416227863,32407290
13.4514,3,13440381323,11039042
13.4619,4,13448635153,13246642
13.4644,3,13451420365,12993436
13.4674,3,13464413801,3023612
13.4778,3,13467437413,10376418
13.4803,4,13461881795,18455042
13.4829,3,13477813831,5046012
13.4859,3,13482859843,3046812
13.4914,3,13485906655,5498424
13.4942,4,13480336837,13904248
13.5022,4,13494241085,7932618
13.505,4,13502173703,2785212
13.5077,3,13491405079,16294048
13.5299,3,13507699127,22181672
13.5352,3,13529880799,5317218
13.5379,4,13504958915,32988314
13.5455,4,13537947229,7513012
13.5485,4,13545460241,3082812
13.5536,3,13535198017,18409048
13.5566,3,13553607065,2960612
13.5644,4,13548543053,15846848
13.5673,4,13564389901,2910412
13.5748,4,13567300313,7466006
13.5882,4,13574766319,13408230
13.591,3,13556567677,34463284
13.5936,4,13588174549,5388418
13.6014,4,13593562967,7880012
13.604,3,13591030961,12935024
13.6097,3,13603965985,5722212
13.6122,4,13601442979,10768224
13.6201,3,13609688197,10432424
13.626,3,13620120621,5927818
13.6286,4,13612211203,16360242
13.6395,4,13628571445,10893836
13.6423,4,13639465281,2794212
13.653,4,13642259493,10753830
13.6555,4,13653013323,2523006
13.6584,4,13655536329,2847412
13.6663,3,13626048439,40291726
13.6717,4,13658383741,13344842
13.6825,3,13666340165,16142248
13.6878,3,13682482413,5299218
13.6906,3,13687781631,2812212
13.7015,4,13671728583,29734078
13.712,3,13690593843,21453442
13.7148,3,13712047285,2740212
13.7173,4,13701462661,15847842
13.7198,4,13717310503,2523006
13.7228,4,13719833509,2951612
13.7545,3,13714787497,39711666
13.7599,3,13754499163,5379418
13.776,4,13722785121,53203508
13.7894,4,13775988629,13371842
13.7973,4,13789360471,7909418
13.8033,4,13797269889,6002818
13.8058,3,13759878581,45917132
13.8139,3,13805795713,8137630
13.829,4,13803272707,25747654
13.8319,4,13829020361,2836006
13.8344,3,13813933343,20464030
13.8403,3,13834397373,5937018
13.8594,4,13831856367,27581490
13.8624,3,13840334391,22087884
13.8649,4,13859437857,5507424
13.8868,3,13862422275,24364678
13.8918,4,13864945281,26896684
13.9028,3,13886786953,16026648
13.9248,3,13902813601,21960872
13.9384,3,13924774473,13592836
13.9412,3,13938367309,2865412
13.962,3,13941232721,20735636
13.9705,3,13961968357,8545430
13.9784,3,13970513787,7840224
13.9999,3,13978354011,21555660
14.0026,3,13999909671,2740212
14.0111,3,14002649883,8421624
14.0136,3,14011071507,2523006
14.0218,3,14013594513,8248824
14.0349,4,13891841965,143026796
14.046,3,14021843337,24187454
14.0543,3,14046030791,8230824
14.0622,4,14034868761,27358278
14.0672,3,14054261615,12964430
14.0779,3,14067226045,10718024
14.0911,4,14062227039,28882860
14.094,3,14077944069,16013242
14.0965,4,14091109899,5379418
14.1019,3,14093957311,7920424
14.1046,4,14096489317,8137630
14.1131,3,14101877735,11253842
14.1157,4,14104626947,11027636
14.1318,4,14115654583,16120236
14.1535,4,14131774819,21680654
14.1588,4,14153455473,5308218
14.1719,3,14113131577,58784938
14.1803,3,14171916515,8399836
14.1965,4,14158763691,37707708
14.2018,3,14180316351,21496460
14.2046,4,14196471399,8117624
14.2178,4,14204589023,13221424
14.2204,4,14217810447,2541006
14.2315,3,14201812811,29682078
14.2342,4,14220351453,13892648
14.2452,4,14234244101,10971630
14.248,3,14231494889,16470054
14.2507,3,14247964943,2776212
14.2588,4,14245215731,13550048
14.2643,3,14250741155,13532048
14.2668,4,14258765779,8057430
14.2694,3,14264273203,5100012
14.2804,3,14269373215,10980036
14.2934,3,14280353251,13077630
14.3014,3,14293430881,7936418
14.3039,4,14266823209,37067096
14.3261,4,14303890305,22163072
14.3311,4,14326053377,5044006
14.3394,3,14301367299,38070114
14.3448,4,14331097383,13708042
14.3477,3,14339437413,8224424
14.3502,4,14344805425,5388418
14.3584,4,14350193843,8253830
14.3637,3,14347661837,16076054
14.3666,4,14358447673,8173630
14.3799,3,14363737891,16147236
14.3824,3,14379885127,2541006
14.3878,4,14366621303,21175248
14.3959,4,14387796551,8108624
14.4013,3,14382426133,18894460
14.4205,3,14401320593,19184454
14.4258,4,14395905175,29926090
14.4338,3,14420505047,13323842
14.4366,4,14425831265,10746836
14.4443,3,14433828889,10515430
14.4472,3,14444344319,2836006
14.4584,3,14447180325,11253248
14.461,3,14458433573,2532006
14.4689,4,14436578101,32352902
14.4769,3,14460965579,15952042
14.488,3,14476917621,11054042
14.4983,3,14487971663,10298224
14.5039,3,14498269887,5650818
14.514,3,14503920705,10117018
14.5169,3,14514037723,2845006
14.5362,4,14468931003,67316986
14.539,3,14516882729,22114472
14.5415,3,14538997201,2532006
14.5441,4,14536247989,7804224
14.5579,3,14541529207,16387426
14.5605,3,14557916633,2550006
14.5744,3,14560466639,13932254
14.5772,3,14574398893,2785212
14.5878,3,14577184105,10658630
14.5986,3,14587842735,10723636
14.6068,3,14598566371,8242824
14.6118,3,14606809195,5017006
14.6259,3,14611826201,14108248
14.6335,3,14625934449,7522012
14.6878,3,14633456461,54326144
14.6934,3,14687782605,5614624
14.7013,3,14693397229,7858224
14.7097,3,14701255453,8444836
14.7366,3,14709700289,26890484
14.7631,3,14736590773,26487448
14.7744,3,14763078221,11277636
14.7848,3,14774355857,10432424
14.7877,3,14784788281,2892412
14.7957,3,14787680693,8030430
14.8014,3,14795711123,5695624
14.812,3,14801406747,10598436
14.8278,3,14812005183,15796430
14.8387,3,14827801613,10878230
14.8442,3,14838679843,5483618
14.8524,3,14844163461,8233824
14.8607,3,14852397285,8341424
14.8708,3,14860738709,10070012
14.996,4,14544052213,451903892
15.0386,4,14995956105,42642496
15.0411,4,15038598601,2523006
15.0512,4,15041121607,10054018
15.0641,4,15051175625,12962024
15.0667,4,15064137649,2532006
15.0706,4,15066669655,3935012
15.0814,4,15070604667,10821836
15.084,4,15081426503,2559006
15.0948,4,15083985509,10776836
15.0975,4,15094762345,2785212
15.1083,4,15097547557,10708830
15.1108,4,15108256387,2568006
15.1212,4,15110824393,10414424
15.1435,4,15121238817,22244066
15.1569,4,15143482883,13389842
15.1706,4,15156872725,13737036
15.181,4,15170609761,10343224
15.1921,4,15180952985,11152242
15.2,4,15192105227,7893424
15.205,4,15199998651,5026006
15.27,4,15205024657,65007962
15.2755,4,15270032619,5424418
15.286,4,15275457037,10545624
15.2888,4,15286002661,2785212
15.2995,4,15288787873,10735830
15.332,4,15299523703,32467108
15.3429,4,15331990811,10873430
15.3645,4,15342864241,21644666
15.3784,4,15364508907,13914242
15.3891,4,15378423149,10723636
15.402,4,15389146785,12884230
15.4215,4,15402031015,19452066
15.4296,4,15421483081,8128630
15.4321,4,15429611711,2523006
15.4381,4,15432134717,5963624
15.4464,4,15438098341,8256636
15.4517,4,15446354977,5326218
15.4623,4,15451681195,10604824
15.4762,4,15462286019,13929848
15.484,4,15476215867,7784218
15.4898,4,15484000085,5772824
15.4977,4,15489772909,7959618
15.5033,4,15497732527,5543424
15.5138,4,15503275951,10515430
15.5166,4,15513791381,2847412
15.5244,4,15516638793,7775218
15.5295,4,15524414011,5073012
15.538,4,15529487023,8480230
15.5601,4,15537967253,22112478
15.5874,4,15560079731,27286084
15.6055,4,15587365815,18101630
15.6167,4,15605467445,11197242
15.6276,4,15616664687,10940842
15.6377,4,15627605529,10070012
15.7331,4,15637675541,95437094
15.7414,4,15733112635,8241830
15.7526,4,15741354465,11271842
15.7579,4,15752626307,5308218
15.7774,4,15757934525,19470466
15.7855,4,15777404991,8119630
15.7881,4,15785524621,2532006
15.7934,4,15788056627,5299218
15.8017,4,15793355845,8307830
15.8072,4,15801663675,5534424
15.8154,4,15807198099,8164630
15.8179,3,14870808721,947077014
15.8504,4,15815362729,35046296
15.8558,4,15850409025,5388418
15.8583,4,15855797443,2532006
15.8666,3,15817885735,48706544
15.8691,4,15858329449,10794836
15.8746,3,15866592279,7965424
15.8823,3,15874557703,7779012
15.9358,3,15882336715,53491926
15.9409,3,15935828641,5055012
15.9934,4,15869124285,124239730
16.0692,4,15993364015,75850034
16.1153,4,16069214049,46081138
16.1288,4,16115295187,13533042
16.1314,4,16128828229,2541006
16.1424,4,16131369235,11048236
16.15,4,16142417471,7614018
16.1863,4,16150031489,36223920
16.1918,4,16186255409,5516424
16.1998,3,15940883653,258912804
16.213,4,16191771833,21272454
16.2156,4,16213044287,2532006
16.2212,3,16199796457,21403460
16.2293,4,16215576293,13770254
16.2319,4,16229346547,2577006
16.2373,4,16231923553,5368412
16.248,4,16237291965,10724824
16.2592,4,16248016789,11137642
16.2619,4,16259154431,2794212
16.2726,4,16261948643,10679824
16.2972,4,16272628467,24603672
16.308,4,16297232139,10756830
16.3105,3,16221199917,89321058
16.3212,3,16310520975,10711830
16.324,3,16321232805,2794212
16.343,3,16324027017,18949260
16.3536,3,16342976277,10640630
16.3646,4,16307988969,56590568
16.3703,4,16364579537,5718824
16.3756,3,16353616907,21953672
16.3781,4,16370298361,7795224
16.3946,4,16378093585,16507242
16.4028,3,16375570579,27185878
16.4081,3,16402756457,5299218
16.424,3,16408055675,15933030
16.4269,3,16423988705,2865412
16.4432,4,16394600827,48607544
16.4538,3,16426854117,26976884
16.4625,3,16453831001,8650636
16.4865,3,16462481637,24046660
16.4948,3,16486528297,8233424
16.5083,3,16494761721,13524236
16.5296,4,16443208371,86440040
16.5534,3,16508285957,45143908
16.5647,3,16553429865,11262842
16.5725,3,16564692707,7840224
16.5783,3,16572532931,5754824
16.5893,3,16578287755,11039842
16.5946,3,16589327597,5281218
16.6003,3,16594608815,5701418
16.6057,3,16600310233,5415418
16.6083,3,16605725651,2550006
16.6165,3,16608275657,8194824
16.6272,3,16616470481,10741636
16.63,4,16529648411,100339918
16.64,3,16627212117,12810224
16.6426,4,16629988329,12575018
16.6457,3,16640022341,5692018
16.6482,4,16642563347,5683018
16.6536,4,16648246365,5379418
16.6619,3,16645714359,16201254
16.6647,4,16653625783,11048042
16.6705,3,16661915613,8587636
16.6786,4,16664673825,13877854
16.6999,3,16670503249,29370278
16.7055,3,16699873527,5614818
16.7163,3,16705488345,10830836
16.7353,4,16678551679,56787962
16.7596,4,16735339641,24283678
16.7708,4,16759623319,11188842
16.7733,3,16716319181,57024986
16.7841,3,16773344167,10747830
16.7869,4,16770812161,16038048
16.7894,4,16786850209,2523006
16.7922,3,16784091997,8128630
16.8035,4,16789373215,14110254
16.806,3,16792220627,13785848
16.8089,3,16806006475,2901412
16.8117,4,16803483469,8182630
16.8197,3,16808907887,10779642
16.8222,3,16819687529,2523006
16.8277,3,16822210535,5483618
16.8302,4,16811666099,18569060
16.8328,3,16827694153,5064012
16.8461,3,16832758165,13319830
16.8592,4,16830235159,28950660
16.8701,4,16859185819,10962036
16.8733,4,16870147855,3187412
16.8811,4,16873335267,7775218
16.8862,4,16881110485,5091012
16.8895,3,16846077995,43378520
16.8998,3,16889456515,10367418
16.903,4,16886201497,16827848
16.9111,4,16903029345,8072624
16.9136,3,16899823933,13819042
16.9193,4,16911101969,8227630
16.9299,4,16919329599,10604630
16.9433,3,16913642975,29661090
16.9513,3,16943304065,8030430
16.9542,4,16929934229,24265678
16.9596,3,16951334495,8253830
16.9699,3,16959588325,10296218
16.9752,3,16969884543,5339012
17.0132,3,16975223555,37927296
17.0216,4,16954199907,67386174
17.0266,4,17021586081,5035006
17.0292,3,17013150851,16011242
17.0373,3,17029162093,8132018
17.0428,4,17026621087,16207448
17.0454,3,17037294111,8084430
17.0536,3,17045378541,8218630
17.059,4,17042828535,16184054
17.0615,3,17053597171,7947424
17.078,3,17061544595,16452242
17.1022,4,17059012589,43235920
17.1132,4,17102248509,10962830
17.1315,3,17077996837,53523150
17.1346,3,17131519987,3046812
17.1396,3,17134566799,4990006
17.1611,3,17139556805,21505848
17.1717,3,17161062653,10601630
17.1745,3,17171664283,2847412
17.1936,3,17174511695,19039248
17.2523,3,17193550943,58787750
17.2574,4,17113211339,144218366
17.2605,3,17252338693,8137824
17.2683,4,17257429705,10822030
17.2738,3,17260476517,13363036
17.2766,3,17273839553,2758212
17.2794,3,17276597765,2758212
17.2901,3,17279355977,10790424
17.2956,3,17290146401,5492618
17.2982,4,17268251735,29937290
17.3011,3,17295639019,5415418
17.3065,4,17298189025,8271830
17.3147,3,17301054437,13619836
17.3172,4,17306460855,10754424
17.3201,3,17314674273,5397418
17.3255,3,17320071691,5406418
17.3308,4,17317215279,13553048
17.3358,3,17325478109,10334224
17.3383,4,17330768327,7567012
17.344,3,17335812333,8224024
17.3516,3,17344036357,7520006
17.3574,3,17351556363,5868024
17.3599,4,17338335339,21612054
17.3681,3,17357424387,10678636
17.3706,3,17368103023,2541006
17.3761,4,17359947393,16180254
17.3812,4,17376127647,5053006
17.389,4,17381180653,7862012
17.3974,3,17370644029,26801860
17.4031,3,17397445889,5650624
17.4085,3,17403096513,5388418
17.4138,3,17408484931,5290218
17.4166,4,17389042665,27568490
17.4195,4,17416611155,2847412
17.4249,4,17419458567,5406418
17.4301,3,17413775149,16362054
17.4327,4,17424864985,7804224
17.4408,4,17432669209,8122818
17.457,4,17440792027,16161048
17.465,4,17456953075,8013618
17.4731,3,17430137203,43012120
17.4781,4,17464966693,13181636
17.4832,4,17478148329,5008006
17.486,3,17473149323,12843018
17.4918,3,17485992341,5814218
17.4943,3,17491806559,2532006
17.4993,4,17483156335,16172236
17.5185,3,17494338565,24111648
17.5238,3,17518450213,5397418
17.5264,3,17523847631,2523006
17.5349,3,17526370637,8531036
17.5404,3,17534901673,5498424
17.5455,3,17540400097,5073012
17.5643,4,17499328571,64989986
17.5752,4,17564318557,10848836
17.586,4,17575167393,10821836
17.5916,4,17585989229,5654412
17.6132,4,17591643641,21546272
17.6186,4,17613189913,5388418
17.6239,4,17618578331,5366006
17.64,3,17545473109,94572664
17.6556,4,17623944337,31622254
17.6666,3,17640045773,26527854
17.672,4,17655566591,16431454
17.6803,4,17671998045,8263630
17.6853,4,17680261675,5073012
17.6939,4,17685334687,8525824
17.6967,3,17666573627,30152296
17.6992,3,17696725923,2523006
17.7018,4,17693860511,7911424
17.71,4,17701771935,8241830
17.715,3,17699248929,15763842
17.718,4,17710013765,8004618
17.7208,3,17715012771,5763824
17.7318,4,17718018383,13785848
17.7345,3,17720776595,13767848
17.7373,4,17731804231,5543424
17.7507,3,17734544443,16137242
17.7611,3,17750681685,10450424
17.777,3,17761132109,15887036
17.7958,3,17777019145,18765048
17.8068,4,17737347655,69493774
17.8171,3,17795784193,21335454
17.8607,4,17806841429,53842744
17.8712,3,17817119647,54092150
17.8741,3,17871211797,2847412
17.893,3,17874059209,18985260
17.9013,4,17860684173,40566720
17.9041,4,17901250893,2874412
17.9095,3,17893044469,16505254
17.9175,4,17904125305,13344842
17.9202,3,17909549723,10687636
17.9339,4,17917470147,16435242
17.9689,4,17933905389,34988108
17.9718,4,17968893497,2865412
17.9768,4,17971758909,5055012
18.0043,4,17976813921,27522090
18.0069,4,18004336011,2523006
18.0124,4,18006859017,5560818
18.0233,4,18012419835,10911836
18.0475,4,18023331671,24130266
18.0525,4,18047461937,5073012
18.0635,3,17920237359,143309826
18.0664,4,18052534949,13868648
18.0689,4,18066403597,2523006
18.0769,4,18068926603,7929424
18.0844,3,18063547185,20839854
18.136,4,18076856027,59154138
18.1469,4,18136010165,10861030
18.1575,4,18146871195,10598436
18.1603,4,18157469631,2865412
18.1712,4,18160335043,10830836
18.1739,3,18084387039,89555052
18.1815,3,18173942091,7513012
18.1899,3,18181455103,8403030
18.1977,4,18171165879,26494472
18.2089,4,18197660351,11200036
18.2114,4,18208860387,2532006
18.2196,3,18189858133,29788090
18.225,4,18211392393,13642248
18.2278,3,18219646223,8173630
18.2303,3,18227819853,2523006
18.2389,4,18225034641,13868854
18.2443,4,18238903495,5370418
18.2547,4,18244273913,10383412
18.2597,3,18230342859,29378478
18.2622,4,18254657325,7587018
18.2786,3,18259721337,18849436
18.2917,4,18262244343,29472260
18.3018,4,18291716603,10070012
18.3183,3,18278570773,39719478
18.3258,3,18318290251,7531012
18.3283,4,18301786615,26557654
18.3315,3,18325821263,5656018
18.3482,4,18328344269,19806266
18.3589,4,18348150535,10741636
18.369,4,18358892171,10081012
18.3803,4,18368973183,11321642
18.4531,4,18380294825,72841992
18.4557,4,18453136817,2523006
18.4613,3,18331477281,129797166
18.4719,3,18461274447,10667630
18.48,3,18471942077,8093430
18.4855,4,18455659823,29886302
18.4908,3,18480035507,10809836
18.499,4,18485546125,13472848
18.51,3,18490845343,19154260
18.5155,3,18509999603,5519618
18.5183,3,18515519221,2740212
18.5208,4,18499018973,21772466
18.5316,3,18518259433,13344842
18.553,3,18531604275,21381242
18.5612,3,18552985517,8244830
18.5668,3,18561230347,5543424
18.572,4,18520791439,51254550
18.5771,3,18566773771,10280224
18.6042,4,18572045989,32173284
18.6095,3,18577053995,32464496
18.6206,4,18604219273,16378242
18.6231,4,18620597515,2532006
18.6339,3,18609518491,24406666
18.6368,3,18633925157,2910412
18.6476,4,18623129521,24472672
18.6505,3,18636835569,13623036
18.653,3,18650458605,2541006
18.6583,4,18647602193,10660636
18.6692,4,18658262829,10974036
18.6718,4,18669236865,2532006
18.6772,4,18671768871,5388418
18.6799,4,18677157289,2767212
18.6853,4,18679924501,5379418
18.6881,3,18652999611,35071520
18.6935,3,18688071131,5433418
18.6988,3,18693504549,5332412
18.7069,3,18698836961,8093430
18.729,4,18685303919,43664944
18.7558,3,18706930391,48828332
18.7586,3,18755758723,2883412
18.7694,3,18758642135,10714636
18.7719,4,18728968863,42910914
18.7774,4,18771879777,5492618
18.7828,3,18769356771,13413042
18.7883,4,18777372395,10877842
18.7935,3,18782769813,10723636
18.8097,3,18793493449,16229054
18.8126,4,18788250237,24328678
18.8208,3,18809722503,11087836
18.8262,4,18812578915,13572836
18.8315,3,18820810339,10640630
18.8343,4,18826151751,8155630
18.8418,4,18834307381,7522012
18.8468,4,18841829393,5017006
18.8557,3,18831450969,24287854
18.8745,3,18855738823,18793254
18.8988,3,18874532077,24254672
18.9042,4,18846846399,57319768
18.926,3,18898786749,27206884
18.9441,3,18925993633,18078636
18.9491,4,18904166167,44941108
18.9581,4,18949107275,8945624
18.9635,3,18944072269,19387048
18.9792,3,18963459317,15764030
18.9872,4,18958052899,29177072
18.9925,3,18979223347,13323842
18.9951,4,18987229971,7840224
19.0029,4,18995070195,7873418
19.0055,3,18992547189,12928430
19.008,3,19005475619,2559006
19.0131,4,19002943613,10117018
19.0165,3,19008034625,8471424
19.0302,4,19013060631,17092254
19.0382,4,19030152885,8060624
19.0486,3,19016506049,32121884
19.0515,3,19048627933,2874412
19.0653,4,19038213509,27120872
19.0754,4,19065334381,10061012
19.083,4,19075395393,7578018
19.105,4,19082973411,22071460
19.1161,4,19105044871,11027042
19.1236,4,19116071913,7529006
19.1349,4,19123600919,11343236
19.1454,4,19134944155,10470430
19.1485,4,19145414585,3100618
19.1595,4,19148515203,10973636
19.1721,4,19159488839,12620018
19.1746,3,19051502345,123129518
19.1796,4,19172108857,7531012
19.1847,3,19174631863,10063018
19.1934,4,19179639869,13712430
19.1964,3,19184694881,11731036
19.2015,4,19193352299,8146630
19.2095,4,19201498929,8025812
19.2146,4,19209524741,5073012
19.2229,4,19214597753,8286830
19.2254,3,19196425917,28981672
19.2337,3,19225407589,8317618
19.242,3,19233725207,8296824
19.2502,4,19222884583,27365078
19.2555,4,19250249661,5270212
19.2805,4,19255519873,24986890
19.2858,4,19280506763,5272218
19.2912,3,19242022031,49145368
19.2939,4,19285778981,8146630
19.2993,3,19291167399,8173630
19.3073,3,19299341029,7938424
19.3123,3,19307279453,5035006
19.3199,3,19312314459,7558012
19.3249,4,19293925611,30999866
19.3338,3,19319872471,13970636
19.3367,3,19333843107,2856412
19.3417,4,19324925477,16809048
19.3548,4,19341734525,13059630
19.3661,3,19336699519,29438072
19.3687,4,19354794155,13866442
19.3737,4,19368660597,4990006
19.3762,4,19373650603,2550006
19.3787,3,19366137591,12595024
19.3845,4,19376200609,8292224
19.3924,3,19378732615,13669636
19.3978,3,19392402251,5442418
19.4054,4,19384492833,20927848
19.4079,3,19397844669,10099018
19.4214,3,19407943687,13458236
19.4246,4,19405420681,19132060
19.4378,3,19421401923,16438442
19.4407,4,19424552741,16162036
19.4482,4,19440714777,7493006
19.4513,3,19437840365,13509236
19.4619,3,19451349601,10578430
19.4679,3,19461928031,5972624
19.4976,4,19448207783,49374962
19.5162,3,19467900655,48345338
19.5271,3,19516245993,10848836
19.5325,3,19527094829,5388418
19.5353,4,19497582745,37754508
19.546,3,19532483247,13540824
19.5586,3,19546024071,12548018
19.5618,3,19558572089,3196012
19.5701,3,19561768101,8319624
19.5755,4,19535337253,40165890
19.5832,3,19570087725,13152630
19.6239,4,19575503143,48408338
19.6348,4,19623911481,10884836
19.6455,3,19583240355,62228180
19.6565,4,19634796317,21684454
19.6615,3,19645468535,16004242
19.6723,4,19656480771,15805630
19.6748,3,19661472777,13372630
19.6774,4,19672286401,5082012
19.691,4,19677368413,13593624
19.6935,3,19674845407,18657636
19.7093,3,19693503043,15752836
19.7124,3,19709255879,3150818
19.7228,4,19690962037,31877084
19.7258,3,19712406697,13351836
19.7333,4,19722839121,10432424
19.7393,3,19725758533,13526836
19.7423,4,19733271545,8989242
19.7448,3,19739285369,5498424
19.7473,4,19742260787,5055012
19.7502,4,19747315799,2847412
19.7582,3,19744783793,13386042
19.7609,3,19758169835,2767212
19.7664,4,19750163211,16281260
19.7693,3,19760937047,8319636
19.7853,4,19766444471,18905242
19.7934,4,19785349713,8054624
19.7959,3,19769256683,26688660
19.8013,3,19795945343,5341412
19.8145,3,19801286755,13210636
19.8282,4,19793404337,34766296
19.8389,3,19814497391,24418072
19.8418,3,19838915463,2836006
19.8446,3,19841751469,2856412
19.8471,4,19828170633,18960254
19.8499,3,19844607881,5281218
19.8608,4,19847130887,13672054
19.8636,3,19849889099,13690054
19.8663,4,19860802941,5543424
19.877,3,19863579153,13405442
19.8795,3,19876984595,2541006
19.8826,3,19879525601,3073812
19.8933,4,19866346365,26967684
19.8989,3,19882599413,16318254
19.9064,4,19893314049,13134630
19.9122,3,19898917667,13285836
19.92,3,19912203503,7766218
19.9257,4,19906448679,19284866
19.9283,3,19919969721,8286830
19.9308,3,19928256551,2523006
19.9414,4,19925733545,15708030
19.9443,4,19941441575,2854006
20.0176,4,19944295581,73261960
20.0424,3,19930779557,111571268
20.048,3,20042350825,5639218
20.0589,3,20047990043,10875836
20.067,3,20058865879,8182630
20.0726,3,20067048509,5516424
20.0753,3,20072564933,2776212
20.0836,4,20017557541,66017028
20.0917,3,20075341145,16342048
20.1023,3,20091683193,10647624
20.1106,3,20102330817,8292636
20.1215,4,20083574569,37960720
20.1291,3,20110623453,18469848
20.1366,3,20129093301,7540012
20.1392,3,20136633313,2532006
20.1425,3,20139165319,3350412
20.145,3,20142515731,2523006
20.1529,4,20121535289,31365460
20.1605,4,20152900749,7578018
20.1638,3,20145038737,18799442
20.1664,3,20163838179,2532006
20.1718,4,20160478767,11288836
20.1936,4,20171767603,21863460
20.1962,3,20166370185,29792884
20.2045,4,20193631063,10908036
20.2121,3,20196163069,15907042
20.2201,3,20212070111,8022618
20.2252,3,20220092729,5091012
20.2335,4,20204539099,28972672
20.2389,3,20225183741,13752448
20.2415,3,20238936189,2523006
20.2444,4,20233511771,10899036
20.2555,4,20244410807,11075830
20.2633,4,20255486637,7840224
20.2738,4,20263326861,10451612
20.2795,4,20273778473,5727824
20.2879,4,20279506297,8370430
20.2933,4,20287876727,5442418
20.2959,4,20293319145,2532006
20.3039,4,20295851151,8054818
20.3067,4,20303905969,2758212
20.3117,4,20306664181,5035006
20.3198,3,20241459195,78368816
20.3224,4,20311699187,10651830
20.3252,4,20322351017,2874412
20.3357,4,20325225429,10459424
20.3414,4,20335684853,5686624
20.3489,4,20341371477,7531012
20.3549,4,20348902489,5987018
20.3892,3,20319828011,69354998
20.3943,4,20354889507,39384514
20.4246,3,20389183009,35435090
20.4355,3,20424618099,10922842
20.446,3,20435540941,10417230
20.4573,3,20445958171,11305230
20.4862,4,20394274021,91903846
20.489,3,20457263401,31768472
20.494,3,20489031873,5017006
20.5041,3,20494048879,10045018
20.5104,4,20486177867,24201454
20.5159,3,20504093897,11765848
20.5236,3,20515859745,7784218
20.5348,3,20523643963,11143242
20.5376,3,20534787205,2776212
20.5482,3,20537563417,10647624
20.5593,4,20510379321,48927556
20.5618,3,20548211041,13627842
20.5699,3,20561838883,8108624
20.5754,3,20569947507,5433418
20.5862,4,20559306877,26845878
20.589,3,20575380925,13607836
20.5918,3,20588988761,2847412
20.6025,4,20586152755,16351048
20.6053,3,20591836173,13416842
20.608,4,20602503803,5507424
20.6133,3,20605253015,8039430
20.6183,4,20608011227,10280224
20.6239,3,20613292445,10622824
20.6265,4,20618291451,8164824
20.6319,3,20623915269,7956424
20.6401,4,20626456275,13666248
20.6429,3,20631871693,11054042
20.6479,3,20642925735,5008006
20.656,3,20647933741,8081818
20.6585,3,20656015559,2532006
20.6776,3,20658547565,19057248
20.6833,4,20640122523,43141914
20.694,4,20683264437,10766618
20.7019,4,20694031055,7900418
20.7076,3,20677604813,29968284
20.7103,4,20701931473,8390836
20.7264,3,20707573097,18788060
20.732,4,20710322309,21644472
20.7399,3,20726361157,13535048
20.7428,4,20731966781,10812836
20.7482,4,20742779617,5397418
20.7507,3,20739896205,10803836
20.7586,4,20748177035,10396424
20.7611,3,20750700041,10423424
20.7671,3,20761123465,5945818
20.7698,4,20758573459,11245036
20.7829,4,20769818495,13050630
20.7857,3,20767069283,18665254
20.7883,3,20785734537,2523006
20.7908,4,20782869125,7911424
20.7994,4,20790780549,8606024
20.8049,4,20799386573,5478418
20.8074,4,20804864991,2523006
20.8099,3,20788257543,21653460
20.818,3,20809911003,8045818
20.8205,3,20817956821,2523006
20.8233,4,20807387997,15957242
20.8284,3,20820479827,7920424
20.8315,4,20823345239,8119630
20.8394,3,20828400251,10956036
20.8421,4,20831464869,10676630
20.8496,3,20839356287,10260218
20.8522,4,20842141499,10016012
20.8547,3,20849616505,5073012
20.8659,3,20854689517,11231024
20.8687,3,20865920541,2767212
20.8743,3,20868687753,5606424
20.8818,3,20874294177,7529006
20.893,4,20852157511,40806908
20.9059,4,20892964419,12926030
20.9198,4,20905890449,13911836
20.9441,4,20919802285,24253678
20.9521,4,20944055963,8072624
20.9733,4,20952128587,21211042
20.9763,4,20973339629,2951612
21.0006,3,20881823183,118788524
21.0088,3,21000611707,8215824
21.0143,3,21008827531,5480424
21.0244,4,20976291241,48124732
21.0269,4,21024415973,2523006
21.0458,3,21014307955,31539466
21.054,3,21045847421,8164630
21.0594,3,21054012051,5388418
21.0673,3,21059400469,7929424
21.073,3,21067329893,5684218
21.0812,3,21073014111,8206824
21.0919,3,21081220935,10676630
21.0944,3,21091897565,2541006
21.0998,3,21094438571,5406418
21.108,3,21099844989,8186418
21.1163,3,21108031407,8308024
21.1405,3,21116339431,24194478
21.146,3,21140533909,5433418
21.1591,3,21145967327,13083436
21.1671,3,21159050763,8072818
21.1697,3,21167123581,2550006
21.1756,3,21169673587,5891818
21.1781,4,21026938979,151149432
21.1806,4,21178088411,2523006
21.1888,3,21175565405,13196030
21.1913,3,21188761435,2532006
21.1943,3,21191293441,2966418
21.2097,3,21194259859,15420024
21.2157,3,21209679883,6049424
21.2236,3,21215729307,7891418
21.2264,4,21180611417,45776520
21.2319,3,21223620725,8283636
21.2633,3,21231904361,31399660
21.2747,4,21226387937,48262320
21.2797,4,21274650257,5035006
21.2908,4,21279685263,11116242
21.2933,4,21290801505,2541006
21.3042,3,21263304021,40943332
21.3125,3,21304247353,8243612
21.3233,4,21293342511,29995284
21.3259,3,21312490965,13369836
21.3286,3,21325860801,2749212
21.3419,3,21328610013,13268030
21.3545,3,21341878043,12622024
21.3577,3,21354500067,3187012
21.3685,4,21323337795,45151114
21.3713,3,21357687079,13596042
21.3819,3,21371283121,10573218
21.3924,4,21368488909,23886054
21.4031,4,21392374963,10706824
21.4061,4,21403081787,3005612
21.4193,4,21406087399,13253624
21.4324,4,21419341023,13039624
21.4374,3,21381856339,55588320
21.4408,4,21432380647,8441230
21.4487,3,21437444659,11223636
21.4562,4,21440821877,15404430
21.4587,4,21456226307,2523006
21.4613,3,21448668295,12613024
21.4834,3,21461281319,22127260
21.4863,3,21483408579,2874412
21.4969,3,21486282991,10658630
21.5182,4,21458749313,59448708
21.5213,3,21496941621,24407218
21.5239,3,21521348839,2523006
21.5264,3,21523871845,2541006
21.5372,3,21526412851,10825030
21.5533,3,21537237881,16036042
21.5723,3,21553273923,19053460
21.5834,3,21572327383,11054636
21.594,4,21518198021,75808828
21.5968,3,21583382019,13392042
21.5993,3,21596774061,2523006
21.6023,3,21599297067,2957418
21.6132,4,21594006849,19221272
21.616,3,21602254485,13785848
21.6186,4,21613228121,5335218
21.6214,3,21616040333,5397418
21.6319,4,21618563339,13384036
21.6347,3,21621437751,13294836
21.6373,4,21631947375,5317218
21.6481,4,21637264593,10834030
21.6509,4,21648098623,2767212
21.6534,4,21650865835,2523006
21.6564,3,21634732587,21658672
21.6669,4,21653388841,13541048
21.6695,3,21656391259,13070636
21.6724,3,21669461895,2910412
21.6862,4,21666929889,19315466
21.6888,3,21672372307,16405054
21.6916,3,21688777361,2776212
21.7022,3,21691553573,10604824
21.7049,3,21702158397,2767212
21.7367,3,21704925609,31787660
21.7393,4,21686245355,53044920
21.7503,4,21739290275,11039430
21.761,3,21736713269,24239066
21.7718,4,21750329705,21430460
21.7745,4,21771760165,2785212
21.7874,3,21760952335,26411066
21.7899,3,21787363401,2523006
21.795,4,21774545377,20405042
21.8088,4,21794950419,13841624
21.8197,4,21808792043,10897824
21.83,4,21819689867,10325224
21.8411,3,21789886407,51170914
21.8516,3,21841057321,10551430
21.8571,3,21851608751,5537618
21.8647,3,21857146369,7585012
21.8757,3,21864731381,11006424
21.881,3,21875737805,5290218
21.8836,3,21881028023,2523006
21.8921,4,21830015091,62102768
21.8999,3,21883551029,16353048
21.9084,4,21892117859,16281254
21.9109,3,21899904077,11018042
21.9247,4,21908399113,16265042
21.9274,3,21910922119,16482248
21.9302,4,21924664155,5489424
21.9408,4,21930153579,10676630
21.9464,4,21940830209,5570424
21.9491,4,21946400633,2740212
21.9571,4,21949140845,7911424
21.965,4,21957052269,7986618
21.9839,4,21965038887,18830448
21.9923,3,21927404367,64879598
21.9976,4,21983869335,13767848
22.0058,3,21992283965,13472848
22.0113,3,22005756813,5552424
22.0138,4,21997637183,16204060
22.022,4,22013841243,8137630
22.0277,3,22011309237,16380054
22.0358,4,22021978873,13837042
22.0467,4,22035815915,10902836
22.0495,4,22046718751,2785212
22.0548,3,22027689291,27122890
22.0681,3,22054812181,13285836
22.0764,4,22049503963,26901884
22.0789,3,22068098017,10830836
22.0815,4,22076405847,5055012
22.089,3,22078928853,10063018
22.1001,3,22088991871,11081224
22.1029,4,22081460859,21477648
22.1057,3,22100073095,5623624
22.1109,3,22105696719,5243212
22.1138,4,22102938507,10875836
22.1213,3,22110939931,10387424
22.1245,3,22121327355,3186818
22.1276,4,22113814343,13762042
22.1329,3,22124514173,8397430
22.1357,4,22127576385,8084430
22.1438,4,22135660815,8099624
22.1463,4,22143760439,2523006
22.1519,3,22132911603,19011460
22.1598,3,22151923063,7858224
22.1652,3,22159781287,5442418
22.1895,3,22165223705,24321860
22.1946,3,22189545565,5035006
22.1999,4,22146283445,53618132
22.2058,4,22199901577,5909224
22.2083,3,22194580571,13753236
22.2138,4,22205810801,8012430
22.2218,4,22213823231,7968618
22.2243,3,22208333807,15981048
22.2275,4,22221791849,5719418
22.2464,4,22227511267,18931260
22.249,4,22246442527,2541006
22.26,4,22248983533,10983036
22.2708,4,22259966569,10876636
22.3246,4,22270843205,53759732
22.3328,4,22324602937,8215424
22.3354,4,22332818361,2532006
22.3465,4,22335350367,11152242
22.3569,4,22346502609,10381230
22.3599,4,22356883839,2987612
22.3707,3,22224314855,146348432
22.3732,4,22359871451,13323842
22.376,4,22373195293,2767212
22.3866,4,22375962505,10622824
22.3916,4,22386585329,5017006
22.3967,4,22391602335,5073012
22.4053,4,22396675347,8576218
22.4162,4,22405251565,10949842
22.4188,3,22370663287,48097126
22.4241,4,22416201407,7929418
22.4267,3,22418760413,7893418
22.4345,4,22424130825,10356018
22.4376,3,22426653831,10975024
22.4486,4,22434486843,14073854
22.4513,3,22437628855,13690054
22.4614,4,22448560697,12875230
22.4645,4,22461435927,3073812
22.4754,4,22464509739,10913842
22.4861,4,22475423581,10685630
22.4969,4,22486109211,10762830
22.4997,4,22496872041,2821212
22.5107,4,22499693253,11009636
22.521,4,22510702889,10316224
22.5241,4,22521019113,3118812
22.5346,4,22524137925,10419078
22.5452,4,22534557003,10595824
22.5578,3,22451318909,106509942
22.5613,4,22545152827,16126036
22.58,3,22557828851,22167260
22.5828,4,22561278863,21475460
22.5927,3,22579996111,12747224
22.596,3,22592743335,3214012
22.6067,4,22582754323,23969648
22.6093,4,22606723971,2541006
22.6201,4,22609264977,10872036
22.6229,4,22620137013,2740212
22.6256,3,22595957347,29660090
22.6281,4,22622877225,5272218
22.6389,3,22625617437,13235236
22.6419,4,22628149443,13750042
22.6444,4,22641899485,2541006
22.6473,3,22638852673,8435230
22.6501,3,22647287903,2785212
22.6713,4,22644440491,26817066
22.6817,4,22671257557,10405424
22.6842,4,22681662981,2523006
22.6872,3,22650073115,37127484
22.6977,4,22684185987,13544242
22.7006,3,22687200599,13440042
22.7034,4,22697730229,5668624
22.7138,4,22703398853,10376018
22.7163,3,22700640641,15684236
22.7195,3,22716324877,3151012
22.7223,4,22713774871,8486230
22.7323,4,22722261101,10054018
22.7349,4,22732315119,2541006
22.7374,3,22719475889,17903242
22.7517,4,22734856125,16872048
22.7545,3,22737379131,17170254
22.7651,4,22751728173,13321836
22.7676,3,22754549385,13023630
22.7783,4,22765050009,13279836
22.7813,4,22778329845,2966418
22.7946,4,22781296263,13312836
22.7974,4,22794609099,2794212
22.8083,4,22797403311,10913842
22.8114,4,22808317153,3071212
22.8215,4,22811388365,10099018
22.824,3,22767573015,56455374
22.8266,4,22821487383,5082012
22.8568,4,22826569395,30222072
22.8675,4,22856791467,10732636
22.87,4,22867524103,2523006
22.8809,3,22824028389,56888750
22.8835,4,22870047109,13411036
22.8944,3,22880917139,13436848
22.9069,4,22883458145,23488860
22.9103,4,22906947005,3386218
22.9214,4,22910333223,11018636
22.9239,3,22894353987,29529878
22.9268,4,22921351859,5406418
22.9376,3,22923883865,13687248
22.9513,3,22937571113,13736842
22.9621,3,22951307955,10773836
22.9727,3,22962081791,10647624
22.9834,3,22972729415,10715824
22.9943,3,22983445239,10866836
22.9968,3,22994312075,2532006
23.0072,3,22996844081,10316224
23.0103,3,23007160305,3118812
23.0215,3,23010279117,11179836
23.2422,3,23021458953,220785132
23.2534,3,23242244085,11183030
23.256,3,23253427115,2541006
23.264,3,23255968121,8072624
23.3261,3,23264040745,62034368
23.3361,3,23326075113,10054018
23.3551,3,23336129131,18994442
23.3577,3,23355123573,2532006
23.3689,3,23357655579,11199442
23.3794,3,23368855021,10506430
23.3928,3,23379361451,13438230
23.3982,3,23392799681,5406418
23.4036,3,23398206099,5379418
23.409,3,23403585517,5379418
23.4117,3,23408964935,2767212
23.4198,3,23411732147,8075430
23.4256,3,23419807577,5829424
23.4284,3,23425637001,2767212
23.4338,3,23428404213,5433418
23.4414,3,23433837631,7603012
23.4527,3,23441440643,11242242
23.4552,3,23452682885,2523006
23.461,3,23455205891,5796618
23.4985,3,23461002509,37454696
23.5174,3,23498457205,18895260
23.5665,3,23517352465,49164156
23.5744,3,23566516621,7920424
23.5802,3,23574437045,5754824
23.5829,3,23580191869,2740212
23.5907,3,23582932081,7808412
23.5935,3,23590740493,2758212
23.5989,3,23593498705,5377412
23.6096,3,23598876117,10723636
23.6178,3,23609599753,8173630
23.6665,3,23617773383,48770926
23.6935,3,23666544309,26941684
23.696,3,23693485993,2532006
23.7043,3,23696017999,8271830
23.7093,3,23704289829,5044006
23.7169,3,23709333835,7558012
23.7334,3,23716891847,16516236
23.7572,3,23733408083,23820454
23.7598,3,23757228537,2523006
23.7714,3,23759751543,11661448
23.774,3,23771412991,2559006
23.7848,3,23773971997,10821836
23.7951,3,23784793833,10343224
23.7977,3,23795137057,2568006
23.8089,3,23797705063,11229442
23.8142,3,23808934505,5308218
23.8225,3,23814242723,8224824
23.9327,4,22926758277,1005985376
23.9436,4,23932743653,10858624
23.9467,4,23943602277,3091812
23.9599,4,23946694089,13249836
23.9625,4,23959943925,2532006
23.9895,4,23962475931,27040872
24.0084,4,23989516803,18912654
24.0218,3,23822467547,199376746
24.0326,3,24021844293,10711830
24.0376,4,24008429457,29134672
24.0404,4,24037564129,2845006
24.0434,4,24040409135,2960612
24.0543,4,24043369747,10902836
24.0568,3,24032556123,24248466
24.065,3,24056804589,8182630
24.0675,4,24054272583,13237642
24.0896,4,24067510225,22080666
24.0977,3,24064987219,32730296
24.1032,3,24097717515,5442418
24.1113,3,24103159933,8135624
24.1164,3,24111295557,5064012
24.1273,3,24116359569,10940842
24.1469,3,24127300411,19586666
24.1524,3,24146887077,5498424
24.16,3,24152385501,7576012
24.1709,3,24159961513,10914036
24.1821,3,24170875549,11271842
24.1875,3,24182147391,5335218
24.1959,3,24187482609,8399836
24.2042,4,24089590891,114602190
24.2096,3,24195882445,13690054
24.2121,4,24204193081,7929424
24.2177,4,24212122505,5543424
24.2229,3,24209572499,13365648
24.2286,4,24217665929,10913842
24.2339,3,24222938147,11010036
24.2419,3,24233948183,7974424
24.2503,3,24241922607,8359424
24.2558,3,24250282031,5474618
24.2744,4,24228579771,45855732
24.2777,3,24255756649,21943466
24.2878,3,24277700115,10061012
24.2935,3,24287761127,5719018
24.3017,3,24293480145,8238636
24.3042,3,24301718781,2523006
24.3071,4,24274435503,32662696
24.3124,3,24304241787,8119630
24.3205,3,24312361417,8146630
24.323,4,24307098199,15932854
24.3366,4,24323031053,13531230
24.3476,4,24336562283,11040830
24.3663,4,24347603113,18744248
24.3744,4,24366347361,8045624
24.4117,4,24374392985,37319478
24.4223,4,24411712463,10607436
24.4254,4,24422319899,3109618
24.433,4,24425429517,7558012
24.4359,4,24432987529,2942612
24.4555,4,24435930141,19607472
24.4659,4,24455537613,10406612
24.4795,4,24465944225,13515042
24.4848,4,24479459267,5368012
24.4958,4,24484827279,11010036
24.5012,4,24495837315,5397418
24.509,4,24501234733,7730218
24.5147,4,24508964951,5713624
24.5174,4,24514678575,2749212
24.5381,4,24517427787,20642636
24.5465,4,24538070423,8423230
24.5658,4,24546493653,19340460
24.5767,4,24565834113,10902836
24.582,4,24576736949,5299218
24.6011,4,24582036167,19081442
24.6119,4,24601117609,10792830
24.6174,4,24611910439,5507424
24.625,4,24617417863,7578018
24.6305,4,24624995881,5537618
24.6386,4,24630533499,8099818
24.6512,4,24638633317,12566018
24.6624,4,24651199335,11200230
24.6654,4,24662399565,3046618
24.6705,4,24665446183,5026006
24.6806,4,24670472189,10101018
24.692,4,24680573207,11390436
24.6948,4,24691963643,2874412
24.7002,4,24694838055,5317218
24.7193,4,24700155273,19178660
24.73,4,24719333933,10714636
24.7326,4,24730048569,2523006
24.7351,4,24732571575,2523006
24.7459,4,24735094581,10773836
24.7487,4,24745868417,2865412
24.7594,4,24748733829,10674230
24.7619,4,24759408059,2532006
24.7645,4,24761940065,2541006
24.7808,4,24764481071,16330836
24.789,4,24780811907,8206424
24.792,4,24789018331,2996612
24.8027,4,24792014943,10685630
24.8131,4,24802700573,10385418
24.824,4,24813085991,10962036
24.8295,4,24824048027,5460418
24.8377,4,24829508445,8146630
24.8402,4,24837655075,2523006
24.8509,4,24840178081,10685630
24.8699,4,24850863711,18989054
24.8729,4,24869852765,3046812
24.8782,4,24872899577,5263218
24.8809,3,24320508047,560394960
24.8889,3,24880903007,7957612
24.8942,4,24878162795,16056836
24.9053,3,24888860619,16401248
24.9104,3,24905261867,5127012
24.9158,4,24894219631,21557666
24.9186,4,24915777297,2847412
24.924,3,24910388879,13651248
24.9294,3,24924040127,5341412
24.9347,3,24929381539,5290218
24.9401,3,24934671757,5388418
24.951,4,24918624709,32338302
24.9589,4,24950963011,7918418
24.9672,4,24958881429,8314424
24.9804,4,24967195853,13172636
24.9913,4,24980368489,10953036
25.0103,4,24991321525,18980048
25.0159,4,25010301573,5569818
25.0295,3,24940060175,89425258
25.04,3,25029485433,10551430
25.0591,3,25040036863,19031660
25.0644,3,25059068523,5348012
25.0725,3,25064416535,8110824
25.078,3,25072527359,5505418
25.0856,3,25078032777,7540012
25.0914,3,25085572789,5877024
25.1025,3,25091449813,11009636
25.1106,3,25102459449,8173630
25.1232,3,25110633079,12611018
25.1258,3,25123244097,2532006
25.1315,3,25125776103,5704212
25.1398,3,25131480315,8298830
25.1448,3,25139779145,5026006
25.1556,3,25144805151,10754024
25.1666,3,25155559175,11036636
25.1695,3,25166595811,2892412
25.1773,3,25169488223,7804224
25.1829,3,25177292447,5603618
25.1937,3,25182896065,10833642
25.1966,3,25193729707,2856412
25.2044,3,25196586119,7833006
25.2206,3,25204419125,16214636
25.2307,3,25220633761,10063018
25.2338,3,25230696779,3100812
25.2634,3,25233797591,29599084
25.2738,3,25263396675,10430018
25.2849,3,25273826693,11080436
25.2877,4,25015871391,271784950
25.2984,3,25284907129,13541048
25.3038,3,25298448177,5321006
25.3147,4,25287656341,27035878
25.3172,3,25303769183,13446042
25.3201,4,25314692219,5388418
25.3308,4,25320080637,10732636
25.3336,4,25330813273,2812212
25.3418,4,25333625485,8137630
25.3443,3,25317215225,27070896
25.35,3,25344286121,5668624
25.3632,4,25341763115,21391266
25.366,4,25363154381,2892412
25.3742,3,25349954745,24218272
25.3822,3,25374173017,7977618
25.385,4,25366046793,18978254
25.3875,4,25385025047,2523006
25.4008,4,25387548053,13241830
25.4037,4,25400789883,2863006
25.4062,4,25403652889,2523006
25.4095,4,25406175895,3282018
25.4221,4,25409457913,12602018
25.4303,4,25422059931,8204018
25.4414,4,25430263949,11158048
25.4544,3,25382150635,72262792
25.4594,4,25441421997,18008436
25.4678,4,25459430433,8358418
25.4791,3,25454413427,24710266
25.4846,3,25479123693,5525424
25.4872,3,25484649117,2541006
25.4954,4,25467788851,27574902
25.4979,3,25487190123,10696636
25.5035,3,25497886759,5659624
25.5146,3,25503546383,11039830
25.5224,3,25514586213,7768218
25.5249,3,25522354431,2523006
25.5278,3,25524877437,2960612
25.5679,3,25527838049,40067702
25.5762,3,25567905751,8328624
25.5838,4,25495363753,88392634
25.5945,4,25583756387,10757218
25.6001,4,25594513605,5570424
25.6161,4,25600084029,16035842
25.6377,3,25576234375,61507350
25.6483,3,25637741725,10593624
25.6588,3,25648335349,10441424
25.6617,3,25658776773,2960612
25.6743,3,25661737385,12521012
25.6777,4,25616119871,61602538
25.699,4,25677722409,21312448
25.7018,3,25674258397,27570672
25.7129,3,25701829069,11066830
25.7234,4,25699034857,24412472
25.726,3,25712895899,13074436
25.7289,3,25725970335,2960612
25.7315,4,25723447329,8006624
25.7343,4,25731453953,2874412
25.7421,3,25728930947,13163636
25.7471,3,25742094583,5046012
25.7502,4,25734328365,15886042
25.753,3,25747140595,5868024
25.7714,4,25750214407,21196054
25.774,3,25753008619,20942848
25.7854,3,25773951467,11465436
25.7904,3,25785416903,5008006
25.793,3,25790424909,2568006
25.8005,4,25771410461,29131466
25.8064,4,25800541927,5882418
25.8089,3,25792992915,15954436
25.8118,4,25806424345,5386012
25.8172,3,25808947351,8290618
25.8198,4,25811810357,7950618
25.8251,3,25817237969,7902424
25.8277,3,25825140393,2523006
25.8307,4,25819760975,10890036
25.8545,3,25827663399,26810678
25.8656,4,25830651011,34967496
25.8681,4,25865618507,2523006
25.8707,4,25868141513,2523006
25.8808,4,25870664519,10099018
25.8843,3,25854474077,29839672
25.8919,3,25884313749,7567012
25.9001,3,25891880761,8242024
25.9027,3,25900122785,2532006
25.9082,4,25880763537,27392872
25.9166,4,25908156409,8468630
25.9191,3,25902654791,16493254
25.9347,3,25919148045,15537424
25.9447,3,25934685469,10063018
25.9509,3,25944748487,6190224
25.959,3,25950938711,8048430
25.9646,3,25958987141,5659624
25.9727,4,25916625039,56079156
25.9808,3,25964646765,16202054
25.9834,3,25980848819,2523006
25.9912,3,25983371825,7862012
25.9969,4,25972704195,24219654
26.005,4,25996923849,8081624
26.0126,4,26005005473,7621012
26.0239,4,26012626485,11230236
26.0348,4,26023856721,10958842
26.0376,4,26034815563,2758212
26.0401,3,25991233837,48862944
26.0508,3,26040096781,10661824
26.0586,3,26050758605,7829218
26.0615,4,26037573775,23974660
26.067,4,26061548435,5433418
26.0749,4,26066981853,7882418
26.0804,4,26074864271,5505418
26.0887,4,26080369689,8355624
26.0996,3,26058587823,41058326
26.1127,3,26099646149,13051818
26.1209,3,26112697967,8198224
26.1411,4,26088725313,52355902
26.1499,4,26141081215,8772430
26.163,4,26149853645,13114624
26.1739,3,26120896191,52989308
26.1817,3,26173885499,7802218
26.1872,3,26181687717,5492618
26.1954,3,26187180335,8240418
26.2038,3,26195420753,8372836
26.2092,3,26203793589,5433418
26.2579,3,26209227007,48629338
26.3094,3,26257856345,51526556
26.3175,3,26309382901,8164630
26.323,3,26317547531,5406418
26.3314,3,26322953949,8495630
26.3364,4,26162968269,173480316
26.3395,4,26336448585,3073618
26.3475,3,26331449579,16020048
26.3525,4,26339522203,12973430
26.3601,4,26352495633,7605018
26.3635,3,26347469627,15981242
26.366,4,26360100651,5873224
26.3685,4,26365973875,2541006
26.3739,3,26363450869,10443430
26.3793,3,26373894299,5388418
26.3843,4,26368514881,15784842
26.3919,4,26384299723,7594012
26.4167,4,26391893735,24768060
26.4708,3,26379282717,91471828
26.4811,3,26470754545,10334224
26.4836,3,26481088769,2532006
26.4861,3,26483620775,2523006
26.4919,3,26486143781,5805218
26.5325,4,26416661795,115847100
26.5378,3,26491948999,45850114
26.5403,3,26537799113,2523006
26.5504,4,26532508895,17894242
26.5529,4,26550403137,2523006
26.5563,3,26540322119,15945436
26.5617,3,26556267555,5388418
26.5644,4,26552926143,11497042
26.567,4,26564423185,2532006
26.5745,3,26561655973,12857230
26.5776,4,26566955191,10613824
26.5826,4,26577569015,4999006
26.5851,3,26574513203,10586824
26.5957,3,26585100027,10622824
26.6018,3,26595722851,6038824
26.6121,3,26601761675,10318224
26.615,4,26582568021,32472490
26.6341,3,26612079899,22023054
26.642,3,26634102953,7882418
26.6473,4,26615040511,32286272
26.6501,4,26647326783,2785212
26.658,3,26641985371,16029048
26.6637,3,26658014419,5641624
26.6739,3,26663656043,10242218
26.6797,3,26673898261,5754824
26.6824,3,26679653085,2785212
26.69,4,26650111995,39848314
26.6925,3,26682438297,10054018
26.6981,3,26692492315,5596818
26.701,4,26689960309,11003236
26.7145,4,26700963545,13513824
26.7195,4,26714477369,5010006
26.7301,4,26719487375,10566818
26.7356,4,26730054193,5567812
26.7384,4,26735622005,2758212
26.746,4,26738380217,7596018
26.7517,4,26745976235,5754824
26.7596,4,26751731059,7840224
26.7621,3,26698089133,64005156
26.7705,4,26759571283,10917036
26.773,4,26770488319,2523006
26.7759,4,26773011325,2865412
26.784,3,26762094289,21929078
26.7865,4,26775876737,10669636
26.7894,3,26784023367,5415418
26.7945,4,26786546373,7918418
26.8027,4,26794464791,8224824
26.8058,4,26802689615,3062212
26.8085,4,26805751827,2749212
26.811,4,26808501039,2532006
26.8165,4,26811033045,5442418
26.827,3,26789438785,37579108
26.83,3,26827017893,2978612
26.8408,3,26829996505,10801430
26.8438,4,26816475463,27301084
26.8571,4,26843776547,13334636
26.8701,4,26857111183,12964430
26.8726,4,26870075613,2550006
26.8801,3,26840797935,39349696
26.8862,3,26880147631,6077218
26.889,4,26872625619,16366442
26.8969,3,26886224849,10669636
26.8995,4,26888992061,10470430
26.9051,3,26896894485,8209630
26.9134,4,26899462491,13970248
26.916,3,26905104115,10869630
26.921,4,26913432739,7549012
26.9235,4,26920981751,2532006
26.9261,4,26923513757,2541006
26.9336,3,26915973745,17603030
26.9361,3,26933576775,2541006
26.939,4,26926054763,12917024
26.9453,4,26938971787,6335624
26.9478,3,26936117781,11712636
26.9587,3,26947830417,10900830
26.9613,3,26958731247,2532006
26.9695,4,26945307411,24209672
26.9748,3,26961263253,13553048
26.9774,3,26974816301,2568006
26.9881,4,26969517083,18600248
27.0013,3,26977384307,23950660
27.0042,4,26988117331,16083048
27.0067,3,27001334967,5397418
27.018,3,27006732385,11314036
27.0208,4,27004200379,16622254
27.0263,3,27018046421,8209630
27.0342,3,27026256051,7947424
27.0449,3,27034203475,10665230
27.0532,3,27044868705,8335024
27.0614,3,27053203729,8146630
27.0641,3,27061350359,2776212
27.0747,4,27020822633,53828368
27.0777,4,27074651001,3032612
27.088,3,27064126571,23898260
27.0935,4,27077683613,15815836
27.1016,4,27093499449,8083824
27.1092,4,27101583273,7576012
27.1206,4,27109159285,11436236
27.1286,4,27120595521,7986618
27.139,4,27128582139,10381230
27.1415,4,27138963369,2523006
27.1449,4,27141486375,3377812
27.1665,3,27088024831,78472822
27.1826,4,27144864187,37728708
27.1933,4,27182592895,10723636
27.1958,4,27193316531,2532006
27.1987,4,27195848537,2874412
27.2281,4,27198722949,29337666
27.2389,3,27166497653,72396992
27.2442,4,27228060615,16184442
27.2471,3,27238894645,8186418
27.2526,3,27247081063,5474618
27.2601,3,27252555681,7540012
27.2626,4,27244245057,18382642
27.2657,3,27260095693,5623818
27.2765,4,27262627699,13877648
27.2793,3,27265719511,13580048
27.2953,3,27279299559,16029848
27.2982,4,27276505347,21671472
27.3117,3,27295329407,16324448
27.325,3,27311653855,13367430
27.3332,3,27325021285,8213018
27.3815,4,27298176819,83329216
27.3866,3,27333234303,53335744
27.3891,3,27386570047,2532006
27.3976,4,27381506035,16078448
27.4004,3,27389102053,11347842
27.4249,4,27397584483,27338078
27.4332,4,27424922561,8292636
27.4462,4,27433215197,12973430
27.4523,4,27446188627,6118024
27.4977,3,27400449895,97260864
27.5165,4,27452306651,64156168
27.5193,4,27516462819,2865412
27.5275,3,27497710759,29794890
27.5329,3,27527505649,5388418
27.5354,4,27519328231,16088842
27.5383,3,27532894067,5388418
27.5464,4,27535417073,11001036
27.5521,3,27538282485,13865518
27.5549,4,27546418109,8497106
27.5629,4,27554915215,7974424
27.5683,4,27562889639,5424418
27.5762,3,27552148003,24033278
27.5845,3,27576181281,8290024
27.5945,3,27584471305,10014006
27.6028,3,27594485311,8290218
27.6083,4,27568314057,39986896
27.6162,3,27602775529,13454848
27.6216,4,27608300953,13308842
27.6298,3,27616230377,13559642
27.6327,4,27621609795,11131836
27.6377,3,27629790019,7950618
27.6406,4,27632741631,7891418
27.6487,3,27637740637,10974036
27.6623,3,27648714673,13548636
27.6653,3,27662263309,3082618
27.6704,4,27640633049,29803890
27.6783,4,27670436939,7911424
27.6813,3,27665345927,15972048
27.689,3,27681317975,7728212
27.6971,3,27689046187,8099818
27.7025,3,27697146005,5317218
27.7107,4,27678348363,32377690
27.7135,3,27702463223,11039042
27.7188,4,27710726053,8093430
27.7273,4,27718819483,8441630
27.7409,3,27713502265,27437896
27.7437,3,27740940161,2767212
27.7572,3,27743707373,13494636
27.7683,3,27757202009,11055036
27.7733,4,27727261113,46050944
27.7814,3,27768257045,13181636
27.7921,3,27781438681,10667630
27.8029,3,27792106311,10827836
27.8086,3,27802934147,5668624
27.8166,3,27808602771,8006624
27.8216,3,27816609395,5008006
27.8303,3,27821617401,8695030
27.8356,3,27830312431,5281218
27.8434,3,27835593649,7849224
27.8514,3,27843442873,7986618
27.854,3,27851429491,2532006
27.8565,3,27853961497,2541006
27.8679,3,27856502503,11417436
27.8787,3,27867919939,10827836
27.8868,3,27878747775,8066430
27.8922,4,27773312057,118908566
27.8947,3,27886814205,7929424
27.9083,3,27894743629,13561230
27.9159,4,27892220623,23633248
27.9184,3,27908304859,10090018
27.9318,4,27915853871,15992030
27.9344,4,27931845901,2523006
27.9427,4,27934368907,8319224
27.956,3,27918394877,37579090
27.9585,3,27955973967,2550006
27.9614,3,27958523973,2847412
27.9723,3,27961371385,10878630
27.9773,3,27972250015,5026006
27.9854,3,27977276021,8108818
27.9934,3,27985384839,7974424
27.9991,3,27993359263,5736824
28.0073,4,27942688131,64653586
28.0152,4,28007341717,7858224
28.0207,3,27999096087,21596472
28.0261,3,28020692559,5406418
28.0311,4,28015199941,15916042
28.0365,4,28031115983,5348006
28.0475,3,28026098977,21432436
28.0662,4,28036463989,29713272
28.0687,4,28066177261,2532006
28.0844,4,28068709267,15735030
28.0929,4,28084444297,8444230
28.0985,4,28092888527,5570424
28.152,4,28098458951,53559138
28.1571,4,28152018089,5046012
28.2113,3,28047531413,163773238
28.2196,4,28157064101,62533186
28.225,3,28211304651,13672054
28.2329,4,28219597287,13270836
28.2413,4,28232868123,8475630
28.2521,4,28241343753,10732636
28.2571,3,28224976705,32116690
28.2657,3,28257093395,8572236
28.2786,4,28252076389,26504266
28.2927,3,28265665631,27069878
28.3034,3,28292735509,10625436
28.3278,3,28303360945,24477878
28.3334,3,28327838823,5516424
28.3473,4,28278580655,68766640
28.3605,4,28347347295,13152630
28.363,3,28333355247,29667684
28.3734,4,28360499925,12881024
28.3795,4,28373380949,6108624
28.3848,4,28379489573,5299218
28.3901,4,28384788791,5281218
28.3955,3,28363022931,32453496
28.3983,4,28390070009,8262830
28.4065,4,28398332839,8135624
28.409,4,28406468463,2541006
28.4144,4,28409009469,5397418
28.4253,4,28414406887,10902836
28.4359,3,28395476427,40471920
28.4523,4,28425309723,27031672
28.4606,3,28435948347,24644872
28.4659,4,28452341395,13551042
28.4742,3,28460593219,13607836
28.4797,3,28474201055,5487418
28.4879,3,28479688473,8173630
28.4933,3,28487862103,5480424
28.5013,4,28465892437,35433514
28.5225,3,28493342527,29157678
28.5388,3,28522500205,16262442
28.5471,3,28538762647,8325430
28.5522,3,28547088077,5062006
28.5572,3,28552150083,5046012
28.5844,3,28557196095,27191732
28.5869,3,28584387827,2523006
28.5898,3,28586910833,2847412
28.6005,3,28589758245,10723636
28.6087,3,28600481881,8182630
28.6141,3,28608664511,5415418
28.6249,3,28614079929,10777636
28.6276,3,28624857565,2740212
28.649,3,28627597777,21391048
28.6515,3,28648988825,2532006
28.6731,3,28651520831,21606054
28.6838,3,28673126885,10629224
28.6868,3,28683756109,3091812
28.6975,3,28686847921,10622630
28.7025,3,28697470551,5017006
28.7134,3,28702487557,10935036
28.7163,3,28713422593,2865412
28.719,3,28716288005,2758212
28.7346,4,28501325951,233318896
28.7402,4,28734644847,5510618
28.743,3,28719046217,23974660
28.7514,4,28740155465,11280042
28.754,3,28743020877,10955636
28.7594,3,28753976513,5424418
28.7703,3,28759400931,10938836
28.7782,3,28770339767,7813224
28.7841,4,28751435507,32618108
28.7919,4,28784053615,7811218
28.7948,3,28778152991,16672454
28.8002,4,28791864833,8338024
28.8081,4,28800202857,7920424
28.8109,4,28808123281,2776212
28.8163,4,28810899493,5406418
28.8239,3,28794825445,29047478
28.8314,3,28823872923,7549012
28.839,4,28816305911,22665036
28.8425,4,28838970947,3518212
28.845,3,28831421935,13590230
28.8475,4,28842489159,5046012
28.8536,3,28845012165,8563830
28.8636,4,28847535171,16036830
28.8747,4,28863572001,11078430
28.88,4,28874650431,5317218
28.8884,4,28879967649,8459630
28.902,4,28888427279,13596042
28.9048,3,28853575995,51196538
28.9173,3,28904772533,12557018
28.9199,3,28917329551,2523006
28.9224,3,28919852557,2523006
28.9286,4,28902023321,26600872
28.9389,4,28928624193,10260218
28.9527,4,28938884411,13804442
28.9635,4,28952688853,10801430
28.9663,3,28922375563,43962132
28.9691,4,28963490283,5605624
28.9821,3,28966337695,15713642
28.9987,4,28969095907,29559878
29.0015,4,28998655785,2883412
29.0043,4,29001539197,2740212
29.0124,3,28982051337,30374702
29.0177,4,29004279409,13463848
29.0205,3,29012426039,8084430
29.023,3,29020510469,2532006
29.0313,4,29017743257,13559048
29.0367,4,29031302305,5359412
29.0501,3,29023042475,27063084
29.0526,3,29050105559,2532006
29.0555,3,29052637565,2874412
29.0634,4,29036661717,26703272
29.0716,3,29055511977,16066030
29.0822,4,29063364989,18860836
29.0901,3,29071578007,18491836
29.0951,3,29090069843,5026006
29.1194,4,29082225825,37219884
29.127,4,29119445709,7567012
29.1321,4,29127012721,5091012
29.1405,3,29095095849,45440114
29.1538,3,29140535963,13279836
29.1653,3,29153815799,11463242
29.1785,3,29165279041,13259830
29.1839,3,29178538871,5406418
29.1924,3,29183945289,8495630
29.2028,3,29192440919,10408230
29.2325,3,29202849149,29611084
29.238,3,29232460233,5501618
29.2488,3,29237961851,10864830
29.2594,3,29248826681,10547630
29.2679,3,29259374311,8546824
29.2788,3,29267921135,10842642
29.2892,3,29278763777,10412418
29.2946,3,29289176195,5404012
29.3055,3,29294580207,10917230
29.3165,3,29305497437,11046036
29.3247,3,29316543473,8146630
29.3654,4,29132103733,233294090
29.3755,4,29365397823,10117018
29.3787,4,29375514841,3151012
29.3893,3,29324690103,64598380
29.3975,3,29389288483,8162224
29.4,3,29397450707,2532006
29.4055,3,29399982713,5560818
29.4085,4,29378665853,29815090
29.416,3,29405543531,10459424
29.4215,4,29408480943,13014630
29.4244,3,29416002955,8367030
29.4325,4,29421495573,11001036
29.4378,4,29432496609,5326218
29.4406,4,29437822827,2785212
29.4481,3,29424369985,23760066
29.454,4,29440608039,13372036
29.4565,3,29448130051,8382030
29.4594,3,29456512081,2847412
29.4619,4,29453980075,7911424
29.4697,4,29461891499,7837012
29.4773,3,29459359493,17927030
29.4808,4,29469728511,11066430
29.4883,4,29480794941,7493006
29.5017,4,29488287947,13429830
29.5068,4,29501717777,5073012
29.5099,4,29506790789,3151012
29.5209,4,29509941801,10958842
29.5236,4,29520900643,2749212
29.5345,4,29523649855,10875836
29.545,4,29534525691,10489618
29.5504,4,29545015309,5386412
29.5613,4,29550401721,10875836
29.5723,4,29561277557,11045636
29.5803,4,29572323193,7959618
29.5857,4,29580282811,5388418
29.6424,4,29585671229,56738562
29.6475,4,29642409791,5073012
29.6584,4,29647482803,10900224
29.6667,4,29658383027,8280830
29.6801,4,29666663857,13485836
29.6908,4,29680149693,10625436
29.6937,3,29477286523,216449218
29.699,3,29693735741,5308218
29.7047,3,29699043959,5654418
29.7127,4,29690775129,21927866
29.7183,4,29712702995,5552424
29.7286,4,29718255419,10378424
29.7312,4,29728633843,2550006
29.7337,3,29704698377,29008478
29.7394,4,29731183849,8206024
29.7475,4,29739389873,8090624
29.7528,4,29747480497,5344218
29.7556,4,29752824715,2785212
29.7636,3,29733706855,29936696
29.7662,3,29763643551,2523006
29.7717,4,29755609927,16058248
29.7745,3,29766166557,8364624
29.7824,4,29771668175,10774430
29.7853,4,29782442605,2865412
29.7881,3,29774531181,13526048
29.7906,4,29785308017,5272218
29.7962,3,29788057229,8173630
29.8038,4,29790580235,13253636
29.8073,3,29796230859,11075830
29.8179,4,29803833871,14080254
29.8208,3,29807306689,13454848
29.8417,4,29817914125,23773254
29.8442,4,29841687379,2559006
29.8493,3,29820761537,28519854
29.8632,3,29849281391,13909436
29.8686,4,29844246385,24341860
29.8711,3,29863190827,7920424
29.8958,4,29868588245,27209684
29.9012,4,29895797929,5433418
29.9041,4,29901231347,2847412
29.9145,4,29904078759,10421018
29.923,4,29914499777,8468230
29.928,4,29922968007,5046012
29.9335,4,29928014019,5510618
29.9633,4,29933524637,29752278
29.9824,4,29963276915,19119060
30.0203,3,29871111251,149224626
30.0256,4,29982395975,43230120
30.0281,3,30020335877,7813224
30.031,4,30025626095,5370418
30.0386,4,30030996513,7576012
30.0444,4,30038572525,5778024
30.0495,3,30028149101,21319460
30.0545,4,30044350549,10135018
30.0595,3,30049468561,10043012
30.0683,3,30059511573,8762636
30.0764,3,30068274209,8102430
30.082,4,30054485567,27485290
30.0848,3,30076376639,8450630
30.0874,4,30081970857,5379418
30.1036,3,30084827269,18794254
30.1122,3,30103621523,8614636
30.1252,3,30112236159,12953424
30.1308,3,30125189583,5596818
30.1383,3,30130786401,7558012
30.1409,3,30138344413,2532006
30.1434,4,30087350275,56049150
30.1544,3,30140876419,13526436
30.3285,4,30143399425,185115776
30.3336,3,30154402855,179158358
30.3444,4,30328515201,15895042
30.3545,4,30344410243,10099018
30.3603,3,30333561213,26726266
30.3684,3,30360287479,8099624
30.3709,4,30354509261,16436848
30.3814,3,30368387103,13009430
30.3843,4,30370946109,13393036
30.3951,3,30381396533,13751042
30.4028,3,30395147575,7603012
30.4078,4,30384339145,23475454
30.4103,3,30402750587,7587018
30.4139,3,30410337605,3531618
30.4223,4,30407814599,14532254
30.4302,3,30413869223,16369048
30.4328,4,30422346853,10423424
30.4432,4,30432770277,10464624
30.4489,4,30443234901,5641624
30.4592,4,30448876525,10352224
30.4649,4,30459228749,5683018
30.4757,4,30464911767,10824642
30.4999,4,30475736409,24171660
30.5164,4,30499908069,16482260
30.5217,4,30516390329,5359012
30.5247,4,30521749341,2960612
30.5272,4,30524709953,2532006
30.5354,4,30527241959,8164630
30.541,4,30535406589,5570424
30.5543,4,30540977013,13292830
30.5626,4,30554269843,8283636
30.5733,4,30562553479,10696636
30.5761,3,30430238271,145868256
30.5789,3,30576106527,2758212
30.5814,4,30573250115,8137630
30.5843,4,30581387745,2957418
30.5896,4,30584345163,5263218
30.6025,4,30589608381,12888018
30.6112,4,30602496399,8751630
30.6165,4,30611248029,5281218
30.6191,4,30616529247,2532006
30.6216,3,30578864739,42737520
30.6276,3,30621602259,6031824
30.641,4,30619061253,21894666
30.651,4,30640955919,10063018
30.662,4,30651018937,10995424
30.7711,4,30662014361,109104566
30.7819,4,30771118927,10783830
30.7847,4,30781902757,2758212
30.7955,4,30784660969,10866836
30.8177,4,30795527805,22139478
30.8283,4,30817667283,10658824
30.8337,4,30828326107,5359012
30.8419,4,30833685119,8241830
30.8447,3,30627634083,217051078
30.8497,4,30841926949,7784218
30.8552,3,30844685161,10557818
30.8954,3,30855242979,40141708
30.9007,4,30849711167,50994532
30.9083,4,30900705699,7558012
30.9116,3,30895384687,16238242
30.9169,4,30908263711,8640436
30.9251,3,30911622929,13463848
30.9278,4,30916904147,10940842
30.9335,3,30925086777,8403630
30.9439,3,30933490407,10376418
30.9523,3,30943866825,8435836
30.9578,3,30952302661,5498424
30.9606,3,30957801085,2776212
30.9709,4,30927844989,43097720
30.9738,4,30970942709,2883412
30.9843,4,30973826121,10470430
30.9926,3,30960577297,32037272
30.9976,3,30992614569,5008006
31.008,3,30997622575,10347018
31.0137,3,31007969593,5731212
31.0162,3,31013700805,2532006
31.0246,3,31016232811,8381836
31.0354,3,31024614647,10828430
31.0384,4,30984296551,54098138
31.0438,4,31038394689,5415418
31.0518,4,31043810107,8010424
31.0572,4,31051820531,5406418
31.0654,4,31057226949,8182630
31.0704,4,31065409579,5008006
31.0812,4,31070417585,10762830
31.0892,4,31081180415,8049618
31.0975,3,31035443077,62008780
31.1027,4,31089230033,13512042
31.1056,3,31097451857,8126224
31.114,3,31105578081,8399836
31.1215,3,31113977917,7477006
31.1265,3,31121454923,5064012
31.1348,3,31126518935,8288212
31.1427,4,31102742075,39918084
31.1458,4,31142660159,3142012
31.1483,3,31134807147,13518030
31.1538,4,31145802171,8012430
31.1619,3,31148325177,13546854
31.1647,4,31153814601,10922842
31.17,4,31164737443,5308218
31.1807,3,31161872031,18814454
31.1834,4,31170045661,13390036
31.194,3,31180686485,13334030
31.2048,3,31194020515,10750636
31.2076,3,31204771151,2836006
31.2101,3,31207607157,2532006
31.2131,3,31210139163,2978612
31.2241,3,31213117775,10947836
31.2366,3,31224065611,12575018
31.2401,3,31236640629,3491012
31.2504,3,31240131641,10307224
31.253,3,31250438865,2532006
31.2642,3,31252970871,11247442
31.267,3,31264218313,2776212
31.275,4,31183435697,91607258
31.28,4,31275042955,4990006
31.2826,3,31266994525,15606442
31.2851,4,31280032961,5100012
31.299,4,31285132973,13890642
31.307,4,31299023615,7968618
31.3103,3,31282600967,27661684
31.3155,4,31306992233,8542636
31.3181,4,31315534869,2523006
31.3288,4,31318057875,10700024
31.3395,4,31328757899,10768636
31.3452,4,31339526535,5672412
31.3505,4,31345198947,5317218
31.3587,4,31350516165,8221824
31.3613,3,31310262651,50998344
31.3716,4,31358737989,12866230
31.3875,4,31371604219,15943236
31.396,4,31387547455,8430030
31.4061,4,31395977485,10079012
31.4202,4,31406056497,14137642
31.4336,4,31420194139,13381036
31.4414,4,31433575175,7849224
31.4499,4,31441424399,8495630
31.4549,4,31449920029,4999006
31.4844,4,31454919035,29509260
31.4927,4,31484428295,8286830
31.4978,4,31492715125,5055012
31.5035,4,31497770137,5709824
31.511,3,31361260995,149767978
31.5195,4,31503479961,16044836
31.5334,4,31519524797,13869254
31.5387,3,31511028973,27664296
31.5441,3,31538693269,5406418
31.5525,3,31544099687,8350424
31.5603,3,31552450111,7864418
31.5687,3,31560314529,8346030
31.5816,3,31568660559,12902230
31.5926,3,31581562789,11027236
31.598,3,31592590025,5406418
31.6061,3,31597996443,8081624
31.6116,3,31606078067,5543424
31.6227,3,31611621491,11045636
31.6363,4,31533394051,102860118
31.6472,3,31622667127,24518884
31.65,4,31636254169,13767848
31.6584,3,31647186011,11235842
31.6636,3,31658421853,5225212
31.68,3,31663647065,16355054
31.6884,3,31680002119,8399836
31.6937,4,31650022017,43670156
31.6962,4,31693692173,2532006
31.7042,3,31688401955,15751648
31.7071,4,31696224179,10890036
31.7121,4,31707114215,5008006
31.7146,3,31704153603,10491624
31.7205,3,31714645227,5832618
31.7312,4,31712122221,19035642
31.7337,3,31720477845,13203024
31.7366,4,31731157863,5397418
31.7496,4,31736555281,13074436
31.7638,3,31733680869,30116290
31.7719,3,31763797159,8066430
31.7769,3,31771863589,5035006
31.7853,3,31776898595,8364030
31.7878,3,31785262625,2532006
31.7987,3,31787794631,10884836
31.8042,3,31798679467,5561424
31.8202,3,31804240891,15970042
31.8504,3,31820210933,30146102
31.8563,3,31850357035,5927624
31.8749,4,31749629717,125226184
31.8801,4,31874855901,5290218
31.8827,4,31880146119,2541006
31.891,4,31882687125,8298830
31.8964,4,31890985955,5406418
31.9014,4,31896392373,5046012
31.9124,4,31901438385,10940842
31.9178,3,31856284659,61527986
31.9232,3,31917812645,5397418
31.9346,3,31923210063,11377036
31.9371,3,31934587099,2532006
31.9478,3,31937119105,10658630
31.9722,3,31947777735,24455666
31.9854,4,31912379227,73017810
31.9938,3,31972233401,21545666
31.9963,4,31985397037,10905036
32.0045,4,31996302073,8155630
32.0073,3,31993779067,13535048
32.0129,3,32007314115,5543424
32.0235,3,32012857539,10620624
32.0343,3,32023478163,10781424
32.0393,3,32034259587,5008006
32.0478,3,32039267593,8527236
32.0532,4,32004457703,48770544
32.0666,4,32053228247,13402830
32.0749,4,32066631077,8227630
32.0799,4,32074858707,5008006
32.0824,3,32047794829,34594890
32.0959,3,32082389719,13474230
32.1041,3,32095863949,8268830
32.1095,4,32079866713,29672484
32.1177,3,32104132779,13524042
32.1229,3,32117656821,5290218
32.1316,4,32109539197,22022478
32.137,3,32122947039,14093054
32.1425,4,32131561675,10893836
32.1534,3,32137040093,16399254
32.1748,4,32142455511,32298690
32.1773,4,32174754201,2523006
32.1823,3,32153439347,28901872
32.1849,3,32182341219,2523006
32.1936,3,32184864225,8745824
32.1986,3,32193610049,4999006
32.2016,3,32198609055,2960612
32.2094,4,32177277207,32105684
32.2169,4,32209382891,7558012
32.2256,4,32216940903,8611430
32.2306,4,32225552333,5073012
32.2417,4,32230625345,11096830
32.2579,3,32201569667,56351756
32.2661,4,32241722175,24394666
32.269,4,32266116841,2874412
32.2744,3,32257921423,16458248
32.282,4,32268991253,12982430
32.2845,3,32274379671,10117018
32.2982,4,32281973683,16207448
32.3064,3,32284496689,21888266
32.3089,4,32298181131,10726830
32.3168,4,32308907961,7929424
32.3197,3,32306384955,13326842
32.3247,3,32319711797,4990006
32.3273,3,32324701803,2550006
32.3323,4,32316837385,15496436
32.3358,3,32327251809,8537024
32.3437,3,32335788833,7947424
32.3513,3,32343736257,7540012
32.3538,4,32332333821,21483454
32.3596,3,32351276269,8346224
32.365,4,32353817275,11182230
32.368,4,32364999505,2951612
32.3755,4,32367951117,7540012
32.3838,3,32359622493,24223666
32.392,3,32383846159,8162624
32.3999,4,32375491129,24447078
32.4025,3,32392008783,10479430
32.408,4,32399938207,8042624
32.413,3,32402488213,10547630
32.4188,3,32413035843,5736824
32.4406,3,32418772667,21777454
32.4513,3,32440550121,10753830
32.4617,4,32407980831,53755544
32.4646,3,32451303951,13297836
32.4731,3,32464601787,8459630
32.4781,3,32473061417,5008006
32.4806,3,32478069423,2523006
32.4831,4,32461736375,21379060
32.4889,3,32480592429,8328030
32.4943,3,32488920459,5415418
32.4969,4,32483115435,13743448
32.5103,4,32496858883,13477230
32.5154,4,32510336113,5064012
32.5183,4,32515400125,2892412
32.5284,3,32494335877,34017672
32.5334,3,32528353549,5064012
32.5395,3,32533417561,6127218
32.5421,4,32518292537,23784248
32.5505,3,32539544779,10971036
32.5613,4,32542076785,19234666
32.5643,4,32561311451,2993418
32.5694,3,32550515815,18835066
32.5751,4,32564304869,10765430
32.5806,4,32575070299,5519618
32.5831,3,32569350881,13762042
32.5885,3,32583112923,5427612
32.5938,3,32588540535,5290218
32.5964,3,32593830753,2532006
32.602,3,32596362759,5632624
32.6073,3,32601995383,5317218
32.6129,4,32580589917,32328308
32.6185,3,32607312601,11140048
32.6212,4,32612918225,8319636
32.6288,4,32621237861,7585012
32.6339,4,32628822873,5064012
32.637,4,32633886885,3160012
32.6475,3,32618452649,29051272
32.6506,3,32647503921,3073812
32.6615,3,32650577733,10884836
32.6727,4,32637046897,35604508
32.6754,3,32661462569,13938048
32.6885,3,32675400617,13065436
32.694,3,32688466053,5537618
32.7024,3,32694003671,8435836
32.7075,4,32672651405,34861114
32.718,4,32707512519,10441424
32.7237,4,32717953943,5767018
32.7425,4,32723720961,18752060
32.7482,4,32742473021,5728418
32.7532,3,32702439507,50760938
32.7607,4,32748201439,12530018
32.764,4,32760731457,3228212
32.7859,4,32763959669,21890460
32.8018,3,32753200445,48623526
32.8069,3,32801823971,5082012
32.8175,4,32785850129,31690872
32.8284,4,32817541001,10896036
32.8339,4,32828437037,5507424
32.8393,4,32833944461,5308218
32.8476,4,32839252679,8335618
32.8532,3,32806905983,46305938
32.8557,3,32853211921,2523006
32.872,4,32847588297,24410878
32.8804,3,32855734927,24694878
32.8913,3,32880429805,10848836
32.9131,4,32871999175,41058938
32.9185,3,32891278641,27185890
32.921,3,32918464531,2523006
32.9289,3,32920987537,7902424
32.9318,3,32928889961,2865412
32.9371,3,32931755373,5359412
32.9453,4,32913058113,32248302
32.951,4,32945306415,5675218
32.9535,3,32937114785,16389854
32.9617,3,32953504639,8150818
32.9671,4,32950981633,16089242
32.9721,4,32967070875,4999006
32.9833,4,32972069881,11222036
32.9883,4,32983291917,5008006
32.9963,4,32988299923,8040618
32.9989,3,32961655457,37235090
33.0014,4,32996340541,5073012
33.0071,4,33001413553,5665018
33.0099,4,33007078571,2776212
33.0178,3,32998890547,18866660
33.0314,3,33017757207,13614042
33.0443,3,33031371249,12926424
33.0631,3,33044297673,18834236
33.0662,3,33063131909,3037812
33.0712,3,33066169721,5046012
33.0796,3,33071215733,8372836
33.0853,3,33079588569,5746418
33.1016,3,33085334987,16307248
33.1066,3,33101642235,4990006
33.1176,3,33106632241,10932036
33.1284,3,33117564277,10884836
33.1393,3,33128449113,10813636
33.1473,3,33139262749,8048430
33.1532,3,33147311179,5936624
33.1558,4,33009854783,145916026
33.1586,4,33155770809,2865412
33.1662,3,33153247803,12946430
33.1687,3,33166194233,2541006
33.177,4,33158636221,18398236
33.188,4,33177034457,10953636
33.1905,3,33168735239,21793860
33.1988,4,33187988093,10794836
33.2013,3,33190529099,10785836
33.2148,4,33198782929,16033042
33.2173,4,33214815971,2523006
33.2256,4,33217338977,8280830
33.231,3,33201314935,29673284
33.2415,3,33230988219,10518624
33.247,4,33225619807,21347454
33.2544,3,33241506843,12917424
33.2573,3,33254424267,2863006
33.2685,3,33257287273,11235442
33.2738,4,33246967261,26854672
33.2767,4,33273821933,2874412
33.2792,4,33276696345,2532006
33.2874,3,33268522715,18856060
33.2904,4,33279228351,11215042
33.293,4,33290443393,2541006
33.2984,4,33292984399,5388418
33.3034,4,33298372817,5035006
33.3059,4,33303407823,2523006
33.314,4,33305930829,8076012
33.3168,4,33314006841,2794212
33.3221,4,33316801053,5281218
33.325,4,33322082271,2892412
33.3332,4,33324974683,8200630
33.3359,4,33333175313,2740212
33.341,4,33335915525,5073012
33.3548,4,33340988537,13786248
33.3659,4,33354774785,11108636
33.3684,4,33365883421,2523006
33.3768,4,33368406427,8372836
33.3822,3,33287378775,94815906
33.385,4,33376779263,8182630
33.3928,4,33384961893,7844018
33.3986,3,33382194681,16407254
33.4014,3,33398601935,2785212
33.4039,3,33401387147,2523006
33.412,3,33403910153,8099624
33.4195,4,33392805911,26734878
33.4279,4,33419540789,8409030
33.4332,4,33427949819,5252212
33.436,4,33433202031,2847412
33.4577,4,33436049443,21686472
33.4689,4,33457735915,11197836
33.4765,4,33468933751,7531012
33.4822,4,33476464763,5776018
33.534,3,33412009777,121966572
33.5741,4,33482240781,91895870
33.5851,3,33533976349,51107532
33.5964,3,33585083881,11354848
33.599,3,33596438729,2532006
33.6199,3,33598970735,20976042
33.6307,3,33619946777,10795224
33.6519,4,33574136651,77714792
33.6544,4,33651851443,2523006
33.6737,4,33654374449,19330460
33.6817,4,33673704909,7950618
33.687,3,33630742001,56263938
33.6949,4,33681655527,13199636
33.703,4,33694855163,8166412
33.7113,4,33703021575,8328030
33.7168,3,33687005939,29804084
33.7247,4,33711349605,13362842
33.7272,3,33716810023,10425430
33.7326,4,33724712447,7911424
33.7355,3,33727235453,8253830
33.746,4,33732623871,13357036
33.7516,4,33745980907,5579424
33.7597,3,33735489283,24188672
33.768,3,33759677955,8317618
33.7759,3,33767995573,7871412
33.7813,3,33775866985,5406418
33.7838,4,33751560331,32245078
33.7921,4,33783805409,8280830
33.7971,3,33781273403,15858848
33.8005,4,33792086239,8450630
33.8081,3,33797132251,10953630
33.8161,3,33808085881,8013618
33.8242,4,33800536869,23682454
33.827,4,33824219323,2758212
33.8297,3,33816099499,13627248
33.8351,3,33829726747,5377412
33.8485,3,33835104159,13379030
33.8563,3,33848483189,7795224
33.8588,4,33826977535,31841884
33.8671,4,33858819419,8239824
33.8784,3,33856278413,22120872
33.8809,4,33867059243,13863048
33.8837,3,33878399285,5281218
33.8969,3,33883680503,13212024
33.8994,4,33880922291,18502242
33.9078,3,33896892527,10881630
33.9131,3,33907774157,5290218
33.916,3,33913064375,2910412
33.9267,3,33915974787,10696636
33.9292,3,33926671423,2523006
33.9323,3,33929194429,3055618
33.9348,4,33899424533,35357520
33.9373,4,33934782053,2523006
33.9455,4,33937305059,8206824
33.951,4,33945511883,5487418
33.9616,4,33950999301,10613630
33.9837,3,33932250047,51443550
33.9941,3,33983693597,10453618
33.9992,3,33994147215,5064012
34.0022,3,33999211227,2987612
34.0132,4,33961612931,51595544
34.016,3,34002198839,13767848
34.0187,4,34013208475,5516424
34.0215,3,34015966687,5516424
34.0323,4,34018724899,13541048
34.0348,3,34021483111,13314842
34.0377,4,34032265947,5415418
34.0532,4,34037681365,15561436
34.0583,4,34053242801,5008006
34.0697,4,34058250807,11441642
34.081,4,34069692449,11271842
34.0917,4,34080964291,10742824
34.1024,4,34091707115,10705636
34.113,4,34102412751,10620224
34.1156,4,34113032975,2523006
34.1267,4,34115555981,11094424
34.1721,4,34126650405,45403114
34.1748,4,34172053519,2758212
34.1942,4,34174811731,19384460
34.2023,4,34194196191,8119630
34.2048,4,34202315821,2523006
34.2161,4,34204838827,11262842
34.2189,4,34216101669,2785212
34.224,4,34218886881,5073012
34.2345,4,34223959893,10545624
34.2619,4,34234505517,27378296
34.2771,4,34261883813,15170024
34.297,4,34277053837,19904466
34.3022,4,34296958303,5290218
34.3135,4,34302248521,11287036
34.3216,4,34313535557,8075430
34.327,4,34321610987,5397418
34.3298,4,34327008405,2767212
34.3844,4,34329775617,54600780
34.3924,4,34384376397,7986618
34.4168,4,34392363015,24427666
34.4272,4,34416790681,10450424
34.4329,4,34427241105,5614624
34.4379,4,34432855729,5046012
34.4461,4,34437901741,8173824
34.4541,4,34446075565,8024624
34.4732,4,34454100189,19107460
34.5063,4,34473207649,33082320
34.5113,4,34506289969,5055012
34.5203,4,34511344981,8948042
34.5446,4,34520293023,24304484
34.5475,4,34544597507,2865412
34.5632,4,34547462919,15731836
34.5819,4,34563194755,18741054
34.5845,4,34581935809,2532006
34.5899,4,34584467815,5386012
34.5985,4,34589853827,8661630
34.6066,4,34598515457,8048430
34.6116,4,34606563887,4999006
34.6199,4,34611562893,8364624
34.631,4,34619927517,11054042
34.6444,4,34630981559,13435036
34.6553,4,34644416595,10848836
34.6604,4,34655265431,5091012
34.6686,4,34660356443,8280830
34.674,4,34668637273,5397418
34.6768,3,34034797953,642003950
34.6845,4,34674034691,10450424
34.687,4,34684485115,2541006
34.6924,4,34687026121,5386012
34.6955,3,34676801903,18743242
34.6981,4,34692412133,5656018
34.7171,4,34698068151,18985260
34.7468,3,34695545145,51271350
34.7679,3,34746816495,21070248
34.7895,3,34767886743,21599666
34.8141,4,34717053411,97054864
34.8411,3,34789486409,51582726
34.8438,3,34841069135,2758212
34.8545,4,34814108275,40368702
34.8599,4,34854476977,5424418
34.8628,4,34859901395,2865412
34.8678,3,34843827347,23938466
34.8758,4,34862766807,13068630
34.8787,3,34867765813,10935036
34.884,4,34875835437,8182630
34.9086,3,34878700849,29908896
34.9115,3,34908609745,2856412
34.9165,3,34911466157,5046012
34.9222,4,34884018067,38230926
34.9279,3,34916512169,11358042
34.9329,4,34922248993,10656224
34.9546,4,34932905217,21676860
34.9627,4,34954582077,8164630
34.9709,4,34962746707,8173630
34.979,4,34970920337,8075430
34.9891,3,34927870211,61206574
35.0019,3,34989076785,12821012
35.0054,4,34978995767,26411242
35.0108,4,35005407009,5370418
35.0188,3,35001897797,16937060
35.0269,4,35010777427,16092048
35.0454,4,35026869475,18545636
35.0515,3,35018834857,32629484
35.0618,4,35045415111,16409654
35.0647,4,35061824765,2865412
35.0672,3,35051464341,15766842
35.0723,4,35064690177,7567012
35.0754,3,35067231183,8176824
35.0835,3,35075408007,8075430
35.086,4,35072257189,13749254
35.0915,3,35083483437,8042624
35.0941,3,35091526061,2532006
35.0969,4,35086006443,10908036
35.1048,3,35094058067,10700424
35.1073,4,35096914479,10394018
35.1098,4,35107308497,2532006
35.1157,3,35104758491,10991236
35.1267,4,35109840503,16902060
35.1371,3,35115749727,21377860
35.1429,3,35137127587,5767018
35.1505,4,35126742563,23719054
35.1561,3,35142894605,13211830
35.1589,4,35150461617,8394030
35.1664,4,35158855647,7531012
35.1689,3,35156106435,12821230
35.1748,3,35168927665,5918224
35.1774,4,35166386659,10982236
35.1854,4,35177368895,8030430
35.1909,3,35174845889,16008048
35.1959,4,35185399325,10518624
35.1989,3,35190853937,8006624
35.2042,4,35195917949,8263618
35.2092,3,35198860561,10376018
35.2123,4,35204181567,8128824
35.2203,4,35212310391,7986618
35.2284,4,35220297009,8117624
35.2309,3,35209236579,21710060
35.2446,3,35230946639,13628836
35.2528,3,35244575475,8233824
35.2578,3,35252809299,5008006
35.2686,3,35257817305,10769824
35.279,3,35268587129,10459424
35.2873,4,35228414633,58871744
35.2952,4,35287286377,7959618
35.2981,4,35295245995,2865412
35.3006,4,35298111407,2523006
35.3089,3,35279046553,29887478
35.3115,4,35300634413,10822624
35.319,3,35308934031,10099018
35.3291,3,35319033049,10061012
35.3379,3,35329094061,8848218
35.3483,3,35337942279,10396424
35.3509,3,35348338703,2523006
35.3565,3,35350861709,5614818
35.3619,3,35356476527,5406418
35.3675,3,35361882945,5641624
35.37,4,35311457037,58590538
35.3784,4,35370047575,8379830
35.3835,4,35378427405,5073012
35.3864,3,35367524569,18850260
35.3918,4,35383500417,8298830
35.3997,4,35391799247,7900418
35.4135,4,35399699665,13846842
35.4185,4,35413546507,4990006
35.4379,4,35418536513,19389854
35.4458,4,35437926367,7873418
35.4483,4,35445799785,2523006
35.4594,4,35448322791,11060236
35.4647,4,35459383027,5281218
35.4674,4,35464664245,2776212
35.4782,4,35467440457,10715824
35.4994,4,35478156281,21246860
35.513,4,35499403141,13583436
35.5346,4,35512986577,21596472
35.5403,4,35534583049,5710418
35.5458,4,35540293467,5516424
35.5509,3,35386374829,164508074
35.5538,3,35550882903,2960612
35.5592,4,35545809891,13431042
35.5647,3,35553843515,10839836
35.57,3,35564683351,5290218
35.575,3,35569973569,5035006
35.5833,4,35559240933,24045472
35.5861,3,35575008575,11134242
35.5887,4,35583286405,5379418
35.5996,4,35588665823,10938836
35.6021,4,35599604659,2523006
35.6135,3,35586142817,27361890
35.619,3,35613504707,5543424
35.6273,3,35619048131,8218630
35.6351,3,35627266761,7840224
35.6376,3,35635106985,2523006
35.6437,4,35602127665,41525150
35.6491,3,35637629991,11492242
35.6546,4,35643652815,10994842
35.6651,4,35654647657,10459424
35.6701,3,35649122233,20974854
35.6726,4,35665107081,7531012
35.6786,4,35672638093,5927224
35.6811,3,35670097087,11000236
35.6918,3,35681097323,10708830
35.6946,3,35691806153,2758212
35.6999,3,35694564365,5379418
35.7027,3,35699943783,2794212
35.7053,4,35678565317,26695684
35.7159,3,35702737995,13170236
35.7184,4,35705261001,13170236
35.7216,4,35718431237,3178012
35.7244,3,35715908231,8468230
35.7294,4,35721609249,7766218
35.7376,4,35729375467,8230824
35.7404,4,35737606291,2776212
35.746,4,35740382503,5594218
35.7653,4,35745976721,19329672
35.7733,4,35765306393,7983424
35.7841,4,35773289817,10839836
35.7922,4,35784129653,8108624
35.8107,4,35792238277,18481048
35.8165,4,35810719325,5737418
35.8246,4,35816456743,8173630
35.8272,4,35824630373,2532006
35.8383,4,35827162379,11176048
35.86,3,35724376461,135613432
35.8625,4,35838338427,24183472
35.8733,3,35859989893,13289030
35.884,3,35873278923,10732636
35.8865,3,35884011559,2523006
35.8972,4,35862521899,34718302
35.9003,3,35886534565,13752254
35.9054,4,35897240201,8173630
35.9109,4,35905413831,5474618
35.9216,4,35910888449,10725418
35.9297,4,35921613867,8090818
35.9377,4,35929704685,8033624
35.9619,3,35900286819,61572750
35.9724,3,35961859569,10507618
35.9834,3,35972367187,10991042
35.9862,4,35937738309,48476332
35.9887,3,35983358229,5379418
35.9916,3,35988737647,2865412
36.0017,3,35991603059,10061012
36.0048,4,35986214641,18559242
36.0148,3,36001664071,13172830
36.0174,4,36004773883,12604024
36.0209,4,36017377907,3568212
36.0341,3,36014836901,19285048
36.0536,3,36034121949,19461466
36.0564,3,36053583415,2767212
36.0664,3,36056350627,10081018
36.069,3,36066431645,2523006
36.0715,4,36020946119,50540538
36.0823,4,36071486657,10822224
36.0873,4,36082308881,4990006
36.0899,4,36087298887,2586006
36.0999,4,36089884893,10061012
36.1087,4,36099945905,8763424
36.1142,4,36108709329,5492618
36.1167,3,36068954651,47770302
36.1196,3,36116724953,2865412
36.1224,4,36114201947,8224424
36.1303,4,36122426371,7857418
36.1357,4,36130283789,5454612
36.1604,4,36135738401,24627672
36.1712,4,36160366073,10866836
36.1813,4,36171232909,10108018
36.1924,4,36181340927,11022424
36.1949,4,36192363351,2559006
36.2083,3,36119590365,88743028
36.2209,4,36194922357,26013054
36.2322,3,36208333393,23822042
36.2347,4,36220935411,13743030
36.2476,3,36232155435,15478436
36.2502,4,36234678441,15478436
36.2533,4,36250156877,3178012
36.2643,4,36253334889,10944630
36.2671,4,36264279519,2865412
36.275,4,36267144931,7885224
36.2805,4,36275030155,5463612
36.3023,4,36280493767,21769672
36.3048,4,36302263439,2532006
36.3073,4,36304795445,2523006
36.318,4,36307318451,10651830
36.3209,3,36247633871,73228822
36.3234,3,36320862693,2541006
36.3264,4,36317970281,8381836
36.3399,3,36323403699,16455248
36.3426,3,36339858947,2785212
36.353,3,36342644159,10325224
36.3695,3,36352969383,16482642
36.3827,3,36369452025,13199830
36.393,4,36326352117,66606962
36.3955,3,36382651855,12857230
36.3987,4,36392959079,5701018
36.4012,3,36395509085,5683018
36.4119,4,36398660097,13267836
36.4145,3,36401192103,13294836
36.4224,4,36411927933,10515430
36.4282,3,36414486939,13761254
36.4311,4,36422443363,8640836
36.4339,4,36431084199,2794212
36.4419,3,36428248193,13636842
36.4473,3,36441885035,5424418
36.4498,4,36433878411,15963048
36.4631,4,36449841459,13239430
36.4743,4,36463080889,11171430
36.4849,4,36474252319,10611624
36.5189,4,36484863943,33994460
36.5299,4,36518858403,11036042
36.5439,4,36529894445,14028048
36.5521,4,36543922493,8155630
36.5622,4,36552078123,10099018
36.57,4,36562177141,7844012
36.5759,4,36570021153,5891418
36.5843,3,36447309453,137038954
36.5894,3,36584348407,5026006
36.595,3,36589374413,5614624
36.603,3,36594989037,7965424
36.6163,4,36575912571,40423920
36.6219,4,36616336491,5516424
36.6294,4,36621852915,7549012
36.6356,4,36629401927,6231030
36.6409,4,36635632957,5299218
36.6463,4,36640932175,5415418
36.6564,4,36646347593,10090018
36.6623,4,36656437611,5889218
36.6677,3,36602954461,64740380
36.6778,3,36667694841,10108018
36.6837,4,36662326829,21406448
36.6888,4,36683733277,5026006
36.6968,4,36688759283,8060624
36.7077,4,36696819907,10879030
36.7127,3,36677802859,34922084
36.7178,4,36707698937,10090018
36.7345,3,36712724943,21780872
36.7428,4,36717788955,24995284
36.7478,3,36734505815,13268430
36.7503,4,36742784239,7522012
36.7553,4,36750306251,5017006
36.7587,3,36747774245,10917230
36.7779,4,36755323257,22585484
36.7832,3,36758691475,24489484
36.794,4,36777908741,16047048
36.8044,4,36793955789,10441424
36.81,4,36804397213,5576812
36.8236,4,36809974025,13580848
36.8313,4,36823554873,7730218
36.8422,4,36831285091,10953824
36.9343,3,36783180959,151151638
36.9482,3,36934332597,13826036
36.9562,3,36948158633,8081624
36.9613,3,36956240257,5100012
36.9833,3,36961340269,21969666
36.9916,3,36983309935,8265636
37.002,3,36991575571,10414424
37.042,3,37001989995,39999084
37.0557,3,37041989079,13667036
37.0744,3,37055656115,18774248
37.0992,3,37074430363,24816690
37.1068,4,36842238915,264519144
37.1093,4,37106758059,2523006
37.1204,4,37109281065,11116436
37.1309,4,37120397501,10542430
37.1365,4,37130939931,5564618
37.1529,3,37099247053,53645738
37.1717,3,37152892791,18783248
37.1854,3,37171676039,13703042
37.1881,3,37185379081,2767212
37.199,3,37188146293,10806642
37.2015,3,37198952935,2568006
37.2125,3,37201520941,10935036
37.2391,3,37212455977,26610866
37.2502,3,37239066843,11101642
37.253,3,37250168485,2803212
37.2555,4,37136504549,119008154
37.2656,3,37252971697,12586024
37.2688,4,37255512703,13282230
37.2716,3,37265557721,6031424
37.2744,4,37268794933,5561424
37.2852,4,37274356357,10840624
37.3038,4,37285196981,18563042
37.3148,4,37303760023,11066042
37.3202,4,37314826065,5406418
37.331,4,37320232483,10732636
37.3335,4,37330965119,2532006
37.3418,3,37271589145,70161810
37.3471,4,37333497125,13631242
37.3499,3,37341750955,8135624
37.3577,4,37347128367,10584224
37.3635,4,37357712591,5743818
37.3767,3,37349886579,26808854
37.3877,4,37363456409,24230660
37.3902,3,37376695433,13514642
37.3931,3,37390210075,2856412
37.4012,4,37387687069,13479042
37.4066,4,37401166111,5460418
37.4094,4,37406626529,2767212
37.4119,4,37409393741,2532006
37.4144,4,37411925747,2523006
37.4173,4,37414448753,2883412
37.4279,4,37417332165,10601630
37.4308,3,37393066487,37732720
37.4334,4,37427933795,5433418
37.4414,4,37433367213,8030430
37.4439,3,37430799207,13130442
37.4495,3,37443929649,5540812
37.4523,4,37441397643,10858030
37.4607,3,37449470461,11179836
37.4741,3,37460650297,13452842
37.4795,4,37452255673,27289884
37.4907,4,37479545557,11179836
37.4935,4,37490725393,2758212
37.5012,3,37474103139,27137684
37.5067,3,37501240823,5483618
37.5095,4,37493483605,16017048
37.5123,4,37509500653,2785212
37.5203,3,37506724441,13625048
37.5279,4,37512285865,15641642
37.5309,4,37527927507,2987612
37.5335,3,37520349489,13106636
37.5441,3,37533456125,10602624
37.5498,3,37544058749,5704624
37.5576,3,37549763373,7833012
37.5682,3,37557596385,10649824
37.5733,3,37568246209,5055012
37.5979,4,37530915119,66951956
37.6058,4,37597867075,7929424
37.6112,4,37605796499,5433418
37.6243,3,37573301221,50997326
37.6294,3,37624298547,5064012
37.6353,4,37611229917,24023866
37.6434,4,37635253783,8173630
37.646,3,37629362559,16596860
37.654,4,37643427413,10563624
37.665,4,37653991037,11036636
37.67,3,37645959419,24076260
37.681,4,37665027673,15952236
37.6835,4,37680979909,2559006
37.6921,3,37670035679,22070066
37.6975,3,37692105745,5379418
37.7025,4,37683538915,18938254
37.7107,4,37702477169,8177818
37.7157,4,37710654987,5053006
37.7182,3,37697485163,20763836
37.7214,4,37715707993,5691824
37.732,4,37721399817,10620624
37.7348,4,37732020441,2803212
37.7428,4,37734823653,8015624
37.7563,3,37718248999,38034120
37.7588,3,37756283119,2541006
37.7722,3,37758824125,13372630
37.783,3,37772196755,10791836
37.7888,3,37782988591,5763824
37.7972,3,37788752415,8486630
37.808,4,37742839277,65130398
37.8133,3,37797239045,16047848
37.8161,3,37813286893,2856412
37.8242,3,37816143305,8090624
37.827,4,37807969675,19031466
37.8324,4,37827001141,5370418
37.8349,3,37824233929,10678636
37.8377,4,37832371559,5308218
37.8537,3,37834912565,18824448
37.8618,4,37837679777,24085660
37.8675,4,37861765437,5737418
37.8757,4,37867502855,8155630
37.881,3,37853737013,27256690
37.8835,3,37880993703,2532006
37.8865,4,37875658485,10818836
37.8971,4,37886477321,10629224
37.9026,3,37883525709,19091454
37.9109,3,37902617163,8251824
37.9342,3,37910868987,23335842
37.9375,3,37934204829,3264018
37.9588,3,37937468847,21326454
37.9613,3,37958795301,2523006
37.9809,3,37961318307,19535472
37.9914,3,37980853779,10574630
37.9944,3,37991428409,2975418
38.0052,3,37994403827,10781424
38.0135,3,38005185251,8271830
38.0244,4,37897106545,127244372
38.0404,4,38024350917,16042042
38.0565,4,38040392959,16137048
38.0674,4,38056530007,10830836
38.0731,4,38067360843,5710418
38.0811,4,38073071261,8030430
38.1357,4,38081101691,54601780
38.1382,4,38135703471,2541006
38.1494,4,38138244477,11149048
38.1575,4,38149393525,8126624
38.1679,4,38157520149,10403418
38.1789,4,38167923567,11018636
38.1819,4,38178942203,2987612
38.1928,4,38181929815,10839836
38.1978,3,38013457081,184367582
38.2003,4,38192769651,7578018
38.209,3,38197824663,11156030
38.2144,4,38200347669,14012442
38.2252,4,38214360111,10795636
38.2279,4,38225155747,2785212
38.2386,4,38227940959,10667630
38.2576,3,38208980693,48659362
38.263,3,38257640055,5341412
38.2739,3,38262981467,10962824
38.2765,3,38273944291,2523006
38.2869,3,38276467297,10441424
38.2927,3,38286908721,5781824
38.3008,3,38292690545,8128630
38.3066,4,38238608589,67975004
38.3144,3,38300819175,13539636
38.3303,3,38314358811,15961236
38.3386,4,38306583593,32002090
38.344,3,38330320047,13672054
38.3468,4,38338585683,8182630
38.3548,4,38346768313,8006624
38.3573,3,38343992101,13314842
38.3627,4,38354774937,7947424
38.3652,4,38362722361,2523006
38.3681,4,38365245367,2865412
38.3709,4,38368110779,2740212
38.3846,4,38370850991,13760036
38.3874,3,38357306943,30116296
38.395,4,38384611027,10408230
38.4006,3,38387423239,13154830
38.4118,3,38400578069,11215842
38.4198,3,38411793911,7974424
38.425,4,38395019257,30030296
38.4301,4,38425049553,5026006
38.4385,4,38430075559,8423230
38.4435,4,38438498789,5026006
38.4518,3,38419768335,32005284
38.4572,3,38451773619,5424418
38.4678,3,38457198037,10620624
38.479,3,38467818661,11197836
38.5006,3,38479016497,21579466
38.5034,3,38500595963,2767212
38.5059,4,38443524795,62370386
38.5169,3,38503363175,13507030
38.5197,3,38516870205,2785212
38.5304,4,38505895181,24528872
38.533,4,38530424053,2541006
38.5466,3,38519655417,26908878
38.557,3,38546564295,10459424
38.5599,4,38532965059,26924072
38.568,3,38557023719,10976042
38.5735,3,38567999761,5543424
38.5761,4,38559889131,16186060
38.5786,3,38573543185,5055012
38.5922,3,38578598197,13556830
38.6033,4,38576075191,27176072
38.6058,4,38603251263,2595006
38.6171,4,38605846269,11215836
38.6279,4,38617062105,10848836
38.6388,4,38627910941,10851642
38.6413,4,38638762583,2559006
38.6496,4,38641321589,8244830
38.6551,4,38649566419,5534424
38.6634,4,38655100843,8292636
38.6767,4,38663393479,13346830
38.6848,4,38676740309,8072624
38.7115,4,38684812933,26668472
38.7497,4,38711481405,38261914
38.7575,4,38749743319,7784218
38.7626,4,38757527537,5073012
38.8308,4,38762600549,68217398
38.8468,3,38592155027,254656768
38.8525,4,38830817947,21685672
38.8606,4,38852503619,8084430
38.866,3,38846811795,19144666
38.8735,4,38860588049,12908424
38.8785,3,38865956461,12575018
38.8811,3,38878531479,2541006
38.8836,3,38881072485,2523006
38.8939,4,38873496473,20394036
38.9029,4,38893890509,8978824
38.911,4,38902869333,8144624
38.9222,4,38911013957,11233842
38.9248,3,38883595491,41184314
38.9357,3,38924779805,10893836
38.9382,3,38935673641,2532006
38.9491,3,38938205647,10935036
38.9517,4,38922247799,29433890
38.9624,3,38949140683,13228642
38.9652,4,38951681689,13544048
38.968,3,38962369325,5623624
38.973,4,38965225737,7766218
38.9806,3,38967992949,12577024
38.9831,3,38980569973,2550006
38.9864,3,38983119979,3255212
38.9891,4,38972991955,16150448
38.9945,4,38989142403,5321006
39.0354,3,38986375191,48983526
39.048,3,39035358717,12658024
39.0593,3,39048016741,11256636
39.0969,3,39059273377,37621496
39.1077,3,39096894873,10836836
39.1183,3,39107731709,10600618
39.1294,3,39118332327,11075830
39.132,3,39129408157,2559006
39.1428,3,39131967163,10803836
39.1531,3,39142770999,10334224
39.1768,3,39153105223,23716448
39.1878,3,39176821671,10935424
39.207,4,38994463409,212543146
39.2098,3,39187757095,22025672
39.2203,4,39207006555,13249836
39.2231,3,39209782767,13267836
39.2338,4,39220256391,13512636
39.2368,3,39223050603,13706036
39.2395,3,39236756639,2785212
39.2502,3,39239541851,10622630
39.253,4,39233769027,19198666
39.2655,4,39252967693,12539018
39.2687,4,39265506711,3187012
39.2795,3,39250164481,29337072
39.2904,4,39268693723,21658672
39.2929,4,39290352395,2523006
39.3062,4,39292875401,13286436
39.3093,4,39306161837,3109812
39.3118,3,39279501553,32320102
39.3251,4,39309271649,15838842
39.3364,4,39325110491,11321030
39.3467,3,39311821655,34917090
39.3497,4,39336431521,13294836
39.363,4,39349726357,13250030
39.3655,4,39362976387,2550006
39.3684,4,39365526393,2865412
39.3709,3,39346738745,24176066
39.3817,3,39370914811,10738830
39.3844,3,39381653641,2758212
39.3976,4,39368391805,29201878
39.4007,4,39397593683,3098212
39.4032,3,39384411853,18803048
39.4163,4,39400691895,15623836
39.4194,4,39416315731,3100618
39.4301,3,39403214901,26898084
39.4329,4,39419416349,13532642
39.4358,3,39430112985,5701418
39.4383,3,39435814403,2523006
39.4438,4,39432948991,10816030
39.4839,3,39438337409,45581320
39.5033,3,39483918729,19351460
39.5246,4,39443765021,80822622
39.5352,3,39503270189,31957684
39.5382,3,39535227873,2951612
39.5432,4,39524587643,18608848
39.5457,4,39543196491,2532006
39.5483,3,39538179485,10072018
39.5596,4,39545728497,13826454
39.5623,3,39548251503,14052660
39.5651,4,39559554951,5507424
39.578,4,39565062375,12926424
39.5805,4,39577988799,2541006
39.5836,3,39562304163,21263454
39.5864,3,39583567617,2794212
39.597,3,39586361829,10604630
39.5999,4,39580529805,19338066
39.6026,3,39596966459,5668624
39.6134,4,39599867871,13523642
39.6163,3,39602635083,13666842
39.6376,3,39616301925,21262048
39.6401,3,39637563973,2550006
39.6426,4,39613391513,29254472
39.6527,3,39640113979,12595024
39.6588,3,39652709003,6116218
39.6613,3,39658825221,2523006
39.6724,3,39661348227,11046036
39.6993,3,39672394263,26929878
39.7105,3,39699324141,11140836
39.7132,3,39710464977,2776212
39.7589,3,39713241189,45704114
39.7696,3,39758945303,10696636
39.7804,3,39769641939,10723636
39.8013,3,39780365575,20969048
39.8039,4,39642645985,161211644
39.8179,4,39803857629,14036642
39.8935,4,39817894271,75608416
39.9043,4,39893502687,10806642
39.9071,4,39904309329,2776212
39.9096,4,39907085541,2523006
39.9207,4,39909608547,11098836
39.9236,3,39801334623,122310172
39.934,3,39923644795,10396424
39.937,3,39934041219,2928412
39.9481,4,39920707383,27379084
39.9531,4,39948086467,5017006
39.9631,4,39953103473,10045018
39.9657,4,39963148491,2523006
39.9682,4,39965671497,2523006
39.9707,4,39968194503,2532006
39.9743,4,39970726509,3613218
39.9849,4,39974339727,10545624
39.9877,4,39984885351,2785212
39.9904,4,39987670563,2776212
39.993,3,39936969631,56009150
40.0038,4,39990446775,13380842
40.0066,3,39992978781,13616048
40.0091,3,40006594829,2523006
40.012,3,40009117835,2883412
40.0223,3,40012001247,10302012
40.0356,4,40003827617,31818672
40.0382,4,40035646289,2550006
40.0407,3,40022303259,18425042
40.0548,3,40040728301,14041836
40.0576,3,40054770137,2821212
40.0676,3,40057591349,10054018
40.0702,4,40038196295,31972078
40.0736,4,40070168373,3422218
40.0843,4,40073590591,10685630
40.095,4,40084276221,10764836
40.0976,3,40067645367,29945696
40.108,3,40097591063,10423424
40.1219,4,40095041057,26905866
40.1245,3,40108014487,16464442
40.1351,3,40124478929,10631630
40.138,4,40121946923,16056048
40.1406,4,40138002971,2568006
40.1434,3,40135110559,8307830
40.1563,4,40140570977,15746436
40.1614,4,40156317413,5062006
40.1727,4,40161379419,11331436
40.1755,4,40172710855,2749212
40.1863,4,40175460067,10842642
40.1891,3,40143418389,45669532
40.1998,3,40189087921,10729830
40.2026,3,40199817751,2812212
40.2131,3,40202629963,10491624
40.2156,4,40186302709,29341884
40.2264,4,40215644593,10745424
40.2314,3,40213121587,18285436
40.2339,4,40226390017,7558012
40.2365,4,40233948029,2541006
40.2509,3,40231407023,19509254
40.2776,3,40250916277,26657866
40.2876,4,40236489035,51139126
40.2902,3,40277574143,12604024
40.2933,4,40287628161,5683018
40.3039,3,40290178167,13722448
40.3067,4,40293311179,13436848
40.3096,4,40306748027,2821212
40.3121,3,40303900615,8191630
40.3233,3,40312092245,11218036
40.3258,4,40309569239,16273048
40.3284,3,40323310281,5064012
40.339,4,40325842287,13183642
40.342,3,40328374293,13639248
40.3531,3,40342013541,11075830
40.3556,4,40339025929,16604448
40.3582,3,40353089371,5064012
40.361,4,40355630377,5388418
40.3824,4,40361018795,21345642
40.3928,4,40382364437,10434430
40.4113,4,40392798867,18482042
40.4223,3,40358153383,64128756
40.436,3,40422282139,13673836
40.4523,3,40435955975,16318254
40.4551,3,40452274229,2845006
40.4608,4,40411280909,49479950
40.4685,3,40455119235,13398842
40.4739,3,40468518077,5415418
40.4818,4,40460760859,21073054
40.4869,3,40473933495,12982430
40.497,4,40481833913,15172030
40.5086,4,40497005943,11611642
40.5136,3,40486915925,26718666
40.5244,3,40513634591,10751024
40.5301,4,40508617585,21494442
40.5409,4,40530112027,10741636
40.5514,4,40540853663,10518624
40.5627,4,40551372287,11305036
40.5837,3,40524385615,59329562
40.5863,4,40562677323,23578860
40.5895,3,40583715177,5796024
40.5999,4,40586256183,13642442
40.6028,3,40589511201,13288836
40.6186,4,40599898625,18699248
40.6211,4,40618597873,2532006
40.6237,3,40602800037,20861848
40.629,3,40623661885,5330012
40.6473,4,40621129879,26157242
40.6531,3,40628991897,24082442
40.6613,4,40647287121,14029642
40.6644,3,40653074339,11307042
40.6669,4,40661316763,5605624
40.6777,3,40664381381,13344842
40.6802,3,40677726223,2523006
40.6831,4,40666922387,16201254
40.6857,3,40680249229,5415418
40.6958,4,40683123641,12649024
40.6989,3,40685664647,13259030
40.7043,4,40695772665,8557430
40.7069,3,40698923677,7929424
40.7177,3,40706853101,10893836
40.7203,3,40717746937,2523006
40.7231,3,40720269943,2856412
40.7315,4,40704330095,27142884
40.7369,4,40731472979,5377412
40.7503,3,40723126355,27176878
40.7582,4,40736850391,21355266
40.7611,4,40758205657,2874412
40.7668,3,40750303233,16449248
40.7748,4,40761080069,13720842
40.7776,4,40774800911,2758212
40.7831,4,40777559123,5505418
40.804,4,40783064541,20922042
40.809,4,40803986583,5062006
40.8203,4,40809048589,11227630
40.8307,3,40766752481,63947162
40.8419,3,40830699643,11176036
40.8447,3,40841875679,2803212
40.8472,4,40820276219,26925678
40.8526,4,40847201897,5370418
40.8604,3,40844678891,15742648
40.8634,3,40860421539,2960612
40.8662,4,40852572315,13645842
40.8712,4,40866218157,5008006
40.8737,4,40871226163,2523006
40.8788,4,40873749169,5026006
40.8899,3,40863382151,26539654
40.8928,3,40889921805,2919412
40.9004,4,40878775175,21635060
40.9059,3,40892841217,13088636
40.9085,3,40905929853,2523006
40.9114,4,40900410235,11012236
40.9246,4,40911422471,13213830
40.9272,3,40908452859,18706448
40.93,4,40924636301,5397418
40.9353,3,40927159307,8186424
40.9464,4,40930033719,16414248
40.9571,4,40946447967,10696636
40.9599,4,40957144603,2776212
40.968,4,40959920815,8070218
40.9738,4,40967991033,5772824
40.9763,4,40973763857,2523006
40.9845,3,40935345731,49170768
40.9979,4,40976286863,21593666
41.0032,4,40997880529,5317218
41.0277,4,41003197747,24516878
41.0302,4,41027714625,2523006
41.0412,4,41030237631,10920436
41.0441,4,41041158067,2969612
41.0492,3,40984516499,64673186
41.0575,4,41044127679,13384036
41.0822,4,41057511715,24722678
41.085,4,41082234393,2776212
41.0955,4,41085010605,10470430
41.1145,4,41095481035,19047460
41.1254,4,41114528495,10875836
41.1362,4,41125404331,10788636
41.1475,4,41136192967,11350042
41.1912,3,41049189685,142010068
41.1991,4,41147543009,51548162
41.2099,3,41191199753,18654248
41.2153,4,41199091171,16178248
41.226,4,41215269419,10745824
41.2369,3,41209854001,27064078
41.2395,4,41226015243,13452842
41.2478,4,41239468085,8301624
41.2534,3,41236918079,16484254
41.2562,4,41247769709,8381836
41.2587,3,41253402333,5281218
41.2668,4,41256151545,10622630
41.2722,4,41266774175,5404412
41.2753,3,41258683551,16584248
41.2833,4,41272178587,11113836
41.2908,4,41283292423,7547006
41.2934,4,41290839429,2523006
41.3016,4,41293362435,8283224
41.3092,4,41301645659,7603012
41.3177,4,41309248671,8450036
41.3231,4,41317698707,5424418
41.3341,4,41323123125,10940842
41.3421,3,41275267799,66871598
41.3454,4,41334063967,11327848
41.3479,4,41345391815,2532006
41.3533,3,41342139397,11181842
41.3561,3,41353321239,2794212
41.3721,3,41356115451,15955842
41.3861,4,41347923821,38136720
41.3915,4,41386060541,5406418
41.3995,4,41391466959,8015624
41.4022,3,41372071293,30160502
41.4075,4,41399482583,8030430
41.41,4,41407513013,2523006
41.4129,3,41402231795,10651636
41.4154,4,41410036019,5370418
41.4236,3,41412883431,10669636
41.4264,4,41415406437,11012042
41.429,4,41426418479,2532006
41.4344,3,41423553067,10830836
41.4426,3,41434383903,8171624
41.4646,3,41442555527,22020472
41.4836,3,41464575999,19071448
41.4862,4,41428950485,57228968
41.4889,3,41483647447,5281218
41.5025,4,41486179453,16282254
41.5105,3,41488928665,21563472
41.5155,4,41502461707,13065436
41.5185,3,41510492137,8004618
41.521,3,41518496755,2523006
41.5286,4,41515527143,13032630
41.5317,4,41528559773,3142012
41.5367,4,41531701785,5046012
41.5396,3,41521019761,18584448
41.5421,3,41539604209,2532006
41.5504,4,41536747797,13619842
41.5529,3,41542136215,10763430
41.5587,4,41550367639,8317024
41.5666,4,41558684663,7867224
41.5694,4,41566551887,2847412
41.5748,3,41552899645,21924072
41.6103,3,41574823717,35482308
41.6211,3,41610306025,10765830
41.6238,3,41621071855,2767212
41.632,3,41623839067,8155630
41.6839,3,41631994697,51914562
41.7214,3,41683909259,37493696
41.7427,3,41721402955,21261254
41.7506,3,41742664209,7920424
41.7567,3,41750584633,6094824
41.7974,3,41756679457,40766726
41.8002,3,41797446183,2749212
41.8103,3,41800195395,10063018
41.8238,3,41810258413,13529024
41.8373,3,41823787437,13488842
41.8451,3,41837276279,7837418
41.8476,3,41845113697,2523006
41.8588,3,41847636703,11149836
41.8618,3,41858786539,3014612
41.8726,3,41861801151,10815642
41.8998,3,41872616793,27173878
41.9106,3,41899790671,10836836
41.9132,3,41910627507,2523006
41.9243,3,41913150513,11129042
41.9343,3,41924279555,10063018
41.9375,3,41934342573,3109812
41.9484,3,41937452385,10940842
41.9592,3,41948393227,10849624
41.9699,3,41959242851,10613824
41.9806,3,41969856675,10741636
42.0187,3,41980598311,38101714
42.0296,3,42018700025,10920836
42.0349,3,42029620861,5263218
42.0403,3,42034884079,5388418
42.0458,3,42040272497,5552424
42.1279,3,42045824921,82075676
42.1389,3,42127900597,10949842
42.147,3,42138850439,8126624
42.1524,3,42146977063,5451418
42.1603,3,42152428481,7831224
42.1631,3,42160259705,2874412
42.1794,3,42163134117,16298042
42.182,3,42179432159,2523006
42.1902,3,42181955165,8271830
42.1986,3,42190226995,8406430
42.3215,3,42198633425,122847614
42.327,3,42321481039,5483618
42.332,3,42326964657,4990006
42.3345,3,42331954663,2550006
42.3643,3,42334504669,29813484
42.3834,3,42364318153,19089454
42.3939,3,42383407607,10497430
42.4025,3,42393905037,8620830
42.4105,3,42402525867,7965424
42.4159,3,42410491291,5406418
42.4291,3,42415897709,13221024
42.4342,3,42429118733,5055012
42.4639,3,42434173745,29696096
42.4908,3,42463869841,26925060
42.5015,3,42490794901,10741636
42.5044,3,42501536537,2836006
42.5153,3,42504372543,10917036
42.5233,3,42515289579,8048430
42.5344,3,42523338009,11021042
42.548,3,42534359051,13616848
42.5507,3,42547975899,2749212
42.5615,3,42550725111,10753830
42.5722,3,42561478941,10741636
42.5754,3,42572220577,3160412
42.5859,3,42575380989,10563624
42.5967,3,42585944613,10732636
42.6054,3,42596677249,8723166
42.6079,3,42605400415,2523006
42.6189,3,42607923421,10940842
42.6376,3,42618864263,18768054
42.6427,4,41569399299,1073324030
42.6503,3,42637632317,12631024
42.6537,4,42642723329,10985430
42.6612,3,42650263341,10985430
42.6688,3,42661248771,7531012
42.672,4,42653708759,18317236
42.6748,3,42668779783,5995424
42.6776,4,42672025995,5603218
42.6939,4,42677629213,16316248
42.7015,3,42674775207,26710266
42.7065,4,42693945461,12584018
42.715,4,42706529479,8481018
42.7231,4,42715010497,8119824
42.7285,3,42701485473,27004260
42.7339,3,42728489733,5415418
42.7394,3,42733905151,5516424
42.7447,4,42723130321,21572472
42.7608,4,42744702793,16102236
42.7712,4,42760805029,10385418
42.7767,4,42771190447,5531812
42.7826,4,42776722259,5847424
42.7904,4,42782569683,7840224
42.7929,4,42790409907,2532006
42.8037,4,42792941913,10760824
42.8153,4,42803702737,11552690
42.8206,4,42815255427,5308218
42.8231,3,42739421575,83665076
42.8337,4,42820563645,13163830
42.8366,3,42823086651,13497236
42.8391,3,42836583887,2541006
42.8441,4,42833727475,10396424
42.8497,4,42844123899,5578818
42.8522,3,42839124893,13100830
42.9068,4,42849702717,57073974
42.9202,4,42906776691,13459830
42.9449,4,42920236521,24691890
42.9504,4,42944928411,5507424
42.9555,4,42950435835,5073012
42.9638,4,42955508847,8277830
42.9692,4,42963786677,5424418
42.9799,4,42969211095,10667630
42.991,4,42979878725,11107836
42.9935,4,42990986561,2541006
43.0095,4,42993527567,16009236
43.0536,4,43009536803,44093968
43.0612,4,43053630771,7585012
43.0722,4,43061215783,11018236
43.0751,4,43072234019,2847412
43.0862,4,43075081431,11116836
43.0918,4,43086198267,5561424
43.0993,4,43091759691,7558012
43.1322,4,43099317703,32928702
43.1376,4,43132246405,5388418
43.146,4,43137634823,8319636
43.1568,4,43145954459,10815642
43.1596,4,43156770101,2794212
43.1674,4,43159564313,7875418
43.257,4,43167439731,89530452
43.2731,4,43256970183,16094854
43.276,4,43273065037,2919412
43.2866,4,43275984449,10649824
43.297,4,43286634273,10376018
43.2996,4,43297010291,2550006
43.3103,4,43299560297,10727024
43.3219,4,43310287321,11566248
43.3244,4,43321853569,2523006
43.3348,4,43324376575,10450424
43.3374,4,43334826999,2577006
43.3482,4,43337404005,10813030
43.3507,4,43348217035,2532006
43.3698,4,43350749041,19080848
43.3808,4,43369829889,10940842
43.3861,4,43380770731,5317218
43.3946,4,43386087949,8536830
43.3999,4,43394624779,5317218
43.41,4,43399941997,10070012
43.4213,4,43410012009,11321642
43.4323,4,43421333651,10982636
43.4426,4,43432316287,10325224
43.4701,4,43442641511,27465490
43.4808,4,43470107001,10696636
43.4912,4,43480803637,10361224
43.5027,4,43491164861,11551442
43.5133,4,43502716303,10616436
43.5242,4,43513332739,10832024
43.5354,4,43524164763,11235842
43.5379,4,43535400605,2541006
43.5407,4,43537941611,2794212
43.5539,4,43540735823,13152824
43.5618,4,43553888647,7893424
43.5727,4,43561782071,10935036
43.5755,4,43572717107,2767212
43.5864,4,43575484319,10958842
43.5969,4,43586443161,10408230
43.6001,4,43596851391,3291612
43.6057,4,43600143003,5507424
43.6136,4,43605650427,7995618
43.6244,4,43613646045,10705636
43.6271,4,43624351681,2776212
43.6384,4,43627127893,11271842
43.6494,4,43638399735,10958842
43.6519,4,43649358577,2577006
43.6626,4,43651935583,10622824
43.6653,4,43662558407,2785212
43.6755,4,43665343619,10126018
43.7863,4,43675469637,110835106
43.7892,4,43786304743,2847412
43.8671,4,43789152155,77987392
43.8776,4,43867139547,10482624
43.8805,4,43877622171,2856412
43.9155,4,43880478583,35068308
43.9264,4,43915546891,10836836
43.9375,4,43926383727,11134836
43.9403,4,43937518563,2767212
43.9428,4,43940285775,2532006
43.9535,4,43942817781,10714830
43.972,4,43953532611,18469848
43.983,4,43972002459,11021236
43.9937,4,43983023695,10705636
44.0074,4,43993729331,13650030
44.0102,4,44007379361,2821212
44.0207,4,44010200573,10538630
44.0233,4,44020739203,2559006
44.0454,3,42852225723,1193196358
44.048,3,44045422081,2550006
44.0588,3,44047972087,10875836
44.0614,3,44058847923,2550006
44.0724,3,44061397929,11039042
44.075,3,44072436971,2532006
44.0853,3,44074968977,10361224
44.0879,3,44085330201,2532006
44.099,3,44087862207,11125436
44.1015,3,44098987643,2523006
44.1153,3,44101510649,13771236
44.1181,3,44115281885,2776212
44.1208,3,44118058097,2785212
44.1338,3,44120843309,12937430
44.1558,3,44133780739,22004866
44.1775,3,44155785605,21724672
44.1883,3,44177510277,10741636
44.199,3,44188251913,10753830
44.2097,3,44199005743,10723636
44.2316,3,44209729379,21835660
44.2416,3,44231565039,10072018
44.2445,3,44241637057,2836006
44.2579,4,44023298209,234577278
44.2689,3,44244473063,24448460
44.2717,3,44268921523,2749212
44.2842,4,44257875487,26363272
44.2874,4,44284238759,3151012
44.2899,4,44287389771,2532006
44.2928,4,44289921777,2901412
44.3036,4,44292823189,10726830
44.3061,3,44271670735,34429290
44.3088,4,44303550019,5290218
44.3195,4,44308840237,10638224
44.3226,4,44319478461,3154812
44.3762,3,44306100025,70074398
44.3869,4,44322633273,64280368
44.3976,3,44376174423,21426854
44.4005,3,44397601277,2865412
44.403,4,44386913641,16085054
44.4059,3,44400466689,5406418
44.4084,4,44402998695,5397418
44.4192,4,44408396113,10801436
44.4217,4,44419197549,2532006
44.4248,3,44405873107,18930260
44.4276,3,44424803367,2749212
44.4303,4,44421729555,8608236
44.4331,3,44427552579,5525424
44.4358,3,44433078003,2749212
44.4575,3,44435827215,21675460
44.4603,4,44430337791,29986096
44.4709,3,44457502675,13407842
44.476,3,44470910517,5071006
44.4785,3,44475981523,2532006
44.4893,3,44478513529,10815230
44.4923,3,44489328759,2984418
44.4949,3,44492313177,2559006
44.5056,3,44494872183,10737836
44.5084,3,44505610019,2776212
44.5624,3,44508386231,54027738
44.5915,3,44562413969,29105060
44.6018,3,44591519029,10316224
44.6049,3,44601835253,3023612
44.6158,3,44604858865,10940842
44.6186,3,44615799707,2776212
44.6296,3,44618575919,10982636
44.64,3,44629558555,10417230
44.643,3,44639975785,3073812
44.6623,3,44643049597,19271260
44.6729,3,44662320857,10615830
44.6837,3,44672936687,10741636
44.6865,3,44683678323,2794212
44.6972,4,44460323887,236839478
44.7107,3,44686472535,24206672
44.7132,4,44697163365,16056848
44.7233,4,44713220213,10063018
44.7448,3,44710679207,34075472
44.7668,3,44744754679,22036054
44.7698,4,44723283231,46477114
44.7805,4,44769760345,10726830
44.7833,3,44766790733,16481654
44.7938,3,44783272387,10511630
44.7963,4,44780487175,15819848
44.7992,3,44793784017,5379418
44.8126,3,44799163435,13425842
44.8151,3,44812589277,2523006
44.818,3,44815112283,2856412
44.8207,4,44796307023,24410884
44.8235,3,44817968695,5543424
44.8346,4,44820717907,13841036
44.9128,4,44834558943,78194422
44.9343,4,44912753365,21556454
44.9715,3,44823512119,148026584
45.0228,3,44971538703,51259350
45.0529,3,45022798053,30139284
45.0642,3,45052937337,11262842
45.0718,3,45064200179,7558012
45.0876,3,45071758191,15875036
45.0988,3,45087633227,11200436
45.1068,3,45098833663,8012430
45.1124,3,45106846093,5543424
45.1149,3,45112389517,2541006
45.1427,3,45114930523,27736102
45.1507,3,45142666625,8015624
45.1614,3,45150682249,10753830
45.164,3,45161436079,2523006
45.1748,3,45163959085,10835424
45.1805,3,45174794509,5727824
45.1939,3,45180522333,13416842
45.2397,3,45193939175,45738738
45.3024,4,44934309819,368136892
45.3107,4,45302446711,8274636
45.3213,4,45310721347,10589436
45.3269,4,45321310783,5564618
45.3297,4,45326875401,2856412
45.3484,3,45239677913,108687748
45.3509,3,45348365661,2541006
45.3567,3,45350906667,5787024
45.3595,4,45329731813,29720090
45.3703,3,45356693691,13559642
45.3811,3,45370253333,10867030
45.4219,4,45359451903,62399198
45.4327,3,45381120363,51531574
45.4354,4,45421851101,13559048
45.4379,3,45432651937,5281218
45.4458,4,45435410149,10376018
45.4515,4,45445786167,5710018
45.4624,4,45451496185,10857836
45.4649,4,45462354021,2523006
45.4705,4,45464877027,5614624
45.4733,3,45437933155,35403502
45.4814,4,45470491651,10864430
45.4842,4,45481356081,2856412
45.4897,4,45484212493,5460418
45.5029,3,45473336657,29575084
45.5107,3,45502911741,7804224
45.5132,4,45489672911,23566060
45.5191,3,45510715965,8346030
45.5291,4,45513238971,15839036
45.5316,4,45529078007,2541006
45.54,4,45531619013,8376418
45.5478,4,45539995431,7826018
45.5535,4,45547821449,5677818
45.5776,3,45519061995,58550726
45.5827,4,45553499267,29186466
45.5912,3,45577612721,13636248
45.6039,3,45591248969,12640024
45.6313,4,45582685733,48578944
45.6338,3,45603888993,29907690
45.6419,4,45631264677,10678636
45.6528,4,45641943313,10867630
45.6585,3,45633796683,24682884
45.6803,4,45652810943,27489284
45.6912,4,45680300227,10851642
45.6937,3,45658479567,35204308
45.7041,4,45691151869,12926424
45.7146,3,45693683875,20925236
45.7203,4,45704078293,16181636
45.7284,3,45714609111,13743448
45.7337,4,45720259929,13436848
45.7362,3,45728352559,7876224
45.7463,4,45733696777,12604024
45.7499,3,45736228783,13658230
45.7574,4,45746300801,11135224
45.765,3,45749887013,15080024
45.7675,3,45764967037,2568006
45.7816,4,45757436025,24183848
45.7917,3,45767535043,24201848
45.7977,3,45791736891,5948418
45.803,3,45797685309,5272218
45.811,3,45802957527,8001424
45.8192,3,45810958951,8286830
45.8218,4,45781619873,40148914
45.8298,3,45819245781,10579630
45.8353,4,45821768787,13499042
45.8378,3,45829825411,7965424
45.8403,3,45837790835,2532006
45.8517,3,45840322841,11370236
45.8545,3,45851693077,2803212
45.8625,3,45854496289,8021430
45.865,4,45835267829,29772896
45.8706,3,45862517719,8033624
45.8733,4,45865040725,8295830
45.8818,3,45870551343,11199842
45.8873,3,45881751185,5552424
45.8898,4,45873336555,16490060
45.8926,4,45889826615,2758212
45.9002,3,45887303609,12848230
45.9059,4,45892584827,13313030
45.9084,3,45900151839,8278024
45.9189,4,45905897857,13035824
45.9243,3,45908429863,15874236
45.9268,3,45924304099,2541006
45.9297,3,45926845105,2892412
45.9538,3,45929737517,24062066
45.9644,3,45953799583,10622824
45.9781,3,45964422407,13705442
45.9866,3,45978127849,8495630
45.992,3,45986623479,5353218
46.0543,3,45991976697,62315404
46.0736,3,46054292101,19330460
46.0814,4,45918933681,162493104
46.0867,3,46073622561,13107236
46.0918,3,46086729797,5026006
46.0943,3,46091755803,2541006
46.1054,3,46094296809,11080630
46.1189,3,46105377439,13540230
46.1297,4,46081426785,48288526
46.1704,3,46118917669,51522556
46.2005,4,46129715311,70800010
46.2033,4,46200515321,2776212
46.2139,4,46203291533,10602624
46.2221,3,46170440225,51645562
46.2271,4,46213894157,13190636
46.2296,3,46222085787,7522012
46.2346,4,46227084793,7551012
46.2372,4,46234635805,2523006
46.2447,3,46229607799,15091024
46.2522,3,46244698823,7457006
46.2777,3,46252155829,25506272
46.2805,3,46277662101,2794212
46.291,3,46280456313,10538630
46.3023,3,46290994943,11269836
46.313,3,46302264779,10705636
46.3157,3,46312970415,2740212
46.3267,3,46315710627,10949842
46.3294,4,46237158811,92277870
46.332,4,46329436681,2532006
46.3428,4,46331968687,10839836
46.3456,4,46342808523,2812212
46.3484,3,46326660469,21718478
46.359,4,46345620735,13390036
46.3616,3,46348378947,13172830
46.3644,3,46361551777,2845006
46.3754,4,46359010771,16371054
46.3829,4,46375381825,7484006
46.394,3,46364396783,29568272
46.3967,4,46382865831,13875436
46.4103,3,46393965055,16325248
46.4128,3,46410290303,2523006
46.4234,3,46412813309,10613824
46.4262,3,46423427133,2767212
46.4287,4,46396741267,31976084
46.4396,4,46428717351,10881036
46.4421,3,46426194345,15954048
46.4449,3,46442148393,2740212
46.4476,3,46444888605,2758212
46.453,3,46447646817,5332412
46.4636,4,46439598387,24041672
46.4665,3,46452979229,13523836
46.4694,4,46463640059,5737418
46.4719,4,46469377477,2541006
46.4826,3,46466503065,16076054
46.4855,4,46471918483,13553048
46.488,3,46482579119,5415418
46.4987,4,46485471531,13221430
46.5012,4,46498692961,2523006
46.5151,4,46501215967,13864636
46.5258,4,46515080603,10714636
46.5367,4,46525795239,10884836
46.5392,3,46487994537,51226544
46.5496,4,46536680075,12946430
46.5522,3,46539221081,12937430
46.5547,4,46549626505,5073012
46.5597,4,46554699517,5026006
46.5714,4,46559725523,11635436
46.5739,3,46552158511,21743454
46.5767,4,46571360959,5308218
46.5873,3,46573901965,13354036
46.59,4,46576669177,13354036
46.601,4,46590023213,10980630
46.6035,4,46601003843,2541006
46.6065,3,46587256001,19199260
46.6167,3,46606455261,10280224
46.6218,3,46616735485,5017006
46.6243,4,46603544849,20748648
46.6276,4,46624293497,3273212
46.6401,3,46621752491,18382242
46.6435,4,46627566709,15900242
46.6463,4,46643466951,2848212
46.6488,3,46640134733,8703436
46.6592,3,46648838169,10322418
46.6622,3,46659160587,2996612
46.6649,3,46662157199,2776212
46.6755,4,46646315163,29191466
46.6785,4,46675506629,3005612
46.6917,3,46664933411,26810860
46.6945,3,46691744271,2749212
46.6972,4,46678512241,18721454
46.708,4,46697233695,10792430
46.7109,3,46694493483,16407054
46.7135,3,46710900537,2559006
46.7163,4,46708026125,8289830
46.7188,3,46713459543,5388418
46.7297,3,46718847961,10821836
46.7324,3,46729669797,2767212
46.7352,4,46716315955,18906266
46.7455,3,46732437009,13083436
46.748,4,46735222221,12821230
46.7513,4,46748043451,3282018
46.7539,3,46745520445,8337030
46.7647,4,46751325469,13341842
46.7672,3,46753857475,13332842
46.7701,4,46764667311,5415418
46.7732,3,46767190317,6017624
46.7834,3,46773207941,10206218
46.7864,3,46783414159,2987612
46.7889,3,46786401771,2532006
46.7998,4,46770082729,29766078
46.8026,4,46799848807,2758212
46.8137,4,46802607019,11110642
46.8355,4,46813717661,21769672
46.8458,4,46835487333,10298224
46.8488,4,46845785557,2969612
46.862,4,46848755169,13220830
46.8727,4,46861975999,10765830
46.8864,4,46872741829,13656030
46.897,4,46886397859,10554624
46.9454,4,46896952483,48420326
46.974,4,46945372809,28676454
46.9795,4,46974049263,5413012
46.9883,4,46979462275,8821642
46.9987,4,46988283917,10390230
47.0042,4,46998674147,5501618
47.0071,4,47004175765,2874412
47.0149,4,47007050177,7871012
47.0206,4,47014921189,5632818
47.0231,4,47020554007,2523006
47.0337,4,47023077013,10640824
47.0627,4,47033717837,28968660
47.076,4,47062686497,13294836
47.0847,4,47075981333,8745230
47.0978,4,47084726563,13065436
47.1004,4,47097791999,2559006
47.1117,4,47100351005,11390242
47.1147,4,47111741247,2937412
47.1254,4,47114678659,10696636
47.1279,4,47125375295,2523006
47.1333,4,47127898301,5433418
47.1415,4,47133331719,8203824
47.1443,4,47141535543,2767212
47.155,4,47144302755,10678636
47.1578,4,47154981391,2812212
47.1767,3,46788933777,387717080
47.2038,3,47176650857,27171878
47.215,3,47203822735,11152836
47.2204,3,47214975571,5415418
47.2309,4,47157793603,73080010
47.2362,3,47220390989,15790842
47.2387,4,47230873613,7831224
47.2467,4,47238704837,7977618
47.2497,4,47246682455,2969612
47.2788,3,47236181831,42656102
47.2867,3,47278837933,7826012
47.2897,3,47286663945,3055812
47.3003,3,47289719757,10607436
47.3034,3,47300327193,3046618
47.306,3,47303373811,2577006
47.3087,4,47249652067,59038962
47.3112,3,47305950817,5263218
47.3224,4,47308691029,13726042
47.3252,3,47311214035,13988248
47.328,4,47322417071,5561424
47.3333,4,47327978495,5370418
47.3359,3,47325202283,10669636
47.344,3,47335871919,8117624
47.3468,4,47333348913,13416842
47.3522,4,47346765755,5406418
47.3656,3,47343989543,21606466
47.3763,3,47365596009,10741636
47.3792,3,47376337645,2874412
47.387,4,47352172173,34865896
47.3896,3,47379212057,10376018
47.3953,3,47389588075,5663012
47.4028,3,47395251087,7558012
47.4166,3,47402809099,13804442
47.4194,3,47416613541,2836006
47.4304,3,47419449547,10990030
47.4519,3,47430439577,21418266
47.4627,3,47451857843,10827836
47.4708,3,47462685679,8146630
47.4762,3,47470832309,5415418
47.4813,3,47476247727,5046012
47.487,3,47481293739,5745824
47.4955,3,47487039563,8468630
47.5008,4,47387038069,113805342
47.5034,3,47495508193,7867224
47.5116,4,47500843411,10735830
47.517,4,47511579241,5413412
47.5254,3,47503375417,21993860
47.5307,4,47516992653,13666842
47.541,3,47525369277,15588442
47.544,3,47540957719,3046812
47.5495,3,47544004531,5451418
47.5597,4,47530659495,29085678
47.5655,4,47559745173,5754824
47.568,4,47565499997,2532006
47.5756,3,47549455949,26107066
47.5786,3,47575563015,3064812
47.5841,3,47578627827,5469418
47.5866,3,47584097245,2550006
47.595,3,47586647251,8376824
47.5978,3,47595024075,2758212
47.6033,4,47568032003,35284708
47.6058,3,47597782287,8057430
47.6138,4,47603316711,10464624
47.6166,4,47613781335,2776212
47.6218,3,47605839717,15999048
47.625,3,47621838765,3187412
47.6278,4,47616557547,11217842
47.6355,3,47625026177,10459424
47.638,3,47635485601,2523006
47.6405,3,47638008607,2532006
47.6489,3,47640540613,8326218
47.6514,4,47627775389,23632448
47.6621,3,47648866831,13211830
47.6701,3,47662078661,7992424
47.6751,4,47651407837,23707254
47.6776,4,47675115091,2523006
47.7158,4,47677638097,38146296
47.7238,4,47715784393,7968618
47.7399,3,47670071085,69863574
47.7429,4,47723753011,19151260
47.7504,4,47742904271,7502006
47.7555,3,47739934659,15526630
47.7611,3,47755461289,5663012
47.7693,3,47761124301,8155630
47.7722,3,47769279931,2874412
47.8129,4,47750406277,62481786
47.8237,4,47812888063,10851642
47.8323,4,47823739705,8593830
47.8432,4,47832333535,10842642
47.8513,4,47843176177,8111430
47.8594,4,47851287607,8069624
47.9277,3,47772154343,155571916
47.9331,3,47927726259,5377012
47.9385,3,47933103271,5379418
47.9469,3,47938482689,8417836
47.9524,3,47946900525,5507424
47.9578,3,47952407949,5388418
47.9633,3,47957796367,5552424
47.9684,3,47963348791,5082012
47.9766,4,47859357231,117256202
47.9791,3,47968430803,10714636
47.9867,3,47979145439,7540012
47.9925,4,47976613433,15877236
47.9979,3,47986685451,11173630
48.0035,3,47997859081,5627418
48.0089,3,48003486499,5415418
48.0139,4,47992490669,21437254
48.0216,3,48008901917,12658024
48.0247,4,48013927923,10765030
48.0275,4,48024692953,2785212
48.0332,4,48027478165,5683418
48.0682,3,48021559941,46685144
48.0762,3,48068245085,7920424
48.0815,3,48076165509,5344218
48.0898,3,48081509727,8244830
48.0951,3,48089754557,5335218
48.1036,3,48095089775,8484630
48.13,4,48033161583,96803482
48.1413,4,48129965065,11379042
48.152,4,48141344107,10649630
48.1652,3,48103574405,61593350
48.1759,4,48151993737,23888654
48.1868,3,48165167755,21608472
48.1946,3,48186776227,7846418
48.1975,3,48194622645,2856412
48.2189,4,48175882391,43036920
48.2349,3,48197479057,37407102
48.2382,3,48234886159,3282612
48.2407,4,48218919311,21772466
48.2461,4,48240691777,5397418
48.2561,4,48246089195,9998012
48.2611,4,48256087207,5026006
48.2636,3,48238168771,25467448
48.2737,4,48261113213,12539018
48.2813,4,48273652231,7614018
48.2879,4,48281266249,6666224
48.3014,4,48287932473,13423836
48.3259,3,48263636219,62221956
48.3314,4,48301356309,30027290
48.3398,3,48325858175,13976054
48.3454,4,48331383599,13967054
48.356,3,48339834229,16139054
48.3616,3,48355973283,5579424
48.3666,4,48345350653,21266066
48.3721,3,48361552707,10556630
48.375,4,48366616719,8349030
48.3882,4,48374965749,13191824
48.3985,3,48372109337,26382460
48.401,4,48388157573,12857230
48.4094,3,48398491797,10896036
48.426,4,48401014803,24939472
48.4314,3,48409387833,21972860
48.439,4,48425954275,13009430
48.4443,3,48431360693,12971024
48.4469,4,48438963705,7891018
48.4494,3,48444331717,5046012
48.4581,3,48449377729,8726636
48.4636,4,48446854723,16775066
48.4662,3,48458104365,8066430
48.4771,3,48466170795,10971036
48.4822,4,48463629789,18601048
48.4923,3,48477141831,15123018
48.5049,3,48492264849,12631024
48.5358,4,48482230837,53592332
48.5386,4,48535823169,2740212
48.5493,3,48504895873,44410926
48.5544,3,48549306799,5055012
48.5576,4,48538563381,19035448
48.5626,3,48554361811,8283030
48.584,3,48562644841,21380260
48.589,4,48557598829,31443278
48.611,3,48584025101,26959272
48.6138,4,48589042107,24727478
48.6245,3,48610984373,13512636
48.6271,4,48613769585,13295430
48.6355,3,48624497009,11030236
48.643,3,48635527245,7475006
48.6455,3,48643002251,2541006
48.6534,4,48627065015,26331254
48.6594,4,48653396269,6022424
48.6624,3,48645543257,16859854
48.6703,4,48659418693,10848836
48.6777,3,48662403111,15332424
48.6808,3,48677735535,3064812
48.6916,4,48670267529,21364454
48.7026,4,48691631983,10949842
48.7053,4,48702581825,2749212
48.7081,4,48705331037,2758212
48.7185,4,48708089249,10367018
48.7243,4,48718456267,5841024
48.7433,4,48724297291,18958260
48.746,3,48680800347,65195416
48.7593,3,48745995763,13298630
48.7619,3,48759294393,2568006
48.773,3,48761862399,11095242
48.7811,3,48772957641,8182630
48.7837,4,48743255551,40416726
48.7892,3,48781140271,8015624
48.7969,4,48783672277,13276836
48.8024,4,48796949113,5433418
48.8132,4,48802382531,10848836
48.8161,3,48789155895,26958884
48.8186,3,48816114779,2523006
48.8273,4,48813231367,14065254
48.8326,3,48818637785,13947048
48.8435,4,48827296621,16229054
48.8461,3,48832584833,13472848
48.8599,3,48846057681,13807048
48.8626,4,48843525675,19115266
48.8707,3,48859864729,10800836
48.8734,4,48862640941,10782836
48.8788,3,48870665565,8164630
48.8895,3,48878830195,10685630
48.8949,4,48873423777,21507466
48.8977,4,48894931243,2749212
48.9057,3,48889515825,16162254
48.9085,4,48897680455,10800836
48.9137,3,48905678079,8037424
48.9165,4,48908481291,8019424
48.9247,4,48916500715,8206424
48.9276,4,48924707139,2856412
48.9301,3,48913715503,16389054
48.938,3,48930104557,7891418
48.946,3,48937995975,7956424
48.9546,4,48927563551,27075878
48.9628,3,48945952399,16860660
48.9682,4,48954639429,13589048
48.9788,4,48968228477,10572624
48.9839,3,48962813059,21052054
48.9889,4,48978801101,10072018
48.9914,3,48983865113,7540012
49.0023,4,48988873119,13440430
49.0103,4,49002313549,7992424
49.0134,4,49010305973,3046618
49.0184,3,48991405125,27011478
49.0209,3,49018416603,2532006
49.0239,4,49013352591,10565630
49.0322,3,49020948609,11280236
49.0403,4,49023918221,16428248
49.0484,4,49040346469,8075430
49.0512,3,49032228845,18987266
49.062,4,49048421899,13557642
49.0649,3,49051216111,13706042
49.0675,4,49061979541,5474618
49.0729,3,49064922153,7947424
49.081,4,49067454159,13580048
49.0836,3,49072869577,10705636
49.1047,4,49081034207,23685260
49.1077,3,49083575213,24122866
49.1182,3,49107698079,10453618
49.1209,3,49118151697,2767212
49.1376,3,49120918909,16685254
49.1487,3,49137604163,11068848
49.1512,4,49104719467,46476550
49.1621,4,49151196017,10905630
49.1722,4,49162101647,10099018
49.1783,4,49172200665,6052424
49.1858,4,49178253089,7585012
49.2019,4,49185838101,16026436
49.2097,4,49201864537,7804224
49.2179,4,49209668761,8204018
49.2339,4,49217872779,16060636
49.2449,4,49233933415,10965230
49.261,4,49244898645,16071836
49.2692,4,49260970481,8206824
49.28,4,49269177305,10824642
49.3017,4,49280001947,21743472
49.3124,4,49301745419,10696636
49.3234,4,49312442055,10990030
49.331,4,49323432085,7522012
49.3338,4,49330954097,2854006
49.3396,4,49333808103,5814024
49.3478,4,49339622127,8173630
49.3645,4,49347795757,16682254
49.391,4,49364478011,26548472
49.3939,4,49391026483,2856412
49.4047,4,49393882895,10839836
49.41,4,49404722731,5290218
49.4184,3,49148673011,269748774
49.4235,4,49410012949,13454848
49.426,4,49423467797,2532006
49.434,3,49418421785,15573636
49.44,4,49425999803,14007436
49.4531,3,49433995421,19146448
49.4561,3,49453141869,2910412
49.4636,4,49440007239,23623060
49.467,4,49463630299,3386812
49.4724,3,49456052281,16380248
49.475,4,49467017111,7938424
49.4831,3,49472432529,10660636
49.4966,3,49483093165,13537036
49.5019,3,49496630201,5317218
49.51,3,49501947419,8081624
49.515,3,49510029043,5008006
49.518,3,49515037049,2969612
49.5288,4,49474955535,53819762
49.537,4,49528775297,8180224
49.5399,3,49518006661,21927472
49.5453,3,49539934133,5388418
49.5481,3,49545322551,2767212
49.5506,4,49536955521,13666248
49.58,3,49548089763,31911672
49.5825,3,49580001435,2532006
49.5934,3,49582533441,10876030
49.599,3,49593409471,5614818
49.6069,3,49599024289,7920424
49.6124,4,49550621769,61801362
49.6152,4,49612423131,2767212
49.6231,3,49606944713,16157054
49.6287,3,49623101767,5614624
49.6315,4,49615190343,16284260
49.6343,3,49628716391,5534424
49.6425,3,49634250815,8242424
49.645,4,49631474603,13559642
49.6507,3,49642493239,8227630
49.6532,4,49645034245,8209630
49.6615,3,49650720869,10758836
49.6835,3,49661479705,21991466
49.686,4,49653243875,32759302
49.6915,4,49686003177,5510618
49.6995,3,49683471171,16017048
49.7049,4,49691513795,13407842
49.7209,3,49699488219,21392454
49.7262,3,49720880673,5299218
49.7362,3,49726179891,10063018
49.7396,3,49736242909,3332218
49.7452,3,49739575127,5603218
49.7479,4,49704921637,43005920
49.7561,3,49745178345,10875836
49.7614,4,49747927557,13452842
49.7642,3,49756054181,8191630
49.7724,4,49761380399,11048042
49.7778,3,49764245811,13541642
49.7858,4,49772428441,13342436
49.7887,3,49777787453,10944036
49.7941,3,49788731489,5368412
49.802,3,49794099901,7855418
49.8045,3,49801955319,2532006
49.818,4,49785770877,32222684
49.8234,4,49817993561,5433418
49.826,3,49804487325,21471660
49.8285,3,49825958985,2532006
49.8393,3,49828490991,10787024
49.8418,3,49839278015,2532006
49.853,4,49823426979,29524872
49.8747,4,49852951851,21712666
49.8825,4,49874664517,7871012
49.8876,4,49882535529,5073012
49.9335,4,49887608541,45932920
49.9439,4,49933541461,10358418
49.9472,4,49943899879,3282612
49.9497,4,49947182491,2550006
49.9606,4,49949732497,10913842
49.9632,4,49960646339,2550006
49.9741,4,49963196345,10858030
49.9853,4,49974054375,11217842
49.9878,3,49841810021,146030202
49.9959,4,49985272217,10583630
50.0014,3,49987840223,13523048
50.0039,4,49995855847,8039430
50.012,3,50001363271,10658630
50.0175,3,50012021901,5451418
50.0256,3,50017473319,8173630
50.0337,3,50025646949,8013618
50.0444,3,50033660567,10696636
50.0471,3,50044357203,2758212
50.066,3,50047115415,18836848
50.0685,3,50065952263,2523006
50.0715,4,50003895277,67617804
50.0819,3,50068475269,13422830
50.0851,4,50071513081,13581030
50.0951,3,50081898099,13250030
50.1002,3,50095148129,5046012
50.1034,4,50085094111,18346242
50.1062,4,50103440353,2785212
50.1113,3,50100194141,11086436
50.1188,4,50106225565,12613024
50.122,3,50111280577,10745024
50.1246,4,50118838589,5728018
50.1351,4,50124566607,10491624
50.1376,3,50122025601,15564636
50.1406,3,50137590237,2978612
50.1433,4,50135058231,8277830
50.154,3,50140568849,13476636
50.157,4,50143336061,13652036
50.1653,3,50154045485,11253248
50.1841,4,50156988097,27096872
50.1868,4,50184084969,2740212
50.1999,4,50186825181,13107824
50.2162,4,50199933005,16309254
50.2325,4,50216242259,16220054
50.243,4,50232462313,10560430
50.2459,4,50243022743,2874412
50.2484,3,50165298733,83139428
50.2544,3,50248438161,5927624
50.2622,4,50245897155,16324048
50.2702,4,50262221203,8022618
50.273,4,50270243821,2749212
50.2836,4,50272993033,10649630
50.2894,3,50254365785,35005296
50.2969,3,50289371081,7493006
50.3107,4,50283642663,27082066
50.3188,4,50310724729,8066430
50.3263,4,50318791159,7522012
50.343,4,50326313171,16699660
50.3595,4,50343012831,16480242
50.3698,4,50359493073,10289224
50.3831,4,50369782297,13363230
50.3965,4,50383145527,13313430
50.4075,4,50396458957,11030236
50.4132,4,50407489193,5668624
50.4212,4,50413157817,8024624
50.4318,4,50421182441,10634436
50.4347,4,50431816877,2865412
50.4401,4,50434682289,5397418
50.4428,4,50440079707,2758212
50.4504,4,50442837919,7576012
50.4591,4,50450413931,8686030
50.4644,4,50459099961,5263218
50.4778,4,50464363179,13429036
50.4803,4,50477792215,2523006
50.4997,4,50480315221,19425472
50.5026,4,50499740693,2865412
50.5131,4,50502606105,10468424
50.524,4,50513074529,10926036
50.5458,4,50524000565,21817478
50.5534,4,50545818043,7558012
50.5559,3,50296864087,259034974
50.5672,4,50553376055,13780236
50.5697,3,50555899061,13789236
50.5722,4,50567156291,5091012
50.5806,3,50569688297,10944230
50.5881,4,50572247303,15844230
50.5968,4,50588091533,8725030
50.6126,3,50580632527,32009066
50.6235,4,50596816563,26691866
50.6289,4,50623508429,5359412
50.6609,3,50612641593,48236132
50.6667,3,50660877725,5814618
50.6749,3,50666692343,8164630
50.683,3,50674856973,8102430
50.6858,4,50628867841,56947974
50.694,3,50682959403,11001036
50.7074,4,50685815815,21630260
50.7131,3,50693960439,19118260
50.7234,3,50713078699,10298224
50.7259,3,50723376923,2532006
50.731,4,50707446075,23517866
50.7342,3,50725908929,8328224
50.7393,3,50734237153,5046012
50.7418,4,50730963941,10842230
50.75,4,50741806171,8159018
50.7554,4,50749965189,5451418
50.7693,4,50755416607,13864042
50.7718,4,50769280649,2532006
50.7774,4,50771812655,5632624
50.7855,4,50777445279,8084430
50.7935,4,50785529709,7974424
50.7992,3,50739283165,59940386
50.8021,3,50799223551,2856412
50.8071,4,50793504133,13639842
50.81,3,50802079963,7911424
50.8125,4,50807143975,5370418
50.8175,4,50812514393,5026006
50.8201,3,50809991387,10072018
50.8257,4,50817540399,8206024
50.8312,3,50820063405,11098436
50.8339,3,50831161841,2785212
50.8389,4,50825746423,13190636
50.8447,4,50838937059,5772824
50.8497,4,50844709883,5026006
50.8583,4,50849735889,8522036
50.8633,3,50833947053,29365884
50.8693,3,50863312937,5945624
50.8884,3,50869258561,19094466
50.8936,4,50858257925,35385320
50.8962,4,50893643245,2523006
50.8993,3,50888353027,10976976
50.9073,4,50896166251,11123370
50.9123,3,50899330003,12960624
50.9174,4,50907289621,10101018
50.9204,4,50917390639,3046812
50.923,4,50920437451,2523006
50.9283,4,50922960457,5388418
50.9365,4,50928348875,8153624
50.9394,4,50936502499,2874412
50.9445,3,50912290627,32168296
50.958,3,50944458923,13527236
50.9635,3,50957986159,5543424
50.98,3,50963529583,16425854
50.9854,4,50939376911,46069138
50.9907,3,50979955437,10753830
50.9936,3,50990709267,2865412
51.0064,4,50985446049,20961042
51.0274,4,51006407091,21026036
51.0329,4,51027433127,5424418
51.0404,4,51032857545,7585012
51.043,4,51040442557,2523006
51.0537,4,51042965563,10700024
51.0648,3,50993574679,71238144
51.078,3,51064812823,13179236
51.0812,3,51077992059,3178012
51.0916,3,51081170071,10443430
51.0973,3,51091613501,5704624
51.1058,4,51053665587,52085168
51.1085,4,51105750755,2785212
51.1136,3,51097318125,16243848
51.1237,3,51113561973,10090018
51.1262,3,51123651991,2541006
51.1312,4,51108535967,22647036
51.1337,3,51126192997,7522012
51.1453,3,51133715009,11540830
51.1558,3,51145255839,10566818
51.1685,3,51155822657,12631024
51.1716,3,51168453681,3133012
51.1741,4,51131183003,42926696
51.188,4,51174109699,13891042
51.1935,3,51171586693,21874466
51.201,3,51193461159,7567012
51.2122,4,51188000741,24198466
51.2178,4,51212199207,5605624
51.2203,4,51217804831,2541006
51.2286,4,51220345837,8215824
51.2853,4,51228561661,56725956
51.296,3,51201028171,94956082
51.2985,3,51295984253,2523006
51.3086,3,51298507259,10045018
51.3114,3,51308552277,2836006
51.3175,4,51285287617,32191290
51.331,4,51317478907,13506842
51.3416,3,51311388283,30172096
51.3599,3,51341560379,18325030
51.3653,3,51359885409,5445612
51.3734,3,51365331021,8021430
51.3869,3,51373352451,13557636
51.3927,3,51386910087,5796024
51.4033,3,51392706111,10598436
51.4118,3,51403304547,8495630
51.4172,3,51411800177,5406418
51.4256,3,51417206595,8417836
51.4284,3,51425624431,2740212
51.4334,3,51428364643,5064012
51.4363,3,51433428655,2883412
51.4439,3,51436312067,7549012
51.4514,3,51443861079,7585012
51.46,3,51451446091,8505024
51.473,3,51459951115,13003624
51.4758,3,51472954739,2874412
51.4923,3,51475829151,16518248
51.4949,3,51492347399,2532006
51.4977,3,51494879405,2856412
51.5107,3,51497735817,12926424
51.5192,3,51510662241,8555024
51.5296,3,51519217265,10412418
51.5351,3,51529629683,5510618
51.5865,3,51535140301,51396544
51.5919,3,51586536845,5406418
51.5945,3,51591943263,2532006
51.6104,3,51594475269,15902036
51.6158,3,51610377305,5379418
51.6271,3,51615756723,11323036
51.6379,3,51627079759,10833642
51.6404,3,51637913401,2523006
51.6597,3,51640436407,19291666
51.6705,3,51659728073,10777636
51.6811,3,51670505709,10583630
51.6839,3,51681089339,2856412
51.6924,3,51683945751,8412624
51.6977,3,51692358375,5335218
51.7002,3,51697693593,2550006
51.7577,3,51700243599,57478192
51.7632,4,51330985749,432243466
51.7658,3,51757721791,8039430
51.7849,3,51765761221,19101460
51.793,3,51784862681,8126224
51.7959,4,51763229215,32702302
51.8013,3,51792988905,8349030
51.8145,3,51801337935,13154630
51.8277,4,51795931517,31818472
51.8303,4,51827749989,2550006
51.8524,4,51830299995,22076466
51.8633,4,51852376461,10911836
51.8712,4,51863288297,7929424
51.8767,3,51814492565,62167574
51.8845,3,51876660139,7887612
51.8953,3,51884547751,10721230
51.9008,3,51895268981,5510618
51.9142,3,51900779599,13393036
51.917,3,51914172635,2785212
51.955,4,51871217721,83739640
51.9625,3,51916957847,45530526
51.9682,4,51954957361,13205030
51.9732,3,51962488373,10700024
51.9813,3,51973188397,8094012
51.9917,3,51981282409,10412418
51.9945,3,51991694827,2845006
52.0025,4,51968162391,34364060
52.0175,4,52002526451,14988012
52.0348,4,52017514463,17282054
52.0427,4,52034796517,7938424
52.0453,4,52042734941,2523006
52.0588,3,51994539833,64242350
52.0695,3,52058782183,10759636
52.0721,4,52045257947,26806878
52.0746,3,52069541819,5046012
52.0857,3,52074587831,11096236
52.0935,3,52085684067,7802218
52.1014,4,52072064825,29292478
52.1039,3,52093486285,10403024
52.1064,4,52101357303,5064012
52.1179,4,52106421315,11473842
52.1204,3,52103889309,16555854
52.1261,3,52120445163,5614624
52.1426,4,52117895157,24739878
52.1504,3,52126059787,24386466
52.1559,4,52142635035,13294836
52.1615,3,52150446253,11027042
52.1749,4,52155929871,18978266
52.185,3,52161473295,23504854
52.1875,4,52174908137,12602018
52.2014,4,52187510155,13847224
52.2253,4,52201357379,23990654
52.2281,4,52225348033,2749212
52.2388,4,52228097245,10709424
52.2414,4,52238806669,2586006
52.2549,3,52184978149,69888562
52.2624,3,52254866711,7549012
52.2787,4,52241392675,37337890
52.287,4,52278730565,8289830
52.2924,3,52262415723,30020090
52.3059,3,52292435813,13431824
52.3084,4,52287020395,21370248
52.3134,3,52305867637,7531012
52.3159,4,52308390643,7540012
52.3352,4,52315930655,19243848
52.3456,4,52335174503,10448418
52.3586,4,52345622921,12985624
52.3611,4,52358608545,2523006
52.3645,4,52361131551,3377218
52.3752,4,52364508769,10667630
52.386,4,52375176399,10836836
52.4075,4,52386013235,21479442
52.4175,4,52407492677,10009012
52.4395,3,52313398649,126112294
52.4502,3,52439510943,10705636
52.453,3,52450216579,2758212
52.4638,3,52452974791,10836836
52.4666,4,52417501689,49059150
52.4744,3,52463811627,10562436
52.48,4,52466560839,13416842
52.4827,3,52474374063,8370830
52.4936,3,52482744893,10904842
52.4962,4,52479977681,16195060
52.499,4,52496172741,2794212
52.504,3,52493649735,10325224
52.5357,3,52503974959,31698454
52.5385,4,52498966953,39578466
52.5517,3,52535673413,16057030
52.5543,4,52538545419,15717030
52.5678,3,52551730443,16106636
52.578,3,52567837079,10117018
52.5805,3,52577954097,2550006
52.5918,3,52580504103,11256636
52.5943,3,52591760739,2568006
52.6053,3,52594328745,10935036
52.635,3,52605263781,29739078
52.6458,3,52635002859,10757624
52.6566,4,52554262449,102296864
52.6674,4,52656559313,10857836
52.67,4,52667417149,2568006
52.6807,4,52669985155,10760824
52.6915,4,52680745979,10735830
52.7021,4,52691481809,10667630
52.7134,4,52702149439,11235842
52.7243,4,52713385281,10931842
52.7269,4,52724317123,2604006
52.737,4,52726921129,10036018
52.7402,3,52645760483,94392676
52.7512,4,52736957147,14273848
52.7538,4,52751230995,2523006
52.7565,3,52740153159,16368054
52.7593,3,52756521213,2758212
52.7702,4,52753754001,16401260
52.7727,3,52759279425,13398842
52.7756,4,52770155261,5406418
52.7859,3,52772678267,13246642
52.7885,4,52775561679,12895236
52.7915,3,52785924909,5587818
52.7943,4,52788456915,5796024
52.797,3,52791512727,5507424
52.7998,4,52794252939,5561424
52.8104,4,52799814363,10622630
52.813,4,52810436993,2523006
52.8161,4,52812959999,3187412
52.8187,4,52816147411,2532006
52.8215,4,52818679417,2856412
52.8429,4,52821535829,21389454
52.8539,4,52842925283,10998630
52.8648,4,52853923913,10830836
52.8751,4,52864754749,10379224
52.8862,4,52875133973,11021236
52.8889,4,52886155209,2758212
52.8915,4,52888913421,2541006
52.9044,4,52891454427,12973430
52.907,4,52904427857,2523006
52.9182,4,52906950863,11268236
52.9238,4,52918219099,5603812
52.9343,4,52923822911,10511630
52.9394,4,52934334541,5035006
52.9419,3,52797020151,144872402
52.945,4,52939369547,5605818
52.9558,3,52941892553,13916442
52.9587,4,52944975365,13753042
52.9637,4,52958728407,5017006
52.9959,3,52955808995,40099514
52.9985,3,52995908509,2559006
53.0095,3,52998467515,11026436
53.012,3,53009493951,2541006
53.0148,3,53012034957,2794212
53.0287,3,53014829169,13828042
53.0314,4,52963745413,67670010
53.0415,4,53031415423,10036018
53.044,3,53028657211,15326236
53.0465,4,53041451441,5055012
53.2428,3,53043983447,198787024
53.2455,3,53242770471,2767212
53.2966,3,53245537683,51084144
53.3076,3,53296621827,10947230
53.3269,3,53307569057,19307260
53.3459,3,53326876317,19011460
53.3565,3,53345887777,10580436
53.3704,3,53356468213,13950242
53.3757,3,53370418455,5317218
53.3786,3,53375735673,2856412
53.3893,3,53378592085,10732636
53.3971,3,53389324721,7766218
53.4001,3,53397090939,2978612
53.4054,3,53400069551,5377412
53.4134,3,53405446963,7947424
53.4188,3,53413394387,5451418
53.4377,3,53418845805,18892248
53.4487,3,53437738053,10940842
53.4541,3,53448678895,5433418
53.4652,3,53454112313,11132830
53.4732,3,53465245143,7929424
53.4841,3,53473174567,10958842
53.4948,3,53484133409,10625436
53.5168,3,53494758845,22029872
53.5276,3,53516788717,10842642
53.5305,3,53527631359,2845006
53.5412,3,53530476365,10718024
53.544,3,53541194389,2794212
53.5547,3,53543988601,10732636
53.5651,3,53554721237,10421024
53.5677,3,53565142261,2568006
53.5792,3,53567710267,11520848
53.5818,3,53579231115,2532006
53.5898,3,53581763121,8006624
53.5952,3,53589769745,5397418
53.5979,3,53595167163,2776212
53.6137,3,53597943375,15709630
53.6246,3,53613653005,10918224
53.6491,4,53046506453,602566448
53.6598,3,53624571229,35234308
53.6623,4,53649072901,13255642
53.6787,4,53662328543,16343430
53.6812,4,53678671973,2523006
53.692,4,53681194979,10836836
53.6946,4,53692031815,2523006
53.6974,3,53659805537,37596696
53.6999,4,53694554821,5379418
53.71,3,53697402233,12613024
53.7125,4,53699934239,12604024
53.7158,3,53710015257,5805218
53.7236,3,53715820475,7795224
53.7312,3,53723615699,7558012
53.7343,3,53731173711,3169012
53.7454,3,53734342723,11033830
53.7505,3,53745376553,5080006
53.7616,3,53750456559,11111042
53.7641,3,53761567601,2532006
53.8078,4,53712538263,95291682
53.8187,4,53807829945,10833642
53.824,4,53818663587,5308218
53.8268,4,53823971805,2865412
53.8405,4,53826837217,13620198
53.8484,4,53840457415,7974424
53.8513,4,53848431839,2847412
53.8566,4,53851279251,5326218
53.8842,4,53856605469,27561090
53.9028,4,53884166559,18662254
53.9082,4,53902828813,5326218
53.9182,4,53908155031,10061012
53.9319,4,53918216043,13644230
53.9431,4,53931860273,11244842
53.9485,4,53943105115,5353218
53.9835,4,53948458333,35009290
53.9918,4,53983467623,8298830
53.9997,4,53991766453,7956424
54.0078,4,53999722877,8126624
54.0292,4,54007849501,21392454
54.037,4,54029241955,7802218
54.0481,4,54037044173,11093830
54.0507,4,54048138003,2541006
54.0615,4,54050679009,10813030
54.0644,4,54061492039,2892412
54.0755,4,54064384451,11143836
54.0861,4,54075528287,10616436
54.0893,4,54086144723,3127618
54.1078,4,54089272341,18570854
54.1133,4,54107843195,5492618
54.1163,4,54113335813,2957418
54.127,4,54116293231,10732636
54.1377,4,54127025867,10714636
54.1464,4,54137740503,8647830
54.1517,4,54146388333,5317218
54.1618,4,54151705551,10090018
54.17,4,54161795569,8251024
54.181,4,54170046593,10998630
54.1922,3,53764099607,428059852
54.1972,3,54192159459,5017006
54.2047,4,54181045223,23680254
54.2073,4,54204725477,2550006
54.2209,4,54207275483,13652824
54.2237,4,54220928307,2740212
54.2265,4,54223668519,2803212
54.2369,3,54197176465,39709690
54.2394,3,54236886155,2523006
54.2537,3,54239409161,14268460
54.2641,3,54253677621,10459424
54.2671,4,54226471731,40625926
54.2858,3,54264137045,21690648
54.2941,3,54285827693,8262830
54.3049,4,54267097657,37797502
54.3103,3,54294090523,16164048
54.3153,4,54304895159,10423424
54.3233,3,54310254571,13032630
54.3264,4,54315318583,11069236
54.339,4,54326387819,12595024
54.3776,4,54338982843,38592520
54.3886,4,54377575363,11063642
54.394,4,54388639005,5388418
54.4022,4,54394027423,8182630
54.4077,3,54323287201,84392270
54.4155,3,54407679471,7813224
54.4184,3,54415492695,2919412
54.4238,3,54418412107,5341412
54.4265,4,54402210053,24292678
54.4346,3,54423753519,10886842
54.4374,3,54434640361,2758212
54.4399,4,54426502731,13427848
54.4425,4,54439930579,2532006
54.4537,3,54437398573,16337042
54.4565,4,54442462585,14013242
54.459,4,54456475827,2532006
54.4644,3,54453735615,10660636
54.4723,3,54464396251,7930612
54.4748,4,54459007833,15842036
54.4777,3,54472326863,5406418
54.4914,4,54474849869,16524448
54.4939,4,54491374317,2523006
54.4964,3,54477733281,18696048
54.4993,3,54496429329,2856412
54.5126,4,54493897323,18689448
54.5153,4,54512586771,2740212
54.5179,3,54499285741,18591248
54.5204,4,54515326983,5073012
54.5233,3,54517876989,5379418
54.5288,4,54520399995,8381836
54.5369,4,54528781831,8099624
54.5396,3,54523256407,16383260
54.5424,4,54536881455,5552424
54.545,3,54539639667,5335218
54.5475,4,54542433879,5073012
54.5611,3,54544974885,16116230
54.5665,3,54561091115,5431412
54.5716,4,54547506891,24070648
54.5798,3,54566522527,13234836
54.5823,3,54579757363,2532006
54.588,3,54582289369,5737418
54.5961,4,54571577539,24557872
54.6037,3,54588026787,15693636
54.6062,3,54603720423,2523006
54.612,3,54606243429,5713212
54.6277,3,54611956641,15747636
54.6328,3,54627704277,5055012
54.6378,3,54632759289,5035006
54.6428,3,54637794295,5055012
54.6516,3,54642849307,8740230
54.6601,4,54596135411,63949756
54.6626,3,54651589537,11018636
54.6656,3,54662608173,2969612
54.6706,4,54660085167,10538630
54.6812,4,54670623797,10595824
54.6838,4,54681219621,2541006
54.6868,3,54665577785,21179454
54.6921,4,54683760627,8364624
54.7029,4,54692125251,10727024
54.7082,4,54702852275,5335218
54.711,3,54686757239,24277666
54.7188,3,54711034905,7793218
54.7214,4,54708187493,13163636
54.7348,4,54721351129,13485236
54.7377,4,54734836365,2883412
54.7458,4,54737719777,8066430
54.7483,3,54718828123,29481090
54.7538,4,54745786207,8024624
54.7595,3,54748309213,11230036
54.7649,3,54759539249,5406418
54.7675,4,54753810831,13666842
54.7728,4,54767477673,5370418
54.7754,3,54764945667,10425430
54.7858,4,54772848091,12964430
54.7883,3,54775371097,12964430
54.7943,4,54785812521,8519024
54.7973,3,54788335527,8971436
54.8024,3,54797306963,5055012
54.8074,4,54794331545,13074436
54.8125,3,54802361975,10108018
54.8158,4,54807405981,8414230
54.8184,3,54812469993,5891224
54.8803,4,54815820211,64521380
54.8908,4,54880341591,10441424
54.8968,4,54890783015,6040824
54.9021,4,54896823839,5281218
54.997,4,54902105057,94883670
55.0078,4,54996988727,10771830
55.1029,4,55007760557,95102500
55.1218,4,55102863057,18952454
55.1296,4,55121815511,7766218
55.1321,4,55129581729,2541006
55.1377,4,55132122735,5578818
55.2086,3,54818361217,390254352
55.2193,3,55208615569,10658630
55.2302,3,55219274199,10949842
55.249,3,55230224041,18735248
55.2591,3,55248959289,10117018
55.2703,3,55259076307,11229442
55.2813,3,55270305749,11009830
55.2919,3,55281315579,10538630
55.3025,3,55291854209,10694230
55.3535,4,55137701553,215784424
55.3646,4,55353485977,11125436
55.3756,4,55364611413,11036636
55.3784,4,55375648049,2776212
55.3889,4,55378424261,10434430
55.3919,4,55388858691,2996612
55.3944,3,55302548439,91865870
55.4053,4,55391855303,13398442
55.4082,3,55394414309,13800048
55.4107,4,55405253745,5483618
55.4136,3,55408214357,5388418
55.4186,4,55410737363,7891418
55.4294,3,55413602775,15791036
55.4348,3,55429393811,5359412
55.4484,3,55434753223,13614042
55.459,3,55448367265,10631630
55.4721,4,55418628781,53471550
55.4746,4,55472100331,2523006
55.4876,3,55458998895,28559466
55.4911,3,55487558361,3536212
55.5015,4,55474623337,26843466
55.5044,3,55491094573,13323842
55.5075,4,55501466803,6031824
55.521,4,55507498627,13467030
55.5315,3,55504418415,27092866
55.534,4,55520965657,13077630
55.5559,4,55534043287,21816678
55.5584,4,55555859965,2541006
55.5613,4,55558400971,2865412
55.572,4,55561266383,10744830
55.5748,4,55572011213,2794212
55.5776,4,55574805425,2776212
55.5887,4,55577581637,11101642
55.5915,4,55588683279,2821212
55.6023,3,55531511281,70819040
55.6127,4,55591504491,21219848
55.6153,3,55602330321,12926024
55.6259,4,55612724339,13223030
55.629,3,55615256345,13737836
55.6318,3,55628994181,2776212
55.6551,4,55625947369,29125066
55.6583,3,55631770393,26506860
55.6608,3,55658277253,2550006
55.6716,3,55660827259,10735830
55.6828,3,55671563089,11188836
55.6856,4,55655072435,30482702
55.6989,4,55685555137,13348836
55.7097,4,55698903973,10794836
55.7502,4,55709698809,40451708
55.7712,4,55750150517,21023048
55.782,4,55771173565,10795224
55.8005,4,55781968789,18547642
55.8226,4,55800516431,22106066
55.8254,4,55822622497,2767212
55.8279,4,55825389709,2523006
55.838,4,55827912715,10045018
55.8414,4,55837957733,3404218
55.8439,4,55841361951,2523006
55.8467,4,55843884957,2767212
55.8678,4,55846652169,21186448
55.8706,4,55867838617,2767212
55.8838,4,55870605829,13223030
55.887,4,55883828859,3134212
55.897,4,55886963071,10054018
55.9242,4,55897017089,27148066
55.935,4,55924165155,10792030
55.9378,4,55934957185,2865412
55.9404,4,55937822597,2550006
55.951,3,55682751925,268276502
55.9538,4,55940372603,13450036
55.9673,4,55953822639,13449042
55.9805,3,55951028427,29470084
55.983,3,55980498511,2532006
56.0046,3,55983030517,21556642
56.0155,3,56004587159,10931842
56.0452,3,56015519001,29728078
56.0558,3,56045247079,10592630
56.0584,3,56055839709,2523006
56.0612,3,56058362715,2847412
56.0719,3,56061210127,10723636
56.0747,3,56071933763,2776212
56.0848,3,56074709975,10108018
56.088,3,56084817993,3169012
56.1015,3,56087987005,13465824
56.1123,3,56101452829,10809836
56.1251,3,56112262665,12823012
56.1301,3,56125085677,5044006
56.1415,3,56130129683,11375036
56.1443,3,56141504719,2758212
56.165,3,56144262931,20748842
56.168,3,56165011773,2960612
56.1788,3,56167972385,10789830
56.1815,3,56178762215,2776212
56.1916,3,56181538427,10108018
56.2032,3,56191646445,11551442
56.2139,3,56203197887,10714636
56.2168,3,56213912523,2856412
56.2274,3,56216768935,10638224
56.2304,3,56227407159,3014612
56.2516,3,56230421771,21198448
56.2626,3,56251620219,10931842
56.2651,3,56262552061,2523006
56.2707,3,56265075067,5641624
56.3027,3,56270716691,32014060
56.3135,3,56302730751,10735830
56.3756,4,55967271681,408290280
56.3781,3,56313466581,64618386
56.3808,4,56375561961,5281218
56.3915,4,56380843179,10660636
56.3944,3,56378084967,16275260
56.3972,4,56391503815,5668624
56.4084,4,56397172439,11179836
56.4109,3,56394360227,16578054
56.4235,3,56410938281,12604024
56.4261,3,56423542305,2532006
56.4379,4,56408352275,29501564
56.4407,4,56437853839,2830212
56.4486,4,56440684051,7941618
56.4663,3,56426074311,40224382
56.4775,4,56448625669,28919448
56.499,4,56477545117,21504466
56.5097,4,56499049583,10665224
56.5958,3,56466298693,129515530
56.6091,3,56595814223,13318630
56.6123,3,56609132853,3145618
56.623,3,56612278471,10741636
56.6528,3,56623020107,29774090
56.6632,3,56652794197,10361224
56.7088,3,56663155421,45671120
56.7199,3,56708826541,11086242
56.7309,3,56719912783,10958842
56.7415,3,56730871625,10638224
56.7446,3,56741509849,3073812
56.7553,3,56744583661,10741636
56.7788,3,56755325297,23507054
56.7819,3,56778832351,3064812
56.7927,3,56781897163,10758836
56.7955,4,56509714807,285735404
56.798,4,56795450211,2541006
56.803,3,56792655999,10334224
56.822,4,56797991217,24003642
56.8325,4,56821994859,10551430
56.8459,4,56832546289,13325630
56.8733,4,56845871919,27443690
56.8838,3,56802990223,80853010
56.8866,4,56873315609,13312836
56.8974,3,56883843233,13533042
56.9,3,56897376275,2577006
56.9027,3,56899953281,2785212
56.9131,4,56886628445,26459066
56.9156,4,56913087511,2541006
56.9216,3,56902738493,18894448
56.9242,4,56915628517,8536430
56.9269,3,56921632941,5281218
56.9349,4,56924164947,10764836
56.9405,3,56926914159,13550048
56.9436,4,56934929783,8641636
56.9543,4,56943571419,10706824
56.9568,4,56954278243,2559006
56.9704,4,56956837249,13533042
56.9806,4,56970370291,10269218
57.0079,4,56980639509,27307290
57.0105,4,57007946799,2523006
57.0133,4,57010469805,2845006
57.0243,4,57013314811,10974230
57.0271,4,57024289041,2785212
57.0375,4,57027074253,10405424
57.0404,3,56940464207,99916882
57.0429,4,57037479677,5442418
57.0541,4,57042922095,11174030
57.0566,4,57054096125,2541006
57.072,3,57040381089,31638460
57.0803,3,57072019549,8274224
57.0857,3,57080293773,5442418
57.0964,3,57085736191,10640824
57.107,4,57056637131,50353514
57.1095,3,57096377015,13136636
57.1255,3,57109513651,16033642
57.1337,3,57125547293,8186018
57.1394,3,57133733311,5621618
57.1584,3,57139354929,19012248
57.1664,3,57158367177,8039430
57.1689,4,57106990645,61947968
57.1765,3,57166406607,10045018
57.1849,4,57168938613,15916430
57.1876,4,57184855043,2749212
57.193,3,57176451625,16595048
57.2035,4,57187604255,15937236
57.2089,3,57193046673,15839036
57.2116,4,57203541491,8093430
57.2201,4,57211634921,8477630
57.2226,3,57208885709,13749848
57.2252,4,57220112551,5055012
57.2364,3,57222635557,13767254
57.2389,4,57225167563,13767254
57.2445,3,57236402811,8084430
57.2548,4,57238934817,15899442
57.2607,4,57254834259,5898218
57.2716,4,57260732477,10851642
57.2825,4,57271584119,10902836
57.285,4,57282486955,2559006
57.2934,3,57244487241,48931556
57.2985,4,57285045961,13436848
57.3013,3,57293418797,7929424
57.3095,4,57298482809,10974036
57.3149,4,57309456845,5415418
57.3176,3,57301348221,16264254
57.3285,4,57314872263,13607836
57.3337,3,57317612475,16130842
57.3417,4,57328480099,13237642
57.3447,3,57333743317,10917036
57.3497,3,57344660353,5080006
57.3583,3,57349740359,8575830
57.3637,4,57341717741,21966860
57.3712,3,57358316189,12926424
57.3763,4,57363684601,12613024
57.3794,4,57376297625,3133012
57.3873,3,57371242613,16019248
57.3927,3,57387261861,5454612
57.3956,3,57392716473,2910412
57.4065,3,57395626885,10833642
57.409,4,57379430637,29579896
57.4166,4,57409010533,7540012
57.4219,3,57406460527,15485030
57.4254,4,57416550545,8849430
57.4333,4,57425399975,7882418
57.4439,4,57433282393,10607436
57.4489,4,57443889829,5017006
57.4653,4,57448906835,16430036
57.4736,3,57421945557,51690144
57.4789,4,57465336871,13580048
57.5031,4,57478916919,24168666
57.5109,4,57503085585,7775218
57.5134,4,57510860803,2532006
57.519,4,57513392809,5587818
57.5272,4,57518980627,8177418
57.5322,3,57473635701,58548350
57.5568,3,57532184051,24630066
57.5676,3,57556814117,10812836
57.576,4,57527158045,48877744
57.5814,3,57567626953,13777248
57.5915,3,57581404201,10063018
57.5972,3,57591467219,5737018
57.6055,3,57597204237,8283636
57.6108,4,57576035789,34742302
57.6183,3,57605487873,12839230
57.6299,3,57618327103,11557442
57.6404,4,57610778091,29583878
57.6429,4,57640361969,2523006
57.6459,4,57642884975,2996612
57.6509,3,57629884545,21061054
57.6618,3,57650945599,10804624
57.6727,3,57661750223,10963224
57.6752,3,57672713447,2523006
57.6863,4,57645881587,40429908
57.6888,3,57675236453,13607048
57.7044,3,57688843501,15577436
57.7156,3,57704420937,11182436
57.7262,3,57715603373,10569430
57.7322,3,57726172803,6076824
57.74,4,57686311495,53686350
57.7456,3,57732249627,13380842
57.7563,3,57745630469,10656624
57.7616,4,57739997845,21592260
57.7726,3,57756287093,16319242
57.7776,3,57772606335,5017006
57.7887,3,57777623341,11084236
57.7967,3,57788707577,7983424
57.8023,3,57796691001,5561424
58.0587,3,57802252425,256463374
58.0663,3,58058715799,7576012
58.0716,3,58066291811,5330006
58.0904,3,58071621817,18737642
58.0979,3,58090359459,7576012
58.1089,3,58097935471,10999024
58.1115,3,58108934495,2541006
58.1226,3,58111475501,11161242
58.2364,3,58122636743,113778542
58.2503,3,58236415285,13891242
58.2613,3,58250306527,11023848
58.2695,3,58261330375,8182630
58.2802,3,58269513005,10736424
58.2833,3,58280249429,3064618
58.2884,3,58283314047,5100012
58.3152,3,58288414059,26788060
58.3227,3,58315202119,7513012
58.3258,3,58322715131,3055812
58.3364,3,58325770943,10616436
58.3393,3,58336387379,2874412
58.3505,3,58339261791,11287836
58.3556,3,58350549627,5073012
58.3664,3,58355622639,10809836
58.3748,3,58366432475,8337624
58.3931,3,58374770099,18324642
58.4038,3,58393094741,10700024
58.4063,3,58403794765,2523006
58.4229,3,58406317771,16594854
58.453,3,58422912625,30108096
58.4611,3,58453020721,8090624
58.4665,3,58461111345,5406418
58.4744,3,58466517763,7858224
58.4885,3,58474375987,14126248
58.4985,3,58488502235,10016012
58.5042,4,57761590105,742629160
58.5123,3,58498518247,13809642
58.5177,3,58512327889,5397418
58.5255,3,58517725307,7786218
58.528,4,58504219265,23815266
58.5336,4,58528034531,5549812
58.5551,4,58533584343,21562254
58.5634,4,58555146597,8233824
58.5743,4,58563380421,10893836
58.5768,3,58525511525,51285738
58.5821,4,58574274257,7844012
58.5959,4,58582118269,13762442
58.6039,4,58595880711,8066430
58.6147,4,58603947141,10723636
58.6176,4,58614670777,2883412
58.6284,4,58617554189,10808824
58.639,4,58628363013,10658630
58.6416,4,58639021643,2532006
58.6444,4,58641553649,2856412
58.6556,4,58644410061,11152836
58.6609,4,58655562897,5326218
58.6689,4,58660889115,8024624
58.6742,4,58668913739,5317218
58.6825,4,58674230957,8278424
58.6933,3,58576797263,116501948
58.7039,3,58693299211,10649630
58.7069,3,58703948841,2960612
58.7175,4,58682509381,34951502
58.7394,4,58717460883,21930872
58.7445,4,58739391755,5073012
58.7523,4,58744464767,7855418
58.7825,3,58706909453,75602222
58.7853,3,58782511675,2836006
58.796,3,58785347681,10631824
58.8015,3,58795979505,5552424
58.8091,4,58752320185,56789762
58.8121,3,58801531929,10615830
58.8172,4,58809109947,8099818
58.8253,4,58817209765,8043812
58.8306,4,58825253577,5299218
58.838,4,58830552795,7484006
58.8406,4,58838036801,2532006
58.8463,4,58840568807,5719018
58.8731,4,58846287825,26826854
58.8785,3,58812147759,66364338
58.8841,4,58873114679,11012042
58.89,3,58878512097,11471048
58.9055,3,58889983145,15524624
58.9165,4,58884126721,32325278
58.919,3,58905507769,13467236
58.9243,3,58918975005,5281218
58.9298,3,58924256223,5501618
58.9373,4,58916451999,20845854
58.9455,3,58929757841,15716836
58.948,3,58945474677,2523006
58.9562,3,58947997683,8233024
58.9591,4,58937297853,21768860
58.9723,3,58956230707,16101836
58.9778,3,58972332543,5433418
58.9969,3,58977765961,19089448
59.0024,3,58996855409,5525424
59.0103,3,59002380833,7891418
59.0233,3,59010272251,13000430
59.0317,3,59023272681,8391030
59.0371,3,59031663711,5388418
59.0421,3,59037052129,5026006
59.0528,4,58959066713,93756252
59.0584,4,59052822965,5623818
59.0694,4,59058446783,10953630
59.0884,4,59069400413,18984460
59.0968,4,59088384873,8403624
59.1023,4,59096788497,5498424
59.1127,4,59102286921,10414418
59.1314,4,59112701339,18717248
59.1421,4,59131418587,10640630
59.1552,4,59142059217,13104630
59.1639,4,59155163847,8784230
59.1694,4,59163948077,5442418
59.18,3,59042078135,137907990
59.1828,4,59169390495,13362842
59.1855,4,59182753337,2767212
59.1959,4,59185520549,10374018
59.1991,4,59195894567,3196012
59.2092,3,59179986125,29194472
59.2197,3,59209180597,10557818
59.2336,3,59219738415,13869448
59.2361,4,59199090579,37049290
59.2487,4,59236139869,12530018
59.2512,4,59248669887,2568006
59.2613,3,59233607863,27729048
59.2639,4,59251237893,12631024
59.276,4,59263868917,12103236
59.2978,4,59275972153,21786454
59.3083,4,59297758607,10536624
59.3166,4,59308295231,8280830
59.3275,3,59261336911,66170992
59.3303,4,59316576061,13681054
59.3328,4,59330257115,2550006
59.3436,3,59327507903,16056048
59.3461,4,59332807121,13288836
59.3569,3,59343563951,13380842
59.3623,3,59356944793,5380218
59.3709,3,59362325011,8584830
59.3842,4,59346095957,38088714
59.3947,3,59370909841,23820454
59.4085,3,59394730295,13762242
59.4138,3,59408492537,5317218
59.422,3,59413809755,8200630
59.4477,4,59384184671,63554162
59.4593,4,59447738833,11548642
59.4618,3,59422010385,39827096
59.4703,4,59459287475,11027636
59.4757,3,59461837481,13884048
59.4782,3,59475721529,2523006
59.4811,4,59470315111,10803836
59.4918,4,59481118947,10696636
59.4943,3,59478244535,16094054
59.4972,3,59494338589,2847412
59.5,4,59491815583,8173630
59.5079,3,59497186001,10674224
59.5136,4,59499989213,13649036
59.5162,3,59507860225,8301030
59.519,4,59513638249,5335218
59.5265,3,59516161255,10334224
59.529,3,59526495479,2541006
59.5375,3,59529036485,8442418
59.5402,3,59537478903,2749212
59.5591,4,59518973467,40149908
59.5641,3,59540228115,23894266
59.5666,4,59559123375,7522012
59.5835,4,59566645387,16810648
59.5885,4,59583456035,5008006
59.5936,4,59588464041,5091012
59.6016,4,59593555053,8045818
59.6049,3,59564122381,40743102
59.6102,4,59601600871,8644030
59.6157,4,59610244901,5424418
59.6207,3,59604865483,15811842
59.6232,3,59620677325,2523006
59.6257,3,59623200331,2532006
59.6314,4,59615669319,15717030
59.6368,3,59625732337,11060430
59.6473,4,59631386349,15890836
59.6527,4,59647277185,5406418
59.6636,4,59652683603,10958842
59.6908,4,59663642445,27112066
59.7038,4,59690754511,13003624
59.7069,4,59703758135,3187412
59.7149,4,59706945547,7938424
59.7553,4,59714883971,40445914
59.7688,4,59755329885,13479842
59.7773,4,59768809727,8477630
59.8183,4,59777287357,40996926
59.8291,4,59818284283,10773836
59.8373,4,59829058119,8283636
59.8426,4,59837341755,5290218
59.8563,4,59842631973,13670048
59.9108,4,59856302021,54512756
59.9162,4,59910814777,5415418
59.9244,4,59916230195,8200630
59.9297,4,59924430825,5290218
59.9325,4,59929721043,2767212
59.9406,4,59932488255,8108624
59.9487,4,59940596879,8111430
59.9676,4,59948708309,18883260
59.973,4,59967591569,5406418
59.981,4,59972997987,8033624
59.9843,4,59981031611,3261418
59.9948,4,59984293029,10515430
60.0416,4,59994808459,46769562
60.0522,4,60041578021,10667630
60.0957,4,60052245651,43495132
60.1176,4,60095740783,21844466
60.1283,4,60117585249,10715824
60.1546,4,60128301073,26295460
60.1708,4,60154596533,16196248
60.1813,4,60170792781,10459424
60.1838,4,60181252205,2559006
60.1951,4,60183811211,11277236
60.2164,4,60195088447,21317648
60.2246,4,60216406095,8153224
60.2303,4,60224559319,5718824
60.2328,4,60230278143,2541006
60.2354,4,60232819149,2541006
60.2462,4,60235360155,10872036
60.2488,4,60246232191,2523006
60.2516,4,60248755197,2847412
60.2731,4,60251602609,21481266
60.2756,4,60273083875,2523006
60.2948,4,60275606881,19223648
60.3058,4,60294830529,10922842
60.3166,4,60305753371,10822636
60.3276,4,60316576007,11027636
60.3406,4,60327603643,13018430
60.3513,4,60340622073,10631824
60.3781,4,60351253897,26820866
60.3919,3,59636792767,755092238
60.4019,3,60391885005,10007012
60.4079,3,60401892017,6022424
60.4159,4,60378074763,37870108
60.4185,3,60407914441,10562436
60.4244,3,60418476877,5954624
60.4351,3,60424431501,10640824
60.4619,3,60435072325,26876872
60.4695,3,60461949197,7540012
60.4752,4,60415944871,59290162
60.4778,4,60475235033,2523006
60.4909,4,60477758039,13098824
60.5019,4,60490856863,11067024
60.5129,4,60501923887,10931842
60.5293,3,60469489209,59837374
60.5347,4,60512855729,21886272
60.5427,3,60529326583,13335842
60.5456,3,60542662425,2951612
60.5484,4,60534742001,13639248
60.5534,4,60548381249,5046012
60.5563,4,60553427261,2874412
60.5591,4,60556301673,2749212
60.5672,4,60559050885,8126624
60.5747,4,60567177509,7540012
60.5772,4,60574717521,2523006
60.5803,4,60577240527,3046812
60.5911,4,60580287339,10765830
60.5968,4,60591053169,5735418
60.6074,4,60596788587,10563624
60.6182,3,60545614037,72605010
60.6293,3,60618219047,11057830
60.6318,4,60607352211,24447672
60.6393,3,60629276877,10054018
60.6469,4,60631799883,15080024
60.6554,4,60646879907,8518430
60.6579,4,60655398337,2523006
60.6635,3,60639330895,24140260
60.6738,3,60663471155,10316224
60.6763,3,60673787379,2541006
60.6983,3,60676328385,22018618
60.7009,3,60698347003,2523006
60.714,3,60700870009,13089824
60.7224,3,60713959833,8391030
60.7333,3,60722350863,10962636
60.7442,3,60733313499,10866836
60.7549,4,60657921343,96980622
60.7575,4,60754901965,2550006
60.7681,3,60744180335,23953660
60.7782,3,60768133995,10036012
60.7918,4,60757451971,34393672
60.7944,3,60778170007,16198642
60.8079,4,60791845643,16048030
60.8266,4,60807893673,18697242
60.8395,4,60826590915,12926030
60.8428,4,60839516945,3246212
60.8564,4,60842763157,13634848
60.8778,4,60856398005,21409460
60.8803,3,60794368649,85970822
60.8854,3,60880339471,5046012
60.8912,3,60885385483,5814024
60.9019,3,60891199507,10676630
60.905,4,60877807465,27157884
60.9103,3,60901876137,8468630
60.9186,4,60904965349,13681054
60.9212,3,60910344767,10824642
60.9266,3,60921169409,5427612
60.9457,3,60926597021,19152254
60.9566,3,60945749275,10848836
60.9591,3,60956598111,2523006
60.97,3,60959121117,10893836
60.9781,4,60918646403,59443980
60.9887,4,60978090383,10631824
60.9937,4,60988722207,4990006
60.9993,4,60993712213,5549812
61.0146,3,60970014953,44629096
61.0172,3,61014644049,2532006
61.0284,4,60999262025,29159266
61.0363,4,61028421291,7918418
61.0473,3,61017176055,30135284
61.0524,4,61036339709,16024636
61.0607,4,61052364345,8308218
61.0715,4,61060672563,10839836
61.077,4,61071512399,5498424
61.0795,3,61047311339,32222490
61.0876,4,61077010823,10604630
61.0904,3,61079533829,10866836
61.0958,4,61087615453,8200630
61.0986,3,61090400665,8173630
61.1066,4,61095816083,10764836
61.1094,4,61106580919,2845006
61.1124,3,61098574295,13818048
61.1285,4,61109425925,19027454
61.131,4,61128453379,2532006
61.1528,4,61130985385,21856660
61.1556,4,61152842045,2758212
61.1638,4,61155600257,8164630
61.1693,4,61163764887,5534424
61.1798,4,61169299311,10524430
61.1909,4,61179823741,11057042
61.1985,4,61190880783,7576012
61.2095,4,61198456795,11018042
61.2123,4,61209474837,2836006
61.2153,4,61212310843,2960612
61.2206,4,61215271455,5290218
61.2287,3,61112392343,116315960
61.2312,4,61220561673,10678636
61.2367,3,61228708303,7974424
61.2396,4,61231240309,8325830
61.2478,4,61239566139,8215424
61.2507,3,61236682727,13982248
61.2559,3,61250664975,5261212
61.2584,4,61247781563,10667630
61.2613,3,61255926187,5379418
61.2693,4,61258449193,10872036
61.2721,3,61261305605,10773836
61.2775,3,61272079441,5433418
61.2803,4,61269321229,10940842
61.2882,4,61280262071,7900418
61.2936,3,61277512859,16110048
61.3016,4,61288162489,13456036
61.3066,4,61301618525,4990006
61.3152,4,61306608531,8546830
61.3207,4,61315155361,5525424
61.3232,4,61320680785,2523006
61.3315,3,61293622907,37867714
61.3342,4,61323203791,11027042
61.3395,4,61334230833,5317218
61.3558,4,61339548051,16209042
61.3637,4,61355757093,7947424
61.3666,4,61363704517,2856412
61.3802,4,61366560929,13596042
61.3829,4,61380156971,2749212
61.3908,4,61382906183,7920424
61.3984,3,61331490621,66884998
61.4009,4,61390826607,10072018
61.4041,3,61398375619,5683018
61.4123,4,61400898625,11398648
61.4179,4,61412297273,5623936
61.4617,4,61417921209,43770138
61.4722,3,61404058637,68142334
61.4747,4,61461691347,13032630
61.488,4,61474723977,13306836
61.496,4,61488030813,7959618
61.5011,3,61472200971,28889472
61.5637,4,61495990431,67664980
61.5745,3,61501090443,73395804
61.5772,4,61563655411,13571048
61.5873,4,61577226459,10108018
61.5904,3,61574486247,15904042
61.5958,4,61587334477,8453230
61.6037,3,61590390289,13261836
61.6062,3,61603652125,2532006
61.609,4,61595787707,13252836
61.6253,3,61606184131,19128454
61.6334,3,61625312585,8117624
61.6442,3,61633430209,10744830
61.6467,4,61609040543,37657502
61.6524,3,61644175039,8251424
61.6604,4,61646698045,13726042
61.6632,3,61652426463,10782836
61.6658,3,61663209299,2541006
61.6683,4,61660424087,7849224
61.6733,4,61668273311,5008006
61.6809,3,61665750305,15109030
61.6842,3,61680859335,3368412
61.687,4,61673281317,13731642
61.7005,4,61687012959,13495036
61.7112,3,61684227747,27003884
61.7138,4,61700507995,13246642
61.7329,4,61713754637,19155454
61.7599,4,61732910091,27006872
61.7627,4,61759916963,2785212
61.7731,3,61711231631,61857968
61.776,3,61773089599,2942612
61.7788,3,61776032211,2740212
61.7838,3,61778772423,5017006
61.7974,4,61762702175,34733496
61.8029,4,61797435671,5496418
61.8299,4,61802932089,26954860
61.8324,4,61829886949,2523006
61.8354,3,61783789429,51568944
61.8459,3,61835358373,10556630
61.8596,4,61832409955,27229084
61.8647,3,61845915003,18741042
61.8672,3,61864656045,2541006
61.8697,4,61859639039,10081018
61.8754,3,61867197051,8188024
61.8835,4,61869720057,13802648
61.8861,4,61883522705,2532006
61.8886,3,61875385075,13201642
61.9015,4,61886054711,15431430
61.9041,4,61901486141,2577006
61.915,3,61888586717,26458666
61.9176,4,61904063147,13505242
61.9207,4,61917568389,3082812
61.9318,4,61920651201,11105830
61.9343,3,61915045383,19252654
61.9444,4,61931757031,12640024
61.9475,3,61934298037,13250030
61.9586,4,61944397055,14190842
61.9611,3,61947548067,13562836
61.9719,3,61961110903,10773836
61.9744,3,61971884739,2541006
61.9773,4,61958587897,18685260
61.98,4,61977273157,2740212
61.9907,4,61980013369,10692624
61.9932,3,61974425745,18821254
62.004,3,61993246999,10798024
62.0141,4,61990705993,23438048
62.0167,4,62014144041,2541006
62.028,4,62016685047,11306642
62.0311,4,62027991689,3098212
62.0336,3,62004045023,29603884
62.0386,4,62031089901,7549012
62.0462,4,62038638913,7531012
62.0487,3,62033648907,15053024
62.0512,4,62046169925,5055012
62.0548,4,62051224937,3594618
62.0659,4,62054819555,11081636
62.0712,4,62065901191,5279212
62.0812,3,62048701931,32467484
62.0837,3,62081169415,2550006
62.0951,4,62071180403,23965854
62.1059,4,62095146257,10762830
62.1166,4,62105909087,10676630
62.1193,3,62083719421,35615508
62.1219,3,62119334929,2550006
62.1331,4,62116585717,16484254
62.1465,4,62133069971,13477836
62.1573,4,62146547807,10747830
62.1601,3,62121884935,38204914
62.1704,3,62160089849,10349018
62.173,4,62157295637,15666236
62.1762,4,62172961873,3196012
62.1787,3,62170438867,8269024
62.1895,4,62176157885,13354036
62.192,3,62178707891,13336036
62.2028,4,62189511921,13294836
62.2056,3,62192043927,13557042
62.2164,4,62202806757,13607048
62.2189,3,62205600969,13335842
62.2242,4,62216413805,7793218
62.2354,3,62218936811,16482248
62.2382,4,62224207023,13961248
62.2409,3,62235419059,5507424
62.2437,4,62238168271,5534424
62.2571,3,62240926483,16155048
62.2596,4,62243702695,15919842
62.2621,3,62257081531,5064012
62.2651,3,62262145543,2942612
62.2762,4,62259622537,16607448
62.2788,3,62265088155,13709836
62.2895,4,62276229985,13303836
62.2921,3,62278797991,13258836
62.2971,3,62292056827,5044006
62.3079,3,62297100833,10813224
62.3107,4,62289533821,21183448
62.3216,4,62310717269,10857836
62.3241,3,62307914057,16193054
62.335,3,62324107111,10884836
62.3407,3,62334991947,5690412
62.3515,3,62340682359,10818836
62.3542,4,62321575105,32666302
62.3676,3,62351501195,16053048
62.3786,3,62367554243,11048830
62.3917,3,62378603073,13098824
62.4156,4,62354241407,61402150
62.4184,3,62391701897,26690872
62.4209,3,62418392769,2523006
62.4318,4,62415643557,16186060
62.4344,3,62420915775,13445848
62.4555,4,62431829617,23652236
62.458,4,62455481853,2523006
62.4606,4,62458004859,2559006
62.4709,3,62434361623,36504254
62.477,4,62460563865,16388230
62.4822,3,62470865877,11376436
62.4897,3,62482242313,7475006
62.4923,3,62489717319,2541006
62.4973,4,62476952095,20359236
62.5085,4,62497311331,11236430
62.5111,4,62508547761,2532006
62.514,4,62511079767,2874412
62.524,3,62492258325,31767872
62.5271,4,62513954179,13154830
62.5372,3,62524026197,13154830
62.5397,3,62537181027,2523006
62.5425,3,62539704033,2845006
62.5451,4,62527109009,17963036
62.5484,4,62545072045,3332412
62.5591,3,62542549039,16600248
62.562,3,62559149287,2830212
62.5645,4,62548404457,16098048
62.567,3,62561979499,5046012
62.5774,4,62564502505,12908024
62.5807,3,62567025511,13658230
62.6099,3,62580683741,29227066
62.6124,3,62609910807,2523006
62.6255,4,62577410529,48070720
62.6281,4,62625481249,2577006
62.6581,4,62628058255,30016866
62.6688,4,62658075121,10741636
62.6798,4,62668816757,10955830
62.7012,4,62679772587,21459466
62.7122,4,62701232053,10949842
62.7149,4,62712181895,2749212
62.7253,4,62714931107,10363230
62.7284,4,62725294337,3068612
62.7385,4,62728362949,10090018
62.7661,4,62738452967,27643690
62.7689,4,62766096657,2785212
62.7795,4,62768881869,10602224
62.7825,4,62779484093,2996612
62.7933,4,62782480705,10827836
62.7961,4,62793308541,2794212
62.8067,4,62796102753,10610630
62.8175,4,62806713383,10812836
62.8279,4,62817526219,10343224
62.8498,4,62827869443,21898054
62.8523,4,62849767497,2541006
62.8655,4,62852308503,13212024
62.8764,3,62612433813,263953550
62.8789,3,62876387363,2559006
62.8898,3,62878946369,10828430
62.8927,4,62865520527,27214884
62.8953,3,62889774799,5483618
62.8982,3,62895258417,2901412
62.9088,3,62898159829,10640630
62.9191,3,62908800459,10343224
62.9242,3,62919143683,5035006
62.9355,3,62924178689,11279642
62.9383,3,62935458331,2803212
62.9814,4,62892735411,88663234
62.9918,4,62981398645,10367018
63.0188,4,62991765663,27022078
63.0214,4,63018787741,2577006
63.0348,3,62938261543,96496628
63.0451,4,63021364747,23700648
63.0481,3,63034758171,13381036
63.0615,4,63045065395,16449636
63.0644,4,63061515031,2839212
63.0777,4,63064354243,13307030
63.0883,4,63077661273,10611224
63.0913,4,63088272497,2996612
63.1019,3,63048139207,53723720
63.1099,3,63101862927,8003430
63.1153,4,63091269109,23994666
63.123,3,63109866357,13172636
63.1394,4,63115263775,24129666
63.1498,4,63139393441,10432424
63.1606,4,63149825865,10804624
63.1687,4,63160630489,8078624
63.1797,4,63168709113,11039236
63.1853,3,63123038993,62243780
63.1935,4,63179748349,13776848
63.2011,3,63185282773,15775436
63.2036,3,63201058209,2532006
63.2061,3,63203590215,2532006
63.2087,4,63193525197,15138030
63.2308,3,63206122221,24656666
63.2362,3,63230778887,5469418
63.2468,3,63236248305,10556630
63.2496,3,63246804935,2794212
63.2524,3,63249599147,2758212
63.2628,3,63252357359,10394024
63.2658,3,63262751383,3055812
63.2686,3,63265807195,2794212
63.2789,4,63208663227,70245404
63.2814,4,63278908631,2523006
63.284,4,63281431637,2532006
63.2865,4,63283963643,2523006
63.2981,4,63286486649,11616642
63.301,3,63268601407,32448296
63.3036,4,63298103291,5469418
63.3144,3,63301049703,13396036
63.3173,3,63314445739,2821212
63.3278,3,63317266951,10529630
63.3304,3,63327796581,2559006
63.3332,4,63303572709,29639290
63.3382,3,63330355587,7855418
63.3483,3,63338211005,10110024
63.3534,4,63333211999,20153036
63.3675,3,63348321029,19191636
63.3703,3,63367512665,2794212
63.3809,4,63353365035,27537666
63.3963,3,63370306877,25988848
63.4046,3,63396295725,8335218
63.4097,3,63404630943,5046012
63.4127,4,63380902701,31839066
63.4264,4,63412741767,13614042
63.4373,4,63426355809,10902836
63.448,4,63437258645,10696636
63.4507,3,63409676955,41045538
63.4615,4,63447955281,13559048
63.4646,3,63450722493,13881048
63.4671,4,63461514329,5612218
63.4699,3,63464603541,5290218
63.4799,4,63467126547,12821230
63.4825,3,63469893759,12577024
63.485,3,63482470783,2532006
63.4885,4,63479947777,8536430
63.4912,3,63485002789,6239630
63.502,4,63488484207,13514642
63.5076,3,63491242419,16387048
63.5183,3,63507629467,10696636
63.5213,3,63518326103,2939418
63.5238,4,63501998849,21816678
63.5266,4,63523815527,2794212
63.5371,4,63526609739,10482624
63.54,4,63537092363,2883412
63.5425,3,63521265521,21242260
63.5559,4,63539975775,15941036
63.5665,4,63555916811,10580218
63.5853,4,63566497029,18805454
63.5883,4,63585302483,2951612
63.5933,4,63588254095,5055012
63.5964,4,63593309107,3064618
63.6048,4,63596373725,8379430
63.61,4,63604753155,5281218
63.6184,4,63610034373,8316830
63.6284,4,63618351203,10088012
63.6499,4,63628439215,21441854
63.6606,4,63649881069,10705636
63.6664,4,63660586705,5772824
63.6855,4,63666359529,19104254
63.7048,4,63685463783,19369460
63.7074,4,63704833243,2532006
63.7154,4,63707365249,8030430
63.721,4,63715395679,5650624
63.7236,4,63721046303,2523006
63.7318,4,63723569309,8244830
63.7374,4,63731814139,5543424
63.7399,4,63737357563,2559006
63.7481,4,63739916569,8173630
63.8026,4,63748090199,54475568
63.8164,4,63802565767,13813248
63.8243,4,63816379015,7893424
63.8298,4,63824272439,5561424
63.8378,4,63829833863,8004618
63.8864,4,63837838481,48588132
63.8969,4,63886426613,10423424
63.9024,4,63896850037,5596818
63.9135,4,63902446855,11054636
63.9246,4,63913501491,11066042
63.9869,4,63924567533,62305380
63.9919,4,63986872913,4999006
63.9973,4,63991871919,5388418
64.0057,4,63997260337,8408836
64.0114,4,64005669173,5746418
64.0221,4,64011415591,10732636
64.0249,4,64022148227,2758212
64.0441,4,64024906439,19175466
64.0569,4,64044081905,12846224
64.0595,4,64056928129,2523006
64.0705,4,64059451135,11095436
64.0817,4,64070546571,11152836
64.09,4,64081699407,8310636
64.1005,4,64090010043,10441424
64.1063,4,64100451467,5876830
64.1282,4,64106328297,21859272
64.1336,4,64128187569,5397418
64.1583,4,64133584987,24727890
64.1637,4,64158312877,5379418
64.2125,4,64163692295,48790326
64.2365,4,64212482621,24049660
64.2416,4,64236532281,5053006
64.2608,4,64241585287,19189666
64.2799,4,64260774953,19142272
64.283,3,63542507781,740489656
64.291,4,64279917225,11092642
64.2964,4,64291009867,5406418
64.2993,4,64296416285,2856412
64.302,3,64282997437,19042472
64.3071,4,64299272697,7813224
64.3178,3,64302039909,15773442
64.3229,3,64317813351,5044006
64.3369,4,64307085921,29849284
64.3445,3,64322857357,21662860
64.3521,3,64344520217,7540012
64.3607,3,64352060229,8640630
64.377,3,64360700859,16260242
64.382,4,64336935205,45071908
64.3854,4,64382007113,3368618
64.3879,3,64376961101,10955636
64.4204,3,64387916737,32498284
64.4284,4,64385375731,43004714
64.434,3,64420415021,13625048
64.4368,4,64428380445,8417836
64.4422,4,64436798281,5442418
64.4554,3,64434040069,21332260
64.4582,3,64455372329,2847412
64.4662,4,64442240699,23926466
64.4687,3,64458219741,10470430
64.4743,3,64468690171,5650624
64.4848,3,64474340795,10500624
64.4877,3,64484841419,2845006
64.4906,3,64487686425,2960612
64.4959,4,64466167165,29779090
64.5038,3,64490647037,13199636
64.5067,4,64495946255,10792830
64.5143,4,64506739085,7540012
64.5229,3,64503846673,19035448
64.5305,4,64514279097,16179036
64.5441,4,64530458133,13619436
64.5493,4,64544077569,5272218
64.5548,3,64522882121,31874084
64.5573,4,64549349787,7929424
64.5602,4,64557279211,2960612
64.5657,4,64560239823,5507424
64.5708,3,64554756205,16037054
64.5787,3,64570793259,7927418
64.5896,4,64565747247,23855254
64.5951,4,64589602501,5510618
64.5979,4,64595113119,2758212
64.6058,4,64597871331,7974424
64.6276,4,64605845755,21743460
64.633,4,64627589215,5406418
64.6575,4,64632995633,24456684
64.66,4,64657452317,2532006
64.6683,4,64659984323,8349030
64.6711,4,64668333353,2758212
64.6844,3,64578720677,105656724
64.6869,3,64684377401,2541006
64.7088,3,64686918407,21908460
64.7139,3,64708826867,5055012
64.7224,4,64671091565,51261544
64.7306,4,64722353109,8213418
64.7356,4,64730566527,5071006
64.7789,4,64735637533,43227326
64.7817,4,64778864859,2847412
64.795,4,64781712271,13266430
64.8076,4,64794978701,12595018
64.8268,4,64807573719,19189436
64.8374,4,64826763155,10640824
64.8458,4,64837403979,8346030
64.8507,3,64713881879,136867136
64.8589,4,64845750009,13145830
64.8642,3,64850749015,13446042
64.8671,4,64858895839,8173630
64.875,4,64867069469,7968618
64.8804,3,64864195057,16240448
64.883,4,64875038087,7947424
64.8855,3,64880435505,5073012
64.8938,3,64885508517,8241830
64.8994,4,64882985511,16368054
64.9022,3,64893750347,8459630
64.905,3,64902209977,2821212
64.9155,3,64905031189,10432424
64.9263,4,64899353565,26911878
64.9294,3,64915463613,13980242
64.9403,4,64926265443,14025242
64.9428,4,64940290685,2532006
64.9554,4,64942822691,12604024
64.958,4,64955426715,2541006
64.9694,4,64957967721,11419842
64.9802,4,64969387563,10771830
64.9829,3,64929443855,53500750
64.9855,3,64982944605,2523006
64.9935,4,64980159393,13311648
64.9985,3,64985467611,13002436
65.0014,4,64993471041,7889012
65.0039,3,64998470047,5413012
65.0071,3,65003883059,3264212
65.0178,3,65007147271,10667630
65.0206,3,65017814901,2803212
65.0281,3,65020618113,7531012
65.0342,4,65001360053,32812090
65.0442,4,65034172143,10016012
65.0493,4,65044188155,5080006
65.0525,3,65028149125,24365248
65.0815,3,65052514373,29027666
65.0974,3,65081542039,15880842
65.1053,3,65097422881,7844012
65.1192,3,65105266893,13982042
65.1243,3,65119248935,5055012
65.1543,3,65124303947,29992284
65.1572,3,65154296231,2892412
65.1735,3,65157188643,16321060
65.184,3,65173509703,10515430
65.192,3,65184025133,7968618
65.1996,3,65191993751,7567012
65.2058,4,65049268161,156568826
65.2134,4,65205836987,7569018
65.2184,4,65213406005,4990006
65.2377,3,65199560763,38178096
65.2428,4,65218396011,24395854
65.2503,3,65237738859,12593018
65.2747,4,65242791865,31918260
65.3331,4,65274710125,58368938
65.3446,4,65333079063,11529230
65.3554,4,65344608293,10791836
65.3632,4,65355400129,7849224
65.3689,4,65363249353,5605624
65.3797,4,65368854977,10827836
65.3905,4,65379682813,10836836
65.4012,3,65250331877,150909402
65.4123,3,65401241279,11104836
65.4151,4,65390519649,24611678
65.428,4,65415131327,12843418
65.431,4,65427974745,3005612
65.4414,3,65412346115,29019266
65.4439,4,65430980357,12926030
65.4464,3,65441365381,5064012
65.449,3,65446429393,2523006
65.4515,4,65443906387,7578018
65.4625,3,65448952399,13531030
65.465,3,65462483429,2523006
65.4683,4,65451484405,16768048
65.4708,4,65468252453,2532006
65.4735,3,65465006435,8536236
65.4952,3,65473542671,21695666
65.4978,4,65470784459,26976884
65.5084,4,65497761343,10649630
65.5143,4,65508410973,5907618
65.5244,4,65514318591,10054018
65.5275,3,65495238337,32244084
65.5408,3,65527482421,13361030
65.5518,4,65524372609,27462478
65.5546,4,65551835087,2740212
65.5571,4,65554575299,2523006
65.5596,3,65540843451,18786860
65.5701,4,65557098305,12998630
65.5752,4,65570096935,5064012
65.5783,3,65559630311,18717648
65.5809,4,65575160947,5710018
65.5834,4,65580870965,2532006
65.5916,3,65578347959,13278842
65.5941,4,65583402971,10746836
65.5998,3,65591626801,8173630
65.6026,4,65594149807,8417836
65.6053,3,65599800431,5543424
65.6162,4,65602567643,13664836
65.6191,3,65605343855,13745036
65.6218,4,65616232479,5614624
65.6246,4,65621847103,2794212
65.6599,3,65619088891,40790720
65.6649,3,65659879611,5017006
65.7302,4,65624641315,105604300
65.7409,4,65730245615,10640630
65.7544,4,65740886245,13557636
65.7758,4,65754443881,21311842
65.7838,4,65775755723,8015624
65.7888,3,65664896617,123882736
65.7917,3,65788779353,2883412
65.7997,4,65783771347,15898042
65.8051,4,65799669389,5415418
65.8078,3,65791662765,16180254
65.8159,3,65807843019,8021430
65.8187,4,65805084807,13615648
65.8242,4,65818700455,5492618
65.827,4,65824193073,2785212
65.8371,4,65826978285,10090018
65.8428,4,65837068303,5778024
65.8454,3,65815864449,29504884
65.854,3,65845369333,8600824
65.8593,4,65842846327,16465242
65.8675,3,65853970157,13524042
65.87,3,65867494199,2523006
65.8754,4,65859311569,16076054
65.8779,3,65870017205,7920424
65.8808,4,65875387623,5397418
65.8909,4,65880785041,10090018
65.8965,4,65890875059,5587818
65.8993,3,65877937629,21399660
65.9019,3,65899337289,2523006
65.9044,4,65896462877,7929424
65.9074,3,65901860295,5519618
65.918,3,65907379913,10595630
65.9208,3,65917975543,2845006
65.9237,4,65904392301,19320660
65.9263,4,65923712961,2559006
65.9371,4,65926271967,10803018
65.9448,3,65920820549,24002648
65.961,3,65944823197,16205236
65.9693,3,65961028433,8269824
65.98,3,65969298257,10741636
65.9828,3,65980039893,2749212
66.0529,4,65937074985,115784918
66.0611,4,66052859903,8287424
66.0667,3,65982789105,83868840
66.0745,4,66061147327,13384036
66.0799,4,66074531363,5388418
66.0827,3,66066657945,16029048
66.0908,4,66079919781,10833642
66.0962,3,66082686993,13550048
66.099,3,66096237041,2785212
66.1016,4,66090753423,10800836
66.1203,4,66101554259,18717248
66.126,4,66120271507,5692418
66.1285,3,66099022253,29473678
66.134,4,66125963925,8033624
66.1395,3,66128495931,11018042
66.142,4,66133997549,8048430
66.147,4,66142045979,4999006
66.1496,4,66147044985,2532006
66.1521,3,66139513973,12586024
66.1609,4,66149576991,11325436
66.1659,3,66152099997,13837436
66.1717,4,66160902427,10780830
66.182,4,66171683257,10298224
66.1875,4,66181981481,5537618
66.1932,3,66165937433,27223290
66.1985,4,66187519099,10965036
66.2013,4,66198484135,2776212
66.2066,3,66193160723,13441036
66.217,3,66206601759,10352224
66.2252,4,66201260347,23906460
66.2305,3,66216953983,13551830
66.233,4,66225166807,7880012
66.2381,4,66233046819,5046012
66.2413,4,66238092831,3237212
66.2548,4,66241330043,13432836
66.2659,4,66254762879,11131836
66.2739,4,66265894715,7965424
66.2819,4,66273860139,8033624
66.2873,3,66230505813,56785368
66.2902,3,66287291181,2948418
66.2953,4,66281893763,13391848
66.3032,4,66295285611,7918418
66.3087,3,66290239599,18439048
66.3141,3,66308678647,5406418
66.3194,4,66303204029,16153254
66.3219,3,66314085065,7795224
66.3248,4,66319357283,5474618
66.3276,3,66321880289,5718824
66.3361,4,66324831901,11271842
66.3415,3,66327599113,13884048
66.3442,4,66336103743,8137630
66.3468,4,66344241373,2559006
66.3543,3,66341483161,12866230
66.36,3,66354349391,5690012
66.3631,4,66346800379,16319236
66.3682,3,66360039403,8135224
66.3763,4,66363119615,13154830
66.3788,3,66368174627,10622824
66.3813,3,66378797451,2523006
66.3949,4,66376274445,18656254
66.3977,4,66394930699,2803212
66.4003,3,66381320457,18936460
66.4083,3,66400256917,8054818
66.4189,3,66408311735,10593624
66.427,3,66418905359,8075430
66.4328,4,66397733911,35052496
66.4356,3,66426980789,8572830
66.4383,4,66432786407,5543424
66.4409,3,66435553619,5299218
66.4538,4,66438329831,15499630
66.4568,3,66440852837,15928236
66.4593,3,66456781073,2532006
66.4622,4,66453829461,8403030
66.4835,4,66462232491,21265842
66.4947,4,66483498333,11247442
66.5056,4,66494745775,10804636
66.5163,4,66505550411,10791836
66.5295,3,66459313079,70210998
66.532,3,66529524077,2523006
66.5594,4,66516342247,43063720
66.5677,3,66532047083,35678508
66.5706,4,66559405967,11203036
66.5839,3,66567725591,16179242
66.5892,3,66583904833,5299218
66.5972,3,66589204051,8024624
66.6001,4,66570609003,29530084
66.6133,4,66600139087,13172636
66.6269,4,66613311723,13617236
66.6295,4,66626928959,2523006
66.6324,4,66629451965,2966418
66.6428,4,66632418383,10403018
66.6453,4,66642821401,2523006
66.6644,4,66645344407,19011848
66.6703,3,66597228675,73064204
66.6778,4,66664356255,13429630
66.6803,3,66670292879,10016012
66.6937,4,66677785885,15886042
66.6967,3,66680308891,16400848
66.7043,4,66693671927,10595824
66.7128,4,66704267751,8513036
66.7183,4,66712780787,5516424
66.7264,4,66718297211,8135624
66.7391,4,66726432835,12622024
66.7589,3,66696709739,62190386
66.7781,3,66758900125,19206254
66.7837,3,66778106379,5552424
66.8072,3,66783658803,23508242
66.8101,3,66807167045,2942612
66.8176,3,66810109657,7531012
66.8232,4,66739054859,84096428
66.8261,3,66817640669,8412030
66.8336,4,66823151287,10470430
66.8367,3,66826052699,10624830
66.8417,4,66833621717,8081818
66.8446,4,66841703535,2890006
66.8527,3,66836677529,16066030
66.8578,4,66844593541,13194024
66.8791,3,66852743559,26353060
66.8822,3,66879096619,3151012
66.8848,4,66857787565,27001072
66.8898,4,66884788637,5017006
66.9114,3,66882247631,29191866
66.9196,3,66911439497,8164630
66.9271,3,66919604127,7540012
66.9357,3,66927144139,8599236
66.9408,3,66935743375,5017006
66.9517,3,66940760381,10971830
66.9626,3,66951732211,10849030
66.9701,3,66962581241,7540012
66.9971,3,66970121253,26942866
67.0082,3,66997064119,11105236
67.0351,3,67008169355,26880878
67.043,3,67035050233,7938424
67.0516,3,67042988657,8605636
67.0596,3,67051594293,7983424
67.068,3,67059577717,8408836
67.0895,3,67067986553,21514860
67.0976,3,67089501413,8101824
67.1006,3,67097603237,2969612
67.1109,3,67100572849,10307224
67.1459,3,67110880073,35027690
67.1573,3,67145907763,11397042
67.1598,3,67157304805,2523006
67.1624,3,67159827811,2532006
67.1706,3,67162359817,8289830
67.1786,3,67170649647,7992424
67.1894,3,67178642071,10781424
67.2112,4,66889805643,321390718
67.2165,3,67189423495,27045084
67.2325,4,67211196361,21290260
67.27,3,67216468579,53509526
67.2725,3,67269978105,2523006
67.2841,3,67272501111,11569442
67.2921,4,67232486621,59641362
67.3021,3,67284070553,18035436
67.3107,4,67292127983,18523436
67.3132,3,67302105989,11068436
67.3185,3,67313174425,5341412
67.3265,3,67318515837,7983424
67.3294,3,67326499261,2874412
67.3348,3,67329373673,5388418
67.3401,3,67334762091,5317218
67.3455,4,67310651419,34861308
67.3483,4,67345512727,2740212
67.3536,3,67340079309,13553048
67.3567,4,67348252939,8459630
67.3674,3,67353632357,13807042
67.3727,3,67367439399,5270212
67.3805,4,67356712569,23828260
67.3835,3,67372709611,10782830
67.3863,4,67380540829,5787618
67.3918,4,67386328447,5492618
67.3993,4,67391821065,7468006
67.4078,4,67399289071,8495036
67.4128,4,67407784107,5053006
67.4154,3,67383492441,31867678
67.4238,4,67412837113,10962036
67.4289,4,67423799149,5071006
67.437,4,67428870155,8155824
67.4424,3,67415360119,27054278
67.4479,4,67437025979,10886842
67.4533,3,67442414397,10895842
67.4561,4,67447912821,8146630
67.4619,3,67453310239,8605636
67.4674,4,67456059451,11363848
67.4699,3,67461915875,8030430
67.4775,3,67469946305,7513012
67.48,4,67467423299,12586024
67.4886,4,67480009323,8612218
67.4915,3,67477459317,14045636
67.4966,3,67491504953,5055012
67.5022,4,67488621541,13619242
67.5101,3,67496559965,13557042
67.5126,4,67502240783,10399230
67.5206,4,67512640013,7968618
67.5289,4,67520608631,8250830
67.5344,3,67510117007,24312878
67.5754,3,67534429885,41009920
67.581,3,67575439805,5525424
67.5863,4,67528859461,57485186
67.5948,3,67580965229,13785848
67.5973,4,67586344647,10938436
67.6134,3,67594751077,18643242
67.6188,3,67613394319,5397418
67.6269,3,67618791737,8066430
67.6325,4,67597283083,35198708
67.638,3,67626858167,11158048
67.6431,4,67632481791,10589436
67.6487,4,67643071227,5623624
67.6515,4,67648694851,2776212
67.6542,3,67638016215,16204060
67.6596,4,67651471063,8164630
67.6708,4,67659635693,11206836
67.6764,3,67654220275,22165678
67.6839,4,67670842529,13045430
67.6864,4,67683887959,2523006
67.6895,4,67686410965,3082812
67.7006,3,67676385953,24195660
67.7112,4,67689493777,21675266
67.7166,4,67711169043,5451418
67.7222,4,67716620461,5605624
67.7276,3,67700581613,27050890
67.7329,3,67727632503,5290218
67.7354,4,67722226085,13219642
67.7409,3,67732922721,7929424
67.7459,4,67735445727,10441424
67.7598,3,67740852145,18949454
67.7682,4,67745887151,22284878
67.7763,4,67768172029,8153624
67.7819,4,67776325653,5549618
67.7844,3,67759801599,24596678
67.7873,4,67781875271,5471424
67.7899,3,67784398277,5480424
67.7984,3,67789878701,8486630
67.8034,4,67787346695,16082648
67.8064,3,67798365331,8024624
67.8092,3,67806389955,2767212
67.8251,3,67809157167,15902036
67.8304,3,67825059203,5326218
67.838,3,67830385421,7585012
67.8435,4,67803429343,40101908
67.8485,4,67843531251,4990006
67.8543,4,67848521257,5796024
67.8597,4,67854317281,5397418
67.8736,3,67837970433,35593120
67.8791,3,67873563553,5561424
67.8873,4,67859714699,27556908
67.8898,3,67879124977,10678636
67.8923,4,67887271607,5073012
67.8982,4,67892344619,5835624
67.9064,4,67898180243,8191630
67.9119,3,67889803613,22129684
67.9169,4,67906371873,10551430
67.9226,4,67916923303,5691824
67.9333,4,67922615127,10685630
67.9386,3,67911933297,26628672
67.9436,4,67933300757,10316224
67.9494,4,67943616981,5796024
67.952,3,67938561969,13419042
67.96,4,67949413005,10583630
67.9653,3,67951981011,13314842
67.9706,4,67959996635,10602230
67.9731,4,67970598865,2532006
67.9842,3,67965295853,18863248
67.987,3,67984159101,2874412
67.998,3,67987033513,10958842
68.0011,3,67997992355,3098212
68.0036,4,67973130871,30482702
68.0115,3,68001090567,10387424
68.017,4,68003613573,13402036
68.0198,3,68011477991,8304830
68.0298,4,68017015609,12783224
68.0355,3,68019782821,15744030
68.0405,4,68029798833,10727024
68.046,4,68040525857,5429612
68.0591,4,68045955469,13154830
68.067,4,68059110299,7927418
68.0838,4,68067037717,16723460
68.0914,4,68083761177,7594012
68.1029,4,68091355189,11569448
68.1107,4,68102924637,7784218
68.1539,4,68110708855,43186126
68.1595,4,68153894981,5614624
68.1701,4,68159509605,10634436
68.173,4,68170144041,2874412
68.1813,4,68173018453,8242424
68.1866,4,68181260877,5370418
68.1895,3,68035526851,153996856
68.1921,4,68186631295,5424418
68.2027,3,68189523707,13210642
68.2059,4,68192055713,13857048
68.2142,4,68205912761,8245630
68.2197,4,68214158391,5543424
68.2275,4,68219701815,7813224
68.2357,4,68227515039,8194824
68.2575,3,68202734349,54736986
68.2678,3,68257471335,10316224
68.2709,3,68267787559,3109812
68.282,4,68235709863,46262150
68.2848,3,68270897371,13859854
68.2955,4,68281972013,13512042
68.2982,3,68284757225,13476042
68.301,3,68298233267,2785212
68.3035,3,68301018479,2523006
68.3139,3,68303541485,10338018
68.3171,3,68313879503,3241012
68.3491,3,68317120515,31931084
68.36,3,68349051599,10931842
68.3706,3,68359983441,10629624
68.3789,3,68370613065,8278424
68.3846,3,68378891489,5736824
68.4007,3,68384628313,16090042
68.4083,3,68400718355,7558012
68.4196,3,68408276367,11275230
68.4302,3,68419551597,10649824
68.4409,3,68430201421,10696636
68.4434,3,68440898057,2523006
68.4459,3,68443421063,2523006
68.4676,3,68445944069,21659860
68.4786,3,68467603929,10949842
68.4814,3,68478553771,2863006
68.5003,3,68481416777,18844454
68.5078,3,68500261231,7585012
68.5166,3,68507846243,8718230
68.5193,3,68516564473,2758212
68.5301,3,68519322685,10732636
68.5429,3,68530055321,12875230
68.5455,3,68542930551,2532006
68.5618,3,68545462557,16321836
68.5809,3,68561784393,19067466
68.5947,3,68580851859,13864042
68.6028,3,68594715901,8057430
68.6081,3,68602773331,5370418
68.6107,3,68608143749,2541006
68.6136,3,68610684755,2901412
68.6274,3,68613586167,13817036
68.638,3,68627403203,10547630
68.6462,3,68637950833,8200630
68.6646,3,68646151463,18496848
68.6697,3,68664648311,5064012
68.6729,3,68669712323,3178012
68.6836,3,68672890335,10741636
68.6947,3,68683631971,11048830
68.7106,3,68694680801,15937842
68.7161,3,68710618643,5510618
68.719,3,68716129261,2845006
68.7374,3,68718974267,18380236
68.7456,3,68737354503,8262830
68.7484,3,68745617333,2776212
68.7593,3,68748393545,10904842
68.7644,3,68759298387,5118012
68.7752,3,68764416399,10780830
68.7938,3,68775197229,18586842
68.8104,3,68793784071,16594854
68.821,3,68810378925,10665230
68.8317,3,68821044155,10658824
68.8425,3,68831702979,10836836
68.8561,3,68842539815,13560042
68.8692,3,68856099857,13107630
68.8828,4,68295484055,587312868
68.8938,3,68869207487,24588072
68.8963,3,68893795559,2523006
68.9046,3,68896318565,8244830
68.9073,3,68904563395,2749212
68.9127,4,68882796923,29875096
68.9154,4,68912672019,2767212
68.9235,4,68915439231,8070218
68.9289,4,68923509449,5415418
68.9318,4,68928924867,2910412
68.9396,3,68907312607,32279890
68.9453,3,68939592497,5725818
68.956,3,68945318315,10714636
68.9588,4,68931835279,26964884
68.9666,4,68958800163,7766218
68.9717,4,68966566381,5100012
68.9767,4,68971666393,5044006
68.9879,4,68976710399,11189230
69.0065,4,68987899629,18585848
69.0174,4,69006485477,10953230
69.0224,3,68956032951,66395762
69.0253,3,69022428713,2836006
69.0282,3,69025264719,2960612
69.0307,4,69017438707,13309630
69.0544,4,69030748337,23692642
69.0624,4,69054440979,7947424
69.068,4,69062388403,5587624
69.0761,4,69067976027,8153624
69.0895,4,69076129651,13391030
69.1004,3,69028225331,72164884
69.1085,4,69089520681,18933346
69.1165,4,69108454027,8072624
69.1274,3,69100390215,27018872
69.1357,3,69127409087,8271830
69.1382,3,69135680917,2523006
69.1517,4,69116526651,35201314
69.1623,4,69151727965,10607436
69.1653,3,69138203923,27110090
69.1681,3,69165314013,2758212
69.1781,4,69162335401,15808842
69.1812,3,69168072225,13154830
69.1838,4,69178144243,5605818
69.1863,3,69181227055,5064012
69.1977,3,69186291067,11382236
69.2105,4,69183750061,26715466
69.2136,4,69210465527,3100812
69.2186,3,69197673303,20919042
69.2262,3,69218592345,7587018
69.2315,4,69213566339,17952030
69.2349,3,69226179363,8689418
69.2474,3,69234868781,12557018
69.2532,3,69247425799,5746018
69.2615,4,69231518369,29943278
69.264,3,69253171817,10812836
69.2748,3,69263984653,10782836
69.2775,4,69261461647,16064054
69.2906,4,69277525701,13081430
69.3021,3,69274767489,27290878
69.3074,3,69302058367,5317218
69.3154,3,69307375585,8006624
69.3182,4,69290607131,27631490
69.3235,4,69318238621,5308218
69.3346,3,69315382209,19216460
69.3449,4,69323546839,21366048
69.3475,4,69344912887,2568006
69.3535,4,69347480893,6004230
69.3613,4,69353485123,7853412
69.3723,4,69361338535,10929836
69.3854,3,69334598669,50804526
69.3962,3,69385403195,10762830
69.4069,3,69396166025,10772424
69.418,3,69406938449,11048042
69.4205,3,69417986491,2523006
69.4314,4,69372268371,59113162
69.4345,4,69431381533,3098212
69.4372,3,69420509497,16719460
69.4479,3,69437228957,10687636
69.4504,4,69434479745,15959854
69.4533,4,69450439599,2865412
69.4586,3,69447916593,10714636
69.4668,4,69453305011,13445848
69.4693,3,69458631229,10642636
69.4721,3,69469273865,2856412
69.4747,3,69472130277,2523006
69.4772,4,69466750859,10443430
69.4802,3,69474653283,5519618
69.4829,3,69480172901,2749212
69.4884,4,69477194289,11161242
69.4987,3,69482922113,15731642
69.5012,4,69488355531,12857230
69.5073,4,69501212761,6116024
69.5154,4,69507328785,8099624
69.5208,4,69515428409,5335218
69.5283,3,69498653755,29667884
69.5339,4,69520763627,13089824
69.5442,3,69528321639,15916830
69.55,3,69544238469,5728018
69.5583,3,69549966487,8298830
69.5635,4,69533853451,29693084
69.6068,4,69563546535,43216126
69.6124,3,69558265317,54100562
69.6204,4,69606762661,13627842
69.6259,3,69612365879,13541048
69.6284,4,69620390503,8048430
69.6367,3,69625906927,10812836
69.642,3,69636719763,5321006
69.6446,4,69628438933,16124842
69.6529,4,69644563775,8373030
69.6557,3,69642040769,13663248
69.6582,4,69652936805,5290218
69.6688,3,69655704017,13097636
69.6745,4,69658227023,16264448
69.6853,3,69668801653,16456448
69.6978,4,69674491471,23314648
69.7003,3,69685258101,15080024
69.7029,4,69697806119,5073012
69.7144,3,69700338125,14099242
69.717,4,69702879131,14081242
69.7225,4,69716960373,5555618
69.7304,3,69714437367,15972048
69.7361,3,69730409415,5648618
69.7445,4,69722515991,21992672
69.7521,4,69744508663,7549012
69.7602,4,69752057675,8155824
69.7678,4,69760213499,7567012
69.7971,3,69736058033,60994544
69.8055,3,69797052577,8442224
69.8193,3,69805494801,13799042
69.8296,3,69819293843,10343224
69.8406,3,69829637067,10974230
69.8463,3,69840611297,5639218
69.8596,3,69846250515,13370030
69.8621,3,69859620545,2523006
69.8732,3,69862143551,11009042
69.8759,3,69873152593,2767212
69.8837,4,69767780511,115878506
69.8892,4,69883659017,5537618
69.9075,3,69875919805,31594478
69.9133,4,69889196635,24093666
69.9217,3,69907514283,14188642
69.9267,4,69913290301,13420630
69.9292,3,69921702925,7540012
69.9375,4,69926710931,10755836
69.9403,3,69929242937,11089242
69.946,4,69937466767,8548830
69.9488,3,69940332179,8423630
69.9566,4,69946015597,10598436
69.9596,3,69948755809,10836836
69.9648,3,69959592645,5234212
69.9698,3,69964826857,5017006
69.9808,3,69969843863,10926230
69.9888,4,69956614033,32220484
70.0075,3,69980770093,26777872
70.0182,3,70007547965,10694230
70.0212,4,69988834517,32386290
70.0375,3,70018242195,19293866
70.0455,4,70021220807,24235678
70.0485,3,70037536061,11009636
70.0538,4,70045456485,8361430
70.0614,3,70048545697,12830230
70.0639,4,70053817915,10081018
70.0752,4,70063898933,11277636
70.078,4,70075176569,2821212
70.0914,4,70077997781,13441036
70.0965,4,70091438817,5064012
70.0994,4,70096502829,2856412
70.1069,4,70099359241,7540012
70.1127,4,70106899253,5850024
70.1153,3,70061375927,53923356
70.1232,3,70115299283,7871018
70.1257,4,70112749277,12944030
70.1316,3,70123170301,8468230
70.1397,4,70125693307,14026848
70.145,3,70131638531,13371842
70.1475,3,70145010373,2523006
70.1585,3,70147533379,10984024
70.1641,3,70158517403,5534424
70.1696,3,70164051827,5534424
70.18,3,70169586251,10450424
70.202,3,70180036675,21969678
70.2048,3,70202006353,2749212
70.2211,3,70204755565,16316248
70.2266,3,70221071813,5556212
70.2348,3,70226628025,8182630
70.2455,3,70234810655,10723636
70.251,3,70245534291,5433418
70.2648,3,70250967709,13828042
70.2731,3,70264795751,8328636
70.2782,3,70273124387,5055012
70.2811,3,70278179399,2942612
70.3112,3,70281122011,30099108
70.3166,3,70311221119,5415418
70.3277,3,70316636537,11099636
70.3333,3,70327736173,5534424
70.3387,3,70333270597,5379418
70.344,3,70338650015,5368412
70.5625,3,70344018427,218500302
70.5703,4,70139720155,430600792
70.5784,4,70570320947,8108624
70.5813,4,70578429571,2847412
70.5922,4,70581276983,10958842
70.5973,3,70562518729,34799108
70.6074,3,70597317837,10081018
70.6161,3,70607398855,8694436
70.6216,3,70616093291,5534424
70.6297,3,70621627715,8063624
70.6353,3,70629691339,5654412
70.6379,3,70635345751,2532006
70.6404,3,70637877757,2523006
70.6513,3,70640400763,10893836
70.6652,4,70592235825,72942010
70.6869,4,70665177835,21689472
70.7002,4,70686867307,13285836
70.7057,4,70700153143,5552424
70.7166,4,70705705567,10940842
70.7222,4,70716646409,5561424
70.7438,4,70722207833,21580254
70.7488,4,70743788087,5026006
70.7598,4,70748814093,11000236
70.7759,4,70759814329,16084836
70.7809,4,70775899165,5026006
70.7919,4,70780925171,10953230
70.8055,4,70791878401,13601242
70.8108,4,70805479643,5308218
70.8188,4,70810787861,8015624
70.8216,4,70818803485,2767212
70.8269,4,70821570697,5323412
70.8349,4,70826894109,8001424
70.8408,4,70834895533,5910424
70.8433,4,70840805957,2523006
70.8514,4,70843328963,8024624
70.8568,4,70851353587,5451418
70.8622,4,70856805005,5406418
70.8708,4,70862211423,8596636
70.879,4,70870808059,8191630
70.8869,4,70878999689,7947424
70.8898,4,70886947113,2847412
70.8979,4,70889794525,8066430
70.9087,4,70897860955,10842642
70.9307,4,70908703597,22014678
70.9884,4,70930718275,57651186
71.0177,4,70988369461,29301484
71.0287,4,71017670945,11030236
71.0395,4,71028701181,10753830
71.0587,4,71039455011,19273266
71.0615,4,71058728277,2758212
71.1185,4,71061486489,57019780
71.1239,4,71118506269,5388418
71.1348,4,71123894687,10922842
71.1457,4,71134817529,10882430
71.1482,4,71145699959,2532006
71.1567,4,71148231965,8462230
71.1622,4,71156694195,5534424
71.1813,4,71162228619,19092060
71.1925,4,71181320679,11165042
71.2033,4,71192485721,10795636
71.2086,3,70651294599,557294976
71.2136,3,71208589575,4999006
71.2161,3,71213588581,2532006
71.2218,3,71216120587,5672012
71.2301,3,71221792599,8292636
71.2355,4,71203281357,32219296
71.2544,3,71230085235,24323466
71.2598,3,71254408701,5370418
71.2623,3,71259779119,2523006
71.2811,3,71262302125,18843236
71.2863,3,71281145361,5109012
71.297,4,71235500653,61530944
71.2999,3,71286254373,13669636
71.3108,4,71297031597,13741248
71.3135,3,71299924009,13625048
71.3211,4,71310772845,10316224
71.3262,3,71313549057,12604024
71.3287,4,71321089069,7623018
71.3399,4,71328712087,11153230
71.3454,4,71339865317,5498424
71.3563,3,71326153081,30102090
71.367,4,71345363741,21604060
71.378,4,71366967801,10998036
71.3838,3,71356255171,27504090
71.3891,4,71377965837,11170836
71.3973,3,71383759261,13515042
71.3998,3,71397274303,2541006
71.4027,4,71389136673,13544048
71.4077,4,71402680721,5064012
71.4186,3,71399815309,18749448
71.4213,4,71407744733,13587236
71.4318,3,71418564757,13186624
71.4425,3,71431751381,10745024
71.4505,3,71442496405,8045218
71.4562,3,71450541623,5698818
71.4665,3,71456240441,10298224
71.4691,4,71421331969,47729702
71.4721,3,71466538665,5578818
71.4774,3,71472117483,5299218
71.4859,4,71469061671,16850660
71.4935,3,71477416701,16055642
71.496,4,71485912331,10083018
71.5047,3,71493472343,11199442
71.5074,4,71495995349,11434648
71.5125,3,71504671785,7840224
71.5151,4,71507429997,7623018
71.5232,3,71512512009,10688824
71.5257,4,71515053015,10670824
71.5312,3,71523200833,8024624
71.5342,4,71525723839,8513036
71.5422,3,71531225457,10958842
71.5523,3,71542184299,10135018
71.5613,3,71552319317,8953436
71.5638,3,71561272753,2550006
71.5746,3,71563822759,10744830
71.5885,3,71574567589,13882848
71.591,3,71588450437,2523006
71.5964,3,71590973443,5379418
71.6014,3,71596352861,5017006
71.607,3,71601369867,5614818
71.6098,3,71606984685,2847412
71.6179,3,71609832097,8093430
71.6261,3,71617925527,8155630
71.6342,3,71626081157,8081624
71.6423,3,71634162781,8093430
71.6475,3,71642256211,5281218
71.6504,3,71647537429,2892412
71.6532,3,71650429841,2749212
71.6643,3,71653179053,11155642
71.6753,3,71664334695,10974836
71.6861,3,71675309531,10824642
71.7078,4,71534236875,173561552
71.7103,3,71686134173,24187260
71.7212,3,71710321433,10893224
71.7262,3,71721214657,4990006
71.7367,3,71726204663,10530818
71.7449,4,71707798427,37096072
71.7524,4,71744894499,7513006
71.7585,3,71736735481,21730848
71.7638,3,71758466329,5323412
71.7747,3,71763789741,10902836
71.7802,3,71774692577,5552424
71.7828,4,71752407505,30360502
71.7878,3,71780245001,7515012
71.7911,4,71782768007,8301618
71.7938,3,71787760013,6076824
71.7992,4,71791069625,8146630
71.8074,3,71793836837,13544048
71.8099,3,71807380885,2559006
71.8206,3,71809939891,10676630
71.826,4,71799216255,26779684
71.8289,4,71825995939,2910412
71.8389,3,71820616521,18296842
71.85,4,71828906351,21103442
71.931,4,71850009793,80999234
71.9474,4,71931009027,16366448
71.9581,4,71947375475,10715824
71.9687,4,71958091299,10564218
71.9792,4,71968655517,10539818
71.9843,4,71979195335,5100012
72.0121,4,71984295347,27834496
72.0638,4,72012129843,51701774
72.1209,4,72063831617,57037768
72.1291,4,72120869385,8197824
72.1398,4,72129067209,10696636
72.1453,4,72139763845,5570424
72.1529,4,72145334269,7558012
72.1587,4,72152892281,5841024
72.1666,4,72158733305,7826412
72.1778,4,72166559717,11262842
72.1904,4,72177822559,12584018
72.1935,4,72190406577,3133012
72.2042,4,72193539589,10674224
72.2067,4,72204213813,2523006
72.2175,4,72206736819,10799024
72.2655,4,72217535843,47985514
72.2709,4,72265521357,5357012
72.2791,4,72270878369,8206024
72.2902,4,72279084393,11158048
72.2928,4,72290242441,2532006
72.3119,4,72292774447,19119066
72.3223,4,72311893513,10453618
72.3253,4,72322347131,2960612
72.3358,4,72325307743,10527624
72.3413,4,72335835367,5433418
72.3518,4,72341268785,10498618
72.36,4,72351767403,8253830
72.3656,4,72360021233,5570424
72.3735,4,72365591657,7862018
72.3791,4,72373453675,5623818
72.4253,4,72379077493,46191144
72.4328,4,72425268637,7558012
72.4385,4,72432826649,5710018
72.4494,4,72438536667,10836836
72.4823,4,72449373503,32905308
72.4874,4,72482278811,5073012
72.4949,4,72487351823,7522012
72.4974,4,72494873835,2523006
72.4999,4,72497396841,2523006
72.505,4,72499919847,5035006
72.5141,4,72504954853,9160430
72.5169,4,72514115283,2749212
72.5274,4,72516864495,10524430
72.5385,4,72527388925,11158048
72.5413,4,72538546973,2767212
72.5521,4,72541314185,10794836
72.5656,4,72552109021,13497842
72.5681,4,72565606863,2523006
72.5795,4,72568129869,11352042
72.59,4,72579481911,10525618
72.6006,4,72590007529,10551430
72.6275,4,72600558959,26966666
72.6387,4,72627525625,11134436
72.644,4,72638660061,5317218
72.6522,4,72643977279,8173630
72.6622,4,72652150909,10034012
72.6647,4,72662184921,2550006
72.6838,4,72664734927,19015642
72.7082,4,72683750569,24406266
72.7166,4,72708156835,8486630
72.7274,4,72716643465,10732636
72.7374,4,72727376101,10043012
72.7458,4,72737419113,8373224
72.7565,4,72745792337,10714636
72.7644,4,72756506973,7929424
72.7675,4,72764436397,3064618
72.7806,4,72767501015,13116824
72.7919,4,72780617839,11262842
72.8025,4,72791880681,10634436
72.8274,3,71838913363,988523644
72.8304,3,72827437007,2966418
72.8412,3,72830403425,10824642
72.8438,3,72841228067,2523006
72.8517,4,72802515117,49174380
72.8542,3,72843751073,10461430
72.8625,3,72854212503,8248824
72.8735,3,72862461327,10998036
72.8789,3,72873459363,5406418
72.8871,3,72878865781,8204424
72.9251,3,72887070205,37985314
72.9499,3,72925055519,24807090
72.9526,3,72949862609,2767212
72.9606,3,72952629821,7947424
72.9662,3,72960577245,5650624
72.9712,3,72966227869,5017006
72.9901,3,72971244875,18899436
72.9927,3,72990144311,2541006
73.0116,3,72992685317,18937648
73.0363,3,73011622965,24638678
73.047,3,73036261643,10753830
73.0495,3,73047015473,2523006
73.0604,3,73049538479,10827836
73.0631,3,73060366315,2767212
73.071,3,73063133527,7893424
73.0739,3,73071026951,2847412
73.1039,4,72851689497,252251762
73.1146,4,73103941259,10658824
73.1196,4,73114600083,5035006
73.1275,4,73119635089,7891018
73.1333,4,73127526107,5805218
73.1416,3,73073874363,67704598
73.1441,3,73141578961,2523006
73.1466,4,73133331325,13302648
73.1602,3,73144101967,16101242
73.1627,3,73160203209,2523006
73.1757,3,73162726215,12955430
73.1839,3,73175681645,8186018
73.1954,3,73183867663,11489048
73.2059,3,73195356711,10569430
73.2085,3,73205926141,2541006
73.2166,3,73208467147,8177018
73.2279,3,73216644165,11271842
73.2386,3,73227916007,10714636
73.2415,3,73238630643,2892412
73.2813,4,73146633973,134710184
73.2839,4,73281344157,2532006
73.2914,4,73283876163,7531012
73.2977,3,73241523055,56170138
73.3002,4,73291407175,8818024
73.3131,3,73297693193,15440430
73.3157,4,73300225199,15431430
73.3182,4,73315656629,2559006
73.3272,4,73318215635,8956630
73.3325,3,73313133623,19389054
73.3351,4,73327172265,7882418
73.3455,3,73332522677,12982430
73.3536,3,73345505107,8072818
73.3618,4,73335054683,26786072
73.3646,3,73353577925,11039042
73.3671,3,73364616967,2523006
73.3725,4,73361840755,10696636
73.3753,4,73372537391,2749212
73.3828,3,73367139973,15704642
73.3854,4,73375286603,10081018
73.3911,3,73382844615,8292024
73.3937,4,73385367621,8292024
73.3965,4,73393659645,2845006
73.4048,4,73396504651,8248018
73.4103,4,73404752669,5561424
73.4129,3,73391136639,21718460
73.4292,3,73412855099,16354242
73.4375,3,73429209341,8319636
73.4455,3,73437528977,7938424
73.4563,3,73445467401,10833642
73.462,3,73456301043,5659624
73.4885,3,73461960667,26566472
73.4941,3,73488527139,5614818
73.5052,3,73494141957,11104836
73.5188,3,73505246793,13571848
73.5268,3,73518818641,7956424
73.5353,3,73526775065,8513630
73.5436,3,73535288695,8292636
73.5463,3,73543581331,2749212
73.5544,3,73546330543,8108624
73.5789,3,73554439167,24445678
73.6137,3,73578884845,34828090
73.6737,4,73410314093,263427428
73.695,4,73673741521,21248260
73.7063,4,73694989781,11262842
73.7118,4,73706252623,5552424
73.7199,3,73613712935,106218736
73.7225,4,73711805047,10658630
73.7279,3,73719931671,7920424
73.7471,3,73727852095,19259454
73.758,3,73747111549,10866836
73.7633,4,73722463677,40840926
73.7734,4,73763304603,10081018
73.7759,3,73757978385,17930242
73.7949,3,73775908627,18957848
73.805,3,73794866475,10101018
73.8188,3,73804967493,13830436
73.8219,3,73818797929,3091812
73.8326,3,73821889741,10700824
73.8569,3,73832590565,24332666
73.865,3,73856923231,8048430
73.8756,3,73864971661,10658630
73.8811,3,73875630291,5424418
73.8893,3,73881054709,8212824
73.8999,3,73889267533,10592630
73.9105,3,73899860163,10647230
73.9131,3,73910507393,2568006
73.9243,3,73913075399,11220442
73.9268,3,73924295841,2541006
73.9378,3,73926836847,11001036
73.9435,3,73937837883,5630218
73.9616,3,73943468101,18103636
73.9887,3,73961571737,27087666
73.9915,3,73988659403,2794212
74.0022,3,73991453615,10714636
74.0125,3,74002168251,10374018
74.0157,3,74012542269,3187012
74.0261,3,74015729281,10343224
74.037,3,74026072505,10881036
74.0724,3,74036953541,35479702
74.075,3,74072433243,2523006
74.0857,3,74074956249,10791836
74.0961,3,74085748085,10316224
74.1073,3,74096064309,11215242
74.1426,3,74107279551,35363502
74.1562,3,74142643053,13593030
74.1667,3,74156236083,10498618
74.1775,3,74166734701,10791836
74.1879,3,74177526537,10417230
74.1909,3,74187943767,2978612
74.2017,3,74190922379,10818836
74.2045,3,74201741215,2794212
74.2156,3,74204535427,11054636
74.2368,3,74215590063,21242454
74.2479,3,74236832517,11113836
74.2507,3,74247946353,2776212
74.2615,3,74250722565,10780830
74.2643,3,74261503395,2767212
74.275,3,74264270607,10714636
74.2775,3,74274985243,2541006
74.2884,3,74277526249,10881036
74.291,3,74288407285,2559006
74.2935,3,74290966291,2523006
74.5086,3,74293489297,215089188
74.5118,3,74508578485,3264212
74.5219,3,74511842697,10099018
74.5334,3,74521941715,11477436
74.544,3,74533419151,10533430
74.547,3,74543952581,3023612
74.5574,3,74546976193,10394018
74.5871,3,74557370211,29729678
74.5979,3,74587099889,10821836
74.6085,3,74597921725,10592630
74.6193,3,74608514355,10771830
74.6304,3,74619286185,11143836
74.633,3,74630430021,2523006
74.6517,3,74632953027,18794448
74.6545,3,74651747475,2785212
74.6654,3,74654532687,10876624
74.6763,3,74665409311,10913842
74.6873,3,74676323153,10940842
74.6979,3,74687263995,10619630
74.7087,3,74697883625,10857836
74.7116,3,74708741461,2830212
74.7216,3,74711571673,9989012
74.7247,3,74721560685,3145812
74.7351,3,74724706497,10358018
74.7384,3,74735064515,3300018
74.7489,3,74738364533,10565630
74.7601,3,74748930163,11122836
74.7628,3,74760052999,2794212
74.7759,3,74762847211,13065436
74.7953,3,74775912647,19368866
74.8059,3,74795281513,10601630
74.8247,3,74805883143,18856260
74.8359,3,74824739403,11149836
74.8459,3,74835889239,9969006
74.8484,3,74845858245,2550006
74.8596,3,74848408251,11157636
74.8624,3,74859565887,2836006
74.8649,3,74862401893,2532006
74.9103,3,74864933899,45333920
74.9209,3,74910267819,10622824
74.9239,3,74920890643,3005612
74.9345,3,74923896255,10638224
74.9376,3,74934534479,3082812
74.9485,3,74937617291,10931842
74.9513,3,74948549133,2776212
74.9698,3,74951325345,18441630
74.9809,3,74969766975,11113242
74.9915,3,74980880217,10631824
75.0104,3,74991512041,18904260
75.013,3,75010416301,2550006
75.0238,3,75012966307,10863036
75.0266,3,75023829343,2758212
75.0294,3,75026587555,2776212
75.0483,3,75029363767,18928254
75.0508,3,75048292021,2550006
75.064,3,75050842027,13129636
75.0749,3,75063971663,10923630
75.078,3,75074895293,3064812
75.0992,3,75077960105,21240448
75.1099,3,75099200553,10687636
75.1208,3,75109888189,10958842
75.1312,3,75120847031,10343224
75.1426,3,75131190255,11400236
75.1534,3,75142590491,10798830
75.1643,3,75153389321,10940842
75.1773,3,75164330163,12980024
75.1886,3,75177310187,11306642
75.1987,3,75188616829,10108018
75.2093,3,75198724847,10622824
75.2125,3,75209347671,3177818
75.2256,3,75212525489,13110436
75.2282,3,75225635925,2541006
75.2388,3,75228176931,10613824
75.2583,3,75238790755,19478860
75.2611,3,75258269615,2794212
75.2876,3,75261063827,26495260
75.2906,3,75287559087,3082812
75.3012,3,75290641899,10545624
75.312,3,75301187523,10782836
75.3335,3,75311970359,21511460
75.3446,3,75333481819,11131836
75.3989,3,75344613655,54266768
75.4093,4,73773385621,1635947232
75.4122,3,75398880423,13353842
75.4229,3,75412234265,10641818
75.4256,4,75409332853,16310442
75.4362,3,75422876083,13282642
75.439,3,75436158725,2883412
75.4444,3,75439042137,5348012
75.4556,3,75444390149,11161242
75.4827,4,75425643295,57073968
75.4853,3,75455551391,29706878
75.4986,3,75485258269,13352030
75.5012,3,75498610299,2550006
75.5112,4,75482717263,28524060
75.5238,4,75511241323,12559018
75.5275,4,75523800341,3735418
75.5301,4,75527535759,2550006
75.5409,4,75530085765,10857836
75.5604,4,75540943601,19422466
75.5705,3,75501160305,69331780
75.573,4,75560366067,12649024
75.5845,3,75570492085,13994642
75.5872,3,75584486727,2749212
75.5898,3,75587235939,2559006
75.5999,4,75573015091,26887872
75.6031,3,75589794945,13268030
75.6056,3,75603062975,2523006
75.619,4,75599902963,19056860
75.6219,3,75605585981,16284254
75.6325,3,75621870235,10670824
75.6454,3,75632541059,12884230
75.6488,4,75618959823,29852278
75.6589,4,75648812101,10054018
75.6614,4,75658866119,2523006
75.6639,4,75661389125,2550006
75.6752,3,75645425289,29728666
75.6779,3,75675153955,2776212
75.6883,3,75677930167,10349018
75.7345,3,75688279185,46257932
75.7556,4,75663939131,91668828
75.7666,4,75755607959,11039236
75.7694,3,75734537117,34886290
75.7774,4,75766647195,10708830
75.7827,4,75777356025,5303012
75.7852,3,75769423407,15767636
75.7884,3,75785191043,3222818
75.7991,3,75788413861,10638624
75.8097,4,75782659037,27055272
75.8122,3,75799052485,13193830
75.823,4,75809714309,13237642
75.8258,3,75812246315,13580048
75.8312,4,75822951951,8215824
75.8444,4,75831167775,13206630
75.8472,3,75825826363,21413454
75.8609,3,75847239817,13650030
75.8717,3,75860889847,10768636
75.8742,3,75871658483,2523006
75.8767,3,75874181489,2550006
75.885,4,75844374405,40647714
75.8901,3,75876731495,13345636
75.8934,3,75890077131,3273018
75.9011,3,75893350149,7775218
75.9068,3,75901125367,5668624
75.9148,3,75906793991,8019424
75.9443,3,75914813415,29507078
75.9497,4,75885022119,64677792
75.955,3,75944320493,10678636
75.9603,4,75949699911,10611224
75.9628,3,75954999129,7844012
75.9679,4,75960311135,7578018
75.9713,4,75967889153,3445418
75.9793,4,75971334571,7963418
75.9821,3,75962843141,19213060
75.9874,4,75979297989,8117224
76.0013,3,75982056201,19220454
76.0064,3,76001276655,5091012
76.0229,3,76006367667,16541460
76.0355,4,75987415213,48095932
76.0466,4,76035511145,11137630
76.052,4,76046648775,5308218
76.0572,4,76051956993,5281218
76.0652,4,76057238211,7916012
76.0789,3,76022909127,56009738
76.0869,3,76078918865,7956424
76.0927,4,76065154223,27572392
76.106,4,76092726615,13258836
76.1169,3,76086875289,30066998
76.1277,3,76116942287,10732636
76.1305,4,76105985451,24563884
76.1333,4,76130549335,2758212
76.1358,4,76133307547,2523006
76.1412,3,76127674923,13479042
76.1487,4,76135830553,12854424
76.1545,4,76148684977,5832024
76.1655,3,76141153965,24370672
76.168,4,76154517001,13530642
76.1709,3,76165524637,5379418
76.1818,3,76170904055,10884836
76.1927,4,76168047643,24623678
76.2008,4,76192671321,8164630
76.2174,4,76200835951,16533454
76.2199,3,76181788891,38130520
76.2307,4,76217369405,13291642
76.2335,3,76219919411,13607048
76.2363,4,76230661047,5623624
76.2416,3,76233526459,8075430
76.2496,3,76241601889,8031618
76.2605,4,76236284671,24260672
76.2713,4,76260545343,10725418
76.2768,4,76271270761,5483618
76.2961,4,76276754379,19336266
76.3044,4,76296090645,8289830
76.3069,3,76249633507,57296974
76.312,3,76306930481,5064012
76.3203,3,76311994493,8347024
76.3256,3,76320341517,5290218
76.3472,4,76304380475,42857726
76.3578,4,76347238201,10604824
76.369,4,76357843025,11155642
76.3719,4,76368998667,2883412
76.3909,4,76371882079,19041266
76.4125,4,76390923345,21595060
76.4208,4,76412518405,8290024
76.429,4,76420808429,8182630
76.434,3,76325631735,108358330
76.4365,4,76428991059,7549012
76.4449,3,76433990065,10869036
76.4474,3,76444859101,2523006
76.453,4,76436540071,16492660
76.458,4,76453032731,4990006
76.4663,4,76458022737,8310030
76.4692,3,76447382107,21786666
76.4717,3,76469168773,2532006
76.4771,4,76466332767,10765430
76.48,3,76471700779,8271830
76.4825,4,76477098197,5397418
76.4854,4,76482495615,2865412
76.4935,4,76485361027,8101630
76.4985,4,76493462657,5008006
76.5038,4,76498470663,5348006
76.5123,4,76503818669,8516230
76.5149,4,76512334899,2541006
76.5205,4,76514875905,5641624
76.5312,4,76520517529,10634436
76.534,3,76479972609,54044768
76.5365,4,76531151965,5397418
76.5391,4,76536549383,2523006
76.5516,4,76539072389,12539018
76.5542,4,76551611407,2559006
76.5656,4,76554170413,11397436
76.5684,3,76534017377,34406884
76.5715,3,76568424261,3089212
76.5795,4,76565567849,13967054
76.5848,4,76579534903,5270212
76.5877,3,76571513473,16148054
76.5902,3,76587661527,2532006
76.6008,4,76584805115,15955236
76.6061,3,76590193533,15925830
76.6086,4,76600760351,7882018
76.6117,4,76608642369,3100812
76.6145,3,76606119363,8373030
76.6226,4,76611743181,10904842
76.628,3,76614492393,13472848
76.6308,4,76622648023,8111430
76.6441,3,76627965241,16182242
76.652,4,76630759453,21201254
76.6573,3,76644147483,13201642
76.6602,4,76651960707,8235830
76.6652,3,76657349125,7873418
76.6737,3,76665222543,8510024
76.6815,4,76660196537,21329248
76.6922,4,76681525785,10658824
76.695,4,76692184609,2856412
76.7057,4,76695041021,10629230
76.7192,4,76705670251,13494430
76.7246,3,76673732567,50829532
76.7378,3,76724562099,13238824
76.7485,3,76737800923,10708830
76.7563,3,76748509753,7840224
76.7618,3,76756349977,5436612
76.7643,3,76761786589,2523006
76.7672,4,76719164681,48001326
76.7697,4,76767166007,2532006
76.7726,3,76764309595,8253830
76.7834,3,76772563425,10875436
76.7863,3,76783438861,2874412
76.7888,4,76769698013,19138266
76.7914,4,76788836279,2523006
76.7939,4,76791359285,2523006
76.7969,3,76786313273,10606830
76.7997,4,76793882291,5796024
76.8078,4,76799678315,8088224
76.8134,3,76796920103,16461060
76.8159,3,76813381163,2550006
76.8188,3,76815931169,2874412
76.8216,4,76807766539,13797254
76.8352,4,76821563793,13686042
76.8459,3,76818805581,27064878
76.8484,4,76835249835,13152630
76.8594,3,76845870459,13496048
76.8619,4,76848402465,13487048
76.8722,4,76861889513,10343224
76.8753,3,76859366507,15949042
76.8832,4,76872232737,10944824
76.8857,3,76875315549,10394018
76.921,3,76885709567,35263072
76.9264,3,76920972639,5388418
76.9291,3,76926361057,2758212
76.9367,4,76883177561,53499720
76.9423,3,76929119269,13154830
76.9448,4,76936677281,8146824
76.9558,4,76944824105,10933030
76.9608,3,76942274099,18482042
76.9658,4,76955757135,10045018
76.9683,4,76965802153,2541006
76.9733,3,76960756141,12586024
76.985,3,76973342165,11655836
76.9987,3,76984998001,13679048
77.0012,4,76968343159,32856896
77.0037,4,77001200055,2523006
77.0095,3,76998677049,10782836
77.0178,4,77003723061,14105248
77.0232,3,77009459885,13745836
77.0283,4,77017828309,10450424
77.0362,4,77028278733,7939612
77.0388,4,77036218345,2550006
77.0499,4,77038768351,11143242
77.0525,4,77049911593,2541006
77.0733,3,77023205721,50052914
77.0758,4,77052452599,23347042
77.0874,4,77075799641,11610642
77.09,3,77073258635,16692654
77.0925,3,77089951289,2523006
77.1033,3,77092474295,10787024
77.106,3,77103261319,2758212
77.1088,4,77087410283,21394460
77.1169,3,77106019531,10911436
77.1224,3,77116930967,5492618
77.1252,4,77108804743,16386054
77.1277,4,77125190797,2523006
77.1306,3,77122423585,8155630
77.1331,3,77130579215,2523006
77.136,3,77133102221,2856412
77.1439,3,77135958633,7920424
77.1489,4,77127713803,21229266
77.1564,4,77148943069,7493006
77.1624,4,77156436075,5984418
77.1729,4,77162420493,10435618
77.1756,4,77172856111,2749212
77.1943,4,77175605323,18733230
77.1969,4,77194338553,2523006
77.1998,4,77196861559,2892412
77.2373,3,77143879057,93431010
77.2432,3,77237310067,5918030
77.2483,4,77199753971,48520138
77.2537,3,77243228097,10464624
77.264,4,77248274109,15696830
77.2721,3,77253692721,18446236
77.2747,3,77272138957,2550006
77.2858,4,77263970939,21845060
77.2992,3,77274688963,24538860
77.3145,4,77285815999,28718054
77.3177,4,77314534053,3196012
77.3234,4,77317730065,5701418
77.3339,3,77299227823,34636084
77.3396,3,77333863907,5709824
77.3474,4,77323431483,23971466
77.3528,4,77347402949,5388418
77.3582,3,77339573731,18642054
77.3719,3,77358215785,13670048
77.3801,3,77371885833,8173630
77.3853,3,77380059463,5234212
77.3989,3,77385293675,13650036
77.4182,3,77398943711,19258472
77.4235,3,77418202183,5330006
77.4311,3,77423532189,7576012
77.4425,3,77431108201,11351642
77.4534,3,77442459843,10956836
77.5271,4,77352791367,174339352
77.5381,4,77527130719,10985842
77.5464,4,77538116561,8265636
77.5514,4,77546382197,5046012
77.5543,4,77551428209,2874412
77.5674,3,77453416679,113987378
77.5706,4,77554302621,16288254
77.5785,3,77567404057,11125242
77.5835,3,77578529299,4999006
77.5865,4,77570590875,15898042
77.5946,3,77583528305,11104836
77.6004,3,77594633141,5718824
77.6029,4,77586488917,16386054
77.611,3,77600351965,10667630
77.6136,4,77602874971,10676630
77.6186,3,77611019595,7612012
77.6274,3,77618631607,8737230
77.6327,3,77627368837,5299218
77.6352,4,77613551601,21639460
77.646,4,77635191061,10800836
77.6565,3,77632668055,23822460
77.662,4,77645991897,16009236
77.6645,4,77662001133,2532006
77.6725,4,77664533139,7997624
77.6754,3,77656490515,18896660
77.6807,3,77675387175,5270212
77.6915,3,77680657387,10818836
77.7024,3,77691476223,10933630
77.7107,3,77702409853,8274636
77.7132,3,77710684489,2541006
77.7241,3,77713225495,10899036
77.7267,3,77724124531,2532006
77.7379,4,77672530763,65404610
77.7434,4,77737935373,5415418
77.7459,4,77743350791,2523006
77.754,4,77745873797,8101824
77.7565,3,77726656537,29860090
77.7619,4,77753975621,7938424
77.772,4,77761914045,10099018
77.7778,4,77772013063,5749212
77.7803,4,77777762275,2541006
77.7911,4,77780303281,10812836
77.7965,4,77791116117,5424418
77.805,4,77796540535,8466624
77.8126,4,77805007159,7567012
77.8206,4,77812574171,8033624
77.8289,4,77820607795,8275024
77.832,3,77756516627,75455404
77.8427,3,77831972031,10777636
77.8453,4,77828882819,16389854
77.8481,4,77845272673,2874412
77.8507,3,77842749667,7929424
77.8615,3,77850679091,10800836
77.8643,4,77848147085,16189254
77.8778,4,77864336339,13479842
77.886,4,77877816181,8191630
77.8911,3,77861479927,29582896
77.8939,4,77886007811,7911424
77.8967,3,77891062823,5614624
77.8992,4,77893919235,5290218
77.9074,4,77899209453,8195418
77.9125,3,77896677447,15773436
77.9238,3,77912450883,11301442
77.9263,3,77923752325,2523006
77.9318,3,77926275331,5501618
77.9349,4,77907404871,27452290
77.9478,4,77934857161,12973430
77.9504,4,77947830591,2532006
77.9616,3,77931776949,29822084
77.9698,3,77961599033,8173630
77.9753,4,77950362597,24953490
77.9779,4,77975316087,2550006
77.9888,4,77977866093,10929836
77.9913,4,77988795929,2532006
77.9996,4,77991327935,8223830
78.0049,3,77969772663,35156114
78.01,3,78004928777,5044006
78.0182,3,78009972783,8206024
78.021,3,78018178807,2865412
78.0265,4,77999551765,26898872
78.0369,3,78021044219,15809436
78.0399,4,78026450637,13458830
78.0453,4,78039909467,5415418
78.0479,3,78036853655,11012236
78.0584,3,78047865891,10577630
78.0639,3,78058443521,5451418
78.0668,4,78045324885,21462466
78.0773,4,78066787351,10527624
78.0853,4,78077314975,8003424
78.0882,3,78063894939,24279872
78.0936,4,78085318399,8280830
78.1017,4,78093599229,8146630
78.1043,3,78088174811,16094054
78.1125,3,78104268865,8243612
78.1153,4,78101745859,13515830
78.1234,3,78112512477,10922842
78.1287,4,78115261689,13425842
78.1316,4,78128687531,2865412
78.1343,3,78123435319,10893836
78.1449,3,78134329155,10620224
78.1533,4,78131552943,21725460
78.161,4,78153278403,7748218
78.1639,4,78161026621,2883412
78.1695,4,78163910033,5570424
78.1774,4,78169480457,7911424
78.1803,4,78177391881,2928412
78.1908,4,78180320293,10479430
78.1937,3,78144949379,48724756
78.2046,4,78190799723,13795248
78.2074,4,78204594971,2767212
78.2131,4,78207362183,5701418
78.2209,3,78193674135,27211690
78.2237,4,78213063601,10678636
78.2402,3,78220885825,19315460
78.2427,3,78240201285,2523006
78.2452,3,78242724291,2523006
78.2591,4,78223742237,35368508
78.2666,3,78245247297,21385460
78.2724,3,78266632757,5767018
78.2992,4,78259110745,40134902
78.3096,4,78299245647,10372230
78.3211,3,78272399775,48708338
78.3316,4,78309617877,22017860
78.3417,4,78331635737,10099018
78.3533,4,78341734755,11572636
78.3559,4,78353307391,2577006
78.3853,3,78321108113,64217168
78.3882,3,78385325281,2847412
78.4066,3,78388172693,18465836
78.4121,4,78355884397,56237750
78.4224,4,78412122147,10311012
78.4441,4,78422433159,21716254
78.5119,3,78406638529,105291682
78.5232,3,78511930211,11235842
78.5341,3,78523166053,10902836
78.5422,3,78534068889,8173630
78.5532,3,78542242519,10929436
78.5639,3,78553171955,10685630
78.5696,3,78563857585,5745824
78.5804,3,78569603409,10750636
78.5831,3,78580354045,2758212
78.5938,3,78583112257,10640824
78.5965,3,78593753081,2785212
78.607,3,78596538293,10434430
78.6208,3,78606972723,13855236
78.6312,3,78620827959,10343224
78.6505,3,78631171183,19330460
78.6563,3,78650501643,5754824
78.6642,3,78656256467,7992424
78.6774,3,78664248891,13107630
78.6799,3,78677356521,2532006
78.6909,3,78679888527,10992230
78.7018,3,78690880757,10958842
78.7127,3,78701839599,10851642
78.7238,3,78712691241,11064830
78.7265,3,78723756071,2776212
78.7374,3,78726532283,10913842
78.7482,3,78737446125,10732636
78.7535,3,78748178761,5303012
78.7747,3,78753481773,21172048
78.7854,3,78774653821,10714636
78.7884,3,78785368457,3064618
78.7912,3,78788433075,2794212
78.8017,3,78791227287,10443430
78.8046,3,78801670717,2937412
78.8147,3,78804608129,10054018
78.8177,3,78814662147,3037812
78.829,3,78817699959,11278836
78.8393,3,78828978795,10307224
78.8505,3,78839286019,11217248
78.8697,3,78850503267,19217454
78.8725,3,78869720721,2749212
78.8832,3,78872469933,10696636
78.8935,3,78883166569,10325224
78.896,3,78893491793,2523006
78.9401,3,78896014799,44130744
78.9671,3,78940145543,26977672
78.9805,3,78967123215,13411036
78.9991,3,78980534251,18568048
79.0098,4,78444149413,565631716
79.0148,3,78999102299,15670836
79.0205,4,79009781129,10684024
79.023,3,79014773135,8224024
79.1123,4,79020465153,91825064
79.1179,4,79112290217,5605624
79.1286,4,79117895841,10676824
79.1396,4,79128572665,11075830
79.1504,4,79139648495,10732636
79.1582,4,79150381131,7831224
79.164,4,79158212355,5787618
79.172,4,79163999973,7992424
79.2424,3,79022997159,219363248
79.2478,4,79171992397,75842628
79.2504,4,79247835025,2541006
79.2533,3,79242360407,10973042
79.2634,3,79253333449,10072018
79.2663,4,79250376031,15874442
79.2688,3,79263405467,5413012
79.2799,4,79266250473,13678636
79.2929,4,79279929109,12971424
79.2954,4,79292900533,2523006
79.3068,3,79268818479,37951502
79.3143,4,79295423539,18859454
79.32,3,79306769981,13185024
79.3277,3,79319955005,7757218
79.3333,3,79327712223,5632624
79.3364,4,79314282993,22160066
79.339,3,79333344847,5621218
79.3496,4,79336443059,13183836
79.3525,4,79349626895,2847412
79.3552,3,79338966065,16275454
79.3578,3,79355241519,2532006
79.3603,4,79352474307,7822224
79.371,3,79357773525,13250436
79.3761,4,79360296531,15771436
79.3795,3,79371023961,8439224
79.382,3,79379463185,2523006
79.3927,3,79381986191,10720830
79.3952,3,79392707021,2523006
79.4082,3,79395230027,12935424
79.4107,3,79408165451,2541006
79.4219,3,79410706457,11211636
79.4327,3,79421918093,10822636
79.4546,3,79432740729,21883666
79.4627,3,79454624395,8057430
79.4735,3,79462681825,10837430
79.4791,3,79473519255,5558812
79.4892,4,79376067967,113109118
79.4923,3,79479078067,13172830
79.5054,4,79489177085,16201448
79.5084,4,79505378533,3055618
79.511,3,79492250897,18724260
79.5138,4,79508434151,5326218
79.5163,3,79510975157,5317218
79.5264,4,79513760369,12595024
79.5297,3,79516292375,13422236
79.5325,4,79526355393,6144430
79.5431,4,79532499823,10611230
79.5461,4,79543111053,2951612
79.5488,4,79546062665,2776212
79.5542,4,79548838877,5359412
79.5646,3,79529714611,34909108
79.5676,3,79564623719,2928412
79.5701,4,79554198289,15876848
79.5733,4,79570075137,3196412
79.584,4,79573271549,10726830
79.6027,4,79583998379,18703048
79.6132,4,79602701427,10468424
79.6243,3,79567552131,56740956
79.6349,3,79624293087,10602818
79.6538,4,79613169851,40636302
79.6566,4,79653806153,2767212
79.6673,4,79656573365,10726830
79.6698,4,79667300195,2532006
79.6803,4,79669832201,10439024
79.6916,4,79680271225,11351642
79.6944,4,79691622867,2776212
79.6969,4,79694399079,2532006
79.7069,3,79634895905,72042192
79.7101,3,79706938097,3187012
79.7129,4,79696931085,15970236
79.7262,4,79712901321,13333836
79.729,4,79726235157,2785212
79.7391,4,79729020369,10081018
79.7424,4,79739101387,3300018
79.7532,4,79742401405,10804624
79.756,3,79710125109,45866132
79.7585,4,79753206029,5308218
79.761,3,79755991241,5046012
79.7712,3,79761037253,10117018
79.7827,4,79758514247,24203854
79.7853,3,79771154271,14095836
79.7907,4,79782718101,7968618
79.8012,3,79785250107,15966242
79.8063,4,79790686719,15591636
79.8168,4,79806278355,10527624
79.8304,4,79816805979,13608430
79.8496,4,79830414409,19170260
79.8596,3,79801216349,58357332
79.8646,3,79859573681,5008006
79.8678,3,79864581687,3228212
79.8704,4,79849584669,20775236
79.8732,3,79867809899,5406418
79.884,3,79873216317,10738430
79.887,4,79870359905,16600454
79.8898,3,79883954747,5808824
79.9002,4,79886960359,13267836
79.9028,4,79900228195,2550006
79.9056,4,79902778201,2856412
79.9297,3,79889763571,39947702
79.9426,4,79905634613,36949084
79.9451,4,79942583697,2559006
79.9482,4,79945142703,3082812
79.959,4,79948225515,10729430
79.962,4,79958954945,3014612
79.9645,3,79929711273,34781290
79.9749,3,79964492563,10367418
79.9857,4,79961969557,23711048
79.9888,4,79985680605,3100812
79.9991,3,79974859981,24219660
80.0091,3,79999079641,10016012
80.02,3,80009095653,10954024
80.0282,3,80020049677,8108818
80.0469,3,80028158495,18783248
80.0495,3,80046941743,2532006
80.0607,3,80049473749,11239036
80.0716,3,80060712785,10851642
80.0769,3,80071564427,5377412
80.0853,3,80076941839,8346624
80.1038,4,79988781417,115030894
80.1121,3,80085288463,26831872
80.1202,4,80103812311,16418654
80.1228,4,80120230965,2550006
80.1282,3,80112120335,16067054
80.1364,3,80128187389,8171624
80.1414,3,80136359013,5008006
80.1444,3,80141367019,3073618
80.1634,3,80144440637,18926054
80.1818,3,80163366691,18437042
80.1848,3,80181803733,2951612
80.1878,3,80184755345,3062212
80.1982,3,80187817557,10358418
80.2038,3,80198175975,5668624
80.2064,3,80203844599,2550006
80.2172,3,80206394605,10830836
80.2281,3,80217225441,10848836
80.2388,3,80228074277,10706824
80.2438,3,80238781101,5028006
80.2546,3,80243809107,10765030
80.2766,3,80254574137,22008666
80.2981,3,80276582803,21535254
80.3006,3,80298118057,2523006
80.3036,3,80300641063,2942612
80.3111,3,80303583675,7540012
80.3168,3,80311123687,5668818
80.3277,4,80122780971,204887370
80.3356,4,80327668341,7909418
80.3431,3,80316792505,26269260
80.3541,3,80343061765,11030236
80.3566,3,80354092001,2541006
80.3652,4,80335577759,29613078
80.368,3,80356633007,11325042
80.3735,4,80365190837,8274636
80.376,3,80367958049,8039430
80.3844,3,80375997479,8363836
80.3927,3,80384361315,8368424
80.4003,4,80373465473,26822278
80.4059,3,80392729739,13172830
80.4088,3,80405902569,2865412
80.4188,4,80400287751,18525248
80.4213,4,80418812999,2523006
80.4245,3,80408767981,15746036
80.4299,4,80421336005,8602430
80.4379,3,80424514017,13418848
80.4407,3,80437932865,2794212
80.4457,4,80429938435,15796648
80.4513,3,80440727077,10595824
80.4591,4,80445735083,13336036
80.4619,4,80459071119,2836006
80.4674,3,80451322901,16065836
80.481,4,80461907125,19118854
80.4836,4,80481025979,2532006
80.489,4,80483557985,5415418
80.4915,4,80488973403,2523006
80.4999,3,80467388737,32484490
80.5027,4,80491496409,11189030
80.5159,4,80502685439,13240836
80.5187,4,80515926275,2758212
80.5212,3,80499873227,21334266
80.5241,3,80521207493,2865412
80.5268,3,80524072905,2776212
80.5369,3,80526849117,10052012
80.54,4,80518684487,21272454
80.5425,4,80539956941,2550006
80.5454,3,80536901129,8471230
80.5562,4,80542506947,13651248
80.5612,3,80545372359,15838842
80.5665,3,80561211201,5330006
80.5748,3,80566541207,8254218
80.5776,4,80556158195,21413442
80.5878,3,80574795425,13043424
80.6017,4,80577571637,24091642
80.6149,4,80601663279,13194824
80.6416,4,80614858103,26702466
80.658,4,80641560569,16398648
80.6633,4,80657959217,5299218
80.6717,4,80663258435,8430624
80.6767,4,80671689059,5046012
80.6851,4,80676735071,8394030
80.6989,4,80685129101,13747842
80.7092,4,80698876943,10343224
80.7123,4,80709220167,3073812
80.7232,4,80712293979,10940842
80.7341,4,80723234821,10851642
80.7417,4,80734086463,7576012
80.7475,4,80741662475,5832024
80.7578,4,80747494499,10352224
80.766,4,80757846723,8159018
80.7717,4,80766005741,5737418
80.7797,4,80771743159,7929424
80.7905,4,80779672583,10792830
80.8206,4,80790465413,30117102
80.8422,4,80820582515,21609272
80.9319,3,80587838849,344099026
80.9432,3,80931937875,11262248
80.9487,3,80943200123,5534424
80.9594,3,80948734547,10705636
80.9672,3,80959440183,7802218
80.9723,4,80842191787,130096626
80.9751,3,80967242401,7891018
80.9777,4,80972288413,5386012
80.9809,3,80975133419,5787218
80.991,3,80980920637,10052012
80.9942,3,80990972649,3178012
81.0051,3,80994150661,10962630
81.0187,3,81005113291,13614042
81.0293,3,81018727333,10547630
81.0751,3,81029274963,45854144
81.0783,3,81075129107,3187412
81.0858,3,81078316519,7466006
81.1239,3,81085782525,38091714
81.1264,3,81123874239,2523006
81.1322,3,81126397245,5823024
81.1403,3,81132220269,8063624
81.1456,3,81140283893,5353218
81.1566,3,81145637111,10949842
81.1591,3,81156586953,2532006
81.1669,3,81159118959,7826412
81.172,3,81166945371,5064012
81.1751,3,81172009383,3082812
81.1834,3,81175092195,8337624
81.1887,3,81183429819,5272218
81.1916,3,81188702037,2874412
81.1943,3,81191576449,2749212
81.2048,3,81194325661,10459424
81.213,4,80977674425,235286078
81.2187,4,81212960503,5763824
81.2268,3,81204785085,21978672
81.2295,4,81218724327,10779642
81.2348,3,81226763757,8012430
81.2377,3,81234776187,2910412
81.2486,3,81237686599,10911836
81.2614,4,81229503969,31877690
81.2724,3,81248598435,23850648
81.2834,4,81261381659,22057054
81.291,4,81283438713,7522012
81.2994,3,81272449083,27000872
81.3045,4,81290960725,13542236
81.313,3,81299449955,13598836
81.3158,3,81313048791,2758212
81.3267,4,81304502961,22224878
81.3293,3,81315807003,13479842
81.3322,4,81326727839,5507424
81.3428,3,81329286845,13541048
81.3554,4,81332235263,23138642
81.3579,4,81355373905,2523006
81.3611,4,81357896911,3246212
81.3712,4,81361143123,10016012
81.382,4,81371159135,10858030
81.3935,4,81382017165,11474242
81.4013,4,81393491407,7793218
81.4069,4,81401284625,5587624
81.4097,3,81342827893,66838568
81.4225,3,81409666461,12879024
81.4276,4,81406872249,20699242
81.4386,4,81427571491,11002218
81.4653,3,81422545485,42777696
81.4764,3,81465323181,11087430
81.4927,3,81476410611,16274048
81.4954,3,81492684659,2758212
81.5064,3,81495442871,10922842
81.5089,3,81506365713,2532006
81.5173,3,81508897719,8359430
81.5198,3,81517257149,2541006
81.5228,3,81519798155,2969612
81.5255,3,81522767767,2776212
81.5363,3,81525543979,10800836
81.5523,4,81438573709,113744948
81.5577,4,81552318657,5397418
81.5659,4,81557716075,8155630
81.5713,4,81565871705,5406418
81.5901,4,81571278123,18789848
81.5926,4,81590067971,2523006
81.5957,4,81592590977,3064812
81.6062,4,81595655789,10538630
81.6172,3,81536344815,80886640
81.6282,3,81617231455,10991636
81.6333,3,81628223091,5071006
81.6358,3,81633294097,2523006
81.6469,3,81635817103,11041242
81.6497,3,81646858345,2794212
81.6522,4,81606194419,45981144
81.6651,3,81649652557,15451436
81.6677,4,81652175563,15505436
81.6708,3,81665103993,5728018
81.6817,3,81670832011,10902836
81.6924,3,81681734847,10674224
81.7035,3,81692409071,11116242
81.7142,3,81703525313,10658630
81.7253,3,81714183943,11105836
81.7388,3,81725289779,13521042
81.7413,3,81738810821,2532006
81.7518,3,81741342827,10414424
81.7548,3,81751757251,3050612
81.7655,3,81754807863,10699830
81.7865,3,81765507693,20946042
81.8189,4,81667680999,151213420
81.8299,4,81818894419,10998630
81.8324,4,81829893049,2523006
81.8434,4,81832416055,11010036
81.8543,4,81843426091,10875836
81.8648,4,81854301927,10509624
81.8676,4,81864811551,2794212
81.8701,4,81867605763,2532006
81.8805,4,81870137769,10396424
81.8831,4,81880534193,2541006
81.8862,4,81883075199,3091812
81.8971,4,81886167011,10944824
81.8999,4,81897111835,2740212
81.9106,4,81899852047,10777636
81.9132,4,81910629683,2550006
81.9242,4,81913179689,11048042
81.9271,4,81924227731,2836006
81.9454,3,81786453735,158960044
81.951,4,81927063737,23928860
81.9592,3,81945413779,13835454
81.9804,4,81950992597,29428690
81.9854,4,81980421287,4999006
81.988,4,81985420293,2541006
81.9962,3,81959249233,36927090
82.0022,4,81987961299,14228848
82.005,3,81996176323,8817036
82.0075,3,82004993359,2541006
82.0151,4,82002190147,12866230
82.0208,3,82007534365,13277030
82.0236,4,82015056377,8495230
82.0314,4,82023551607,7845396
82.0373,3,82020811395,16503638
82.0398,4,82031397003,8441036
82.0527,4,82039838039,12821224
82.0559,4,82052659263,3196012
82.0667,4,82055855275,10797642
82.0695,4,82066652917,2803212
82.0774,4,82069456129,7986618
82.0829,4,82077442747,5460418
82.0909,3,82037315033,53571556
82.0963,4,82082903165,13407842
82.0988,3,82090886589,7956424
82.1072,4,82096311007,10860630
82.11,3,82098843013,11185036
82.1151,4,82107171637,7902424
82.1179,4,82115074061,2874412
82.1205,3,82110028049,10461430
82.1394,3,82120489479,18935048
82.1426,4,82117948473,24653872
82.1454,3,82139424527,5936030
82.1662,3,82145360557,20859842
82.1853,3,82166220399,19082854
82.1881,3,82185303253,2767212
82.1982,4,82142602345,55549138
82.2012,3,82188070465,13163830
82.2041,4,82198151483,5918818
82.2069,3,82201234295,5692418
82.217,4,82204070301,12910430
82.2195,3,82206926713,12622024
82.2221,4,82216980731,5091012
82.2253,3,82219548737,5778218
82.2359,4,82222071743,13837436
82.239,3,82225326955,13656036
82.2468,3,82238982991,7784218
82.26,4,82235909179,24055660
82.271,4,82259964839,11010230
82.2737,3,82246767209,26966072
82.2953,4,82270975069,24321878
82.3006,3,82273733281,26880884
82.309,4,82295296947,13663842
82.3143,3,82300614165,13645842
82.3226,4,82308960789,13652048
82.3446,3,82314260007,30319302
82.3579,3,82344579309,13348836
82.3684,3,82357928145,10423424
82.3709,3,82368351569,2523006
82.3818,3,82370874575,10887036
82.3846,4,82322612837,62014186
82.3899,4,82384627023,5308218
82.3928,3,82381761611,11030042
82.4009,3,82392791653,8081624
82.4036,4,82389935241,13705248
82.4092,4,82403640489,5603218
82.412,3,82400873277,11119642
82.4307,3,82411992919,18678054
82.4382,4,82409243707,28929272
82.4485,4,82438172979,10367018
82.4521,3,82430670973,21405236
82.4734,3,82452076209,21324448
82.4845,3,82473400657,11050848
82.487,4,82448539997,38434514
82.4924,3,82484451505,7929424
82.4999,3,82492380929,7513012
82.5029,4,82486974511,15966242
82.5082,3,82499893941,8355030
82.5165,4,82502940753,13568642
82.5194,3,82508248971,11143836
82.5248,4,82516509395,8280830
82.5298,4,82524790225,4999006
82.546,3,82519392807,26582454
82.5485,4,82529789231,18709036
82.551,4,82548498267,2532006
82.5569,3,82545975261,10964236
82.5752,3,82556939497,18274030
82.5836,3,82575213527,8352830
82.5968,4,82551030273,45774914
82.6105,3,82583566357,26935878
82.6238,4,82596805187,27019478
82.6268,4,82623824665,2978612
82.635,3,82610502235,24456672
82.64,3,82634958907,5046012
82.6429,4,82626803277,16076054
82.6457,4,82642879331,2845006
82.6563,4,82645724337,10584624
82.6593,4,82656308961,2951612
82.6647,4,82659260573,5451418
82.6837,4,82664711991,19012260
82.7077,4,82683724251,24001466
82.7491,4,82707725717,41386138
82.7541,4,82749111855,4992006
82.7566,4,82754103861,2532006
82.7678,4,82756635867,11161242
82.7731,3,82640004919,133091408
82.7787,4,82767797109,10913842
82.784,3,82773096327,10922842
82.7895,3,82784019169,5525424
82.7945,4,82778710951,15823648
82.7975,4,82794534599,2960612
82.819,4,82797495211,21482054
82.9613,3,82789544593,171719946
82.9799,3,82961264539,18615442
82.9906,3,82979879981,10732636
83.0013,3,82990612617,10705636
83.0093,3,83001318253,7947424
83.0149,3,83009265677,5650624
83.0233,3,83014916301,8364624
83.0446,4,82818977265,225594720
83.0471,4,83044571985,2532006
83.0584,4,83047103991,11251236
83.0609,4,83058355227,2532006
83.0719,4,83060887233,11027042
83.0744,4,83071914275,2523006
83.077,3,83023280925,53679362
83.0879,3,83076960287,10947230
83.0934,3,83087907517,5489424
83.1143,3,83093396941,20947230
83.1255,3,83114344171,11119642
83.1362,4,83074437281,61744556
83.144,3,83125463813,18502242
83.1521,3,83143966055,8119824
83.1575,3,83152085879,5393012
83.1657,4,83136181837,29494078
83.171,3,83157478891,13505242
83.1788,4,83165675915,13083436
83.1813,3,83170984133,10316224
83.1894,3,83181300357,8090818
83.1919,4,83178759351,13163830
83.2002,4,83191923181,8242024
83.2027,3,83189391175,13306036
83.2135,4,83200165205,13303836
83.2164,3,83202697211,13711248
83.2189,4,83213469041,5462424
83.2245,3,83216408459,8057430
83.2327,4,83218931465,13798042
83.2355,3,83224465889,11066830
83.2411,4,83232729507,8328636
83.2789,4,83241058143,37878502
83.2897,4,83278936645,10727824
83.2997,3,83235532719,64147762
83.3028,3,83299680481,3073812
83.3053,3,83302754293,2523006
83.3179,3,83305277299,12595024
83.3213,4,83289664469,31680272
83.3239,3,83317872323,6040424
83.3482,3,83323912747,24314854
83.3588,3,83348227601,10592630
83.3617,3,83358820231,2836006
83.3747,4,83321344741,53398126
83.3773,4,83374742867,2532006
83.3884,3,83361656237,26717072
83.3909,4,83377274873,13639442
83.3934,4,83390914315,2523006
83.3984,3,83388373309,10063018
83.4069,4,83393437321,13434236
83.4094,4,83406871557,2550006
83.4123,3,83398436327,13877648
83.4177,3,83412313975,5379418
83.4202,3,83417693393,2523006
83.4282,4,83409421563,18769260
83.4314,3,83420216399,11188836
83.4367,3,83431405235,5308218
83.4396,4,83428190823,11379042
83.4421,3,83436713453,5406418
83.445,3,83442119871,2856412
83.4525,3,83444976283,7549012
83.4608,3,83452525295,8308024
83.4639,3,83460833319,3107212
83.4853,3,83463940531,21320260
83.5011,3,83485260791,15827836
83.5067,4,83439569865,67154580
83.5149,4,83506724445,8137630
83.5309,4,83514862075,16078042
83.5471,4,83530940117,16205842
83.5497,4,83547145959,2568006
83.5547,4,83549713965,5008006
83.566,4,83554721971,11248424
83.5742,4,83565970395,8271830
83.5932,4,83574242225,18913260
83.6042,4,83593155485,11032848
83.607,4,83604188333,2776212
83.6201,4,83606964545,13098824
83.7041,4,83620063369,83987640
83.7145,4,83704051009,10423424
83.7195,4,83714474433,5035006
83.749,4,83719509439,29441866
83.7628,4,83748951305,13892842
83.7738,4,83762844147,10996630
83.7846,3,83501088627,283552986
83.7981,3,83784641613,13488042
83.8009,3,83798129655,2767212
83.8063,3,83800896867,5424418
83.8145,4,83773840777,40690138
83.8227,4,83814530915,8171624
83.8283,4,83822702539,5552424
83.85,3,83806321285,43674144
83.858,3,83849995429,8048430
83.8633,4,83828254963,35070114
83.8689,3,83858043859,10884836
83.8771,3,83868928695,8195418
83.8825,4,83863325077,19176448
83.885,4,83882501525,2523006
83.8932,4,83885024531,8173630
83.9014,3,83877124113,24256678
83.9148,4,83893198161,21600660
83.9203,4,83914798821,5534424
83.9284,3,83901380791,27009884
83.934,4,83920333245,13690054
83.9416,3,83928390675,13190636
83.9558,4,83934023299,21788460
83.9612,3,83941581311,19636866
83.964,4,83955811759,8164630
83.9748,4,83963976389,10828430
83.9773,3,83961218177,16118648
83.9829,3,83977336825,5528618
83.9911,3,83982865443,8224824
83.9939,3,83991090267,2776212
83.9989,4,83974804819,24078666
84.007,3,83993866479,13127830
84.0098,4,83998883485,10914036
84.0152,3,84006994309,8182630
84.0233,3,84015176939,8135624
84.0258,3,84023312563,2523006
84.0365,3,84025835569,10622630
84.0394,3,84036458199,2892412
84.0475,3,84039350611,8126224
84.0533,3,84047476835,5840830
84.0638,3,84053317665,10527624
84.0693,3,84063845289,5424418
84.0805,3,84069269707,11206842
84.0858,3,84080476549,5326218
84.0909,3,84085802767,5055012
84.1129,4,84009797521,103062136
84.123,4,84112859657,10117018
84.1289,4,84122976675,5909224
84.137,4,84128885899,8066430
84.1425,4,84136952329,5507424
84.1481,3,84090857779,57223192
84.1535,3,84148080971,5370418
84.1563,4,84142459753,13884048
84.1617,4,84156343801,5388418
84.1643,3,84153451389,10803836
84.1724,4,84161732219,10696636
84.175,3,84164255225,10723636
84.1809,4,84172428855,8495630
84.189,4,84180924485,8052618
84.1943,4,84188977103,5317218
84.1973,3,84174978861,22272878
84.2052,4,84194294321,10884836
84.2239,4,84205179157,18699248
84.2319,4,84223878405,8015624
84.2483,4,84231894029,16390254
84.2562,4,84248284283,7880012
84.2836,4,84256164295,27429090
84.2946,4,84283593385,11028036
84.321,3,84197251739,123706754
84.3322,3,84320958493,11276642
84.3402,3,84332235135,7965424
84.3507,3,84340200559,10450424
84.3564,4,84294621421,61826180
84.3645,4,84356447601,8030430
84.3674,3,84350650983,16701460
84.3724,4,84364478031,7891418
84.3749,3,84367352443,7567012
84.383,4,84372369449,10678830
84.389,3,84374919455,14047448
84.3918,3,84388966903,2785212
84.402,3,84391752115,10271224
84.4077,4,84383048279,24674072
84.4158,4,84407722351,8039430
84.4213,4,84415761781,5570424
84.4289,4,84421332205,7558012
84.4339,4,84428890217,5053006
84.4475,4,84433943223,13548624
84.4684,4,84447491847,20952442
84.4718,4,84468444289,3323412
84.4826,4,84471767701,10800836
84.4909,4,84482568537,8361430
84.4962,4,84490929967,5281218
84.4991,4,84496211185,2892412
84.5069,4,84499103597,7822224
84.5127,4,84506925821,5754824
84.5155,4,84512680645,2776212
84.5235,4,84515456857,8048430
84.526,3,84402023339,124013954
84.5317,4,84523505287,8153624
84.5423,4,84531658911,10685630
84.5453,3,84526037293,19255666
84.5588,3,84545292959,13476642
84.5698,4,84542344541,27482102
84.5723,3,84558769601,13580048
84.5749,3,84572349649,2541006
84.5777,4,84569826643,7920424
84.5878,3,84574890655,12926424
84.5907,4,84577747067,12906018
84.5957,4,84590653085,5017006
84.6041,3,84587817079,16313036
84.6096,3,84604130115,5492618
84.6122,3,84609622733,2532006
84.615,4,84595670091,19332060
84.6251,3,84612154739,12946430
84.6335,3,84625101169,8379224
84.652,4,84615002151,37002090
84.6578,4,84652004241,5754824
84.669,4,84657759065,11244842
84.6715,4,84669003907,2523006
84.6795,4,84671526913,7965424
84.7064,4,84679492337,26924060
84.7114,4,84706416397,5017006
84.714,4,84711433403,2523006
84.7222,4,84713956409,8224024
84.7247,4,84722180433,2523006
84.7304,4,84724703439,5677624
84.7382,4,84730381063,7804224
84.744,4,84738185287,5772824
84.7465,4,84743958111,2532006
84.7573,4,84746490117,10781824
84.7683,4,84757271941,11030830
84.7711,3,84633480393,137616590
84.7736,4,84768302771,5317218
84.7811,3,84771096983,10045018
84.7887,3,84781142001,7578018
84.7921,4,84773619989,18468442
84.8033,4,84792088431,11168830
84.8058,3,84788720019,17114248
84.8084,4,84803257261,5100012
84.8188,3,84805834267,13014630
84.8214,4,84808357273,13041630
84.8246,4,84821398903,3159818
84.8271,3,84818848897,8232830
84.8298,3,84827081727,2767212
84.8378,4,84824558721,13287842
84.8433,3,84829848939,13413042
84.8461,4,84837846563,8218630
84.8541,4,84846065193,8028424
84.8644,3,84843261981,21136854
84.8673,3,84864398835,2899006
84.8786,4,84854093617,24510866
84.8811,3,84867297841,13829648
84.8864,3,84881127489,5290218
84.8947,3,84886417707,8244830
84.8975,3,84894662537,2836006
84.9004,4,84878604483,21759472
84.9032,3,84897498543,5659624
84.9132,4,84900363955,12866230
84.9163,4,84913230185,3064812
84.9269,4,84916294997,10634436
84.9319,4,84926929433,5017006
84.9428,4,84931946439,10831224
84.9507,4,84942777663,7900418
84.9557,4,84950678081,5055012
84.9583,4,84955733093,2550006
84.9727,3,84903158167,69500780
84.9828,3,84972658947,10144018
84.9963,4,84958283099,38005896
85.0836,4,84996288995,87333082
85.089,3,84982802965,106198530
85.0965,4,85083622077,12919430
85.0991,4,85096541507,2523006
85.1024,3,85089001495,13440830
85.1133,3,85102442325,10904842
85.1159,4,85099064513,16814660
85.1187,4,85115879173,2865412
85.1215,3,85113347167,8164630
85.1319,3,85121511797,10354230
85.1348,4,85118744585,16073054
85.1373,4,85134817639,2532006
85.1402,3,85131866027,8358030
85.1536,4,85137349645,16208248
85.1561,3,85140224057,15865842
85.1586,4,85153557893,5055012
85.1616,4,85158612905,2996612
85.1754,4,85161609517,13796036
85.1779,3,85156089899,21847660
85.1805,4,85175405553,5073012
85.183,4,85180478565,2523006
85.1859,3,85177937559,8006624
85.1959,4,85183001571,12940624
85.1985,4,85195942195,2541006
85.2045,4,85198483201,6062218
85.2099,4,85204545419,5308218
85.2181,4,85209853637,8200824
85.2288,4,85218054461,10696636
85.2398,4,85228751097,11021842
85.2425,3,85185944183,56604968
85.2451,4,85239772939,5308218
85.258,3,85242549151,15496436
85.2637,4,85245081157,18609442
85.2745,4,85263690599,10837436
85.2771,4,85274528035,2586006
85.2882,4,85277114041,11089242
85.2989,4,85288203283,10724824
85.3103,3,85258045587,52226368
85.3208,3,85310271955,10574630
85.3234,4,85298928107,24459484
85.3363,3,85320846585,15496436
85.3389,3,85336343021,2541006
85.354,4,85323387591,30576460
85.3565,3,85338884027,17612030
85.3591,3,85356496057,2568006
85.3833,4,85353964051,29367854
85.3868,4,85383331905,3477012
85.3999,3,85359064063,40816678
85.4127,3,85399880741,12832018
85.416,4,85386808917,29159054
85.421,4,85415967971,5035006
85.4319,3,85412712759,19153254
85.4347,3,85431866013,2794212
85.4374,4,85421002977,16406460
85.4508,3,85434660225,16139054
85.4533,4,85437409437,15912848
85.4559,3,85450799279,5055012
85.4588,4,85453322285,5510618
85.4614,3,85455854291,5510618
85.4723,4,85458832903,13487048
85.4861,4,85472319951,13819842
85.4889,4,85486139793,2758212
85.4914,4,85488898005,2550006
85.494,3,85461364909,32606108
85.5044,4,85491448011,12958624
85.5317,4,85504406635,27278078
85.5345,3,85493971017,40570108
85.5396,3,85534541125,5035006
85.5505,3,85539576131,10953230
85.5606,4,85531684713,28925666
85.5713,3,85550529361,20750848
85.5745,4,85560610379,13847648
85.5854,4,85574458027,10962630
85.5988,3,85571280209,27569484
85.6014,3,85598849693,2532006
85.6119,3,85601381699,10488430
85.6147,4,85585420657,29285478
85.6178,4,85614706135,3127812
85.6204,3,85611870129,8486824
85.6332,4,85617833947,15370430
85.6497,4,85633204377,16475842
85.6522,4,85649680219,2523006
85.6738,3,85620356953,53488932
85.6954,3,85673845885,21585460
85.7063,3,85695431345,10904842
85.7089,3,85706336187,2541006
85.72,3,85708877193,11131836
85.7226,3,85720009029,2550006
85.7415,3,85722559035,18917448
85.7523,3,85741476483,10800836
85.7712,3,85752277319,18904260
85.782,3,85771181579,10800836
85.7847,3,85781982415,2758212
85.7878,3,85784740627,3071212
85.8011,3,85787811839,13312836
85.8141,4,85652203225,161850680
85.8268,3,85801124675,25709248
85.8294,3,85826833923,2523006
85.8319,3,85829356929,2550006
85.8344,4,85814053905,20376036
85.8458,4,85834429941,11384824
85.8488,3,85831906935,16922442
85.8516,3,85848829377,2758212
85.8541,4,85845814765,8295830
85.8646,4,85854110595,10509624
85.8671,3,85851587589,15555636
85.8782,4,85864620219,13531230
85.8894,4,85878151449,11226842
85.8919,4,85889378291,2541006
85.8947,4,85891919297,2749212
85.908,4,85894668509,13316030
85.918,4,85907984539,10043012
85.9209,4,85918027551,2863006
85.9259,4,85920890557,5017006
85.9373,3,85867143225,70140774
85.9398,4,85925907563,13899442
85.9666,3,85937283999,29285878
85.9773,3,85966569877,10771830
86.0069,3,85977341707,29519066
86.0096,3,86006860773,2767212
86.0197,3,86009627985,10045018
86.0232,3,86019673003,3523612
86.026,3,86023196615,2794212
86.0366,3,86025990827,10622824
86.058,3,86036613651,21418460
86.0608,3,86058032111,2767212
86.0633,3,86060799323,2523006
86.0741,3,86063322329,10749836
86.0766,4,85939807005,136797166
86.0795,3,86074072165,5424418
86.082,4,86076604171,5433418
86.0928,4,86082037589,10776836
86.0981,3,86079496583,18638848
86.1007,3,86098135431,2532006
86.1032,4,86092814425,10376018
86.1169,4,86103190443,13753636
86.1197,4,86116944079,2794212
86.1223,3,86100667437,21593860
86.1251,3,86122261297,2845006
86.1352,4,86119738291,15440030
86.1386,3,86125106303,13517436
86.1414,4,86135178321,6239630
86.1519,4,86141417951,10509624
86.1545,3,86138623739,15835842
86.1573,3,86154459581,2874412
86.168,4,86151927575,16038048
86.1708,4,86167965623,2866212
86.1842,3,86157333993,26881878
86.2142,4,86170831835,43391132
86.2248,4,86214222967,10527624
86.2358,4,86224750591,11071836
86.2896,4,86235822427,53752750
86.2924,4,86289575177,2776212
86.3139,4,86292351389,21558454
86.3167,4,86313909843,2830212
86.3352,4,86316740055,18503836
86.373,4,86335243891,37707902
86.3839,4,86372951793,10931842
86.3919,4,86383883635,8006624
86.3969,4,86391890259,5017006
86.4056,4,86396907265,8677030
86.4191,4,86405584295,13488842
86.4296,4,86419073137,10574630
86.4328,4,86429647767,3169412
86.4406,4,86432817179,7813224
86.4432,4,86440630403,2532006
86.4489,4,86443162409,5763824
86.4515,4,86448926233,2541006
86.4597,3,86184215871,275466198
86.465,4,86451467239,13532048
86.4677,3,86459682069,8057430
86.4778,4,86464999287,12830230
86.481,4,86477829517,3142012
86.4918,4,86480971529,10858636
86.5023,3,86467739499,34523090
86.5051,4,86491830165,13286430
86.5101,4,86505116595,4999006
86.5176,3,86502262589,15384024
86.5316,4,86510115601,21470836
86.5452,3,86517646613,27595666
86.5508,3,86545242279,5516424
86.5696,4,86531586437,38020520
86.58,4,86569606957,10423424
86.5856,4,86580030381,5537618
86.5937,4,86585567999,8164630
86.6045,3,86550758703,53757756
86.6099,3,86604516459,5377012
86.6236,3,86609893471,13747248
86.6262,3,86623640719,2532006
86.6375,3,86626172725,11368042
86.6481,3,86637540767,10583630
86.6589,3,86648124397,10732636
86.6639,3,86658857033,4999006
86.6721,3,86663856039,8292030
86.6749,3,86672148069,2776212
86.6854,3,86674924281,10441424
86.7122,3,86685365705,26871854
86.7178,3,86712237559,5519618
86.8746,3,86717757177,156819044
86.8959,4,86593732629,302203846
86.9041,4,86895936475,8137824
86.9068,4,86904074299,2740212
86.9201,3,86874576221,45569720
86.9259,3,86920145941,5718824
86.934,3,86925864765,8137630
86.9476,3,86934002395,13569830
86.9529,4,86906814511,46074932
86.9554,4,86952889443,2523006
86.9658,3,86947572225,18257842
86.9714,4,86955412449,16030430
86.9847,4,86971442879,13270030
86.9897,4,86984712909,4990006
86.9952,4,86989702915,5483618
87.0139,4,86995186533,18687248
87.025,4,87013873781,11093830
87.033,4,87024967611,8006624
87.055,4,87032974235,22041278
87.0659,4,87055015513,10870030
87.0735,4,87065885543,7576012
87.0949,4,87073461555,21442848
87.1159,4,87094904403,21043442
87.1188,4,87115947845,2854006
87.1298,4,87118801851,11036042
87.1374,4,87129837893,7531012
87.1405,4,87137368905,3159818
87.1516,3,86965830067,185744292
87.1591,4,87140528723,18594648
87.1697,4,87159123371,10595824
87.1748,4,87169719195,5091012
87.178,3,87151574359,26404860
87.1861,4,87174810207,11333642
87.1943,3,87177979219,16273254
87.2046,3,87194252473,10307224
87.2259,3,87204559697,21342242
87.2371,4,87186143849,50987532
87.2478,4,87237131381,10629624
87.2503,4,87247761005,2523006
87.2614,4,87250284011,11147030
87.2642,4,87261431041,2776212
87.2717,3,87225901939,45845326
87.2797,4,87264207253,15499630
87.3095,3,87271747265,37732702
87.3233,3,87309479967,13857436
87.3341,3,87323337403,10732636
87.345,3,87334070039,10958842
87.3506,3,87345028881,5543424
87.3531,3,87350572305,2523006
87.3609,4,87279706883,81223440
87.3666,3,87353095311,13507024
87.3691,3,87366602335,2541006
87.372,4,87360930323,11060430
87.3798,4,87371990753,7795224
87.3848,3,87369143341,15641642
87.3899,3,87384784983,5100012
87.3931,4,87379785977,13336230
87.3959,4,87393122207,2776212
87.4088,3,87389884995,18957848
87.4118,3,87408842843,2969612
87.42,3,87411812455,8155630
87.4257,4,87395898419,29789084
87.4285,3,87419968085,8495630
87.4361,4,87425687503,10372230
87.4418,3,87428463715,13350842
87.4519,3,87441814557,10108018
87.4578,3,87451922575,5909818
87.466,4,87436059733,29955290
87.4767,4,87466015023,10667630
87.5147,3,87457832393,56834980
87.5172,4,87476682653,40525726
87.5228,4,87517208379,5614818
87.5332,3,87514667373,18511842
87.5469,3,87533179215,13762636
87.5575,4,87522823197,34675284
87.5607,3,87546941851,13726042
87.5687,4,87557498481,11226842
87.5849,4,87568725323,16173048
87.5958,4,87584898371,10929836
87.6596,4,87595828207,63744320
87.6708,4,87659572527,11226842
87.7141,4,87670799369,43278132
87.7359,4,87714077501,21850272
87.7413,4,87735927773,5406418
87.7629,4,87741334191,21573660
87.7686,4,87762907851,5737418
87.7791,4,87768645269,10441424
87.7816,3,87560667893,220941806
87.7872,3,87781609699,5587818
87.7954,4,87779086693,16284454
87.7981,3,87787197517,10922842
87.8035,4,87795371147,8173630
87.8086,3,87798120359,10479430
87.8191,3,87808599789,10460612
87.83,3,87819060401,10905036
87.8386,4,87803544777,35017296
87.8438,3,87829965437,13868854
87.8576,4,87838562073,19040466
87.8629,4,87857602539,5317218
87.8714,4,87862919757,8513630
87.8927,3,87843834291,48863538
87.9062,4,87871433387,34729478
87.9112,3,87892697829,18473042
87.9168,3,87911170871,5632624
87.925,4,87906162865,18814260
87.93,3,87916803495,13237642
87.933,4,87924977125,8033624
87.9355,3,87930041137,5492618
87.944,4,87933010749,11009636
87.9494,3,87935533755,13857048
87.9575,4,87944020385,13524042
87.9601,3,87949390803,10676630
87.9629,3,87960067433,2874412
87.9712,3,87962941845,8222424
87.9766,3,87971164269,5442418
87.982,3,87976606687,5406418
87.9874,4,87957544427,29857096
87.9924,4,87987401523,5008006
87.995,3,87982013105,12937430
88.0005,4,87992409529,8063818
88.0055,4,88000473347,5053006
88.0113,4,88005526353,5736824
88.0166,4,88011263177,5323412
88.0219,3,87994950535,26953272
88.0319,4,88016586589,15360230
88.0435,4,88031946819,11569642
88.0488,3,88021903807,26920872
88.0678,3,88048824679,18949260
88.0709,4,88043516461,27417890
88.0789,3,88067773939,11172842
88.0845,3,88078946781,5507424
88.0872,4,88070934351,16287066
88.0898,4,88087221417,2532006
88.1005,4,88089753423,10756830
88.1034,4,88100510253,2901412
88.1141,3,88084454205,29616090
88.1166,4,88103411665,13181636
88.1304,4,88116593301,13804248
88.1379,4,88130397549,7540012
88.144,4,88137937561,6085824
88.1547,4,88144023385,10679824
88.1572,4,88154703209,2532006
88.1678,4,88157235215,10551430
88.1703,4,88167786645,2532006
88.1839,4,88170318651,13617030
88.1948,4,88183935681,10887036
88.1973,4,88194822717,2523006
88.2003,4,88197345723,2951612
88.2108,4,88200297335,10500624
88.2162,4,88210797959,5404412
88.2213,4,88216202371,5055012
88.243,4,88221257383,21757672
88.2514,4,88243015055,8376818
88.2648,4,88251391873,13407842
88.2704,4,88264799715,5570424
88.2816,4,88270370139,11215836
88.2841,4,88281585975,2523006
88.3165,4,88284108981,32399296
88.3219,4,88316508277,5415418
88.3244,4,88321923695,2523006
88.3299,4,88324446701,5492618
88.3379,4,88329939319,7992424
88.3464,4,88337931743,8486630
88.3519,4,88346418373,5507424
88.3599,4,88351925797,7938424
88.3624,4,88359864221,2532006
88.3653,4,88362396227,2951612
88.3707,4,88365347839,5377412
88.3788,4,88370725251,8117224
88.3814,4,88378842475,2523006
88.3843,4,88381365481,2969612
88.3953,3,88114070295,281194634
88.3978,4,88384335093,13452842
88.4028,4,88397787935,5017006
88.4137,3,88395264929,18454048
88.4166,4,88402804941,13761448
88.4194,3,88413718977,5632624
88.4248,4,88416566389,8191630
88.4273,4,88424758019,2532006
88.4323,3,88419351601,12984436
88.4378,4,88427290025,10538630
88.4433,3,88432336037,10926036
88.4461,3,88443262073,2865412
88.4565,4,88437828655,18683848
88.4623,3,88446127485,16217042
88.4651,4,88456512503,8590236
88.4726,4,88465102739,7529006
88.4752,4,88472631745,2532006
88.4837,3,88462344527,21386448
88.4916,3,88483730975,7829218
88.4999,4,88475163751,24731466
88.5319,3,88491560193,40320108
88.5419,3,88531880301,10052012
88.5524,3,88541932313,10439018
88.5639,4,88499895217,63998750
88.5667,4,88563893967,2758212
88.5799,4,88566652179,13261836
88.5832,4,88579914015,3315418
88.5858,3,88552371331,33435108
88.5965,3,88585806439,10688824
88.6044,4,88583229433,21160054
88.61,3,88596495263,13461842
88.6233,3,88609957105,13334030
88.6312,3,88623291135,7920424
88.639,3,88631211559,7802218
88.6523,3,88639013777,13257024
88.6636,3,88652270801,11349042
88.6743,3,88663619843,10640824
88.6851,3,88674260667,10840624
88.7205,3,88685101291,35404520
88.7316,3,88720505811,11050848
88.7394,3,88731556659,7840224
88.745,3,88739396883,5596624
88.75,4,88604389487,145648026
88.7609,4,88750037513,10822030
88.7715,4,88760859543,10667630
88.7875,3,88744993507,42483302
88.7907,4,88771527173,19222654
88.8008,3,88787476809,13354036
88.8034,3,88800830845,2532006
88.8065,4,88790749827,15746036
88.8172,3,88803362851,13791642
88.8281,4,88806495863,21595460
88.836,4,88828091323,7920424
88.8414,3,88817154493,24236672
88.8444,3,88841391165,2966418
88.8519,4,88836011747,15894848
88.8604,4,88851906595,8508024
88.8737,4,88860414619,13274830
88.8764,4,88873689449,2758212
88.884,3,88844357583,39621090
88.89,4,88876447661,13554030
88.9034,4,88890001691,13398842
88.9141,3,88883978673,30116490
88.922,4,88903400533,18622048
88.9271,4,88922022581,5035006
88.9465,4,88927057587,19437066
88.9572,4,88946494653,10669636
88.96,4,88957164289,2794212
88.9712,4,88959958501,11199842
88.974,4,88971158343,2839212
88.9845,4,88973997555,10482624
88.9873,4,88984480179,2785212
88.9984,4,88987265391,11100830
89.0093,4,88998366221,10931842
89.0198,3,88914095163,105714530
89.0223,3,89019809693,2532006
89.0252,4,89009298063,15945048
89.0278,3,89022341699,5424418
89.0438,3,89027766117,16000236
89.0545,4,89025243111,29270078
89.0684,4,89054513189,13837842
89.0784,3,89043766353,34638696
89.0817,4,89068351031,13354036
89.0842,3,89078405049,5841024
89.0951,3,89084246073,10881824
89.0979,4,89081705067,16217042
89.1005,3,89095127897,5335218
89.1114,3,89100463115,10967042
89.114,4,89097922109,16076054
89.1168,3,89111430157,5353218
89.1195,4,89113998163,5534424
89.1295,4,89119532587,10016012
89.1321,4,89129548599,2532006
89.1346,3,89116783375,17847236
89.1459,3,89134630611,11259830
89.1486,3,89145890441,2749212
89.1512,4,89132080605,19082054
89.1646,4,89151162659,13429036
89.1674,4,89164591695,2836006
89.1783,4,89167427701,10917036
89.1811,3,89148639653,32508296
89.1915,3,89181147949,10369424
89.197,3,89191517373,5461606
89.2079,3,89196978979,10910430
89.2106,3,89207889409,2758212
89.2477,3,89210647621,37092090
89.2535,3,89247739711,5745824
89.2616,3,89253485535,8081624
89.2809,3,89261567159,19363272
89.2938,4,89178344737,115460924
89.2997,3,89280930431,18729048
89.3079,3,89299659479,8233824
89.3589,3,89307893303,51014538
89.3697,3,89358907841,10830836
89.3751,3,89369738677,5312006
89.386,3,89375050683,10917036
89.3887,4,89293805661,94911270
89.3965,3,89385967719,10515430
89.4044,3,89396483149,7900018
89.4101,3,89404383167,5728018
89.413,3,89410111185,2856412
89.4155,3,89412967597,2523006
89.4264,3,89415490603,10902836
89.4452,3,89426393439,18811454
89.448,3,89445204893,2767212
89.4581,4,89388716931,69345192
89.4611,3,89447972105,13172830
89.4665,4,89458062123,8480230
89.4746,4,89466542353,8088224
89.4772,3,89461144935,16008648
89.4828,3,89477153583,5641818
89.4904,4,89474630577,15742842
89.5199,3,89482795401,37142884
89.5309,3,89519938285,11000236
89.5338,3,89530938521,2865412
89.5388,3,89533803933,5017006
89.5497,3,89538820939,10890230
89.555,4,89490373419,64598962
89.5577,4,89554972381,2767212
89.5658,4,89557739593,8063624
89.5711,4,89565803217,5335218
89.574,3,89549711169,24328678
89.5771,3,89574039847,3062212
89.5875,3,89577102059,10376418
89.5904,3,89587478477,2910412
89.5979,3,89590388889,7558012
89.6055,3,89597946901,7540012
89.6145,3,89605486913,9046630
89.6254,3,89614533543,10839836
89.6304,3,89625373379,5017006
89.6387,3,89630390385,8354836
89.6629,3,89638745221,24204666
89.668,3,89662949887,5055012
89.6791,3,89668004899,11097224
89.692,3,89679102123,12899424
89.6977,3,89692001547,5736824
89.7084,3,89697738371,10694630
89.7169,3,89708433001,8439624
89.7223,3,89716872625,5424418
89.7332,3,89722297043,10949842
89.736,3,89733246885,2749212
89.7385,3,89735996097,2532006
89.8062,3,89738528103,67658792
89.8118,3,89806186895,5621218
89.8253,3,89811808113,13486230
89.8278,3,89825294343,2532006
89.8328,3,89827826349,4990006
89.8379,3,89832816355,5046012
89.8439,3,89837862367,5990224
89.8489,4,89571138435,277769168
89.8678,3,89843852591,23981654
89.8922,3,89867834245,24409666
89.8977,3,89892243911,5415418
89.9027,3,89897659329,4999006
89.9052,3,89902658335,2523006
89.9139,3,89905181341,8707030
89.9193,3,89913888371,5424418
89.9403,3,89919312789,21010854
89.9454,3,89940323643,5073012
89.9543,4,89848907603,105373694
89.9596,3,89945396655,14165860
89.9621,4,89954281297,7813224
89.9671,3,89959562515,7531012
89.9728,4,89962094521,10718024
89.9781,3,89967093527,10991236
89.9834,4,89972812545,10598436
89.9866,3,89978084763,8486630
89.9971,3,89986571393,10551430
90.0081,4,89983410981,24727878
90.0135,3,89997122823,16342254
90.0193,4,90008138859,11149836
90.0268,4,90019288695,7558012
90.0589,4,90026846707,32072666
90.0696,4,90058919373,10705636
90.0722,4,90069625009,2541006
90.0751,3,90013465077,61643550
90.148,4,90072166015,75821622
90.1914,4,90147987637,43400514
90.1993,4,90191388151,7882418
90.2094,4,90199270569,10090018
90.2264,4,90209360587,17035860
90.2317,4,90226396447,5299218
90.2367,4,90231695665,5035006
90.2418,4,90236730671,5055012
90.2612,4,90241785683,19425066
90.2696,4,90261210749,8408836
90.2774,4,90269619585,7784218
90.2884,4,90277403803,11037036
90.2996,4,90288440839,11164642
90.3025,4,90299605481,2892412
90.3457,4,90302497893,43242920
90.3669,4,90345740813,21168448
90.3775,4,90366909261,10569430
90.3855,4,90377478691,8031618
90.3936,4,90385510309,8081818
90.4128,4,90393592127,19253260
90.4532,3,90075108627,378068662
90.4638,4,90412845387,50972532
90.4666,4,90463817919,2767212
90.4691,4,90466585131,2541006
90.4799,4,90469126137,10767836
90.4828,4,90479893973,2874412
90.4855,3,90453177289,32367308
90.4963,4,90482768385,13488842
90.4994,4,90496257227,3098212
90.5103,3,90485544597,24749678
90.5153,3,90510294275,5026006
90.526,3,90515320281,10682024
90.5291,3,90526002305,3134212
90.5399,3,90529136517,10783830
90.5504,3,90539920347,10461430
90.5557,3,90550381777,5325412
90.5664,3,90555707189,10729830
90.5694,3,90566437019,2966418
90.577,3,90569403437,7632018
90.6065,3,90577035455,29450866
90.6095,3,90606486321,3046812
90.6199,3,90609533133,10352224
90.6228,3,90619885357,2960612
90.634,3,90622845969,11104836
90.6367,3,90633950805,2794212
90.6476,3,90636745017,10875836
90.6504,3,90647620853,2785212
90.6529,3,90650406065,2532006
90.6634,3,90652938071,10473624
90.6851,3,90663411695,21654660
90.6957,3,90685066355,10658824
90.7061,3,90695725179,10412024
90.7173,3,90706137203,11125436
90.728,3,90717262639,10687636
90.7416,3,90727950275,13626036
90.7546,3,90741576311,13023630
90.7571,3,90754599941,2550006
90.768,4,90499355439,268598732
90.7707,3,90757149947,13553436
90.784,3,90770703383,13256830
90.7865,3,90783960213,2532006
90.7947,4,90767954171,26782878
90.8,3,90786492219,13524042
90.8028,4,90794737049,8037424
90.8137,3,90800016261,13664836
90.8166,4,90802774473,13781036
90.8216,3,90813681097,7884418
90.8326,3,90821565515,11061036
90.8409,4,90816555509,24313466
90.8459,3,90832626551,13277430
90.857,4,90840868975,16101242
90.8597,3,90845903981,13806448
90.8625,3,90859710429,2740212
90.865,3,90862450641,2541006
90.8732,4,90856970217,16257260
90.8782,3,90864991647,13225836
90.8866,3,90878217483,8370830
90.9003,4,90873227477,27075884
90.9028,4,90900303361,2532006
90.9139,3,90886588313,27343884
90.9193,3,90913932197,5350412
90.9301,4,90902835367,27237072
90.9382,4,90930072439,8162224
90.96,4,90938234663,21799866
90.9654,4,90960034529,5370418
90.968,4,90965404947,2568006
90.976,3,90919282609,56714968
90.981,4,90967972953,13041630
90.9836,4,90981014583,2559006
90.9861,3,90975997577,10099018
90.9987,4,90983573589,15080024
91.0022,4,90998653613,3563212
91.0133,4,91002216825,11037830
91.0238,3,90986096595,37723690
91.0264,4,91013254655,13106636
91.0292,4,91026361291,2883412
91.0404,4,91029244703,11197836
91.043,4,91040442539,2541006
91.0533,3,91023820285,29452484
91.0589,3,91053272769,5672012
91.0617,3,91058944781,2758212
91.0723,3,91061702993,10613630
91.0751,3,91072316623,2830212
91.0777,4,91042983545,34686296
91.0884,3,91075146835,13290842
91.0914,3,91088437677,2957418
91.0939,4,91077669841,16248260
91.0967,3,91091395095,5263218
91.0992,4,91093918101,5281218
91.1129,4,91099199319,13671230
91.1157,4,91112870549,2821212
91.1262,3,91096658313,29559066
91.1363,4,91115691761,20570636
91.1395,3,91126217379,13318036
91.1426,4,91136262397,6371230
91.1526,4,91142633627,10016012
91.1552,3,91139535415,15646230
91.1584,4,91152649639,5701018
91.1611,3,91155181645,5927224
91.1714,4,91158350657,13056436
91.1743,3,91161108869,13240836
91.1772,3,91174349705,2821212
91.1797,4,91171407093,8295830
91.1906,4,91179702923,10890036
91.1934,3,91177170917,16180254
91.1959,3,91193351171,2541006
91.2067,3,91195892177,10783830
91.228,3,91206676007,21288048
91.2309,3,91227964055,2951612
91.2337,3,91230915667,2758212
91.2437,3,91233673879,10063018
91.2474,3,91243736897,3640018
91.2499,4,91190592959,59315962
91.2524,4,91249908921,2523006
91.2633,3,91247376915,15927048
91.2661,4,91252431927,13621248
91.2688,3,91263303963,5543424
91.2714,3,91268847387,2523006
91.2817,4,91266053175,15677642
91.2848,3,91271370393,13393036
91.2873,4,91281730817,5555618
91.2902,4,91287286435,2892412
91.3008,3,91284763429,16067054
91.3036,3,91300830483,2776212
91.3064,4,91290178847,16186060
91.3089,4,91306364907,2523006
91.3117,4,91308887913,2847412
91.3145,4,91311735325,2758212
91.3279,4,91314493537,13393824
91.3307,4,91327887361,2785212
91.3332,4,91330672573,2532006
91.3382,3,91303606695,34614890
91.3497,3,91338221585,11458442
91.3547,3,91349680027,4999006
91.3576,3,91354679033,2919412
91.3601,4,91333204579,26934872
91.363,3,91357598445,5388418
91.3738,3,91362986863,10767836
91.3763,3,91373754699,2532006
91.3792,4,91360139451,19095672
91.3818,4,91379235123,2613006
91.3844,3,91376286705,8102430
91.3944,4,91381848129,12577024
91.3978,3,91384389135,13386236
91.4003,4,91394425153,5891224
91.4033,3,91397775371,5498424
91.441,3,91403273795,37754496
91.4492,3,91441028291,8164630
91.4571,4,91400316377,56765556
91.4709,3,91449192921,21663260
91.4734,4,91457081933,16306254
91.4867,4,91473388187,13328030
91.4951,4,91486716217,8372836
91.5005,4,91495089053,5377412
91.5111,3,91470856181,40230908
91.5443,4,91500466465,43851144
91.5496,4,91544317609,5272218
91.5549,3,91511087089,43832744
91.5634,3,91554919833,8439030
91.5661,4,91549589827,16518248
91.5686,4,91566108075,2532006
91.5762,4,91568640081,7549012
91.5846,4,91576189093,8421224
91.5871,4,91584610317,2523006
91.59,3,91563358863,26621872
91.5979,4,91587133323,10803836
91.6005,3,91589980735,10488430
91.606,4,91597937159,8051624
91.6139,4,91605988783,7909418
91.6249,3,91600469165,24421860
91.6386,4,91613898201,24689872
91.644,3,91624891025,19121466
91.6575,4,91638588073,18901248
91.6655,4,91657489321,8048430
91.6731,3,91644012491,29101272
91.6764,3,91673113763,3246018
91.6843,4,91665537751,18787454
91.6896,3,91676359781,13246642
91.7,4,91684325205,15657636
91.7082,4,91699982841,8182824
91.7136,3,91689606423,24004854
91.7513,4,91708165665,43166108
91.7543,3,91713611277,40704914
91.7653,3,91754316191,10989630
91.776,4,91751331773,24691878
91.7893,4,91776023651,13297836
91.7947,4,91789321487,5353218
91.7972,4,91794674705,2523006
91.8056,4,91797197711,8355030
91.8108,4,91805552741,5290218
91.8186,4,91810842959,7766218
91.8212,4,91818609177,2577006
91.8268,3,91765305821,61477180
91.835,4,91821186183,13783236
91.84,3,91826783001,13194424
91.8508,3,91839977425,10810030
91.8698,3,91850787455,18983242
91.8808,3,91869770697,11018236
91.8965,3,91880788933,15702636
91.9206,3,91896491569,24088054
91.9318,3,91920579623,11253842
91.9372,3,91931833465,5344218
91.9453,3,91937177683,8108624
91.9584,4,91834969419,123480524
91.9618,3,91945286307,16550254
91.9644,4,91958449943,5927624
91.9698,4,91964377567,5471424
91.9724,4,91969848991,2541006
91.9806,4,91972389997,8230824
91.9914,4,91980620821,10812836
91.994,3,91961836561,32147102
91.9993,3,91993983663,5290218
92.01,3,91999273881,10699830
92.0129,3,92009973711,2892412
92.0184,3,92012866123,5516424
92.0263,4,91991433657,34914314
92.0291,3,92018382547,10723636
92.0369,3,92029106183,7835012
92.0445,4,92026347971,18124236
92.047,4,92044472207,2550006
92.0504,4,92047022213,3332412
92.0531,3,92036941195,16171642
92.0584,4,92050354625,8030430
92.0613,3,92053112837,8146630
92.0694,3,92061259467,8099224
92.0725,4,92058385055,14083254
92.075,3,92069358691,5632624
92.0775,3,92074991315,2541006
92.091,3,92077532321,13488236
92.0963,4,92072468309,23849460
92.1043,3,92091020557,13272824
92.1908,3,92104293381,86536646
92.2018,3,92190830027,10926036
92.2153,4,92096317769,118944336
92.2262,4,92215262105,10958842
92.24,3,92201756063,38210720
92.2509,4,92226220947,24695678
92.2537,3,92239966783,13690054
92.2638,4,92250916625,12839230
92.2747,3,92253656837,21041842
92.2772,3,92274698679,2541006
92.2885,3,92277239685,11270642
92.2913,4,92263755855,27512684
92.2938,3,92288510327,5326218
92.3043,4,92291268539,13080824
92.3071,4,92304349363,2785212
92.3223,3,92293836545,28459054
92.3926,4,92307134575,85480786
92.3951,4,92392615361,2523006
92.406,4,92395138367,10888030
92.4168,4,92406026397,10723636
92.444,4,92416750033,27218690
92.4494,4,92443968723,5454612
92.4597,4,92449423335,10316224
92.4732,4,92459739559,13477230
92.4869,3,92322295599,164618226
92.4898,3,92486913825,2865412
92.4978,3,92489779237,8048430
92.5004,4,92473216789,27133884
92.5029,3,92497827667,5046012
92.5085,3,92502873679,5585812
92.511,4,92500350673,10631824
92.5193,3,92508459491,10886842
92.5219,4,92510982497,10886842
92.5269,4,92521869339,4999006
92.5294,4,92526868345,2532006
92.5325,3,92519346333,13145830
92.5433,3,92532492163,10771830
92.5542,3,92543263993,10926624
92.5567,4,92529400351,27322272
92.5596,3,92554190617,5433418
92.573,3,92559624035,13371842
92.5953,3,92572995877,22282678
92.6059,3,92595278555,10667630
92.6164,4,92556722623,59715186
92.6193,3,92605946185,13366036
92.6274,4,92616437809,10956036
92.6353,4,92627393845,7945418
92.6409,3,92619312221,21543466
92.6493,3,92640855687,8459630
92.6521,4,92635339263,16725266
92.6576,3,92649315317,8274636
92.6627,4,92652064529,10598436
92.6681,3,92657589953,10461430
92.6709,4,92662662965,8262830
92.6735,3,92668051383,5433418
92.6792,4,92670925795,8260424
92.6874,4,92679186219,8164630
92.6903,3,92673484801,16814466
92.6929,3,92690299267,2577006
92.7064,4,92687350849,19049466
92.7089,4,92706400315,2532006
92.7168,4,92708932321,7911424
92.7223,4,92716843745,5406418
92.7251,3,92692876273,32239302
92.7329,4,92722250163,10685630
92.7496,3,92725115575,24505666
92.7549,4,92732935793,21957666
92.7629,3,92749621241,13305842
92.7685,4,92754893459,13565242
92.7738,4,92768458701,5308218
92.7791,3,92762927083,16219254
92.787,4,92773766919,13225430
92.7901,4,92786992349,3091812
92.7926,4,92790084161,2532006
92.8055,4,92792616167,12899424
92.808,4,92805515591,2523006
92.8112,4,92808038597,3151012
92.8194,4,92811189609,8200630
92.8219,4,92819390239,2523006
92.8355,4,92821913245,13551042
92.841,4,92835464287,5552424
92.849,4,92841016711,7947424
92.8602,4,92848964135,11242836
92.8655,4,92860206971,5290218
92.868,4,92865497189,2532006
92.8789,4,92868029195,10917036
92.9226,4,92878946231,43665144
92.9282,4,92922611375,5543424
92.9363,4,92928154799,8155630
92.9414,4,92936310429,5091012
92.9443,4,92941401441,2856412
92.9523,4,92944257853,8033624
92.9903,3,92779146337,211111442
92.9933,3,92990257779,3073618
92.9984,3,92993331397,5055012
93.0067,3,92998386409,8268830
93.0196,3,93006655239,12966430
93.0247,3,93019621669,5082012
93.0333,3,93024703681,8548430
93.0386,3,93033252111,5326218
93.0465,3,93038578329,7929424
93.0684,3,93046507753,21848854
93.0898,3,93068356607,21440060
93.0956,3,93089796667,5754824
93.1034,3,93095551491,7864418
93.1143,4,92952291477,162007262
93.1301,4,93114298739,15758642
93.1435,4,93130057381,13489424
93.1565,4,93143546805,12926424
93.1648,3,93103415909,61374938
93.1705,3,93164790847,5736824
93.1731,3,93170527671,2532006
93.1856,4,93156473229,29105460
93.1888,4,93185578689,3228212
93.1944,3,93173059677,21312436
93.2023,3,93194372113,7920424
93.2077,4,93188806901,18937054
93.2103,3,93202292537,7974424
93.2185,3,93210266961,8281024
93.3107,4,93207743955,102998294
93.3213,4,93310742249,10527624
93.3242,4,93321269873,2883412
93.3482,4,93324153285,24046660
93.3563,4,93348199945,8108624
93.3614,4,93356308569,5055012
93.3646,4,93361363581,3187412
93.4601,4,93364550993,95598736
93.4684,4,93460149729,8299618
93.4737,4,93468449347,5272218
93.4819,4,93473721565,8227630
93.4928,4,93481949195,10839836
93.5037,4,93492789031,10873430
93.5062,4,93503662461,2523006
93.5094,4,93506185467,3186818
93.5144,4,93509372285,5064012
93.5224,4,93514436297,7929424
93.5443,4,93522365721,21903678
93.5525,4,93544269399,8197824
93.558,4,93552467223,5561424
93.5747,3,93218547985,356132722
93.5772,4,93558028647,19175066
93.5903,3,93574680707,15605830
93.5928,3,93590286537,2550006
93.5954,4,93577203713,18155836
93.5984,4,93595359549,3073812
93.6041,3,93592836543,11289236
93.6141,4,93598433361,15699430
93.6167,4,93614132791,2541006
93.6199,3,93604125779,15744030
93.6249,4,93616673797,8242024
93.6333,3,93619869809,13384036
93.6715,4,93624915821,46582588
93.6875,4,93671498409,15975848
93.6903,4,93687474257,2865412
93.701,4,93690339669,10658630
93.7043,4,93700998299,3288418
93.7122,4,93704286717,7947424
93.7172,4,93712234141,4999006
93.7254,4,93717233147,8164824
93.78,4,93725397971,54566980
93.7903,4,93779964951,10334224
93.7929,4,93790299175,2559006
93.8039,4,93792858181,11080436
93.807,4,93803938617,3071212
93.8095,4,93807009829,2532006
93.8201,4,93809541835,10575818
93.8227,3,93633253845,189404814
93.8352,3,93822658659,12537012
93.8465,3,93835195671,11306836
93.8594,3,93846502507,12917424
93.8731,3,93859419931,13655436
93.8843,3,93873075367,11208842
93.8868,3,93884284209,2532006
93.8893,3,93886816215,2523006
93.8994,3,93889339221,10099018
93.9108,3,93899438239,11313236
93.9374,3,93910751475,26617860
93.9485,4,93820117653,128356918
93.9512,4,93948474571,2767212
93.9613,3,93937369335,23926466
93.9644,4,93951241783,13127830
93.9671,4,93964369613,2767212
93.9699,3,93961295801,8608236
93.9809,3,93969904037,11024836
93.9837,3,93980928873,2776212
93.9865,3,93983705085,2812212
93.9972,3,93986517297,10678636
93.9999,4,93967136825,32808320
94.0104,4,93999945145,10439018
94.0162,3,93997195933,19043454
94.0188,3,94016239387,2568006
94.0216,4,94010384163,11181442
94.0291,4,94021565605,7502006
94.0316,3,94018807393,12792224
94.0375,4,94029067611,8414230
94.0403,4,94037481841,2785212
94.0428,3,94031599617,11199442
94.0503,4,94040267053,10063018
94.056,3,94042799059,13250030
94.0586,3,94056049089,2523006
94.0747,4,94050330071,24337266
94.0772,4,94074667337,2550006
94.11,3,94058572095,51384744
94.1184,4,94077217343,41172126
94.1341,4,94118389469,15715024
94.1713,3,94109956839,61347138
94.185,4,94134104493,50846514
94.1956,4,94184951007,10649630
94.1984,4,94195600637,2758212
94.2278,3,94171303977,56469944
94.2382,3,94227773921,10414424
94.2408,3,94238188345,2568006
94.2695,3,94240756351,28715454
94.272,3,94269471805,2541006
94.2745,3,94272012811,2523006
94.2865,3,94274535817,12010648
94.2891,3,94286546465,2541006
94.3022,3,94289087471,13158024
94.3101,3,94302245495,7811218
94.3157,3,94310056713,5686624
94.327,3,94315743337,11244842
94.3295,3,94326988179,2523006
94.3378,3,94329511185,8280830
94.3428,3,94337792015,5046012
94.3834,4,94198358849,185005292
94.3944,3,94342838027,51588950
94.397,4,94383364141,13594842
94.3998,4,94396958983,2794212
94.4131,4,94399753195,13364030
94.4159,3,94394426977,21475460
94.4212,4,94413117225,8088224
94.432,4,94421205449,10756030
94.4427,4,94431961479,10776818
94.4528,4,94442738297,10054018
94.5266,3,94415902437,110740506
94.5323,3,94526642943,5632624
94.543,3,94532275567,10732636
94.5566,3,94543008203,13557042
94.5667,3,94556565245,10126018
94.5697,4,94452792315,116936760
94.5798,3,94566691263,13127830
94.5823,4,94569729075,12613024
94.5849,3,94579819093,5046012
94.5881,4,94582342099,5787218
94.5963,4,94588129317,8215424
94.6039,4,94596344741,7549012
94.6173,3,94584865105,32481684
94.6287,3,94617346789,11379430
94.6421,3,94628726219,13324836
94.6528,3,94642051055,10714636
94.6556,3,94652765691,2883412
94.6664,4,94603893753,62476980
94.6849,4,94666370733,18577242
94.6953,3,94655649103,39692896
94.6979,4,94684947975,12935030
94.7091,4,94697883005,11184636
94.7118,3,94695341999,16474854
94.7146,3,94711816853,2785212
94.7248,3,94714602065,10215218
94.7277,4,94709067641,18585648
94.7495,4,94727653289,21884254
94.779,4,94749537543,29443084
94.784,4,94778980627,4999006
94.7948,4,94783979633,10801030
94.8059,4,94794780663,11149836
94.8085,4,94805930499,2523006
94.8192,4,94808453505,10752642
94.8221,4,94819206147,2892412
94.8246,4,94822098559,2532006
94.836,4,94824630565,11352042
94.8388,4,94835982607,2830212
94.8495,4,94838812819,10669636
94.852,4,94849482455,2523006
94.8629,3,94724817283,138112208
94.8733,3,94862929491,10325224
94.8762,4,94852005461,24218866
94.8788,3,94873254715,5519618
94.8891,3,94878774333,10360424
94.8942,3,94889134757,5080006
94.9648,4,94876224327,88551022
94.9676,4,94964775349,2856412
94.9805,4,94967631761,12819224
94.9835,4,94980450985,3064812
94.9939,4,94983515797,10361224
94.9964,4,94993877021,2523006
94.9995,4,94996400027,3055812
95.0105,4,94999455839,11015836
95.0214,4,95010471675,10947836
95.0344,4,95021419511,12962030
95.0445,4,95034381541,10126018
95.0555,4,95044507559,10963024
95.0665,4,95055470583,11069430
95.0693,4,95066540013,2785212
95.0799,4,95069325225,10563624
95.0907,4,95079888849,10803836
95.1014,3,94894214763,207163552
95.1125,3,95101378315,11149836
95.1153,4,95090692685,24593678
95.1499,3,95112528151,37401484
95.1632,3,95149929635,13304030
95.1735,4,95115286363,58236526
95.1761,3,95163233665,12857230
95.1871,4,95173522889,13592436
95.1899,3,95176090895,13800642
95.2025,3,95189891537,12584018
95.2239,4,95187115325,36801466
95.2269,4,95223916791,2978612
95.2297,3,95202475555,27187060
95.2407,3,95229662615,11046830
95.2564,3,95240709445,15735030
95.2639,3,95256444475,7475006
95.2665,4,95226895403,39565084
95.2931,3,95263919481,29141060
95.3042,3,95293060541,11149242
95.3121,3,95304209783,7862012
95.3177,4,95266460487,51283126
95.3203,4,95317743613,2532006
95.3311,4,95320275619,10839836
95.3415,3,95312071795,29390672
95.3465,3,95341462467,5035006
95.3578,3,95346497473,11306836
95.3628,4,95331115455,31687860
95.3729,4,95362803315,10065018
95.379,4,95372868333,6126624
95.3817,4,95378994957,2740212
95.3898,4,95381735169,8075430
95.3952,4,95389810599,5433418
95.3978,4,95395244017,2559006
95.4057,4,95397803023,7893424
95.4087,4,95405696447,2978612
95.4144,4,95408675059,5701418
95.425,4,95414376477,10665624
95.4359,4,95425042101,10842642
95.4388,4,95435884743,2865412
95.4413,4,95438750155,2550006
95.4525,4,95441300161,11244842
95.4607,4,95452545003,8191630
95.4662,4,95460736633,5460418
95.4743,4,95466197051,8119630
95.4794,4,95474316681,5055012
95.4979,4,95479371693,18563042
95.5087,4,95497934735,10757218
95.5195,4,95508691953,10835424
95.527,4,95519527377,7459006
95.5353,4,95526986383,8281218
95.5403,4,95535267601,5017006
95.5543,4,95540284607,14006442
95.5598,4,95554291049,5543424
95.5651,4,95559834473,5263218
95.568,4,95565097691,2883412
95.5734,4,95567981103,5397418
95.6004,4,95573378521,26977684
95.6086,3,95357804309,250826532
95.6168,3,95608630841,8204418
95.6218,4,95600356205,21480060
95.6249,4,95621836265,3064812
95.63,4,95624901077,5064012
95.6328,4,95629965089,2856412
95.6379,3,95616835259,21041254
95.6491,4,95632821501,16248236
95.6723,3,95637876513,34422860
95.6748,3,95672299373,2523006
95.6832,3,95674822379,8423424
95.6917,3,95683245803,8417836
95.6996,4,95649069737,50523326
95.7046,4,95699593063,5008006
95.7071,3,95691663639,15460436
95.7127,3,95707124075,5558812
95.7183,4,95704601069,13714442
95.724,3,95712682887,11352042
95.7266,4,95718315511,8242424
95.732,4,95726557935,5433418
95.7345,3,95724034929,10479430
95.7395,3,95734514359,5008006
95.7426,4,95731991353,10568824
95.748,4,95742560177,5397418
95.756,4,95747957595,8086212
95.7586,3,95739522365,19044448
95.7642,4,95756043807,8119824
95.7667,3,95758566813,8137824
95.7721,4,95764163631,7947424
95.7776,3,95766704637,10881036
95.7801,3,95777585673,2532006
95.7854,4,95772111055,13305842
95.7908,3,95780117679,10723636
95.799,3,95790841315,8144818
95.8116,4,95785416897,26182260
95.8141,4,95811599157,2550006
95.8254,3,95798986133,26366454
95.8284,3,95825352587,3082618
95.8337,3,95828435205,5225212
95.8418,3,95833660417,8164630
95.9121,4,95814149163,97983300
95.9202,4,95912132463,8099818
95.9262,3,95841825047,84334858
95.934,4,95920232281,13810042
95.9473,4,95934042323,13238830
95.9498,4,95947281153,2532006
95.9558,4,95949813159,5993824
95.9638,4,95955806983,7947424
95.9692,4,95963754407,5397418
95.9745,4,95969151825,5335218
95.9798,3,95926159905,53650550
95.9852,3,95979810455,5406418
95.9907,4,95974487043,16163248
96.0014,4,95990650291,10792830
96.0122,4,96001443121,10732636
96.0176,3,95985216873,32374302
96.0229,3,96017591175,5350412
96.0337,4,96012175757,21556254
96.0413,4,96033732011,7576012
96.0498,3,96022941587,26902866
96.0574,4,96041308023,16060442
96.0627,4,96057368465,5339006
96.0652,3,96049844453,15386024
96.074,3,96065230477,8744636
96.082,3,96073975113,8037424
96.0871,4,96062707471,24349072
96.1004,3,96082012537,18428236
96.103,4,96087056543,15907236
96.1059,4,96102963779,2942612
96.1162,4,96105906391,10278218
96.1194,3,96100440773,18957654
96.1323,3,96119398427,12935024
96.1383,3,96132333451,5945224
96.1489,3,96138278675,10649630
96.1681,4,96116184609,51883156
96.1735,4,96168067765,5433418
96.1843,3,96148928305,35323514
96.1868,3,96184251819,2550006
96.195,4,96173501183,21545472
96.2028,3,96186801825,16011048
96.2104,4,96195046655,15342230
96.2129,3,96202812873,10126018
96.2179,3,96212938891,5001006
96.2205,4,96210388885,10074018
96.229,3,96217939897,11026024
96.2343,3,96228965921,5303006
96.3985,3,96234268927,164220146
96.4039,3,96398489073,5379418
96.4119,3,96403868491,8075430
96.4145,3,96411943921,2523006
96.423,3,96414466927,8522036
96.4284,3,96422988963,5415418
96.4335,3,96428404381,5073012
96.4388,3,96433477393,5357006
96.4444,3,96438834399,5587818
96.4552,3,96444422217,10747830
96.4607,3,96455170047,5496418
96.4657,3,96460666465,5046012
96.4715,3,96465712477,5823618
96.4741,4,96220462903,253605198
96.4796,4,96474068101,5510618
96.4878,4,96479578719,8171624
96.493,3,96471536095,21504466
96.4956,4,96487750343,7813224
96.501,4,96495563567,5483618
96.5118,4,96501047185,10771830
96.5143,4,96511819015,2523006
96.5198,4,96514342021,5501618
96.5307,4,96519843639,10902836
96.5418,4,96530746475,11063636
96.558,3,96493040561,64989604
96.5637,3,96558030165,5632624
96.569,4,96541810111,27142896
96.5748,4,96568953007,5847424
96.5828,4,96574800431,8046424
96.591,4,96582846855,8200630
96.6124,4,96591047485,21345642
96.6149,4,96612393127,2532006
96.6259,4,96614925133,10940842
96.6362,3,96563662789,72534604
96.6441,3,96636197393,7898012
96.6659,4,96625865975,40064884
96.6745,4,96665930859,8569636
96.6798,3,96644095405,35704308
96.6823,4,96674500495,7840224
96.6904,3,96679799713,10592630
96.701,3,96690392343,10622624
96.7528,4,96682340719,70486210
96.7579,4,96752826929,5035006
96.7661,4,96757861935,8194824
96.7714,4,96766056759,5326218
96.7771,4,96771382977,5722618
96.7852,4,96777105595,8135624
96.7931,4,96785241219,7849224
96.8014,4,96793090443,8280830
96.8097,3,96701014967,108639942
96.8149,3,96809654909,5216212
96.8202,4,96801371273,18808066
96.823,4,96820179339,2847412
96.8305,3,96814871121,15657636
96.8389,3,96830528757,8337030
96.8416,4,96823026751,18588248
96.847,3,96838865787,8097224
96.8521,4,96841614999,10439024
96.857,4,96852054023,4990006
96.8596,4,96857044029,2523006
96.8621,4,96859567035,2550006
96.8696,3,96846963011,22613036
96.8815,3,96869576047,11939036
96.8844,4,96862117041,22326454
96.887,3,96881515083,5451418
96.8949,3,96886966501,7932618
96.9003,3,96894899119,5431412
96.9084,3,96900330531,8045624
96.9137,4,96884443495,29258878
96.9162,3,96908376155,7849224
96.9245,4,96913702373,10785836
96.9299,3,96916225379,13687248
96.9327,4,96924488209,8182630
96.9406,4,96932670839,7882418
96.9461,4,96940553257,5552424
96.9545,4,96946105681,8412624
96.9654,4,96954518305,10913842
96.9707,4,96965432147,5297212
96.9922,3,96929912627,62307180
96.995,4,96970729359,24257660
97.003,4,96994987019,8015624
97.0084,4,97003002643,5395412
97.0166,3,96992219807,24333878
97.0215,3,97016553685,4990006
97.0241,4,97008398055,15695642
97.0316,3,97021543691,10099018
97.0367,4,97024093697,12593018
97.0418,3,97031642709,10117018
97.0443,3,97041759727,2523006
97.0561,3,97044282733,11832830
97.0637,3,97056115563,7558012
97.0662,4,97036686715,29527866
97.0799,4,97066214581,13708830
97.0935,3,97063673575,29846666
97.0963,3,97093520241,2767212
97.1071,3,97096287453,10792830
97.1178,3,97107080283,10759636
97.1206,3,97117839919,2749212
97.1342,3,97120589131,13634048
97.1478,3,97134223179,13578842
97.1506,3,97147802021,2749212
97.159,3,97150551233,8450630
97.1724,3,97159001863,13364030
97.1749,3,97172365893,2523006
97.2157,4,97079923411,135781402
97.2239,3,97174888899,48962544
97.2293,4,97215704813,13607048
97.2318,3,97223851443,7983424
97.2394,4,97229311861,10081018
97.2419,3,97231834867,10081018
97.2478,3,97241915885,5873224
97.2559,3,97247789109,8144224
97.2588,4,97239392879,19396866
97.2616,3,97255933333,5632624
97.267,4,97258789745,8200630
97.2776,3,97261565957,16011242
97.2803,4,97266990375,13327036
97.2829,4,97280317411,2550006
97.2936,4,97282867417,10725418
97.2991,4,97293592835,5499612
97.307,3,97277577199,29379666
97.3126,4,97299092447,13524042
97.3201,3,97306956865,13134630
97.3252,3,97320091495,5091012
97.3746,3,97325182507,49449356
97.3903,3,97374631863,15662230
97.4014,3,97390294093,11073030
97.4148,3,97401367123,13472848
97.4553,3,97414839971,40500732
97.4637,3,97455340703,8391624
97.4829,3,97463732327,19213472
97.5023,3,97482945799,19380466
97.5156,3,97502326265,13226830
97.5558,3,97515553095,40289720
97.5666,3,97555842815,10772424
97.5776,3,97566615239,10935230
97.711,3,97577550469,133490838
97.7568,3,97711041307,45777526
97.7648,3,97756818833,7965424
97.7733,3,97764784257,8563830
97.7787,3,97773348087,5388418
97.7843,3,97778736505,5543424
97.7895,3,97784279929,5263218
97.7976,3,97789543147,8040618
97.8087,3,97797583765,11152836
97.8193,3,97808736601,10526430
97.8221,3,97819263031,2883412
97.833,3,97822146443,10884836
97.8491,3,97833031279,16069042
97.8678,3,97849100321,18746254
97.922,3,97867846575,54129732
97.9329,3,97921976307,10958842
97.9411,3,97932935149,8173630
97.9983,3,97941108779,57235992
98.0066,3,97998344771,8287424
98.0116,3,98006632195,4990006
98.0142,3,98011622201,2532006
98.0222,3,98014154207,8083818
98.0273,3,98022238025,5055012
98.033,3,98027293037,5674018
98.0355,3,98032967055,2541006
98.0411,3,98035508061,5621618
98.0493,3,98041129679,8182630
98.0603,3,98049312309,11032848
98.0657,3,98060345157,5362218
98.093,3,98065707375,27266884
98.1037,3,98092974259,10705636
98.1283,3,98103679895,24633866
98.1495,3,98128313761,21164436
98.152,3,98149478197,2523006
98.163,3,98152001203,10973042
98.1733,3,98162974245,10334224
98.1759,3,98173308469,2559006
98.2256,3,98175867475,49772156
98.2309,3,98225639631,5272218
98.2385,3,98230911849,7594012
98.2469,3,98238505861,8433224
98.2631,3,98246939085,16137048
98.2713,3,98263076133,8200630
98.2931,3,98271276763,21856466
98.3288,3,98293133229,35708520
98.3342,4,97312616489,1021548672
98.3395,4,98334165161,5332412
98.3475,4,98339497573,8028424
98.3612,4,98347525997,13670048
98.3666,3,98328841749,37769714
98.3691,4,98361196045,7938424
98.3745,3,98366611463,7929424
98.3827,4,98369134469,13610836
98.3856,3,98374540887,11051830
98.3965,3,98385592717,10884836
98.442,4,98382745305,59219962
98.447,4,98441965267,5082012
98.4503,3,98396477553,53833744
98.4582,4,98447047279,11137436
98.4635,4,98458184715,5350412
98.4663,4,98463535127,2767212
98.4796,4,98466302339,13258836
98.4903,4,98479561175,10701224
98.4959,4,98490262399,5623818
98.5068,4,98495886217,10902836
98.5119,4,98506789053,5073012
98.5204,4,98511862065,8572830
98.531,4,98520434895,10563624
98.5461,4,98530998519,15123018
98.5575,4,98546121537,11389842
98.5659,4,98557511379,8399836
98.5713,4,98565911215,5415418
98.5956,3,98450311297,145326996
98.6038,3,98595638293,8155630
98.6063,4,98571326633,34990296
98.6142,4,98606316929,7903612
98.6167,4,98614220541,2523006
98.6221,4,98616743547,5359012
98.6251,4,98622102559,3037812
98.6277,4,98625140371,2523006
98.6384,3,98603793923,34653284
98.6438,4,98627663377,16181248
98.6628,3,98638447207,24373678
98.6653,4,98643844625,21499266
98.6707,3,98662820885,7911424
98.6736,4,98665343891,8280830
98.6818,3,98670732309,11039042
98.6871,3,98681771351,5281218
98.6903,4,98673624721,16716266
98.6983,3,98687052569,11244842
98.7011,4,98690340987,10723636
98.7061,4,98701064623,5008006
98.7086,3,98698297411,10325224
98.717,3,98708622635,8373030
98.7195,4,98706072629,13446042
98.7254,3,98716995665,8373624
98.7279,4,98719518671,8382624
98.7354,4,98727901295,7484006
98.7386,3,98725369289,13253030
98.7439,4,98735385301,8480230
98.7467,4,98743865531,2803212
98.757,4,98746668743,10298224
98.7626,3,98738622319,23998660
98.7707,3,98762620979,8039430
98.776,3,98770660409,5317218
98.7816,3,98775977627,5576618
98.7895,3,98781554245,7902424
98.7926,3,98789456669,3187412
98.8001,4,98756966967,43161120
98.8027,3,98792644081,10034012
98.8052,4,98800128087,5082012
98.8137,4,98805210099,8483424
98.819,4,98813693523,5270212
98.8218,3,98802678093,19097854
98.838,3,98821775947,16178230
98.8463,3,98837954177,8301636
98.8516,3,98846255813,5380218
98.8597,3,98851636031,8033624
98.8808,3,98859669655,21107048
98.9027,3,98880776703,21915860
98.9052,3,98902692563,2532006
98.9077,4,98818963735,88783840
98.9183,4,98907747575,10518624
98.9233,4,98918266199,4990006
98.9286,3,98905224569,23361642
98.9395,3,98928586211,10926424
98.9426,3,98939512635,3064812
98.9451,3,98942577447,2532006
98.9558,3,98945109453,10735830
98.9586,3,98955845283,2767212
98.9695,3,98958612495,10931842
98.9824,4,98923256205,59154362
98.9935,4,98982410567,11116436
99.0045,4,98993527003,10998630
99.0151,4,99004525633,10616436
99.0181,4,99015142069,2996612
99.0393,4,99018138681,21163842
99.0418,4,99039302523,2532006
99.053,4,99041834529,11145442
99.0555,4,99052979971,2523006
99.0691,3,98969544337,99554876
99.0796,4,99055502977,24060860
99.0823,4,99079563837,2776212
99.0851,4,99082340049,2767212
99.0957,4,99085107261,10602818
99.1069,4,99095710079,11144636
99.1094,4,99106854715,2523006
99.12,3,99069099213,50903338
99.1229,4,99109377721,13544242
99.1255,3,99120002551,5451418
99.1358,3,99125453969,10338012
99.1493,3,99135791981,13458236
99.1524,3,99149250217,3195818
99.1632,3,99152446035,10723636
99.1657,3,99163169671,2541006
99.1686,4,99122921963,45663126
99.1795,4,99168585089,10875836
99.1902,4,99179460925,10723636
99.1927,3,99165710677,26996890
99.204,3,99192707567,11323042
99.2166,4,99190184561,26457066
99.2198,4,99216641627,3151012
99.2334,3,99204030609,29411066
99.236,3,99233441675,2550006
99.2468,4,99219792639,26970872
99.2493,4,99246763511,2550006
99.2601,3,99235991681,24107672
99.2762,4,99249313517,26891072
99.2787,4,99276204589,2523006
99.2895,4,99278727595,10800836
99.3109,4,99289528431,21339242
99.3134,4,99310867673,2559006
99.3235,4,99313426679,10036018
99.3348,4,99323462697,11352430
99.3378,3,99260099353,77703386
99.3406,3,99337802739,2749212
99.3512,4,99334815127,16352654
99.3537,4,99351167781,2523006
99.3593,3,99340551951,18751454
99.37,3,99359303405,10732636
99.3726,4,99353690787,18868260
99.3751,4,99372559047,2532006
99.386,3,99370036041,15954048
99.3885,4,99375091053,13440042
99.3914,4,99388531095,2901412
99.4019,4,99391432507,10435618
99.4048,4,99401868125,2901412
99.4159,4,99404769537,11083642
99.4186,4,99415853179,2767212
99.4319,4,99418620391,13328030
99.4348,4,99431948421,2866212
99.4458,4,99434814633,11018636
99.4593,4,99445833269,13474036
99.4699,4,99459307305,10604630
99.4727,3,99385990089,86698058
99.4754,4,99469911935,5516424
99.4862,4,99475428359,10818836
99.4997,4,99486247195,13479842
99.5108,3,99472688147,38116726
99.5136,4,99499727037,13836048
99.5161,3,99510804873,5290218
99.519,3,99516095091,2883412
99.5318,4,99513563085,18244842
99.5349,4,99531807927,3050612
99.5456,3,99518978503,26645466
99.5592,4,99534858539,24384672
99.562,4,99559243211,2740212
99.5645,3,99545623969,18891460
99.5755,4,99561983423,13506042
99.5782,3,99564515429,13732248
99.5808,4,99575489465,5281218
99.5911,4,99580770683,10316224
99.5942,3,99578247677,15904042
99.5967,4,99591086907,5605818
99.5996,3,99594151719,5424418
99.6098,4,99596692725,13145636
99.6132,3,99599576137,13580836
99.6157,4,99609838361,5841618
99.6186,4,99615679979,2892412
99.6295,3,99613156973,16293260
99.6322,4,99618572391,13654054
99.6348,3,99629450233,5326218
99.6451,3,99634776451,10349024
99.6484,3,99645125475,3250012
99.659,4,99632226445,26800678
99.6618,3,99648375487,13472848
99.6752,4,99659027123,16184248
99.6777,4,99675211371,2532006
99.6886,3,99661848335,26732872
99.6994,3,99688581207,10783830
99.7019,4,99677743377,24144666
99.712,3,99699365037,12586024
99.7155,4,99701888043,13563030
99.7182,3,99711951061,6267224
99.7284,4,99715451073,12973430
99.7317,4,99728424503,3276818
99.7425,3,99718218285,24280678
99.7456,4,99731701321,13886854
99.7483,3,99742498963,5838424
99.7617,3,99748337387,13363036
99.7645,3,99761700423,2812212
99.7752,4,99745588175,29594096
99.778,4,99775182271,2794212
99.7805,3,99764512635,15986854
99.7915,3,99780499489,11030042
99.7941,4,99777976483,16085054
99.7968,4,99794061537,2776212
99.8076,4,99796837749,10717830
99.8103,4,99807555579,2767212
99.8129,3,99791529531,21325266
99.8161,4,99810322791,5764418
99.8267,4,99816087209,10629624
99.8371,4,99826716833,10334224
99.8508,4,99837051057,13749424
99.8616,4,99850800481,10800836
99.8716,3,99812854797,58753532
99.8741,3,99871608329,2523006
99.8773,3,99874131335,3205012
99.8899,3,99877336347,12521018
99.9012,3,99889857365,11295636
99.9037,3,99901153001,2541006
99.9146,3,99903694007,10935036
99.9177,3,99914629043,3116212
99.9203,3,99917745255,2550006
99.931,3,99920295261,10749836
99.9338,3,99931045097,2749212
99.9363,4,99861601317,74724998
99.9392,3,99933794309,5433418
99.9502,4,99936326315,13875048
99.953,4,99950201363,2758212
99.9847,4,99952959575,31699248
100.033,4,99984658823,48510144
100.036,4,100033168967,2856412
100.047,4,100036025379,10613824
100.058,4,100046639203,11018636
100.069,4,100057657839,10947836
100.079,3,99939227727,139384960
100.081,4,100068605675,12548018
100.084,3,100078612687,5728018
100.087,4,100081153693,5710018
100.097,4,100086863711,10034012
100.1,4,100096897723,3359218
100.111,4,100100256941,10565630
100.113,3,100084340705,29004872
100.116,3,100113345577,2532006
100.119,4,100110822571,8015624
100.13,3,100115877583,14080254
100.132,4,100118838195,13651648
100.135,3,100129957837,5433418
100.145,4,100132489843,12899424
100.149,4,100145389267,3318018
100.151,3,100135391255,15839036
100.162,4,100148707285,13556836
100.165,3,100151230291,13810042
100.168,3,100165040333,2523006
100.179,4,100162264121,16280248
100.181,4,100178544369,2532006
100.184,4,100181076375,2767212
100.207,4,100183843587,23233842
100.226,4,100207077429,19326854
100.234,4,100226404283,8054818
100.245,3,100167563339,77209980
100.27,3,100244773319,24966284
100.28,3,100269739603,10334224
100.283,3,100280073827,2942612
100.294,3,100283016439,10616436
100.297,4,100234459101,62116386
100.302,4,100296575487,5326218
100.315,3,100293632875,21459660
100.318,3,100315092535,2532006
100.326,4,100301901705,24053866
100.332,3,100317624541,14196454
100.334,4,100325955571,8388430
100.345,3,100331820995,13282642
100.348,4,100334344001,13634048
100.356,4,100347978049,8137630
100.359,3,100345103637,13866048
100.364,3,100358969685,5379418
100.367,4,100356115679,11181842
100.375,4,100367297521,7784218
100.378,4,100375081739,2892412
100.383,3,100364349103,18942266
100.388,4,100377974151,10334224
100.394,4,100388308375,5596818
100.397,3,100383291369,13390036
100.405,4,100393905193,10705636
100.41,4,100404610829,5472612
100.423,4,100410083441,12810224
100.425,4,100422893665,2532006
100.428,4,100425425671,2532006
100.442,4,100427957677,14450048
100.445,3,100396681405,48267326
100.458,3,100444948731,12557018
100.466,4,100442407725,23954448
100.472,4,100466362173,5507424
100.499,4,100471869597,26691866
100.517,4,100498561463,18898454
100.528,4,100517459917,10658630
100.531,3,100457505749,73135804
100.542,3,100530641553,11284036
100.545,3,100541925589,2767212
100.55,4,100528118547,21582260
100.557,3,100544692801,12602018
100.56,4,100549700807,10126018
100.577,3,100557294819,19443048
100.582,3,100576737867,5424418
100.593,3,100582162285,10387424
100.603,3,100592549709,10809836
100.617,3,100603359545,13822248
100.628,3,100617181793,10649630
100.63,3,100627831423,2541006
100.642,3,100630372429,11296036
100.652,3,100641668465,10723636
100.655,3,100652392101,2993418
100.666,3,100655385519,11045636
100.677,3,100666431155,10527624
100.685,3,100676958779,7567012
100.714,3,100684525791,29967496
100.717,4,100559826825,157189468
100.725,4,100717016293,8252018
100.736,4,100725268311,10602624
100.741,3,100714493287,26698654
100.754,3,100741191941,12649024
100.756,3,100753840965,2559006
100.765,4,100735870935,28969054
100.773,3,100756399971,17004042
100.778,4,100764839989,13554030
100.789,3,100773404013,15699030
100.795,4,100778394019,16252448
100.808,4,100794646467,13312836
100.816,3,100789103043,26982884
100.824,4,100807959303,16065048
100.829,4,100824024351,5046012
100.832,3,100816085927,16171254
100.846,3,100832257181,13438824
100.861,4,100829070363,31660660
100.867,4,100860731023,5814218
100.875,4,100866545241,8575830
100.894,3,100845696005,47957914
100.901,4,100875121071,26081860
100.913,4,100901202931,11432642
100.921,3,100893653919,26979278
100.926,4,100912635573,13550048
100.934,3,100920633197,13463848
100.939,4,100926185621,13255642
100.943,3,100934097045,8531630
100.951,3,100942628675,8099624
100.964,3,100950728299,13134630
100.967,3,100963862929,2901412
100.97,3,100966764341,2758212
100.981,3,100969522553,11134836
100.983,3,100980657389,2803212
100.989,4,100939441263,49074350
100.991,4,100988515613,2942612
