1.1279,0,1123416491,4486602
1.12828,1,1128082099,200000
1.12879,0,1128210099,582012
1.13132,1,1128282099,3033018
1.13391,0,1128792111,5118012
1.13645,1,1131315117,5136012
1.13903,0,1133910123,5118012
1.14157,1,1136451129,5118012
1.14415,0,1139028135,5118012
1.14669,1,1141569141,5118012
1.14926,0,1144146147,5118012
1.15181,1,1146687153,5118012
1.15438,0,1149264159,5118012
1.15692,1,1151805165,5118012
1.1595,0,1154382171,5118012
1.16235,1,1156923177,5431012
1.16493,0,1159500183,5431012
1.16747,1,1162354189,5118012
1.17005,0,1164931195,5118012
1.17259,1,1167472201,5118012
1.17517,0,1170049207,5118012
1.17771,1,1172590213,5118012
1.18029,0,1175167219,5118012
1.18283,1,1177708225,5118012
1.1854,0,1180285231,5118012
1.18794,1,1182826237,5118012
1.19052,0,1185403243,5118012
1.19306,1,1187944249,5118012
1.19564,0,1190521255,5118012
1.19818,1,1193062261,5118012
1.20076,0,1195639267,5118012
1.2033,1,1198180273,5118012
1.20619,0,1200757279,5431012
1.20873,1,1203298285,5431012
1.21131,0,1206188291,5118012
1.21385,1,1208729297,5118012
1.21642,0,1211306303,5118012
1.21897,1,1213847309,5118012
1.22154,0,1216424315,5118012
1.22408,1,1218965321,5118012
1.22666,0,1221542327,5118012
1.2292,1,1224083333,5118012
1.23178,0,1226660339,5118012
1.23432,1,1229201345,5118012
1.2369,0,1231778351,5118012
1.23944,1,1234319357,5118012
1.24201,0,1236896363,5118012
1.24456,1,1239437369,5118012
1.24713,0,1242014375,5118012
1.24967,1,1244555381,5118012
1.25225,0,1247132387,5118012
1.25479,1,1249673393,5118012
1.25737,0,1252250399,5118012
1.25991,1,1254791405,5118012
1.26249,0,1257368411,5118012
1.26534,1,1259909417,5431012
1.26792,0,1262486423,5431012
1.27046,1,1265340429,5118012
1.27304,0,1267917435,5118012
1.27558,1,1270458441,5118012
1.27815,0,1273035447,5118012
1.28069,1,1275576453,5118012
1.28327,0,1278153459,5118012
1.28581,1,1280694465,5118012
1.28839,0,1283271471,5118012
1.29093,1,1285812477,5118012
1.29351,0,1288389483,5118012
1.29605,1,1290930489,5118012
1.29863,0,1293507495,5118012
1.30117,1,1296048501,5118012
1.30374,0,1298625507,5118012
1.3066,1,1301166513,5431012
1.30917,0,1303743519,5431012
1.31172,1,1306597525,5118012
1.31429,0,1309174531,5118012
1.31683,1,1311715537,5118012
1.31941,0,1314292543,5118012
1.32195,1,1316833549,5118012
1.32453,0,1319410555,5118012
1.32707,1,1321951561,5118012
1.32965,0,1324528567,5118012
1.33219,1,1327069573,5118012
1.33476,0,1329646579,5118012
1.33731,1,1332187585,5118012
1.33988,0,1334764591,5118012
1.34242,1,1337305597,5118012
1.345,0,1339882603,5118012
1.34754,1,1342423609,5118012
1.35012,0,1345000615,5118012
1.35266,1,1347541621,5118012
1.35524,0,1350118627,5118012
1.35778,1,1352659633,5118012
1.36035,0,1355236639,5118012
1.3629,1,1357777645,5118012
1.36547,0,1360354651,5118012
1.36833,1,1362895657,5431012
1.3709,0,1365472663,5431012
1.37344,1,1368326669,5118012
1.37602,0,1370903675,5118012
1.37856,1,1373444681,5118012
1.38114,0,1376021687,5118012
1.38368,1,1378562693,5118012
1.38626,0,1381139699,5118012
1.3888,1,1383680705,5118012
1.39138,0,1386257711,5118012
1.39392,1,1388798717,5118012
1.39649,0,1391375723,5118012
1.39903,1,1393916729,5118012
1.40161,0,1396493735,5118012
1.40415,1,1399034741,5118012
1.40673,0,1401611747,5118012
1.40958,1,1404152753,5431012
1.41216,0,1406729759,5431012
1.4147,1,1409583765,5118012
1.41728,0,1412160771,5118012
1.41982,1,1414701777,5118012
1.4224,0,1417278783,5118012
1.42494,1,1419819789,5118012
1.42751,0,1422396795,5118012
1.43006,1,1424937801,5118012
1.43263,0,1427514807,5118012
1.43517,1,1430055813,5118012
1.43775,0,1432632819,5118012
1.44029,1,1435173825,5118012
1.44287,0,1437750831,5118012
1.44541,1,1440291837,5118012
1.44799,0,1442868843,5118012
1.45053,1,1445409849,5118012
1.4531,0,1447986855,5118012
1.45565,1,1450527861,5118012
1.45822,0,1453104867,5118012
1.46076,1,1455645873,5118012
1.46334,0,1458222879,5118012
1.46588,1,1460763885,5118012
1.46846,0,1463340891,5118012
1.47131,1,1465881897,5431012
1.47389,0,1468458903,5431012
1.47643,1,1471312909,5118012
1.47901,0,1473889915,5118012
1.48155,1,1476430921,5118012
1.48413,0,1479007927,5118012
1.48667,1,1481548933,5118012
1.48924,0,1484125939,5118012
1.49178,1,1486666945,5118012
1.49436,0,1489243951,5118012
1.4969,1,1491784957,5118012
1.49948,0,1494361963,5118012
1.50202,1,1496902969,5118012
1.5046,0,1499479975,5118012
1.50714,1,1502020981,5118012
1.50972,0,1504597987,5118012
1.51257,1,1507138993,5431012
1.51515,0,1509715999,5431012
1.51769,1,1512570005,5118012
1.52027,0,1515147011,5118012
1.52281,1,1517688017,5118012
1.52538,0,1520265023,5118012
1.52792,1,1522806029,5118012
1.5305,0,1525383035,5118012
1.53304,1,1527924041,5118012
1.53562,0,1530501047,5118012
1.53816,1,1533042053,5118012
1.54074,0,1535619059,5118012
1.54328,1,1538160065,5118012
1.54586,0,1540737071,5118012
1.5484,1,1543278077,5118012
1.55097,0,1545855083,5118012
1.55351,1,1548396089,5118012
1.55609,0,1550973095,5118012
1.55863,1,1553514101,5118012
1.56121,0,1556091107,5118012
1.56375,1,1558632113,5118012
1.56633,0,1561209119,5118012
1.56887,1,1563750125,5118012
1.57145,0,1566327131,5118012
1.5743,1,1568868137,5431012
1.57688,0,1571445143,5431012
1.57942,1,1574299149,5118012
1.58199,0,1576876155,5118012
1.58454,1,1579417161,5118012
1.58711,0,1581994167,5118012
1.58965,1,1584535173,5118012
1.59223,0,1587112179,5118012
1.59477,1,1589653185,5118012
1.59735,0,1592230191,5118012
1.59989,1,1594771197,5118012
1.60247,0,1597348203,5118012
1.60501,1,1599889209,5118012
1.60758,0,1602466215,5118012
1.61013,1,1605007221,5118012
1.6127,0,1607584227,5118012
1.61556,1,1610125233,5431012
1.61813,0,1612702239,5431012
1.62067,1,1615556245,5118012
1.62325,0,1618133251,5118012
1.62579,1,1620674257,5118012
1.62837,0,1623251263,5118012
1.63091,1,1625792269,5118012
1.63349,0,1628369275,5118012
1.63603,1,1630910281,5118012
1.63861,0,1633487287,5118012
1.64115,1,1636028293,5118012
1.64372,0,1638605299,5118012
1.64626,1,1641146305,5118012
1.64884,0,1643723311,5118012
1.65138,1,1646264317,5118012
1.65396,0,1648841323,5118012
1.6565,1,1651382329,5118012
1.65908,0,1653959335,5118012
1.66162,1,1656500341,5118012
1.6642,0,1659077347,5118012
1.66674,1,1661618353,5118012
1.66931,0,1664195359,5118012
1.67185,1,1666736365,5118012
1.67474,0,1669313371,5431012
1.67729,1,1671854377,5431012
1.67986,0,1674744383,5118012
1.6824,1,1677285389,5118012
1.68498,0,1679862395,5118012
1.68752,1,1682403401,5118012
1.6901,0,1684980407,5118012
1.69264,1,1687521413,5118012
1.69522,0,1690098419,5118012
1.69776,1,1692639425,5118012
1.70033,0,1695216431,5118012
1.70288,1,1697757437,5118012
1.70545,0,1700334443,5118012
1.70799,1,1702875449,5118012
1.71057,0,1705452455,5118012
1.71311,1,1707993461,5118012
1.71569,0,1710570467,5118012
1.71854,1,1713111473,5431012
1.72112,0,1715688479,5431012
1.72366,1,1718542485,5118012
1.72624,0,1721119491,5118012
1.72878,1,1723660497,5118012
1.73136,0,1726237503,5118012
1.7339,1,1728778509,5118012
1.73647,0,1731355515,5118012
1.73901,1,1733896521,5118012
1.74159,0,1736473527,5118012
1.74413,1,1739014533,5118012
1.74671,0,1741591539,5118012
1.74925,1,1744132545,5118012
1.75183,0,1746709551,5118012
1.75437,1,1749250557,5118012
1.75695,0,1751827563,5118012
1.75949,1,1754368569,5118012
1.76206,0,1756945575,5118012
1.7646,1,1759486581,5118012
1.76718,0,1762063587,5118012
1.76972,1,1764604593,5118012
1.7723,0,1767181599,5118012
1.77484,1,1769722605,5118012
1.77773,0,1772299611,5431012
1.78027,1,1774840617,5431012
1.78285,0,1777730623,5118012
1.78539,1,1780271629,5118012
1.78797,0,1782848635,5118012
1.79051,1,1785389641,5118012
1.79308,0,1787966647,5118012
1.79563,1,1790507653,5118012
1.7982,0,1793084659,5118012
1.80074,1,1795625665,5118012
1.80332,0,1798202671,5118012
1.80586,1,1800743677,5118012
1.80844,0,1803320683,5118012
1.81098,1,1805861689,5118012
1.81356,0,1808438695,5118012
1.8161,1,1810979701,5118012
1.81899,0,1813556707,5431012
1.82153,1,1816097713,5431012
1.82411,0,1818987719,5118012
1.82665,1,1821528725,5118012
1.82922,0,1824105731,5118012
1.83176,1,1826646737,5118012
1.83434,0,1829223743,5118012
1.83688,1,1831764749,5118012
1.83946,0,1834341755,5118012
1.842,1,1836882761,5118012
1.84458,0,1839459767,5118012
1.84712,1,1842000773,5118012
1.8497,0,1844577779,5118012
1.85224,1,1847118785,5118012
1.85481,0,1849695791,5118012
1.85735,1,1852236797,5118012
1.85993,0,1854813803,5118012
1.86247,1,1857354809,5118012
1.86505,0,1859931815,5118012
1.86759,1,1862472821,5118012
1.87017,0,1865049827,5118012
1.87271,1,1867590833,5118012
1.87529,0,1870167839,5118012
1.87783,1,1872708845,5118012
1.88072,0,1875285851,5431012
1.88326,1,1877826857,5431012
1.88583,0,1880716863,5118012
1.88838,1,1883257869,5118012
1.89095,0,1885834875,5118012
1.89349,1,1888375881,5118012
1.89607,0,1890952887,5118012
1.89861,1,1893493893,5118012
1.90119,0,1896070899,5118012
1.90373,1,1898611905,5118012
1.90631,0,1901188911,5118012
1.90885,1,1903729917,5118012
1.91142,0,1906306923,5118012
1.91397,1,1908847929,5118012
1.91654,0,1911424935,5118012
1.91908,1,1913965941,5118012
1.92197,0,1916542947,5431012
1.92451,1,1919083953,5431012
1.92709,0,1921973959,5118012
1.92963,1,1924514965,5118012
1.93221,0,1927091971,5118012
1.93475,1,1929632977,5118012
1.93733,0,1932209983,5118012
1.93987,1,1934750989,5118012
1.94245,0,1937327995,5118012
1.94499,1,1939869001,5118012
1.94756,0,1942446007,5118012
1.95011,1,1944987013,5118012
1.95268,0,1947564019,5118012
1.95522,1,1950105025,5118012
1.9578,0,1952682031,5118012
1.96034,1,1955223037,5118012
1.96292,0,1957800043,5118012
1.96546,1,1960341049,5118012
1.96804,0,1962918055,5118012
1.97058,1,1965459061,5118012
1.97315,0,1968036067,5118012
1.9757,1,1970577073,5118012
1.97827,0,1973154079,5118012
1.98081,1,1975695085,5118012
1.9837,0,1978272091,5431012
1.98624,1,1980813097,5431012
1.98882,0,1983703103,5118012
1.99136,1,1986244109,5118012
1.99394,0,1988821115,5118012
1.99648,1,1991362121,5118012
1.99906,0,1993939127,5118012
2.0016,1,1996480133,5118012
2.00416,2,2000077333,4079818
2.00452,0,1999057139,5458018
2.00706,1,2001598145,5458018
2.00965,2,2004157151,5494018
2.01217,0,2004515157,7659018
2.01472,1,2007056163,7659018
2.0198,1,2014715181,5080006
2.02237,0,2012174175,10198018
2.02522,2,2009651169,15566030
2.02774,1,2019795187,7945018
2.03032,0,2022372193,7945018
2.03287,2,2025217199,7650018
2.03539,1,2027740205,7650018
2.03797,0,2030317211,7650018
2.04052,2,2032867217,7650018
2.04304,1,2035390223,7650018
2.04562,0,2037967229,7650018
2.04817,2,2040517235,7650018
2.05069,1,2043040241,7650018
2.05327,0,2045617247,7650018
2.05582,2,2048167253,7650018
2.05834,1,2050690259,7650018
2.06092,0,2053267265,7650018
2.06347,2,2055817271,7650018
2.06599,1,2058340277,7650018
2.06857,0,2060917283,7650018
2.07112,2,2063467289,7650018
2.07364,1,2065990295,7650018
2.07622,0,2068567301,7650018
2.07877,2,2071117307,7650018
2.08129,1,2073640313,7650018
2.08418,0,2076217319,7963018
2.08673,2,2078767325,7963018
2.08925,1,2081290331,7963018
2.09183,0,2084180337,7650018
2.09438,2,2086730343,7650018
2.0969,1,2089253349,7650018
2.09948,0,2091830355,7650018
2.10203,2,2094380361,7650018
2.10455,1,2096903367,7650018
2.10713,0,2099480373,7650018
2.10968,2,2102030379,7650018
2.1122,1,2104553385,7650018
2.11478,0,2107130391,7650018
2.11733,2,2109680397,7650018
2.11985,1,2112203403,7650018
2.12243,0,2114780409,7650018
2.12498,2,2117330415,7650018
2.12782,1,2119853421,7963018
2.13039,0,2122430427,7963018
2.13294,2,2124980433,7963018
2.13547,1,2127816439,7650018
2.13804,0,2130393445,7650018
2.14059,2,2132943451,7650018
2.14312,1,2135466457,7650018
2.14569,0,2138043463,7650018
2.14824,2,2140593469,7650018
2.15077,1,2143116475,7650018
2.15334,0,2145693481,7650018
2.15589,2,2148243487,7650018
2.15842,1,2150766493,7650018
2.16099,0,2153343499,7650018
2.16354,2,2155893505,7650018
2.16607,1,2158416511,7650018
2.16864,0,2160993517,7650018
2.17119,2,2163543523,7650018
2.17372,1,2166066529,7650018
2.17629,0,2168643535,7650018
2.17884,2,2171193541,7650018
2.18137,1,2173716547,7650018
2.18394,0,2176293553,7650018
2.18681,2,2178843559,7963018
2.18933,1,2181366565,7963018
2.19191,0,2183943571,7963018
2.19446,2,2186806577,7650018
2.19698,1,2189329583,7650018
2.19956,0,2191906589,7650018
2.20211,2,2194456595,7650018
2.20463,1,2196979601,7650018
2.20721,0,2199556607,7650018
2.20976,2,2202106613,7650018
2.21228,1,2204629619,7650018
2.21486,0,2207206625,7650018
2.21741,2,2209756631,7650018
2.21993,1,2212279637,7650018
2.22251,0,2214856643,7650018
2.22506,2,2217406649,7650018
2.22758,1,2219929655,7650018
2.23047,0,2222506661,7963018
2.23302,2,2225056667,7963018
2.23554,1,2227579673,7963018
2.23812,0,2230469679,7650018
2.24067,2,2233019685,7650018
2.24319,1,2235542691,7650018
2.24577,0,2238119697,7650018
2.24832,2,2240669703,7650018
2.25084,1,2243192709,7650018
2.25342,0,2245769715,7650018
2.25597,2,2248319721,7650018
2.25849,1,2250842727,7650018
2.26107,0,2253419733,7650018
2.26362,2,2255969739,7650018
2.26614,1,2258492745,7650018
2.26872,0,2261069751,7650018
2.27127,2,2263619757,7650018
2.27379,1,2266142763,7650018
2.27637,0,2268719769,7650018
2.27892,2,2271269775,7650018
2.28144,1,2273792781,7650018
2.28402,0,2276369787,7650018
2.28657,2,2278919793,7650018
2.28941,1,2281442799,7963018
2.29198,0,2284019805,7963018
2.29453,2,2286569811,7963018
2.29706,1,2289405817,7650018
2.29963,0,2291982823,7650018
2.30218,2,2294532829,7650018
2.30471,1,2297055835,7650018
2.30728,0,2299632841,7650018
2.30983,2,2302182847,7650018
2.31236,1,2304705853,7650018
2.31493,0,2307282859,7650018
2.31748,2,2309832865,7650018
2.32001,1,2312355871,7650018
2.32258,0,2314932877,7650018
2.32513,2,2317482883,7650018
2.32766,1,2320005889,7650018
2.33055,0,2322582895,7963018
2.3331,2,2325132901,7963018
2.33562,1,2327655907,7963018
2.3382,0,2330545913,7650018
2.34075,2,2333095919,7650018
2.34327,1,2335618925,7650018
2.34585,0,2338195931,7650018
2.3484,2,2340745937,7650018
2.35092,1,2343268943,7650018
2.3535,0,2345845949,7650018
2.35605,2,2348395955,7650018
2.35857,1,2350918961,7650018
2.36115,0,2353495967,7650018
2.3637,2,2356045973,7650018
2.36622,1,2358568979,7650018
2.3688,0,2361145985,7650018
2.37135,2,2363695991,7650018
2.37387,1,2366218997,7650018
2.37645,0,2368796003,7650018
2.379,2,2371346009,7650018
2.38152,1,2373869015,7650018
2.3841,0,2376446021,7650018
2.38665,2,2378996027,7650018
2.38917,1,2381519033,7650018
2.39206,0,2384096039,7963018
2.39461,2,2386646045,7963018
2.39713,1,2389169051,7963018
2.39971,0,2392059057,7650018
2.40226,2,2394609063,7650018
2.40478,1,2397132069,7650018
2.40736,0,2399709075,7650018
2.40991,2,2402259081,7650018
2.41243,1,2404782087,7650018
2.41501,0,2407359093,7650018
2.41756,2,2409909099,7650018
2.42008,1,2412432105,7650018
2.42266,0,2415009111,7650018
2.42521,2,2417559117,7650018
2.42773,1,2420082123,7650018
2.43031,0,2422659129,7650018
2.43317,2,2425209135,7963018
2.4357,1,2427732141,7963018
2.43827,0,2430309147,7963018
2.44082,2,2433172153,7650018
2.44335,1,2435695159,7650018
2.44592,0,2438272165,7650018
2.44847,2,2440822171,7650018
2.451,1,2443345177,7650018
2.45357,0,2445922183,7650018
2.45612,2,2448472189,7650018
2.45865,1,2450995195,7650018
2.46122,0,2453572201,7650018
2.46377,2,2456122207,7650018
2.4663,1,2458645213,7650018
2.46887,0,2461222219,7650018
2.47142,2,2463772225,7650018
2.47395,1,2466295231,7650018
2.47652,0,2468872237,7650018
2.47907,2,2471422243,7650018
2.4816,1,2473945249,7650018
2.48417,0,2476522255,7650018
2.48672,2,2479072261,7650018
2.48925,1,2481595267,7650018
2.49182,0,2484172273,7650018
2.49469,2,2486722279,7963018
2.49721,1,2489245285,7963018
2.49979,0,2491822291,7963018
2.50234,2,2494685297,7650018
2.50486,1,2497208303,7650018
2.50744,0,2499785309,7650018
2.50999,2,2502335315,7650018
2.51251,1,2504858321,7650018
2.51509,0,2507435327,7650018
2.51764,2,2509985333,7650018
2.52016,1,2512508339,7650018
2.52274,0,2515085345,7650018
2.52529,2,2517635351,7650018
2.52781,1,2520158357,7650018
2.53039,0,2522735363,7650018
2.53294,2,2525285369,7650018
2.53577,1,2527808375,7963018
2.53835,0,2530385381,7963018
2.5409,2,2532935387,7963018
2.54342,1,2535771393,7650018
2.546,0,2538348399,7650018
2.54855,2,2540898405,7650018
2.55107,1,2543421411,7650018
2.55365,0,2545998417,7650018
2.5562,2,2548548423,7650018
2.55872,1,2551071429,7650018
2.5613,0,2553648435,7650018
2.56385,2,2556198441,7650018
2.56637,1,2558721447,7650018
2.56895,0,2561298453,7650018
2.5715,2,2563848459,7650018
2.57402,1,2566371465,7650018
2.5766,0,2568948471,7650018
2.57915,2,2571498477,7650018
2.58167,1,2574021483,7650018
2.58425,0,2576598489,7650018
2.5868,2,2579148495,7650018
2.58932,1,2581671501,7650018
2.5919,0,2584248507,7650018
2.59445,2,2586798513,7650018
2.59728,1,2589321519,7963018
2.59986,0,2591898525,7963018
2.60241,2,2594448531,7963018
2.60493,1,2597284537,7650018
2.60751,0,2599861543,7650018
2.61006,2,2602411549,7650018
2.61258,1,2604934555,7650018
2.61516,0,2607511561,7650018
2.61771,2,2610061567,7650018
2.62023,1,2612584573,7650018
2.62281,0,2615161579,7650018
2.62536,2,2617711585,7650018
2.62788,1,2620234591,7650018
2.63046,0,2622811597,7650018
2.63301,2,2625361603,7650018
2.63553,1,2627884609,7650018
2.63842,0,2630461615,7963018
2.64097,2,2633011621,7963018
2.6435,1,2635534627,7963018
2.64607,0,2638424633,7650018
2.64862,2,2640974639,7650018
2.65115,1,2643497645,7650018
2.65372,0,2646074651,7650018
2.65627,2,2648624657,7650018
2.6588,1,2651147663,7650018
2.66137,0,2653724669,7650018
2.66392,2,2656274675,7650018
2.66645,1,2658797681,7650018
2.66902,0,2661374687,7650018
2.67157,2,2663924693,7650018
2.6741,1,2666447699,7650018
2.67667,0,2669024705,7650018
2.67922,2,2671574711,7650018
2.68175,1,2674097717,7650018
2.68432,0,2676674723,7650018
2.68687,2,2679224729,7650018
2.6894,1,2681747735,7650018
2.69197,0,2684324741,7650018
2.69452,2,2686874747,7650018
2.69705,1,2689397753,7650018
2.69994,0,2691974759,7963018
2.70249,2,2694524765,7963018
2.70501,1,2697047771,7963018
2.70759,0,2699937777,7650018
2.71014,2,2702487783,7650018
2.71266,1,2705010789,7650018
2.71524,0,2707587795,7650018
2.71779,2,2710137801,7650018
2.72031,1,2712660807,7650018
2.72289,0,2715237813,7650018
2.72544,2,2717787819,7650018
2.72796,1,2720310825,7650018
2.73054,0,2722887831,7650018
2.73309,2,2725437837,7650018
2.73561,1,2727960843,7650018
2.73819,0,2730537849,7650018
2.74105,2,2733087855,7963018
2.74357,1,2735610861,7963018
2.74615,0,2738187867,7963018
2.7487,2,2741050873,7650018
2.75122,1,2743573879,7650018
2.7538,0,2746150885,7650018
2.75635,2,2748700891,7650018
2.75887,1,2751223897,7650018
2.76145,0,2753800903,7650018
2.764,2,2756350909,7650018
2.76652,1,2758873915,7650018
2.7691,0,2761450921,7650018
2.77165,2,2764000927,7650018
2.77417,1,2766523933,7650018
2.77675,0,2769100939,7650018
2.7793,2,2771650945,7650018
2.78182,1,2774173951,7650018
2.7844,0,2776750957,7650018
2.78695,2,2779300963,7650018
2.78947,1,2781823969,7650018
2.79205,0,2784400975,7650018
2.7946,2,2786950981,7650018
2.79712,1,2789473987,7650018
2.7997,0,2792050993,7650018
2.80256,2,2794600999,7963018
2.80509,1,2797124005,7963018
2.80766,0,2799701011,7963018
2.81021,2,2802564017,7650018
2.81274,1,2805087023,7650018
2.81531,0,2807664029,7650018
2.81786,2,2810214035,7650018
2.82039,1,2812737041,7650018
2.82296,0,2815314047,7650018
2.82551,2,2817864053,7650018
2.82804,1,2820387059,7650018
2.83061,0,2822964065,7650018
2.83316,2,2825514071,7650018
2.83569,1,2828037077,7650018
2.83826,0,2830614083,7650018
2.84081,2,2833164089,7650018
2.84365,1,2835687095,7963018
2.84623,0,2838264101,7963018
2.84878,2,2840814107,7963018
2.8513,1,2843650113,7650018
2.85388,0,2846227119,7650018
2.85643,2,2848777125,7650018
2.85895,1,2851300131,7650018
2.86153,0,2853877137,7650018
2.86408,2,2856427143,7650018
2.8666,1,2858950149,7650018
2.86918,0,2861527155,7650018
2.87173,2,2864077161,7650018
2.87425,1,2866600167,7650018
2.87683,0,2869177173,7650018
2.87938,2,2871727179,7650018
2.8819,1,2874250185,7650018
2.88448,0,2876827191,7650018
2.88703,2,2879377197,7650018
2.88955,1,2881900203,7650018
2.89213,0,2884477209,7650018
2.89468,2,2887027215,7650018
2.8972,1,2889550221,7650018
2.89978,0,2892127227,7650018
2.90233,2,2894677233,7650018
2.90516,1,2897200239,7963018
2.90774,0,2899777245,7963018
2.91029,2,2902327251,7963018
2.91281,1,2905163257,7650018
2.91539,0,2907740263,7650018
2.91794,2,2910290269,7650018
2.92046,1,2912813275,7650018
2.92304,0,2915390281,7650018
2.92559,2,2917940287,7650018
2.92811,1,2920463293,7650018
2.93069,0,2923040299,7650018
2.93324,2,2925590305,7650018
2.93576,1,2928113311,7650018
2.93834,0,2930690317,7650018
2.94089,2,2933240323,7650018
2.94341,1,2935763329,7650018
2.9463,0,2938340335,7963018
2.94885,2,2940890341,7963018
2.95138,1,2943413347,7963018
2.95395,0,2946303353,7650018
2.9565,2,2948853359,7650018
2.95903,1,2951376365,7650018
2.9616,0,2953953371,7650018
2.96415,2,2956503377,7650018
2.96668,1,2959026383,7650018
2.96925,0,2961603389,7650018
2.9718,2,2964153395,7650018
2.97433,1,2966676401,7650018
2.9769,0,2969253407,7650018
2.97945,2,2971803413,7650018
2.98198,1,2974326419,7650018
2.98455,0,2976903425,7650018
2.9871,2,2979453431,7650018
2.98963,1,2981976437,7650018
2.9922,0,2984553443,7650018
2.99475,2,2987103449,7650018
2.99728,1,2989626455,7650018
2.99985,0,2992203461,7650018
3.00238,3,3000077333,2299152
3.00274,2,2994753467,7990024
3.00558,1,2997276473,8303024
3.0081,3,3002376485,5726018
3.01067,0,2999853479,10817030
3.01571,1,3005579497,10135018
3.0183,0,3010670509,7630012
3.02082,3,3008102503,12721024
3.02336,2,3002743491,20621042
3.02589,1,3015714515,10173024
3.02846,0,3018300521,10164024
3.03099,3,3020823527,10164024
3.03354,2,3023364533,10173024
3.03606,1,3025887539,10173024
3.03864,0,3028464545,10173024
3.04116,3,3030987551,10173024
3.04371,2,3033537557,10173024
3.04623,1,3036060563,10173024
3.04912,0,3038637569,10486024
3.05165,3,3041160575,10486024
3.0542,2,3043710581,10486024
3.05672,1,3046233587,10486024
3.0593,0,3049123593,10173024
3.06182,3,3051646599,10173024
3.06437,2,3054196605,10173024
3.06689,1,3056719611,10173024
3.06947,0,3059296617,10173024
3.07199,3,3061819623,10173024
3.07454,2,3064369629,10173024
3.07707,1,3066892635,10173024
3.07964,0,3069469641,10173024
3.08217,3,3071992647,10173024
3.08472,2,3074542653,10173024
3.08724,1,3077065659,10173024
3.08982,0,3079642665,10173024
3.09234,3,3082165671,10173024
3.09489,2,3084715677,10173024
3.09741,1,3087238683,10173024
3.09999,0,3089815689,10173024
3.10251,3,3092338695,10173024
3.10506,2,3094888701,10173024
3.1079,1,3097411707,10486024
3.11047,0,3099988713,10486024
3.113,3,3102511719,10486024
3.11555,2,3105061725,10486024
3.11807,1,3107897731,10173024
3.12065,0,3110474737,10173024
3.12317,3,3112997743,10173024
3.12572,2,3115547749,10173024
3.12824,1,3118070755,10173024
3.13082,0,3120647761,10173024
3.13334,3,3123170767,10173024
3.13589,2,3125720773,10173024
3.13842,1,3128243779,10173024
3.14099,0,3130820785,10173024
3.14352,3,3133343791,10173024
3.14607,2,3135893797,10173024
3.14859,1,3138416803,10173024
3.15148,0,3140993809,10486024
3.154,3,3143516815,10486024
3.15655,2,3146066821,10486024
3.15908,1,3148589827,10486024
3.16165,0,3151479833,10173024
3.16418,3,3154002839,10173024
3.16673,2,3156552845,10173024
3.16925,1,3159075851,10173024
3.17183,0,3161652857,10173024
3.17435,3,3164175863,10173024
3.1769,2,3166725869,10173024
3.17942,1,3169248875,10173024
3.182,0,3171825881,10173024
3.18452,3,3174348887,10173024
3.18707,2,3176898893,10173024
3.18959,1,3179421899,10173024
3.19217,0,3181998905,10173024
3.19469,3,3184521911,10173024
3.19724,2,3187071917,10173024
3.19977,1,3189594923,10173024
3.20234,0,3192171929,10173024
3.20487,3,3194694935,10173024
3.20742,2,3197244941,10173024
3.21246,0,3202344953,10117018
3.21498,3,3204867959,10117018
3.21753,2,3207417965,10117018
3.22006,1,3199767947,20290042
3.22263,0,3212461971,10173024
3.22516,3,3214984977,10173024
3.22771,2,3217534983,10173024
3.23023,1,3220057989,10173024
3.23281,0,3222634995,10173024
3.23533,3,3225158001,10173024
3.23788,2,3227708007,10173024
3.2404,1,3230231013,10173024
3.24298,0,3232808019,10173024
3.2455,3,3235331025,10173024
3.24805,2,3237881031,10173024
3.25058,1,3240404037,10173024
3.25347,0,3242981043,10486024
3.25599,3,3245504049,10486024
3.25854,2,3248054055,10486024
3.26106,1,3250577061,10486024
3.26364,0,3253467067,10173024
3.26616,3,3255990073,10173024
3.26871,2,3258540079,10173024
3.27124,1,3261063085,10173024
3.27381,0,3263640091,10173024
3.27634,3,3266163097,10173024
3.27889,2,3268713103,10173024
3.28141,1,3271236109,10173024
3.28399,0,3273813115,10173024
3.28651,3,3276336121,10173024
3.28906,2,3278886127,10173024
3.29158,1,3281409133,10173024
3.29416,0,3283986139,10173024
3.29668,3,3286509145,10173024
3.29923,2,3289059151,10173024
3.30176,1,3291582157,10173024
3.30433,0,3294159163,10173024
3.30686,3,3296682169,10173024
3.30941,2,3299232175,10173024
3.31193,1,3301755181,10173024
3.31482,0,3304332187,10486024
3.31734,3,3306855193,10486024
3.31989,2,3309405199,10486024
3.32241,1,3311928205,10486024
3.32499,0,3314818211,10173024
3.32751,3,3317341217,10173024
3.33006,2,3319891223,10173024
3.33259,1,3322414229,10173024
3.33516,0,3324991235,10173024
3.33769,3,3327514241,10173024
3.34024,2,3330064247,10173024
3.34276,1,3332587253,10173024
3.34534,0,3335164259,10173024
3.34786,3,3337687265,10173024
3.35041,2,3340237271,10173024
3.35293,1,3342760277,10173024
3.35582,0,3345337283,10486024
3.35835,3,3347860289,10486024
3.3609,2,3350410295,10486024
3.36342,1,3352933301,10486024
3.366,0,3355823307,10173024
3.36852,3,3358346313,10173024
3.37107,2,3360896319,10173024
3.37359,1,3363419325,10173024
3.37617,0,3365996331,10173024
3.37869,3,3368519337,10173024
3.38124,2,3371069343,10173024
3.38377,1,3373592349,10173024
3.38634,0,3376169355,10173024
3.38887,3,3378692361,10173024
3.39142,2,3381242367,10173024
3.39394,1,3383765373,10173024
3.39652,0,3386342379,10173024
3.39904,3,3388865385,10173024
3.40159,2,3391415391,10173024
3.40411,1,3393938397,10173024
3.40669,0,3396515403,10173024
3.40921,3,3399038409,10173024
3.41176,2,3401588415,10173024
3.41428,1,3404111421,10173024
3.41717,0,3406688427,10486024
3.4197,3,3409211433,10486024
3.42225,2,3411761439,10486024
3.42477,1,3414284445,10486024
3.42735,0,3417174451,10173024
3.42987,3,3419697457,10173024
3.43242,2,3422247463,10173024
3.43494,1,3424770469,10173024
3.43752,0,3427347475,10173024
3.44004,3,3429870481,10173024
3.44259,2,3432420487,10173024
3.44512,1,3434943493,10173024
3.44769,0,3437520499,10173024
3.45022,3,3440043505,10173024
3.45277,2,3442593511,10173024
3.45529,1,3445116517,10173024
3.45818,0,3447693523,10486024
3.4607,3,3450216529,10486024
3.46325,2,3452766535,10486024
3.46578,1,3455289541,10486024
3.46835,0,3458179547,10173024
3.47088,3,3460702553,10173024
3.47343,2,3463252559,10173024
3.47595,1,3465775565,10173024
3.47853,0,3468352571,10173024
3.48105,3,3470875577,10173024
3.4836,2,3473425583,10173024
3.48612,1,3475948589,10173024
3.4887,0,3478525595,10173024
3.49122,3,3481048601,10173024
3.49377,2,3483598607,10173024
3.49629,1,3486121613,10173024
3.49887,0,3488698619,10173024
3.50139,3,3491221625,10173024
3.50394,2,3493771631,10173024
3.50647,1,3496294637,10173024
3.50904,0,3498871643,10173024
3.51157,3,3501394649,10173024
3.51412,2,3503944655,10173024
3.51664,1,3506467661,10173024
3.51953,0,3509044667,10486024
3.52205,3,3511567673,10486024
3.5246,2,3514117679,10486024
3.52713,1,3516640685,10486024
3.5297,0,3519530691,10173024
3.53223,3,3522053697,10173024
3.53478,2,3524603703,10173024
3.5373,1,3527126709,10173024
3.53988,0,3529703715,10173024
3.5424,3,3532226721,10173024
3.54495,2,3534776727,10173024
3.54747,1,3537299733,10173024
3.55005,0,3539876739,10173024
3.55257,3,3542399745,10173024
3.55512,2,3544949751,10173024
3.55765,1,3547472757,10173024
3.56054,0,3550049763,10486024
3.56306,3,3552572769,10486024
3.56561,2,3555122775,10486024
3.56813,1,3557645781,10486024
3.57071,0,3560535787,10173024
3.57323,3,3563058793,10173024
3.57578,2,3565608799,10173024
3.5783,1,3568131805,10173024
3.58088,0,3570708811,10173024
3.5834,3,3573231817,10173024
3.58595,2,3575781823,10173024
3.58848,1,3578304829,10173024
3.59105,0,3580881835,10173024
3.59358,3,3583404841,10173024
3.59613,2,3585954847,10173024
3.59865,1,3588477853,10173024
3.60123,0,3591054859,10173024
3.60375,3,3593577865,10173024
3.6063,2,3596127871,10173024
3.60882,1,3598650877,10173024
3.6114,0,3601227883,10173024
3.61392,3,3603750889,10173024
3.61647,2,3606300895,10173024
3.619,1,3608823901,10173024
3.62189,0,3611400907,10486024
3.62441,3,3613923913,10486024
3.62696,2,3616473919,10486024
3.62948,1,3618996925,10486024
3.63206,0,3621886931,10173024
3.63458,3,3624409937,10173024
3.63713,2,3626959943,10173024
3.63966,1,3629482949,10173024
3.64223,0,3632059955,10173024
3.64476,3,3634582961,10173024
3.64731,2,3637132967,10173024
3.64983,1,3639655973,10173024
3.65241,0,3642232979,10173024
3.65493,3,3644755985,10173024
3.65748,2,3647305991,10173024
3.66,1,3649828997,10173024
3.66289,0,3652406003,10486024
3.66542,3,3654929009,10486024
3.66797,2,3657479015,10486024
3.67049,1,3660002021,10486024
3.67307,0,3662892027,10173024
3.67559,3,3665415033,10173024
3.67814,2,3667965039,10173024
3.68066,1,3670488045,10173024
3.68324,0,3673065051,10173024
3.68576,3,3675588057,10173024
3.68831,2,3678138063,10173024
3.69083,1,3680661069,10173024
3.69341,0,3683238075,10173024
3.69593,3,3685761081,10173024
3.69848,2,3688311087,10173024
3.70101,1,3690834093,10173024
3.70358,0,3693411099,10173024
3.70611,3,3695934105,10173024
3.70866,2,3698484111,10173024
3.71118,1,3701007117,10173024
3.71376,0,3703584123,10173024
3.71628,3,3706107129,10173024
3.71883,2,3708657135,10173024
3.72135,1,3711180141,10173024
3.72424,0,3713757147,10486024
3.72677,3,3716280153,10486024
3.72932,2,3718830159,10486024
3.73184,1,3721353165,10486024
3.73442,0,3724243171,10173024
3.73694,3,3726766177,10173024
3.73949,2,3729316183,10173024
3.74201,1,3731839189,10173024
3.74459,0,3734416195,10173024
3.74711,3,3736939201,10173024
3.74966,2,3739489207,10173024
3.75219,1,3742012213,10173024
3.75476,0,3744589219,10173024
3.75729,3,3747112225,10173024
3.75984,2,3749662231,10173024
3.76236,1,3752185237,10173024
3.76525,0,3754762243,10486024
3.76777,3,3757285249,10486024
3.77032,2,3759835255,10486024
3.77284,1,3762358261,10486024
3.77542,0,3765248267,10173024
3.77794,3,3767771273,10173024
3.78049,2,3770321279,10173024
3.78302,1,3772844285,10173024
3.78559,0,3775421291,10173024
3.78812,3,3777944297,10173024
3.79067,2,3780494303,10173024
3.79319,1,3783017309,10173024
3.79577,0,3785594315,10173024
3.79829,3,3788117321,10173024
3.80084,2,3790667327,10173024
3.80336,1,3793190333,10173024
3.80594,0,3795767339,10173024
3.80846,3,3798290345,10173024
3.81101,2,3800840351,10173024
3.81354,1,3803363357,10173024
3.81611,0,3805940363,10173024
3.81864,3,3808463369,10173024
3.82119,2,3811013375,10173024
3.82371,1,3813536381,10173024
3.8266,0,3816113387,10486024
3.82912,3,3818636393,10486024
3.83167,2,3821186399,10486024
3.8342,1,3823709405,10486024
3.83677,0,3826599411,10173024
3.8393,3,3829122417,10173024
3.84185,2,3831672423,10173024
3.84437,1,3834195429,10173024
3.84695,0,3836772435,10173024
3.84947,3,3839295441,10173024
3.85202,2,3841845447,10173024
3.85454,1,3844368453,10173024
3.85712,0,3846945459,10173024
3.85964,3,3849468465,10173024
3.86219,2,3852018471,10173024
3.86471,1,3854541477,10173024
3.8676,0,3857118483,10486024
3.87013,3,3859641489,10486024
3.87268,2,3862191495,10486024
3.8752,1,3864714501,10486024
3.87778,0,3867604507,10173024
3.8803,3,3870127513,10173024
3.88285,2,3872677519,10173024
3.88537,1,3875200525,10173024
3.88795,0,3877777531,10173024
3.89047,3,3880300537,10173024
3.89302,2,3882850543,10173024
3.89555,1,3885373549,10173024
3.89812,0,3887950555,10173024
3.90065,3,3890473561,10173024
3.9032,2,3893023567,10173024
3.90572,1,3895546573,10173024
3.9083,0,3898123579,10173024
3.91082,3,3900646585,10173024
3.91337,2,3903196591,10173024
3.91589,1,3905719597,10173024
3.91847,0,3908296603,10173024
3.92099,3,3910819609,10173024
3.92354,2,3913369615,10173024
3.92607,1,3915892621,10173024
3.92896,0,3918469627,10486024
3.93148,3,3920992633,10486024
3.93403,2,3923542639,10486024
3.93655,1,3926065645,10486024
3.93913,0,3928955651,10173024
3.94165,3,3931478657,10173024
3.9442,2,3934028663,10173024
3.94672,1,3936551669,10173024
3.9493,0,3939128675,10173024
3.95182,3,3941651681,10173024
3.95437,2,3944201687,10173024
3.9569,1,3946724693,10173024
3.95947,0,3949301699,10173024
3.962,3,3951824705,10173024
3.96455,2,3954374711,10173024
3.96707,1,3956897717,10173024
3.96996,0,3959474723,10486024
3.97248,3,3961997729,10486024
3.97503,2,3964547735,10486024
3.97756,1,3967070741,10486024
3.98013,0,3969960747,10173024
3.98266,3,3972483753,10173024
3.98521,2,3975033759,10173024
3.98773,1,3977556765,10173024
3.99031,0,3980133771,10173024
3.99283,3,3982656777,10173024
3.99538,2,3985206783,10173024
3.9979,1,3987729789,10173024
4.00048,0,3990306795,10173024
4.0055,2,3995379807,10117018
4.00802,1,3997902813,10117018
4.01058,4,4003002825,7576012
4.01094,0,4000479819,10457024
4.01346,3,3992829801,20630048
4.01601,2,4005496825,10513030
4.01853,1,4008019831,10513030
4.0211,4,4010578837,10522030
4.02365,0,4010936843,12714030
4.02617,3,4013459849,12714030
4.02872,2,4016009855,12714030
4.03156,1,4018532861,13027030
4.03413,4,4021100867,13027030
4.03667,0,4023650873,13018030
4.03919,3,4026173879,13018030
4.04174,2,4028723885,13018030
4.04426,1,4031559891,12705030
4.04683,4,4034127897,12705030
4.04937,0,4036668903,12705030
4.0519,3,4039191909,12705030
4.05445,2,4041741915,12705030
4.05697,1,4044264921,12705030
4.05954,4,4046832927,12705030
4.06208,0,4049373933,12705030
4.0646,3,4051896939,12705030
4.06715,2,4054446945,12705030
4.06967,1,4056969951,12705030
4.07256,4,4059537957,13018030
4.0751,0,4062078963,13018030
4.07762,3,4064601969,13018030
4.08017,2,4067151975,13018030
4.08269,1,4069674981,13018030
4.08526,4,4072555987,12705030
4.0878,0,4075096993,12705030
4.09033,3,4077619999,12705030
4.09288,2,4080170005,12705030
4.0954,1,4082693011,12705030
4.09797,4,4085261017,12705030
4.10051,0,4087802023,12705030
4.10303,3,4090325029,12705030
4.10558,2,4092875035,12705030
4.1081,1,4095398041,12705030
4.11067,4,4097966047,12705030
4.11321,0,4100507053,12705030
4.11574,3,4103030059,12705030
4.11829,2,4105580065,12705030
4.12081,1,4108103071,12705030
4.12338,4,4110671077,12705030
4.12592,0,4113212083,12705030
4.12844,3,4115735089,12705030
4.13099,2,4118285095,12705030
4.13383,1,4120808101,13018030
4.13639,4,4123376107,13018030
4.13894,0,4125917113,13018030
4.14146,3,4128440119,13018030
4.14401,2,4130990125,13018030
4.14653,1,4133826131,12705030
4.1491,4,4136394137,12705030
4.15164,0,4138935143,12705030
4.15416,3,4141458149,12705030
4.15671,2,4144008155,12705030
4.15924,1,4146531161,12705030
4.1618,4,4149099167,12705030
4.16435,0,4151640173,12705030
4.16687,3,4154163179,12705030
4.16942,2,4156713185,12705030
4.17194,1,4159236191,12705030
4.17482,4,4161804197,13018030
4.17736,0,4164345203,13018030
4.17989,3,4166868209,13018030
4.18244,2,4169418215,13018030
4.18496,1,4171941221,13018030
4.18753,4,4174822227,12705030
4.19007,0,4177363233,12705030
4.19259,3,4179886239,12705030
4.19514,2,4182436245,12705030
4.19766,1,4184959251,12705030
4.20023,4,4187527257,12705030
4.20277,0,4190068263,12705030
4.2053,3,4192591269,12705030
4.20785,2,4195141275,12705030
4.21037,1,4197664281,12705030
4.21294,4,4200232287,12705030
4.21548,0,4202773293,12705030
4.218,3,4205296299,12705030
4.22055,2,4207846305,12705030
4.22307,1,4210369311,12705030
4.22564,4,4212937317,12705030
4.22818,0,4215478323,12705030
4.23071,3,4218001329,12705030
4.23326,2,4220551335,12705030
4.23609,1,4223074341,13018030
4.23866,4,4225642347,13018030
4.2412,0,4228183353,13018030
4.24372,3,4230706359,13018030
4.24627,2,4233256365,13018030
4.2488,1,4236092371,12705030
4.25137,4,4238660377,12705030
4.25391,0,4241201383,12705030
4.25643,3,4243724389,12705030
4.25898,2,4246274395,12705030
4.2615,1,4248797401,12705030
4.26407,4,4251365407,12705030
4.26661,0,4253906413,12705030
4.26913,3,4256429419,12705030
4.27168,2,4258979425,12705030
4.27421,1,4261502431,12705030
4.27709,4,4264070437,13018030
4.27963,0,4266611443,13018030
4.28215,3,4269134449,13018030
4.2847,2,4271684455,13018030
4.28723,1,4274207461,13018030
4.28979,4,4277088467,12705030
4.29233,0,4279629473,12705030
4.29486,3,4282152479,12705030
4.29741,2,4284702485,12705030
4.29993,1,4287225491,12705030
4.3025,4,4289793497,12705030
4.30504,0,4292334503,12705030
4.30756,3,4294857509,12705030
4.31011,2,4297407515,12705030
4.31264,1,4299930521,12705030
4.3152,4,4302498527,12705030
4.31774,0,4305039533,12705030
4.32027,3,4307562539,12705030
4.32282,2,4310112545,12705030
4.32534,1,4312635551,12705030
4.32791,4,4315203557,12705030
4.33045,0,4317744563,12705030
4.33297,3,4320267569,12705030
4.33552,2,4322817575,12705030
4.33836,1,4325340581,13018030
4.34093,4,4327908587,13018030
4.34347,0,4330449593,13018030
4.34599,3,4332972599,13018030
4.34854,2,4335522605,13018030
4.35106,1,4338358611,12705030
4.35363,4,4340926617,12705030
4.35617,0,4343467623,12705030
4.3587,3,4345990629,12705030
4.36125,2,4348540635,12705030
4.36377,1,4351063641,12705030
4.36634,4,4353631647,12705030
4.36888,0,4356172653,12705030
4.3714,3,4358695659,12705030
4.37395,2,4361245665,12705030
4.37647,1,4363768671,12705030
4.37935,4,4366336677,13018030
4.3819,0,4368877683,13018030
4.38442,3,4371400689,13018030
4.38697,2,4373950695,13018030
4.38949,1,4376473701,13018030
4.39206,4,4379354707,12705030
4.3946,0,4381895713,12705030
4.39712,3,4384418719,12705030
4.39967,2,4386968725,12705030
4.4022,1,4389491731,12705030
4.40476,4,4392059737,12705030
4.40731,0,4394600743,12705030
4.40983,3,4397123749,12705030
4.41238,2,4399673755,12705030
4.4149,1,4402196761,12705030
4.41747,4,4404764767,12705030
4.42001,0,4407305773,12705030
4.42253,3,4409828779,12705030
4.42508,2,4412378785,12705030
4.42761,1,4414901791,12705030
4.43017,4,4417469797,12705030
4.43272,0,4420010803,12705030
4.43524,3,4422533809,12705030
4.43779,2,4425083815,12705030
4.44062,1,4427606821,13018030
4.44319,4,4430174827,13018030
4.44573,0,4432715833,13018030
4.44826,3,4435238839,13018030
4.45081,2,4437788845,13018030
4.45333,1,4440624851,12705030
4.4559,4,4443192857,12705030
4.45844,0,4445733863,12705030
4.46096,3,4448256869,12705030
4.46351,2,4450806875,12705030
4.46603,1,4453329881,12705030
4.4686,4,4455897887,12705030
4.47114,0,4458438893,12705030
4.47367,3,4460961899,12705030
4.47622,2,4463511905,12705030
4.47874,1,4466034911,12705030
4.48162,4,4468602917,13018030
4.48416,0,4471143923,13018030
4.48668,3,4473666929,13018030
4.48923,2,4476216935,13018030
4.49176,1,4478739941,13018030
4.49433,4,4481620947,12705030
4.49687,0,4484161953,12705030
4.49939,3,4486684959,12705030
4.50194,2,4489234965,12705030
4.50446,1,4491757971,12705030
4.50703,4,4494325977,12705030
4.50957,0,4496866983,12705030
4.5121,3,4499389989,12705030
4.51465,2,4501939995,12705030
4.51717,1,4504463001,12705030
4.51974,4,4507031007,12705030
4.52228,0,4509572013,12705030
4.5248,3,4512095019,12705030
4.52735,2,4514645025,12705030
4.52987,1,4517168031,12705030
4.53244,4,4519736037,12705030
4.53498,0,4522277043,12705030
4.53751,3,4524800049,12705030
4.54006,2,4527350055,12705030
4.54289,1,4529873061,13018030
4.54546,4,4532441067,13018030
4.548,0,4534982073,13018030
4.55052,3,4537505079,13018030
4.55307,2,4540055085,13018030
4.5556,1,4542891091,12705030
4.55816,4,4545459097,12705030
4.56071,0,4548000103,12705030
4.56323,3,4550523109,12705030
4.56578,2,4553073115,12705030
4.5683,1,4555596121,12705030
4.57087,4,4558164127,12705030
4.57341,0,4560705133,12705030
4.57593,3,4563228139,12705030
4.57848,2,4565778145,12705030
4.58101,1,4568301151,12705030
4.58389,4,4570869157,13018030
4.58643,0,4573410163,13018030
4.58895,3,4575933169,13018030
4.5915,2,4578483175,13018030
4.59402,1,4581006181,13018030
4.59659,4,4583887187,12705030
4.59913,0,4586428193,12705030
4.60166,3,4588951199,12705030
4.60421,2,4591501205,12705030
4.60673,1,4594024211,12705030
4.6093,4,4596592217,12705030
4.61184,0,4599133223,12705030
4.61436,3,4601656229,12705030
4.61691,2,4604206235,12705030
4.61943,1,4606729241,12705030
4.622,4,4609297247,12705030
4.62454,0,4611838253,12705030
4.62707,3,4614361259,12705030
4.62962,2,4616911265,12705030
4.63214,1,4619434271,12705030
4.63471,4,4622002277,12705030
4.63725,0,4624543283,12705030
4.63977,3,4627066289,12705030
4.64232,2,4629616295,12705030
4.64516,1,4632139301,13018030
4.64773,4,4634707307,13018030
4.65027,0,4637248313,13018030
4.65279,3,4639771319,13018030
4.65534,2,4642321325,13018030
4.65786,1,4645157331,12705030
4.66043,4,4647725337,12705030
4.66297,0,4650266343,12705030
4.66549,3,4652789349,12705030
4.66804,2,4655339355,12705030
4.67057,1,4657862361,12705030
4.67314,4,4660430367,12705030
4.67568,0,4662971373,12705030
4.6782,3,4665494379,12705030
4.68075,2,4668044385,12705030
4.68327,1,4670567391,12705030
4.68615,4,4673135397,13018030
4.68869,0,4675676403,13018030
4.69122,3,4678199409,13018030
4.69377,2,4680749415,13018030
4.69629,1,4683272421,13018030
4.69886,4,4686153427,12705030
4.7014,0,4688694433,12705030
4.70392,3,4691217439,12705030
4.70647,2,4693767445,12705030
4.709,1,4696290451,12705030
4.71156,4,4698858457,12705030
4.7141,0,4701399463,12705030
4.71663,3,4703922469,12705030
4.71918,2,4706472475,12705030
4.7217,1,4708995481,12705030
4.72427,4,4711563487,12705030
4.72681,0,4714104493,12705030
4.72933,3,4716627499,12705030
4.73188,2,4719177505,12705030
4.73441,1,4721700511,12705030
4.73697,4,4724268517,12705030
4.73951,0,4726809523,12705030
4.74204,3,4729332529,12705030
4.74459,2,4731882535,12705030
4.74742,1,4734405541,13018030
4.74999,4,4736973547,13018030
4.75253,0,4739514553,13018030
4.75506,3,4742037559,13018030
4.75761,2,4744587565,13018030
4.76013,1,4747423571,12705030
4.7627,4,4749991577,12705030
4.76524,0,4752532583,12705030
4.76776,3,4755055589,12705030
4.77031,2,4757605595,12705030
4.77283,1,4760128601,12705030
4.7754,4,4762696607,12705030
4.77794,0,4765237613,12705030
4.78047,3,4767760619,12705030
4.78302,2,4770310625,12705030
4.78554,1,4772833631,12705030
4.78842,4,4775401637,13018030
4.79096,0,4777942643,13018030
4.79348,3,4780465649,13018030
4.79603,2,4783015655,13018030
4.79856,1,4785538661,13018030
4.80112,4,4788419667,12705030
4.80367,0,4790960673,12705030
4.80619,3,4793483679,12705030
4.80874,2,4796033685,12705030
4.81126,1,4798556691,12705030
4.81383,4,4801124697,12705030
4.81637,0,4803665703,12705030
4.81889,3,4806188709,12705030
4.82144,2,4808738715,12705030
4.82397,1,4811261721,12705030
4.82653,4,4813829727,12705030
4.82908,0,4816370733,12705030
4.8316,3,4818893739,12705030
4.83415,2,4821443745,12705030
4.83667,1,4823966751,12705030
4.83924,4,4826534757,12705030
4.84178,0,4829075763,12705030
4.8443,3,4831598769,12705030
4.84685,2,4834148775,12705030
4.84969,1,4836671781,13018030
4.85226,4,4839239787,13018030
4.8548,0,4841780793,13018030
4.85732,3,4844303799,13018030
4.85987,2,4846853805,13018030
4.86239,1,4849689811,12705030
4.86496,4,4852257817,12705030
4.8675,0,4854798823,12705030
4.87003,3,4857321829,12705030
4.87258,2,4859871835,12705030
4.8751,1,4862394841,12705030
4.87767,4,4864962847,12705030
4.88021,0,4867503853,12705030
4.88273,3,4870026859,12705030
4.88528,2,4872576865,12705030
4.8878,1,4875099871,12705030
4.89069,4,4877667877,13018030
4.89323,0,4880208883,13018030
4.89575,3,4882731889,13018030
4.8983,2,4885281895,13018030
4.90082,1,4887804901,13018030
4.90339,4,4890685907,12705030
4.90593,0,4893226913,12705030
4.90845,3,4895749919,12705030
4.911,2,4898299925,12705030
4.91353,1,4900822931,12705030
4.9161,4,4903390937,12705030
4.91864,0,4905931943,12705030
4.92116,3,4908454949,12705030
4.92371,2,4911004955,12705030
4.92623,1,4913527961,12705030
4.9288,4,4916095967,12705030
4.93134,0,4918636973,12705030
4.93387,3,4921159979,12705030
4.93642,2,4923709985,12705030
4.93894,1,4926232991,12705030
4.94151,4,4928800997,12705030
4.94405,0,4931342003,12705030
4.94657,3,4933865009,12705030
4.94912,2,4936415015,12705030
4.95196,1,4938938021,13018030
4.95452,4,4941506027,13018030
4.95707,0,4944047033,13018030
4.95959,3,4946570039,13018030
4.96214,2,4949120045,13018030
4.96466,1,4951956051,12705030
4.96723,4,4954524057,12705030
4.96977,0,4957065063,12705030
4.97229,3,4959588069,12705030
4.97484,2,4962138075,12705030
4.97737,1,4964661081,12705030
4.97993,4,4967229087,12705030
4.98248,0,4969770093,12705030
4.985,3,4972293099,12705030
4.98755,2,4974843105,12705030
4.99007,1,4977366111,12705030
4.99295,4,4979934117,13018030
4.99549,0,4982475123,13018030
4.99802,3,4984998129,13018030
5.00057,2,4987548135,13018030
5.0056,4,4992952147,12649024
5.00814,0,4995493153,12649024
5.01316,2,5000566165,12593018
5.01568,1,4990071141,25611048
5.01825,4,5005601171,12649024
5.02077,5,5003089171,17684030
5.02113,0,5008142177,12989030
5.02365,3,4998016159,25638054
5.0262,2,5013159183,13045036
5.02873,1,5015682189,13045036
5.03381,0,5021131207,12676024
5.03633,3,5023654213,12676024
5.03888,2,5026204219,12676024
5.0414,1,5028727225,12676024
5.04395,5,5020773201,23180054
5.04649,4,5018250195,28235066
5.04903,0,5033807231,15219036
5.05155,3,5036330237,15219036
5.05441,2,5038880243,15532036
5.05694,1,5041403249,15532036
5.05949,5,5043953255,15532036
5.06203,4,5046485261,15541036
5.06457,0,5049026267,15541036
5.06709,3,5051549273,15541036
5.06964,2,5054412279,15228036
5.07216,1,5056935285,15228036
5.07471,5,5059485291,15228036
5.07725,4,5062026297,15228036
5.0798,0,5064567303,15228036
5.08232,3,5067090309,15228036
5.08487,2,5069640315,15228036
5.08739,1,5072163321,15228036
5.08994,5,5074713327,15228036
5.09248,4,5077254333,15228036
5.09534,0,5079795339,15541036
5.09786,3,5082318345,15541036
5.10041,2,5084868351,15541036
5.10293,1,5087391357,15541036
5.10548,5,5089941363,15541036
5.10802,4,5092482369,15541036
5.11056,0,5095336375,15228036
5.11309,3,5097859381,15228036
5.11564,2,5100409387,15228036
5.11816,1,5102932393,15228036
5.12071,5,5105482399,15228036
5.12325,4,5108023405,15228036
5.12579,0,5110564411,15228036
5.12832,3,5113087417,15228036
5.13087,2,5115637423,15228036
5.13339,1,5118160429,15228036
5.13594,5,5120710435,15228036
5.13848,4,5123251441,15228036
5.14102,0,5125792447,15228036
5.14354,3,5128315453,15228036
5.14609,2,5130865459,15228036
5.14862,1,5133388465,15228036
5.15117,5,5135938471,15228036
5.15371,4,5138479477,15228036
5.15656,0,5141020483,15541036
5.15908,3,5143543489,15541036
5.16163,2,5146093495,15541036
5.16416,1,5148616501,15541036
5.16671,5,5151166507,15541036
5.16925,4,5153707513,15541036
5.17179,0,5156561519,15228036
5.17431,3,5159084525,15228036
5.17686,2,5161634531,15228036
5.17939,1,5164157537,15228036
5.18194,5,5166707543,15228036
5.18448,4,5169248549,15228036
5.18702,0,5171789555,15228036
5.18954,3,5174312561,15228036
5.19209,2,5176862567,15228036
5.19461,1,5179385573,15228036
5.19716,5,5181935579,15228036
5.20002,4,5184476585,15541036
5.20256,0,5187017591,15541036
5.20508,3,5189540597,15541036
5.20763,2,5192090603,15541036
5.21015,1,5194613609,15541036
5.2127,5,5197163615,15541036
5.21525,4,5200017621,15228036
5.21779,0,5202558627,15228036
5.22031,3,5205081633,15228036
5.22286,2,5207631639,15228036
5.22538,1,5210154645,15228036
5.22793,5,5212704651,15228036
5.23047,4,5215245657,15228036
5.23301,0,5217786663,15228036
5.23554,3,5220309669,15228036
5.23809,2,5222859675,15228036
5.24061,1,5225382681,15228036
5.24316,5,5227932687,15228036
5.2457,4,5230473693,15228036
5.24824,0,5233014699,15228036
5.25077,3,5235537705,15228036
5.25332,2,5238087711,15228036
5.25584,1,5240610717,15228036
5.2587,5,5243160723,15541036
5.26124,4,5245701729,15541036
5.26378,0,5248242735,15541036
5.26631,3,5250765741,15541036
5.26886,2,5253315747,15541036
5.27138,1,5255838753,15541036
5.27393,5,5258701759,15228036
5.27647,4,5261242765,15228036
5.27901,0,5263783771,15228036
5.28153,3,5266306777,15228036
5.28408,2,5268856783,15228036
5.28661,1,5271379789,15228036
5.28916,5,5273929795,15228036
5.2917,4,5276470801,15228036
5.29424,0,5279011807,15228036
5.29676,3,5281534813,15228036
5.29931,2,5284084819,15228036
5.30215,1,5286607825,15541036
5.3047,5,5289157831,15541036
5.30724,4,5291698837,15541036
5.30978,0,5294239843,15541036
5.3123,3,5296762849,15541036
5.31485,2,5299312855,15541036
5.31738,1,5302148861,15228036
5.31993,5,5304698867,15228036
5.32247,4,5307239873,15228036
5.32501,0,5309780879,15228036
5.32753,3,5312303885,15228036
5.33008,2,5314853891,15228036
5.3326,1,5317376897,15228036
5.33515,5,5319926903,15228036
5.3377,4,5322467909,15228036
5.34024,0,5325008915,15228036
5.34276,3,5327531921,15228036
5.34531,2,5330081927,15228036
5.34783,1,5332604933,15228036
5.35038,5,5335154939,15228036
5.35292,4,5337695945,15228036
5.35546,0,5340236951,15228036
5.35799,3,5342759957,15228036
5.36085,2,5345309963,15541036
5.36337,1,5347832969,15541036
5.36592,5,5350382975,15541036
5.36847,4,5352923981,15541036
5.37101,0,5355464987,15541036
5.37353,3,5357987993,15541036
5.37608,2,5360850999,15228036
5.3786,1,5363374005,15228036
5.38115,5,5365924011,15228036
5.38369,4,5368465017,15228036
5.38623,0,5371006023,15228036
5.38876,3,5373529029,15228036
5.39131,2,5376079035,15228036
5.39383,1,5378602041,15228036
5.39638,5,5381152047,15228036
5.39892,4,5383693053,15228036
5.40146,0,5386234059,15228036
5.4043,3,5388757065,15541036
5.40685,2,5391307071,15541036
5.40937,1,5393830077,15541036
5.41192,5,5396380083,15541036
5.41446,4,5398921089,15541036
5.417,0,5401462095,15541036
5.41953,3,5404298101,15228036
5.42208,2,5406848107,15228036
5.4246,1,5409371113,15228036
5.42715,5,5411921119,15228036
5.42969,4,5414462125,15228036
5.43223,0,5417003131,15228036
5.43475,3,5419526137,15228036
5.4373,2,5422076143,15228036
5.43983,1,5424599149,15228036
5.44238,5,5427149155,15228036
5.44492,4,5429690161,15228036
5.44746,0,5432231167,15228036
5.44998,3,5434754173,15228036
5.45253,2,5437304179,15228036
5.45506,1,5439827185,15228036
5.45761,5,5442377191,15228036
5.46015,4,5444918197,15228036
5.46269,0,5447459203,15228036
5.46552,3,5449982209,15541036
5.46807,2,5452532215,15541036
5.4706,1,5455055221,15541036
5.47315,5,5457605227,15541036
5.47569,4,5460146233,15541036
5.47823,0,5462687239,15541036
5.48075,3,5465523245,15228036
5.4833,2,5468073251,15228036
5.48582,1,5470596257,15228036
5.48837,5,5473146263,15228036
5.49092,4,5475687269,15228036
5.49346,0,5478228275,15228036
5.49598,3,5480751281,15228036
5.49853,2,5483301287,15228036
5.50105,1,5485824293,15228036
5.5036,5,5488374299,15228036
5.50646,4,5490915305,15541036
5.509,0,5493456311,15541036
5.51152,3,5495979317,15541036
5.51407,2,5498529323,15541036
5.51659,1,5501052329,15541036
5.51914,5,5503602335,15541036
5.52168,4,5506456341,15228036
5.52423,0,5508997347,15228036
5.52675,3,5511520353,15228036
5.5293,2,5514070359,15228036
5.53182,1,5516593365,15228036
5.53437,5,5519143371,15228036
5.53691,4,5521684377,15228036
5.53945,0,5524225383,15228036
5.54198,3,5526748389,15228036
5.54453,2,5529298395,15228036
5.54705,1,5531821401,15228036
5.5496,5,5534371407,15228036
5.55214,4,5536912413,15228036
5.55468,0,5539453419,15228036
5.5572,3,5541976425,15228036
5.55975,2,5544526431,15228036
5.56228,1,5547049437,15228036
5.56483,5,5549599443,15228036
5.56768,4,5552140449,15541036
5.57022,0,5554681455,15541036
5.57275,3,5557204461,15541036
5.5753,2,5559754467,15541036
5.57782,1,5562277473,15541036
5.58037,5,5564827479,15541036
5.58291,4,5567681485,15228036
5.58545,0,5570222491,15228036
5.58797,3,5572745497,15228036
5.59052,2,5575295503,15228036
5.59305,1,5577818509,15228036
5.5956,5,5580368515,15228036
5.59814,4,5582909521,15228036
5.60068,0,5585450527,15228036
5.6032,3,5587973533,15228036
5.60575,2,5590523539,15228036
5.60859,1,5593046545,15541036
5.61114,5,5595596551,15541036
5.61368,4,5598137557,15541036
5.61622,0,5600678563,15541036
5.61874,3,5603201569,15541036
5.62129,2,5605751575,15541036
5.62382,1,5608587581,15228036
5.62637,5,5611137587,15228036
5.62891,4,5613678593,15228036
5.63145,0,5616219599,15228036
5.63397,3,5618742605,15228036
5.63652,2,5621292611,15228036
5.63904,1,5623815617,15228036
5.64159,5,5626365623,15228036
5.64413,4,5628906629,15228036
5.64668,0,5631447635,15228036
5.6492,3,5633970641,15228036
5.65175,2,5636520647,15228036
5.65427,1,5639043653,15228036
5.65682,5,5641593659,15228036
5.65936,4,5644134665,15228036
5.6619,0,5646675671,15228036
5.66443,3,5649198677,15228036
5.66698,2,5651748683,15228036
5.66981,1,5654271689,15541036
5.67236,5,5656821695,15541036
5.6749,4,5659362701,15541036
5.67744,0,5661903707,15541036
5.67997,3,5664426713,15541036
5.68252,2,5666976719,15541036
5.68504,1,5669812725,15228036
5.68759,5,5672362731,15228036
5.69013,4,5674903737,15228036
5.69267,0,5677444743,15228036
5.6952,3,5679967749,15228036
5.69775,2,5682517755,15228036
5.70027,1,5685040761,15228036
5.70282,5,5687590767,15228036
5.70536,4,5690131773,15228036
5.7079,0,5692672779,15228036
5.71074,3,5695195785,15541036
5.71329,2,5697745791,15541036
5.71581,1,5700268797,15541036
5.71836,5,5702818803,15541036
5.7209,4,5705359809,15541036
5.72344,0,5707900815,15541036
5.72596,3,5710736821,15228036
5.72851,2,5713286827,15228036
5.73104,1,5715809833,15228036
5.73359,5,5718359839,15228036
5.73613,4,5720900845,15228036
5.73867,0,5723441851,15228036
5.74119,3,5725964857,15228036
5.74374,2,5728514863,15228036
5.74627,1,5731037869,15228036
5.74882,5,5733587875,15228036
5.75136,4,5736128881,15228036
5.7539,0,5738669887,15228036
5.75642,3,5741192893,15228036
5.75897,2,5743742899,15228036
5.76149,1,5746265905,15228036
5.76404,5,5748815911,15228036
5.76658,4,5751356917,15228036
5.76913,0,5753897923,15228036
5.77196,3,5756420929,15541036
5.77451,2,5758970935,15541036
5.77703,1,5761493941,15541036
5.77958,5,5764043947,15541036
5.78213,4,5766584953,15541036
5.78467,0,5769125959,15541036
5.78719,3,5771961965,15228036
5.78974,2,5774511971,15228036
5.79226,1,5777034977,15228036
5.79481,5,5779584983,15228036
5.79735,4,5782125989,15228036
5.7999,0,5784666995,15228036
5.80242,3,5787190001,15228036
5.80497,2,5789740007,15228036
5.80749,1,5792263013,15228036
5.81004,5,5794813019,15228036
5.8129,4,5797354025,15541036
5.81544,0,5799895031,15541036
5.81796,3,5802418037,15541036
5.82051,2,5804968043,15541036
5.82303,1,5807491049,15541036
5.82558,5,5810041055,15541036
5.82812,4,5812895061,15228036
5.83066,0,5815436067,15228036
5.83319,3,5817959073,15228036
5.83574,2,5820509079,15228036
5.83826,1,5823032085,15228036
5.84081,5,5825582091,15228036
5.84335,4,5828123097,15228036
5.84589,0,5830664103,15228036
5.84842,3,5833187109,15228036
5.85097,2,5835737115,15228036
5.85349,1,5838260121,15228036
5.85604,5,5840810127,15228036
5.85858,4,5843351133,15228036
5.86112,0,5845892139,15228036
5.86364,3,5848415145,15228036
5.86619,2,5850965151,15228036
5.86872,1,5853488157,15228036
5.87127,5,5856038163,15228036
5.87412,4,5858579169,15541036
5.87666,0,5861120175,15541036
5.87918,3,5863643181,15541036
5.88173,2,5866193187,15541036
5.88426,1,5868716193,15541036
5.88681,5,5871266199,15541036
5.88935,4,5874120205,15228036
5.89189,0,5876661211,15228036
5.89441,3,5879184217,15228036
5.89696,2,5881734223,15228036
5.89949,1,5884257229,15228036
5.90204,5,5886807235,15228036
5.90458,4,5889348241,15228036
5.90712,0,5891889247,15228036
5.90964,3,5894412253,15228036
5.91219,2,5896962259,15228036
5.91503,1,5899485265,15541036
5.91758,5,5902035271,15541036
5.92012,4,5904576277,15541036
5.92266,0,5907117283,15541036
5.92518,3,5909640289,15541036
5.92773,2,5912190295,15541036
5.93025,1,5915026301,15228036
5.9328,5,5917576307,15228036
5.93535,4,5920117313,15228036
5.93789,0,5922658319,15228036
5.94041,3,5925181325,15228036
5.94296,2,5927731331,15228036
5.94548,1,5930254337,15228036
5.94803,5,5932804343,15228036
5.95057,4,5935345349,15228036
5.95311,0,5937886355,15228036
5.95564,3,5940409361,15228036
5.95819,2,5942959367,15228036
5.96071,1,5945482373,15228036
5.96326,5,5948032379,15228036
5.9658,4,5950573385,15228036
5.96834,0,5953114391,15228036
5.97087,3,5955637397,15228036
5.97342,2,5958187403,15228036
5.97625,1,5960710409,15541036
5.9788,5,5963260415,15541036
5.98134,4,5965801421,15541036
5.98388,0,5968342427,15541036
5.98641,3,5970865433,15541036
5.98896,2,5973415439,15541036
5.99148,1,5976251445,15228036
5.99403,5,5978801451,15228036
5.99657,4,5981342457,15228036
5.99911,0,5983883463,15228036
6.00163,3,5986406469,15228036
6.00418,2,5988956475,15228036
6.00671,1,5991479481,15228036
6.00926,5,5994029487,15228036
6.0118,4,5996570493,15228036
6.01433,6,6000077333,14253202
6.01729,3,6001634505,15655042
6.02231,1,6006707517,15599036
6.02503,5,6009257523,15769036
6.02757,4,6011798529,15769036
6.03012,6,6014330535,15787036
6.03264,0,5999111499,33529078
6.03516,3,6017289547,17874036
6.03771,2,6004184511,33529078
6.04024,1,6022306553,17930042
6.0428,5,6025026559,17769042
6.04784,0,6032640577,15199030
6.05036,3,6035163583,15199030
6.05291,2,6037713589,15199030
6.05544,1,6040236595,15199030
6.05799,5,6042795601,15190030
6.06051,6,6030117571,30391066
6.06304,4,6027567565,35473078
6.06558,0,6047839607,17742042
6.0681,3,6050362613,17742042
6.07065,2,6052912619,17742042
6.07318,1,6055435625,17742042
6.07573,5,6057985631,17742042
6.07856,6,6060508637,18055042
6.08111,4,6063040643,18073042
6.08365,0,6065581649,18073042
6.08618,3,6068104655,18073042
6.08873,2,6070654661,18073042
6.09125,1,6073177667,18073042
6.0938,5,6075727673,18073042
6.09632,6,6078563679,17760042
6.09887,4,6081113685,17760042
6.10141,0,6083654691,17760042
6.10394,3,6086177697,17760042
6.10649,2,6088727703,17760042
6.10901,1,6091250709,17760042
6.11156,5,6093800715,17760042
6.11408,6,6096323721,17760042
6.11663,4,6098873727,17760042
6.11949,0,6101414733,18073042
6.12201,3,6103937739,18073042
6.12456,2,6106487745,18073042
6.12708,1,6109010751,18073042
6.12963,5,6111560757,18073042
6.13216,6,6114083763,18073042
6.13471,4,6116633769,18073042
6.13725,0,6119487775,17760042
6.13977,3,6122010781,17760042
6.14232,2,6124560787,17760042
6.14484,1,6127083793,17760042
6.14739,5,6129633799,17760042
6.14992,6,6132156805,17760042
6.15247,4,6134706811,17760042
6.15501,0,6137247817,17760042
6.15753,3,6139770823,17760042
6.16008,2,6142320829,17760042
6.1626,1,6144843835,17760042
6.16515,5,6147393841,17760042
6.16768,6,6149916847,17760042
6.17023,4,6152466853,17760042
6.17277,0,6155007859,17760042
6.17529,3,6157530865,17760042
6.17784,2,6160080871,17760042
6.18068,1,6162603877,18073042
6.18323,5,6165153883,18073042
6.18575,6,6167676889,18073042
6.1883,4,6170226895,18073042
6.19084,0,6172767901,18073042
6.19336,3,6175290907,18073042
6.19591,2,6177840913,18073042
6.19844,1,6180676919,17760042
6.20099,5,6183226925,17760042
6.20351,6,6185749931,17760042
6.20606,4,6188299937,17760042
6.2086,0,6190840943,17760042
6.21112,3,6193363949,17760042
6.21367,2,6195913955,17760042
6.2162,1,6198436961,17760042
6.21875,5,6200986967,17760042
6.22127,6,6203509973,17760042
6.22413,4,6206059979,18073042
6.22667,0,6208600985,18073042
6.2292,3,6211123991,18073042
6.23175,2,6213673997,18073042
6.23427,1,6216197003,18073042
6.23682,5,6218747009,18073042
6.23934,6,6221270015,18073042
6.24189,4,6224133021,17760042
6.24443,0,6226674027,17760042
6.24696,3,6229197033,17760042
6.24951,2,6231747039,17760042
6.25203,1,6234270045,17760042
6.25458,5,6236820051,17760042
6.2571,6,6239343057,17760042
6.25965,4,6241893063,17760042
6.26219,0,6244434069,17760042
6.26472,3,6246957075,17760042
6.26727,2,6249507081,17760042
6.26979,1,6252030087,17760042
6.27234,5,6254580093,17760042
6.27486,6,6257103099,17760042
6.27741,4,6259653105,17760042
6.27995,0,6262194111,17760042
6.28279,3,6264717117,18073042
6.28534,2,6267267123,18073042
6.28786,1,6269790129,18073042
6.29041,5,6272340135,18073042
6.29294,6,6274863141,18073042
6.29549,4,6277413147,18073042
6.29803,0,6279954153,18073042
6.30055,3,6282790159,17760042
6.3031,2,6285340165,17760042
6.30562,1,6287863171,17760042
6.30817,5,6290413177,17760042
6.3107,6,6292936183,17760042
6.31325,4,6295486189,17760042
6.31579,0,6298027195,17760042
6.31831,3,6300550201,17760042
6.32086,2,6303100207,17760042
6.32338,1,6305623213,17760042
6.32625,5,6308173219,18073042
6.32877,6,6310696225,18073042
6.33132,4,6313246231,18073042
6.33386,0,6315787237,18073042
6.33638,3,6318310243,18073042
6.33893,2,6320860249,18073042
6.34146,1,6323383255,18073042
6.34401,5,6326246261,17760042
6.34653,6,6328769267,17760042
6.34908,4,6331319273,17760042
6.35162,0,6333860279,17760042
6.35414,3,6336383285,17760042
6.35669,2,6338933291,17760042
6.35922,1,6341456297,17760042
6.36177,5,6344006303,17760042
6.36429,6,6346529309,17760042
6.36684,4,6349079315,17760042
6.36938,0,6351620321,17760042
6.3719,3,6354143327,17760042
6.37445,2,6356693333,17760042
6.37698,1,6359216339,17760042
6.37953,5,6361766345,17760042
6.38205,6,6364289351,17760042
6.38491,4,6366839357,18073042
6.38745,0,6369380363,18073042
6.38998,3,6371903369,18073042
6.39253,2,6374453375,18073042
6.39505,1,6376976381,18073042
6.3976,5,6379526387,18073042
6.40012,6,6382049393,18073042
6.40267,4,6384912399,17760042
6.40521,0,6387453405,17760042
6.40774,3,6389976411,17760042
6.41029,2,6392526417,17760042
6.41281,1,6395049423,17760042
6.41536,5,6397599429,17760042
6.41788,6,6400122435,17760042
6.42043,4,6402672441,17760042
6.42297,0,6405213447,17760042
6.4255,3,6407736453,17760042
6.42836,2,6410286459,18073042
6.43088,1,6412809465,18073042
6.43343,5,6415359471,18073042
6.43596,6,6417882477,18073042
6.43851,4,6420432483,18073042
6.44105,0,6422973489,18073042
6.44357,3,6425496495,18073042
6.44612,2,6428359501,17760042
6.44864,1,6430882507,17760042
6.45119,5,6433432513,17760042
6.45372,6,6435955519,17760042
6.45627,4,6438505525,17760042
6.45881,0,6441046531,17760042
6.46133,3,6443569537,17760042
6.46388,2,6446119543,17760042
6.4664,1,6448642549,17760042
6.46895,5,6451192555,17760042
6.47148,6,6453715561,17760042
6.47403,4,6456265567,17760042
6.47657,0,6458806573,17760042
6.47909,3,6461329579,17760042
6.48164,2,6463879585,17760042
6.48416,1,6466402591,17760042
6.48671,5,6468952597,17760042
6.48955,6,6471475603,18073042
6.4921,4,6474025609,18073042
6.49464,0,6476566615,18073042
6.49716,3,6479089621,18073042
6.49971,2,6481639627,18073042
6.50224,1,6484162633,18073042
6.50479,5,6486712639,18073042
6.50731,6,6489548645,17760042
6.50986,4,6492098651,17760042
6.5124,0,6494639657,17760042
6.51492,3,6497162663,17760042
6.51747,2,6499712669,17760042
6.52,1,6502235675,17760042
6.52255,5,6504785681,17760042
6.52507,6,6507308687,17760042
6.52762,4,6509858693,17760042
6.53047,0,6512399699,18073042
6.533,3,6514922705,18073042
6.53555,2,6517472711,18073042
6.53807,1,6519995717,18073042
6.54062,5,6522545723,18073042
6.54314,6,6525068729,18073042
6.54569,4,6527618735,18073042
6.54823,0,6530472741,17760042
6.55076,3,6532995747,17760042
6.55331,2,6535545753,17760042
6.55583,1,6538068759,17760042
6.55838,5,6540618765,17760042
6.5609,6,6543141771,17760042
6.56345,4,6545691777,17760042
6.56599,0,6548232783,17760042
6.56852,3,6550755789,17760042
6.57107,2,6553305795,17760042
6.57359,1,6555828801,17760042
6.57614,5,6558378807,17760042
6.57866,6,6560901813,17760042
6.58121,4,6563451819,17760042
6.58375,0,6565992825,17760042
6.58628,3,6568515831,17760042
6.58883,2,6571065837,17760042
6.59166,1,6573588843,18073042
6.59421,5,6576138849,18073042
6.59673,6,6578661855,18073042
6.59928,4,6581211861,18073042
6.60183,0,6583752867,18073042
6.60435,3,6586275873,18073042
6.6069,2,6588825879,18073042
6.60942,1,6591661885,17760042
6.61197,5,6594211891,17760042
6.61449,6,6596734897,17760042
6.61704,4,6599284903,17760042
6.61959,0,6601825909,17760042
6.62211,3,6604348915,17760042
6.62466,2,6606898921,17760042
6.62718,1,6609421927,17760042
6.62973,5,6611971933,17760042
6.63257,6,6614494939,18073042
6.63512,4,6617044945,18073042
6.63766,0,6619585951,18073042
6.64018,3,6622108957,18073042
6.64273,2,6624658963,18073042
6.64526,1,6627181969,18073042
6.64781,5,6629731975,18073042
6.65033,6,6632567981,17760042
6.65288,4,6635117987,17760042
6.65542,0,6637658993,17760042
6.65794,3,6640181999,17760042
6.66049,2,6642732005,17760042
6.66302,1,6645255011,17760042
6.66557,5,6647805017,17760042
6.66809,6,6650328023,17760042
6.67064,4,6652878029,17760042
6.67318,0,6655419035,17760042
6.6757,3,6657942041,17760042
6.67825,2,6660492047,17760042
6.68078,1,6663015053,17760042
6.68333,5,6665565059,17760042
6.68585,6,6668088065,17760042
6.6884,4,6670638071,17760042
6.69094,0,6673179077,17760042
6.69378,3,6675702083,18073042
6.69633,2,6678252089,18073042
6.69885,1,6680775095,18073042
6.7014,5,6683325101,18073042
6.70392,6,6685848107,18073042
6.70647,4,6688398113,18073042
6.70901,0,6690939119,18073042
6.71154,3,6693775125,17760042
6.71409,2,6696325131,17760042
6.71661,1,6698848137,17760042
6.71916,5,6701398143,17760042
6.72168,6,6703921149,17760042
6.72423,4,6706471155,17760042
6.72677,0,6709012161,17760042
6.7293,3,6711535167,17760042
6.73185,2,6714085173,17760042
6.73468,1,6716608179,18073042
6.73723,5,6719158185,18073042
6.73975,6,6721681191,18073042
6.7423,4,6724231197,18073042
6.74485,0,6726772203,18073042
6.74737,3,6729295209,18073042
6.74992,2,6731845215,18073042
6.75244,1,6734681221,17760042
6.75499,5,6737231227,17760042
6.75751,6,6739754233,17760042
6.76006,4,6742304239,17760042
6.76261,0,6744845245,17760042
6.76513,3,6747368251,17760042
6.76768,2,6749918257,17760042
6.7702,1,6752441263,17760042
6.77275,5,6754991269,17760042
6.77527,6,6757514275,17760042
6.77782,4,6760064281,17760042
6.78037,0,6762605287,17760042
6.78289,3,6765128293,17760042
6.78544,2,6767678299,17760042
6.78796,1,6770201305,17760042
6.79051,5,6772751311,17760042
6.79303,6,6775274317,17760042
6.7959,4,6777824323,18073042
6.79844,0,6780365329,18073042
6.80096,3,6782888335,18073042
6.80351,2,6785438341,18073042
6.80603,1,6787961347,18073042
6.80858,5,6790511353,18073042
6.81111,6,6793034359,18073042
6.81366,4,6795897365,17760042
6.8162,0,6798438371,17760042
6.81872,3,6800961377,17760042
6.82127,2,6803511383,17760042
6.82379,1,6806034389,17760042
6.82634,5,6808584395,17760042
6.82887,6,6811107401,17760042
6.83142,4,6813657407,17760042
6.83396,0,6816198413,17760042
6.83679,3,6818721419,18073042
6.83934,2,6821271425,18073042
6.84187,1,6823794431,18073042
6.84442,5,6826344437,18073042
6.84694,6,6828867443,18073042
6.84949,4,6831417449,18073042
6.85203,0,6833958455,18073042
6.85455,3,6836794461,17760042
6.8571,2,6839344467,17760042
6.85963,1,6841867473,17760042
6.86218,5,6844417479,17760042
6.8647,6,6846940485,17760042
6.86725,4,6849490491,17760042
6.86979,0,6852031497,17760042
6.87231,3,6854554503,17760042
6.87486,2,6857104509,17760042
6.87739,1,6859627515,17760042
6.87994,5,6862177521,17760042
6.88246,6,6864700527,17760042
6.88501,4,6867250533,17760042
6.88755,0,6869791539,17760042
6.89007,3,6872314545,17760042
6.89262,2,6874864551,17760042
6.89515,1,6877387557,17760042
6.89801,5,6879937563,18073042
6.90053,6,6882460569,18073042
6.90308,4,6885010575,18073042
6.90562,0,6887551581,18073042
6.90815,3,6890074587,18073042
6.9107,2,6892624593,18073042
6.91322,1,6895147599,18073042
6.91577,5,6898010605,17760042
6.91829,6,6900533611,17760042
6.92084,4,6903083617,17760042
6.92338,0,6905624623,17760042
6.92591,3,6908147629,17760042
6.92846,2,6910697635,17760042
6.93098,1,6913220641,17760042
6.93353,5,6915770647,17760042
6.93605,6,6918293653,17760042
6.93892,4,6920843659,18073042
6.94146,0,6923384665,18073042
6.94398,3,6925907671,18073042
6.94653,2,6928457677,18073042
6.94905,1,6930980683,18073042
6.9516,5,6933530689,18073042
6.95413,6,6936053695,18073042
6.95668,4,6938916701,17760042
6.95922,0,6941457707,17760042
6.96174,3,6943980713,17760042
6.96429,2,6946530719,17760042
6.96681,1,6949053725,17760042
6.96936,5,6951603731,17760042
6.97189,6,6954126737,17760042
6.97444,4,6956676743,17760042
6.97698,0,6959217749,17760042
6.9795,3,6961740755,17760042
6.98205,2,6964290761,17760042
6.98457,1,6966813767,17760042
6.98712,5,6969363773,17760042
6.98965,6,6971886779,17760042
6.9922,4,6974436785,17760042
6.99474,0,6976977791,17760042
6.99726,3,6979500797,17760042
7.0001,7,7000077333,19512
7.00046,2,6982050803,18413048
7.00299,1,6984573809,18413048
7.00553,7,7000096845,5431018
7.00805,5,6987123815,20927054
7.01057,6,6989646821,20927054
7.01312,4,6992196827,20927054
7.01566,0,6994737833,20927054
7.01819,3,6997260839,20927054
7.02073,7,7005527863,15201036
7.02328,2,7000463851,22815054
7.0258,1,7002986857,22815054
7.02836,5,7008050869,20310048
7.03088,6,7010573875,20310048
7.03343,4,7013123881,20310048
7.03596,7,7020728899,15228036
7.03849,0,7015664887,22824054
7.04132,3,7018187893,23137054
7.04389,2,7023278905,20614048
7.04642,1,7025801911,20614048
7.04896,5,7028360917,20596048
7.05148,6,7030883923,20596048
7.05401,7,7035956935,18055042
7.05654,4,7033433929,23110054
7.0591,0,7038488941,20614048
7.06163,3,7041324947,20301048
7.06418,2,7043892953,20283048
7.0667,1,7046415959,20283048
7.06924,5,7048956965,20283048
7.07176,6,7051479971,20283048
7.07429,7,7054011977,20274048
7.07685,4,7056543983,20301048
7.07939,0,7059102989,20283048
7.08191,3,7061625995,20283048
7.08446,2,7064176001,20283048
7.08698,1,7066699007,20283048
7.08952,5,7069240013,20283048
7.09205,6,7071763019,20283048
7.09457,7,7074286025,20283048
7.09713,4,7076845031,20283048
7.09967,0,7079386037,20283048
7.10251,3,7081909043,20596048
7.10506,2,7084459049,20596048
7.10758,1,7086982055,20596048
7.11012,5,7089523061,20596048
7.11264,6,7092046067,20596048
7.11517,7,7094569073,20596048
7.11772,4,7097128079,20596048
7.12027,0,7099669085,20596048
7.12279,3,7102505091,20283048
7.12534,2,7105055097,20283048
7.12786,1,7107578103,20283048
7.1304,5,7110119109,20283048
7.13293,6,7112642115,20283048
7.13545,7,7115165121,20283048
7.13801,4,7117724127,20283048
7.14055,0,7120265133,20283048
7.14338,3,7122788139,20596048
7.14593,2,7125338145,20596048
7.14846,1,7127861151,20596048
7.151,5,7130402157,20596048
7.15352,6,7132925163,20596048
7.15604,7,7135448169,20596048
7.1586,4,7138007175,20596048
7.16114,0,7140548181,20596048
7.16367,3,7143384187,20283048
7.16622,2,7145934193,20283048
7.16874,1,7148457199,20283048
7.17128,5,7150998205,20283048
7.1738,6,7153521211,20283048
7.17633,7,7156044217,20283048
7.17889,4,7158603223,20283048
7.18143,0,7161144229,20283048
7.18395,3,7163667235,20283048
7.1865,2,7166217241,20283048
7.18902,1,7168740247,20283048
7.19156,5,7171281253,20283048
7.19409,6,7173804259,20283048
7.19661,7,7176327265,20283048
7.19917,4,7178886271,20283048
7.20171,0,7181427277,20283048
7.20455,3,7183950283,20596048
7.2071,2,7186500289,20596048
7.20962,1,7189023295,20596048
7.21216,5,7191564301,20596048
7.21468,6,7194087307,20596048
7.21721,7,7196610313,20596048
7.21977,4,7199169319,20596048
7.22231,0,7201710325,20596048
7.22483,3,7204546331,20283048
7.22738,2,7207096337,20283048
7.2299,1,7209619343,20283048
7.23244,5,7212160349,20283048
7.23497,6,7214683355,20283048
7.23749,7,7217206361,20283048
7.24005,4,7219765367,20283048
7.24259,0,7222306373,20283048
7.24511,3,7224829379,20283048
7.24798,2,7227379385,20596048
7.2505,1,7229902391,20596048
7.25304,5,7232443397,20596048
7.25556,6,7234966403,20596048
7.25809,7,7237489409,20596048
7.26064,4,7240048415,20596048
7.26319,0,7242589421,20596048
7.26571,3,7245112427,20596048
7.26826,2,7247975433,20283048
7.27078,1,7250498439,20283048
7.27332,5,7253039445,20283048
7.27585,6,7255562451,20283048
7.27837,7,7258085457,20283048
7.28093,4,7260644463,20283048
7.28347,0,7263185469,20283048
7.28599,3,7265708475,20283048
7.28854,2,7268258481,20283048
7.29106,1,7270781487,20283048
7.29361,5,7273322493,20283048
7.29613,6,7275845499,20283048
7.29865,7,7278368505,20283048
7.30121,4,7280927511,20283048
7.30375,0,7283468517,20283048
7.30659,3,7285991523,20596048
7.30914,2,7288541529,20596048
7.31166,1,7291064535,20596048
7.3142,5,7293605541,20596048
7.31672,6,7296128547,20596048
7.31925,7,7298651553,20596048
7.32181,4,7301210559,20596048
7.32435,0,7303751565,20596048
7.32687,3,7306587571,20283048
7.32942,2,7309137577,20283048
7.33194,1,7311660583,20283048
7.33448,5,7314201589,20283048
7.33701,6,7316724595,20283048
7.33953,7,7319247601,20283048
7.34209,4,7321806607,20283048
7.34463,0,7324347613,20283048
7.34715,3,7326870619,20283048
7.35002,2,7329420625,20596048
7.35254,1,7331943631,20596048
7.35508,5,7334484637,20596048
7.3576,6,7337007643,20596048
7.36013,7,7339530649,20596048
7.36269,4,7342089655,20596048
7.36523,0,7344630661,20596048
7.36775,3,7347153667,20596048
7.3703,2,7350016673,20283048
7.37282,1,7352539679,20283048
7.37536,5,7355080685,20283048
7.37789,6,7357603691,20283048
7.38041,7,7360126697,20283048
7.38297,4,7362685703,20283048
7.38551,0,7365226709,20283048
7.38803,3,7367749715,20283048
7.39058,2,7370299721,20283048
7.39311,1,7372822727,20283048
7.39565,5,7375363733,20283048
7.39817,6,7377886739,20283048
7.40069,7,7380409745,20283048
7.40325,4,7382968751,20283048
7.40579,0,7385509757,20283048
7.40832,3,7388032763,20283048
7.41118,2,7390582769,20596048
7.4137,1,7393105775,20596048
7.41624,5,7395646781,20596048
7.41877,6,7398169787,20596048
7.42129,7,7400692793,20596048
7.42385,4,7403251799,20596048
7.42639,0,7405792805,20596048
7.42891,3,7408315811,20596048
7.43146,2,7411178817,20283048
7.43398,1,7413701823,20283048
7.43653,5,7416242829,20283048
7.43905,6,7418765835,20283048
7.44157,7,7421288841,20283048
7.44413,4,7423847847,20283048
7.44667,0,7426388853,20283048
7.44919,3,7428911859,20283048
7.45206,2,7431461865,20596048
7.45458,1,7433984871,20596048
7.45712,5,7436525877,20596048
7.45964,6,7439048883,20596048
7.46217,7,7441571889,20596048
7.46473,4,7444130895,20596048
7.46727,0,7446671901,20596048
7.46979,3,7449194907,20596048
7.47234,2,7452057913,20283048
7.47486,1,7454580919,20283048
7.4774,5,7457121925,20283048
7.47993,6,7459644931,20283048
7.48245,7,7462167937,20283048
7.48501,4,7464726943,20283048
7.48755,0,7467267949,20283048
7.49007,3,7469790955,20283048
7.49262,2,7472340961,20283048
7.49515,1,7474863967,20283048
7.49769,5,7477404973,20283048
7.50021,6,7479927979,20283048
7.50273,7,7482450985,20283048
7.50529,4,7485009991,20283048
7.50783,0,7487550997,20283048
7.51036,3,7490074003,20283048
7.51322,2,7492624009,20596048
7.51574,1,7495147015,20596048
7.51828,5,7497688021,20596048
7.52081,6,7500211027,20596048
7.52333,7,7502734033,20596048
7.52589,4,7505293039,20596048
7.52843,0,7507834045,20596048
7.53095,3,7510357051,20596048
7.5335,2,7513220057,20283048
7.53603,1,7515743063,20283048
7.53857,5,7518284069,20283048
7.54109,6,7520807075,20283048
7.54361,7,7523330081,20283048
7.54617,4,7525889087,20283048
7.54871,0,7528430093,20283048
7.55124,3,7530953099,20283048
7.5541,2,7533503105,20596048
7.55662,1,7536026111,20596048
7.55916,5,7538567117,20596048
7.56169,6,7541090123,20596048
7.56421,7,7543613129,20596048
7.56677,4,7546172135,20596048
7.56931,0,7548713141,20596048
7.57183,3,7551236147,20596048
7.57438,2,7554099153,20283048
7.57691,1,7556622159,20283048
7.57945,5,7559163165,20283048
7.58197,6,7561686171,20283048
7.58449,7,7564209177,20283048
7.58705,4,7566768183,20283048
7.58959,0,7569309189,20283048
7.59212,3,7571832195,20283048
7.59467,2,7574382201,20283048
7.59719,1,7576905207,20283048
7.59973,5,7579446213,20283048
7.60225,6,7581969219,20283048
7.60478,7,7584492225,20283048
7.60733,4,7587051231,20283048
7.60988,0,7589592237,20283048
7.6124,3,7592115243,20283048
7.61526,2,7594665249,20596048
7.61778,1,7597188255,20596048
7.62033,5,7599729261,20596048
7.62285,6,7602252267,20596048
7.62537,7,7604775273,20596048
7.62793,4,7607334279,20596048
7.63047,0,7609875285,20596048
7.63299,3,7612398291,20596048
7.63554,2,7615261297,20283048
7.63807,1,7617784303,20283048
7.64061,5,7620325309,20283048
7.64313,6,7622848315,20283048
7.64565,7,7625371321,20283048
7.64821,4,7627930327,20283048
7.65075,0,7630471333,20283048
7.65328,3,7632994339,20283048
7.65614,2,7635544345,20596048
7.65866,1,7638067351,20596048
7.6612,5,7640608357,20596048
7.66373,6,7643131363,20596048
7.66625,7,7645654369,20596048
7.66881,4,7648213375,20596048
7.67135,0,7650754381,20596048
7.67387,3,7653277387,20596048
7.67642,2,7656140393,20283048
7.67895,1,7658663399,20283048
7.68149,5,7661204405,20283048
7.68401,6,7663727411,20283048
7.68653,7,7666250417,20283048
7.68909,4,7668809423,20283048
7.69163,0,7671350429,20283048
7.69416,3,7673873435,20283048
7.69671,2,7676423441,20283048
7.69923,1,7678946447,20283048
7.70177,5,7681487453,20283048
7.70429,6,7684010459,20283048
7.70682,7,7686533465,20283048
7.70938,4,7689092471,20283048
7.71192,0,7691633477,20283048
7.71444,3,7694156483,20283048
7.7173,2,7696706489,20596048
7.71983,1,7699229495,20596048
7.72237,5,7701770501,20596048
7.72489,6,7704293507,20596048
7.72741,7,7706816513,20596048
7.72997,4,7709375519,20596048
7.73251,0,7711916525,20596048
7.73504,3,7714439531,20596048
7.73759,2,7717302537,20283048
7.74011,1,7719825543,20283048
7.74265,5,7722366549,20283048
7.74517,6,7724889555,20283048
7.7477,7,7727412561,20283048
7.75025,4,7729971567,20283048
7.7528,0,7732512573,20283048
7.75532,3,7735035579,20283048
7.75818,2,7737585585,20596048
7.7607,1,7740108591,20596048
7.76325,5,7742649597,20596048
7.76577,6,7745172603,20596048
7.76829,7,7747695609,20596048
7.77085,4,7750254615,20596048
7.77339,0,7752795621,20596048
7.77591,3,7755318627,20596048
7.77846,2,7758181633,20283048
7.78099,1,7760704639,20283048
7.78353,5,7763245645,20283048
7.78605,6,7765768651,20283048
7.78857,7,7768291657,20283048
7.79113,4,7770850663,20283048
7.79367,0,7773391669,20283048
7.7962,3,7775914675,20283048
7.79875,2,7778464681,20283048
7.80127,1,7780987687,20283048
7.80381,5,7783528693,20283048
7.80633,6,7786051699,20283048
7.80886,7,7788574705,20283048
7.81142,4,7791133711,20283048
7.81396,0,7793674717,20283048
7.81648,3,7796197723,20283048
7.81934,2,7798747729,20596048
7.82187,1,7801270735,20596048
7.82441,5,7803811741,20596048
7.82693,6,7806334747,20596048
7.82945,7,7808857753,20596048
7.83201,4,7811416759,20596048
7.83455,0,7813957765,20596048
7.83708,3,7816480771,20596048
7.83963,2,7819343777,20283048
7.84215,1,7821866783,20283048
7.84469,5,7824407789,20283048
7.84721,6,7826930795,20283048
7.84974,7,7829453801,20283048
7.8523,4,7832012807,20283048
7.85484,0,7834553813,20283048
7.85736,3,7837076819,20283048
7.86022,2,7839626825,20596048
7.86275,1,7842149831,20596048
7.86529,5,7844690837,20596048
7.86781,6,7847213843,20596048
7.87033,7,7849736849,20596048
7.87289,4,7852295855,20596048
7.87543,0,7854836861,20596048
7.87796,3,7857359867,20596048
7.88051,2,7860222873,20283048
7.88303,1,7862745879,20283048
7.88557,5,7865286885,20283048
7.88809,6,7867809891,20283048
7.89062,7,7870332897,20283048
7.89317,4,7872891903,20283048
7.89572,0,7875432909,20283048
7.89824,3,7877955915,20283048
7.90079,2,7880505921,20283048
7.90331,1,7883028927,20283048
7.90585,5,7885569933,20283048
7.90838,6,7888092939,20283048
7.9109,7,7890615945,20283048
7.91346,4,7893174951,20283048
7.916,0,7895715957,20283048
7.91852,3,7898238963,20283048
7.92139,2,7900788969,20596048
7.92391,1,7903311975,20596048
7.92645,5,7905852981,20596048
7.92897,6,7908375987,20596048
7.9315,7,7910898993,20596048
7.93405,4,7913457999,20596048
7.9366,0,7915999005,20596048
7.93912,3,7918522011,20596048
7.94167,2,7921385017,20283048
7.94419,1,7923908023,20283048
7.94673,5,7926449029,20283048
7.94926,6,7928972035,20283048
7.95178,7,7931495041,20283048
7.95434,4,7934054047,20283048
7.95688,0,7936595053,20283048
7.9594,3,7939118059,20283048
7.96195,2,7941668065,20283048
7.96479,1,7944191071,20596048
7.96733,5,7946732077,20596048
7.96985,6,7949255083,20596048
7.97237,7,7951778089,20596048
7.97493,4,7954337095,20596048
7.97747,0,7956878101,20596048
7.98,3,7959401107,20596048
7.98255,2,7961951113,20596048
7.98507,1,7964787119,20283048
7.98761,5,7967328125,20283048
7.99013,6,7969851131,20283048
7.99266,7,7972374137,20283048
7.99522,4,7974933143,20283048
7.99776,0,7977474149,20283048
8.00028,3,7979997155,20283048
8.00283,2,7982547161,20283048
8.00535,1,7985070167,20283048
8.01036,6,7990134179,20227042
8.01288,7,7992657185,20227042
8.01544,4,7995216191,20227042
8.01798,0,7997757197,20227042
8.02051,3,8000280203,20227042
8.02335,8,8007894221,15458030
8.02371,2,8002830209,20880048
8.02623,1,8005353215,20880048
8.02877,5,7987611173,41163096
8.0313,6,8010361221,20936054
8.03382,7,8012884227,20936054
8.03634,8,8023352251,12991036
8.03889,4,8015443233,23450060
8.04143,0,8017984239,23450060
8.04396,3,8020507245,23450060
8.04653,2,8023710257,22824054
8.04906,1,8026233263,22824054
8.05159,8,8036343287,15246036
8.05411,5,8028774269,25338060
8.05664,6,8031297275,25338060
8.05916,7,8033820281,25338060
8.06174,4,8038893293,22842054
8.06428,0,8041434299,22842054
8.06711,3,8043957305,23155054
8.06964,8,8051589323,18055042
8.07218,2,8046534311,25642060
8.0747,1,8049057317,25642060
8.07725,5,8054112329,23137054
8.07977,6,8056635335,23137054
8.0823,7,8059158341,23137054
8.08486,4,8061735347,23128054
8.08987,3,8067112359,22759048
8.09243,2,8072176371,20254042
8.09495,1,8074699377,20254042
8.09749,5,8077249383,20245042
8.10002,6,8079772389,20245042
8.10254,7,8082295395,20245042
8.10759,0,8064276353,43317090
8.11012,3,8089871407,20245042
8.11266,2,8092430413,20227042
8.11518,1,8094953419,20227042
8.11772,5,8097494425,20227042
8.12024,6,8100017431,20227042
8.12277,7,8102540437,20227042
8.12564,8,8069644365,55995120
8.12816,4,8084863401,43299090
8.1307,0,8107593443,23110054
8.13323,3,8110116449,23110054
8.13577,2,8112657455,23110054
8.13829,1,8115180461,23110054
8.14083,5,8117721467,23110054
8.14335,6,8120244473,23110054
8.14588,7,8122767479,23110054
8.14844,8,8125639485,22797054
8.15098,4,8128162491,22815054
8.15352,0,8130703497,22815054
8.15604,3,8133226503,22815054
8.15858,2,8135767509,22815054
8.16111,1,8138290515,22815054
8.16365,5,8140831521,22815054
8.16617,6,8143354527,22815054
8.16901,7,8145877533,23128054
8.17156,8,8148436539,23128054
8.17411,4,8150977545,23128054
8.17665,0,8153518551,23128054
8.17917,3,8156041557,23128054
8.18171,2,8158582563,23128054
8.18423,1,8161105569,23128054
8.18677,5,8163646575,23128054
8.1893,6,8166169581,23128054
8.19182,7,8169005587,22815054
8.19438,8,8171564593,22815054
8.19692,4,8174105599,22815054
8.19946,0,8176646605,22815054
8.20198,3,8179169611,22815054
8.20453,2,8181710617,22815054
8.20705,1,8184233623,22815054
8.20959,5,8186774629,22815054
8.21211,6,8189297635,22815054
8.21464,7,8191820641,22815054
8.21719,8,8194379647,22815054
8.21974,4,8196920653,22815054
8.22228,0,8199461659,22815054
8.2248,3,8201984665,22815054
8.22734,2,8204525671,22815054
8.23018,1,8207048677,23128054
8.23272,5,8209589683,23128054
8.23524,6,8212112689,23128054
8.23776,7,8214635695,23128054
8.24032,8,8217194701,23128054
8.24286,4,8219735707,23128054
8.2454,0,8222276713,23128054
8.24793,3,8224799719,23128054
8.25047,2,8227340725,23128054
8.25299,1,8230176731,22815054
8.25553,5,8232717737,22815054
8.25806,6,8235240743,22815054
8.26058,7,8237763749,22815054
8.26314,8,8240322755,22815054
8.26568,4,8242863761,22815054
8.26822,0,8245404767,22815054
8.27106,3,8247927773,23128054
8.2736,2,8250468779,23128054
8.27612,1,8252991785,23128054
8.27866,5,8255532791,23128054
8.28118,6,8258055797,23128054
8.28371,7,8260578803,23128054
8.28627,8,8263137809,23128054
8.28881,4,8265678815,23128054
8.29135,0,8268219821,23128054
8.29387,3,8271055827,22815054
8.29641,2,8273596833,22815054
8.29893,1,8276119839,22815054
8.30148,5,8278660845,22815054
8.304,6,8281183851,22815054
8.30652,7,8283706857,22815054
8.30908,8,8286265863,22815054
8.31162,4,8288806869,22815054
8.31416,0,8291347875,22815054
8.31669,3,8293870881,22815054
8.31923,2,8296411887,22815054
8.32175,1,8298934893,22815054
8.32429,5,8301475899,22815054
8.32681,6,8303998905,22815054
8.32934,7,8306521911,22815054
8.33221,8,8309080917,23128054
8.33475,4,8311621923,23128054
8.33729,0,8314162929,23128054
8.33981,3,8316685935,23128054
8.34235,2,8319226941,23128054
8.34488,1,8321749947,23128054
8.34742,5,8324290953,23128054
8.34994,6,8326813959,23128054
8.35247,7,8329336965,23128054
8.35502,8,8332208971,22815054
8.35757,4,8334749977,22815054
8.36011,0,8337290983,22815054
8.36263,3,8339813989,22815054
8.36517,2,8342354995,22815054
8.36769,1,8344878001,22815054
8.37023,5,8347419007,22815054
8.37307,6,8349942013,23128054
8.37559,7,8352465019,23128054
8.37815,8,8355024025,23128054
8.38069,4,8357565031,23128054
8.38323,0,8360106037,23128054
8.38576,3,8362629043,23128054
8.3883,2,8365170049,23128054
8.39082,1,8367693055,23128054
8.39336,5,8370234061,23128054
8.39589,6,8373070067,22815054
8.39841,7,8375593073,22815054
8.40097,8,8378152079,22815054
8.40351,4,8380693085,22815054
8.40605,0,8383234091,22815054
8.40857,3,8385757097,22815054
8.41111,2,8388298103,22815054
8.41364,1,8390821109,22815054
8.41618,5,8393362115,22815054
8.4187,6,8395885121,22815054
8.42122,7,8398408127,22815054
8.42378,8,8400967133,22815054
8.42632,4,8403508139,22815054
8.42886,0,8406049145,22815054
8.43139,3,8408572151,22815054
8.43424,2,8411113157,23128054
8.43676,1,8413636163,23128054
8.43931,5,8416177169,23128054
8.44183,6,8418700175,23128054
8.44435,7,8421223181,23128054
8.44691,8,8423782187,23128054
8.44945,4,8426323193,23128054
8.45199,0,8428864199,23128054
8.45452,3,8431387205,23128054
8.45706,2,8434241211,22815054
8.45958,1,8436764217,22815054
8.46212,5,8439305223,22815054
8.46464,6,8441828229,22815054
8.46717,7,8444351235,22815054
8.46973,8,8446910241,22815054
8.47227,4,8449451247,22815054
8.47512,0,8451992253,23128054
8.47764,3,8454515259,23128054
8.48018,2,8457056265,23128054
8.48271,1,8459579271,23128054
8.48525,5,8462120277,23128054
8.48777,6,8464643283,23128054
8.49029,7,8467166289,23128054
8.49285,8,8469725295,23128054
8.49539,4,8472266301,23128054
8.49794,0,8475120307,22815054
8.50046,3,8477643313,22815054
8.503,2,8480184319,22815054
8.50552,1,8482707325,22815054
8.50806,5,8485248331,22815054
8.51059,6,8487771337,22815054
8.51311,7,8490294343,22815054
8.51567,8,8492853349,22815054
8.51821,4,8495394355,22815054
8.52075,0,8497935361,22815054
8.52327,3,8500458367,22815054
8.52581,2,8502999373,22815054
8.52834,1,8505522379,22815054
8.53088,5,8508063385,22815054
8.5334,6,8510586391,22815054
8.53624,7,8513109397,23128054
8.5388,8,8515668403,23128054
8.54134,4,8518209409,23128054
8.54388,0,8520750415,23128054
8.5464,3,8523273421,23128054
8.54894,2,8525814427,23128054
8.55147,1,8528337433,23128054
8.55401,5,8530878439,23128054
8.55653,6,8533401445,23128054
8.55905,7,8536237451,22815054
8.56161,8,8538796457,22815054
8.56415,4,8541337463,22815054
8.56669,0,8543878469,22815054
8.56922,3,8546401475,22815054
8.57176,2,8548942481,22815054
8.57428,1,8551465487,22815054
8.57713,5,8554006493,23128054
8.57966,6,8556529499,23128054
8.58218,7,8559052505,23128054
8.58474,8,8561611511,23128054
8.58728,4,8564152517,23128054
8.58982,0,8566693523,23128054
8.59234,3,8569216529,23128054
8.59489,2,8571757535,23128054
8.59741,1,8574280541,23128054
8.59995,5,8577134547,22815054
8.60247,6,8579657553,22815054
8.605,7,8582180559,22815054
8.60755,8,8584739565,22815054
8.6101,4,8587280571,22815054
8.61264,0,8589821577,22815054
8.61516,3,8592344583,22815054
8.6177,2,8594885589,22815054
8.62022,1,8597408595,22815054
8.62276,5,8599949601,22815054
8.62529,6,8602472607,22815054
8.62781,7,8604995613,22815054
8.63037,8,8607554619,22815054
8.63291,4,8610095625,22815054
8.63545,0,8612636631,22815054
8.63829,3,8615159637,23128054
8.64083,2,8617700643,23128054
8.64335,1,8620223649,23128054
8.64589,5,8622764655,23128054
8.64842,6,8625287661,23128054
8.65094,7,8627810667,23128054
8.6535,8,8630369673,23128054
8.65604,4,8632910679,23128054
8.65858,0,8635451685,23128054
8.6611,3,8638287691,22815054
8.66364,2,8640828697,22815054
8.66617,1,8643351703,22815054
8.66871,5,8645892709,22815054
8.67123,6,8648415715,22815054
8.67375,7,8650938721,22815054
8.67631,8,8653497727,22815054
8.67885,4,8656038733,22815054
8.68171,0,8658579739,23128054
8.68423,3,8661102745,23128054
8.68677,2,8663643751,23128054
8.68929,1,8666166757,23128054
8.69184,5,8668707763,23128054
8.69436,6,8671230769,23128054
8.69688,7,8673753775,23128054
8.69944,8,8676312781,23128054
8.70198,4,8678853787,23128054
8.70452,0,8681707793,22815054
8.70705,3,8684230799,22815054
8.70959,2,8686771805,22815054
8.71211,1,8689294811,22815054
8.71465,5,8691835817,22815054
8.71717,6,8694358823,22815054
8.7197,7,8696881829,22815054
8.72226,8,8699440835,22815054
8.7248,4,8701981841,22815054
8.72734,0,8704522847,22815054
8.72986,3,8707045853,22815054
8.7324,2,8709586859,22815054
8.73492,1,8712109865,22815054
8.73747,5,8714650871,22815054
8.7403,6,8717173877,23128054
8.74282,7,8719696883,23128054
8.74538,8,8722255889,23128054
8.74792,4,8724796895,23128054
8.75047,0,8727337901,23128054
8.75299,3,8729860907,23128054
8.75553,2,8732401913,23128054
8.75805,1,8734924919,23128054
8.76059,5,8737465925,23128054
8.76312,6,8740301931,22815054
8.76564,7,8742824937,22815054
8.7682,8,8745383943,22815054
8.77074,4,8747924949,22815054
8.77328,0,8750465955,22815054
8.7758,3,8752988961,22815054
8.77835,2,8755529967,22815054
8.78087,1,8758052973,22815054
8.78372,5,8760593979,23128054
8.78625,6,8763116985,23128054
8.78877,7,8765639991,23128054
8.79133,8,8768198997,23128054
8.79387,4,8770740003,23128054
8.79641,0,8773281009,23128054
8.79893,3,8775804015,23128054
8.80147,2,8778345021,23128054
8.804,1,8780868027,23128054
8.80654,5,8783722033,22815054
8.80906,6,8786245039,22815054
8.81158,7,8788768045,22815054
8.81414,8,8791327051,22815054
8.81668,4,8793868057,22815054
8.81922,0,8796409063,22815054
8.82175,3,8798932069,22815054
8.82429,2,8801473075,22815054
8.82681,1,8803996081,22815054
8.82935,5,8806537087,22815054
8.83188,6,8809060093,22815054
8.8344,7,8811583099,22815054
8.83696,8,8814142105,22815054
8.8395,4,8816683111,22815054
8.84235,0,8819224117,23128054
8.84488,3,8821747123,23128054
8.84742,2,8824288129,23128054
8.84994,1,8826811135,23128054
8.85248,5,8829352141,23128054
8.855,6,8831875147,23128054
8.85753,7,8834398153,23128054
8.86009,8,8836957159,23128054
8.86263,4,8839498165,23128054
8.86517,0,8842352171,22815054
8.86769,3,8844875177,22815054
8.87023,2,8847416183,22815054
8.87275,1,8849939189,22815054
8.8753,5,8852480195,22815054
8.87782,6,8855003201,22815054
8.88034,7,8857526207,22815054
8.8829,8,8860085213,22815054
8.88575,4,8862626219,23128054
8.8883,0,8865167225,23128054
8.89082,3,8867690231,23128054
8.89336,2,8870231237,23128054
8.89588,1,8872754243,23128054
8.89842,5,8875295249,23128054
8.90095,6,8877818255,23128054
8.90347,7,8880341261,23128054
8.90603,8,8882900267,23128054
8.90857,4,8885754273,22815054
8.91111,0,8888295279,22815054
8.91363,3,8890818285,22815054
8.91617,2,8893359291,22815054
8.9187,1,8895882297,22815054
8.92124,5,8898423303,22815054
8.92376,6,8900946309,22815054
8.92628,7,8903469315,22815054
8.92884,8,8906028321,22815054
8.93138,4,8908569327,22815054
8.93393,0,8911110333,22815054
8.93645,3,8913633339,22815054
8.93899,2,8916174345,22815054
8.94151,1,8918697351,22815054
8.94405,5,8921238357,22815054
8.94689,6,8923761363,23128054
8.94941,7,8926284369,23128054
8.95197,8,8928843375,23128054
8.95451,4,8931384381,23128054
8.95705,0,8933925387,23128054
8.95958,3,8936448393,23128054
8.96212,2,8938989399,23128054
8.96464,1,8941512405,23128054
8.96718,5,8944053411,23128054
8.9697,6,8946889417,22815054
8.97223,7,8949412423,22815054
8.97479,8,8951971429,22815054
8.97733,4,8954512435,22815054
8.97987,0,8957053441,22815054
8.98239,3,8959576447,22815054
8.98493,2,8962117453,22815054
8.98777,1,8964640459,23128054
8.99031,5,8967181465,23128054
8.99283,6,8969704471,23128054
8.99536,7,8972227477,23128054
8.99791,8,8974786483,23128054
9.00046,4,8977327489,23128054
9.003,0,8979868495,23128054
9.00552,3,8982391501,23128054
9.00806,2,8984932507,23128054
9.01058,1,8987768513,22815054
9.01312,5,8990309519,22815054
9.01565,6,8992832525,22815054
9.02067,8,8997914537,22759048
9.02321,4,9000455543,22759048
9.02576,0,9002996549,22759048
9.02828,3,9005519555,22759048
9.03082,2,9008060561,22759048
9.03334,1,9010583567,22759048
9.03835,6,9015647579,22703042
9.04087,7,8995355531,45518096
9.04343,8,9020673585,22759048
9.04597,4,9023214591,22759048
9.04883,0,9025755597,23072048
9.05135,3,9028278603,23072048
9.05389,2,9030819609,23072048
9.05888,9,9018170585,40711078
9.05924,5,9013124573,46115096
9.06176,6,9038350621,23412054
9.06429,7,9040873627,23412054
9.06684,8,9043432633,23412054
9.06939,4,9045973639,23412054
9.07193,0,9048827645,23099054
9.07693,2,9053891657,23043048
9.07946,1,9033342615,46115096
9.08203,5,9059239669,22786048
9.08455,6,9061762675,22786048
9.08707,7,9064285681,22786048
9.08994,8,9066844687,23099048
9.09248,9,9058881663,33594078
9.095,4,9069385693,25613054
9.09754,0,9071926699,25613054
9.10006,3,9051350651,48712108
9.1026,2,9076934705,25669060
9.10513,1,9079457711,25669060
9.10767,5,9082025717,25642060
9.11019,6,9084548723,25642060
9.11271,7,9087071729,25642060
9.11526,9,9092475741,22788054
9.11779,8,9089943735,27843066
9.12034,4,9094998747,25338060
9.12288,0,9097539753,25338060
9.1254,3,9100062759,25338060
9.12794,2,9102603765,25338060
9.13046,1,9105126771,25338060
9.13301,5,9107667777,25338060
9.13553,6,9110190783,25338060
9.13805,7,9112713789,25338060
9.14059,9,9115263795,25329060
9.14314,8,9117786801,25356060
9.14567,4,9120336807,25338060
9.14822,0,9122877813,25338060
9.15105,3,9125400819,25651060
9.15359,2,9127941825,25651060
9.15612,1,9130464831,25651060
9.15866,5,9133005837,25651060
9.16118,6,9135528843,25651060
9.1637,7,9138051849,25651060
9.16624,9,9140592855,25651060
9.16879,8,9143142861,25651060
9.17133,4,9145674867,25651060
9.17387,0,9148215873,25651060
9.17639,3,9151051879,25338060
9.17893,2,9153592885,25338060
9.18145,1,9156115891,25338060
9.18399,5,9158656897,25338060
9.18652,6,9161179903,25338060
9.18904,7,9163702909,25338060
9.19189,9,9166243915,25651060
9.19444,8,9168793921,25651060
9.19698,4,9171325927,25651060
9.19952,0,9173866933,25651060
9.20204,3,9176389939,25651060
9.20458,2,9178930945,25651060
9.20711,1,9181453951,25651060
9.20965,5,9183994957,25651060
9.21217,6,9186517963,25651060
9.21469,7,9189040969,25651060
9.21723,9,9191894975,25338060
9.21978,8,9194444981,25338060
9.22232,4,9196976987,25338060
9.22486,0,9199517993,25338060
9.22738,3,9202040999,25338060
9.22992,2,9204582005,25338060
9.23244,1,9207105011,25338060
9.23498,5,9209646017,25338060
9.23751,6,9212169023,25338060
9.24003,7,9214692029,25338060
9.24257,9,9217233035,25338060
9.24512,8,9219783041,25338060
9.24765,4,9222315047,25338060
9.25019,0,9224856053,25338060
9.25303,3,9227379059,25651060
9.25557,2,9229920065,25651060
9.25809,1,9232443071,25651060
9.26064,5,9234984077,25651060
9.26316,6,9237507083,25651060
9.26568,7,9240030089,25651060
9.26822,9,9242571095,25651060
9.27077,8,9245121101,25651060
9.2733,4,9247653107,25651060
9.27585,0,9250194113,25651060
9.27837,3,9253030119,25338060
9.28091,2,9255571125,25338060
9.28343,1,9258094131,25338060
9.28597,5,9260635137,25338060
9.2885,6,9263158143,25338060
9.29102,7,9265681149,25338060
9.29387,9,9268222155,25651060
9.29642,8,9270772161,25651060
9.29896,4,9273304167,25651060
9.3015,0,9275845173,25651060
9.30402,3,9278368179,25651060
9.30656,2,9280909185,25651060
9.30908,1,9283432191,25651060
9.31162,5,9285973197,25651060
9.31415,6,9288496203,25651060
9.31667,7,9291019209,25651060
9.31921,9,9293873215,25338060
9.32176,8,9296423221,25338060
9.32429,4,9298955227,25338060
9.32683,0,9301496233,25338060
9.32936,3,9304019239,25338060
9.3319,2,9306560245,25338060
9.33442,1,9309083251,25338060
9.33696,5,9311624257,25338060
9.33949,6,9314147263,25338060
9.34201,7,9316670269,25338060
9.34455,9,9319211275,25338060
9.3471,8,9321761281,25338060
9.34963,4,9324293287,25338060
9.35217,0,9326834293,25338060
9.35501,3,9329357299,25651060
9.35755,2,9331898305,25651060
9.36007,1,9334421311,25651060
9.36261,5,9336962317,25651060
9.36514,6,9339485323,25651060
9.36766,7,9342008329,25651060
9.3702,9,9344549335,25651060
9.37275,8,9347099341,25651060
9.37528,4,9349631347,25651060
9.37782,0,9352172353,25651060
9.38035,3,9355008359,25338060
9.38289,2,9357549365,25338060
9.38541,1,9360072371,25338060
9.38795,5,9362613377,25338060
9.39047,6,9365136383,25338060
9.393,7,9367659389,25338060
9.39554,9,9370200395,25338060
9.3984,8,9372750401,25651060
9.40093,4,9375282407,25651060
9.40347,0,9377823413,25651060
9.406,3,9380346419,25651060
9.40854,2,9382887425,25651060
9.41106,1,9385410431,25651060
9.4136,5,9387951437,25651060
9.41613,6,9390474443,25651060
9.41865,7,9392997449,25651060
9.42119,9,9395538455,25651060
9.42374,8,9398401461,25338060
9.42627,4,9400933467,25338060
9.42881,0,9403474473,25338060
9.43134,3,9405997479,25338060
9.43388,2,9408538485,25338060
9.4364,1,9411061491,25338060
9.43894,5,9413602497,25338060
9.44146,6,9416125503,25338060
9.44399,7,9418648509,25338060
9.44653,9,9421189515,25338060
9.44908,8,9423739521,25338060
9.45161,4,9426271527,25338060
9.45415,0,9428812533,25338060
9.45699,3,9431335539,25651060
9.45953,2,9433876545,25651060
9.46205,1,9436399551,25651060
9.46459,5,9438940557,25651060
9.46711,6,9441463563,25651060
9.46964,7,9443986569,25651060
9.47218,9,9446527575,25651060
9.47473,8,9449077581,25651060
9.47726,4,9451609587,25651060
9.4798,0,9454150593,25651060
9.48232,3,9456986599,25338060
9.48487,2,9459527605,25338060
9.48739,1,9462050611,25338060
9.48993,5,9464591617,25338060
9.49245,6,9467114623,25338060
9.49498,7,9469637629,25338060
9.49752,9,9472178635,25338060
9.50038,8,9474728641,25651060
9.50291,4,9477260647,25651060
9.50545,0,9479801653,25651060
9.50798,3,9482324659,25651060
9.51052,2,9484865665,25651060
9.51304,1,9487388671,25651060
9.51558,5,9489929677,25651060
9.5181,6,9492452683,25651060
9.52063,7,9494975689,25651060
9.52317,9,9497516695,25651060
9.52572,8,9500379701,25338060
9.52825,4,9502911707,25338060
9.53079,0,9505452713,25338060
9.53331,3,9507975719,25338060
9.53585,2,9510516725,25338060
9.53838,1,9513039731,25338060
9.54092,5,9515580737,25338060
9.54344,6,9518103743,25338060
9.54596,7,9520626749,25338060
9.54851,9,9523167755,25338060
9.55106,8,9525717761,25338060
9.55359,4,9528249767,25338060
9.55613,0,9530790773,25338060
9.55865,3,9533313779,25338060
9.56151,2,9535854785,25651060
9.56403,1,9538377791,25651060
9.56657,5,9540918797,25651060
9.56909,6,9543441803,25651060
9.57162,7,9545964809,25651060
9.57416,9,9548505815,25651060
9.57671,8,9551055821,25651060
9.57924,4,9553587827,25651060
9.58178,0,9556128833,25651060
9.5843,3,9558651839,25651060
9.58684,2,9561505845,25338060
9.58937,1,9564028851,25338060
9.59191,5,9566569857,25338060
9.59443,6,9569092863,25338060
9.59695,7,9571615869,25338060
9.59949,9,9574156875,25338060
9.60236,8,9576706881,25651060
9.60489,4,9579238887,25651060
9.60743,0,9581779893,25651060
9.60995,3,9584302899,25651060
9.61249,2,9586843905,25651060
9.61502,1,9589366911,25651060
9.61756,5,9591907917,25651060
9.62008,6,9594430923,25651060
9.6226,7,9596953929,25651060
9.62515,9,9599494935,25651060
9.6277,8,9602357941,25338060
9.63023,4,9604889947,25338060
9.63277,0,9607430953,25338060
9.63529,3,9609953959,25338060
9.63783,2,9612494965,25338060
9.64036,1,9615017971,25338060
9.6429,5,9617558977,25338060
9.64542,6,9620081983,25338060
9.64794,7,9622604989,25338060
9.65048,9,9625145995,25338060
9.65303,8,9627696001,25338060
9.65557,4,9630228007,25338060
9.65811,0,9632769013,25338060
9.66063,3,9635292019,25338060
9.66348,2,9637833025,25651060
9.66601,1,9640356031,25651060
9.66855,5,9642897037,25651060
9.67107,6,9645420043,25651060
9.67359,7,9647943049,25651060
9.67614,9,9650484055,25651060
9.67869,8,9653034061,25651060
9.68122,4,9655566067,25651060
9.68376,0,9658107073,25651060
9.68628,3,9660630079,25651060
9.68882,2,9663484085,25338060
9.69135,1,9666007091,25338060
9.69389,5,9668548097,25338060
9.69641,6,9671071103,25338060
9.69893,7,9673594109,25338060
9.70147,9,9676135115,25338060
9.70434,8,9678685121,25651060
9.70687,4,9681217127,25651060
9.70941,0,9683758133,25651060
9.71193,3,9686281139,25651060
9.71447,2,9688822145,25651060
9.717,1,9691345151,25651060
9.71954,5,9693886157,25651060
9.72206,6,9696409163,25651060
9.72458,7,9698932169,25651060
9.72712,9,9701473175,25651060
9.72967,8,9704336181,25338060
9.73221,4,9706868187,25338060
9.73475,0,9709409193,25338060
9.73727,3,9711932199,25338060
9.73981,2,9714473205,25338060
9.74233,1,9716996211,25338060
9.74488,5,9719537217,25338060
9.7474,6,9722060223,25338060
9.74992,7,9724583229,25338060
9.75246,9,9727124235,25338060
9.75501,8,9729674241,25338060
9.75754,4,9732206247,25338060
9.76009,0,9734747253,25338060
9.76261,3,9737270259,25338060
9.76546,2,9739811265,25651060
9.76799,1,9742334271,25651060
9.77053,5,9744875277,25651060
9.77305,6,9747398283,25651060
9.77557,7,9749921289,25651060
9.77811,9,9752462295,25651060
9.78066,8,9755012301,25651060
9.7832,4,9757544307,25651060
9.78574,0,9760085313,25651060
9.78826,3,9762608319,25651060
9.7908,2,9765462325,25338060
9.79332,1,9767985331,25338060
9.79586,5,9770526337,25338060
9.79839,6,9773049343,25338060
9.80091,7,9775572349,25338060
9.80345,9,9778113355,25338060
9.80631,8,9780663361,25651060
9.80885,4,9783195367,25651060
9.81139,0,9785736373,25651060
9.81391,3,9788259379,25651060
9.81645,2,9790800385,25651060
9.81897,1,9793323391,25651060
9.82152,5,9795864397,25651060
9.82404,6,9798387403,25651060
9.82656,7,9800910409,25651060
9.8291,9,9803451415,25651060
9.83165,8,9806314421,25338060
9.83418,4,9808846427,25338060
9.83673,0,9811387433,25338060
9.83925,3,9813910439,25338060
9.84179,2,9816451445,25338060
9.84431,1,9818974451,25338060
9.84685,5,9821515457,25338060
9.84938,6,9824038463,25338060
9.8519,7,9826561469,25338060
9.85444,9,9829102475,25338060
9.85699,8,9831652481,25338060
9.85952,4,9834184487,25338060
9.86206,0,9836725493,25338060
9.86459,3,9839248499,25338060
9.86744,2,9841789505,25651060
9.86996,1,9844312511,25651060
9.8725,5,9846853517,25651060
9.87503,6,9849376523,25651060
9.87755,7,9851899529,25651060
9.88009,9,9854440535,25651060
9.88264,8,9856990541,25651060
9.88517,4,9859522547,25651060
9.88771,0,9862063553,25651060
9.89024,3,9864586559,25651060
9.89278,2,9867440565,25338060
9.8953,1,9869963571,25338060
9.89784,5,9872504577,25338060
9.90037,6,9875027583,25338060
9.90289,7,9877550589,25338060
9.90543,9,9880091595,25338060
9.90829,8,9882641601,25651060
9.91082,4,9885173607,25651060
9.91337,0,9887714613,25651060
9.91589,3,9890237619,25651060
9.91843,2,9892778625,25651060
9.92095,1,9895301631,25651060
9.92349,5,9897842637,25651060
9.92602,6,9900365643,25651060
9.92854,7,9902888649,25651060
9.93108,9,9905429655,25651060
9.93363,8,9908292661,25338060
9.93616,4,9910824667,25338060
9.9387,0,9913365673,25338060
9.94123,3,9915888679,25338060
9.94377,2,9918429685,25338060
9.94629,1,9920952691,25338060
9.94883,5,9923493697,25338060
9.95135,6,9926016703,25338060
9.95388,7,9928539709,25338060
9.95642,9,9931080715,25338060
9.95897,8,9933630721,25338060
9.9615,4,9936162727,25338060
9.96404,0,9938703733,25338060
9.96656,3,9941226739,25338060
9.96942,2,9943767745,25651060
9.97194,1,9946290751,25651060
9.97448,5,9948831757,25651060
9.97701,6,9951354763,25651060
9.97953,7,9953877769,25651060
9.98207,9,9956418775,25651060
9.98462,8,9958968781,25651060
9.98715,4,9961500787,25651060
9.98969,0,9964041793,25651060
9.99222,3,9966564799,25651060
9.99476,2,9969418805,25338060
9.99728,1,9971941811,25338060
9.99982,5,9974482817,25338060
10.0023,6,9977005823,25338060
10.0049,7,9979528829,25338060
10.0074,9,9982069835,25338060
10.01,8,9984619841,25338060
10.0128,4,9987151847,25651060
10.0153,0,9989692853,25651060
10.0179,3,9992215859,25651060
10.0204,10,10000077333,20312592
10.0207,2,9994756865,25991066
10.0233,1,9997279871,25991066
10.0258,5,9999820877,25991066
10.0283,6,10002343883,25991066
10.0309,7,10004866889,25991066
10.0334,9,10007407895,25991066
10.0384,4,10012802907,25622060
10.041,0,10015343913,25622060
10.0435,3,10017866919,25622060
10.0461,2,10020747931,25309054
10.0486,1,10023270937,25309054
10.0511,5,10025811943,25309054
10.0536,6,10028334949,25309054
10.0562,7,10030857955,25309054
10.0587,10,10020389925,38300090
10.0612,9,10033398961,27823060
10.0638,8,10009957901,53814126
10.0663,4,10038424967,27879066
10.0688,0,10040965973,27879066
10.0717,3,10043488979,28192066
10.0742,2,10046056985,28165066
10.0767,1,10048579991,28165066
10.0793,5,10051120997,28165066
10.0818,6,10053644003,28165066
10.0868,9,10061222021,25613054
10.0894,8,10063772027,25613054
10.0919,4,10066304033,25613054
10.0945,0,10068845039,25613054
10.097,3,10071681045,25300054
10.0995,2,10074222051,25300054
10.102,1,10076745057,25300054
10.1071,6,10081809069,25244048
10.1096,7,10056167009,53409114
10.1121,9,10086835075,25282054
10.115,8,10089385081,25595054
10.1175,4,10091917087,25595054
10.1201,0,10094458093,25595054
10.1226,3,10096981099,25595054
10.1251,2,10099522105,25595054
10.1301,5,10079286063,50839102
10.1326,6,10107053117,25595054
10.1352,7,10109576123,25595054
10.1377,10,10058690015,79004168
10.1402,9,10112117129,28109060
10.1428,8,10114980135,27796060
10.1453,4,10117512141,27796060
10.1478,0,10120053147,27796060
10.1504,3,10122576153,27796060
10.1529,2,10125117159,27796060
10.1554,1,10102045111,53391114
10.158,5,10130125165,27852066
10.1605,6,10132648171,27852066
10.1655,9,10140226189,25300054
10.1681,8,10142776195,25300054
10.1706,4,10145308201,25300054
10.1735,0,10147849207,25625796
10.176,3,10150372213,25625796
10.1785,2,10152913219,25625796
10.1811,1,10155436225,25625796
10.1861,6,10160500237,25569790
10.1886,7,10135171177,53421856
10.1911,9,10165526243,25607796
10.1937,8,10168076249,25607796
10.1962,4,10170608255,25607796
10.1988,0,10173475003,25300054
10.2013,3,10175998009,25300054
10.2038,2,10178539015,25300054
10.2088,5,10157977231,50869844
10.2138,7,10188593033,25244048
10.2167,10,10137694183,78978904
10.2192,9,10191134039,28071054
10.2218,8,10193684045,28071054
10.2243,4,10196216051,28071054
10.2268,0,10198775057,28053054
10.2294,3,10201298063,28053054
10.2319,2,10203839069,28053054
10.2344,1,10181062021,53353108
10.237,5,10208847075,28109060
10.2395,6,10186070027,53409114
10.2445,9,10219205093,25300054
10.2471,8,10221755099,25300054
10.2496,4,10224287105,25300054
10.2521,0,10226828111,25300054
10.2547,3,10229351117,25300054
10.2572,2,10231892123,25300054
10.2597,1,10234415129,25300054
10.2647,6,10239479141,25244048
10.2672,7,10213837081,53409114
10.2698,9,10244505147,25282054
10.2723,8,10247055153,25282054
10.2749,4,10249587159,25282054
10.2777,0,10252128165,25595054
10.2802,3,10254651171,25595054
10.2828,2,10257192177,25595054
10.2878,5,10236956135,50839102
10.2928,7,10267246195,25539048
10.2953,10,10216673087,78644162
10.2978,9,10269787201,28053054
10.3004,8,10272337207,28053054
10.3029,4,10274869213,28053054
10.3055,0,10277723219,27740054
10.308,3,10280246225,27740054
10.3105,2,10282787231,27740054
10.3131,1,10259715183,53335108
10.3156,5,10287795237,27796060
10.3184,6,10264723189,53704114
10.321,7,10292785243,28165066
10.3235,10,10295317249,28156066
10.326,9,10297840255,28183066
10.3286,8,10300390261,28183066
10.3311,4,10302922267,28183066
10.3336,0,10305463273,28183066
10.3362,3,10307986279,28183066
10.3387,2,10310527285,28183066
10.3412,1,10313050291,28183066
10.3438,5,10315591297,28183066
10.3463,6,10318427303,27870066
10.3488,7,10320950309,27870066
10.3513,10,10323473315,27870066
10.3539,9,10326023321,27870066
10.3564,8,10328573327,27870066
10.359,4,10331105333,27870066
10.3615,0,10333646339,27870066
10.364,3,10336169345,27870066
10.3666,2,10338710351,27870066
10.3691,1,10341233357,27870066
10.3716,5,10343774363,27870066
10.3742,6,10346297369,27870066
10.3767,7,10348820375,27870066
10.3795,10,10351343381,28183066
10.3821,9,10353893387,28183066
10.3846,8,10356443393,28183066
10.3872,4,10358975399,28183066
10.3897,0,10361516405,28183066
10.3922,3,10364039411,28183066
10.3948,2,10366580417,28183066
10.3973,1,10369103423,28183066
10.3998,5,10371644429,28183066
10.4024,6,10374167435,28183066
10.4049,7,10376690441,28183066
10.4074,10,10379526447,27870066
10.4099,9,10382076453,27870066
10.4125,8,10384626459,27870066
10.415,4,10387158465,27870066
10.4176,0,10389699471,27870066
10.4204,3,10392222477,28183066
10.4229,2,10394763483,28183066
10.4255,1,10397286489,28183066
10.428,5,10399827495,28183066
10.4305,6,10402350501,28183066
10.4331,7,10404873507,28183066
10.4356,10,10407396513,28183066
10.4381,9,10409946519,28183066
10.4407,8,10412496525,28183066
10.4432,4,10415028531,28183066
10.4458,0,10417569537,28183066
10.4483,3,10420405543,27870066
10.4508,2,10422946549,27870066
10.4533,1,10425469555,27870066
10.4559,5,10428010561,27870066
10.4584,6,10430533567,27870066
10.4609,7,10433056573,27870066
10.4634,10,10435579579,27870066
10.466,9,10438129585,27870066
10.4685,8,10440679591,27870066
10.4711,4,10443211597,27870066
10.4736,0,10445752603,27870066
10.4761,3,10448275609,27870066
10.4787,2,10450816615,27870066
10.4815,1,10453339621,28183066
10.4841,5,10455880627,28183066
10.4866,6,10458403633,28183066
10.4891,7,10460926639,28183066
10.4916,10,10463449645,28183066
10.4942,9,10465999651,28183066
10.4967,8,10468549657,28183066
10.4993,4,10471081663,28183066
10.5018,0,10473622669,28183066
10.5043,3,10476145675,28183066
10.5069,2,10478686681,28183066
10.5094,1,10481522687,27870066
10.5119,5,10484063693,27870066
10.5145,6,10486586699,27870066
10.517,7,10489109705,27870066
10.5195,10,10491632711,27870066
10.5221,9,10494182717,27870066
10.5249,8,10496732723,28183066
10.5274,4,10499264729,28183066
10.53,0,10501805735,28183066
10.5325,3,10504328741,28183066
10.5351,2,10506869747,28183066
10.5376,1,10509392753,28183066
10.5401,5,10511933759,28183066
10.5426,6,10514456765,28183066
10.5452,7,10516979771,28183066
10.5477,10,10519502777,28183066
10.5502,9,10522052783,28183066
10.5528,8,10524915789,27870066
10.5553,4,10527447795,27870066
10.5579,0,10529988801,27870066
10.5604,3,10532511807,27870066
10.5629,2,10535052813,27870066
10.5654,1,10537575819,27870066
10.568,5,10540116825,27870066
10.5705,6,10542639831,27870066
10.573,7,10545162837,27870066
10.5756,10,10547685843,27870066
10.5781,9,10550235849,27870066
10.5807,8,10552785855,27870066
10.5835,4,10555317861,28183066
10.586,0,10557858867,28183066
10.5886,3,10560381873,28183066
10.5911,2,10562922879,28183066
10.5936,1,10565445885,28183066
10.5962,5,10567986891,28183066
10.5987,6,10570509897,28183066
10.6012,7,10573032903,28183066
10.6037,10,10575555909,28183066
10.6063,9,10578105915,28183066
10.6088,8,10580655921,28183066
10.6114,4,10583500927,27870066
10.6139,0,10586041933,27870066
10.6164,3,10588564939,27870066
10.619,2,10591105945,27870066
10.6215,1,10593628951,27870066
10.624,5,10596169957,27870066
10.6269,6,10598692963,28183066
10.6294,7,10601215969,28183066
10.6319,10,10603738975,28183066
10.6345,9,10606288981,28183066
10.637,8,10608838987,28183066
10.6396,4,10611370993,28183066
10.6421,0,10613911999,28183066
10.6446,3,10616435005,28183066
10.6472,2,10618976011,28183066
10.6497,1,10621499017,28183066
10.6522,5,10624040023,28183066
10.6547,6,10626876029,27870066
10.6573,7,10629399035,27870066
10.6598,10,10631922041,27870066
10.6623,9,10634472047,27870066
10.6649,8,10637022053,27870066
10.6674,4,10639554059,27870066
10.67,0,10642095065,27870066
10.6725,3,10644618071,27870066
10.675,2,10647159077,27870066
10.6776,1,10649682083,27870066
10.6801,5,10652223089,27870066
10.6826,6,10654746095,27870066
10.6851,7,10657269101,27870066
10.688,10,10659792107,28183066
10.6905,9,10662342113,28183066
10.6931,8,10664892119,28183066
10.6956,4,10667424125,28183066
10.6981,0,10669965131,28183066
10.7007,3,10672488137,28183066
10.7032,2,10675029143,28183066
10.7057,1,10677552149,28183066
10.7083,5,10680093155,28183066
10.7108,6,10682616161,28183066
10.7133,7,10685139167,28183066
10.7158,10,10687975173,27870066
10.7184,9,10690525179,27870066
10.7209,8,10693075185,27870066
10.7235,4,10695607191,27870066
10.726,0,10698148197,27870066
10.7289,3,10700671203,28183066
10.7314,2,10703212209,28183066
10.7339,1,10705735215,28183066
10.7365,5,10708276221,28183066
10.739,6,10710799227,28183066
10.7415,7,10713322233,28183066
10.744,10,10715845239,28183066
10.7466,9,10718395245,28183066
10.7491,8,10720945251,28183066
10.7517,4,10723477257,28183066
10.7542,0,10726018263,28183066
10.7567,3,10728854269,27870066
10.7593,2,10731395275,27870066
10.7618,1,10733918281,27870066
10.7643,5,10736459287,27870066
10.7669,6,10738982293,27870066
10.7694,7,10741505299,27870066
10.7719,10,10744028305,27870066
10.7744,9,10746578311,27870066
10.777,8,10749128317,27870066
10.7795,4,10751660323,27870066
10.7821,0,10754201329,27870066
10.7846,3,10756724335,27870066
10.7871,2,10759265341,27870066
10.79,1,10761788347,28183066
10.7925,5,10764329353,28183066
10.795,6,10766852359,28183066
10.7976,7,10769375365,28183066
10.8001,10,10771898371,28183066
10.8026,9,10774448377,28183066
10.8052,8,10776998383,28183066
10.8077,4,10779530389,28183066
10.8103,0,10782071395,28183066
10.8128,3,10784594401,28183066
10.8153,2,10787135407,28183066
10.8178,1,10789971413,27870066
10.8204,5,10792512419,27870066
10.8229,6,10795035425,27870066
10.8254,7,10797558431,27870066
10.828,10,10800081437,27870066
10.8308,9,10802631443,28183066
10.8334,8,10805181449,28183066
10.8359,4,10807713455,28183066
10.8384,0,10810254461,28183066
10.841,3,10812777467,28183066
10.8435,2,10815318473,28183066
10.846,1,10817841479,28183066
10.8486,5,10820382485,28183066
10.8511,6,10822905491,28183066
10.8536,7,10825428497,28183066
10.8561,10,10827951503,28183066
10.8587,9,10830814509,27870066
10.8612,8,10833364515,27870066
10.8638,4,10835896521,27870066
10.8663,0,10838437527,27870066
10.8688,3,10840960533,27870066
10.8714,2,10843501539,27870066
10.8739,1,10846024545,27870066
10.8764,5,10848565551,27870066
10.879,6,10851088557,27870066
10.8815,7,10853611563,27870066
10.884,10,10856134569,27870066
10.8866,9,10858684575,27870066
10.8891,8,10861234581,27870066
10.8919,4,10863766587,28183066
10.8945,0,10866307593,28183066
10.897,3,10868830599,28183066
10.8996,2,10871371605,28183066
10.9021,1,10873894611,28183066
10.9046,5,10876435617,28183066
10.9071,6,10878958623,28183066
10.9097,7,10881481629,28183066
10.9122,10,10884004635,28183066
10.9147,9,10886554641,28183066
10.9173,8,10889104647,28183066
10.9198,4,10891949653,27870066
10.9224,0,10894490659,27870066
10.9249,3,10897013665,27870066
10.9274,2,10899554671,27870066
10.9299,1,10902077677,27870066
10.9328,5,10904618683,28183066
10.9353,6,10907141689,28183066
10.9378,7,10909664695,28183066
10.9404,10,10912187701,28183066
10.9429,9,10914737707,28183066
10.9455,8,10917287713,28183066
10.948,4,10919819719,28183066
10.9505,0,10922360725,28183066
10.9531,3,10924883731,28183066
10.9556,2,10927424737,28183066
10.9581,1,10929947743,28183066
10.9607,5,10932801749,27870066
10.9632,6,10935324755,27870066
10.9657,7,10937847761,27870066
10.9682,10,10940370767,27870066
10.9708,9,10942920773,27870066
10.9733,8,10945470779,27870066
10.9759,4,10948002785,27870066
10.9784,0,10950543791,27870066
10.9809,3,10953066797,27870066
10.9835,2,10955607803,27870066
10.986,1,10958130809,27870066
10.9885,5,10960671815,27870066
10.9911,6,10963194821,27870066
10.9939,7,10965717827,28183066
10.9964,10,10968240833,28183066
10.999,9,10970790839,28183066
11.0015,11,11000077333,1419578
11.0019,8,10973340845,28523072
11.0044,4,10975872851,28523072
11.0069,11,11001496911,5431018
11.0095,0,10978413857,31037078
11.012,3,10980936863,31037078
11.0145,2,10983477869,31037078
11.017,1,10986000875,31037078
11.0196,5,10988541881,31037078
11.0221,6,10991064887,31037078
11.0246,7,10993900893,30724078
11.0271,10,10996423899,30724078
11.0297,11,11006927929,22743054
11.0322,9,10998973905,33238084
11.0351,8,11001863917,33238078
11.0376,4,11004395923,33238078
11.0402,0,11009450935,30733072
11.0427,3,11011973941,30733072
11.0452,2,11014514947,30733072
11.0503,5,11019578959,30677066
11.0528,6,11022101965,30677066
11.0553,7,11024624971,30677066
11.0578,10,11027147977,30677066
11.0604,9,11032211989,28181060
11.0629,8,11035101995,27841060
11.068,0,11040184007,27767054
11.0705,3,11042707013,27767054
11.073,2,11045248019,27767054
11.0755,1,11017037953,58500126
11.0781,5,11050256025,27823060
11.0806,6,11052779031,27823060
11.0831,7,11055302037,27823060
11.0856,10,11057825043,27823060
11.0907,11,11029670983,61005126
11.0932,8,11062943055,30274060
11.0961,4,11037634001,58428120
11.0986,0,11067951061,30643066
11.1011,3,11070474067,30643066
11.1037,2,11073015073,30643066
11.1062,1,11075538079,30643066
11.1087,5,11078079085,30643066
11.1112,6,11080602091,30643066
11.1138,7,11083125097,30643066
11.1163,10,11085648103,30643066
11.1188,11,11090676109,28156066
11.1214,9,11060393049,60971132
11.1239,8,11093217115,30706072
11.1265,4,11096062121,30393072
11.129,0,11098594127,30393072
11.1315,3,11101117133,30393072
11.1341,2,11103658139,30393072
11.1369,1,11106181145,30706072
11.1394,5,11108722151,30706072
11.142,6,11111245157,30706072
11.1445,7,11113768163,30706072
11.147,10,11116291169,30706072
11.1495,11,11118832175,30697072
11.1521,9,11121364181,30724072
11.1546,8,11123923187,30706072
11.1572,4,11126455193,30706072
11.1597,0,11128987199,30706072
11.1622,3,11131510205,30706072
11.1648,2,11134051211,30706072
11.1673,1,11136887217,30393072
11.1698,5,11139428223,30393072
11.1723,6,11141951229,30393072
11.1749,7,11144474235,30393072
11.1774,10,11146997241,30393072
11.1799,11,11149529247,30393072
11.1825,9,11152088253,30393072
11.185,8,11154629259,30393072
11.1876,4,11157161265,30393072
11.1901,0,11159693271,30393072
11.1926,3,11162216277,30393072
11.1952,2,11164757283,30393072
11.198,1,11167280289,30706072
11.2005,5,11169821295,30706072
11.2031,6,11172344301,30706072
11.2056,7,11174867307,30706072
11.2081,10,11177390313,30706072
11.2106,11,11179922319,30706072
11.2132,9,11182481325,30706072
11.2157,8,11185022331,30706072
11.2183,4,11187554337,30706072
11.2208,0,11190086343,30706072
11.2233,3,11192609349,30706072
11.2259,2,11195150355,30706072
11.2284,1,11197986361,30393072
11.2309,5,11200527367,30393072
11.2334,6,11203050373,30393072
11.236,7,11205573379,30393072
11.2385,10,11208096385,30393072
11.2413,11,11210628391,30706072
11.2439,9,11213187397,30706072
11.2464,8,11215728403,30706072
11.249,4,11218260409,30706072
11.2515,0,11220792415,30706072
11.254,3,11223315421,30706072
11.2566,2,11225856427,30706072
11.2591,1,11228379433,30706072
11.2616,5,11230920439,30706072
11.2641,6,11233443445,30706072
11.2667,7,11235966451,30706072
11.2692,10,11238489457,30706072
11.2717,11,11241334463,30393072
11.2743,9,11243893469,30393072
11.2768,8,11246434475,30393072
11.2794,4,11248966481,30393072
11.2819,0,11251498487,30393072
11.2844,3,11254021493,30393072
11.287,2,11256562499,30393072
11.2895,1,11259085505,30393072
11.292,5,11261626511,30393072
11.2945,6,11264149517,30393072
11.2971,7,11266672523,30393072
11.2999,10,11269195529,30706072
11.3024,11,11271727535,30706072
11.305,9,11274286541,30706072
11.3075,8,11276827547,30706072
11.3101,4,11279359553,30706072
11.3126,0,11281891559,30706072
11.3151,3,11284414565,30706072
11.3177,2,11286955571,30706072
11.3202,1,11289478577,30706072
11.3227,5,11292019583,30706072
11.3252,6,11294542589,30706072
11.3278,7,11297065595,30706072
11.3303,10,11299901601,30393072
11.3328,11,11302433607,30393072
11.3354,9,11304992613,30393072
11.3379,8,11307533619,30393072
11.3405,4,11310065625,30393072
11.3433,0,11312597631,30706072
11.3458,3,11315120637,30706072
11.3484,2,11317661643,30706072
11.3509,1,11320184649,30706072
11.3534,5,11322725655,30706072
11.356,6,11325248661,30706072
11.3585,7,11327771667,30706072
11.361,10,11330294673,30706072
11.3635,11,11332826679,30706072
11.3661,9,11335385685,30706072
11.3686,8,11337926691,30706072
11.3712,4,11340458697,30706072
11.3737,0,11343303703,30393072
11.3762,3,11345826709,30393072
11.3788,2,11348367715,30393072
11.3813,1,11350890721,30393072
11.3838,5,11353431727,30393072
11.3863,6,11355954733,30393072
11.3889,7,11358477739,30393072
11.3914,10,11361000745,30393072
11.3939,11,11363532751,30393072
11.3965,9,11366091757,30393072
11.399,8,11368632763,30393072
11.4016,4,11371164769,30393072
11.4044,0,11373696775,30706072
11.4069,3,11376219781,30706072
11.4095,2,11378760787,30706072
11.412,1,11381283793,30706072
11.4145,5,11383824799,30706072
11.4171,6,11386347805,30706072
11.4196,7,11388870811,30706072
11.4221,10,11391393817,30706072
11.4246,11,11393925823,30706072
11.4272,9,11396484829,30706072
11.4297,8,11399025835,30706072
11.4323,4,11401557841,30706072
11.4348,0,11404402847,30393072
11.4373,3,11406925853,30393072
11.4399,2,11409466859,30393072
11.4424,1,11411989865,30393072
11.4452,5,11414530871,30706072
11.4478,6,11417053877,30706072
11.4503,7,11419576883,30706072
11.4528,10,11422099889,30706072
11.4553,11,11424631895,30706072
11.4579,9,11427190901,30706072
11.4604,8,11429731907,30706072
11.463,4,11432263913,30706072
11.4655,0,11434795919,30706072
11.468,3,11437318925,30706072
11.4706,2,11439859931,30706072
11.4731,1,11442382937,30706072
11.4756,5,11445236943,30393072
11.4782,6,11447759949,30393072
11.4807,7,11450282955,30393072
11.4832,10,11452805961,30393072
11.4857,11,11455337967,30393072
11.4883,9,11457896973,30393072
11.4908,8,11460437979,30393072
11.4934,4,11462969985,30393072
11.4959,0,11465501991,30393072
11.4984,3,11468024997,30393072
11.501,2,11470566003,30393072
11.5035,1,11473089009,30393072
11.5063,5,11475630015,30706072
11.5089,6,11478153021,30706072
11.5114,7,11480676027,30706072
11.5139,10,11483199033,30706072
11.5164,11,11485731039,30706072
11.519,9,11488290045,30706072
11.5215,8,11490831051,30706072
11.5241,4,11493363057,30706072
11.5266,0,11495895063,30706072
11.5291,3,11498418069,30706072
11.5317,2,11500959075,30706072
11.5342,1,11503482081,30706072
11.5367,5,11506336087,30393072
11.5393,6,11508859093,30393072
11.5418,7,11511382099,30393072
11.5443,10,11513905105,30393072
11.5471,11,11516437111,30706072
11.5497,9,11518996117,30706072
11.5522,8,11521537123,30706072
11.5548,4,11524069129,30706072
11.5573,0,11526601135,30706072
11.5598,3,11529124141,30706072
11.5624,2,11531665147,30706072
11.5649,1,11534188153,30706072
11.5674,5,11536729159,30706072
11.57,6,11539252165,30706072
11.5725,7,11541775171,30706072
11.575,10,11544298177,30706072
11.5775,11,11547143183,30393072
11.5801,9,11549702189,30393072
11.5826,8,11552243195,30393072
11.5852,4,11554775201,30393072
11.5877,0,11557307207,30393072
11.5902,3,11559830213,30393072
11.5928,2,11562371219,30393072
11.5953,1,11564894225,30393072
11.5978,5,11567435231,30393072
11.6004,6,11569958237,30393072
11.6029,7,11572481243,30393072
11.6054,10,11575004249,30393072
11.6082,11,11577536255,30706072
11.6108,9,11580095261,30706072
11.6133,8,11582636267,30706072
11.6159,4,11585168273,30706072
11.6184,0,11587700279,30706072
11.6209,3,11590223285,30706072
11.6235,2,11592764291,30706072
11.626,1,11595287297,30706072
11.6285,5,11597828303,30706072
11.6311,6,11600351309,30706072
11.6336,7,11602874315,30706072
11.6361,10,11605397321,30706072
11.6386,11,11608242327,30393072
11.6412,9,11610801333,30393072
11.6437,8,11613342339,30393072
11.6463,4,11615874345,30393072
11.6491,0,11618406351,30706072
11.6516,3,11620929357,30706072
11.6542,2,11623470363,30706072
11.6567,1,11625993369,30706072
11.6592,5,11628534375,30706072
11.6618,6,11631057381,30706072
11.6643,7,11633580387,30706072
11.6668,10,11636103393,30706072
11.6693,11,11638635399,30706072
11.6719,9,11641194405,30706072
11.6744,8,11643735411,30706072
11.677,4,11646267417,30706072
11.6795,0,11649112423,30393072
11.682,3,11651635429,30393072
11.6846,2,11654176435,30393072
11.6871,1,11656699441,30393072
11.6896,5,11659240447,30393072
11.6922,6,11661763453,30393072
11.6947,7,11664286459,30393072
11.6972,10,11666809465,30393072
11.6997,11,11669341471,30393072
11.7023,9,11671900477,30393072
11.7048,8,11674441483,30393072
11.7074,4,11676973489,30393072
11.7102,0,11679505495,30706072
11.7127,3,11682028501,30706072
11.7153,2,11684569507,30706072
11.7178,1,11687092513,30706072
11.7203,5,11689633519,30706072
11.7229,6,11692156525,30706072
11.7254,7,11694679531,30706072
11.7279,10,11697202537,30706072
11.7304,11,11699734543,30706072
11.733,9,11702293549,30706072
11.7355,8,11704834555,30706072
11.7381,4,11707366561,30706072
11.7406,0,11710211567,30393072
11.7431,3,11712734573,30393072
11.7457,2,11715275579,30393072
11.7482,1,11717798585,30393072
11.7507,5,11720339591,30393072
11.7536,6,11722862597,30706072
11.7561,7,11725385603,30706072
11.7586,10,11727908609,30706072
11.7611,11,11730440615,30706072
11.7637,9,11732999621,30706072
11.7662,8,11735540627,30706072
11.7688,4,11738072633,30706072
11.7713,0,11740604639,30706072
11.7738,3,11743127645,30706072
11.7764,2,11745668651,30706072
11.7789,1,11748191657,30706072
11.7814,5,11750732663,30706072
11.784,6,11753568669,30393072
11.7865,7,11756091675,30393072
11.789,10,11758614681,30393072
11.7915,11,11761146687,30393072
11.7941,9,11763705693,30393072
11.7966,8,11766246699,30393072
11.7992,4,11768778705,30393072
11.8017,0,11771310711,30393072
11.8042,3,11773833717,30393072
11.8068,2,11776374723,30393072
11.8093,1,11778897729,30393072
11.8121,5,11781438735,30706072
11.8147,6,11783961741,30706072
11.8172,7,11786484747,30706072
11.8197,10,11789007753,30706072
11.8222,11,11791539759,30706072
11.8248,9,11794098765,30706072
11.8273,8,11796639771,30706072
11.8299,4,11799171777,30706072
11.8324,0,11801703783,30706072
11.8349,3,11804226789,30706072
11.8375,2,11806767795,30706072
11.84,1,11809290801,30706072
11.8425,5,11812144807,30393072
11.8451,6,11814667813,30393072
11.8476,7,11817190819,30393072
11.8501,10,11819713825,30393072
11.8526,11,11822245831,30393072
11.8555,9,11824804837,30706072
11.8581,8,11827345843,30706072
11.8606,4,11829877849,30706072
11.8631,0,11832409855,30706072
11.8656,3,11834932861,30706072
11.8682,2,11837473867,30706072
11.8707,1,11839996873,30706072
11.8732,5,11842537879,30706072
11.8758,6,11845060885,30706072
11.8783,7,11847583891,30706072
11.8808,10,11850106897,30706072
11.8833,11,11852638903,30706072
11.8859,9,11855510909,30393072
11.8884,8,11858051915,30393072
11.891,4,11860583921,30393072
11.8935,0,11863115927,30393072
11.896,3,11865638933,30393072
11.8986,2,11868179939,30393072
11.9011,1,11870702945,30393072
11.9036,5,11873243951,30393072
11.9062,6,11875766957,30393072
11.9087,7,11878289963,30393072
11.9112,10,11880812969,30393072
11.9137,11,11883344975,30393072
11.9166,9,11885903981,30706072
11.9192,8,11888444987,30706072
11.9217,4,11890976993,30706072
11.9242,0,11893508999,30706072
11.9267,3,11896032005,30706072
11.9293,2,11898573011,30706072
11.9318,1,11901096017,30706072
11.9343,5,11903637023,30706072
11.9369,6,11906160029,30706072
11.9394,7,11908683035,30706072
11.9419,10,11911206041,30706072
11.9444,11,11913738047,30706072
11.947,9,11916610053,30393072
11.9495,8,11919151059,30393072
11.9521,4,11921683065,30393072
11.9546,0,11924215071,30393072
11.9574,3,11926738077,30706072
11.96,2,11929279083,30706072
11.9625,1,11931802089,30706072
11.965,5,11934343095,30706072
11.9676,6,11936866101,30706072
11.9701,7,11939389107,30706072
11.9726,10,11941912113,30706072
11.9752,11,11944444119,30706072
11.9777,9,11947003125,30706072
11.9803,8,11949544131,30706072
11.9828,4,11952076137,30706072
11.9853,0,11954608143,30706072
11.9878,3,11957444149,30393072
11.9904,2,11959985155,30393072
11.9929,1,11962508161,30393072
11.9954,5,11965049167,30393072
11.998,6,11967572173,30393072
12.0005,7,11970095179,30393072
12.003,10,11972618185,30393072
12.0055,11,11975150191,30393072
12.0106,8,11980250203,30337066
12.0131,4,11982782209,30337066
12.0157,0,11985314215,30337066
12.0185,3,11987837221,30650066
12.021,2,11990378227,30650066
12.0236,1,11992901233,30650066
12.0261,12,12008102269,17972036
12.0264,5,11995442239,30990072
12.029,6,11997965245,30990072
12.0315,7,12000488251,30990072
12.034,10,12003011257,30990072
12.0365,12,12026074305,10450030
12.039,11,12005543263,33504078
12.0416,9,11977709197,63897150
12.0441,8,12010587269,33560084
12.0467,4,12013119275,33560084
12.0492,0,12015651281,33560084
12.0517,3,12018487287,33247084
12.0543,12,12036524335,17742042
12.0568,2,12021028293,35761090
12.0596,1,12023551299,36074090
12.0622,5,12026432311,35761084
12.0647,6,12028955317,35761084
12.0672,7,12031478323,35761084
12.0698,10,12034001329,35761084
12.0723,11,12039047341,33265078
12.0749,12,12054266377,20587048
12.0774,9,12041606347,35779084
12.0799,8,12044147353,35779084
12.0825,4,12046679359,35779084
12.085,0,12049211365,35779084
12.0875,3,12051734371,35779084
12.0901,2,12056789383,33274078
12.0926,1,12059625389,32961078
12.0951,5,12062193395,32934078
12.1001,7,12067239407,32878072
12.1026,10,12069762413,32878072
12.1052,11,12072312419,32869072
12.1077,9,12077385431,30364066
12.1103,8,12079926437,30364066
12.1128,4,12082458443,30364066
12.1154,0,12084990449,30364066
12.1179,3,12087513455,30364066
12.1207,12,12074853425,45869102
12.1232,2,12090063461,33182072
12.1258,1,12092586467,33182072
12.1283,5,12095127473,33182072
12.1308,6,12064716401,66116150
12.1334,7,12100117479,33238078
12.1359,10,12102640485,33238078
12.1384,11,12105181491,33238078
12.141,9,12107749497,33220078
12.1435,8,12110290503,33220078
12.146,4,12112822509,33220078
12.1486,12,12120722527,27843066
12.1511,0,12115354515,35734084
12.1536,3,12117877521,35734084
12.1562,2,12123245533,32925078
12.1587,1,12125768539,32925078
12.1615,5,12128309545,33238078
12.1641,6,12130832551,33238078
12.1666,7,12133355557,33238078
12.1691,10,12135878563,33238078
12.1717,11,12138419569,33238078
12.1742,9,12140969575,33238078
12.1792,4,12146042587,33182072
12.1818,0,12151088599,30677066
12.1843,3,12153611605,30677066
12.1868,2,12156170611,30668066
12.1894,1,12158693617,30668066
12.1919,5,12161547623,30355066
12.1944,6,12164070629,30355066
12.1969,7,12166593635,30355066
12.1995,10,12169116641,30355066
12.202,11,12171657647,30355066
12.207,8,12143510581,63537138
12.2096,4,12179224659,30355066
12.2121,0,12181765665,30337066
12.2146,3,12184288671,30337066
12.2172,2,12186838677,30337066
12.2197,1,12189361683,30337066
12.2226,5,12191902689,30650066
12.2251,6,12194425695,30650066
12.2276,7,12196948701,30650066
12.2301,10,12199471707,30650066
12.2327,11,12202012713,30650066
12.2352,12,12148565593,86638192
12.2377,9,12174207653,63519138
12.2403,8,12207047719,33220078
12.2428,4,12209579725,33220078
12.2453,0,12212102731,33220078
12.2478,3,12214625737,33220078
12.2504,2,12217175743,33220078
12.2529,1,12219698749,33220078
12.2555,5,12222552755,32907078
12.258,6,12225075761,32907078
12.2605,7,12227598767,32907078
12.2633,10,12230121773,33220078
12.2659,11,12232662779,33220078
12.2684,12,12235203785,33220078
12.271,9,12237726791,33238078
12.2735,8,12240267797,33238078
12.276,4,12242799803,33238078
12.2786,0,12245322809,33238078
12.2811,3,12247845815,33238078
12.2836,2,12250395821,33238078
12.2862,1,12252918827,33238078
12.2887,5,12255459833,33238078
12.2912,6,12257982839,33238078
12.2937,7,12260505845,33238078
12.2963,10,12263341851,32925078
12.2988,11,12265882857,32925078
12.3013,12,12268423863,32925078
12.3039,9,12270964869,32925078
12.3064,8,12273505875,32925078
12.309,4,12276037881,32925078
12.3115,0,12278560887,32925078
12.314,3,12281083893,32925078
12.3166,2,12283633899,32925078
12.3191,1,12286156905,32925078
12.3216,5,12288697911,32925078
12.3245,6,12291220917,33238078
12.327,7,12293743923,33238078
12.3295,10,12296266929,33238078
12.332,11,12298807935,33238078
12.3346,12,12301348941,33238078
12.3371,9,12303889947,33238078
12.3397,8,12306430953,33238078
12.3422,4,12308962959,33238078
12.3447,0,12311485965,33238078
12.3472,3,12314008971,33238078
12.3498,2,12316558977,33238078
12.3523,1,12319081983,33238078
12.3549,5,12321622989,33238078
12.3574,6,12324458995,32925078
12.3599,7,12326982001,32925078
12.3624,10,12329505007,32925078
12.365,11,12332046013,32925078
12.3678,12,12334587019,33238078
12.3704,9,12337128025,33238078
12.3729,8,12339669031,33238078
12.3754,4,12342201037,33238078
12.378,0,12344724043,33238078
12.3805,3,12347247049,33238078
12.383,2,12349797055,33238078
12.3856,1,12352320061,33238078
12.3881,5,12354861067,33238078
12.3906,6,12357384073,33238078
12.3931,7,12359907079,33238078
12.3957,10,12362430085,33238078
12.3982,11,12364971091,33238078
12.4008,12,12367825097,32925078
12.4033,9,12370366103,32925078
12.4058,8,12372907109,32925078
12.4084,4,12375439115,32925078
12.4109,0,12377962121,32925078
12.4134,3,12380485127,32925078
12.416,2,12383035133,32925078
12.4185,1,12385558139,32925078
12.421,5,12388099145,32925078
12.4235,6,12390622151,32925078
12.4264,7,12393145157,33238078
12.4289,10,12395668163,33238078
12.4314,11,12398209169,33238078
12.434,12,12400750175,33238078
12.4365,9,12403291181,33238078
12.4391,8,12405832187,33238078
12.4416,4,12408364193,33238078
12.4441,0,12410887199,33238078
12.4466,3,12413410205,33238078
12.4492,2,12415960211,33238078
12.4517,1,12418483217,33238078
12.4543,5,12421024223,33238078
12.4568,6,12423547229,33238078
12.4593,7,12426383235,32925078
12.4618,10,12428906241,32925078
12.4644,11,12431447247,32925078
12.4669,12,12433988253,32925078
12.4698,9,12436529259,33238078
12.4723,8,12439070265,33238078
12.4748,4,12441602271,33238078
12.4774,0,12444125277,33238078
12.4799,3,12446648283,33238078
12.4824,2,12449198289,33238078
12.485,1,12451721295,33238078
12.4875,5,12454262301,33238078
12.49,6,12456785307,33238078
12.4925,7,12459308313,33238078
12.4951,10,12461831319,33238078
12.4976,11,12464372325,33238078
12.5002,12,12466913331,33238078
12.5027,9,12469767337,32925078
12.5052,8,12472308343,32925078
12.5078,4,12474840349,32925078
12.5103,0,12477363355,32925078
12.5128,3,12479886361,32925078
12.5154,2,12482436367,32925078
12.5179,1,12484959373,32925078
12.5204,5,12487500379,32925078
12.5229,6,12490023385,32925078
12.5255,7,12492546391,32925078
12.528,10,12495069397,32925078
12.5308,11,12497610403,33238078
12.5334,12,12500151409,33238078
12.5359,9,12502692415,33238078
12.5385,8,12505233421,33238078
12.541,4,12507765427,33238078
12.5435,0,12510288433,33238078
12.546,3,12512811439,33238078
12.5486,2,12515361445,33238078
12.5511,1,12517884451,33238078
12.5537,5,12520425457,33238078
12.5562,6,12522948463,33238078
12.5587,7,12525471469,33238078
12.5612,10,12527994475,33238078
12.5638,11,12530848481,32925078
12.5663,12,12533389487,32925078
12.5689,9,12535930493,32925078
12.5717,8,12538471499,33238078
12.5742,4,12541003505,33238078
12.5768,0,12543526511,33238078
12.5793,3,12546049517,33238078
12.5818,2,12548599523,33238078
12.5844,1,12551122529,33238078
12.5869,5,12553663535,33238078
12.5894,6,12556186541,33238078
12.5919,7,12558709547,33238078
12.5945,10,12561232553,33238078
12.597,11,12563773559,33238078
12.5996,12,12566314565,33238078
12.6021,9,12568855571,33238078
12.6046,8,12571709577,32925078
12.6072,4,12574241583,32925078
12.6097,0,12576764589,32925078
12.6122,3,12579287595,32925078
12.6148,2,12581837601,32925078
12.6173,1,12584360607,32925078
12.6198,5,12586901613,32925078
12.6223,6,12589424619,32925078
12.6249,7,12591947625,32925078
12.6274,10,12594470631,32925078
12.6299,11,12597011637,32925078
12.6328,12,12599552643,33238078
12.6353,9,12602093649,33238078
12.6379,8,12604634655,33238078
12.6404,4,12607166661,33238078
12.6429,0,12609689667,33238078
12.6455,3,12612212673,33238078
12.648,2,12614762679,33238078
12.6505,1,12617285685,33238078
12.6531,5,12619826691,33238078
12.6556,6,12622349697,33238078
12.6581,7,12624872703,33238078
12.6606,10,12627395709,33238078
12.6632,11,12629936715,33238078
12.6657,12,12632790721,32925078
12.6683,9,12635331727,32925078
12.6708,8,12637872733,32925078
12.6736,4,12640404739,33238078
12.6762,0,12642927745,33238078
12.6787,3,12645450751,33238078
12.6812,2,12648000757,33238078
12.6838,1,12650523763,33238078
12.6863,5,12653064769,33238078
12.6888,6,12655587775,33238078
12.6913,7,12658110781,33238078
12.6939,10,12660633787,33238078
12.6964,11,12663174793,33238078
12.699,12,12665715799,33238078
12.7015,9,12668256805,33238078
12.704,8,12670797811,33238078
12.7066,4,12673642817,32925078
12.7091,0,12676165823,32925078
12.7116,3,12678688829,32925078
12.7142,2,12681238835,32925078
12.7167,1,12683761841,32925078
12.7192,5,12686302847,32925078
12.7218,6,12688825853,32925078
12.7243,7,12691348859,32925078
12.7268,10,12693871865,32925078
12.7293,11,12696412871,32925078
12.7319,12,12698953877,32925078
12.7347,9,12701494883,33238078
12.7373,8,12704035889,33238078
12.7398,4,12706567895,33238078
12.7423,0,12709090901,33238078
12.7449,3,12711613907,33238078
12.7474,2,12714163913,33238078
12.7499,1,12716686919,33238078
12.7525,5,12719227925,33238078
12.755,6,12721750931,33238078
12.7575,7,12724273937,33238078
12.76,10,12726796943,33238078
12.7626,11,12729337949,33238078
12.7651,12,12731878955,33238078
12.7677,9,12734732961,32925078
12.7702,8,12737273967,32925078
12.7727,4,12739805973,32925078
12.7756,0,12742328979,33238078
12.7781,3,12744851985,33238078
12.7806,2,12747401991,33238078
12.7832,1,12749924997,33238078
12.7857,5,12752466003,33238078
12.7882,6,12754989009,33238078
12.7908,7,12757512015,33238078
12.7933,10,12760035021,33238078
12.7958,11,12762576027,33238078
12.7984,12,12765117033,33238078
12.8009,9,12767658039,33238078
12.8034,8,12770199045,33238078
12.806,4,12772731051,33238078
12.8085,0,12775567057,32925078
12.811,3,12778090063,32925078
12.8136,2,12780640069,32925078
12.8161,1,12783163075,32925078
12.8186,5,12785704081,32925078
12.8212,6,12788227087,32925078
12.8237,7,12790750093,32925078
12.8262,10,12793273099,32925078
12.8287,11,12795814105,32925078
12.8313,12,12798355111,32925078
12.8338,9,12800896117,32925078
12.8367,8,12803437123,33238078
12.8392,4,12805969129,33238078
12.8417,0,12808492135,33238078
12.8443,3,12811015141,33238078
12.8468,2,12813565147,33238078
12.8493,1,12816088153,33238078
12.8519,5,12818629159,33238078
12.8544,6,12821152165,33238078
12.8569,7,12823675171,33238078
12.8594,10,12826198177,33238078
12.862,11,12828739183,33238078
12.8645,12,12831280189,33238078
12.8671,9,12833821195,33238078
12.8696,8,12836675201,32925078
12.8721,4,12839207207,32925078
12.8747,0,12841730213,32925078
12.8772,3,12844253219,32925078
12.88,2,12846803225,33238078
12.8826,1,12849326231,33238078
12.8851,5,12851867237,33238078
12.8876,6,12854390243,33238078
12.8902,7,12856913249,33238078
12.8927,10,12859436255,33238078
12.8952,11,12861977261,33238078
12.8978,12,12864518267,33238078
12.9003,9,12867059273,33238078
12.9028,8,12869600279,33238078
12.9054,4,12872132285,33238078
12.9079,0,12874655291,33238078
12.9104,3,12877178297,33238078
12.913,2,12880041303,32925078
12.9155,1,12882564309,32925078
12.918,5,12885105315,32925078
12.9206,6,12887628321,32925078
12.9231,7,12890151327,32925078
12.9256,10,12892674333,32925078
12.9281,11,12895215339,32925078
12.9307,12,12897756345,32925078
12.9332,9,12900297351,32925078
12.9358,8,12902838357,32925078
12.9386,4,12905370363,33238078
12.9411,0,12907893369,33238078
12.9437,3,12910416375,33238078
12.9462,2,12912966381,33238078
12.9487,1,12915489387,33238078
12.9513,5,12918030393,33238078
12.9538,6,12920553399,33238078
12.9563,7,12923076405,33238078
12.9588,10,12925599411,33238078
12.9614,11,12928140417,33238078
12.9639,12,12930681423,33238078
12.9665,9,12933222429,33238078
12.969,8,12935763435,33238078
12.9715,4,12938608441,32925078
12.9741,0,12941131447,32925078
12.9766,3,12943654453,32925078
12.9791,2,12946204459,32925078
12.982,1,12948727465,33238078
12.9845,5,12951268471,33238078
12.987,6,12953791477,33238078
12.9896,7,12956314483,33238078
12.9921,10,12958837489,33238078
12.9946,11,12961378495,33238078
12.9972,12,12963919501,33238078
12.9997,9,12966460507,33238078
13.0022,8,12969001513,33238078
13.0048,4,12971533519,33238078
13.0073,0,12974056525,33238078
13.0098,3,12976579531,33238078
13.0124,2,12979129537,33238078
13.0149,1,12981965543,32925078
13.0174,13,13000077333,17336294
13.0178,5,12984506549,33265084
13.0203,6,12987029555,33265084
13.0253,10,12992075567,33209078
13.0278,11,12994616573,33209078
13.0304,12,12997157579,33209078
13.0329,9,12999698585,33209078
13.0379,4,13004771597,33153072
13.0408,0,13007294603,33466072
13.0433,3,13009817609,33466072
13.0458,2,13012367615,33466072
13.0484,1,13014890621,33466072
13.0534,6,13020294639,33097060
13.0559,7,12989552561,66362144
13.0584,10,13025284645,33153066
13.061,13,13017413627,43556090
13.0635,11,13027825651,35667072
13.066,12,13030366657,35667072
13.0686,9,13032907663,35667072
13.0711,8,13002239591,68876150
13.0736,4,13037924669,35723078
13.0762,0,13040760675,35410078
13.0787,3,13043283681,35410078
13.0812,13,13060969717,20256048
13.0841,2,13045833687,38237084
13.0866,1,13048356693,38237084
13.0891,5,13017771633,71363150
13.0917,6,13053391699,38266090
13.0942,7,13055914705,38266090
13.0967,10,13058437711,38266090
13.0993,11,13063492723,35761084
13.1018,12,13066033729,35761084
13.1068,8,13071115741,35705078
13.1094,4,13073647747,35705078
13.1119,0,13076170753,35705078
13.1144,3,13078693759,35705078
13.117,2,13084070771,32896072
13.1195,1,13086593777,32896072
13.122,5,13089134783,32896072
13.1246,6,13091657789,32896072
13.1271,7,13094180795,32896072
13.1296,10,13096703801,32896072
13.1321,13,13081225765,50897114
13.1346,11,13099253807,35392078
13.1372,12,13101794813,35392078
13.1397,9,13068574735,71153162
13.1423,8,13106820819,35448084
13.1451,4,13109352825,35761084
13.1476,0,13111875831,35761084
13.1502,3,13114398837,35761084
13.1527,2,13116966843,35752084
13.1552,1,13119489849,35752084
13.1578,5,13122030855,35752084
13.1628,7,13127076867,35696078
13.1653,10,13129599873,35696078
13.1678,11,13134645885,33191072
13.1704,12,13137186891,33191072
13.1729,9,13139727897,33191072
13.1755,8,13142268903,33191072
13.178,4,13145113909,32878072
13.1805,0,13147636915,32878072
13.183,3,13150159921,32878072
13.1859,2,13152718927,33191072
13.1909,5,13157782939,33135066
13.1934,6,13124553861,68887150
13.196,7,13162772945,33191072
13.1985,10,13165295951,33191072
13.201,11,13167836957,33182072
13.2036,12,13170377963,33182072
13.2061,9,13172918969,33182072
13.2086,8,13175459975,33182072
13.2112,4,13177991981,33182072
13.2137,0,13180514987,33182072
13.2162,3,13183037993,33182072
13.2188,13,13132122879,86638192
13.2213,2,13185909999,35383078
13.2238,1,13155241933,68574150
13.2264,5,13190918005,35439084
13.2289,6,13193441011,35439084
13.2314,7,13195964017,35439084
13.2339,10,13198487023,35439084
13.2365,11,13201019029,35439084
13.239,12,13203560035,35439084
13.2415,9,13206101041,35439084
13.2441,8,13208642047,35439084
13.2469,4,13211174053,35752084
13.2494,0,13213697059,35752084
13.252,3,13216220065,35752084
13.2545,13,13218761071,35734084
13.2571,2,13221293077,35761084
13.2596,1,13223816083,35761084
13.2621,5,13226357089,35761084
13.2646,6,13228880095,35761084
13.2672,7,13231403101,35761084
13.2697,10,13233926107,35761084
13.2722,11,13236458113,35761084
13.2748,12,13238999119,35761084
13.2773,9,13241540125,35761084
13.2798,8,13244081131,35761084
13.2824,4,13246926137,35448084
13.2849,0,13249449143,35448084
13.2877,3,13251972149,35761084
13.2903,13,13254495155,35761084
13.2928,2,13257054161,35761084
13.2953,1,13259577167,35761084
13.2979,5,13262118173,35761084
13.3004,6,13264641179,35761084
13.3029,7,13267164185,35761084
13.3054,10,13269687191,35761084
13.308,11,13272219197,35761084
13.3105,12,13274760203,35761084
13.3131,9,13277301209,35761084
13.3156,8,13279842215,35761084
13.3181,4,13282374221,35761084
13.3207,0,13284897227,35761084
13.3232,3,13287733233,35448084
13.3257,13,13290256239,35448084
13.3283,2,13292815245,35448084
13.3308,1,13295338251,35448084
13.3333,5,13297879257,35448084
13.3359,6,13300402263,35448084
13.3384,7,13302925269,35448084
13.3409,10,13305448275,35448084
13.3434,11,13307980281,35448084
13.346,12,13310521287,35448084
13.3488,9,13313062293,35761084
13.3514,8,13315603299,35761084
13.3539,4,13318135305,35761084
13.3564,0,13320658311,35761084
13.3589,3,13323181317,35761084
13.3615,13,13325704323,35761084
13.364,2,13328263329,35761084
13.3665,1,13330786335,35761084
13.3691,5,13333327341,35761084
13.3716,6,13335850347,35761084
13.3741,7,13338373353,35761084
13.3767,10,13340896359,35761084
13.3792,11,13343428365,35761084
13.3817,12,13345969371,35761084
13.3843,9,13348823377,35448084
13.3868,8,13351364383,35448084
13.3897,4,13353896389,35761084
13.3922,0,13356419395,35761084
13.3947,3,13358942401,35761084
13.3972,13,13361465407,35761084
13.3998,2,13364024413,35761084
13.4023,1,13366547419,35761084
13.4048,5,13369088425,35761084
13.4074,6,13371611431,35761084
13.4099,7,13374134437,35761084
13.4124,10,13376657443,35761084
13.415,11,13379189449,35761084
13.4175,12,13381730455,35761084
13.42,9,13384271461,35761084
13.4226,8,13386812467,35761084
13.4251,4,13389657473,35448084
13.4276,0,13392180479,35448084
13.4302,3,13394703485,35448084
13.4327,13,13397226491,35448084
13.4352,2,13399785497,35448084
13.4378,1,13402308503,35448084
13.4403,5,13404849509,35448084
13.4428,6,13407372515,35448084
13.4453,7,13409895521,35448084
13.4479,10,13412418527,35448084
13.4507,11,13414950533,35761084
13.4533,12,13417491539,35761084
13.4558,9,13420032545,35761084
13.4583,8,13422573551,35761084
13.4609,4,13425105557,35761084
13.4634,0,13427628563,35761084
13.4659,3,13430151569,35761084
13.4684,13,13432674575,35761084
13.471,2,13435233581,35761084
13.4735,1,13437756587,35761084
13.4761,5,13440297593,35761084
13.4786,6,13442820599,35761084
13.4811,7,13445343605,35761084
13.4836,10,13447866611,35761084
13.4862,11,13450711617,35448084
13.4887,12,13453252623,35448084
13.4912,9,13455793629,35448084
13.4941,8,13458334635,35761084
13.4966,4,13460866641,35761084
13.4992,0,13463389647,35761084
13.5017,3,13465912653,35761084
13.5042,13,13468435659,35761084
13.5068,2,13470994665,35761084
13.5093,1,13473517671,35761084
13.5118,5,13476058677,35761084
13.5143,6,13478581683,35761084
13.5169,7,13481104689,35761084
13.5194,10,13483627695,35761084
13.5219,11,13486159701,35761084
13.5245,12,13488700707,35761084
13.527,9,13491241713,35761084
13.5295,8,13494095719,35448084
13.5321,4,13496627725,35448084
13.5346,0,13499150731,35448084
13.5371,3,13501673737,35448084
13.5396,13,13504196743,35448084
13.5422,2,13506755749,35448084
13.5447,1,13509278755,35448084
13.5473,5,13511819761,35448084
13.5498,6,13514342767,35448084
13.5523,7,13516865773,35448084
13.5551,10,13519388779,35761084
13.5577,11,13521920785,35761084
13.5602,12,13524461791,35761084
13.5628,9,13527002797,35761084
13.5653,8,13529543803,35761084
13.5678,4,13532075809,35761084
13.5704,0,13534598815,35761084
13.5729,3,13537121821,35761084
13.5754,13,13539644827,35761084
13.578,2,13542203833,35761084
13.5805,1,13544726839,35761084
13.583,5,13547267845,35761084
13.5856,6,13549790851,35761084
13.5881,7,13552313857,35761084
13.5906,10,13555149863,35448084
13.5931,11,13557681869,35448084
13.596,12,13560222875,35761084
13.5985,9,13562763881,35761084
13.6011,8,13565304887,35761084
13.6036,4,13567836893,35761084
13.6061,0,13570359899,35761084
13.6086,3,13572882905,35761084
13.6112,13,13575405911,35761084
13.6137,2,13577964917,35761084
13.6162,1,13580487923,35761084
13.6188,5,13583028929,35761084
13.6213,6,13585551935,35761084
13.6238,7,13588074941,35761084
13.6264,10,13590597947,35761084
13.6289,11,13593129953,35761084
13.6314,12,13595983959,35448084
13.634,9,13598524965,35448084
13.6365,8,13601065971,35448084
13.639,4,13603597977,35448084
13.6416,0,13606120983,35448084
13.6441,3,13608643989,35448084
13.6466,13,13611166995,35448084
13.6492,2,13613726001,35448084
13.6517,1,13616249007,35448084
13.6542,5,13618790013,35448084
13.6571,6,13621313019,35761084
13.6596,7,13623836025,35761084
13.6621,10,13626359031,35761084
13.6647,11,13628891037,35761084
13.6672,12,13631432043,35761084
13.6697,9,13633973049,35761084
13.6723,8,13636514055,35761084
13.6748,4,13639046061,35761084
13.6773,0,13641569067,35761084
13.6799,3,13644092073,35761084
13.6824,13,13646615079,35761084
13.6849,2,13649174085,35761084
13.6875,1,13651697091,35761084
13.69,5,13654238097,35761084
13.6925,6,13657074103,35448084
13.695,7,13659597109,35448084
13.6979,10,13662120115,35761084
13.7004,11,13664652121,35761084
13.703,12,13667193127,35761084
13.7055,9,13669734133,35761084
13.708,8,13672275139,35761084
13.7106,4,13674807145,35761084
13.7131,0,13677330151,35761084
13.7156,3,13679853157,35761084
13.7181,13,13682376163,35761084
13.7207,2,13684935169,35761084
13.7232,1,13687458175,35761084
13.7258,5,13689999181,35761084
13.7283,6,13692522187,35761084
13.7308,7,13695045193,35761084
13.7333,10,13697881199,35448084
13.7359,11,13700413205,35448084
13.7384,12,13702954211,35448084
13.7409,9,13705495217,35448084
13.7435,8,13708036223,35448084
13.746,4,13710568229,35448084
13.7485,0,13713091235,35448084
13.7511,3,13715614241,35448084
13.7536,13,13718137247,35448084
13.7561,2,13720696253,35448084
13.759,1,13723219259,35761084
13.7615,5,13725760265,35761084
13.764,6,13728283271,35761084
13.7666,7,13730806277,35761084
13.7691,10,13733329283,35761084
13.7716,11,13735861289,35761084
13.7742,12,13738402295,35761084
13.7767,9,13740943301,35761084
13.7792,8,13743484307,35761084
13.7818,4,13746016313,35761084
13.7843,0,13748539319,35761084
13.7868,3,13751062325,35761084
13.7893,13,13753585331,35761084
13.7919,2,13756144337,35761084
13.7944,1,13758980343,35448084
13.797,5,13761521349,35448084
13.7998,6,13764044355,35761084
13.8023,7,13766567361,35761084
13.8049,10,13769090367,35761084
13.8074,11,13771622373,35761084
13.8099,12,13774163379,35761084
13.8125,9,13776704385,35761084
13.815,8,13779245391,35761084
13.8175,4,13781777397,35761084
13.8201,0,13784300403,35761084
13.8226,3,13786823409,35761084
13.8251,13,13789346415,35761084
13.8277,2,13791905421,35761084
13.8302,1,13794428427,35761084
13.8327,5,13796969433,35761084
13.8353,6,13799805439,35448084
13.8378,7,13802328445,35448084
13.8403,10,13804851451,35448084
13.8428,11,13807383457,35448084
13.8454,12,13809924463,35448084
13.8479,9,13812465469,35448084
13.8505,8,13815006475,35448084
13.853,4,13817538481,35448084
13.8555,0,13820061487,35448084
13.858,3,13822584493,35448084
13.8609,13,13825107499,35761084
13.8634,2,13827666505,35761084
13.866,1,13830189511,35761084
13.8685,5,13832730517,35761084
13.871,6,13835253523,35761084
13.8735,7,13837776529,35761084
13.8761,10,13840299535,35761084
13.8786,11,13842831541,35761084
13.8811,12,13845372547,35761084
13.8837,9,13847913553,35761084
13.8862,8,13850454559,35761084
13.8887,4,13852986565,35761084
13.8913,0,13855509571,35761084
13.8938,3,13858032577,35761084
13.8963,13,13860868583,35448084
13.8989,2,13863427589,35448084
13.9017,1,13865950595,35761084
13.9043,5,13868491601,35761084
13.9068,6,13871014607,35761084
13.9093,7,13873537613,35761084
13.9118,10,13876060619,35761084
13.9144,11,13878592625,35761084
13.9169,12,13881133631,35761084
13.9194,9,13883674637,35761084
13.922,8,13886215643,35761084
13.9245,4,13888747649,35761084
13.927,0,13891270655,35761084
13.9296,3,13893793661,35761084
13.9321,13,13896316667,35761084
13.9346,2,13898875673,35761084
13.9372,1,13901711679,35448084
13.9397,5,13904252685,35448084
13.9422,6,13906775691,35448084
13.9447,7,13909298697,35448084
13.9473,10,13911821703,35448084
13.9498,11,13914353709,35448084
13.9523,12,13916894715,35448084
13.9549,9,13919435721,35448084
13.9574,8,13921976727,35448084
13.96,4,13924508733,35448084
13.9628,0,13927031739,35761084
13.9653,3,13929554745,35761084
13.9678,13,13932077751,35761084
13.9704,2,13934636757,35761084
13.9729,1,13937159763,35761084
13.9755,5,13939700769,35761084
13.978,6,13942223775,35761084
13.9805,7,13944746781,35761084
13.983,10,13947269787,35761084
13.9856,11,13949801793,35761084
13.9881,12,13952342799,35761084
13.9906,9,13954883805,35761084
13.9932,8,13957424811,35761084
13.9957,4,13959956817,35761084
13.9982,0,13962792823,35448084
14.0008,3,13965315829,35448084
14.0033,13,13967838835,35448084
14.0062,2,13970397841,35761084
14.0087,1,13972920847,35761084
14.0112,5,13975461853,35761084
14.0137,6,13977984859,35761084
14.0163,7,13980507865,35761084
14.0213,11,13985562877,35705078
14.0238,12,13988103883,35705078
14.0263,9,13990644889,35705078
14.0289,8,13993185895,35705078
14.0314,4,13995717901,35705078
14.0339,0,13998240907,35705078
14.0365,3,14000763913,35705078
14.039,13,14003286919,35705078
14.0415,14,14018791955,22741048
14.0419,2,14006158925,35732084
14.0444,1,14008681931,35732084
14.047,5,14011222937,35732084
14.0495,6,14013745943,35732084
14.052,7,14016268949,35732084
14.0545,10,13983030871,71493168
14.0571,11,14021267955,35788090
14.0596,12,14023808961,35788090
14.0621,14,14041533003,20587054
14.065,9,14026349967,38615096
14.0675,8,14028890973,38615096
14.07,4,14031422979,38615096
14.0726,0,14033945985,38615096
14.0751,3,14036468991,38615096
14.0776,13,14038991997,38615096
14.0802,2,14041891009,38302090
14.0827,1,14044414015,38302090
14.0877,6,14049478027,38246084
14.0902,7,14052001033,38246084
14.0928,10,14054524039,38246084
14.0953,11,14057056045,38246084
14.0978,12,14059597051,38246084
14.1004,9,14064965063,35437078
14.1029,8,14067506069,35437078
14.1055,4,14070038075,35437078
14.1083,0,14072561081,35750078
14.1108,3,14075084087,35750078
14.1159,2,14080193099,35667072
14.1184,1,14082716105,35667072
14.1209,5,14046955021,73969162
14.1234,6,14087724111,35723078
14.126,7,14090247117,35723078
14.1285,10,14092770123,35723078
14.131,11,14095302129,35723078
14.1336,12,14097843135,35723078
14.1361,9,14100402141,35705078
14.1386,8,14102943147,35705078
14.1412,14,14062120057,79051174
14.1437,4,14105475153,38219084
14.1462,0,14108311159,37906084
14.1487,3,14110834165,37906084
14.1513,13,14077607093,73656162
14.1538,2,14115860171,37962090
14.1563,1,14118383177,37962090
14.1589,5,14120924183,37962090
14.1614,6,14123447189,37962090
14.1639,7,14125970195,37962090
14.1665,10,14128493201,37962090
14.1693,11,14131025207,38275090
14.1718,12,14133566213,38275090
14.1769,8,14138648225,38219084
14.1794,4,14143694237,35723078
14.1819,0,14146217243,35723078
14.1845,3,14148740249,35723078
14.187,13,14151263255,35723078
14.1895,2,14153822261,35723078
14.1921,1,14156345267,35723078
14.1946,5,14158886273,35723078
14.1971,6,14161409279,35723078
14.1997,7,14163932285,35723078
14.2022,10,14166455291,35723078
14.2047,11,14169300297,35410078
14.21,9,14136107219,73942168
14.2126,8,14176867309,35723084
14.2151,4,14179417315,35705084
14.2176,0,14181940321,35705084
14.2202,3,14184463327,35705084
14.2227,13,14186986333,35705084
14.2253,2,14189545339,35705084
14.2278,1,14192068345,35705084
14.2303,5,14194609351,35705084
14.2328,6,14197132357,35705084
14.2354,7,14199655363,35705084
14.2379,10,14202178369,35705084
14.2404,11,14204710375,35705084
14.2429,14,14141171231,101776234
14.2455,12,14171841303,73629168
14.248,9,14210049387,37962090
14.2506,8,14212590393,37962090
14.2531,4,14215122399,37962090
14.2556,0,14217645405,37962090
14.2581,3,14220168411,37962090
14.2607,13,14222691417,37962090
14.2632,2,14225250423,37962090
14.2657,1,14227773429,37962090
14.2683,5,14230314435,37962090
14.2711,6,14232837441,38275090
14.2736,7,14235360447,38275090
14.2762,10,14237883453,38275090
14.2787,11,14240415459,38275090
14.2812,14,14242947465,38275090
14.2838,12,14245470471,38293090
14.2863,9,14248011477,38293090
14.2888,8,14250552483,38293090
14.2914,4,14253084489,38293090
14.2939,0,14255607495,38293090
14.2964,3,14258130501,38293090
14.2989,13,14260653507,38293090
14.3015,2,14263212513,38293090
14.304,1,14265735519,38293090
14.3066,5,14268276525,38293090
14.3091,6,14271112531,37980090
14.3119,7,14273635537,38293090
14.3145,10,14276158543,38293090
14.317,11,14278690549,38293090
14.3195,14,14281222555,38293090
14.3221,12,14283763561,38293090
14.3246,9,14286304567,38293090
14.3271,8,14288845573,38293090
14.3297,4,14291377579,38293090
14.3322,0,14293900585,38293090
14.3347,3,14296423591,38293090
14.3372,13,14298946597,38293090
14.3398,2,14301505603,38293090
14.3423,1,14304028609,38293090
14.3449,5,14306569615,38293090
14.3474,6,14309092621,38293090
14.3499,7,14311928627,37980090
14.3524,10,14314451633,37980090
14.355,11,14316983639,37980090
14.3575,14,14319515645,37980090
14.36,12,14322056651,37980090
14.3626,9,14324597657,37980090
14.3651,8,14327138663,37980090
14.3677,4,14329670669,37980090
14.3702,0,14332193675,37980090
14.373,3,14334716681,38293090
14.3755,13,14337239687,38293090
14.3781,2,14339798693,38293090
14.3806,1,14342321699,38293090
14.3832,5,14344862705,38293090
14.3857,6,14347385711,38293090
14.3882,7,14349908717,38293090
14.3907,10,14352431723,38293090
14.3933,11,14354963729,38293090
14.3958,14,14357495735,38293090
14.3983,12,14360036741,38293090
14.4009,9,14362577747,38293090
14.4034,8,14365118753,38293090
14.4059,4,14367650759,38293090
14.4085,0,14370173765,38293090
14.411,3,14373009771,37980090
14.4138,13,14375532777,38293090
14.4164,2,14378091783,38293090
14.4189,1,14380614789,38293090
14.4214,5,14383155795,38293090
14.424,6,14385678801,38293090
14.4265,7,14388201807,38293090
14.429,10,14390724813,38293090
14.4315,11,14393256819,38293090
14.4341,14,14395788825,38293090
14.4366,12,14398329831,38293090
14.4392,9,14400870837,38293090
14.4417,8,14403411843,38293090
14.4442,4,14405943849,38293090
14.4468,0,14408466855,38293090
14.4493,3,14410989861,38293090
14.4518,13,14413825867,37980090
14.4544,2,14416384873,37980090
14.4569,1,14418907879,37980090
14.4594,5,14421448885,37980090
14.462,6,14423971891,37980090
14.4645,7,14426494897,37980090
14.467,10,14429017903,37980090
14.4695,11,14431549909,37980090
14.4721,14,14434081915,37980090
14.4749,12,14436622921,38293090
14.4775,9,14439163927,38293090
14.48,8,14441704933,38293090
14.4825,4,14444236939,38293090
14.4851,0,14446759945,38293090
14.4876,3,14449282951,38293090
14.4901,13,14451805957,38293090
14.4927,2,14454364963,38293090
14.4952,1,14456887969,38293090
14.4977,5,14459428975,38293090
14.5002,6,14461951981,38293090
14.5028,7,14464474987,38293090
14.5053,10,14466997993,38293090
14.5078,11,14469529999,38293090
14.5104,14,14472062005,38293090
14.5129,12,14474916011,37980090
14.5154,9,14477457017,37980090
14.5183,8,14479998023,38293090
14.5208,4,14482530029,38293090
14.5233,0,14485053035,38293090
14.5259,3,14487576041,38293090
14.5284,13,14490099047,38293090
14.531,2,14492658053,38293090
14.5335,1,14495181059,38293090
14.536,5,14497722065,38293090
14.5385,6,14500245071,38293090
14.5411,7,14502768077,38293090
14.5436,10,14505291083,38293090
14.5461,11,14507823089,38293090
14.5486,14,14510355095,38293090
14.5512,12,14512896101,38293090
14.5537,9,14515437107,38293090
14.5563,8,14518291113,37980090
14.5588,4,14520823119,37980090
14.5613,0,14523346125,37980090
14.5638,3,14525869131,37980090
14.5664,13,14528392137,37980090
14.5689,2,14530951143,37980090
14.5715,1,14533474149,37980090
14.574,5,14536015155,37980090
14.5768,6,14538538161,38293090
14.5794,7,14541061167,38293090
14.5819,10,14543584173,38293090
14.5844,11,14546116179,38293090
14.5869,14,14548648185,38293090
14.5895,12,14551189191,38293090
14.592,9,14553730197,38293090
14.5946,8,14556271203,38293090
14.5971,4,14558803209,38293090
14.5996,0,14561326215,38293090
14.6021,3,14563849221,38293090
14.6047,13,14566372227,38293090
14.6072,2,14568931233,38293090
14.6097,1,14571454239,38293090
14.6123,5,14573995245,38293090
14.6148,6,14576831251,37980090
14.6173,7,14579354257,37980090
14.6202,10,14581877263,38293090
14.6227,11,14584409269,38293090
14.6252,14,14586941275,38293090
14.6278,12,14589482281,38293090
14.6303,9,14592023287,38293090
14.6329,8,14594564293,38293090
14.6354,4,14597096299,38293090
14.6379,0,14599619305,38293090
14.6404,3,14602142311,38293090
14.643,13,14604665317,38293090
14.6455,2,14607224323,38293090
14.648,1,14609747329,38293090
14.6506,5,14612288335,38293090
14.6531,6,14614811341,38293090
14.6556,7,14617334347,38293090
14.6582,10,14620170353,37980090
14.6607,11,14622702359,37980090
14.6632,14,14625234365,37980090
14.6658,12,14627775371,37980090
14.6683,9,14630316377,37980090
14.6708,8,14632857383,37980090
14.6734,4,14635389389,37980090
14.6759,0,14637912395,37980090
14.6784,3,14640435401,37980090
14.6813,13,14642958407,38293090
14.6838,2,14645517413,38293090
14.6863,1,14648040419,38293090
14.6889,5,14650581425,38293090
14.6914,6,14653104431,38293090
14.6939,7,14655627437,38293090
14.6964,10,14658150443,38293090
14.699,11,14660682449,38293090
14.7015,14,14663214455,38293090
14.704,12,14665755461,38293090
14.7066,9,14668296467,38293090
14.7091,8,14670837473,38293090
14.7117,4,14673369479,38293090
14.7142,0,14675892485,38293090
14.7167,3,14678415491,38293090
14.7192,13,14681251497,37980090
14.7221,2,14683810503,38293090
14.7246,1,14686333509,38293090
14.7272,5,14688874515,38293090
14.7297,6,14691397521,38293090
14.7322,7,14693920527,38293090
14.7347,10,14696443533,38293090
14.7373,11,14698975539,38293090
14.7398,14,14701507545,38293090
14.7423,12,14704048551,38293090
14.7449,9,14706589557,38293090
14.7474,8,14709130563,38293090
14.75,4,14711662569,38293090
14.7525,0,14714185575,38293090
14.755,3,14716708581,38293090
14.7575,13,14719231587,38293090
14.7601,2,14722103593,37980090
14.7626,1,14724626599,37980090
14.7651,5,14727167605,37980090
14.7677,6,14729690611,37980090
14.7702,7,14732213617,37980090
14.7727,10,14734736623,37980090
14.7752,11,14737268629,37980090
14.7778,14,14739800635,37980090
14.7803,12,14742341641,37980090
14.7832,9,14744882647,38293090
14.7857,8,14747423653,38293090
14.7882,4,14749955659,38293090
14.7908,0,14752478665,38293090
14.7933,3,14755001671,38293090
14.7958,13,14757524677,38293090
14.7984,2,14760083683,38293090
14.8009,1,14762606689,38293090
14.8034,5,14765147695,38293090
14.806,6,14767670701,38293090
14.8085,7,14770193707,38293090
14.811,10,14772716713,38293090
14.8135,11,14775248719,38293090
14.8161,14,14777780725,38293090
14.8186,12,14780321731,38293090
14.8212,9,14783175737,37980090
14.824,8,14785716743,38293090
14.8265,4,14788248749,38293090
14.8291,0,14790771755,38293090
14.8316,3,14793294761,38293090
14.8341,13,14795817767,38293090
14.8367,2,14798376773,38293090
14.8392,1,14800899779,38293090
14.8417,5,14803440785,38293090
14.8443,6,14805963791,38293090
14.8468,7,14808486797,38293090
14.8493,10,14811009803,38293090
14.8518,11,14813541809,38293090
14.8544,14,14816073815,38293090
14.8569,12,14818614821,38293090
14.8594,9,14821155827,38293090
14.862,8,14824009833,37980090
14.8645,4,14826541839,37980090
14.867,0,14829064845,37980090
14.8696,3,14831587851,37980090
14.8721,13,14834110857,37980090
14.8746,2,14836669863,37980090
14.8772,1,14839192869,37980090
14.8797,5,14841733875,37980090
14.8822,6,14844256881,37980090
14.8851,7,14846779887,38293090
14.8876,10,14849302893,38293090
14.8901,11,14851834899,38293090
14.8927,14,14854366905,38293090
14.8952,12,14856907911,38293090
14.8977,9,14859448917,38293090
14.9003,8,14861989923,38293090
14.9028,4,14864521929,38293090
14.9053,0,14867044935,38293090
14.9079,3,14869567941,38293090
14.9104,13,14872090947,38293090
14.9129,2,14874649953,38293090
14.9155,1,14877172959,38293090
14.918,5,14879713965,38293090
14.9205,6,14882236971,38293090
14.9231,7,14885072977,37980090
14.9259,10,14887595983,38293090
14.9284,11,14890127989,38293090
14.931,14,14892659995,38293090
14.9335,12,14895201001,38293090
14.936,9,14897742007,38293090
14.9386,8,14900283013,38293090
14.9411,4,14902815019,38293090
14.9436,0,14905338025,38293090
14.9462,3,14907861031,38293090
14.9487,13,14910384037,38293090
14.9512,2,14912943043,38293090
14.9538,1,14915466049,38293090
14.9563,5,14918007055,38293090
14.9588,6,14920530061,38293090
14.9613,7,14923053067,38293090
14.9639,10,14925889073,37980090
14.9664,11,14928421079,37980090
14.9689,14,14930953085,37980090
14.9715,12,14933494091,37980090
14.974,9,14936035097,37980090
14.9766,8,14938576103,37980090
14.9791,4,14941108109,37980090
14.9816,0,14943631115,37980090
14.9841,3,14946154121,37980090
14.987,13,14948677127,38293090
14.9895,2,14951236133,38293090
14.9921,1,14953759139,38293090
14.9946,5,14956300145,38293090
14.9971,6,14958823151,38293090
14.9996,7,14961346157,38293090
15.0022,10,14963869163,38293090
15.0047,11,14966401169,38293090
15.0072,14,14968933175,38293090
15.0098,12,14971474181,38293090
15.0123,9,14974015187,38293090
15.0148,8,14976556193,38293090
15.0198,0,14981611205,38237084
15.0224,3,14984134211,38237084
15.0249,13,14986970217,37924084
15.0275,2,14989529223,37924084
15.0303,1,14992052229,38237084
15.0328,5,14994593235,38237084
15.0354,6,14997116241,38237084
15.0379,7,14999639247,38237084
15.0404,10,15002162253,38237084
15.0429,11,15004694259,38237084
15.0455,15,15017381289,28073060
15.0481,12,15009767271,38351084
15.0533,8,15014849283,38465084
15.0558,4,14979088199,76758174
15.0584,0,15019848289,38521090
15.0609,3,15022371295,38521090
15.0634,13,15024894301,38521090
15.066,15,15045454349,20511048
15.0685,2,15027453307,41035096
15.071,1,15030289313,40722096
15.0736,5,15032830319,40722096
15.0761,6,15035353325,40722096
15.0786,7,15037876331,40722096
15.0811,10,15040399337,40722096
15.0837,11,15042931343,40722096
15.0862,14,15007226265,78968180
15.089,12,15048118355,40930096
15.0916,15,15065965397,25615060
15.0941,9,15012308277,81795186
15.0967,8,15053314367,43348102
15.0992,4,15055846373,43348102
15.1017,0,15058369379,43348102
15.1042,3,15060892385,43348102
15.1068,13,15063415391,43348102
15.1093,2,15068488403,40843096
15.1119,1,15071011409,40843096
15.1144,5,15073552415,40843096
15.1194,7,15078598427,40787090
15.1219,10,15081121433,40787090
15.1244,11,15083653439,40787090
15.127,14,15086194445,40778090
15.1295,12,15089048451,40465090
15.1324,9,15094103463,38273084
15.1349,8,15096662469,38264084
15.1375,4,15099194475,38264084
15.14,0,15101717481,38264084
15.1425,3,15104240487,38264084
15.1475,2,15109331499,38190078
15.15,1,15111854505,38190078
15.1526,5,15114395511,38190078
15.1551,6,15076075421,79033174
15.1576,7,15119385517,38246084
15.1602,10,15121908523,38246084
15.1627,11,15124440529,38246084
15.1652,14,15126972535,38246084
15.1678,12,15129513541,38246084
15.1703,9,15132376547,37924084
15.1728,15,15091580457,81261180
15.1754,8,15134926553,40438090
15.1779,4,15137458559,40438090
15.1804,0,15139981565,40438090
15.1829,3,15142504571,40438090
15.1855,13,15106763493,78702174
15.188,2,15147521577,40494096
15.1905,1,15150044583,40494096
15.1934,5,15152585589,40807096
15.1959,6,15155108595,40807096
15.1984,7,15157631601,40807096
15.201,10,15160154607,40807096
15.2035,11,15162686613,40807096
15.206,14,15165218619,40807096
15.2111,9,15170300631,40751090
15.2136,8,15175364643,38246084
15.2161,4,15177896649,38246084
15.2187,0,15180419655,38246084
15.2212,3,15182942661,38246084
15.2237,13,15185465667,38246084
15.2263,2,15188015673,38246084
15.2288,1,15190538679,38246084
15.2313,5,15193392685,37933084
15.2342,6,15195915691,38246084
15.2367,7,15198438697,38246084
15.2392,10,15200961703,38246084
15.2417,11,15203493709,38246084
15.2468,12,15167759625,78997174
15.2493,9,15211051721,38246084
15.2518,8,15213610727,38237084
15.2544,4,15216142733,38237084
15.2569,0,15218665739,38237084
15.2594,3,15221188745,38237084
15.2619,13,15223711751,38237084
15.2645,2,15226261757,38237084
15.267,1,15228784763,38237084
15.2696,5,15231325769,38237084
15.2721,6,15234161775,37924084
15.2746,7,15236684781,37924084
15.2771,10,15239207787,37924084
15.2821,14,15206025715,76114162
15.2847,12,15246756799,37924084
15.2872,15,15172841637,114362252
15.2897,9,15249297805,40438090
15.2923,8,15251847811,40438090
15.2951,4,15254379817,40751090
15.2977,0,15256902823,40751090
15.3002,3,15259425829,40751090
15.3027,13,15261948835,40751090
15.3052,2,15264498841,40751090
15.3078,1,15267021847,40751090
15.3103,5,15269562853,40751090
15.3128,6,15272085859,40751090
15.3154,7,15274608865,40751090
15.3179,10,15277131871,40751090
15.3204,11,15241739793,78675174
15.3229,14,15282139877,40807096
15.3255,15,15287203889,38275090
15.328,12,15284680883,43321102
15.3306,9,15289735895,40816096
15.3331,8,15292285901,40816096
15.3359,4,15295130907,40816096
15.3385,0,15297653913,40816096
15.341,3,15300176919,40816096
15.3435,13,15302699925,40816096
15.3461,2,15305249931,40816096
15.3486,1,15307772937,40816096
15.3511,5,15310313943,40816096
15.3537,6,15312836949,40816096
15.3562,7,15315359955,40816096
15.3587,10,15317882961,40816096
15.3612,11,15320414967,40816096
15.3638,14,15322946973,40816096
15.3663,15,15325478979,40807096
15.3688,12,15328001985,40834096
15.3714,9,15330551991,40816096
15.3739,8,15333101997,40816096
15.3765,4,15335947003,40503096
15.379,0,15338470009,40503096
15.3815,3,15340993015,40503096
15.384,13,15343516021,40503096
15.3866,2,15346066027,40503096
15.3891,1,15348589033,40503096
15.3916,5,15351130039,40503096
15.3942,6,15353653045,40503096
15.397,7,15356176051,40816096
15.3995,10,15358699057,40816096
15.402,11,15361231063,40816096
15.4046,14,15363763069,40816096
15.4071,15,15366286075,40816096
15.4097,12,15368836081,40816096
15.4122,9,15371368087,40816096
15.4147,8,15373918093,40816096
15.4173,4,15376450099,40816096
15.4198,0,15378973105,40816096
15.4223,3,15381496111,40816096
15.4248,13,15384019117,40816096
15.4274,2,15386569123,40816096
15.4299,1,15389092129,40816096
15.4324,5,15391633135,40816096
15.435,6,15394156141,40816096
15.4378,7,15396992147,40816096
15.4403,10,15399515153,40816096
15.4429,11,15402047159,40816096
15.4454,14,15404579165,40816096
15.4479,15,15407102171,40816096
15.4505,12,15409652177,40816096
15.453,9,15412184183,40816096
15.4556,8,15414734189,40816096
15.4581,4,15417266195,40816096
15.4606,0,15419789201,40816096
15.4631,3,15422312207,40816096
15.4657,13,15424835213,40816096
15.4682,2,15427385219,40816096
15.4707,1,15429908225,40816096
15.4733,5,15432449231,40816096
15.4758,6,15434972237,40816096
15.4783,7,15437808243,40503096
15.4808,10,15440331249,40503096
15.4834,11,15442863255,40503096
15.4859,14,15445395261,40503096
15.4884,15,15447918267,40503096
15.491,12,15450468273,40503096
15.4935,9,15453000279,40503096
15.4961,8,15455550285,40503096
15.4989,4,15458082291,40816096
15.5014,0,15460605297,40816096
15.5039,3,15463128303,40816096
15.5065,13,15465651309,40816096
15.509,2,15468201315,40816096
15.5115,1,15470724321,40816096
15.5141,5,15473265327,40816096
15.5166,6,15475788333,40816096
15.5191,7,15478311339,40816096
15.5217,10,15480834345,40816096
15.5242,11,15483366351,40816096
15.5267,14,15485898357,40816096
15.5292,15,15488421363,40816096
15.5318,12,15490971369,40816096
15.5343,9,15493503375,40816096
15.5369,8,15496053381,40816096
15.5394,4,15498898387,40503096
15.5422,0,15501421393,40816096
15.5448,3,15503944399,40816096
15.5473,13,15506467405,40816096
15.5498,2,15509017411,40816096
15.5524,1,15511540417,40816096
15.5549,5,15514081423,40816096
15.5574,6,15516604429,40816096
15.5599,7,15519127435,40816096
15.5625,10,15521650441,40816096
15.565,11,15524182447,40816096
15.5675,14,15526714453,40816096
15.5701,15,15529237459,40816096
15.5726,12,15531787465,40816096
15.5751,9,15534319471,40816096
15.5777,8,15536869477,40816096
15.5802,4,15539401483,40816096
15.5827,0,15542237489,40503096
15.5853,3,15544760495,40503096
15.5878,13,15547283501,40503096
15.5903,2,15549833507,40503096
15.5929,1,15552356513,40503096
15.5954,5,15554897519,40503096
15.5979,6,15557420525,40503096
15.6008,7,15559943531,40816096
15.6033,10,15562466537,40816096
15.6058,11,15564998543,40816096
15.6083,14,15567530549,40816096
15.6109,15,15570053555,40816096
15.6134,12,15572603561,40816096
15.616,9,15575135567,40816096
15.6185,8,15577685573,40816096
15.621,4,15580217579,40816096
15.6236,0,15582740585,40816096
15.6261,3,15585263591,40816096
15.6286,13,15587786597,40816096
15.6312,2,15590336603,40816096
15.6337,1,15592859609,40816096
15.6362,5,15595400615,40816096
15.6387,6,15597923621,40816096
15.6413,7,15600759627,40503096
15.6441,10,15603282633,40816096
15.6466,11,15605814639,40816096
15.6492,14,15608346645,40816096
15.6517,15,15610869651,40816096
15.6542,12,15613419657,40816096
15.6568,9,15615951663,40816096
15.6593,8,15618501669,40816096
15.6618,4,15621033675,40816096
15.6644,0,15623556681,40816096
15.6669,3,15626079687,40816096
15.6694,13,15628602693,40816096
15.672,2,15631152699,40816096
15.6745,1,15633675705,40816096
15.677,5,15636216711,40816096
15.6796,6,15638739717,40816096
15.6821,7,15641262723,40816096
15.6846,10,15644098729,40503096
15.6871,11,15646630735,40503096
15.6897,14,15649162741,40503096
15.6922,15,15651685747,40503096
15.6947,12,15654235753,40503096
15.6973,9,15656767759,40503096
15.6998,8,15659317765,40503096
15.7024,4,15661849771,40503096
15.7052,0,15664372777,40816096
15.7077,3,15666895783,40816096
15.7102,13,15669418789,40816096
15.7128,2,15671968795,40816096
15.7153,1,15674491801,40816096
15.7178,5,15677032807,40816096
15.7204,6,15679555813,40816096
15.7229,7,15682078819,40816096
15.7254,10,15684601825,40816096
15.7279,11,15687133831,40816096
15.7305,14,15689665837,40816096
15.733,15,15692188843,40816096
15.7356,12,15694738849,40816096
15.7381,9,15697270855,40816096
15.7406,8,15699820861,40816096
15.7432,4,15702352867,40816096
15.746,0,15705188873,40816096
15.7485,3,15707711879,40816096
15.7511,13,15710234885,40816096
15.7536,2,15712784891,40816096
15.7561,1,15715307897,40816096
15.7587,5,15717848903,40816096
15.7612,6,15720371909,40816096
15.7637,7,15722894915,40816096
15.7662,10,15725417921,40816096
15.7688,11,15727949927,40816096
15.7713,14,15730481933,40816096
15.7738,15,15733004939,40816096
15.7764,12,15735554945,40816096
15.7789,9,15738086951,40816096
15.7815,8,15740636957,40816096
15.784,4,15743168963,40816096
15.7865,0,15746004969,40503096
15.789,3,15748527975,40503096
15.7916,13,15751050981,40503096
15.7941,2,15753600987,40503096
15.7966,1,15756123993,40503096
15.7992,5,15758664999,40503096
15.8017,6,15761188005,40503096
15.8042,7,15763711011,40503096
15.8071,10,15766234017,40816096
15.8096,11,15768766023,40816096
15.8121,14,15771298029,40816096
15.8146,15,15773821035,40816096
15.8172,12,15776371041,40816096
15.8197,9,15778903047,40816096
15.8223,8,15781453053,40816096
15.8248,4,15783985059,40816096
15.8273,0,15786508065,40816096
15.8298,3,15789031071,40816096
15.8324,13,15791554077,40816096
15.8349,2,15794104083,40816096
15.8374,1,15796627089,40816096
15.84,5,15799168095,40816096
15.8425,6,15801691101,40816096
15.845,7,15804214107,40816096
15.8479,10,15807050113,40816096
15.8504,11,15809582119,40816096
15.8529,14,15812114125,40816096
15.8555,15,15814637131,40816096
15.858,12,15817187137,40816096
15.8605,9,15819719143,40816096
15.8631,8,15822269149,40816096
15.8656,4,15824801155,40816096
15.8681,0,15827324161,40816096
15.8707,3,15829847167,40816096
15.8732,13,15832370173,40816096
15.8757,2,15834920179,40816096
15.8783,1,15837443185,40816096
15.8808,5,15839984191,40816096
15.8833,6,15842507197,40816096
15.8858,7,15845030203,40816096
15.8884,10,15847866209,40503096
15.8909,11,15850398215,40503096
15.8934,14,15852930221,40503096
15.896,15,15855453227,40503096
15.8985,12,15858003233,40503096
15.901,9,15860535239,40503096
15.9036,8,15863085245,40503096
15.9061,4,15865617251,40503096
15.909,0,15868140257,40816096
15.9115,3,15870663263,40816096
15.914,13,15873186269,40816096
15.9166,2,15875736275,40816096
15.9191,1,15878259281,40816096
15.9216,5,15880800287,40816096
15.9241,6,15883323293,40816096
15.9267,7,15885846299,40816096
15.9292,10,15888369305,40816096
15.9317,11,15890901311,40816096
15.9342,14,15893433317,40816096
15.9368,15,15895956323,40816096
15.9393,12,15898506329,40816096
15.9419,9,15901038335,40816096
15.9444,8,15903588341,40816096
15.9469,4,15906120347,40816096
15.9498,0,15908956353,40816096
15.9523,3,15911479359,40816096
15.9548,13,15914002365,40816096
15.9574,2,15916552371,40816096
15.9599,1,15919075377,40816096
15.9624,5,15921616383,40816096
15.965,6,15924139389,40816096
15.9675,7,15926662395,40816096
15.97,10,15929185401,40816096
15.9725,11,15931717407,40816096
15.9751,14,15934249413,40816096
15.9776,15,15936772419,40816096
15.9801,12,15939322425,40816096
15.9827,9,15941854431,40816096
15.9852,8,15944404437,40816096
15.9878,4,15946936443,40816096
15.9903,0,15949772449,40503096
15.9928,3,15952295455,40503096
15.9953,13,15954818461,40503096
15.9979,2,15957368467,40503096
16.0004,1,15959891473,40503096
16.0029,5,15962432479,40503096
16.0055,6,15964955485,40503096
16.008,7,15967478491,40503096
16.0108,10,15970001497,40816096
16.0133,11,15972533503,40816096
16.0159,14,15975065509,40816096
16.0209,12,15980138521,40760090
16.0234,9,15982670527,40760090
16.026,8,15985220533,40760090
16.0285,4,15987752539,40760090
16.031,0,15990275545,40760090
16.0336,3,15992798551,40760090
16.0361,13,15995321557,40760090
16.0414,1,16000394569,41044090
16.044,5,16002935575,41044090
16.0465,6,16005458581,41044090
16.049,7,16007981587,41044090
16.0515,10,16010817593,40731090
16.0544,11,16013349599,41044090
16.0569,14,16015881605,41044090
16.0594,15,15977588515,81860186
16.0645,12,16020898611,43614102
16.067,9,16023430617,43614102
16.0696,8,16025980623,43614102
16.0721,4,16028512629,43614102
16.0746,0,16031035635,43614102
16.0772,3,16033558641,43614102
16.0797,13,16036081647,43614102
16.0873,2,15997871563,89429204
16.0898,1,16041438659,48385114
16.0949,5,16043979665,50899120
16.0974,6,16046502671,50899120
16.0999,7,16049025677,50899120
16.1024,10,16051548683,50899120
16.105,11,16054393689,50586120
16.1075,14,16056925695,50586120
16.11,15,16059448701,50586120
16.1154,12,16064512713,50917120
16.118,9,16067044719,50917120
16.123,4,16072126731,50861114
16.1255,0,16074649737,50861114
16.128,3,16077172743,50861114
16.1306,13,16079695749,50861114
16.1331,2,16087300767,45833102
16.1357,1,16089823773,45833102
16.1382,5,16094878785,43328096
16.1407,6,16097401791,43328096
16.1433,7,16099924797,43328096
16.1458,10,16102447803,43328096
16.1483,11,16104979809,43328096
16.1508,14,16107511815,43328096
16.1562,12,16115429833,40758090
16.1587,9,16117961839,40758090
16.1613,8,16069594725,91675210
16.1638,4,16122987845,40814096
16.1663,0,16125510851,40814096
16.1688,3,16128033857,40814096
16.1714,13,16130556863,40814096
16.1739,2,16133133869,40787096
16.1764,1,16135656875,40787096
16.179,5,16138206881,40778096
16.1815,6,16140729887,40778096
16.184,7,16143252893,40778096
16.1866,10,16145775899,40778096
16.1891,11,16148307905,40778096
16.1916,14,16150839911,40778096
16.1941,15,16110034821,84106192
16.1967,12,16156187923,40503096
16.1992,9,16158719929,40503096
16.2018,8,16161269935,40503096
16.2043,4,16163801941,40503096
16.2068,0,16166324947,40503096
16.2094,3,16168847953,40503096
16.2119,13,16171370959,40503096
16.2144,2,16173920965,40503096
16.2173,1,16176443971,40816096
16.2198,5,16178984977,40816096
16.2248,7,16184030989,40760090
16.2273,10,16186553995,40760090
16.2298,11,16189086001,40760090
16.2324,14,16191618007,40760090
16.2349,15,16194141013,40760090
16.2375,12,16196691019,40760090
16.24,9,16199223025,40760090
16.2425,8,16201773031,40760090
16.2451,4,16204305037,40760090
16.2476,0,16206828043,40760090
16.2501,3,16209351049,40760090
16.2526,13,16211874055,40760090
16.2552,2,16214424061,40760090
16.258,1,16217260067,40760090
16.2606,5,16219801073,40760090
16.2631,6,16181507983,81576186
16.2656,7,16224791079,40816096
16.2681,10,16227314085,40816096
16.2707,11,16229846091,40816096
16.2732,14,16232378097,40816096
16.2757,15,16234901103,40816096
16.2783,12,16237451109,40816096
16.2808,9,16239983115,40816096
16.2833,8,16242533121,40816096
16.2859,4,16245065127,40816096
16.2884,0,16247588133,40816096
16.2909,3,16250111139,40816096
16.2935,13,16252634145,40816096
16.296,2,16255184151,40816096
16.2985,1,16258020157,40503096
16.3011,5,16260561163,40503096
16.3036,6,16263084169,40503096
16.3061,7,16265607175,40503096
16.3086,10,16268130181,40503096
16.3112,11,16270662187,40503096
16.3137,14,16273194193,40503096
16.3162,15,16275717199,40503096
16.3191,12,16278267205,40816096
16.3216,9,16280799211,40816096
16.3267,8,16283349217,43330102
16.3292,4,16285881223,43330102
16.3317,0,16288404229,43330102
16.3343,3,16290927235,43330102
16.3368,13,16293450241,43330102
16.3393,2,16296000247,43330102
16.3443,5,16301064259,43274096
16.3493,7,16306110271,43218090
16.3519,10,16308633277,43218090
16.3544,11,16311165283,43218090
16.3569,14,16313697289,43218090
16.3598,15,16316220295,43531090
16.3648,12,16319083301,45732096
16.3673,9,16321615307,45732096
16.3699,8,16326679319,43236090
16.375,4,16329211325,45750096
16.3775,0,16331734331,45750096
16.3825,13,16336780343,45694090
16.385,2,16339330349,45694090
16.3875,1,16298523253,89024192
16.3901,5,16344338355,45750096
16.3926,6,16303587265,89024192
16.3951,7,16349328361,45806102
16.3977,10,16351851367,45806102
16.4002,11,16354383373,45806102
16.4027,14,16356915379,45806102
16.4052,15,16359751385,45493102
16.4078,12,16364815397,42988096
16.4103,9,16367347403,42988096
16.4154,4,16374961421,40418084
16.4179,0,16377484427,40418084
16.4207,3,16334257337,86481180
16.4233,13,16382474433,40787090
16.4258,2,16385024439,40787090
16.4283,1,16387547445,40787090
16.4309,5,16390088451,40787090
16.4334,6,16392611457,40787090
16.4359,7,16395134463,40787090
16.4384,10,16397657469,40787090
16.441,11,16400189475,40787090
16.4435,14,16402721481,40787090
16.446,15,16405244487,40787090
16.4486,12,16407803493,40778090
16.4536,8,16369915409,83701180
16.4561,4,16415379505,40760090
16.4587,0,16417902511,40760090
16.4612,3,16420738517,40447090
16.464,13,16423261523,40760090
16.4666,2,16425811529,40760090
16.4691,1,16428334535,40760090
16.4716,5,16430875541,40760090
16.4742,6,16433398547,40760090
16.4767,7,16435921553,40760090
16.4792,10,16438444559,40760090
16.4817,11,16440976565,40760090
16.4843,14,16443508571,40760090
16.4868,15,16446031577,40760090
16.4893,12,16448581583,40760090
16.4919,9,16410335499,81538180
16.4944,8,16453616589,40816096
16.497,4,16456139595,40816096
16.4995,0,16458662601,40816096
16.502,3,16461185607,40816096
16.5045,13,16464021613,40503096
16.5071,2,16466571619,40503096
16.5096,1,16469094625,40503096
16.5121,5,16471635631,40503096
16.5147,6,16474158637,40503096
16.5172,7,16476681643,40503096
16.5197,10,16479204649,40503096
16.5226,11,16481736655,40816096
16.5251,14,16484268661,40816096
16.5276,15,16486791667,40816096
16.5302,12,16489341673,40816096
16.5327,9,16491873679,40816096
16.5352,8,16494432685,40816096
16.5378,4,16496955691,40816096
16.5403,0,16499478697,40816096
16.5428,3,16502001703,40816096
16.5453,13,16504524709,40816096
16.5504,2,16507074715,43330102
16.5554,5,16512138727,43274096
16.5579,6,16514661733,43274096
16.5605,7,16517184739,43274096
16.5658,11,16522552751,43218096
16.5683,14,16525084757,43218096
16.5708,15,16527607763,43218096
16.5734,12,16530157769,43218096
16.5759,9,16532689775,43218096
16.5785,8,16535248781,43218096
16.581,4,16537771787,43218096
16.5835,0,16540294793,43218096
16.586,3,16542817799,43218096
16.5886,13,16545340805,43218096
16.5911,2,16550404817,40722090
16.5936,1,16509597721,84052192
16.5962,5,16555412823,40778096
16.5987,6,16557935829,40778096
16.6012,7,16560458835,40778096
16.6038,10,16519707745,84052192
16.6063,11,16565770847,40521096
16.6088,14,16568302853,40521096
16.6113,15,16570825859,40521096
16.6139,12,16573375865,40521096
16.6164,9,16575907871,40521096
16.619,8,16578466877,40521096
16.6215,4,16580989883,40521096
16.624,0,16583512889,40521096
16.6293,13,16588558901,40778090
16.6319,2,16591126907,40760090
16.6344,1,16593649913,40760090
16.637,5,16596190919,40760090
16.6395,6,16598713925,40760090
16.642,7,16601236931,40760090
16.6445,10,16603759937,40760090
16.6471,11,16606291943,40760090
16.6496,14,16608823949,40760090
16.6521,15,16611346955,40760090
16.6547,12,16613896961,40760090
16.6572,9,16616428967,40760090
16.6597,8,16618987973,40760090
16.6623,4,16621510979,40760090
16.6648,0,16624033985,40760090
16.6676,3,16586035895,81594186
16.6702,13,16629336991,40816096
16.6727,2,16631886997,40816096
16.6752,1,16634410003,40816096
16.6778,5,16636951009,40816096
16.6803,6,16639474015,40816096
16.6828,7,16641997021,40816096
16.6853,10,16644520027,40816096
16.6879,11,16647052033,40816096
16.6904,14,16649584039,40816096
16.6929,15,16652107045,40816096
16.6955,12,16654657051,40816096
16.698,9,16657189057,40816096
16.7006,8,16659748063,40816096
16.7031,4,16662271069,40816096
16.7056,0,16664794075,40816096
16.7081,3,16667630081,40503096
16.7107,13,16670153087,40503096
16.7132,2,16672703093,40503096
16.7157,1,16675226099,40503096
16.7183,5,16677767105,40503096
16.7208,6,16680290111,40503096
16.7233,7,16682813117,40503096
16.7258,10,16685336123,40503096
16.7287,11,16687868129,40816096
16.7312,14,16690400135,40816096
16.7337,15,16692923141,40816096
16.7363,12,16695473147,40816096
16.7388,9,16698005153,40816096
16.7414,8,16700564159,40816096
16.7439,4,16703087165,40816096
16.7464,0,16705610171,40816096
16.7489,3,16708133177,40816096
16.7515,13,16710656183,40816096
16.754,2,16713206189,40816096
16.7565,1,16715729195,40816096
16.7591,5,16718270201,40816096
16.7616,6,16720793207,40816096
16.7641,7,16723316213,40816096
16.7667,10,16725839219,40816096
16.7695,11,16728684225,40816096
16.772,14,16731216231,40816096
16.7746,15,16733739237,40816096
16.7796,9,16738821249,40760090
16.7821,8,16741380255,40760090
16.7847,4,16743903261,40760090
16.7872,0,16746426267,40760090
16.7897,3,16748949273,40760090
16.7922,13,16751472279,40760090
16.7948,2,16754022285,40760090
16.7973,1,16756545291,40760090
16.7998,5,16759086297,40760090
16.8024,6,16761609303,40760090
16.8049,7,16764132309,40760090
16.8074,10,16766655315,40760090
16.8099,11,16769500321,40447090
16.8125,14,16772032327,40447090
16.815,15,16774555333,40447090
16.8176,12,16736289243,81263186
16.8201,9,16779581339,40503096
16.8226,8,16782140345,40503096
16.8252,4,16784663351,40503096
16.8277,0,16787186357,40503096
16.8305,3,16789709363,40816096
16.833,13,16792232369,40816096
16.8356,2,16794782375,40816096
16.8381,1,16797305381,40816096
16.8407,5,16799846387,40816096
16.8432,6,16802369393,40816096
16.8457,7,16804892399,40816096
16.8482,10,16807415405,40816096
16.8508,11,16809947411,40816096
16.8533,14,16812479417,40816096
16.8558,15,16815002423,40816096
16.8584,12,16817552429,40816096
16.8609,9,16820084435,40816096
16.8635,8,16822643441,40816096
16.866,4,16825166447,40816096
16.8685,0,16827689453,40816096
16.8713,3,16830525459,40816096
16.8739,13,16833048465,40816096
16.8789,2,16835598471,43330102
16.8815,1,16838121477,43330102
16.884,5,16840662483,43330102
16.8865,6,16843185489,43330102
16.889,7,16845708495,43330102
16.8916,10,16848231501,43330102
16.8941,11,16850763507,43330102
16.8966,14,16853295513,43330102
16.8991,15,16855818519,43330102
16.9042,12,16858368525,45844108
16.9067,9,16860900531,45844108
16.9093,8,16863459537,45844108
16.9143,0,16868505549,45788102
16.9168,3,16871341555,45475102
16.9193,13,16873864561,45475102
16.9219,2,16878928573,42979096
16.9244,1,16881451579,42979096
16.927,5,16883992585,42979096
16.9295,6,16886515591,42979096
16.9323,7,16889038597,43292096
16.9349,10,16891561603,43292096
16.9374,11,16894093609,43292096
16.9399,14,16896625615,43292096
16.9424,15,16899148621,43292096
16.945,12,16904212633,40787090
16.9475,9,16906744639,40787090
16.9526,8,16909303645,43301096
16.9551,4,16865982543,89145204
16.9577,0,16914293651,43357102
16.9602,3,16916816657,43357102
16.9627,13,16919339663,43357102
16.9653,2,16921907669,43348102
16.9678,1,16924430675,43348102
16.9728,5,16926971681,45862108
16.9757,6,16929494687,46175108
16.9782,7,16932330693,45862108
16.9807,10,16934853699,45862108
16.9832,11,16937385705,45862108
16.9858,14,16939917711,45862108
16.9883,15,16942440717,45862108
16.9908,12,16944999723,45844108
16.9984,8,16952604741,45806102
17.0009,4,16955127747,45806102
17.0035,0,16957650753,45806102
17.006,3,16960173759,45806102
17.0085,13,16962696765,45806102
17.0111,2,16965255771,45806102
17.0136,1,16967778777,45806102
17.0188,5,16972833789,45929102
17.0213,6,16975669795,45616102
17.0238,7,16978192801,45616102
17.0263,10,16980715807,45616102
17.0289,11,16983247813,45616102
17.0314,14,16985779819,45616102
17.0339,15,16988302825,45616102
17.0368,12,16990843831,45929102
17.0417,9,16947531729,94181682
17.0443,8,16998410843,45879574
17.0468,4,17000933849,45879574
17.0518,3,17005979861,45823568
17.0543,13,17008502867,45823568
17.0619,5,17018762891,43101550
17.0669,7,17023808903,43045544
17.0694,10,17026331909,43045544
17.0719,11,17028863915,43045544
17.0744,14,17031395921,43045544
17.0773,15,17033918927,43358544
17.0798,12,17036772933,43045544
17.0824,9,17041713411,40646072
17.0874,4,17046813423,40581066
17.0899,0,17003456855,86460640
17.0949,13,17054326435,40581066
17.0975,2,17011061873,86404634
17.1,1,17013584879,86404634
17.1025,5,17061864441,40666078
17.1051,6,17021285897,83767628
17.115,14,17074441465,40554066
17.1175,15,17077277471,40241066
17.1201,12,17079818477,40241066
17.1226,9,17082359483,40223066
17.1252,8,17044290417,80860138
17.1277,4,17087394489,40279072
17.1302,0,17089917495,40279072
17.1327,3,17051803429,80916144
17.1352,13,17094907501,40335078
17.1381,2,17097466507,40648078
17.1406,1,17099989513,40648078
17.1432,5,17102530519,40648078
17.1457,6,17105053525,40648078
17.1482,7,17066854447,81370162
17.1507,10,17069377453,81370162
17.1533,11,17071909459,81370162
17.1558,14,17114995531,40816096
17.1583,15,17117518537,40816096
17.1609,12,17120059543,40816096
17.1634,9,17122582549,40816096
17.166,8,17125150555,40816096
17.1685,4,17127673561,40816096
17.171,0,17130196567,40816096
17.1735,3,17132719573,40816096
17.1761,13,17135242579,40816096
17.1789,2,17138114585,40816096
17.1815,1,17140637591,40816096
17.184,5,17143178597,40816096
17.1865,6,17145701603,40816096
17.189,7,17148224609,40816096
17.1916,10,17150747615,40816096
17.1941,11,17153279621,40816096
17.1966,14,17155811627,40816096
17.1992,15,17158334633,40816096
17.2017,12,17160875639,40816096
17.2042,9,17163398645,40816096
17.2068,8,17165966651,40816096
17.2093,4,17168489657,40816096
17.2118,0,17171012663,40816096
17.2144,3,17173535669,40816096
17.2169,13,17176058675,40816096
17.2194,2,17178930681,40503096
17.222,1,17181453687,40503096
17.2245,5,17183994693,40503096
17.227,6,17186517699,40503096
17.2295,7,17189040705,40503096
17.2321,10,17191563711,40503096
17.2346,11,17194095717,40503096
17.2371,14,17196627723,40503096
17.24,15,17199150729,40816096
17.2425,12,17201691735,40816096
17.245,9,17204214741,40816096
17.2476,8,17206782747,40816096
17.2501,4,17209305753,40816096
17.2526,0,17211828759,40816096
17.2552,3,17214351765,40816096
17.2577,13,17216874771,40816096
17.2602,2,17219433777,40816096
17.2628,1,17221956783,40816096
17.2653,5,17224497789,40816096
17.2678,6,17227020795,40816096
17.2704,7,17229543801,40816096
17.2729,10,17232066807,40816096
17.2754,11,17234598813,40816096
17.2779,14,17237130819,40816096
17.2805,15,17239966825,40503096
17.2833,12,17242507831,40816096
17.2858,9,17245030837,40816096
17.2884,8,17247598843,40816096
17.2909,4,17250121849,40816096
17.2935,0,17252644855,40816096
17.296,3,17255167861,40816096
17.2985,13,17257690867,40816096
17.306,1,17262772879,43274096
17.3111,5,17265313885,45788102
17.3136,6,17267836891,45788102
17.3161,7,17270359897,45788102
17.3187,10,17272882903,45788102
17.3212,11,17275414909,45788102
17.3237,14,17277946915,45788102
17.3263,15,17280469921,45788102
17.3288,12,17283323927,45475102
17.3313,9,17285846933,45475102
17.3364,8,17288414939,47989108
17.3417,0,17293460951,48246108
17.3442,3,17295983957,48246108
17.3468,13,17298506963,48246108
17.3493,2,17260249873,89080204
17.3543,5,17311101987,43245096
17.3593,7,17316147999,43189090
17.3619,10,17318671005,43189090
17.3644,11,17321203011,43189090
17.3669,14,17323735017,43189090
17.3694,15,17326258023,43189090
17.372,12,17328799029,43189090
17.3745,9,17331322035,43189090
17.3773,8,17336404047,40863090
17.3798,4,17290937945,88852198
17.3823,0,17341707059,40606090
17.3851,3,17344230065,40919090
17.3877,13,17346753071,40919090
17.3902,2,17349330077,40901090
17.3928,1,17306046975,86707198
17.3953,5,17354347083,40948096
17.4003,7,17359337089,40948096
17.4028,10,17361860095,40948096
17.4053,11,17364392101,40948096
17.4104,14,17366924107,43462102
17.4129,15,17369447113,43462102
17.4155,12,17371988119,43462102
17.418,9,17374511125,43462102
17.4206,8,17377267137,43292096
17.4231,4,17379790143,43292096
17.4281,3,17385149155,42923090
17.4306,13,17387672161,42923090
17.4356,2,17390231167,45331562
17.4381,1,17392754173,45331562
17.4431,5,17395295179,47845568
17.446,6,17313624993,132351760
17.4485,7,17400285185,48214574
17.451,10,17402808191,48214574
17.4586,14,17410386209,48167568
17.4611,15,17412909215,48167568
17.4636,12,17415450221,48167568
17.4712,8,17420559233,50616568
17.4737,4,17423082239,50616568
17.4762,0,17382313149,93908664
17.4787,3,17428072245,50672574
17.4813,13,17430595251,50672574
17.4867,2,17435562729,51100108
17.4892,1,17438085735,51100108
17.4917,5,17443140747,48604102
17.4943,6,17445976753,48291102
17.4993,10,17451022765,48235096
17.5018,11,17405340197,96449670
17.5043,14,17458553777,45777096
17.5069,15,17461076783,45777096
17.5119,12,17463617789,48291102
17.5144,9,17417973227,96458670
17.517,8,17471175801,45842102
17.5195,4,17473698807,45842102
17.5221,0,17476221813,45842102
17.5246,3,17478744819,45842102
17.5271,13,17481267825,45842102
17.5321,2,17486662837,45473096
17.5347,1,17489185843,45473096
17.5372,5,17491744849,45464096
17.5422,7,17448499759,93699192
17.5447,10,17499257861,45464096
17.5501,11,17501789867,48291102
17.5526,14,17504330873,48273102
17.5551,15,17506853879,48273102
17.5602,9,17514431897,45721090
17.5627,8,17517017903,45703090
17.5652,4,17519540909,45703090
17.5678,0,17522063915,45703090
17.5703,3,17524586921,45703090
17.5728,13,17527109927,45703090
17.5754,2,17532135933,43245090
17.5779,1,17534658939,43245090
17.5805,5,17537208945,43245090
17.5882,10,17544721957,43504090
17.5908,11,17550080969,40695084
17.5933,14,17552603975,40695084
17.5958,15,17555126981,40695084
17.5984,12,17511908891,86454180
17.6009,9,17560152987,40733090
17.6084,4,17565243999,43191090
17.611,0,17567767005,43191090
17.6135,3,17570290011,43191090
17.616,13,17572813017,43191090
17.6186,2,17575381023,43182090
17.6211,1,17577904029,43182090
17.6262,5,17580454035,45696096
17.6287,6,17494267855,134405282
17.6312,7,17542198951,88997192
17.6337,10,17588226047,45493102
17.6363,11,17590776053,45475102
17.6388,14,17593299059,45475102
17.6438,12,17598363071,45419096
17.6463,9,17600886077,45419096
17.6492,8,17562720993,86483186
17.6517,4,17608435089,43292096
17.6543,0,17610958095,43292096
17.6568,3,17613481101,43292096
17.6593,13,17616004107,43292096
17.6643,1,17621086119,43236090
17.6669,5,17626150131,40731084
17.6694,6,17628673137,40731084
17.6719,7,17631196143,40731084
17.6745,10,17633719149,40731084
17.6795,11,17636251155,43245090
17.682,14,17638774161,43245090
17.6845,15,17595822065,88720192
17.6871,12,17643782167,43301096
17.6896,9,17646305173,43301096
17.695,8,17649204179,45806102
17.7,0,17654250191,45750096
17.7025,3,17656773197,45750096
17.705,13,17659296203,45750096
17.7076,2,17618563113,89042192
17.7101,1,17664322209,45806102
17.7127,5,17666881215,45788102
17.7152,6,17669404221,45788102
17.7177,7,17671927227,45788102
17.7202,10,17674450233,45788102
17.7278,11,17679496245,48320108
17.7303,14,17682019251,48320108
17.7329,15,17684542257,48320108
17.7354,12,17687083263,48320108
17.7379,9,17689606269,48320108
17.7455,8,17695010281,50530114
17.7481,4,17651727185,96336216
17.7506,0,17700000287,50586120
17.7534,3,17702523293,50899120
17.7559,13,17705046299,50899120
17.761,2,17707605305,53413126
17.7635,1,17710128311,53413126
17.7661,5,17712669317,53413126
17.7686,6,17715192323,53413126
17.7711,7,17717715329,53413126
17.7737,10,17720238335,53413126
17.7787,14,17730339359,48347108
17.7812,15,17732862365,48347108
17.7838,12,17735403371,48347108
17.7888,8,17745540395,43272090
17.7913,4,17748063401,43272090
17.7942,0,17750586407,43585090
17.7967,3,17753422413,43272090
17.7992,13,17755945419,43272090
17.8018,2,17761018431,40776084
17.8043,1,17763541437,40776084
17.8069,5,17766082443,40776084
17.8094,6,17768605449,40776084
17.8119,7,17771128455,40776084
17.8144,10,17773651461,40776084
17.817,11,17727816353,89152198
17.8195,14,17778686467,40805090
17.822,15,17781209473,40805090
17.8246,12,17783750479,40805090
17.8271,9,17737926377,89152198
17.8322,8,17788812485,43348102
17.8347,4,17791335491,43348102
17.8372,0,17794171497,43035102
17.8397,3,17796694503,43035102
17.8423,13,17799217509,43035102
17.8473,1,17804317521,42961096
17.8523,5,17806858527,45475102
17.8552,6,17809381533,45788102
17.8577,7,17811904539,45788102
17.8602,10,17814427545,45788102
17.8628,11,17816968551,45788102
17.8653,14,17819491557,45788102
17.8703,12,17824555569,45732096
17.8728,9,17827078575,45732096
17.8754,8,17832160587,43236090
17.8779,4,17834683593,43236090
17.8804,0,17837206599,43236090
17.883,3,17839729605,43236090
17.8855,13,17842252611,43236090
17.888,2,17801794515,86253192
17.8906,1,17847278617,43292096
17.8933,5,17852333629,40957096
17.8961,6,17855169635,40957096
17.8986,7,17857692641,40957096
17.9012,10,17860215647,40957096
17.9062,14,17865279659,40901090
17.9087,15,17822014563,86689192
17.9112,12,17870287665,40957096
17.9163,8,17875396677,40892090
17.9188,4,17877919683,40892090
17.9213,0,17880442689,40892090
17.9239,3,17882965695,40892090
17.9264,13,17885488701,40892090
17.9338,1,17890570713,43244556
17.939,6,17896126731,42875544
17.9415,7,17898649737,42875544
17.944,10,17901172743,42875544
17.9466,11,17862756653,83832640
17.9491,14,17906180749,42931550
17.9516,15,17908703755,42931550
17.957,12,17911244761,45758556
17.9595,9,17872810671,86715652
17.9646,8,17916288767,48328568
17.9671,4,17918811773,48328568
17.9721,3,17923857785,48272562
17.9747,13,17926380791,48272562
17.9797,2,17888047707,91687658
17.9823,1,17933815269,48443102
17.9848,5,17893290725,91517652
17.9873,6,17939002275,48329108
17.9899,7,17941525281,48329108
17.9924,10,17944048287,48329108
17.9977,11,17946589293,51156114
18.0003,14,17949112299,51156114
18.0028,15,17951635305,51156114
18.0054,12,17957003317,48347108
18.0079,9,17959526323,48347108
18.018,0,17921334779,96686664
18.0205,3,17972130347,48414102
18.0231,13,17974653353,48414102
18.0281,2,17979735365,48414102
18.0307,1,17982258371,48414102
18.0383,7,17989854389,48463090
18.0408,10,17992377395,48463090
18.0434,11,17997745407,45645084
18.0459,14,18000268413,45645084
18.0484,15,18002791419,45645084
18.051,12,18005350425,45636084
18.0535,9,18007873431,45636084
18.0589,8,17964617335,94314192
18.0615,4,17967140341,94314192
18.064,0,18018021443,45956096
18.0665,3,18020544449,45956096
18.069,13,18023067455,45956096
18.0741,2,18028149467,45956096
18.0766,1,18030672473,45956096
18.0792,5,17984808377,94379198
18.0817,6,17987331383,94379198
18.0842,7,18038317479,45916108
18.0868,10,18040840485,45916108
18.0893,11,18043390491,45898108
18.0918,14,18045913497,45898108
18.0943,15,18048436503,45898108
18.1022,12,18050986509,51239120
18.1047,9,18053509515,51239120
18.1123,4,18061454533,50861114
18.1148,0,18063977539,50861114
18.1174,3,18066500545,50861114
18.1199,13,18069023551,50861114
18.1249,1,18076628569,48291102
18.1324,6,18081710581,50731102
18.135,7,18084233587,50731102
18.1375,10,18086756593,50731102
18.145,14,18091811605,53189102
18.1475,15,18094334611,53189102
18.1501,12,18102225629,47875090
18.1526,9,18104748635,47875090
18.1602,4,18112315647,47875090
18.163,0,18114838653,48188090
18.1655,3,18117361659,48188090
18.1681,13,18119884665,48188090
18.1731,1,18124919671,48179090
18.1781,6,18132441683,45674084
18.1806,7,18134964689,45674084
18.1832,10,18137487695,45674084
18.1882,14,18145000707,43178078
18.1907,15,18147523713,43178078
18.1957,9,18152623725,43095072
18.1983,8,18058931527,139373276
18.2008,4,18160190737,40637072
18.2037,0,18163026743,40637072
18.2062,3,18165549749,40637072
18.2087,13,18168072755,40637072
18.2113,2,18074105563,137163270
18.2138,1,18173098761,40693078
18.2163,5,18079187575,137136270
18.2188,6,18178115767,40731084
18.2214,7,18180638773,40731084
18.2239,10,18183161779,40731084
18.2264,11,18089288599,137145270
18.229,14,18188178785,40778090
18.2315,15,18190701791,40778090
18.234,12,18150100719,83929168
18.2366,9,18195718797,40834096
18.2416,8,18198304803,43330102
18.2442,4,18200827809,43330102
18.2467,0,18203663815,43017102
18.2492,3,18206186821,43017102
18.2542,2,18211268833,42961096
18.2568,1,18213791839,42961096
18.2593,5,18216323845,42961096
18.2618,6,18218846851,42961096
18.2646,7,18221369857,43274096
18.2672,10,18223892863,43274096
18.2697,11,18226433869,43274096
18.2747,15,18231479881,43218090
18.2772,12,18234029887,43218090
18.2798,9,18236552893,43218090
18.2824,8,18241634905,40722084
18.2849,4,18244157911,40722084
18.2874,0,18246680917,40722084
18.2899,3,18249203923,40722084
18.2924,13,18208709827,83739186
18.295,2,18254229929,40778090
18.2975,1,18256752935,40778090
18.3025,6,18261807947,40722084
18.3054,7,18264643953,40722084
18.3079,10,18267166959,40722084
18.3129,11,18269707965,43236090
18.3155,14,18228956875,86510186
18.318,15,18274697971,43292096
18.3205,12,18277247977,43292096
18.3231,9,18279770983,43292096
18.3281,8,18282356989,45788102
18.3307,4,18284879995,45788102
18.3332,0,18287403001,45788102
18.3357,3,18289926007,45788102
18.3382,13,18292449013,45788102
18.3408,2,18295008019,45788102
18.3433,1,18297531025,45788102
18.3484,5,18259284941,89080198
18.3509,6,18302530031,48358114
18.3534,7,18305366037,48045114
18.3559,10,18307889043,48045114
18.3585,11,18312944055,45549108
18.361,14,18315467061,45549108
18.3635,15,18317990067,45549108
18.3689,12,18320540073,48376114
18.3714,9,18323063079,48376114
18.374,8,18328145091,45871108
18.379,0,18333191103,45815102
18.3815,3,18335714109,45815102
18.3841,13,18338237115,45815102
18.3866,2,18340796121,45815102
18.3891,1,18343319127,45815102
18.3917,5,18348365139,43319096
18.3942,6,18350888145,43319096
18.3967,7,18353411151,43319096
18.3993,10,18355934157,43319096
18.4018,11,18358493163,43301096
18.4043,14,18361016169,43301096
18.4068,15,18363539175,43301096
18.4122,9,18371439193,40749084
18.4147,8,18374016199,40731084
18.4173,4,18330668097,86602192
18.4198,0,18379006205,40787090
18.4223,3,18381529211,40787090
18.4248,13,18384052217,40787090
18.4274,2,18386611223,40787090
18.4299,1,18389134229,40787090
18.4325,5,18391684235,40778090
18.435,6,18394207241,40778090
18.4375,7,18396730247,40778090
18.44,10,18399253253,40778090
18.4426,11,18401794259,40778090
18.4451,14,18404317265,40778090
18.4476,15,18406840271,40778090
18.4502,12,18368916187,81252180
18.4527,9,18412188277,40503096
18.4553,8,18414747283,40503096
18.4578,4,18417270289,40503096
18.4603,0,18419793295,40503096
18.4628,3,18422316301,40503096
18.4653,13,18424839307,40503096
18.4682,2,18427398313,40816096
18.4732,5,18432462325,40760090
18.4757,6,18434985331,40760090
18.4783,7,18437508337,40760090
18.4808,10,18440031343,40760090
18.4833,11,18442572349,40760090
18.4859,14,18445095355,40760090
18.4884,15,18447618361,40760090
18.4909,12,18450168367,40760090
18.4935,9,18452691373,40760090
18.4985,8,18455250379,43274096
18.501,4,18457773385,43274096
18.5036,0,18460296391,43274096
18.5061,3,18462819397,43274096
18.5086,13,18465342403,43274096
18.514,2,18468214409,45788102
18.5165,1,18429921319,86604198
18.5191,5,18473222415,45844108
18.5216,6,18475745421,45844108
18.5241,7,18478268427,45844108
18.5266,10,18480791433,45844108
18.5316,14,18485855445,45788102
18.5342,15,18488378451,45788102
18.5392,12,18490928457,48302108
18.5418,9,18493451463,48302108
18.5493,4,18501047481,48264102
18.5518,0,18503570487,48264102
18.5544,3,18506093493,48264102
18.5569,13,18508616499,48264102
18.5594,2,18514002511,45446096
18.562,1,18516525517,45446096
18.5645,5,18519066523,45446096
18.567,6,18521589529,45446096
18.5696,7,18524112535,45446096
18.5724,10,18526635541,45759096
18.5749,11,18483332439,91603204
18.5799,15,18534166553,45759096
18.5825,12,18539230565,43263090
18.585,9,18541753571,43263090
18.5876,8,18498524475,89069192
18.5901,4,18549311583,40805090
18.5926,0,18551834589,40805090
18.5952,3,18554357595,40805090
18.5977,13,18556880601,40805090
18.6002,2,18559448607,40787090
18.6028,1,18561971613,40787090
18.6053,5,18564512619,40787090
18.6078,6,18567035625,40787090
18.6103,7,18569558631,40787090
18.6132,10,18572394637,40787090
18.6157,11,18574935643,40787090
18.6182,14,18531643547,86602192
18.6208,15,18579925649,40843096
18.6233,12,18582493655,40834096
18.6259,9,18585016661,40834096
18.6334,4,18590116673,43274096
18.6359,0,18592639679,43274096
18.6384,3,18595162685,43274096
18.641,13,18597685691,43274096
18.6485,2,18600235697,48302108
18.6511,1,18602758703,48302108
18.661,7,18610345721,50704102
18.6636,10,18613181727,50391102
18.6661,11,18615722733,50391102
18.6711,15,18620768745,50335096
18.6765,12,18623327751,53162102
18.679,9,18625850757,53162102
18.6866,8,18587593667,99024210
18.6891,4,18633390769,55750114
18.6917,0,18635913775,55750114
18.6942,3,18638436781,55750114
18.6967,13,18640959787,55750114
18.7043,2,18648537805,55777114
18.7068,1,18651060811,55777114
18.7119,5,18605299709,106602228
18.7147,6,18607822715,106915228
18.7173,7,18661049823,56211126
18.7223,11,18666113835,56155120
18.7273,15,18671103841,56155120
18.7349,12,18676489853,58374126
18.7374,9,18679012859,58374126
18.74,8,18686617877,53355114
18.7425,4,18689140883,53355114
18.745,0,18691663889,53355114
18.75,13,18696709901,53299108
18.7551,2,18704314919,50785102
18.7576,1,18706837925,50785102
18.7602,5,18711901937,48271096
18.7627,6,18714737943,47958096
18.7652,7,18717260949,47958096
18.7677,10,18663572829,104169222
18.7728,11,18722268955,50528108
18.7756,14,18618245739,157387330
18.7782,15,18727258961,50897114
18.7833,12,18734863979,48401108
18.7858,9,18737386985,48401108
18.7883,8,18739972991,48374108
18.7933,0,18745019003,48318102
18.7983,13,18750009009,48318102
18.8009,2,18755100021,45786096
18.8034,1,18757623027,45786096
18.806,5,18760173033,45777096
18.8085,6,18762696039,45777096
18.8135,10,18767742051,45721090
18.8188,14,18775633069,43160084
18.8213,15,18778156075,43160084
18.8264,9,18785788093,40581072
18.8289,8,18788347099,40581072
18.8315,4,18742495997,88955180
18.834,0,18793337105,40637078
18.8365,3,18694186895,142310294
18.839,13,18798327111,40693084
18.8416,2,18800886117,40675084
18.8441,1,18803409123,40675084
18.8466,5,18805950129,40675084
18.8491,6,18808473135,40675084
18.8517,7,18765219045,86452180
18.8542,10,18813463141,40731090
18.8567,11,18772797063,83938174
18.8593,14,18818793153,40465090
18.8618,15,18821316159,40465090
18.8643,12,18783265087,81084168
18.8669,9,18826369165,40503096
18.8694,8,18828928171,40503096
18.872,4,18831451177,40503096
18.8745,0,18833974183,40503096
18.877,3,18836497189,40503096
18.8798,13,18839020195,40816096
18.8824,2,18841561201,40816096
18.8849,1,18844084207,40816096
18.8874,5,18846625213,40816096
18.89,6,18849148219,40816096
18.8925,7,18851671225,40816096
18.895,10,18854194231,40816096
18.8976,11,18856735237,40816096
18.9001,14,18859258243,40816096
18.9026,15,18861781249,40816096
18.9052,12,18864349255,40816096
18.9077,9,18866872261,40816096
18.9102,8,18869431267,40816096
18.9128,4,18871954273,40816096
18.9153,0,18874477279,40816096
18.9178,3,18877000285,40816096
18.9207,13,18879836291,40816096
18.9232,2,18882377297,40816096
18.9257,1,18884900303,40816096
18.9332,6,18889964315,43274096
18.9358,7,18892487321,43274096
18.9383,10,18895010327,43274096
18.9408,11,18897551333,43274096
18.9433,14,18900074339,43274096
18.9459,15,18902597345,43274096
18.9484,12,18905165351,43274096
18.9535,8,18910247363,43218090
18.956,4,18912770369,43218090
18.9585,0,18915293375,43218090
18.961,3,18917816381,43218090
18.9636,13,18920652387,42905090
18.9711,1,18925716399,45363090
18.9736,5,18887441309,86197186
18.9762,6,18933238411,42923090
18.9787,7,18935761417,42923090
18.9815,10,18938284423,43236090
18.9865,14,18943348435,43180084
18.9891,15,18945871441,43180084
18.9916,12,18948439447,43180084
18.9966,8,18953465453,43180084
18.9992,4,18955988459,43180084
19.0017,0,18958511465,43180084
19.0067,13,18963557477,43124078
19.0092,2,18923193393,86038168
19.0118,1,18971079489,40675078
19.0143,5,18973638495,40666078
19.0168,6,18976161501,40666078
19.0194,7,18978684507,40666078
19.0222,10,18981520513,40666078
19.0247,11,18940825429,83902168
19.0273,14,18986528519,40722084
19.0298,15,18989051525,40722084
19.035,9,18907688357,127290264
19.0399,8,18996645537,43300562
19.0449,0,19001691549,43244556
19.0475,3,18961034471,86424640
19.05,13,19006681555,43300562
19.0525,2,19009231561,43282562
19.055,1,19011754567,43282562
19.06,5,19014304573,45691034
19.065,7,19019350585,45635028
19.0675,10,19022186591,45322028
19.07,11,19024727597,45322028
19.0726,14,19027250603,45322028
19.0751,15,19029773609,45322028
19.0779,12,18991619531,86232112
19.0907,4,18999168543,91526124
19.0932,0,19044936105,48281568
19.0982,13,19049982117,48225562
19.1007,2,19052514123,48225562
19.1033,1,19055037129,48225562
19.1083,5,19059995607,48349096
19.1109,6,19016827579,94040130
19.1134,7,19064985613,48405102
19.1159,10,19067508619,48405102
19.1185,11,19070049625,48405102
19.121,14,19072572631,48405102
19.1235,15,19075095637,48405102
19.1339,12,19077851643,56090120
19.1365,9,19034978621,101486148
19.144,0,19093217673,50758102
19.1465,3,19047459111,99039670
19.149,13,19098207679,50814108
19.1516,2,19100739685,50814108
19.1541,1,19103262691,50814108
19.1592,5,19108344703,50814108
19.1617,6,19110867709,50814108
19.1642,7,19113390715,50814108
19.1667,10,19115913721,50814108
19.1693,11,19118454727,50814108
19.1718,14,19120977733,50814108
19.1819,9,19136464769,45388084
19.1847,8,19039946099,144769760
19.1897,0,19143975775,45730090
19.1922,3,19146498781,45730090
19.1948,13,19149021787,45730090
19.1973,2,19151553793,45730090
19.1998,1,19154076799,45730090
19.2049,5,19159158811,45730090
19.2074,6,19161681817,45730090
19.2099,7,19164204823,45730090
19.2149,11,19169268835,45674084
19.2175,14,19171791841,45674084
19.22,15,19123500739,96488192
19.2226,12,19133941763,88633174
19.2251,9,19181852853,43245090
19.2305,8,19184715859,45759096
19.233,4,19090694667,142303294
19.2355,0,19189705865,45815102
19.238,3,19192228871,45815102
19.2406,13,19194751877,45815102
19.2431,2,19197283883,45815102
19.2456,1,19199806889,45815102
19.2507,5,19204888901,45815102
19.2532,6,19207411907,45815102
19.2558,7,19209934913,45815102
19.2583,10,19166727829,91545192
19.2658,11,19214942919,50899120
19.2708,15,19219988931,50843114
19.2835,12,19222574937,60890138
19.2938,4,19232997961,60787132
19.2963,0,19235520967,60787132
19.3038,2,19243098985,60675120
19.3063,1,19245621991,60675120
19.3114,5,19250704003,60675120
19.3139,6,19253227009,60675120
19.3164,7,19255750015,60675120
19.3189,10,19258273021,60675120
19.324,11,19265842039,58188114
19.3266,14,19217465925,109087234
19.3294,15,19270832045,58557120
19.3396,12,19283465075,56097114
19.3421,9,19225097943,116987252
19.3497,8,19230474955,119197258
19.3522,4,19293785093,58410126
19.3671,5,19311379123,55728102
19.3696,6,19313902129,55728102
19.3722,7,19316425135,55728102
19.3747,10,19318948141,55728102
19.3772,11,19324030153,53205096
19.3798,14,19326553159,53205096
19.3823,15,19329389165,52892096
19.3902,12,19339562189,50673090
19.3953,8,19349672213,45607072
19.3978,4,19352195219,45607072
19.4003,0,19296308099,104017198
19.4028,3,19238043973,164804330
19.4054,13,19240566979,164804330
19.4104,1,19306297111,104073204
19.4129,5,19367107225,45813096
19.4154,6,19369630231,45813096
19.418,7,19372153237,45813096
19.4205,10,19374676243,45813096
19.423,11,19377235249,45804096
19.428,15,19382281261,45748090
19.4335,12,19390235279,43216084
19.436,9,19342085195,93889174
19.4436,8,19395279285,48273102
19.4461,4,19397802291,48273102
19.4486,0,19400325297,48273102
19.4511,3,19402848303,48273102
19.4536,13,19405371309,48273102
19.4562,2,19303774105,152402312
19.4587,1,19410370315,48329108
19.4637,6,19415443327,48273102
19.4662,7,19417966333,48273102
19.4713,11,19423039345,48217096
19.4738,14,19379758255,94021192
19.4788,12,19433451363,45381090
19.4814,9,19435974369,45381090
19.4839,8,19443552387,40380078
19.4865,4,19446075393,40380078
19.489,0,19448598399,40380078
19.4943,13,19453644411,40637078
19.4968,2,19456176417,40637078
19.4993,1,19458699423,40637078
19.5044,5,19412920321,91480192
19.5094,7,19466239435,43151084
19.5119,10,19420489339,91424186
19.5145,11,19471256441,43207090
19.517,14,19473779447,43207090
19.5195,15,19428029351,91480192
19.5221,12,19478832453,43245096
19.5296,4,19486455471,43106084
19.5321,0,19488978477,43106084
19.5349,3,19451121405,83799162
19.5374,13,19494281489,43162084
19.54,2,19496813495,43162084
19.5425,1,19499336501,43162084
19.5451,5,19504400513,40666078
19.5476,6,19463716429,83873168
19.5501,7,19509390519,40722084
19.5526,10,19511913525,40722084
19.5577,11,19514463531,43236090
19.5602,14,19516986537,43236090
19.5627,15,19519509543,43236090
19.5653,12,19522077549,43236090
19.5678,9,19481355459,86481186
19.5729,8,19483932465,88968192
19.5754,4,19529561555,45862108
19.5779,0,19532084561,45862108
19.5805,3,19534920567,45549108
19.583,13,19537443573,45549108
19.5855,2,19539975579,45549108
19.5905,5,19545066591,45475102
19.5931,6,19547589597,45475102
19.5984,10,19552635609,45732096
19.6009,11,19557699621,43236090
19.6035,14,19560222627,43236090
19.606,15,19562745633,43236090
19.6085,12,19565313639,43236090
19.6111,9,19567836645,43236090
19.6136,8,19572900657,40731084
19.6162,4,19575423663,40731084
19.6187,0,19577946669,40731084
19.6212,3,19580469675,40731084
19.6237,13,19582992681,40731084
19.6263,2,19585524687,40731084
19.6288,1,19542498585,86280192
19.6338,6,19593064699,40731084
19.6366,7,19550112603,86519186
19.6392,10,19598367705,40787090
19.6442,11,19600935711,43292096
19.6468,14,19603458717,43292096
19.6493,15,19605981723,43292096
19.6518,12,19608549729,43292096
19.6544,9,19611072735,43292096
19.6619,4,19616154747,45732096
19.6644,0,19618677753,45732096
19.6669,3,19621200759,45732096
19.6695,13,19623723765,45732096
19.672,2,19626255771,45732096
19.6745,1,19628778777,45732096
19.6771,5,19590541693,86519186
19.6796,6,19633795783,45788102
19.6846,10,19639154795,45419096
19.6897,11,19644227807,45437096
19.6922,14,19646750813,45437096
19.6947,15,19649273819,45437096
19.7001,9,19654364831,45694090
19.7026,8,19613631741,88977186
19.7051,4,19661886843,43245090
19.7077,0,19664409849,43245090
19.7102,3,19666932855,43245090
19.7127,13,19669455861,43245090
19.7152,2,19671987867,43245090
19.7178,1,19674510873,43245090
19.7203,5,19677060879,43245090
19.7228,6,19679583885,43245090
19.7254,7,19636631789,88720192
19.7329,11,19689664903,43245090
19.7354,14,19692187909,43245090
19.738,15,19694710915,43245090
19.7483,9,19700058921,48273102
19.7509,8,19702608927,48264102
19.7534,4,19705131933,48264102
19.7559,0,19707654939,48264102
19.7584,3,19710177945,48264102
19.761,13,19712700951,48264102
19.7635,2,19715232957,48264102
19.766,1,19717755963,48264102
19.7736,5,19720305969,53292114
19.7761,6,19722828975,53292114
19.7811,10,19684573891,96537204
19.7837,11,19732909993,50778108
19.7862,14,19735432999,50778108
19.7887,15,19737956005,50778108
19.7964,12,19651841825,144515306
19.7992,9,19748332023,50861114
19.8042,4,19753396035,50805108
19.8117,13,19760965053,50695096
19.8142,2,19763497059,50695096
19.8167,1,19766020065,50695096
19.8268,5,19773598083,53236102
19.8318,7,19725351981,106472210
19.8369,11,19783688101,53162096
19.8394,14,19786211107,53162096
19.8422,15,19788734113,53475096
19.8473,12,19796357131,50961090
19.8498,9,19799193137,50648090
19.8524,8,19750873029,101509204
19.8549,4,19804201143,50704096
19.8574,0,19755919041,101509204
19.86,3,19758442047,101509204
19.8625,13,19811660149,50814108
19.87,1,19816715161,53272108
19.8726,5,19826834185,45748090
19.8751,6,19776121089,98984192
19.8776,7,19831824191,45804096
19.8802,10,19781111095,99040198
19.8876,14,19839373203,48262096
19.8902,15,19842209209,47949096
19.8927,12,19847318221,45417090
19.8977,8,19852382233,45361084
19.9003,4,19854905239,45361084
19.9031,0,19857428245,45674084
19.9056,3,19859951251,45674084
19.9081,13,19862474257,45674084
19.9107,2,19814192155,96506192
19.9132,1,19869987269,43234084
19.9158,5,19872582275,43189084
19.9183,6,19875105281,43189084
19.9208,7,19877628287,43189084
19.9233,10,19880151293,43189084
19.9309,14,19887635299,43263090
19.9334,15,19890158305,43263090
19.936,12,19892735311,43245090
19.941,8,19897743317,43245090
19.9438,4,19900266323,43558090
19.9463,0,19903102329,43245090
19.9513,13,19908148341,43189084
19.9539,2,19910698347,43180084
19.9589,5,19915771359,43124078
19.9614,6,19918294365,43124078
19.9639,7,19920817371,43124078
19.9665,10,19923340377,43124078
19.969,11,19836850197,132191264
19.9716,14,19930898389,40666078
19.9741,15,19933421395,40666078
19.9766,12,19935980401,40666078
19.9792,9,19849841227,129328258
19.9817,8,19940988407,40722084
19.9842,4,19943824413,40409084
19.9868,0,19946347419,40409084
19.9893,3,19905625335,83654174
19.9918,13,19951337425,40465090
19.9943,2,19953878431,40465090
19.9969,1,19913221353,83645174
20.0019,6,19961418443,40465090
20.0075,10,19966464455,41062090
20.0128,11,19969041461,43775302
20.0153,14,19971564467,43775302
20.0179,15,19974087473,43775302
20.0229,12,19976646479,46289308
20.0255,9,19979169485,46289308
20.033,4,19984233497,48747308
20.038,3,19989279509,48691302
20.0405,13,19991802515,48691302
20.043,2,19994343521,48691302
20.0459,1,19996866527,49004302
20.0484,5,19958895437,89525398
20.0559,10,20007526545,48351296
20.0587,11,20012816763,45864290
20.0612,14,20015339769,45864290
20.0637,15,20017862775,45864290
20.0763,8,19981710491,94582592
20.0788,4,20032980805,45835284
20.0813,0,19986756503,94582592
20.0839,3,20037970811,45891290
20.0864,13,20040493817,45891290
20.0889,2,20043034823,45891290
20.0914,1,20045870829,45578290
20.094,5,20048420835,45578290
20.1017,10,20055877841,45795496
20.1042,7,19963941449,140254894
20.1071,11,20058681053,48396296
20.1096,14,20061204059,48396296
20.1121,15,20063727065,48396296
20.1172,12,20022935787,94287586
20.1197,9,20025458793,94287586
20.1248,4,20078816089,45938296
20.1273,0,20081339095,45938296
20.1298,3,20083862101,45938296
20.1323,13,20086385107,45938296
20.1374,2,20088926113,48452302
20.1399,1,20091449119,48452302
20.145,5,20093999125,50966308
20.1475,6,20001883533,145604906
20.1503,10,20101673337,48660108
20.1556,11,20107077349,48508308
20.1581,14,20109600355,48508308
20.1606,15,20112123361,48508308
20.1707,8,20076293083,94372598
20.1732,4,20124754385,48434302
20.1757,0,20127277391,48434302
20.1782,3,20129800397,48434302
20.1808,13,20132323403,48434302
20.1858,2,20137378415,48452302
20.1909,5,20144965433,45891290
20.1934,6,20147488439,45891290
20.1959,10,20150333445,45569290
20.1984,7,20104196343,94229398
20.2037,11,20155585657,48139302
20.2062,14,20158108663,48139302
20.2141,12,20117223373,96886604
20.2166,9,20119746379,96886604
20.2216,4,20173188687,48452302
20.2242,0,20175711693,48452302
20.2267,3,20178234699,48452302
20.2292,13,20180757705,48452302
20.2318,2,20185830717,45938296
20.2343,1,20139901421,94390598
20.2368,5,20190856723,45976302
20.2394,6,20193379729,45976302
20.2419,10,20195902735,45976302
20.2444,7,20198425741,45976302
20.2495,11,20203724959,45786096
20.2523,14,20206247965,46099096
20.2601,12,20214109977,45947296
20.2626,9,20216632983,45947296
20.2651,8,20170665681,94455604
20.2701,0,20224163995,45947296
20.2726,3,20226687001,45947296
20.2752,13,20229210007,45947296
20.2852,1,20234292019,50910302
20.2877,5,20236833025,50910302
20.2927,10,20241879037,50854296
20.2953,7,20244402043,50854296
20.2978,11,20249511055,48322290
20.3028,15,20160631669,142191682
20.3056,12,20260057273,45569290
20.3081,9,20262580279,45569290
20.3107,8,20265121285,45569290
20.3135,4,20221640989,91885592
20.316,0,20270111291,45938296
20.3186,3,20272634297,45938296
20.3236,2,20231769013,91847586
20.3261,1,20285202321,40937284
20.3287,5,20287743327,40937284
20.3337,10,20292733333,40937284
20.3362,7,20295256339,40937284
20.3388,11,20297833345,40919284
20.3413,14,20252347061,88928574
20.3438,15,20302823351,40975290
20.3464,12,20305626563,40749084
20.3489,9,20308149569,40749084
20.3517,8,20310690575,40966290
20.3545,4,20313526581,40966290
20.357,0,20316049587,40966290
20.3595,3,20318572593,40966290
20.3621,13,20275157303,86904586
20.3646,2,20323616599,40995296
20.3671,1,20326139605,40995296
20.3697,5,20328680611,40995296
20.3722,6,20239356031,132842882
20.3747,10,20333670617,41051302
20.3772,7,20336193623,41051302
20.3848,14,20341275635,43509302
20.3873,15,20343798641,43509302
20.3924,12,20346375647,46005308
20.3949,9,20348898653,46005308
20.3975,8,20351656865,45806102
20.4,4,20354492871,45493102
20.4025,0,20357015877,45493102
20.4075,13,20362061889,45437096
20.4127,2,20364611895,48112302
20.4156,1,20367134901,48425302
20.4181,5,20369675907,48425302
20.4206,6,20372198913,48425302
20.4231,10,20374721919,48425302
20.4257,7,20377244925,48425302
20.4282,11,20338752629,89485604
20.4308,14,20384784937,45976302
20.4333,15,20387307943,45976302
20.4433,8,20397462967,45866290
20.4459,4,20399985973,45866290
20.4484,0,20402508979,45866290
20.4509,3,20359538883,91359392
20.4536,13,20407498985,46139502
20.4565,2,20412724197,43795296
20.459,1,20415560203,43482296
20.4641,5,20418101209,45996302
20.4666,6,20420624215,45996302
20.4691,10,20423147221,45996302
20.4717,7,20425670227,45996302
20.4767,11,20428238233,48436302
20.4792,14,20430761239,48436302
20.4817,15,20433284245,48436302
20.4868,12,20392380955,94430604
20.4893,9,20394903961,94430604
20.4969,4,20445852263,51004314
20.4994,0,20448375269,51004314
20.5044,13,20453638487,50731102
20.5071,2,20456519493,50626308
20.5097,1,20459042499,50626308
20.5147,5,20464097511,50635308
20.5176,6,20466620517,50948308
20.5201,10,20469143523,50948308
20.5226,7,20471666529,50948308
20.5302,11,20476674535,53536320
20.5327,14,20479197541,53536320
20.5353,15,20481720547,53536320
20.5429,12,20486811559,56050326
20.5454,9,20489334565,56050326
20.5529,8,20443329257,109577646
20.5554,4,20496856577,58573332
20.5583,0,20499379583,58886332
20.5633,13,20504369589,58886332
20.571,1,20509668807,61362332
20.5786,5,20514732819,63820332
20.5811,6,20517568825,63507332
20.5836,10,20520091831,63507332
20.5861,7,20522614837,63507332
20.5887,11,20530210855,58488320
20.5912,14,20532733861,58488320
20.5937,15,20535256867,58488320
20.5963,12,20542861885,53478308
20.5989,9,20545384891,53478308
20.6066,4,20555429909,51190508
20.6091,0,20558265915,50877508
20.6117,3,20450898275,160768154
20.6221,2,20507145801,114923646
20.6246,1,20571031139,53561314
20.6296,6,20581076157,48542302
20.6346,7,20586122169,48486296
20.6372,11,20588699175,48459296
20.6397,14,20591222181,48459296
20.6422,15,20593745187,48459296
20.6448,12,20596340193,48432296
20.6473,9,20598863199,48432296
20.6498,8,20552906903,96938598
20.6524,4,20606620417,45748090
20.6604,13,20563255921,97099804
20.663,2,20622069447,40881284
20.6655,1,20624592453,40881284
20.668,5,20578553151,89452592
20.6705,6,20629618459,40910290
20.6731,10,20583599163,89452592
20.6756,7,20634608465,40966296
20.6806,11,20637158471,43480302
20.6832,14,20639681477,43480302
20.6857,15,20642204483,43480302
20.6908,12,20644772489,45994308
20.6933,9,20647295495,45994308
20.6958,8,20649845501,45976308
20.6983,4,20652368507,45976308
20.7011,0,20609143423,91941604
20.7036,3,20611666429,91941604
20.7061,13,20660355725,45775314
20.7112,1,20665473737,45692308
20.7162,5,20668005743,48206314
20.7187,6,20670528749,48206314
20.7216,10,20673051755,48519314
20.7241,7,20675574761,48519314
20.7267,11,20680638773,46023308
20.7292,14,20683161779,46023308
20.7317,15,20685684785,46023308
20.7368,12,20690766797,46032308
20.7393,9,20693289803,46032308
20.7443,4,20698344815,45976302
20.7468,0,20701085027,45759096
20.7571,2,20662950731,94126610
20.7596,1,20711166045,48434302
20.7625,5,20716212057,46251296
20.765,6,20718735063,46251296
20.7675,10,20721571069,45938296
20.77,7,20724094075,45938296
20.775,14,20729185087,45864290
20.7776,15,20731708093,45864290
20.7801,12,20736799105,43350284
20.7827,9,20739322111,43350284
20.7902,4,20744321117,45864290
20.7927,0,20746844123,45864290
20.7977,13,20706131039,91567380
20.803,2,20757077341,45891290
20.8055,1,20759600347,45891290
20.808,5,20762463353,45569290
20.8106,6,20764986359,45569290
20.8131,10,20767509365,45569290
20.8156,7,20770032371,45569290
20.8207,11,20726662081,94003592
20.8235,14,20775049377,48452302
20.826,15,20777572383,48452302
20.8311,12,20780149389,50948308
20.8336,9,20782672395,50948308
20.8387,8,20695821809,142862906
20.8412,4,20790185407,51022314
20.8437,0,20792708413,51022314
20.8463,3,20703608033,142645700
20.8565,1,20805491637,51022314
20.8615,6,20810555649,50966308
20.8668,7,20815601661,51223308
20.8694,11,20820665673,48718302
20.8719,14,20823501679,48405302
20.8744,15,20826024685,48405302
20.8795,9,20833620703,45853290
20.882,8,20838684715,43339284
20.8845,4,20841207721,43339284
20.8895,3,20846253733,43283278
20.8921,13,20797698419,94361598
20.8946,2,20802968631,91668392
20.8972,1,20856513951,40646078
20.8997,5,20808032643,91668392
20.9022,6,20861521957,40702084
20.9072,7,20866824969,40389078
20.9147,14,20871906981,42838078
20.9175,15,20874429987,43055284
20.9225,9,20879473993,43037284
20.9251,8,20882023999,43028284
20.9279,4,20884547005,43341284
20.9304,0,20843730727,86680568
20.9354,13,20892060017,43341284
20.9479,5,20899701035,48239284
20.9505,6,20902224041,48239284
20.9555,7,20907214047,48239284
20.9607,11,20869383975,91312568
20.9632,14,20914745059,48474490
20.971,12,20831097697,139918864
20.9735,9,20922511277,51028290
20.9761,8,20925052283,51028290
20.9811,0,20930411295,50659284
20.9836,3,20889537011,94056574
20.9861,13,20935401301,50715290
20.9887,2,20894637023,94065574
20.9937,5,20947940319,45770284
20.9962,6,20950463325,45770284
20.9988,7,20955453331,43312284
21.0065,11,20960696543,45835290
21.0091,14,20963219549,45835290
21.0116,15,20917485271,94092574
21.0142,12,20971016561,43138290
21.0167,9,20973539567,43138290
21.0192,10,20813078655,206122208
21.0242,8,20976080573,48166302
21.0268,4,20927888289,98881592
21.0296,0,20981070579,48535308
21.0321,3,20983593585,48535308
21.0347,13,20986116591,48535308
21.0397,2,20988702597,51022314
21.0522,14,21009054839,43135078
21.0549,15,21011577845,43352284
21.0575,1,20897160029,160320106
21.0625,9,21016677857,45801284
21.065,8,21024246875,40800272
21.0704,0,21029605887,40744272
21.0753,13,21034651899,40688266
21.0804,2,21039724911,40697266
21.0854,6,20996233609,89205574
21.0905,11,21006531833,83962362
21.093,14,21052189917,40827284
21.0955,15,21054930129,40610078
21.1006,10,21019200863,81403356
21.1034,12,21014154851,89207580
21.1084,8,21065047147,43323290
21.1109,4,21026769881,84123562
21.1134,0,21070350159,43066290
21.1159,3,21032128893,83810562
21.1235,2,21080422177,43066290
21.126,7,20998765615,127245858
21.1285,5,20993710603,134832876
21.1314,6,21085439183,45940302
21.1339,11,21090494195,43435296
21.1389,15,21095540207,43379290
21.1415,10,21100604219,40865284
21.1466,12,21103362431,43189084
21.1491,9,21062479141,86595380
21.1543,4,21110893443,43406290
21.1568,0,21113416449,43406290
21.1593,3,21115939455,43406290
21.1619,13,21075340165,86528586
21.167,2,21123488467,43462296
21.1695,7,21126011473,43462296
21.1748,6,21131379485,43424290
21.1798,14,21093017201,86785580
21.1823,15,21138919497,43406290
21.1849,10,21141469503,43397290
21.1874,12,21146551515,40883284
21.19,9,21149074521,40883284
21.1925,8,21108370437,84137374
21.195,4,21154299733,40731084
21.2002,3,21159345745,40892284
21.2028,13,21161868751,40892284
21.2053,1,21057480135,147812906
21.2104,2,21166950763,43406290
21.2129,7,21169473769,43406290
21.2154,5,21128543479,86886586
21.218,6,21174803775,43149296
21.2205,11,21133929491,86555586
21.223,14,21179802781,43205302
21.2305,10,21184866793,45663302
21.2334,12,21187434799,45967302
21.2384,8,21192507811,45893296
21.2409,4,21195030817,45893296
21.2434,0,21156822739,86624380
21.246,3,21200238029,45732096
21.2485,13,21202761035,45732096
21.2513,1,21205293041,45976302
21.2538,2,21210357053,43453296
21.2563,7,21212880059,43453296
21.2589,5,21215430065,43453296
21.2614,6,21217953071,43453296
21.2639,11,21220485077,43453296
21.2665,14,21223008083,43453296
21.269,15,21182325787,86658598
21.274,12,21233402101,40635290
21.2769,9,21189957805,86915592
21.2794,8,21238401107,41004296
21.2819,4,21240924113,41004296
21.2845,0,21243447119,41004296
21.287,3,21245970125,41004296
21.2895,13,21248493131,41004296
21.2921,1,21251269343,40805090
21.2971,7,21256333355,40731084
21.2996,5,21258883361,40731084
21.3024,6,21261406367,40948290
21.3074,14,21266461379,40892284
21.3099,15,21268984385,40892284
21.3124,10,21230530095,81887580
21.315,12,21274037391,40939290
21.3175,9,21276873397,40626290
21.3225,4,21281928409,40570284
21.325,0,21284451415,40570284
21.3275,3,21286974421,40570284
21.3301,13,21289497427,40570284
21.3326,1,21292074433,40552284
21.3355,2,21253810349,81652374
21.338,7,21297064439,40921290
21.3405,5,21299614445,40921290
21.3431,6,21302354657,40704084
21.3456,11,21263938373,81652374
21.3481,14,21307353663,40760090
21.3506,15,21309876669,40760090
21.3534,10,21312417675,40977296
21.356,12,21314976681,40977296
21.3585,9,21317499687,40977296
21.361,8,21279405403,81603586
21.366,0,21325021699,40977296
21.3685,3,21327544705,40977296
21.371,13,21330067711,40977296
21.3736,1,21332626717,40977296
21.3761,2,21335462723,40664296
21.379,7,21337985729,40977296
21.3815,5,21340535735,40977296
21.384,6,21343058741,40977296
21.3866,11,21345590747,40977296
21.3891,14,21348113753,40977296
21.3916,15,21350636759,40977296
21.3942,10,21353394971,40778090
21.3967,12,21355953977,40778090
21.3993,9,21358476983,40778090
21.402,8,21361008989,40995296
21.4045,4,21322498693,82028598
21.4071,0,21365998995,41051302
21.4096,3,21368522001,41051302
21.4121,13,21371045007,41051302
21.4147,1,21373604013,41051302
21.4172,2,21376127019,41051302
21.4197,7,21378963025,40738302
21.4223,5,21381513031,40738302
21.4248,6,21384036037,40738302
21.4273,11,21386568043,40738302
21.4298,14,21389091049,40738302
21.4324,15,21391614055,40738302
21.4349,10,21394173061,40720302
21.4378,12,21396732067,41033302
21.4403,9,21399255073,41033302
21.4428,8,21402004285,40834096
21.4454,4,21404527291,40834096
21.4479,0,21407050297,40834096
21.4506,3,21409573303,41051302
21.4531,13,21412096309,41051302
21.4557,1,21414655315,41051302
21.4582,2,21417178321,41051302
21.4608,7,21419701327,41051302
21.4633,5,21422251333,41051302
21.4658,6,21424774339,41051302
21.4684,11,21427306345,41051302
21.4709,14,21429829351,41051302
21.4734,15,21432352357,41051302
21.4759,10,21434893363,41051302
21.4785,12,21437765369,40738302
21.4813,9,21440288375,41051302
21.4839,8,21442838381,41033302
21.4864,4,21445361387,41033302
21.4889,0,21447884393,41033302
21.4914,3,21450624605,40816096
21.494,13,21453147611,40816096
21.4965,1,21455706617,40816096
21.499,2,21458229623,40816096
21.5016,7,21460752629,40816096
21.5043,5,21463302635,41033302
21.5069,6,21465825641,41033302
21.5094,11,21468357647,41033302
21.5119,14,21470880653,41033302
21.5144,15,21473403659,41033302
21.517,10,21475944665,41033302
21.5195,12,21478503671,41033302
21.5221,9,21481339677,40720302
21.5246,8,21483871683,40720302
21.5271,4,21486394689,40720302
21.5296,0,21488917695,40720302
21.5322,3,21491440701,40720302
21.5347,13,21493963707,40720302
21.5372,1,21496522713,40720302
21.5401,2,21499045719,41033302
21.5451,5,21504335937,40778090
21.5476,6,21506858943,40778090
21.5504,11,21509390949,40995296
21.5529,14,21511913955,40995296
21.5554,15,21514436961,40995296
21.558,10,21516977967,40995296
21.5605,12,21519536973,40995296
21.5631,9,21522059979,40995296
21.5656,8,21524591985,40995296
21.5681,4,21527114991,40995296
21.5706,0,21529637997,40995296
21.5732,3,21532161003,40995296
21.5757,13,21534684009,40995296
21.5782,1,21537243015,40995296
21.5808,2,21540079021,40682296
21.5836,7,21501568725,82028598
21.5861,5,21545114027,41033302
21.5887,6,21547637033,41033302
21.5912,11,21550386245,40834096
21.5937,14,21552909251,40834096
21.5963,15,21555432257,40834096
21.5988,10,21557973263,40834096
21.6041,12,21560532269,43565308
21.6066,9,21563055275,43565308
21.6092,8,21565587281,43565308
21.6117,4,21568110287,43565308
21.6142,0,21570633293,43565308
21.6167,3,21573156299,43565308
21.6192,13,21575679305,43565308
21.6218,1,21578238311,43565308
21.6293,5,21586147329,43140296
21.6318,6,21588670335,43140296
21.6343,11,21591220341,43122296
21.6369,14,21593743347,43122296
21.6394,15,21596266353,43122296
21.6419,10,21598807359,43122296
21.6473,12,21604097577,43245090
21.6499,9,21606620583,43245090
21.6551,4,21611675595,43406290
21.6576,0,21614198601,43406290
21.6626,13,21619244613,43350284
21.6652,1,21621803619,43350284
21.6677,2,21580761317,86915592
21.6702,7,21583597323,86602592
21.6727,5,21629287625,43462296
21.6753,6,21631810631,43462296
21.6778,11,21634342637,43462296
21.6803,14,21636865643,43462296
21.6829,15,21639388649,43462296
21.6857,10,21641929655,43775296
21.6908,12,21647342667,43453296
21.6933,9,21649865673,43453296
21.6984,8,21609152589,89221392
21.7009,4,21655081885,45815102
21.7036,0,21657604891,46032308
21.7062,3,21616721607,89438598
21.7087,13,21662594897,46088314
21.7112,1,21665153903,46088314
21.7138,2,21667676909,46088314
21.7163,7,21670199915,46088314
21.7239,5,21672749921,51116326
21.7264,6,21675272927,51116326
21.7289,11,21677804933,51116326
21.7314,14,21680327939,51116326
21.734,15,21682850945,51116326
21.7365,10,21685704951,50803326
21.7416,12,21690795963,50803326
21.7441,9,21693318969,50803326
21.7495,8,21698373981,51116326
21.752,4,21700896987,51116326
21.757,3,21706160205,50843114
21.7595,13,21708683211,50843114
21.7673,1,21711242217,56088332
21.7699,2,21713765223,56088332
21.7724,7,21716288229,56088332
21.7775,5,21723866247,53601326
21.78,6,21726389253,53601326
21.7825,11,21728921259,53601326
21.785,14,21731444265,53601326
21.7954,12,21741599289,53802314
21.7979,9,21744122295,53802314
21.8007,8,21749490307,51192514
21.8032,4,21752013313,51192514
21.8057,0,21703637199,102091634
21.8083,3,21757003319,51248520
21.8108,13,21759526325,51248520
21.8184,1,21767330549,51076314
21.8209,2,21769853555,51076314
21.8235,7,21772376561,51076314
21.831,5,21777467573,53572320
21.8336,6,21779990579,53572320
21.8361,11,21782522585,53572320
21.8386,14,21785045591,53572320
21.8411,15,21733967271,107173646
21.8462,10,21736508277,109687652
21.8543,9,21797924609,56359538
21.8568,8,21800682821,56142332
21.8593,4,21803205827,56142332
21.8643,3,21808251839,56086326
21.8744,1,21818406863,56021320
21.8794,7,21823452875,55965314
21.887,6,21833562899,53404302
21.8898,11,21836094905,53717302
21.8948,15,21841140917,53661296
21.8974,10,21846195929,51165290
21.8999,12,21795401603,104536622
21.9049,8,21856825153,48103078
21.9077,4,21859348159,48320284
21.9102,0,21805728833,104462616
21.9127,3,21864338165,48376290
21.9152,13,21810774845,104462616
21.9254,1,21874428183,50946302
21.9279,2,21820929869,106967622
21.9329,5,21831039893,101883604
21.9354,6,21886967201,48479302
21.9405,11,21889812207,50680308
21.943,14,21838617911,104397610
21.9455,15,21894802213,50736314
21.9481,10,21897361219,50718314
21.9537,12,21899938225,53753526
21.9562,9,21854284147,101930610
21.9587,8,21904928231,53809532
21.9613,4,21907668443,53592326
21.9663,3,21912714455,53536320
21.9688,13,21915237461,53536320
21.9714,1,21925374485,46003302
21.9739,2,21927897491,46003302
21.9764,7,21879418189,97005610
21.979,5,21932923497,46050308
21.9815,6,21935446503,46050308
21.984,11,21940492515,43545302
21.9866,14,21943015521,43545302
21.9891,15,21945538527,43545302
21.997,10,21948079533,48886314
22.0048,12,21953691751,51105320
22.0073,9,21956214757,51105320
22.0098,8,21958737763,51105320
22.0124,4,21961260769,51105320
22.0149,0,21910191449,104697646
22.0174,3,21966250775,51161326
22.0199,13,21968773781,51161326
22.03,2,21973900793,56088332
22.0325,7,21976423799,56088332
22.0351,5,21978973805,56088332
22.0376,6,21981496811,56088332
22.0401,11,21984037817,56079332
22.0426,14,21986560823,56079332
22.0452,15,21989083829,56079332
22.0533,10,21996965847,56323538
22.0609,9,22007320077,53545320
22.0634,8,22009843083,53545320
22.0659,4,22012366089,53545320
22.0684,0,22014889095,53545320
22.071,3,22017412101,53545320
22.0735,13,22019935107,53545320
22.0786,1,21971377787,107202652
22.0811,2,22029989125,51114320
22.0836,7,22032512131,51114320
22.0862,5,22035062137,51114320
22.0887,6,22037585143,51114320
22.0912,11,22040117149,51114320
22.0941,14,22042640155,51427320
22.0966,15,22045163161,51427320
22.1019,10,22053289385,48562308
22.1069,12,22004797071,102145634
22.1095,9,22060865397,48600314
22.112,8,22063388403,48600314
22.1145,4,22065911409,48600314
22.117,0,22068434415,48600314
22.1196,3,22070957421,48600314
22.1221,13,22073480427,48600314
22.1322,2,22081103445,51049314
22.1347,7,22083626451,51049314
22.1372,5,22086176457,51049314
22.1397,6,22088699463,51049314
22.1448,11,22091231469,53563320
22.1473,14,22094067475,53250320
22.1498,15,22096590481,53250320
22.158,10,22101851693,56115332
22.1631,12,22106942705,56115332
22.1656,9,22109465711,56115332
22.1681,8,22111988717,56115332
22.1706,4,22114511723,56115332
22.1732,0,22117034729,56115332
22.1757,3,22119557735,56115332
22.1782,13,22122080741,56115332
22.1858,1,22078580439,107182646
22.1883,2,22132152759,56133332
22.1908,7,22134675765,56133332
22.1934,5,22137225771,56133332
22.1962,6,22139748777,56446332
22.1987,11,22144794789,53941326
22.2037,15,22149840801,53885320
22.209,10,22157967025,51058314
22.2166,12,22163058037,53572320
22.2192,9,22165581043,53572320
22.2217,8,22168104049,53572320
22.2242,4,22170627055,53572320
22.2267,0,22173150061,53572320
22.2292,3,22175673067,53572320
22.2318,13,22178196073,53572320
22.2394,1,22185763085,53628326
22.2419,2,22188286091,53628326
22.2444,7,22190809097,53628326
22.2495,5,22193359103,56142332
22.2522,6,22196195109,56046538
22.2548,11,22198736115,56037538
22.2601,15,22203726121,56350538
22.2626,10,22209025339,53601326
22.2728,12,22216630357,56133332
22.2753,9,22219153363,56133332
22.2803,4,22224199375,56077326
22.2828,0,22226722381,56077326
22.2853,3,22229245387,56077326
22.2878,13,22231768393,56077326
22.2954,2,22241914417,53507314
22.301,5,22249501435,51476514
22.3035,6,22252241647,51259308
22.306,11,22254773653,51259308
22.3086,14,22147317795,161238172
22.3111,15,22260076659,51002314
22.3136,10,22262626665,50993314
22.3187,9,22275286695,43404290
22.3212,8,22221676369,99537622
22.3237,4,22280276701,43460296
22.3263,0,22282799707,43460296
22.3288,3,22285322713,43460296
22.3313,13,22287845719,43460296
22.3364,1,22239391411,97014616
22.3389,2,22295421731,43507302
22.3415,7,22244437423,97014616
22.3465,5,22300977949,45547102
22.349,6,22303500955,45547102
22.3518,11,22306032961,45764308
22.3543,14,22308555967,45764308
22.3568,15,22311078973,45764308
22.3622,10,22313619979,48591314
22.3747,4,22323736997,50950308
22.3772,0,22326260003,50950308
22.3797,3,22328783009,50950308
22.3823,13,22331306015,50950308
22.3874,1,22336406027,50950308
22.3923,7,22341452039,50894302
22.3949,5,22346525051,48380296
22.3974,6,22349048057,48380296
22.4,11,22351797269,48181090
22.4028,14,22354320275,48494090
22.4131,12,22272763689,140319894
22.4156,9,22318690985,96915604
22.4181,8,22321213991,96915604
22.4207,4,22374687305,45965296
22.4232,0,22377210311,45965296
22.4257,3,22379733317,45965296
22.4282,13,22382256323,45965296
22.4333,1,22387356335,45965296
22.4358,2,22338929033,96915604
22.4384,7,22392346341,46021302
22.4409,5,22394905347,46003302
22.4434,6,22397428353,46003302
22.4485,11,22399978359,48508308
22.451,14,22402814365,48195308
22.4616,12,22413083583,48508308
22.4641,9,22415606589,48508308
22.4666,8,22418129595,48508308
22.4692,4,22420652601,48508308
22.4717,0,22423175607,48508308
22.4742,3,22425698613,48508308
22.4767,13,22428221619,48508308
22.4818,1,22433321631,48508308
22.4844,2,22435844637,48508308
22.4869,7,22438367643,48508308
22.4894,5,22440908649,48508308
22.4969,11,22448486667,48461302
22.4995,14,22451009673,48461302
22.5072,10,22362211293,145038694
22.5125,15,22356843281,155687924
22.5151,12,22461591891,53489320
22.5176,9,22464114897,53489320
22.5201,8,22466637903,53489320
22.5227,4,22469160909,53489320
22.5252,0,22471683915,53489320
22.5302,13,22476729927,53433314
22.5353,1,22481829939,53433314
22.5378,2,22484352945,53433314
22.5403,7,22486875951,53433314
22.5453,6,22443431655,101885616
22.5479,11,22496947969,50919308
22.5504,14,22499470975,50919308
22.5582,10,22507249987,50953520
22.5661,12,22515081211,51002308
22.5711,8,22520127223,50946302
22.5761,0,22525173235,50890296
22.5786,3,22474206921,104379616
22.5836,1,22535263253,48376290
22.5862,2,22537786259,48376290
22.5912,5,22489416957,101753598
22.5937,6,22545317271,48376290
22.5962,11,22547867277,48367290
22.5988,14,22550390283,48367290
22.604,15,22512531205,91516586
22.6069,10,22558203507,48680290
22.612,12,22566083519,45891290
22.6145,9,22517604217,96893598
22.617,8,22571073525,45947296
22.6195,4,22522650229,96893598
22.6221,0,22576063531,46003302
22.6246,3,22578586537,46003302
22.6271,13,22530163241,96949604
22.6371,7,22540309265,96828592
22.6397,5,22591170555,48508308
22.6422,6,22593693561,48508308
22.6472,14,22598757573,48452302
22.6497,15,22604047791,45694090
22.6525,10,22606883797,45625296
22.6551,12,22611974809,43093290
22.6576,9,22614497815,43093290
22.6601,8,22617020821,43093290
22.6626,4,22619543827,43093290
22.6652,0,22622066833,43093290
22.668,3,22624589839,43406290
22.6705,13,22627112845,43406290
22.6756,1,22583639543,91988604
22.6782,2,22586162549,91988604
22.6807,7,22637137857,43536302
22.6832,5,22639678863,43536302
22.6857,6,22642201869,43536302
22.6883,11,22596234567,92044610
22.6933,10,22652509093,40805090
22.6959,12,22655068099,40787090
22.6984,9,22657591105,40787090
22.7009,8,22660114111,40787090
22.7059,0,22665160123,40731084
22.7089,3,22667996129,40948290
22.7115,13,22670519135,40948290
22.7166,1,22675628147,40948290
22.7191,2,22678151153,40948290
22.7216,7,22680674159,40948290
22.7242,5,22683215165,40948290
22.7267,6,22685738171,40948290
22.7317,14,22647209875,84484592
22.7393,10,22693314183,45949302
22.7418,12,22695855189,45949302
22.7443,9,22698378195,45949302
22.7469,8,22700901201,45949302
22.7494,4,22662637117,86736392
22.7568,13,22711467425,45363090
22.7596,1,22716576437,43066290
22.7622,2,22719099443,43066290
22.7647,7,22721622449,43066290
22.7672,5,22724163455,43066290
22.7701,6,22726686461,43379290
22.7726,15,22649741881,122855876
22.7751,11,22688279177,86841586
22.7776,14,22731694467,45949302
22.7852,10,22739263485,45976302
22.7878,12,22741804491,45976302
22.7928,8,22746850503,45920296
22.7953,4,22749373509,45920296
22.7978,0,22705891207,91925604
22.8028,13,22756830515,45976302
22.8134,2,22762165733,51205308
22.8159,7,22764688739,51205308
22.8184,5,22767229745,51205308
22.821,6,22770065751,50892308
22.8285,11,22775120763,53368308
22.831,14,22777643769,53368308
22.8386,10,22785239787,53312302
22.8411,12,22787780793,53312302
22.8461,8,22792770799,53312302
22.8486,4,22795293805,53312302
22.8538,3,22708944419,144868900
22.8563,13,22802806817,53529508
22.864,1,22759642727,104343616
22.8665,2,22813371041,53138308
22.869,7,22815894047,53138308
22.8743,5,22818435053,55909308
22.8769,6,22820958059,55909308
22.8794,15,22772597757,106810616
22.8819,11,22828489071,53460308
22.8845,14,22831012077,53460308
22.887,10,22838552089,48488302
22.8896,12,22841093095,48488302
22.8921,9,22744327497,147776906
22.8946,8,22846083101,48544308
22.8972,4,22848606107,48544308
22.8997,0,22797816811,101856610
22.9047,13,22856336325,48327102
22.9075,1,22863986343,43507296
22.91,2,22866509349,43507296
22.9129,7,22869032355,43820296
22.9154,5,22874344361,41058296
22.9179,6,22876867367,41058296
22.9229,11,22881949379,40993290
22.9255,14,22884472385,40993290
22.928,10,22887040391,40966290
22.9305,12,22889581397,40966290
22.9331,9,22892104403,40966290
22.943,3,22853813319,89181380
22.9455,13,22904663427,40854278
22.9481,1,22907493639,40619072
22.9506,2,22910016645,40619072
22.9631,11,22922942669,40129054
22.9658,14,22925465675,40346260
22.9684,10,22928006681,40346260
22.9709,12,22930547687,40346260
22.9737,9,22933070693,40659260
22.9763,8,22894627409,81625550
22.9788,4,22897150415,81625550
22.9813,0,22899673421,81625550
22.9838,3,22942994699,40827278
22.9863,13,22945517705,40827278
22.9889,1,22948112711,40809278
22.9914,2,22950635717,40809278
22.994,7,22912852651,81115350
22.9965,5,22915402657,81106350
22.999,6,22917925663,81106350
23.0016,15,22879408373,122155646
23.0043,11,22963071723,41250508
23.0068,14,22965811935,41033302
23.0094,10,22968352941,41033302
23.0119,12,22970893947,41033302
23.0145,9,22973729953,40720302
23.0173,8,22976252959,41033302
23.0198,4,22978775965,41033302
23.0248,3,22983821977,40977296
23.0273,13,22986344983,40977296
23.0299,1,22988921989,40977296
23.0324,2,22991444995,40977296
23.0349,7,22993968001,40977296
23.0375,5,22996509007,40977296
23.04,6,22999032013,40977296
23.0425,15,23001564019,40977296
23.0451,11,23004322231,40760090
23.0476,14,23006845237,40760090
23.0504,10,23009386243,40977296
23.0529,12,23011927249,40977296
23.0554,9,23014450255,40977296
23.058,8,23017286261,40664296
23.0605,4,23019809267,40664296
23.063,0,22981298971,81697598
23.0655,3,23024799273,40720302
23.068,13,23027322279,40720302
23.0731,1,23029899285,43234308
23.076,2,23032422291,43547308
23.0785,7,23034945297,43547308
23.081,5,23037486303,43547308
23.0836,6,23040009309,43547308
23.0861,15,23042541315,43547308
23.0911,11,23045082321,46061314
23.0937,14,23047605327,46061314
23.0962,10,23050363539,45844108
23.0987,12,23052904545,45844108
23.1062,4,23060473563,45732096
23.1112,3,23065519575,45676090
23.1137,13,23068042581,45676090
23.1218,1,23073133593,48682302
23.1243,2,23075969599,48369302
23.1269,7,23078492605,48369302
23.1294,5,23081033611,48369302
23.1319,6,23083556617,48369302
23.1345,15,23086088623,48369302
23.1395,11,23091143635,48378302
23.142,14,23093666641,48378302
23.1446,10,23096207647,48378302
23.1471,12,23098748653,48378302
23.1496,9,23055427551,94222410
23.1522,8,23057950557,94222410
23.1549,4,23106205659,48707520
23.1599,3,23111195665,48707520
23.1624,13,23113718671,48707520
23.165,1,23121815895,43223302
23.1676,2,23124338901,43223302
23.1701,7,23126861907,43223302
23.1726,5,23129402913,43223302
23.1751,6,23131925919,43223302
23.1777,15,23134457925,43223302
23.183,14,23142044943,40966290
23.1881,10,23144585949,43480296
23.1906,12,23147126955,43480296
23.1931,9,23149649961,43480296
23.1957,8,23152172967,43480296
23.1982,4,23154913179,43263090
23.2007,0,23062996569,137702706
23.2034,3,23159903185,43536302
23.206,13,23162426191,43536302
23.2161,1,23165039197,51051320
23.2186,2,23167562203,51051320
23.2214,7,23170085209,51364320
23.224,5,23172626215,51364320
23.229,15,23177681227,51308314
23.2315,11,23139521937,91999610
23.234,14,23183011233,51033320
23.2366,10,23188066245,48537314
23.2391,12,23190607251,48537314
23.2417,9,23193130257,48537314
23.2442,8,23195653263,48537314
23.2467,4,23198176269,48537314
23.2492,0,23200699275,48537314
23.252,3,23203439487,48537314
23.2545,13,23205962493,48537314
23.2596,1,23216090517,43545302
23.2622,2,23218613523,43545302
23.2647,7,23221449529,43232302
23.2672,5,23223990535,43232302
23.2697,6,23175149221,94596622
23.2748,11,23231521547,43232302
23.2773,14,23234044553,43232302
23.2798,10,23236603559,43223302
23.2827,12,23239144565,43536302
23.2852,9,23241667571,43536302
23.2877,8,23244190577,43536302
23.2902,4,23246713583,43536302
23.2928,0,23249236589,43536302
23.2953,3,23251976801,43319096
23.2978,13,23254499807,43319096
23.3031,1,23259635819,43509302
23.3081,7,23264681831,43453296
23.3131,6,23269745843,43397290
23.3157,15,23228989541,86685598
23.3182,11,23274753849,43453296
23.3207,14,23277276855,43453296
23.3236,10,23279826861,43766296
23.3261,12,23282680867,43453296
23.3287,9,23285203873,43453296
23.3312,8,23287726879,43453296
23.3337,4,23290249885,43453296
23.3362,0,23292772891,43453296
23.3387,3,23295295897,43453296
23.3413,13,23297818903,43453296
23.3439,1,23303145121,40731084
23.3464,2,23262158825,84240386
23.3489,7,23308135127,40787090
23.3517,5,23267222837,84457592
23.3542,6,23313143133,41060302
23.3567,15,23315675139,41060302
23.3593,11,23318207145,41060302
23.3618,14,23320730151,41060302
23.3643,10,23323593157,40747302
23.3693,9,23328657169,40691296
23.3719,8,23331180175,40691296
23.3744,4,23333703181,40691296
23.3769,0,23336226187,40691296
23.3794,3,23338749193,40691296
23.382,13,23341272199,40691296
23.3874,1,23343876205,43491302
23.3899,2,23346399211,43491302
23.3924,7,23348922217,43491302
23.395,5,23351680429,43274096
23.3975,6,23354203435,43274096
23.4002,15,23356735441,43491302
23.4028,11,23359267447,43491302
23.4053,14,23361790453,43491302
23.4103,10,23364340459,46005308
23.4129,12,23326134163,86752610
23.4154,9,23369348465,46061314
23.4179,8,23371871471,46061314
23.4205,4,23374394477,46061314
23.423,0,23376917483,46061314
23.4258,3,23379440489,46374314
23.4283,13,23381963495,46374314
23.436,1,23387367507,48593320
23.4385,2,23389890513,48593320
23.441,7,23392413519,48593320
23.4435,5,23394954525,48593320
23.4461,6,23397477531,48593320
23.4486,15,23400226743,48385114
23.4539,11,23402758749,51116326
23.4564,14,23405281755,51116326
23.459,10,23410345767,48620320
23.4615,12,23412886773,48620320
23.464,9,23415409779,48620320
23.4666,8,23417932785,48620320
23.4691,4,23420455791,48620320
23.4716,0,23422978797,48620320
23.4766,13,23428337809,48251314
23.4792,1,23435960827,43232302
23.4817,2,23438483833,43232302
23.4842,7,23441006839,43232302
23.4896,5,23443547845,46059308
23.4921,6,23446070851,46059308
23.4947,15,23448611857,46050308
23.4972,11,23453875075,43328096
23.5024,10,23458966087,43480296
23.505,12,23461507093,43480296
23.5075,9,23464030099,43480296
23.51,8,23466553105,43480296
23.5126,4,23469076111,43480296
23.5151,0,23471599117,43480296
23.5176,3,23425814803,91787616
23.5201,13,23476589123,43536302
23.5227,1,23479193129,43509302
23.5252,2,23481716135,43509302
23.5281,7,23484239141,43822302
23.5306,5,23489607153,41004296
23.5356,15,23494662165,40948290
23.5381,11,23497203171,40939290
23.5407,14,23456398081,84267386
23.5457,10,23502446383,43301096
23.5483,12,23504987389,43301096
23.5508,9,23507510395,43301096
23.5536,8,23510033401,43518302
23.5561,4,23512556407,43518302
23.5586,0,23515079413,43518302
23.5636,13,23520125425,43462296
23.5662,1,23522702431,43462296
23.5687,2,23525225437,43462296
23.5712,7,23528061443,43149296
23.5738,5,23530611449,43140296
23.5763,6,23492130159,84144592
23.5813,15,23535610455,45710308
23.5839,11,23538142461,45710308
23.5864,14,23540665467,45710308
23.5918,10,23545747479,46023308
23.5943,12,23548288485,46023308
23.5968,9,23550811491,46023308
23.602,4,23556074709,45967302
23.6046,0,23558597715,45967302
23.6071,3,23517602419,89485604
23.6096,13,23563587721,46023308
23.6146,1,23566164727,48481308
23.6172,2,23568687733,48481308
23.6197,7,23571210739,48481308
23.6222,5,23573751745,48481308
23.6248,6,23576274751,48481308
23.6273,15,23581320763,45976302
23.6301,11,23583852769,46289302
23.6327,14,23586375775,46289302
23.6377,12,23594311793,43406290
23.6402,9,23596834799,43406290
23.6428,8,23553551703,89212392
23.6453,4,23602042011,43245090
23.6478,0,23604565017,43245090
23.6506,3,23607088023,43462296
23.6531,13,23609611029,43462296
23.6557,1,23614646035,41022296
23.6582,2,23617169041,41022296
23.6607,7,23619692047,41022296
23.6658,5,23622233053,43536302
23.6683,6,23624756059,43536302
23.6708,15,23627297065,43518302
23.6733,11,23630142071,43205302
23.6759,14,23632665077,43205302
23.6809,10,23591770787,89172604
23.686,9,23640241089,45710308
23.6885,8,23642764095,45710308
23.6913,4,23645287101,46023308
23.6938,0,23647810107,46023308
23.6964,3,23650550319,45806102
23.6989,13,23653073325,45806102
23.7017,1,23655668331,46005308
23.7042,2,23658191337,46005308
23.7067,7,23660714343,46005308
23.7118,5,23665769355,46023308
23.7143,6,23668292361,46023308
23.7193,11,23673347373,45967302
23.7218,14,23675870379,45967302
23.7294,10,23680943391,48490308
23.7323,12,23637718083,94569622
23.7348,9,23685951397,48859314
23.7398,4,23691310409,48490308
23.7423,0,23693833415,48490308
23.7448,3,23696356421,48490308
23.7474,13,23698879427,48490308
23.7549,2,23704196645,50749102
23.7575,7,23706719651,50749102
23.7628,5,23711792663,50966308
23.7677,15,23670815367,96933610
23.7727,14,23721837681,50910302
23.7778,10,23729433699,48405296
23.7878,8,23688474403,99353604
23.7904,4,23739800717,50550296
23.7932,0,23742323723,50863296
23.7957,3,23744846729,50863296
23.7982,13,23747369735,50863296
23.806,1,23701673639,104343610
23.8085,2,23754945747,53594508
23.8111,7,23757468753,53594508
23.8162,5,23762758971,53395302
23.8286,14,23772747983,55853302
23.8312,10,23777838995,53321296
23.8337,12,23732287705,101431592
23.8366,9,23734810711,101744592
23.8391,8,23787828007,51250302
23.8416,4,23790351013,51250302
23.8441,0,23793187019,50937302
23.8491,13,23798233031,50881296
23.8519,1,23806017249,45918290
23.8545,2,23808540255,45918290
23.857,7,23811063261,45918290
23.8621,5,23816154273,45909290
23.8646,6,23714315669,150270900
23.8721,14,23828601285,43460290
23.8746,10,23831160291,43451290
23.8771,11,23719314675,157819912
23.8797,12,23833719297,45947296
23.8822,9,23836555303,45634296
23.8847,8,23839078309,45634296
23.8872,4,23841601315,45634296
23.8898,0,23844124321,45634296
23.8923,3,23795710025,96571598
23.8951,13,23849114327,46003302
23.9104,2,23854458545,55976320
23.913,7,23856981551,55976320
23.9155,5,23862063563,53462314
23.918,6,23864586569,53462314
23.9206,15,23767748977,152822912
23.9256,10,23874611581,50995314
23.9281,11,23877134587,50995314
23.9307,12,23879666593,51004314
23.9332,9,23882189599,51004314
23.9357,8,23884712605,51004314
23.9386,4,23887235611,51317314
23.9411,0,23889758617,51317314
23.9436,3,23892281623,51317314
23.9487,1,23851935539,96779404
23.9512,2,23910434865,40803084
23.9565,5,23915525877,40946284
23.959,6,23918048883,40946284
23.964,14,23872061575,91932598
23.9716,10,23925606895,45965296
23.9815,9,23933193913,48311284
23.984,8,23935716919,48311284
23.989,0,23941075931,47942278
23.9915,3,23943598937,47942278
23.9941,13,23895117629,98946592
23.9966,1,23948714943,47926284
23.9995,2,23951237949,48239284
24.002,7,23912957871,89042368
24.0048,5,23956472161,48295290
24.0122,14,23963994173,48239284
24.0198,10,23971572191,48266284
24.0224,11,23928129901,94231580
24.0249,12,23930670907,94249580
24.0274,9,23981505197,45938296
24.03,8,23984028203,45938296
24.0325,4,23938552925,93936580
24.035,0,23989018209,45994302
24.0375,3,23991541215,45994302
24.0404,13,23994064221,46307302
24.048,1,23996641227,51335314
24.0532,7,24002000239,51183514
24.0583,5,24004767451,53489314
24.0632,15,23920571889,142674882
24.0658,14,24012233457,53545320
24.0684,10,24019838475,48517308
24.0734,12,24024920487,48452302
24.0759,9,24027443493,48452302
24.0809,4,24032489505,48396296
24.0834,0,24035012511,48396296
24.0859,3,24037535517,48396296
24.0885,13,24040371523,48083296
24.0936,1,24047976541,45596290
24.0961,2,23999477233,96618604
24.0986,7,24053183753,45435090
24.1042,5,24058256765,45965296
24.1067,6,23958995167,147749900
24.1093,15,24063246771,46021302
24.1168,11,24022361481,94399598
24.1193,12,24073372789,45938296
24.1218,9,24075895795,45938296
24.1244,8,24029966499,94390598
24.1269,4,24080885801,45994302
24.1294,0,24083408807,45994302
24.1319,3,24085931813,45994302
24.1344,13,24088454819,45994302
24.1395,1,24093572831,45976302
24.1424,2,24096095837,46289302
24.1449,7,24098618843,46289302
24.1527,5,24104222061,48434302
24.1552,6,24106745067,48434302
24.1577,15,24109268073,48434302
24.1602,14,24065778777,94455604
24.1628,10,24068355783,94428604
24.1653,11,24116761079,48546314
24.1679,12,24119311085,48546314
24.1728,8,24124357097,48490308
24.1754,4,24126880103,48490308
24.1779,0,24129403109,48490308
24.1804,3,24131926115,48490308
24.1855,1,24139549133,45920296
24.188,2,24142385139,45607296
24.1905,7,24144908145,45607296
24.1956,5,24152656363,42959090
24.1981,6,24155179369,42959090
24.2007,15,24157702375,42959090
24.2062,10,24162784387,43433290
24.2112,12,24167857399,43377284
24.2138,9,24121834091,91923598
24.2163,8,24172847405,43433290
24.2188,4,24175370411,43433290
24.2213,0,24177893417,43433290
24.2263,13,24134449121,91867592
24.2289,1,24185469429,43424290
24.2314,2,24187992435,43424290
24.2339,7,24190515441,43424290
24.2365,5,24195615453,40883284
24.239,6,24198138459,40883284
24.2415,15,24200661465,40883284
24.2444,14,24160234381,84155374
24.2469,10,24206217677,40722084
24.2495,11,24165307393,84155374
24.2522,12,24211234683,40995296
24.2548,9,24213757689,40995296
24.2573,8,24216280695,40995296
24.2598,4,24218803701,40995296
24.2648,3,24180416423,84372580
24.2673,13,24226316713,40995296
24.2699,1,24228893719,40995296
24.2724,2,24231416725,40995296
24.2749,7,24233939731,40995296
24.2775,5,24236498737,40977296
24.28,6,24239021743,40977296
24.2825,15,24241544749,40977296
24.2851,14,24244389755,40664296
24.2876,10,24246939761,40664296
24.2901,11,24249462767,40664296
24.2927,12,24252229979,40465090
24.2952,9,24254752985,40465090
24.3002,4,24259798997,40409084
24.3029,0,24221326707,81621586
24.3058,3,24264789003,40995296
24.3083,13,24267312009,40995296
24.3109,1,24269889015,40995296
24.3134,2,24272412021,40995296
24.3159,7,24274935027,40995296
24.3185,5,24277476033,40995296
24.321,6,24279999039,40995296
24.3235,15,24282522045,40995296
24.326,14,24285054051,40995296
24.3286,10,24287604057,40995296
24.3311,11,24290127063,40995296
24.3337,12,24292695069,40977296
24.3362,9,24295218075,40977296
24.3387,8,24257275991,81442386
24.3412,4,24300208081,41033302
24.3438,0,24302948293,40816096
24.3466,3,24305784299,40816096
24.3491,13,24308307305,40816096
24.3519,1,24310884311,41033302
24.3544,2,24313407317,41033302
24.357,7,24315930323,41033302
24.362,6,24320994335,40977296
24.3645,15,24323517341,40977296
24.367,14,24326049347,40977296
24.3696,10,24328599353,40977296
24.3721,11,24331122359,40977296
24.3746,12,24333672365,40977296
24.3772,9,24336195371,40977296
24.3797,8,24338718377,40977296
24.3822,4,24341241383,40977296
24.3847,0,24343764389,40977296
24.3873,3,24346600395,40664296
24.3898,13,24349123401,40664296
24.3949,1,24351917613,42979096
24.3974,2,24354440619,42979096
24.3999,7,24356963625,42979096
24.4027,5,24318471329,84229604
24.4052,6,24361971631,43252308
24.4081,15,24364494637,43565308
24.4106,14,24367026643,43565308
24.4182,10,24369576649,48593320
24.4207,11,24372099655,48593320
24.4258,12,24374649661,51107326
24.4283,9,24377172667,51107326
24.4333,4,24382218679,51051320
24.4383,3,24387264691,50995314
24.4408,13,24389787697,50995314
24.4459,1,24394896709,50995314
24.4484,2,24397419715,50995314
24.4513,7,24399942721,51308314
24.4563,5,24402700933,53558108
24.4588,6,24405223939,53558108
24.4615,15,24408059945,53462314
24.4641,14,24410591951,53462314
24.4716,11,24420692975,50919302
24.4742,12,24425756987,48423296
24.4767,9,24428279993,48423296
24.4817,4,24433269999,48423296
24.4842,0,24384741685,99474616
24.4867,3,24438260005,48479302
24.4893,13,24440783011,48479302
24.4944,1,24445892023,48479302
24.4969,2,24448415029,48479302
24.5046,5,24456259041,48383508
24.5072,6,24458782047,48383508
24.5125,14,24464054265,48423296
24.5176,10,24418169969,99380604
24.5201,11,24471612277,48461302
24.5226,12,24474180283,48452302
24.5252,9,24476703289,48452302
24.5277,8,24379695673,147982924
24.5327,0,24484216301,48452302
24.5352,3,24486739307,48452302
24.5377,13,24489262313,48452302
24.5428,2,24496894331,45882290
24.5453,7,24451251035,94048592
24.5478,5,24504642549,43207084
24.5609,10,24517550573,43312284
24.5634,11,24520073579,43312284
24.5659,12,24522632585,43312284
24.5685,9,24525155591,43312284
24.5735,4,24481693295,91764586
24.576,0,24532668603,43312284
24.5785,3,24535191609,43312284
24.581,13,24537714615,43312284
24.5836,1,24494371325,89232580
24.5861,2,24542776621,43350290
24.5886,7,24545299627,43350290
24.5937,6,24507165555,86492368
24.5962,15,24461522259,134658670
24.5987,14,24512477561,86235374
24.6015,10,24560862857,40626290
24.604,11,24563385863,40626290
24.6091,12,24565944869,43140296
24.6119,9,24568467875,43453296
24.6144,8,24527678597,86765580
24.617,4,24573457881,43509302
24.622,3,24578503893,43453296
24.6245,13,24581026899,43453296
24.6296,1,24583603905,45967302
24.6346,7,24588649917,45911296
24.6371,5,24547849633,89252586
24.6396,6,24593657923,45967302
24.6421,15,24596180929,45967302
24.6447,14,24598712935,45967302
24.6498,10,24601489147,48264102
24.6523,11,24604012153,48264102
24.6554,12,24609085165,46289302
24.6579,9,24611921171,45976302
24.6604,8,24614444177,45976302
24.6629,4,24616967183,45976302
24.6679,3,24621957189,45976302
24.6705,13,24624480195,45976302
24.6731,1,24629571207,43480296
24.6756,2,24586126911,89447598
24.6781,7,24634561213,43536302
24.6806,5,24637102219,43536302
24.6832,6,24639625225,43536302
24.6857,15,24642148231,43536302
24.6882,14,24644680237,43536302
24.6908,10,24649753249,41022296
24.6933,11,24652276255,41022296
24.7008,9,24657897473,42932090
24.7036,8,24660420479,43149296
24.7061,4,24662943485,43149296
24.7086,0,24575980887,132634900
24.7136,13,24670456497,43149296
24.7165,1,24673051503,43453296
24.719,2,24675574509,43453296
24.7216,7,24678097515,43453296
24.7241,5,24680638521,43453296
24.7266,6,24683161527,43453296
24.7291,15,24685684533,43453296
24.7317,14,24688216539,43453296
24.7342,10,24690775545,43435296
24.7367,11,24693298551,43435296
24.7393,12,24655374467,83927386
24.7418,9,24700829563,40995296
24.7468,4,24706092781,40722084
24.7493,0,24708615787,40722084
24.7519,3,24667933491,83927386
24.7546,13,24713605793,40995296
24.7575,1,24716504799,40995296
24.7625,7,24721550811,40939290
24.765,5,24724091817,40939290
24.7676,6,24726614823,40939290
24.7701,15,24729137829,40939290
24.7726,14,24731669835,40939290
24.7752,10,24734210841,40939290
24.7777,11,24736733847,40939290
24.7827,12,24739301853,43435296
24.7853,9,24741824859,43435296
24.7878,8,24703569775,84213386
24.7903,4,24746814865,43491302
24.7953,3,24751860877,43435296
24.7978,13,24754601089,43218090
24.8031,1,24757500095,45636302
24.8057,2,24719027805,86631598
24.8082,7,24762490101,45692308
24.8132,5,24765031107,48206314
24.8158,6,24767554113,48206314
24.8186,15,24770077119,48519314
24.8211,14,24772609125,48519314
24.8261,11,24777673137,48463308
24.8312,12,24782737149,48481308
24.8337,9,24785260155,48481308
24.8363,8,24787783161,48481308
24.8388,4,24790306167,48481308
24.8413,0,24749337871,91972610
24.8438,3,24795296173,48537314
24.8464,13,24797819179,48537314
24.8542,1,24803136397,51022314
24.8567,2,24805659403,51022314
24.8595,7,24808182409,51335314
24.8621,5,24813237421,48830308
24.8671,15,24818596433,48461302
24.8696,14,24821128439,48461302
24.8721,10,24775150131,96980616
24.8747,11,24826136445,48517308
24.8797,12,24831218457,48517308
24.8823,9,24833741463,48517308
24.8848,8,24836264469,48517308
24.8873,4,24838787475,48517308
24.8898,0,24841310481,48517308
24.8948,13,24846356493,48461302
24.9052,1,24854158711,51031314
24.9077,2,24856681717,51031314
24.9102,7,24859517723,50718314
24.9128,5,24862067729,50709314
24.9153,6,24815760427,99539622
24.9178,15,24867057735,50765320
24.9257,10,24872130747,53536320
24.9282,11,24874653753,53536320
24.9357,9,24882258771,53480314
24.9383,8,24884781777,53480314
24.9408,4,24887304783,53480314
24.9433,0,24889827789,53480314
24.9458,3,24843833487,101997622
24.9484,13,24894817795,53536320
24.9616,1,24905190025,56372326
24.9641,2,24907713031,56372326
24.9666,7,24910236037,56372326
24.9691,5,24912777043,56372326
24.9717,6,24915300049,56372326
24.9842,10,24925667067,58535326
24.9867,11,24928190073,58535326
24.9893,12,24879735765,109557640
24.9943,8,24938262091,56021320
24.9968,4,24940785097,56021320
24.9993,0,24943308103,56021320
25.0019,3,24945831109,56021320
25.0147,1,24961562351,53091302
25.0196,7,24966608363,53035296
25.0225,5,24969149369,53348296
25.025,6,24971672375,53348296
25.0275,15,24917823055,109720622
25.0326,10,24984202393,48394290
25.0376,14,24869589741,168014948
25.0401,12,24989293405,50834290
25.0427,9,24935739085,106911616
25.0452,8,24994283411,50890296
25.0477,4,24996806417,50890296
25.0527,3,25001852429,50834290
25.0552,13,24948354115,106855610
25.0684,1,25014653653,53773308
25.0709,2,24964085357,106864610
25.0735,7,25019643659,53829314
25.076,5,25022497665,53516314
25.0785,6,25025020671,53516314
25.0811,15,25027543677,53516314
25.0861,10,25032596683,53545320
25.0912,14,25037604689,53545320
25.0937,12,25040127695,53563320
25.0987,8,25045173707,53507314
25.1014,4,25047696713,53724520
25.1039,0,24999329423,104614816
25.1089,13,25055209725,53724520
25.1191,2,25070949967,48119296
25.1216,7,25073472973,48119296
25.127,5,25076013979,50946302
25.1295,6,25078536985,50946302
25.1345,10,25086142003,48376290
25.137,11,24986725399,150315900
25.1396,14,25091150009,48432296
25.1421,12,25093691015,48432296
25.1471,8,25098681021,48432296
25.1546,3,25052686719,101883604
25.1571,13,25108934245,48159084
25.1599,1,25068426961,91487580
25.1624,2,25119069263,43368284
25.165,7,25121592269,43368284
25.1678,5,25126960281,40863278
25.1703,6,25129483287,40863278
25.1754,10,25134518293,40854278
25.1804,14,25139582305,40798272
25.1829,12,25142123311,40798272
25.1854,9,25042650701,142793888
25.188,8,25147113317,40854278
25.1905,4,25101421233,89069368
25.193,0,25103944239,89069368
25.1955,3,25154570323,40966290
25.1981,13,25157093329,40966290
25.2009,1,25159914541,40948290
25.2034,2,25162437547,40948290
25.2059,7,25164960553,40948290
25.2109,6,25170346565,40570284
25.2134,15,25081059991,132379864
25.216,10,25175372571,40626290
25.2185,11,25137041299,81480568
25.2211,14,25180380577,40682296
25.2264,12,25182921583,43509302
25.229,9,25185444589,43509302
25.2315,8,25187967595,43509302
25.2365,0,25193013607,43453296
25.239,3,25195536613,43453296
25.2415,13,25198059619,43453296
25.2491,1,25200862831,48264102
25.2519,2,25203385837,48481308
25.2544,7,25205908843,48481308
25.2569,5,25167823559,89107598
25.2595,6,25210916849,48537314
25.262,15,25213439855,48537314
25.2671,10,25215998861,51051320
25.2699,11,25218521867,51364320
25.2724,14,25221062873,51364320
25.2775,12,25226430885,51060320
25.28,9,25228953891,51060320
25.2825,8,25231476897,51060320
25.2851,4,25190490601,94569622
25.2876,0,25236466903,51116326
25.2901,3,25238989909,51116326
25.2926,13,25241512915,51116326
25.2977,1,25249126933,48620320
25.3003,2,25251867145,48403114
25.3077,6,25259454163,48291102
25.313,10,25267050181,45947296
25.3155,11,25269886187,45634296
25.3181,14,25272427193,45634296
25.3206,12,25277491205,43120290
25.3231,9,25280014211,43120290
25.3257,8,25282537217,43120290
25.3282,4,25285060223,43120290
25.331,0,25287583229,43433290
25.3335,3,25290106235,43433290
25.3361,13,25292629241,43433290
25.3462,1,25297747253,48452302
25.3487,2,25300270259,48452302
25.3565,5,25256931157,99530622
25.359,6,25307745265,51239520
25.3615,15,25261977169,99530622
25.3691,10,25312997477,56106332
25.3719,11,25315520483,56419332
25.3795,14,25318061489,61391338
25.382,12,25320611495,61373338
25.3845,9,25323134501,61373338
25.387,8,25325657507,61373338
25.3896,4,25328180513,61373338
25.3921,0,25331016519,61060338
25.3946,3,25333539525,61060338
25.3971,13,25336062531,61060338
25.4049,1,25346199555,58734532
25.4075,2,25348722561,58734532
25.41,7,25254390151,155589948
25.4125,5,25356461779,56086326
25.4151,6,25358984785,56086326
25.4226,10,25369103809,53534314
25.4252,11,25371939815,53221314
25.4277,14,25379452827,48276308
25.433,9,25384507839,48533308
25.438,4,25389553851,48477302
25.4406,0,25392076857,48477302
25.4431,3,25394599863,48477302
25.4534,1,25404934087,48477302
25.4559,2,25407457093,48477302
25.4585,7,25409980099,48477302
25.461,5,25412548105,48450302
25.4635,6,25415071111,48450302
25.466,15,25361507791,104536628
25.4686,10,25422638123,45974302
25.4739,14,25427729135,46204302
25.4789,9,25433041147,45891296
25.4815,8,25387030845,94424604
25.484,4,25438031153,45947302
25.4865,0,25440554159,45947302
25.489,3,25443077165,45947302
25.4915,13,25397122869,94424604
25.4942,1,25453411389,40758090
25.4967,2,25455934395,40758090
25.4992,7,25458457401,40758090
25.5067,15,25466044419,40646078
25.5095,10,25468612425,40854284
25.517,12,25381984833,134965882
25.5195,9,25478932443,40541278
25.522,8,25481455449,40541278
25.5245,4,25483978455,40541278
25.527,0,25486501461,40541278
25.5296,3,25489024467,40541278
25.5321,13,25491547473,40541278
25.535,1,25494169479,40809278
25.5375,2,25496692485,40809278
25.54,7,25499215491,40809278
25.5426,5,25460998407,81567368
25.5451,6,25463521413,81567368
25.5476,15,25506690497,40921290
25.5504,10,25509466709,40939290
25.5529,11,25425161129,127767876
25.5555,14,25473933437,81536574
25.558,12,25516950715,41051302
25.563,8,25521996727,40995296
25.5655,4,25524519733,40995296
25.568,0,25527042739,40995296
25.573,13,25532088751,40939290
25.5759,1,25534978757,40939290
25.5784,2,25537501763,40939290
25.581,7,25540024769,40939290
25.5835,5,25542565775,40939290
25.586,6,25545088781,40939290
25.5886,15,25547611787,40939290
25.5911,10,25550405999,40722084
25.5937,11,25552929005,40722084
25.5962,14,25555470011,40722084
25.5987,12,25558002017,40722084
25.6015,9,25519473721,81990592
25.604,8,25562992023,40995296
25.6065,4,25565515029,40995296
25.609,0,25568038035,40995296
25.6116,3,25529565745,81990592
25.6141,13,25573028041,41051302
25.6167,1,25575918047,40738302
25.6192,2,25578441053,40738302
25.6217,7,25580964059,40738302
25.6242,5,25583505065,40738302
25.6268,6,25586028071,40738302
25.6293,15,25588551077,40738302
25.6318,10,25591128083,40720302
25.6344,11,25593651089,40720302
25.6372,14,25596192095,41033302
25.6398,12,25598724101,41033302
25.6423,9,25601464313,40816096
25.6448,8,25603987319,40816096
25.6473,4,25606510325,40816096
25.6498,0,25609033331,40816096
25.6548,13,25614079343,40760090
25.6576,1,25616656349,40977296
25.6602,2,25619179355,40977296
25.6627,7,25621702361,40977296
25.6652,5,25624243367,40977296
25.6702,15,25629289379,40921290
25.6728,10,25631848385,40921290
25.6753,11,25634371391,40921290
25.6781,14,25637225397,40921290
25.6807,12,25639757403,40921290
25.6832,9,25642280409,40921290
25.6857,8,25644803415,40921290
25.6882,4,25647326421,40921290
25.6908,0,25649849427,40921290
25.6933,3,25611556337,81737386
25.6958,13,25654839433,40977296
25.6984,1,25657633645,40778090
25.7009,2,25660156651,40778090
25.7037,7,25662679657,40995296
25.7062,5,25665220663,40995296
25.7087,6,25626766373,81972592
25.7138,10,25672769675,40995296
25.7163,11,25675292681,40995296
25.7188,14,25678146687,40682296
25.7214,12,25680678693,40682296
25.7239,9,25683201699,40682296
25.7264,8,25685724705,40682296
25.7289,4,25688247711,40682296
25.7315,0,25690770717,40682296
25.734,3,25693293723,40682296
25.7365,13,25695816729,40682296
25.7394,1,25698411735,40977296
25.7419,2,25700934741,40977296
25.7444,7,25703674953,40760090
25.747,5,25706215959,40760090
25.7495,6,25708738965,40760090
25.757,11,25716287977,40704084
25.7598,14,25718828983,40921290
25.7623,12,25721360989,40921290
25.7648,9,25723883995,40921290
25.7673,8,25726407001,40921290
25.7699,4,25728930007,40921290
25.7724,0,25731453013,40921290
25.7749,3,25733976019,40921290
25.7774,13,25736499025,40921290
25.7803,1,25739389031,40921290
25.7828,2,25741912037,40921290
25.7854,7,25744435043,40921290
25.7879,5,25746976049,40921290
25.7904,6,25749499055,40921290
25.7929,15,25670210669,122732682
25.7955,10,25713764971,81737386
25.798,11,25756992061,41033302
25.8008,14,25759750273,41033302
25.8033,12,25762282279,41033302
25.8058,9,25764805285,41033302
25.8084,8,25767328291,41033302
25.8109,4,25769851297,41033302
25.8134,0,25772374303,41033302
25.8159,3,25774897309,41033302
25.8185,13,25777420315,41033302
25.821,1,25780310321,40720302
25.8236,2,25782833327,40720302
25.8261,7,25785356333,40720302
25.8286,5,25787897339,40720302
25.8336,15,25792943351,40664296
25.8362,10,25795502357,40664296
25.8387,11,25798025363,40664296
25.8416,14,25800783575,40778090
25.8441,12,25803315581,40778090
25.8466,9,25805838587,40778090
25.8491,8,25808361593,40778090
25.8519,4,25810884599,40995296
25.8544,0,25813407605,40995296
25.8569,3,25815930611,40995296
25.8594,13,25818453617,40995296
25.862,1,25821030623,40995296
25.8645,2,25823553629,40995296
25.8671,7,25826076635,40995296
25.8696,5,25828617641,40995296
25.8721,6,25790420345,81715598
25.8747,15,25833607647,41051302
25.8772,10,25836166653,41051302
25.8797,11,25838689659,41051302
25.8826,14,25841561665,41033302
25.8851,12,25844093671,41033302
25.8876,9,25846616677,41033302
25.8902,8,25849139683,41033302
25.8927,4,25851879895,40816096
25.8952,0,25854402901,40816096
25.8977,3,25856925907,40816096
25.9003,13,25859448913,40816096
25.9031,1,25862025919,41033302
25.9056,2,25864548925,41033302
25.9081,7,25867071931,41033302
25.9106,5,25869612937,41033302
25.9132,6,25872135943,41033302
25.9157,15,25874658949,41033302
25.9183,10,25877217955,41033302
25.9208,11,25879740961,41033302
25.9233,14,25882594967,40720302
25.9258,12,25885126973,40720302
25.9284,9,25887649979,40720302
25.9309,8,25890172985,40720302
25.9334,4,25892695991,40720302
25.9359,0,25895218997,40720302
25.9385,3,25897742003,40720302
25.941,13,25900265009,40720302
25.9464,1,25903059221,43348102
25.9541,5,25910646239,43453296
25.9566,6,25913169245,43453296
25.9591,15,25915692251,43453296
25.9617,10,25918251257,43453296
25.9642,11,25920774263,43453296
25.9692,12,25925847275,43397290
25.9718,9,25928370281,43397290
25.9743,8,25930893287,43397290
25.9768,4,25933416293,43397290
25.9793,0,25935939299,43397290
25.9819,3,25938462305,43397290
25.9844,13,25940985311,43397290
25.9873,1,25946407323,40883284
25.9898,2,25905582227,84231386
25.9923,7,25908105233,84231386
25.9949,5,25954099535,40778090
25.9974,6,25956622541,40778090
25.9999,15,25959145547,40778090
26.0027,10,25961704553,40995296
26.0052,11,25964227559,40995296
26.0078,14,25923315269,84448592
26.0103,12,25969244565,41051302
26.0128,9,25971767571,41051302
26.0153,8,25974290577,41051302
26.0179,4,25976813583,41051302
26.0204,0,25979336589,41051302
26.0229,3,25981859595,41051302
26.0254,13,25984382601,41051302
26.0305,1,25987290607,43234308
26.033,2,25989813613,43234308
26.0356,7,25992336619,43234308
26.0381,5,25994877625,43234308
26.0406,6,25997400631,43234308
26.0432,15,25999923637,43234308
26.0486,10,26002699849,45862108
26.0538,14,26007763861,46023308
26.0563,12,26010295867,46023308
26.0588,9,26012818873,46023308
26.0614,8,26015341879,46023308
26.0639,4,26017864885,46023308
26.0664,0,26020387891,46023308
26.0689,3,26022910897,46023308
26.0715,13,26025433903,46023308
26.0791,1,26030524915,48546314
26.0841,7,26035570927,48490308
26.0866,5,26038111933,48490308
26.0894,6,26040634939,48803308
26.092,15,26043157945,48803308
26.0945,10,26048561957,45976302
26.0971,11,26005222855,91838410
26.0996,14,26053787169,45815102
26.1048,9,26058842181,45976302
26.1073,8,26061365187,45976302
26.1099,4,26063888193,45976302
26.1124,0,26066411199,45976302
26.1149,3,26068934205,45976302
26.1174,13,26071457211,45976302
26.12,1,26079071229,40966290
26.1226,2,26033047921,89512604
26.1251,7,26084061235,41022296
26.1276,5,26086602241,41022296
26.1301,6,26089438247,40709296
26.1327,15,26091961253,40709296
26.1352,10,26094538259,40691296
26.1378,11,26097061265,40691296
26.1403,14,26099602271,40691296
26.1428,12,26056319175,86506398
26.1453,9,26104818483,40530096
26.1482,8,26107341489,40843096
26.1507,4,26109864495,40843096
26.1534,0,26112387501,41060302
26.156,3,26114910507,41060302
26.1585,13,26117433513,41060302
26.1611,1,26120037519,41033302
26.1636,2,26122560525,41033302
26.1661,7,26125083531,41033302
26.1687,5,26127624537,41033302
26.1712,6,26130147543,41033302
26.1737,15,26132670549,41033302
26.1763,10,26135229555,41033302
26.1813,14,26140293567,40977296
26.1838,12,26142825573,40977296
26.1863,9,26145348579,40977296
26.1888,8,26148184585,40664296
26.1917,4,26150707591,40977296
26.1942,0,26153447803,40760090
26.1967,3,26155970809,40760090
26.1993,13,26158493815,40760090
26.202,1,26161070821,40977296
26.2046,2,26163593827,40977296
26.2071,7,26166116833,40977296
26.2096,5,26168657839,40977296
26.2122,6,26171180845,40977296
26.2147,15,26173703851,40977296
26.2172,10,26176262857,40977296
26.2198,11,26137752561,82010598
26.2223,14,26181270863,41033302
26.2248,12,26183802869,41033302
26.2274,9,26186325875,41033302
26.2299,8,26188848881,41033302
26.2324,4,26191684887,40720302
26.2349,0,26194207893,40720302
26.2375,3,26196730899,40720302
26.24,13,26199253905,40720302
26.2426,1,26202048117,40521096
26.2451,2,26204571123,40521096
26.2476,7,26207094129,40521096
26.2507,5,26209635135,41051302
26.2532,6,26212158141,41051302
26.2557,15,26214681147,41051302
26.2583,10,26217240153,41051302
26.2608,11,26219763159,41051302
26.2634,14,26222304165,41051302
26.2659,12,26224836171,41051302
26.2684,9,26227359177,41051302
26.2709,8,26229882183,41051302
26.2735,4,26232405189,41051302
26.276,0,26234928195,41051302
26.2785,3,26237451201,41051302
26.281,13,26239974207,41051302
26.2836,1,26242569213,41033302
26.2861,2,26245092219,41033302
26.2886,7,26247615225,41033302
26.2912,5,26250686437,40503096
26.294,6,26253209443,40816096
26.2965,15,26255732449,40816096
26.2991,10,26258291455,40816096
26.3018,11,26260814461,41033302
26.3044,14,26263355467,41033302
26.3069,12,26265887473,41033302
26.3094,9,26268410479,41033302
26.312,8,26270933485,41033302
26.3145,4,26273456491,41033302
26.317,0,26275979497,41033302
26.3195,3,26278502503,41033302
26.3221,13,26281025509,41033302
26.3271,1,26283602515,43547308
26.3297,2,26286125521,43547308
26.3322,7,26288648527,43547308
26.3347,5,26291189533,43547308
26.3373,6,26294025539,43234308
26.3398,15,26296548545,43234308
26.3423,10,26299107551,43234308
26.3473,14,26304388769,42961096
26.3499,12,26306920775,42961096
26.3527,9,26309443781,43274096
26.3579,4,26314489793,43435296
26.3604,0,26317012799,43435296
26.363,3,26319535805,43435296
26.3655,13,26322058811,43435296
26.3681,1,26327149823,40939290
26.3706,2,26329672829,40939290
26.3731,7,26332195835,40939290
26.3757,5,26334736841,40939290
26.3782,6,26337259847,40939290
26.3807,15,26339782853,40939290
26.3833,10,26342341859,40939290
26.3858,11,26301847763,83956392
26.3883,14,26347349865,40995296
26.3909,12,26349881871,40995296
26.3934,9,26352717877,40682296
26.3962,8,26311966787,84269392
26.4014,0,26360448095,40995296
26.4064,13,26365494107,40939290
26.409,1,26368089113,40921290
26.4115,2,26370612119,40921290
26.4141,7,26373135125,40921290
26.4166,5,26375676131,40921290
26.4191,6,26378199137,40921290
26.4216,15,26380722143,40921290
26.4242,10,26383281149,40921290
26.4267,11,26385804155,40921290
26.4293,14,26388345161,40921290
26.4318,12,26390877167,40921290
26.4343,9,26393400173,40921290
26.4368,8,26396236179,40608290
26.4394,4,26357925089,81442386
26.4419,0,26401443391,40447090
26.4444,3,26362971101,81442386
26.4469,13,26406433397,40503096
26.4495,1,26409010403,40503096
26.452,2,26411533409,40503096
26.4551,7,26414056415,41033302
26.4576,5,26416597421,41033302
26.4602,6,26419120427,41033302
26.4627,15,26421643433,41033302
26.4652,10,26424202439,41033302
26.4678,11,26426725445,41033302
26.4703,14,26429266451,41033302
26.4728,12,26431798457,41033302
26.4754,9,26434321463,41033302
26.4779,8,26436844469,41033302
26.4804,4,26439367475,41033302
26.4829,0,26441890481,41033302
26.4854,3,26444413487,41033302
26.488,13,26446936493,41033302
26.4905,1,26449513499,41033302
26.4931,2,26452036505,41033302
26.4956,7,26455089717,40503096
26.4984,5,26457630723,40816096
26.5062,10,26465235741,40921290
26.5087,11,26467758747,40921290
26.5112,14,26470299753,40921290
26.5138,12,26472831759,40921290
26.5163,9,26475354765,40921290
26.5188,8,26477877771,40921290
26.5213,4,26480400777,40921290
26.5238,0,26482923783,40921290
26.5264,3,26485446789,40921290
26.5289,13,26487969795,40921290
26.5315,1,26490546801,40921290
26.534,2,26493069807,40921290
26.5365,7,26495592813,40921290
26.5391,5,26498446819,40608290
26.5416,6,26460153729,81424386
26.5441,15,26462676735,81424386
26.5467,10,26506157031,40521096
26.5492,11,26508680037,40521096
26.552,14,26511221043,40738302
26.5545,12,26513753049,40738302
26.557,9,26516276055,40738302
26.5599,8,26518799061,41051302
26.5624,4,26521322067,41051302
26.5649,0,26523845073,41051302
26.5674,3,26526368079,41051302
26.5699,13,26528891085,41051302
26.575,1,26531468091,43565308
26.5776,2,26533991097,43565308
26.5801,7,26536514103,43565308
26.5826,5,26539055109,43565308
26.5851,6,26541578115,43565308
26.5877,15,26544101121,43565308
26.5927,10,26546678127,46061314
26.5953,11,26549201133,46061314
26.6006,12,26554491351,46119108
26.6058,8,26559850363,45967308
26.6083,4,26562373369,45967308
26.6109,0,26564896375,45967308
26.6134,3,26567419381,45967308
26.6159,13,26569942387,45967308
26.621,1,26575033399,45976308
26.6235,2,26577556405,45976308
26.6261,7,26580079411,45976308
26.6286,5,26582620417,45976308
26.6336,15,26587666429,45920302
26.6387,10,26592739441,45938302
26.6412,11,26595262447,45938302
26.6463,14,26551959345,94296416
26.6488,12,26600610459,48177308
26.654,8,26605817671,48177308
26.6565,4,26608340677,48177308
26.659,0,26610863683,48177308
26.6619,3,26613386689,48490308
26.6644,13,26615909695,48490308
26.6695,1,26621009707,48490308
26.672,2,26623532713,48490308
26.6745,7,26626055719,48490308
26.6821,5,26628596725,53518320
26.6846,6,26585143423,99494628
26.6872,15,26633586731,53574326
26.6923,10,26638677743,53574326
26.6948,11,26641200749,53574326
26.6998,14,26646255761,53592326
26.7052,9,26557014357,148145736
26.7077,8,26653994979,53688120
26.7102,4,26656517985,53688120
26.7129,0,26659040991,53905326
26.7179,13,26664400003,53536320
26.723,1,26669500015,53480314
26.7255,2,26672023021,53480314
26.728,7,26674546027,53480314
26.7331,5,26682115045,50993308
26.7356,6,26684638051,50993308
26.7382,15,26687161057,50993308
26.7432,10,26692252069,50993308
26.7483,14,26699848087,48423296
26.7535,9,26705160093,48327502
26.756,8,26707683099,48327502
26.7585,4,26710206105,48327502
26.7611,0,26712946317,48110296
26.7639,3,26661876997,102015622
26.7664,13,26717936323,48479302
26.769,1,26722980329,46021302
26.7715,2,26725503335,46021302
26.774,7,26728026341,46021302
26.7766,5,26733108353,43489296
26.7791,6,26735631359,43489296
26.7816,15,26738154365,43489296
26.7867,10,26743245377,43489296
26.7918,14,26748271383,43480296
26.7943,12,26648787767,145504918
26.7968,9,26753487595,43328096
26.7993,8,26756010601,43328096
26.8019,4,26758533607,43328096
26.8074,3,26763892619,43489296
26.8099,13,26766415625,43489296
26.815,1,26769001631,45994302
26.82,7,26774047643,45938296
26.8225,5,26776597649,45920296
26.825,6,26779120655,45920296
26.8276,15,26781643661,45920296
26.8326,11,26694775075,137832888
26.8451,9,26796815691,48313290
26.8477,8,26799338697,48313290
26.8502,4,26801861703,48313290
26.8552,3,26807381915,47783084
26.8604,1,26814995933,45439278
26.863,2,26771524637,91433580
26.8658,7,26819985939,45808284
26.8683,5,26822517945,45808284
26.8708,6,26825040951,45808284
26.8734,15,26827563957,45808284
26.8759,10,26786734673,89205574
26.8785,11,26832607963,45855290
26.8836,14,26791751679,91802586
26.8886,12,26794292685,94307592
26.8911,9,26845128981,45994302
26.8936,8,26847651987,45994302
26.8962,4,26850174993,45994302
26.8987,0,26761056613,137635688
26.9037,13,26809904921,93777386
26.9068,1,26860435211,46363308
26.9093,2,26862958217,46363308
26.9143,5,26868326229,45994302
26.9168,6,26870849235,45994302
26.9194,15,26873372241,45994302
26.9219,10,26875940247,45994302
26.9245,11,26878463253,45994302
26.9295,14,26883554265,45976302
26.9346,12,26888600277,45994302
26.9371,9,26891123283,45994302
26.9396,8,26893646289,45994302
26.9422,4,26896169295,45994302
26.9447,0,26898692301,45994302
26.9497,13,26903682307,45994302
26.9525,1,26906798519,45681302
26.955,2,26909321525,45681302
26.96,5,26914320531,45681302
26.9625,6,26916843537,45681302
26.965,15,26919366543,45681302
26.9704,10,26921934549,48508308
26.9755,14,26929530567,45938296
26.978,12,26934594579,43424290
26.9805,9,26937117585,43424290
26.9831,8,26939640591,43424290
26.9856,4,26942163597,43424290
26.9881,0,26944686603,43424290
26.9906,3,26855164999,135468900
26.9932,13,26949676609,43480296
26.9983,1,26952479821,45777096
27.0008,2,26955002827,45777096
27.0058,5,26960001833,45777096
27.0111,15,26965047845,46034096
27.0138,7,26865794223,148027930
27.0164,10,26970442857,45947302
27.0189,11,26924457555,94455610
27.0215,14,26975468863,45994308
27.024,12,26978018869,45976308
27.0265,9,26980541875,45976308
27.029,8,26983064881,45976308
27.0316,4,26985587887,45976308
27.0341,0,26988110893,45976308
27.0491,1,26998256917,50892308
27.0519,2,27000779923,51109514
27.0544,5,27005778929,48651514
27.057,6,26962524839,94428610
27.0595,15,27011081941,48394514
27.062,7,27013822153,48177308
27.0724,11,27018913165,53462314
27.0824,12,27023995177,58434320
27.085,9,27026518183,58434320
27.0875,8,27029041189,58434320
27.09,4,27031564195,58434320
27.0925,0,27034087201,58434320
27.095,3,26990633899,104410628
27.0976,13,26993156905,104410628
27.1054,2,27051889437,53489314
27.1079,5,27054430443,53480314
27.1104,6,27056953449,53480314
27.1133,15,27059476455,53793314
27.1158,7,27061999461,53793314
27.1184,10,27016390159,101997622
27.1234,14,27021463171,101950616
27.126,12,27082429497,43534296
27.1285,9,27084952503,43534296
27.131,8,27087475509,43534296
27.1335,4,27089998515,43534296
27.1385,3,27095044527,43478290
27.141,13,27097567533,43478290
27.1436,1,27049149225,94491604
27.1462,2,27105378751,40785084
27.1487,5,27107910757,40785084
27.1514,6,27110433763,41002290
27.154,15,27113269769,40689290
27.1565,7,27115792775,40689290
27.1591,10,27118387781,40662290
27.1616,11,27072375479,89197598
27.1641,14,27123413787,40709296
27.1667,12,27125963793,40691296
27.1692,9,27128486799,40691296
27.172,8,27131009805,41004296
27.1745,4,27133532811,41004296
27.1771,0,27092521521,84538592
27.1796,3,27138522817,41060302
27.1821,13,27141045823,41060302
27.1847,1,27143640829,41033302
27.1872,2,27146163835,41033302
27.1922,5,27148695841,43547308
27.1948,6,27151436053,43330102
27.1973,15,27153959059,43330102
27.1998,7,27156482065,43330102
27.2051,10,27159050071,46061314
27.2076,11,27161573077,46061314
27.2102,14,27164123083,46061314
27.2155,12,27166655089,48888320
27.2181,9,27169178095,48888320
27.2206,8,27172014101,48575320
27.2231,4,27174537107,48575320
27.2256,0,27177060113,48575320
27.2282,3,27179583119,48575320
27.2307,13,27182106125,48575320
27.2357,2,27187197137,48519314
27.2408,5,27192243149,48537314
27.2433,6,27194766155,48537314
27.2458,15,27197289161,48537314
27.2483,7,27199812167,48537314
27.2537,10,27205111385,48546314
27.2562,11,27207634391,48546314
27.2587,14,27210184397,48546314
27.2638,12,27215543409,48251314
27.2663,9,27218066415,48251314
27.2688,8,27220589421,48251314
27.2714,4,27223112427,48251314
27.2739,0,27225635433,48251314
27.2767,3,27228158439,48564314
27.2818,1,27184674131,97083628
27.2868,5,27240780463,45994302
27.2893,6,27243303469,45994302
27.2918,15,27245826475,45994302
27.2943,7,27248349481,45994302
27.2994,10,27253657699,45786096
27.3022,11,27256180705,46003302
27.3047,14,27258730711,46003302
27.3098,12,27263794723,46003302
27.3123,9,27266317729,46003302
27.3148,8,27268840735,46003302
27.3177,4,27271363741,46316302
27.3202,0,27273886747,46316302
27.3227,3,27276722753,46003302
27.3278,1,27281757759,46003302
27.3303,2,27235716451,94567616
27.3353,6,27289297771,45994302
27.3378,15,27291820777,45994302
27.3403,7,27294343783,45994302
27.3429,10,27299443795,43462296
27.3454,11,27302184007,43245090
27.348,14,27304734013,43245090
27.3507,12,27309798025,40948290
27.3533,9,27312321031,40948290
27.3558,8,27314844037,40948290
27.3583,4,27317680043,40635290
27.3633,3,27322726055,40579284
27.3658,13,27230681445,135146900
27.3709,1,27327761061,43149296
27.3734,2,27330284067,43149296
27.376,5,27286774765,89199604
27.3788,6,27335292073,43518302
27.3813,15,27337815079,43518302
27.3839,7,27340338085,43518302
27.3914,11,27345429097,45967302
27.3939,14,27347979103,45967302
27.3965,12,27350746315,45732096
27.399,9,27353269321,45732096
27.4015,8,27355792327,45732096
27.409,3,27363305339,45676090
27.4117,13,27365828345,45893296
27.4143,1,27370910357,43397290
27.4168,2,27373433363,43397290
27.4197,5,27375974369,43710290
27.4222,6,27378810375,43397290
27.4247,15,27381333381,43397290
27.4273,7,27383856387,43397290
27.4323,10,27342906091,89429598
27.4349,11,27391396399,43462296
27.4399,14,27393946405,45976302
27.4449,9,27399001417,45920296
27.4474,8,27401524423,45920296
27.45,4,27358315333,91652392
27.4576,13,27411721641,45920296
27.4602,0,27320203049,139997894
27.4627,1,27414307647,48425302
27.4653,2,27416830653,48425302
27.4678,5,27419684659,48112302
27.4703,6,27422207665,48112302
27.4728,15,27424730671,48112302
27.4754,7,27427253677,48112302
27.4808,10,27432335689,48425302
27.4833,11,27434858695,48425302
27.4858,14,27439922707,45920296
27.4884,12,27396478411,91896598
27.4934,8,27447444719,45920296
27.4959,4,27449967725,45920296
27.4984,3,27408981429,89438598
27.5012,13,27457641937,43518302
27.5037,0,27460200943,43518302
27.5087,2,27465255955,43480296
27.5113,5,27467796961,43480296
27.5138,6,27470319967,43480296
27.5188,7,27475365979,43424290
27.5217,10,27480760991,40910284
27.5242,11,27483283997,40910284
27.5267,14,27485843003,40892284
27.5318,12,27488375009,43406290
27.5343,9,27444921713,89382592
27.5368,8,27493365015,43462296
27.5418,3,27498420027,43397290
27.5443,13,27501160239,43180084
27.5469,0,27503719245,43180084
27.5494,1,27462732949,86716386
27.5547,5,27511277257,43397290
27.5572,6,27513800263,43397290
27.5597,15,27472842973,86877586
27.5622,7,27518790269,43453296
27.5648,10,27521671275,43122296
27.5673,11,27524194281,43122296
27.5699,14,27526735287,43122296
27.5724,12,27531781299,40626290
27.5749,9,27534304305,40626290
27.5775,8,27536827311,40626290
27.58,4,27495888021,84088586
27.5828,3,27541817317,40995296
27.5853,13,27544340323,40995296
27.5879,0,27546899329,40995296
27.5904,1,27549449335,40995296
27.593,2,27508736251,84231386
27.5955,5,27554674547,40843096
27.598,6,27557197553,40843096
27.6006,15,27559720559,40843096
27.608,10,27564793571,43245090
27.613,14,27569857583,43189084
27.6158,12,27572407589,43397290
27.6183,9,27574930595,43397290
27.6209,8,27577453601,43397290
27.6237,4,27579976607,43710290
27.6262,3,27582812613,43397290
27.6287,13,27585335619,43397290
27.6313,0,27587894625,43397290
27.6338,1,27590444631,43397290
27.6364,2,27592967637,43397290
27.6389,5,27595517643,43379290
27.6414,6,27598040649,43379290
27.6439,15,27600563655,43379290
27.6465,7,27562243565,84222386
27.649,10,27608038661,40995296
27.6516,11,27567316577,84240386
27.6543,14,27613046667,41268508
27.6594,12,27615804879,43565308
27.6619,9,27618327885,43565308
27.6669,4,27623686897,43196302
27.6694,3,27626209903,43196302
27.6719,13,27628732909,43196302
27.6745,0,27631291915,43196302
27.677,1,27633841921,43196302
27.6796,2,27636364927,43196302
27.6821,5,27638896933,43196302
27.6849,6,27641419939,43509302
27.6875,15,27643942945,43509302
27.69,7,27646465951,43509302
27.6925,10,27649033957,43491302
27.695,11,27651556963,43491302
27.6976,14,27654315175,43274096
27.7029,12,27659370187,43509302
27.7054,9,27661893193,43509302
27.7079,8,27620850891,87074610
27.7104,4,27666883199,43565308
27.7154,13,27671929211,43509302
27.718,0,27674488217,43509302
27.7231,1,27677038223,46023308
27.7259,2,27679561229,46336308
27.7284,5,27682093235,46336308
27.731,6,27684929241,46023308
27.7335,15,27687452247,46023308
27.736,7,27689975253,46023308
27.7411,10,27692525259,48537314
27.7436,11,27695048265,48537314
27.7461,14,27697589271,48537314
27.7539,12,27702879489,51051320
27.7565,9,27705402495,51051320
27.759,8,27707925501,51051320
27.764,3,27669406205,94560622
27.7665,13,27715438513,51051320
27.7716,0,27717997519,53565326
27.7741,1,27723061531,51060320
27.7766,2,27725897537,50747320
27.7792,5,27728429543,50747320
27.7817,6,27730952549,50747320
27.7842,15,27733475555,50747320
27.7871,7,27735998561,51060320
27.7921,10,27741062573,51078320
27.7947,11,27743585579,51078320
27.7972,14,27746126585,51078320
27.8025,12,27753930809,48591314
27.805,9,27756453815,48591314
27.8076,8,27758976821,48591314
27.8101,4,27710448507,99642634
27.8126,3,27763966827,48647320
27.8151,13,27766489833,48647320
27.8202,1,27774121851,46077308
27.8227,2,27776644857,46077308
27.8253,5,27779176863,46077308
27.8281,6,27781699869,46390308
27.8306,15,27784222875,46390308
27.8331,7,27787058881,46077308
27.8357,10,27792140893,43563302
27.8382,11,27794663899,43563302
27.8433,14,27797204905,46077308
27.8459,12,27802522123,43328096
27.8484,9,27805045129,43328096
27.8509,8,27807568135,43328096
27.8536,4,27810091141,43545302
27.8562,3,27812614147,43545302
27.8587,13,27815137153,43545302
27.8638,0,27771562845,92192622
27.8663,1,27820199159,46106314
27.8688,2,27822722165,46106314
27.8714,5,27825254171,46106314
27.8739,6,27828090177,45793314
27.8764,15,27830613183,45793314
27.8789,7,27833136189,45793314
27.884,10,27835704195,48289320
27.8865,11,27838227201,48289320
27.8894,14,27843282213,46106314
27.8944,9,27848373225,46023308
27.8969,8,27850896231,46023308
27.8994,4,27853636443,45806102
27.902,3,27856159449,45806102
27.9072,0,27863755467,43462296
27.9098,1,27866305473,43462296
27.9123,2,27868828479,43462296
27.9148,5,27871360485,43462296
27.9173,6,27873883491,43462296
27.9199,15,27876406497,43462296
27.9224,7,27878929503,43462296
27.9275,10,27883993515,43480296
27.93,11,27886516521,43480296
27.9329,14,27889388527,43462296
27.9354,12,27845850219,89541610
27.9379,9,27894396533,43518302
27.9404,8,27896919539,43518302
27.943,4,27899442545,43518302
27.9455,3,27901965551,43518302
27.9507,0,27907217763,43509302
27.9558,1,27909767769,46023308
27.9608,5,27914822781,45967302
27.9633,6,27917345787,45967302
27.9658,15,27919868793,45967302
27.9684,7,27922391799,45967302
27.9709,10,27927473811,43453296
27.9735,11,27929996817,43453296
27.9785,14,27932850823,45654302
27.981,12,27935391829,45654302
27.9836,9,27937914835,45654302
27.9913,3,27945483853,45855296
27.9939,13,27858682455,135179700
28.0015,0,27950727065,50731108
28.0092,1,27955791077,53424314
28.0167,5,27960790083,55938320
28.0193,6,27963313089,55938320
28.0218,15,27965836095,55938320
28.0243,7,27968359101,55938320
28.0294,10,27970927107,58434326
28.0319,11,27973450113,58434326
28.0373,14,27978505125,58765326
28.0398,12,27981046131,58765326
28.0423,9,27983569137,58765326
28.0449,8,27940437841,104419628
28.0474,4,27942960847,104419628
28.0499,3,27991339149,58564332
28.0524,13,27993862155,58564332
28.0602,0,28001458173,58790538
28.0679,1,28009215391,58656338
28.0729,2,27912290775,160579960
28.0754,5,28016728403,58674338
28.0779,6,28019251409,58674338
28.0804,15,28021774415,58674338
28.0905,10,28029361433,61141338
28.093,11,28031884439,61141338
28.0984,14,28037270451,61141338
28.1036,9,28042334463,61302538
28.1086,4,28047380475,61246532
28.1112,3,28049903481,61246532
28.1137,13,28052426487,61246532
28.1213,1,28067871729,53422302
28.1288,5,28075402741,53422302
28.1338,15,28080448753,53366296
28.1367,7,28024297421,112353634
28.1392,10,28090502771,48716290
28.1442,14,28098411789,45833278
28.1468,12,28039811457,106974616
28.1493,9,28103637001,45672078
28.1518,8,28044857469,106974616
28.1546,4,28108627007,45945290
28.1571,3,28111150013,45945290
28.1596,13,28113673019,45945290
28.1622,0,28060248711,101937604
28.1697,2,28072870735,96873592
28.1723,5,28128825043,43451290
28.1748,6,28077925747,96873592
28.1773,15,28133815049,43507296
28.1798,7,28136651055,43194296
28.1824,10,28139219061,43167296
28.1849,11,28093025777,91883586
28.1875,14,28144245067,43205302
28.19,12,28146786073,43205302
28.1925,9,28149309079,43205302
28.195,8,28151832085,43205302
28.1979,4,28154572297,43301096
28.2029,13,28159618309,43245090
28.2056,0,28162186315,43453296
28.2082,1,28121294031,86913586
28.2107,2,28169744327,40995296
28.2133,5,28172276333,40995296
28.2158,6,28174799339,40995296
28.2183,15,28177322345,40995296
28.2208,7,28179845351,40995296
28.2234,10,28182386357,40995296
28.2259,11,28184909363,40995296
28.2284,14,28187450369,40995296
28.231,12,28189991375,40995296
28.2335,9,28192514381,40995296
28.2388,4,28197873393,40939296
28.2413,3,28157095303,84240392
28.2439,13,28202863399,40995302
28.2489,0,28205639611,43292102
28.2517,1,28208207617,43491308
28.2542,2,28210739623,43491308
28.2568,5,28213271629,43491308
28.2593,6,28215794635,43491308
28.2618,15,28218317641,43491308
28.2643,7,28220840647,43491308
28.2694,10,28223381653,46005314
28.2744,14,28228445665,45949308
28.2769,12,28230986671,45949308
28.2795,9,28233509677,45949308
28.282,8,28195037387,86944604
28.2845,4,28238812689,45692308
28.287,3,28241335695,45692308
28.2896,13,28243858701,45692308
28.2921,0,28248931713,43196302
28.2972,1,28251698925,45493102
28.3003,2,28254230931,46023308
28.3028,5,28256762937,46023308
28.3102,7,28264331955,45911296
28.3128,10,28269386967,43406290
28.3153,11,28225904659,89411604
28.3179,14,28274394973,43462296
28.3204,12,28276935979,43462296
28.3254,8,28281981991,43406290
28.3279,4,28284504997,43406290
28.3304,3,28287028003,43406290
28.333,13,28289551009,43406290
28.3355,0,28292128015,43397290
28.3381,1,28297192027,40892284
28.3409,2,28300254239,40675078
28.3435,5,28302786245,40675078
28.346,6,28259285943,86698386
28.3485,15,28261808949,86698386
28.351,7,28310243251,40787090
28.3538,10,28312793257,40995296
28.3563,11,28315316263,40995296
28.3589,14,28317857269,40995296
28.3614,12,28320398275,40995296
28.3639,9,28279458985,84457592
28.3664,8,28325388281,41051302
28.369,4,28327911287,41051302
28.3715,3,28330434293,41051302
28.374,13,28332957299,41051302
28.3766,0,28335525305,41051302
28.3791,1,28338084311,41033302
28.3816,2,28340929317,40720302
28.3867,5,28343461323,43234308
28.3892,6,28345984329,43234308
28.3917,15,28348507335,43234308
28.3967,10,28353788553,42961096
28.3993,11,28356311559,42961096
28.4023,14,28358852565,43491302
28.4074,9,28363916577,43435296
28.4099,8,28366439583,43435296
28.4124,4,28368962589,43435296
28.4149,3,28371485595,43435296
28.4174,13,28374008601,43435296
28.42,0,28376576607,43435296
28.4226,1,28379117613,43435296
28.4251,2,28381649619,43435296
28.4276,5,28386695631,40939290
28.4326,15,28391741643,40883284
28.443,10,28396749649,46224296
28.448,14,28402343867,45638084
28.4507,12,28361393571,89346592
28.4533,9,28407351873,45911296
28.4558,8,28409874879,45911296
28.4583,4,28412397885,45911296
28.4608,3,28414920891,45911296
28.4634,13,28417443897,45911296
28.4659,0,28420011903,45911296
28.4685,1,28422552909,45911296
28.471,2,28425084915,45911296
28.4735,5,28427634921,45893296
28.4785,15,28432624927,45893296
28.481,7,28351030341,130010888
28.4836,10,28442973945,40635290
28.4861,11,28399272655,86859586
28.4887,14,28447981951,40691296
28.4912,12,28450740163,40474090
28.4937,9,28453263169,40474090
28.4963,8,28455786175,40474090
28.4988,4,28458309181,40474090
28.5013,3,28460832187,40474090
28.5069,0,28465923199,40948290
28.5094,1,28468464205,40948290
28.5119,2,28470996211,40948290
28.5145,5,28473528217,40948290
28.517,6,28389218637,127780876
28.522,7,28481041229,40948290
28.5245,10,28483609235,40921290
28.5271,11,28486132241,40921290
28.5296,14,28488673247,40921290
28.5321,12,28491214253,40921290
28.5347,9,28493737259,40921290
28.5372,8,28496260265,40921290
28.5397,4,28498783271,40921290
28.5422,3,28501306277,40921290
28.5451,13,28463355193,81708380
28.5553,1,28509412495,45911296
28.5579,2,28511944501,45911296
28.5604,5,28514476507,45911296
28.5629,6,28516999513,45911296
28.5654,15,28478518223,86915592
28.568,7,28521989519,45967302
28.5705,10,28524530525,45967302
28.573,11,28527053531,45967302
28.5756,14,28529594537,45967302
28.5806,9,28534658549,45911296
28.5831,8,28537181555,45911296
28.5856,4,28539704561,45911296
28.5906,13,28545063573,45542290
28.5932,0,28506871489,86329380
28.5958,1,28555323791,40436084
28.5983,2,28557855797,40436084
28.601,5,28560387803,40653290
28.6036,6,28562910809,40653290
28.6064,15,28565433815,40966290
28.6089,7,28567956821,40966290
28.6115,10,28570497827,40966290
28.614,11,28573020833,40966290
28.6165,14,28575561839,40966290
28.6191,12,28532135543,86933592
28.6216,9,28580569845,41022296
28.6241,8,28583092851,41022296
28.6266,4,28585615857,41022296
28.6292,3,28542227567,86933592
28.6317,13,28590605863,41078302
28.6368,0,28593200869,43565308
28.6393,1,28595759875,43547308
28.6418,2,28598291881,43547308
28.6497,6,28603564099,46101108
28.6524,15,28606400105,46005314
28.6549,7,28608923111,46005314
28.6575,10,28611464117,46005314
28.66,11,28613987123,46005314
28.67,9,28621592141,48407308
28.6725,8,28624115147,48407308
28.675,4,28626638153,48407308
28.6776,3,28629161159,48407308
28.6801,13,28631684165,48407308
28.6877,0,28636766177,50939314
28.6952,2,28641839189,53397314
28.6978,5,28601041093,96736416
28.7028,15,28652405419,50362096
28.7083,10,28657469431,50836302
28.7108,11,28659992437,50836302
28.7158,14,28616528129,99317616
28.7184,12,28619069135,99317616
28.7209,9,28669999449,50910308
28.7234,8,28672522455,50910308
28.726,4,28675045461,50910308
28.7285,3,28677568467,50910308
28.7335,0,28687705491,45835290
28.7386,1,28639307183,99288610
28.7462,2,28695236503,50937308
28.7487,5,28697777509,50919308
28.7515,6,28649665207,101867616
28.7565,7,28654928425,101594404
28.7615,11,28710828739,50720096
28.7668,14,28715845745,50993308
28.7694,12,28718386751,50993308
28.7719,9,28720909757,50993308
28.7744,8,28723432763,50993308
28.7769,4,28725955769,50993308
28.7795,3,28728478775,50993308
28.782,13,28680091473,101903616
28.7895,0,28733540781,55994320
28.7921,1,28738595793,53489314
28.7972,2,28746173811,50993308
28.7997,5,28748696817,50993308
28.8047,15,28702767515,101912616
28.8127,11,28761548835,51136514
28.8178,14,28766839053,50919308
28.8228,9,28771903065,50863302
28.8253,8,28774426071,50863302
28.8303,3,28779472083,50807296
28.8328,13,28781995089,50807296
28.8379,0,28789535101,48376296
28.8405,1,28792085107,48367296
28.843,2,28797167119,45835290
28.8455,5,28799690125,45835290
28.848,6,28751532823,96515598
28.8506,15,28804680131,45891296
28.8536,7,28756522829,97101810
28.8611,11,28812685349,48461302
28.8637,10,28708305733,155372924
28.8662,14,28817758361,48461302
28.8688,12,28769380059,99380610
28.8713,9,28822766367,48517308
28.8738,8,28825289373,48517308
28.8788,3,28830279379,48517308
28.8813,13,28832802385,48517308
28.8864,1,28840452403,45938296
28.8889,2,28843002409,45920296
28.8914,5,28845525415,45920296
28.894,6,28848048421,45920296
28.8965,15,28850571427,45920296
28.899,7,28853624639,45390090
28.9018,11,28861146651,40653290
28.9043,10,28863678657,40653290
28.9069,14,28866219663,40653290
28.9094,12,28868760669,40653290
28.9119,9,28871283675,40653290
28.9148,8,28873806681,40966290
28.9173,4,28776949077,140346900
28.9198,3,28878796687,41022296
28.9223,13,28881319693,41022296
28.9249,0,28837911397,86998598
28.93,1,28886390699,43574308
28.9325,2,28888922705,43574308
28.935,5,28891445711,43574308
28.94,15,28896491723,43518302
28.9425,7,28899014729,43518302
28.9476,10,28904331947,43236090
28.9526,14,28906872953,45694090
28.9556,12,28909413959,46224296
28.9582,9,28911936965,46224296
28.9607,8,28914772971,45911296
28.9632,4,28917295977,45911296
28.9657,3,28919818983,45911296
28.9683,13,28922341989,45911296
28.9733,0,28924909995,48425302
28.9784,1,28929965007,48434302
28.9809,2,28932497013,48434302
28.9835,5,28935020019,48434302
28.9884,15,28940010025,48434302
28.991,7,28942533031,48434302
28.9935,11,28901799941,91717398
28.996,10,28947568037,48481308
28.9986,14,28952567043,46032308
29.0014,12,28955638255,45719308
29.0039,9,28958161261,45719308
29.0064,8,28960684267,45719308
29.0089,4,28963207273,45719308
29.0114,3,28965730279,45719308
29.014,13,28968253285,45719308
29.0169,0,28973335297,43536302
29.0219,1,28978399309,43536302
29.0245,2,28980931315,43536302
29.027,5,28983454321,43536302
29.0295,6,28893968717,135544912
29.032,15,28988444327,43592308
29.0346,7,28990967333,43592308
29.0371,11,28993517339,43592308
29.0422,10,28996049345,46106314
29.0472,14,28998599351,48602320
29.0525,12,29001357563,51116326
29.055,9,29003880569,51116326
29.0578,8,29006403575,51429326
29.0604,4,29008926581,51429326
29.0629,3,29011449587,51429326
29.0704,0,29016871599,53565326
29.0755,2,29024467617,50995314
29.078,5,29026990623,50995314
29.0805,6,29029513629,50995314
29.0855,7,29034559641,50939308
29.088,11,29037109647,50939308
29.0906,10,29042155659,48434302
29.0956,12,29052473889,43160078
29.0982,9,29054996895,43160078
29.1007,8,29057832901,42847078
29.1034,4,29060355907,43064284
29.1059,3,29062878913,43064284
29.1085,13,29013972593,94493610
29.1111,0,29070436925,40624284
29.1161,1,29021935611,94171610
29.1215,2,29075462931,46003302
29.124,5,29077985937,46003302
29.129,15,29032036635,96942610
29.1365,10,29090589961,45882290
29.139,14,29047201671,91802586
29.1415,12,29095633967,45911296
29.1441,9,29098156973,45911296
29.1466,8,29100679979,45911296
29.1491,4,29103420191,45694090
29.1541,13,29108466203,45638084
29.1569,0,29111061209,45837290
29.1598,1,29116107221,43654284
29.1623,2,29121466233,40836278
29.1673,6,29080508943,86783574
29.1698,15,29128979245,40836278
29.1723,7,29085498949,86839580
29.1749,11,29088048955,86839580
29.1774,10,29136472251,40948290
29.18,14,29139004257,40948290
29.185,9,29144068269,40892284
29.1875,8,29146591275,40892284
29.19,4,29149114281,40892284
29.1925,3,29105943197,86586374
29.1951,13,29154104287,40948290
29.2004,0,29156898499,43480296
29.2029,1,29159761505,43149296
29.208,2,29162302511,45654302
29.2105,5,29123989239,86490580
29.213,6,29167292517,45710308
29.2155,15,29169815523,45710308
29.218,7,29172338529,45710308
29.2259,10,29177420541,48481308
29.2284,14,29179952547,48481308
29.2335,12,29141545263,91943604
29.236,9,29184960553,51051320
29.2385,8,29187483559,51051320
29.2411,4,29190006565,51051320
29.2436,3,29192529571,51051320
29.2617,1,29202910801,58747326
29.2692,2,29207956813,61279332
29.2718,5,29210479819,61279332
29.2743,6,29213002825,61279332
29.2768,15,29215525831,61279332
29.2793,7,29218048837,61279332
29.2844,11,29174888535,109512646
29.2894,10,29225901849,63545344
29.297,12,29233488867,63507338
29.3022,8,29238534879,63668538
29.3047,4,29241057885,63668538
29.3072,3,29243580891,63668538
29.3199,0,29200378795,119510658
29.3227,1,29261658127,61076332
29.3253,2,29269236145,56057320
29.3278,5,29271759151,56057320
29.3303,6,29274282157,56057320
29.3378,11,29284401181,53431302
29.3404,10,29289447193,50935296
29.3429,14,29228433855,114480640
29.348,12,29296996205,50991302
29.3532,8,29302203417,50991302
29.3557,4,29304726423,50991302
29.3607,13,29195052577,165655154
29.3633,0,29319889453,43431284
29.3662,1,29322734459,43431284
29.3687,2,29325293465,43404284
29.3712,5,29327816471,43404284
29.3737,6,29330339477,43404284
29.3787,7,29279328169,99405598
29.3813,11,29337832483,43451290
29.3863,10,29340382489,45947296
29.3939,12,29347987507,45891290
29.3989,8,29353194719,45674084
29.4016,4,29355717725,45891290
29.4041,3,29307249429,96882592
29.4091,9,29236011873,173128154
29.4117,0,29363320737,48369296
29.4192,2,29368697749,50514296
29.4217,5,29371220755,50514296
29.4243,6,29373743761,50514296
29.4271,15,29276805163,150288900
29.4296,7,29378733767,50883302
29.4322,11,29381283773,50883302
29.4372,10,29386329785,50892302
29.4398,14,29342914495,96857598
29.4423,12,29393878797,48434302
29.4448,8,29398868803,45976302
29.4498,3,29404132021,45703090
29.4524,13,29360707731,91650386
29.4576,9,29409140027,48490308
29.4602,0,29411690033,48508308
29.468,5,29421735051,46260302
29.4705,6,29424258057,46260302
29.473,15,29427094063,45947302
29.4756,7,29429617069,45947302
29.4781,11,29432167075,45947302
29.4807,10,29437222087,43433296
29.4832,14,29439772093,43424296
29.4907,4,29401609015,89109386
29.4957,13,29452358117,43350290
29.5109,5,29467995353,42943272
29.5159,15,29473041365,42887266
29.5185,7,29475564371,42887266
29.5234,1,29366165743,157277900
29.526,11,29478114377,47861272
29.5288,10,29480655383,48156272
29.5314,14,29483196389,48156272
29.5339,8,29444845105,89048562
29.5364,4,29490718401,45698272
29.5414,13,29495708407,45698272
29.544,9,29457630335,86335350
29.5465,0,29460198341,86344350
29.5491,2,29419212045,129880652
29.5516,5,29510938625,40677078
29.5566,15,29515928631,40677078
29.5593,7,29518451637,40894284
29.5619,1,29523443643,38434284
29.5644,11,29525975649,38461284
29.567,10,29528811655,38148284
29.5698,14,29531352661,38461284
29.5749,8,29533893667,40966290
29.5774,4,29536416673,40966290
29.5799,3,29449835111,130070858
29.5824,13,29541406679,41022296
29.5875,12,29442313099,145161888
29.595,0,29546542691,48481308
29.5976,2,29549092697,48463308
29.6001,5,29551615703,48463308
29.6053,15,29556605709,48680514
29.6127,6,29470518359,142228870
29.6178,11,29564436933,53374308
29.6203,10,29566959939,53374308
29.6254,14,29569813945,55575314
29.6307,4,29577382963,53327308
29.6332,3,29579905969,53327308
29.6358,13,29582428975,53327308
29.6433,12,29587474987,55830308
29.6635,1,29561877927,101602592
29.666,6,29612747229,53256296
29.6714,11,29617811241,53596296
29.6739,10,29620334247,53596296
29.679,8,29574859957,104096592
29.6839,3,29633233277,50713278
29.6865,13,29635756283,50713278
29.689,9,29543965685,145053882
29.6941,12,29643305295,50778284
29.7017,2,29597556005,104094586
29.7044,5,29600079011,104311792
29.7069,15,29605286223,101627586
29.7094,7,29559345921,150090894
29.7144,6,29666003525,48423296
29.722,11,29671407537,50624302
29.727,14,29625389259,101641586
29.7323,4,29630710271,101632586
29.7349,3,29683946555,50919308
29.7374,13,29686469561,50919308
29.7399,9,29689019567,50910308
29.75,0,29595023999,154932888
29.7552,2,29701650591,53587514
29.7578,5,29704390803,53370308
29.7603,15,29706913809,53370308
29.7628,7,29709436815,53370308
29.7653,1,29663480519,101849610
29.7679,6,29714426821,53426314
29.7729,10,29673930543,98975598
29.7758,14,29727030845,48720302
29.7783,8,29678956549,99326604
29.7808,4,29732342857,48463302
29.7833,3,29734865863,48463302
29.7859,13,29737388869,48463302
29.7884,9,29739929875,48463302
29.791,12,29694083579,96886604
29.796,0,29749956887,46077308
29.8036,5,29757761111,45804096
29.8061,15,29760284117,45804096
29.8111,1,29765330129,45748090
29.8138,6,29767853135,45965296
29.8189,11,29722031839,96859604
29.8214,10,29772906141,48508308
29.8239,14,29775751147,48195308
29.829,8,29778283153,50709314
29.8315,4,29780806159,50709314
29.8344,3,29783329165,51022314
29.8444,12,29790970183,53397308
29.8469,0,29796034195,50892302
29.8495,2,29755238105,94238398
29.852,5,29803565207,48434302
29.857,7,29762807123,94182392
29.8622,6,29813818431,48378296
29.8648,11,29818891443,45882290
29.8723,8,29828992467,43265272
29.8748,4,29831515473,43265272
29.8776,3,29834351479,43265272
29.8801,13,29785852171,94287586
29.8827,9,29788393177,94287586
29.8952,0,29846926497,48295284
29.8978,2,29849476503,48286284
29.9028,15,29806088213,96664580
29.908,1,29811078219,96881786
29.9105,6,29862196727,48286284
29.9156,11,29864773733,50782290
29.9206,14,29823946455,96608574
29.9231,8,29872257739,50829296
29.9256,4,29874780745,50829296
29.9281,3,29877616751,50516296
29.9307,13,29880139757,50516296
29.9332,9,29882680763,50516296
29.9358,12,29844367491,91397574
29.9386,0,29895221781,43424290
29.9437,5,29851999509,91654568
29.9462,15,29902752793,43424290
29.9487,7,29856989515,91710574
29.9614,11,29915556023,45891290
29.964,10,29821414449,142555870
29.9665,14,29920555029,45947296
29.969,8,29923087035,45947296
29.9716,4,29925610041,45947296
29.9741,3,29928133047,45947296
29.9819,9,29933197059,48718302
29.987,12,29935765065,51223308
29.9895,0,29938646071,50883308
29.9921,2,29897762787,94307598
29.9946,5,29943654077,50939314
30.0021,1,29907960005,94090392
30.0048,6,29910483011,94307598
30.0074,11,29961447313,45920302
30.0099,10,29963970319,45920302
30.0124,14,29966502325,45920302
30.015,8,29969034331,45920302
30.0175,4,29971557337,45920302
30.02,3,29974080343,45920302
30.0225,13,29930656053,91867598
30.0276,12,29986988373,40606284
30.0326,0,29989529379,43120290
30.0376,2,29992070385,45578290
30.0405,5,29994593391,45891290
30.043,15,29946177083,96830604
30.0455,7,29948700089,96830604
30.0481,1,30002050397,46003302
30.0531,11,30007367615,45703090
30.0583,14,30012422627,45864290
30.0608,8,30014954633,45864290
30.0633,4,30017477639,45864290
30.0659,3,30020000645,45864290
30.0684,13,30022523651,45864290
30.0709,9,29981915361,89022586
30.0735,12,30027594657,45893296
30.0785,2,30037648675,40892284
30.0814,5,30040484681,40892284
30.0839,15,30043007687,40892284
30.0864,7,30045530693,40892284
30.0939,11,30053070705,40836278
30.0964,10,30009890621,86539368
30.099,14,30058286917,40693078
30.1015,8,30060818923,40693078
30.1043,4,30063341929,40910284
30.1068,3,30065864935,40910284
30.1093,13,30068387941,40910284
30.1118,9,30070937947,40910284
30.1144,12,30073487953,40910284
30.1169,0,30032649669,84289574
30.1195,2,30078540959,40939290
30.122,5,30081376965,40626290
30.1245,15,30083899971,40626290
30.127,7,30086422977,40626290
30.1296,1,30048053699,81518574
30.1321,6,30004790609,127304670
30.1346,11,30093906983,40738302
30.1372,10,30096429989,40738302
30.1397,14,30098979995,40720302
30.1425,8,30101512001,41033302
30.1451,4,30104252213,40816096
30.1476,3,30106775219,40816096
30.1528,9,30111848231,40977296
30.1554,12,30114398237,40977296
30.1579,0,30116939243,40977296
30.1605,2,30119480249,40977296
30.163,5,30122003255,40977296
30.1655,15,30124526261,40977296
30.168,7,30127049267,40977296
30.1705,1,30129572273,40977296
30.1731,6,30132095279,40977296
30.1756,11,30134645285,40977296
30.1781,10,30137168291,40977296
30.1807,14,30139700297,40977296
30.1835,8,30142545303,40977296
30.186,4,30145068309,40977296
30.1886,3,30147591315,40977296
30.1911,13,30109298225,81793392
30.1936,9,30152825527,40816096
30.1962,12,30155375533,40816096
30.1987,0,30157916539,40816096
30.2037,5,30162980551,40760090
30.2065,15,30165503557,40977296
30.209,7,30168026563,40977296
30.2115,1,30170549569,40977296
30.214,6,30173072575,40977296
30.2166,11,30175622581,40977296
30.2191,10,30178145587,40977296
30.2217,14,30180677593,40977296
30.2242,8,30183522599,40664296
30.2267,4,30186045605,40664296
30.2292,3,30188568611,40664296
30.2318,13,30191091617,40664296
30.2343,9,30193641623,40664296
30.2394,12,30196191629,43178302
30.2419,0,30198732635,43178302
30.2448,2,30160457545,84307398
30.2473,5,30203740641,43547308
30.2498,15,30206480853,43330102
30.2526,7,30209003859,43547308
30.2551,1,30211526865,43547308
30.2576,6,30214049871,43547308
30.2627,11,30216599877,46061314
30.2677,14,30221654889,46005308
30.2702,8,30224186895,46005308
30.2727,4,30226709901,46005308
30.2752,3,30229232907,46005308
30.2778,13,30231755913,46005308
30.2828,9,30234305919,48519314
30.2857,12,30239369931,46336308
30.2908,0,30241910937,48850314
30.2933,2,30244764943,48537314
30.2958,5,30247287949,48537314
30.3035,1,30255074173,48425302
30.306,6,30257597179,48425302
30.3136,11,30262661191,50948308
30.3161,10,30219122883,97009622
30.3187,14,30267660197,51004314
30.3237,8,30270192203,53518320
30.3262,4,30272715209,53518320
30.3288,3,30275238215,53518320
30.3313,13,30277761221,53518320
30.3364,9,30282825233,53536320
30.3389,12,30285706239,53205320
30.3415,0,30290761251,50709314
30.3468,2,30293302257,53536320
30.3494,5,30295825263,53536320
30.3546,7,30252551167,102017628
30.3571,1,30303499475,53592326
30.3596,6,30306022481,53592326
30.3672,11,30313609499,53601326
30.3722,14,30318664511,53545320
30.3773,8,30323710523,53563320
30.3823,3,30328756535,53507314
30.3848,13,30331279541,53507314
30.3874,9,30336361553,50993308
30.3902,12,30338911559,51306308
30.3953,0,30341470565,53802314
30.408,7,30354568795,53395302
30.4155,11,30367210825,48257278
30.4205,14,30372209831,48257278
30.423,15,30249810955,173179160
30.428,4,30326233529,101764592
30.4305,3,30382263849,48257278
30.433,13,30384786855,48257278
30.4356,9,30387354861,48239278
30.4381,12,30390217867,47926278
30.4432,0,30395272879,47944278
30.4511,5,30349361583,101708592
30.4538,7,30407964097,45855290
30.4563,1,30357091801,99250592
30.4614,11,30415468103,45882296
30.4639,10,30316132505,147740900
30.4664,14,30420467109,45938302
30.4714,4,30427998121,43424296
30.4739,3,30430521127,43424296
30.4765,13,30433044133,43424296
30.4815,9,30435594139,45938302
30.4841,12,30438144145,45938302
30.492,0,30443217157,48765308
30.4945,2,30346838577,147702894
30.4995,1,30456342393,43189084
30.5021,6,30359614807,142439676
30.5073,11,30461350399,45976302
30.5098,10,30463873405,45976302
30.5149,8,30377273843,137592870
30.5223,13,30476468429,45855290
30.5249,9,30481532441,43350284
30.5299,12,30484082447,45864290
30.5325,0,30491982465,40541278
30.54,6,30502054483,37944266
30.5425,11,30507326701,35222054
30.5475,14,30466405411,81142350
30.5503,8,30514866713,35439260
30.5531,4,30471422417,81719562
30.5557,3,30473945423,81719562
30.5607,15,30422990115,137673876
30.5657,9,30524882725,40827278
30.5708,12,30529946737,40836278
30.5733,0,30532523743,40809278
30.5784,7,30453819387,124559646
30.5883,10,30509849707,78462332
30.5908,5,30451070175,139764870
30.5987,8,30550305973,48382084
30.6012,4,30553141979,48069084
30.6062,13,30522323719,83877350
30.609,15,30560663991,48313290
30.6115,9,30565710003,45799284
30.6141,12,30570783015,43285278
30.6191,0,30573333021,45799284
30.6217,7,30578379033,43294278
30.6242,1,30499531477,124664840
30.6267,6,30539998749,86720574
30.6292,2,30494541471,134700858
30.6318,11,30542548755,89216580
30.6343,10,30588312039,45976302
30.6418,14,30547547761,94262592
30.6444,8,30598688057,45681302
30.6469,4,30601211063,45681302
30.6494,3,30555664985,93750386
30.6575,15,30608977281,48517314
30.6625,12,30614068293,48434308
30.6675,7,30621673311,45864296
30.6725,6,30626719323,45808290
30.6775,10,30634288341,43256278
30.6801,5,30590835045,89259580
30.6851,8,30644369359,40742272
30.6876,4,30646892365,40742272
30.6902,3,30649415371,40742272
30.6927,13,30606201069,86479580
30.6956,15,30657494595,38076060
30.7008,12,30662502601,38293266
30.7034,0,30619132305,84222568
30.7059,7,30667537607,38340272
30.7084,1,30624196317,84204568
30.7109,6,30672527613,38396278
30.7135,11,30631765335,81690562
30.716,10,30677544619,38434284
30.7185,2,30629242329,89259580
30.721,5,30680094625,40939290
30.7236,14,30641810353,81746568
30.7261,8,30685111631,40995296
30.7286,4,30687634637,40995296
30.7312,3,30690157643,40995296
30.7337,13,30692680649,40995296
30.7362,15,30695570655,40655296
30.7387,9,30611509287,127239670
30.7413,12,30700795867,40494096
30.7463,7,30705877879,40438090
30.7488,1,30708400885,40438090
30.7514,6,30710923891,40438090
30.7569,10,30715978903,40912296
30.7619,14,30723556921,38351284
30.7645,8,30726106927,38351284
30.767,4,30728629933,38351284
30.7695,3,30731152939,38351284
30.772,13,30733675945,38351284
30.7746,15,30736225951,38351284
30.7771,9,30738748957,38351284
30.7821,0,30703354873,78789374
30.7847,7,30746315969,38351284
30.7872,1,30748838975,38351284
30.7897,6,30751361981,38351284
30.7923,11,30713455897,78807374
30.7948,10,30756891199,37895078
30.7976,5,30721033915,76601088
30.8002,14,30761908205,38249804
30.8076,4,30766981217,40651798
30.8104,3,30769504223,40869004
30.8129,13,30772027229,40869004
30.8154,15,30774577235,40869004
30.818,9,30777100241,40869004
30.8205,12,30741289963,79220288
30.8231,0,30782144247,40925010
30.8256,7,30784667253,40925010
30.8281,1,30787190259,40925010
30.8331,11,30792263271,40860004
30.8356,10,30794786277,40860004
30.8382,5,30797635003,40543284
30.8407,14,30800158009,40543284
30.8433,2,30718501909,124749390
30.8458,8,30764458211,81316094
30.8483,4,30807633015,40664296
30.851,3,30810373227,40664296
30.8536,13,30812896233,40664296
30.8561,15,30815446239,40664296
30.8589,9,30817969245,40977296
30.8615,12,30820510251,40977296
30.864,0,30823069257,40977296
30.8666,7,30825592263,40977296
30.8691,1,30828115269,40977296
30.8716,6,30789713265,81902306
30.8742,11,30833123275,41033302
30.8767,10,30835646281,41033302
30.8792,5,30838178287,41033302
30.8817,14,30840701293,41033302
30.8868,8,30845774305,40977296
30.8893,4,30848297311,40977296
30.8918,3,30851037523,40760090
30.8943,13,30853560529,40760090
30.8969,15,30856110535,40760090
30.8994,9,30858946541,40447090
30.9025,12,30861487547,40977296
30.905,0,30864046553,40977296
30.9075,7,30866569559,40977296
30.9125,6,30871615571,40921290
30.9151,11,30874156577,40921290
30.9176,10,30876679583,40921290
30.9201,5,30879211589,40921290
30.9227,14,30881734595,40921290
30.9252,2,30843251299,81954592
30.9277,8,30886751601,40977296
30.9303,4,30889274607,40977296
30.9328,3,30891797613,40977296
30.9353,13,30894320619,40977296
30.9378,15,30896870625,40977296
30.9404,9,30899393631,40977296
30.9429,12,30902464843,40465090
30.9455,0,30905023849,40465090
30.948,7,30907546855,40465090
30.953,6,30912536861,40465090
30.9558,11,30915077867,40682296
30.9583,10,30917600873,40682296
30.9611,5,30920132879,40995296
30.9637,14,30922655885,40995296
30.9687,2,30925205891,43509302
30.9712,8,30927728897,43509302
30.9762,3,30932774909,43453296
30.9788,13,30935297915,43453296
30.9813,15,30937847921,43453296
30.9838,9,30940370927,43453296
30.9864,12,30942929933,43435296
30.9889,0,30945488939,43435296
30.9914,7,30948011945,43435296
30.994,1,30869092565,124877682
30.9965,6,30953001951,43491302
30.9991,11,30955760163,43292096
31.0044,5,30961128175,43236096
31.0069,14,30963651181,43236096
31.0121,2,30968715193,43406296
31.0146,8,30971238199,43406296
31.0172,4,30930251903,86915598
31.0197,3,30976228205,43462302
31.0222,13,30978751211,43462302
31.0248,15,30981301217,43462302
31.0273,9,30983824223,43462302
31.0298,12,30986365229,43462302
31.0324,0,30988924235,43462302
31.0349,7,30991447241,43462302
31.0374,1,30993970247,43462302
31.04,6,30996493253,43462302
31.045,11,30999052259,45967308
31.0475,10,30958283169,89259404
31.0501,5,31004364271,45710308
31.0528,14,31006887277,45927514
31.0554,2,31012121489,43261308
31.0579,8,31014644495,43261308
31.0604,4,31017167501,43261308
31.0633,3,31019690507,43574308
31.0683,15,31024763519,43518302
31.0708,9,31027286525,43518302
31.0733,12,31029827531,43518302
31.0759,0,31032386537,43518302
31.0784,7,31034909543,43518302
31.0834,6,31039955555,43462296
31.086,11,31045019567,40966290
31.0885,10,31047542573,40966290
31.091,5,31050074579,40966290
31.0936,14,31052814791,40749084
31.0961,2,31055382797,40722084
31.0986,8,31057905803,40722084
31.1012,4,31060428809,40722084
31.1065,13,31022213513,84240392
31.1092,15,31068281821,40939296
31.1117,9,31070804827,40939296
31.1143,12,31073345833,40939296
31.1168,0,31075904839,40939296
31.1194,7,31078427845,40939296
31.1219,1,31037432549,84457598
31.1244,6,31083417851,40995302
31.127,11,31085985857,40977302
31.132,5,31091040869,40921296
31.1345,14,31093563875,40921296
31.137,2,31096104881,40921296
31.1395,8,31098627887,40921296
31.1421,4,31101150893,40921296
31.1446,3,31063264815,81330380
31.1471,13,31106453905,40664296
31.1524,9,31111744123,40608290
31.1549,12,31114285129,40608290
31.1575,0,31116844135,40608290
31.16,7,31119367141,40608290
31.1625,1,31121890147,40608290
31.165,6,31124413153,40608290
31.1679,11,31126963159,40921290
31.1704,10,31088508863,81898592
31.1729,5,31131962165,40977296
31.1755,14,31134485171,40977296
31.178,2,31137026177,40977296
31.1805,8,31139549183,40977296
31.183,4,31142072189,40977296
31.1856,3,31144595195,40977296
31.1881,13,31147118201,40977296
31.1906,15,31109221117,81424386
31.1932,9,31152352413,40816096
31.1957,12,31154893419,40816096
31.1983,0,31157452425,40816096
31.2033,1,31162498437,40760090
31.2058,6,31165021443,40760090
31.2089,11,31167884449,40977296
31.2114,10,31170407455,40977296
31.2139,5,31172939461,40977296
31.2164,14,31175462467,40977296
31.219,2,31178003473,40977296
31.2215,8,31180526479,40977296
31.224,4,31183049485,40977296
31.2265,3,31185572491,40977296
31.2291,13,31188095497,40977296
31.2316,15,31190645503,40977296
31.2341,9,31193168509,40977296
31.2367,12,31195709515,40977296
31.2392,0,31198268521,40977296
31.2418,7,31159975431,81793392
31.2443,1,31203258527,41033302
31.2468,6,31205781533,41033302
31.2494,11,31208861745,40503096
31.2546,5,31213916757,40664296
31.2596,2,31218980769,40608290
31.2621,8,31221503775,40608290
31.2646,4,31224026781,40608290
31.2672,3,31226549787,40608290
31.27,13,31229072793,40921290
31.2725,15,31231622799,40921290
31.2751,9,31234145805,40921290
31.2776,12,31236686811,40921290
31.2802,0,31239245817,40921290
31.2827,7,31241768823,40921290
31.2852,1,31244291829,40921290
31.2877,6,31246814835,40921290
31.2903,11,31249364841,40921290
31.2928,10,31211384751,81424386
31.2953,5,31254581053,40760090
31.2979,14,31216439763,81424386
31.3006,2,31259589059,41033302
31.3031,8,31262112065,41033302
31.3057,4,31264635071,41033302
31.3082,3,31267158077,41033302
31.311,13,31269994083,41033302
31.3136,15,31272544089,41033302
31.3161,9,31275067095,41033302
31.3186,12,31277608101,41033302
31.3212,0,31280167107,41033302
31.3237,7,31282690113,41033302
31.3262,1,31285213119,41033302
31.3288,6,31287736125,41033302
31.3313,11,31290286131,41033302
31.3338,10,31292809137,41033302
31.3364,5,31295341143,41033302
31.3389,14,31297864149,41033302
31.3414,2,31300622361,40816096
31.344,8,31303145367,40816096
31.3465,4,31305668373,40816096
31.349,3,31308191379,40816096
31.3515,13,31311027385,40503096
31.3543,15,31313577391,40720302
31.3568,9,31316100397,40720302
31.3619,0,31321200409,40664296
31.3644,7,31323723415,40664296
31.3669,1,31326246421,40664296
31.3694,6,31328769427,40664296
31.3723,11,31331319433,40977296
31.3773,5,31336374445,40921290
31.3798,14,31338897451,40921290
31.3824,2,31341438457,40921290
31.3849,8,31343961463,40921290
31.3874,4,31346484469,40921290
31.3899,3,31349007475,40921290
31.3925,13,31351530481,40921290
31.395,15,31354297693,40722084
31.3975,9,31356820699,40722084
31.4003,12,31318641403,81659592
31.4029,0,31361864705,40995296
31.4054,7,31364387711,40995296
31.4079,1,31366910717,40995296
31.4104,6,31369433723,40995296
31.4133,11,31372296729,40995296
31.4158,10,31333842439,81972592
31.4183,5,31377295735,41051302
31.4209,14,31379818741,41051302
31.4234,2,31382359747,41051302
31.4259,8,31384882753,41051302
31.4285,4,31387405759,41051302
31.431,3,31389928765,41051302
31.4335,13,31392451771,41051302
31.4361,15,31395019777,41033302
31.4386,9,31397542783,41033302
31.4411,12,31400300995,40816096
31.4437,0,31402860001,40816096
31.4462,7,31405383007,40816096
31.4487,1,31407906013,40816096
31.4512,6,31410429019,40816096
31.454,11,31413292025,40720302
31.4565,10,31415815031,40720302
31.4591,5,31418347037,40720302
31.4616,14,31420870043,40720302
31.4641,2,31423411049,40720302
31.4667,8,31425934055,40720302
31.4692,4,31428457061,40720302
31.4717,3,31430980067,40720302
31.4745,13,31433503073,41033302
31.4771,15,31436053079,41033302
31.4796,9,31438576085,41033302
31.4822,12,31441117091,41033302
31.4847,0,31443676097,41033302
31.4872,7,31446199103,41033302
31.4898,1,31448722109,41033302
31.4923,6,31451245115,41033302
31.4948,11,31454012327,40816096
31.4974,10,31456535333,40816096
31.4999,5,31459067339,40816096
31.5026,14,31461590345,41033302
31.5052,2,31464131351,41033302
31.5077,8,31466654357,41033302
31.5102,4,31469177363,41033302
31.5127,3,31471700369,41033302
31.5156,13,31474536375,41033302
31.5181,15,31477086381,41033302
31.5206,9,31479609387,41033302
31.5232,12,31482150393,41033302
31.5257,0,31484709399,41033302
31.5283,7,31487232405,41033302
31.5308,1,31489755411,41033302
31.5333,6,31492278417,41033302
31.5359,11,31494828423,41033302
31.5384,10,31497351429,41033302
31.5409,5,31499883435,41033302
31.5434,14,31502623647,40816096
31.546,2,31505164653,40816096
31.5485,8,31507687659,40816096
31.551,4,31510210665,40816096
31.5538,3,31512733671,41033302
31.5563,13,31515569677,40720302
31.5588,15,31518119683,40720302
31.5614,9,31520642689,40720302
31.5664,12,31523183695,43234308
31.569,0,31525742701,43234308
31.5715,7,31528265707,43234308
31.574,1,31530788713,43234308
31.5769,6,31533311719,43547308
31.5819,11,31535861725,46061314
31.5844,10,31538384731,46061314
31.5894,14,31543439743,46005308
31.592,2,31545980749,46005308
31.5945,8,31548503755,46005308
31.597,4,31551026761,46005308
31.5996,3,31553766973,45788102
31.6021,13,31556289979,45788102
31.6048,15,31558839985,46005308
31.6074,9,31561362991,46005308
31.6099,12,31566418003,43509302
31.615,0,31568977009,46023308
31.6178,7,31571500015,46336308
31.6204,1,31574023021,46336308
31.6229,6,31576859027,46023308
31.6279,11,31581923039,45976302
31.6304,10,31584446045,45976302
31.633,5,31540916737,92037616
31.6355,14,31589445051,46032308
31.638,2,31591986057,46032308
31.6405,8,31594509063,46032308
31.6431,4,31597032069,46032308
31.6456,3,31599555075,46032308
31.6481,13,31602078081,46032308
31.6509,15,31604845293,46050308
31.6534,9,31607368299,46050308
31.656,12,31609927305,46032308
31.6585,0,31615000317,43536302
31.6611,7,31617836323,43223302
31.666,6,31622882335,43167296
31.6686,11,31627899341,40709296
31.6711,10,31630422347,40709296
31.6737,5,31632954353,40709296
31.6762,14,31635477359,40709296
31.679,2,31638018365,41022296
31.6816,8,31640541371,41022296
31.6841,4,31643064377,41022296
31.6866,3,31645587383,41022296
31.6891,13,31648110389,41022296
31.6917,15,31650895601,40805090
31.6942,9,31653418607,40805090
31.6968,12,31655959613,40805090
31.7018,0,31658536619,43245090
31.7045,7,31661059625,43462296
31.707,1,31620359329,86685598
31.7096,6,31666049631,43518302
31.7121,11,31668608637,43509302
31.7146,10,31671131643,43509302
31.7172,5,31673663649,43509302
31.72,14,31676186655,43822302
31.7225,2,31679040661,43509302
31.7251,8,31681563667,43509302
31.7276,4,31684086673,43509302
31.7301,3,31686609679,43509302
31.7326,13,31689132685,43509302
31.7352,15,31691700691,43491302
31.7377,9,31694223697,43491302
31.7403,12,31696764703,43491302
31.7428,0,31701781709,41051302
31.7454,7,31704521921,40834096
31.7506,6,31709567933,40995296
31.7531,11,31712117939,40995296
31.7556,10,31714640945,40995296
31.7582,5,31717172951,40995296
31.7607,14,31720008957,40682296
31.7632,2,31722549963,40682296
31.7658,8,31725072969,40682296
31.7683,4,31727595975,40682296
31.7708,3,31730118981,40682296
31.7758,15,31735191993,40626290
31.7783,9,31737714999,40626290
31.7812,12,31740256005,40939290
31.7838,0,31742833011,40921290
31.7863,7,31745356017,40921290
31.7888,1,31707044927,81755386
31.7913,6,31750563229,40760090
31.7939,11,31753113235,40760090
31.7964,10,31755636241,40760090
31.7989,5,31758168247,40760090
31.8015,14,31760691253,40760090
31.8042,2,31763232259,40977296
31.8067,8,31765755265,40977296
31.8117,3,31770801277,40921290
31.8142,13,31732641987,81603586
31.8168,15,31775818283,40977296
31.8193,9,31778341289,40977296
31.8222,12,31781195295,40977296
31.8247,0,31783754301,40977296
31.8273,7,31786277307,40977296
31.8298,1,31788800313,40977296
31.8323,6,31791323319,40977296
31.8349,11,31793873325,40977296
31.8374,10,31796396331,40977296
31.8399,5,31798928337,40977296
31.8424,14,31801451343,40977296
31.845,2,31804209555,40778090
31.8475,8,31806732561,40778090
31.8503,4,31768278271,81972592
31.8528,3,31811722567,41051302
31.8553,13,31814245573,41051302
31.8578,15,31816795579,41051302
31.8604,9,31819318585,41051302
31.8629,12,31822172591,40738302
31.8655,0,31824731597,40738302
31.868,7,31827254603,40738302
31.8705,1,31829777609,40738302
31.873,6,31832300615,40738302
31.8756,11,31834850621,40738302
31.8781,10,31837373627,40738302
31.8806,5,31839905633,40738302
31.8835,14,31842428639,41051302
31.886,2,31844987645,41033302
31.8885,8,31847510651,41033302
31.8911,4,31850250863,40816096
31.8936,3,31852773869,40816096
31.8961,13,31855296875,40816096
31.8987,15,31857846881,40816096
31.9039,12,31862910893,40977296
31.9064,0,31865469899,40977296
31.909,7,31867992905,40977296
31.9115,1,31870515911,40977296
31.914,6,31873038917,40977296
31.9166,11,31875588923,40977296
31.9191,10,31878111929,40977296
31.9216,5,31880643935,40977296
31.9245,14,31883479941,40977296
31.927,2,31886020947,40977296
31.9295,8,31888543953,40977296
31.932,4,31891066959,40977296
31.9346,3,31893589965,40977296
31.9371,13,31896112971,40977296
31.9396,15,31898662977,40977296
31.9422,9,31860369887,81793392
31.9447,12,31903888189,40816096
31.9473,0,31906447195,40816096
31.9498,7,31908970201,40816096
31.9523,1,31911493207,40816096
31.955,6,31914016213,41033302
31.9576,11,31916566219,41033302
31.9601,10,31919089225,41033302
31.9627,5,31921621231,41033302
31.9652,14,31924457237,40720302
31.9677,2,31926998243,40720302
31.9702,8,31929521249,40720302
31.9728,4,31932044255,40720302
31.9753,3,31934567261,40720302
31.9778,13,31937090267,40720302
31.9804,15,31939640273,40720302
31.9829,9,31942163279,40720302
31.9857,12,31944704285,41033302
31.9883,0,31947263291,41033302
31.9908,7,31949786297,41033302
31.9933,1,31952309303,41033302
31.9959,6,31955049515,40816096
31.9984,11,31957599521,40816096
32.0034,5,31962654533,40760090
32.0059,14,31965177539,40760090
32.0087,2,31967718545,40977296
32.0112,8,31970241551,40977296
32.0137,4,31972764557,40977296
32.0163,3,31975287563,40977296
32.0188,13,31977810569,40977296
32.0213,15,31980360575,40977296
32.0239,9,31982883581,40977296
32.0267,12,31985737587,40977296
32.0293,0,31988296593,40977296
32.0318,7,31990819599,40977296
32.0343,1,31993342605,40977296
32.0368,6,31995865611,40977296
32.0394,11,31998415617,40977296
32.0419,10,31960122527,81793392
32.0444,5,32003414623,41033302
32.047,14,32005937629,41033302
32.0495,2,32008695841,40816096
32.0523,8,32011218847,41033302
32.0548,4,32013741853,41033302
32.0573,3,32016264859,41033302
32.0623,15,32021337871,40977296
32.0648,9,32023860877,40977296
32.0674,12,32026714883,40664296
32.0699,0,32029273889,40664296
32.0725,7,32031796895,40664296
32.075,1,32034319901,40664296
32.0775,6,32036842907,40664296
32.0801,11,32039392913,40664296
32.0826,10,32041915919,40664296
32.0851,5,32044447925,40664296
32.0879,14,32046970931,40977296
32.0905,2,32049511937,40977296
32.093,8,32052252149,40760090
32.0955,4,32054775155,40760090
32.0981,3,32057298161,40760090
32.1033,15,32062315167,40977296
32.1058,9,32064838173,40977296
32.1084,12,32067379179,40977296
32.1109,0,32069938185,40977296
32.1134,7,32072461191,40977296
32.116,1,32074984197,40977296
32.1185,6,32077507203,40977296
32.121,11,32080057209,40977296
32.1236,10,32082580215,40977296
32.1261,5,32085112221,40977296
32.1314,2,32090489233,40921290
32.1339,8,32093012239,40921290
32.1365,4,32095535245,40921290
32.139,3,32098058251,40921290
32.1415,13,32018787865,122714682
32.1441,15,32103292463,40760090
32.1466,9,32105815469,40760090
32.1491,12,32108356475,40760090
32.1519,0,32110915481,40977296
32.1544,7,32113438487,40977296
32.1569,1,32115961493,40977296
32.1595,6,32118484499,40977296
32.162,11,32121034505,40977296
32.1645,10,32123557511,40977296
32.1671,5,32126089517,40977296
32.1696,14,32087948227,81641592
32.1721,2,32131410523,40720302
32.1747,8,32133933529,40720302
32.1772,4,32136456535,40720302
32.1797,3,32138979541,40720302
32.1822,13,32141502547,40720302
32.1848,15,32144052553,40720302
32.1873,9,32146575559,40720302
32.1901,12,32149116565,41033302
32.1927,0,32151892777,40834096
32.1952,7,32154415783,40834096
32.1978,1,32156938789,40834096
32.2003,6,32159461795,40834096
32.2031,11,32162011801,41051302
32.2056,10,32164534807,41051302
32.2081,5,32167066813,41051302
32.2106,14,32169589819,41051302
32.2132,2,32172130825,41051302
32.2157,8,32174653831,41051302
32.2182,4,32177176837,41051302
32.2208,3,32179699843,41051302
32.2233,13,32182222849,41051302
32.2258,15,32184772855,41051302
32.2283,9,32187295861,41051302
32.2309,12,32190149867,40738302
32.2338,0,32192726873,41033302
32.2363,7,32195249879,41033302
32.2388,1,32197772885,41033302
32.2413,6,32200295891,41033302
32.2439,11,32203063103,40816096
32.2464,10,32205586109,40816096
32.2489,5,32208118115,40816096
32.2542,2,32213182127,40977296
32.2567,8,32215705133,40977296
32.2592,4,32218228139,40977296
32.2617,3,32220751145,40977296
32.2643,13,32223274151,40977296
32.2668,15,32225824157,40977296
32.2718,12,32230888169,40921290
32.2744,0,32233760175,40608290
32.2769,7,32236283181,40608290
32.2794,1,32238806187,40608290
32.2819,6,32241329193,40608290
32.2845,11,32243879199,40608290
32.287,10,32246402205,40608290
32.2895,5,32248934211,40608290
32.2924,14,32210641121,81737386
32.2949,2,32254159423,40760090
32.2974,8,32256682429,40760090
32.3,4,32259205435,40760090
32.305,13,32264251447,40704084
32.3077,15,32266801453,40921290
32.3102,9,32228347163,81898586
32.3128,12,32271809459,40977296
32.3153,0,32274368465,40977296
32.3179,7,32276891471,40977296
32.3204,1,32279414477,40977296
32.3229,6,32281937483,40977296
32.3255,11,32284487489,40977296
32.328,10,32287010495,40977296
32.3305,5,32289542501,40977296
32.333,14,32292378507,40664296
32.3359,2,32294919513,40977296
32.3384,8,32297442519,40977296
32.3409,4,32299965525,40977296
32.3435,3,32261728441,81737386
32.346,13,32304955531,41033302
32.3485,15,32307722743,40816096
32.3511,9,32310245749,40816096
32.3538,12,32312786755,41033302
32.3564,0,32315345761,41033302
32.3589,7,32317868767,41033302
32.3614,1,32320391773,41033302
32.3639,6,32322914779,41033302
32.3665,11,32325464785,41033302
32.369,10,32327987791,41033302
32.3716,5,32330519797,41033302
32.3741,14,32333042803,41033302
32.3766,2,32335896809,40720302
32.3791,8,32338419815,40720302
32.3817,4,32340942821,40720302
32.3842,3,32343465827,40720302
32.3867,13,32345988833,40720302
32.3893,15,32348538839,40720302
32.3918,9,32351061845,40720302
32.3947,12,32353820057,40834096
32.3972,0,32356379063,40834096
32.3997,7,32358902069,40834096
32.4023,1,32361425075,40834096
32.4073,11,32366498087,40778090
32.415,14,32374076105,40883284
32.4175,2,32376617111,40883284
32.42,8,32379140117,40883284
32.4225,4,32381663123,40883284
32.4251,3,32384186129,40883284
32.4276,13,32386709135,40883284
32.4301,15,32389259141,40883284
32.4327,9,32391782147,40883284
32.4352,12,32394654153,40552284
32.4381,0,32397213159,40865284
32.4406,7,32399736165,40865284
32.4431,1,32402259171,40865284
32.4456,6,32363948081,81699380
32.4482,11,32407276177,40921290
32.4507,10,32369021093,81699380
32.4535,5,32371553099,81916586
32.456,14,32414959389,41033302
32.4585,2,32417500395,41033302
32.4611,8,32420023401,41033302
32.4636,4,32422546407,41033302
32.4661,3,32425069413,41033302
32.4686,13,32427592419,41033302
32.4712,15,32430142425,41033302
32.4737,9,32432665431,41033302
32.4762,12,32435206437,41033302
32.4788,0,32438078443,40720302
32.4813,7,32440601449,40720302
32.4838,1,32443124455,40720302
32.4864,6,32445647461,40720302
32.4914,10,32450720473,40664296
32.4939,5,32453469685,40447090
32.4968,14,32455992691,40760090
32.4993,2,32458533697,40760090
32.5018,8,32461056703,40760090
32.5046,4,32463579709,40977296
32.5071,3,32466102715,40977296
32.5096,13,32468625721,40977296
32.5122,15,32471175727,40977296
32.5147,9,32473698733,40977296
32.5172,12,32476239739,40977296
32.5198,0,32478798745,40977296
32.5223,7,32481321751,40977296
32.5248,1,32483844757,40977296
32.5273,6,32486367763,40977296
32.5299,11,32448197467,81697598
32.5324,10,32491384769,41033302
32.535,5,32493916775,41033302
32.5375,14,32496752781,40720302
32.5403,2,32499293787,41033302
32.5429,8,32501816793,41033302
32.5454,4,32504557005,40816096
32.5479,3,32507080011,40816096
32.5529,15,32512153023,40760090
32.5554,9,32514676029,40760090
32.5582,12,32517217035,40977296
32.5608,0,32519776041,40977296
32.5633,7,32522299047,40977296
32.5658,1,32524822053,40977296
32.5683,6,32527345059,40977296
32.5709,11,32529895065,40977296
32.5734,10,32532418071,40977296
32.5759,5,32534950077,40977296
32.5785,14,32537473083,40977296
32.581,2,32540327089,40664296
32.5835,8,32542850095,40664296
32.586,4,32545373101,40664296
32.5886,3,32547896107,40664296
32.5911,13,32509603017,81480392
32.5936,15,32552913113,40720302
32.5962,9,32555436119,40720302
32.5987,12,32558194331,40503096
32.6018,0,32560753337,41033302
32.6043,7,32563276343,41033302
32.6068,1,32565799349,41033302
32.6094,6,32568322355,41033302
32.6119,11,32570872361,41033302
32.6144,10,32573395367,41033302
32.617,5,32575927373,41033302
32.6195,14,32578450379,41033302
32.622,2,32580991385,41033302
32.6245,8,32583514391,41033302
32.6271,4,32586037397,41033302
32.6296,3,32588560403,41033302
32.6321,13,32591083409,41033302
32.6347,15,32593633415,41033302
32.6372,9,32596156421,41033302
32.6397,12,32598697427,41033302
32.6426,0,32601786639,40834096
32.6451,7,32604309645,40834096
32.6477,1,32606832651,40834096
32.6529,11,32611905663,40995296
32.6554,10,32614428669,40995296
32.658,5,32616960675,40995296
32.6605,14,32619483681,40995296
32.663,2,32622024687,40995296
32.6655,8,32624547693,40995296
32.6681,4,32627070699,40995296
32.6706,3,32629593705,40995296
32.6756,15,32634666717,40939290
32.6781,9,32637189723,40939290
32.6807,12,32639730729,40939290
32.6832,0,32642620735,40608290
32.6858,7,32645143741,40608290
32.6883,1,32647666747,40608290
32.6908,6,32609355657,81442386
32.6933,11,32652900959,40447090
32.6959,10,32655423965,40447090
32.6984,5,32657955971,40447090
32.7065,2,32663019983,43435302
32.709,8,32665542989,43435302
32.7115,4,32668065995,43435302
32.714,3,32670589001,43435302
32.7165,13,32632116711,84430598
32.7191,15,32675606007,43491308
32.7241,12,32680670019,43435302
32.7292,0,32683229025,45949308
32.7317,7,32685752031,45949308
32.7342,1,32688275037,45949308
32.7417,10,32695871055,45837296
32.7446,5,32698403061,46150296
32.7471,14,32660478977,86597386
32.7496,2,32706455285,43180084
32.7522,8,32708978291,43180084
32.7574,3,32714024303,43341284
32.7599,13,32716547309,43341284
32.7624,15,32719097315,43341284
32.765,9,32678129013,86832592
32.77,0,32729178333,40836278
32.7725,7,32731701339,40836278
32.7751,1,32734224345,40836278
32.7776,6,32690798043,86785586
32.7801,11,32693348049,86785586
32.7827,10,32741708351,40948290
32.7852,5,32744553357,40635290
32.7877,14,32747076363,40635290
32.7903,2,32749635369,40626290
32.7928,8,32752158375,40626290
32.7953,4,32711501297,83806374
32.7978,3,32757365587,40465090
32.8004,13,32759888593,40465090
32.8031,15,32762438599,40682296
32.806,9,32764961605,40995296
32.8085,12,32724105321,84392586
32.811,0,32770014611,41033302
32.8136,7,32772537617,41033302
32.8186,6,32777583629,40977296
32.8211,11,32780133635,40977296
32.8236,10,32782656641,40977296
32.8262,5,32785188647,40977296
32.8287,14,32787711653,40977296
32.8312,2,32790261659,40977296
32.8338,8,32792784665,40977296
32.8363,4,32795307671,40977296
32.8388,3,32797830677,40977296
32.8413,13,32800353683,40977296
32.8439,15,32803120895,40760090
32.8467,9,32805956901,40760090
32.8493,12,32808497907,40760090
32.852,0,32811047913,40977296
32.8545,7,32813570919,40977296
32.8571,1,32775060623,82010598
32.8596,6,32818560925,41033302
32.8621,11,32821110931,41033302
32.8647,10,32823633937,41033302
32.8672,5,32826165943,41033302
32.8697,14,32828688949,41033302
32.8723,2,32831238955,41033302
32.8748,8,32833761961,41033302
32.8773,4,32836284967,41033302
32.8798,3,32838807973,41033302
32.8824,13,32841330979,41033302
32.8849,15,32843880985,41033302
32.8874,9,32846716991,40720302
32.89,12,32849257997,40720302
32.8925,0,32852025209,40521096
32.8951,7,32854548215,40521096
32.8976,1,32857071221,40521096
32.9028,11,32862144233,40682296
32.9081,5,32867199245,40939296
32.9132,2,32872272257,40883290
32.9157,8,32874795263,40883290
32.9182,4,32877318269,40883290
32.9207,3,32879841275,40883290
32.9232,13,32882364281,40883290
32.9258,15,32884914287,40883290
32.9283,9,32887437293,40883290
32.9309,12,32889978299,40883290
32.9334,0,32892546305,40865290
32.9359,7,32895069311,40865290
32.9385,1,32897592317,40865290
32.941,6,32859594227,81386386
32.9435,11,32902826529,40704090
32.9461,10,32864667239,81386386
32.9514,5,32908138541,43274096
32.9542,14,32869722251,84430598
32.9567,2,32913155547,43547308
32.9617,4,32918201559,43491302
32.9642,3,32920724565,43491302
32.9667,13,32923247571,43491302
32.9693,15,32925797577,43491302
32.9718,9,32928320583,43491302
32.9744,12,32930861589,43491302
32.9769,0,32933411595,43491302
32.9794,7,32935934601,43491302
32.9819,1,32938457607,43491302
32.9845,6,32940980613,43491302
32.987,11,32943530619,43491302
32.9895,10,32946053625,43491302
32.9946,5,32951412637,43196302
32.9971,14,32954152849,42979096
32.9997,2,32956702855,42979096
33.0024,8,32915678553,86743610
33.0049,4,32961692861,43252308
33.0075,3,32964215867,43252308
33.0153,15,32969288879,46023308
33.0178,9,32971811885,46023308
33.0204,12,32974352891,46023308
33.0254,0,32976902897,48537314
33.028,7,32979425903,48537314
33.0305,1,32981948909,48537314
33.033,6,32984471915,48537314
33.0356,11,32987021921,48537314
33.0381,10,32989544927,48537314
33.0406,5,32994608939,46023308
33.0432,14,32997131945,46023308
33.0482,2,32999681951,48537314
33.0513,8,33002422163,48850314
33.0538,4,33004945169,48850314
33.0588,13,32966738873,92046616
33.0613,15,33015312187,46032308
33.0639,9,33017835193,46032308
33.0664,12,33020376199,46032308
33.074,7,33027963217,45994302
33.0765,1,33030486223,45994302
33.079,6,33033009229,45994302
33.0816,11,33035559235,45994302
33.0841,10,33038082241,45994302
33.0866,5,33040632247,45976302
33.0891,14,33043155253,45976302
33.0917,2,33048219265,43480296
33.0942,8,33051272477,42950090
33.0967,4,33053795483,42950090
33.0993,3,33007468175,91800404
33.1018,13,33058785489,43006096
33.1045,15,33061344495,43205302
33.1071,9,33063867501,43205302
33.1096,12,33066408507,43205302
33.115,0,33025440211,89568610
33.1175,7,33073957519,43574308
33.1201,1,33076480525,43574308
33.1226,6,33079003531,43574308
33.1251,11,33081553537,43574308
33.1277,10,33084076543,43574308
33.1326,14,33089131555,43518302
33.1352,2,33091699561,43509302
33.1377,8,33094222567,43509302
33.1403,4,33096745573,43509302
33.1428,3,33099268579,43509302
33.1453,13,33101791585,43509302
33.1478,15,33104549797,43292096
33.1506,9,33107072803,43509302
33.1534,12,33109613809,43822302
33.161,7,33117531827,43453296
33.1635,1,33120054833,43453296
33.166,6,33122577839,43453296
33.1686,11,33125127845,43453296
33.1711,10,33127650851,43453296
33.1736,5,33086608549,87027604
33.1762,14,33132649857,43509302
33.1787,2,33135208863,43509302
33.1812,8,33137731869,43509302
33.1862,3,33142777881,43453296
33.1888,13,33145300887,43453296
33.1913,15,33147841893,43453296
33.1938,9,33150582105,43236090
33.1989,12,33153436111,45437096
33.2092,7,33160985123,48168308
33.2117,1,33163508129,48168308
33.2145,6,33166031135,48481308
33.222,10,33171104147,50939308
33.2271,5,33173636153,53453314
33.2296,14,33176159159,53453314
33.2347,2,33178718165,55967320
33.2372,8,33181241171,55967320
33.2422,3,33186231177,55967320
33.2447,13,33188754183,55967320
33.2473,15,33191295189,55967320
33.2498,9,33193818195,55967320
33.2553,12,33198873207,56450520
33.2579,0,33115008821,142900912
33.2604,7,33209153431,51279308
33.263,1,33211676437,51279308
33.2655,6,33214512443,50966308
33.268,11,33168581141,99456616
33.2706,10,33222043455,48517308
33.2756,5,33227089467,48535308
33.2781,14,33229612473,48535308
33.2807,2,33234685485,46030302
33.2832,8,33237208491,46030302
33.2858,4,33140254875,145506924
33.2883,3,33242198497,46086308
33.2908,13,33244721503,46086308
33.2933,15,33247262509,46086308
33.2984,12,33255323727,43060096
33.3037,0,33257909733,45764308
33.3062,7,33260432739,45764308
33.3087,1,33262955745,45764308
33.3112,6,33265478751,45764308
33.3166,11,33268037757,48573314
33.3191,10,33270560763,48573314
33.3242,5,33275624775,48573314
33.3267,14,33278147781,48573314
33.3343,2,33280715787,53536320
33.3368,8,33283238793,53536320
33.3393,4,33285761799,53536320
33.3443,13,33290807811,53480314
33.3468,15,33293348817,53480314
33.3494,9,33249785515,99566622
33.3521,12,33298383823,53726526
33.3572,0,33303674041,53518320
33.36,7,33306197047,53831320
33.365,6,33311243059,53775314
33.3751,11,33316611071,58508326
33.3776,10,33319134077,58508326
33.3827,5,33324198089,58508326
33.3903,2,33334252107,56021320
33.3928,8,33336775113,56021320
33.3978,3,33288284805,109501634
33.4129,12,33352110349,60825308
33.4155,0,33357192361,58311302
33.4183,7,33360028367,58311302
33.4209,1,33308720053,112142622
33.4234,6,33365018373,58367308
33.426,11,33375119397,50852290
33.431,5,33382706415,48282278
33.4335,14,33326721095,106790604
33.4361,2,33390273427,45806278
33.4386,8,33392796433,45806278
33.4411,4,33339298119,101827598
33.4436,3,33397786439,45862284
33.4462,13,33344288125,101883604
33.4512,15,33346829131,104415610
33.454,9,33349352137,104632816
33.459,12,33412935657,46113308
33.4619,0,33415503663,46417308
33.4644,7,33418339669,46104308
33.467,1,33420862675,46104308
33.477,11,33425971687,51031314
33.4795,10,33377642403,101883604
33.4846,5,33430988693,53592326
33.4871,14,33433511699,53592326
33.4922,2,33436079705,56088332
33.4947,8,33438602711,56088332
33.4997,3,33443648723,56032326
33.5074,9,33453984953,53406308
33.5125,12,33459048965,53406308
33.5175,7,33464443977,53037302
33.52,1,33466966983,53037302
33.5254,11,33477003001,48349290
33.5279,10,33479526007,48349290
33.5304,5,33484581019,45853284
33.533,14,33487104025,45853284
33.5355,2,33492168037,43348278
33.538,8,33494691043,43348278
33.5406,4,33441125717,99436610
33.5431,3,33499681049,43404284
33.5456,13,33446171729,99436610
33.5482,15,33451244741,96922604
33.5582,12,33512455273,45757090
33.5638,0,33461920971,101894610
33.5663,7,33517481279,48857308
33.5689,1,33520004285,48857308
33.5714,6,33423385681,147998918
33.5764,11,33525352291,51087320
33.579,10,33527875297,51087320
33.584,5,33530434303,53592326
33.5865,14,33532957309,53592326
33.5916,8,33538039321,53518320
33.5941,4,33540562327,53518320
33.5966,3,33543085333,53518320
33.5991,13,33545608339,53518320
33.6069,9,33507391261,99483616
33.6119,12,33558212363,53735526
33.617,0,33563815581,53223320
33.6196,7,33566338587,53223320
33.6221,1,33568861593,53223320
33.6249,6,33571384599,53536320
33.6325,10,33578962617,53489314
33.6426,5,33584026629,58535326
33.6451,14,33586549635,58535326
33.6504,2,33535516315,114840864
33.6529,8,33591557641,61322544
33.6554,4,33594080647,61322544
33.6604,13,33599126659,61266538
33.6657,15,33548167345,117573864
33.6683,9,33606874877,61389338
33.6708,12,33611947889,58857332
33.6759,0,33617038901,58857332
33.6784,7,33619561907,58857332
33.6809,1,33622084913,58857332
33.6835,6,33624920919,58544332
33.691,11,33576439611,114603658
33.6936,10,33632451931,61114344
33.7014,5,33642561955,58844544
33.709,2,33650357179,58598332
33.7115,8,33652880185,58598332
33.714,4,33655403191,58598332
33.719,13,33660393197,58598332
33.7241,15,33665741209,58332332
33.7269,9,33668264215,58645332
33.7294,12,33670805221,58627332
33.737,7,33678419239,58571326
33.7395,1,33680942245,58571326
33.742,6,33683465251,58571326
33.7496,10,33693566275,56019314
33.7549,5,33701406499,53487308
33.7574,14,33645084961,112331852
33.7625,2,33708955511,53534314
33.765,8,33711478517,53534314
33.7678,4,33714001523,53847314
33.7803,9,33726909547,53368296
33.7853,3,33596603653,188700196
33.7878,0,33675896233,111939622
33.7928,1,33739513571,53312290
33.7953,6,33742036577,53312290
33.8031,5,33754893807,48201272
33.8056,14,33757416813,48201272
33.8082,2,33762489825,45687266
33.8107,8,33765012831,45687266
33.8132,4,33767848837,45374266
33.8158,13,33718991529,96763580
33.8183,15,33724073541,94249574
33.8208,9,33780277843,40568278
33.8234,12,33729432553,93936574
33.8287,0,33787835855,40881284
33.8312,7,33736990565,94249580
33.8338,1,33792825861,40937290
33.8363,6,33795348867,40937290
33.8388,11,33691043269,147774894
33.8413,10,33749585589,91755580
33.8439,5,33803095079,40814096
33.8464,14,33805618085,40814096
33.849,2,33808177091,40805096
33.8567,15,33818323115,38369284
33.8592,9,33820846121,38369284
33.8617,12,33823369127,38369284
33.8643,3,33785303849,78993568
33.8668,0,33828717139,38112284
33.8697,7,33831240145,38425284
33.8722,1,33833763151,38425284
33.8747,6,33836286157,38425284
33.8772,11,33838818163,38425284
33.8798,10,33841341169,38425284
33.8823,5,33843909175,38407284
33.8848,14,33846432181,38407284
33.8874,2,33848982187,38407284
33.8924,4,33813223103,79156374
33.8949,15,33856692399,38246084
33.8975,9,33859215405,38246084
33.9,12,33861738411,38246084
33.9053,3,33864297417,40977296
33.9078,0,33866829423,40977296
33.9103,7,33869665429,40664296
33.9129,1,33872188435,40664296
33.9154,6,33874711441,40664296
33.9179,11,33877243447,40664296
33.9204,10,33879766453,40664296
33.928,5,33882316459,45692308
33.9358,8,33810700097,125105676
33.9383,4,33892379477,45949302
33.9409,13,33815755109,125096676
33.9459,9,33897461489,48398302
33.9484,12,33899984495,48398302
33.9512,3,33905274713,45911296
33.9537,0,33907806719,45911296
33.9562,7,33910329725,45911296
33.9588,1,33912852731,45911296
33.9613,6,33915375737,45911296
33.9638,11,33917907743,45911296
33.9663,10,33920430749,45911296
33.9689,5,33928008767,40910284
33.9714,14,33884839465,86602592
33.9743,2,33887389471,86915592
33.9793,4,33938328779,40966290
33.9819,15,33894938483,86915592
33.9844,9,33945859791,38517290
33.9869,12,33948382797,38517290
33.9895,3,33951186009,38291084
33.992,0,33953718015,38291084
33.9945,7,33956241021,38291084
33.9971,1,33958764027,38291084
33.9996,6,33961287033,38291084
34.0023,11,33963819039,38508290
34.0049,10,33966342045,38508290
34.0074,5,33968919051,38481290
34.0099,14,33971442057,38481290
34.0125,13,33940851785,71603568
34.015,2,33974305063,40682296
34.0175,8,33935805773,81704592
34.02,4,33979295069,40738302
34.0251,15,33981854075,43234308
34.0276,9,33984377081,43234308
34.033,3,33989477093,43482308
34.0355,0,33992009099,43482308
34.038,7,33994532105,43482308
34.0405,1,33997055111,43482308
34.0431,6,33999578117,43482308
34.0456,11,34002327329,43274102
34.0481,10,34004850335,43274102
34.0559,5,34007400341,48519320
34.0584,14,34009923347,48519320
34.061,13,34012455353,48510320
34.0686,2,34014987359,53565332
34.0711,8,34017510365,53565332
34.0736,4,34020033371,53565332
34.0815,15,34025088383,56401338
34.084,9,34027611389,56401338
34.0865,12,33986900087,99635646
34.094,0,34035491407,58548332
34.099,1,34040537419,58492326
34.104,11,34045601431,58427320
34.1066,10,34048124437,58427320
34.1144,5,34055919661,58454320
34.1169,14,34058442667,58454320
34.1194,13,34060965673,58454320
34.127,8,34071075697,55911308
34.1373,15,34081489721,55808296
34.1423,12,34086535733,55752290
34.1449,3,34032959401,111914628
34.1499,0,34094039739,55880302
34.1524,7,34038014413,114428634
34.1552,1,34099029745,56153514
34.1577,6,34043060425,114645840
34.1602,11,34104028751,56209520
34.1678,5,34114373981,53431302
34.1703,14,34116896987,53431302
34.1729,13,34119419993,53431302
34.1754,2,34068552691,106875610
34.1807,4,34073598703,107132604
34.1833,15,34137298017,45992296
34.1858,9,34084012727,101800592
34.1883,12,34142288023,46048302
34.1909,3,34144874029,46030302
34.1935,0,34149920041,43534296
34.1984,1,34155183259,43261084
34.201,6,34157706265,43261084
34.2037,11,34160238271,43478290
34.2062,10,34106551757,99687810
34.2088,5,34167805283,40993290
34.2113,14,34170328289,40993290
34.2138,13,34172851295,40993290
34.2164,2,34175428301,40975290
34.2189,8,34126987005,91939592
34.2214,4,34180731307,40718296
34.224,15,34183290313,40691296
34.229,12,34188336325,40635290
34.2341,3,34190904331,43149296
34.2394,7,34152443047,86931592
34.2419,1,34198444343,43453302
34.2444,6,34200967349,43453302
34.2522,10,34206239567,45920302
34.2547,5,34208798573,45911302
34.2597,13,34213844585,45855296
34.2623,2,34216403591,45855296
34.2648,8,34218926597,45855296
34.2673,4,34221449603,45855296
34.2698,15,34223981609,45855296
34.2724,9,34185813319,86546592
34.2749,12,34228971615,45911302
34.2803,3,34234053627,46233302
34.2828,0,34193454337,89373598
34.2854,7,34239374639,45976302
34.2879,1,34241897645,45976302
34.2904,6,34244420651,45976302
34.2929,11,34203716561,89221398
34.2955,10,34252159869,43301096
34.3007,5,34254709875,46032308
34.3033,14,34211321579,91943610
34.3058,13,34259699881,46088314
34.3109,2,34262258887,48602320
34.3159,4,34267304899,48546314
34.3184,15,34269836905,48546314
34.3209,9,34272359911,48546314
34.3234,12,34274882917,48546314
34.3335,3,34280286929,53261326
34.3361,0,34282827935,53261326
34.3414,1,34287873947,53518326
34.3439,6,34290396953,53518326
34.3464,11,34292937959,53509326
34.349,10,34295460965,53509326
34.3543,5,34300742183,53536326
34.3568,14,34303265189,53536326
34.3593,13,34305788195,53536326
34.3619,2,34310861207,51031320
34.3669,4,34315851213,51031320
34.3694,15,34318383219,51031320
34.3719,9,34320906225,51031320
34.3745,12,34323429231,51031320
34.3849,3,34333548255,51371320
34.3924,7,34285350941,107090646
34.395,1,34341392273,53572320
34.3975,6,34343915279,53572320
34.4002,11,34346447285,53789526
34.4028,10,34348970291,53789526
34.4153,14,34356801515,58535326
34.4179,13,34359324521,58535326
34.4229,2,34361892527,61031332
34.4254,8,34264781893,160664972
34.433,15,34369414539,63545338
34.4355,9,34371937545,63545338
34.438,12,34374460551,63545338
34.4434,3,34384919575,58517326
34.4512,0,34336089261,115151864
34.4538,7,34392441587,61322544
34.4563,1,34394964593,61322544
34.4588,6,34397487599,61322544
34.4638,10,34402759817,61049332
34.4739,5,34354278509,119667664
34.4765,14,34415336841,61132338
34.479,13,34417859847,61132338
34.4868,8,34425446865,61398332
34.4894,4,34366882533,122485670
34.4919,15,34432959877,58958332
34.4944,9,34435482883,58958332
34.497,12,34438005889,58958332
34.5073,0,34451241125,56019314
34.5098,7,34453764131,56019314
34.5123,1,34456287137,56019314
34.5173,11,34400236811,117068646
34.5198,10,34463809149,56019314
34.5249,5,34473946173,50991302
34.5275,14,34476469179,50991302
34.53,13,34478992185,50991302
34.5351,2,34422923859,112132640
34.5376,8,34486845197,50734308
34.5401,4,34489368203,50734308
34.5426,15,34491918209,50716308
34.5479,12,34496964221,50973302
34.5558,3,34443436901,112340846
34.5583,0,34507260439,51058314
34.5658,6,34458810143,106965616
34.5683,11,34517305457,51002308
34.5733,5,34524937475,48405296
34.5759,14,34527460481,48405296
34.5784,13,34529983487,48405296
34.5834,8,34537579505,45835284
34.5887,15,34542634517,46092284
34.5912,9,34494441215,96808592
34.5938,12,34547937523,45835290
34.5989,3,34555777747,43122078
34.6039,7,34509783445,94124386
34.6089,6,34565775759,43122078
34.6116,11,34568307765,43339284
34.6142,10,34519828463,94341592
34.6167,5,34573342771,43377290
34.6192,14,34575865777,43377290
34.6218,13,34578388783,43377290
34.6268,8,34583414789,43368290
34.6293,4,34540102511,89203574
34.6318,15,34588726801,43111290
34.6344,9,34591249807,43111290
34.6369,12,34593772813,43111290
34.642,3,34598899825,43084290
34.6445,0,34558318753,86206368
34.6474,7,34603907831,43453296
34.6499,1,34512306451,137577682
34.6526,6,34608897837,43726508
34.6576,10,34614170055,43462296
34.6602,5,34616720061,43462296
34.6627,14,34619243067,43462296
34.6652,13,34621766073,43462296
34.6678,2,34535056499,132721876
34.6703,8,34626783079,43518302
34.6728,4,34629306085,43518302
34.6778,9,34634361097,43462296
34.6879,3,34641984115,45920296
34.6932,7,34647361127,45864290
34.6957,1,34649884133,45864290
34.6983,6,34652624345,45647084
34.7035,10,34657632351,45855290
34.706,5,34660182357,45855290
34.7086,14,34662705363,45855290
34.7111,13,34665228369,45855290
34.7161,8,34670301381,45799284
34.7186,4,34672824387,45799284
34.7212,15,34631838091,89317586
34.7237,9,34677823393,45855290
34.7262,12,34636884103,89317586
34.7288,3,34687904411,40892284
34.7339,0,34644525121,89326586
34.7364,7,34693225417,43149296
34.7389,1,34695748423,43149296
34.7414,6,34698271429,43149296
34.744,11,34611647049,132305682
34.7465,10,34703487641,42988096
34.7521,5,34706037647,46032308
34.7571,13,34711083659,45976302
34.7596,2,34667778375,91831592
34.7621,8,34716100665,46032308
34.7647,4,34718623671,46032308
34.7697,9,34723678683,45976302
34.7747,3,34728796695,45893296
34.7772,0,34733851707,43397290
34.7798,7,34736374713,43397290
34.7823,1,34738897719,43397290
34.7848,6,34741420725,43397290
34.7874,11,34743952731,43397290
34.7899,10,34746475737,43397290
34.7927,5,34752069955,40675078
34.7953,14,34708560653,86707386
34.7978,13,34757059961,40731084
34.8006,2,34759609967,40948290
34.8031,8,34762132973,40948290
34.8056,4,34764655979,40948290
34.8081,15,34721155677,86980598
34.8107,9,34769654985,41004296
34.8132,12,34726201689,86980598
34.8158,3,34774689991,41060302
34.8183,0,34777248997,41051302
34.8208,7,34779772003,41051302
34.8233,1,34782295009,41051302
34.8259,6,34784818015,41051302
34.8284,11,34787350021,41051302
34.8334,5,34792745033,40664296
34.8359,14,34795268039,40664296
34.8385,13,34797791045,40664296
34.841,2,34800558257,40465090
34.8435,8,34803081263,40465090
34.8461,4,34805604269,40465090
34.8486,15,34808136275,40465090
34.8513,9,34810659281,40682296
34.8542,12,34813182287,40995296
34.8593,3,34815750293,43509302
34.8618,0,34818300299,43509302
34.8643,7,34820823305,43509302
34.8669,1,34823346311,43509302
34.8694,6,34825869317,43509302
34.8719,11,34828401323,43509302
34.8744,10,34789873027,84560604
34.8795,5,34833409329,46079314
34.882,14,34835932335,46079314
34.892,8,34843546353,48463308
34.8948,4,34846069359,48776308
34.8974,15,34848601365,48776308
34.8999,9,34851341577,48559102
34.9152,7,34864332607,50827296
34.9177,1,34866855613,50827296
34.9202,6,34869378619,50827296
34.9227,11,34871910625,50827296
34.9253,10,34874433631,50827296
34.9303,5,34879488643,50836296
34.9328,14,34882011649,50836296
34.9354,13,34838455341,96915610
34.9455,2,34841023347,104457628
34.948,8,34892009661,55994320
34.9507,4,34894845667,55898526
34.9533,15,34897377673,55898526
34.9586,12,34854177583,104401622
34.9637,3,34859259595,104428622
34.9737,7,34915159903,58519326
34.9762,1,34917682909,58519326
34.9787,6,34920205915,58519326
34.9813,11,34922737921,58519326
34.9838,10,34925260927,58519326
34.9914,5,34930324939,61033332
34.9939,14,34932847945,61033332
34.9967,13,34935370951,61346332
35.007,8,34948003981,59020526
35.0095,4,34950744193,58803320
35.0145,9,34899900679,114645840
35.0171,12,34958579205,58490320
35.0222,3,34963688217,58481320
35.0273,0,34861809601,165450948
35.0298,7,34973679229,56104326
35.0323,1,34976202235,56104326
35.0348,6,34978725241,56104326
35.0399,11,34981257247,58618332
35.0424,10,34983780253,58618332
35.0499,14,34993881277,56057320
35.0525,13,34996717283,55744320
35.0553,2,34945480975,109783840
35.0606,4,35009547513,51020308
35.0631,15,34953276199,109823628
35.0656,9,35014546519,51076314
35.0681,12,35017069525,51076314
35.0783,0,35027260549,51002308
35.0808,7,35029783555,51002308
35.0833,1,35032306561,51002308
35.0883,11,35039875579,48450296
35.0958,14,35049938597,45862284
35.0986,13,35052461603,46175284
35.1065,2,35055264815,51194296
35.109,8,35007024507,101957610
35.1115,4,35060567821,50937302
35.114,15,35063099827,50937302
35.1166,9,35065622833,50937302
35.1191,12,35068145839,50937302
35.1267,3,35022169537,104536622
35.1318,0,35078262857,53507314
35.1343,7,35080785863,53507314
35.1368,1,35083308869,53507314
35.1393,6,35034829567,104509622
35.1419,11,35088325875,53545320
35.1444,10,35042398585,101995616
35.1469,5,34991358271,155567936
35.1494,14,35095800881,53648332
35.152,13,35098636887,53335332
35.1651,2,35106459111,58647338
35.1676,8,35108982117,58647338
35.1702,4,35111505123,58647338
35.1727,15,35114037129,58647338
35.1752,9,35116560135,58647338
35.1828,3,35126706159,56077326
35.1879,0,35131770171,56086326
35.1928,1,35136816183,56030320
35.2031,10,35144394201,58691314
35.2056,5,35146926207,58691314
35.2081,14,35149449213,58691314
35.2109,13,35151972219,58908520
35.221,4,35170152461,50798290
35.2235,15,35172684467,50798290
35.226,9,35175207473,50798290
35.2285,12,35119083141,109445628
35.2311,3,35182783485,48322290
35.2361,7,35134293177,101838604
35.2387,1,35192846503,45808284
35.2412,6,35139339189,101838604
35.2437,11,35141871195,101856604
35.2463,10,35203085515,43165290
35.2488,5,35205617521,43165290
35.2538,13,35210880739,42892078
35.2616,2,35165106449,96528386
35.2644,8,35167629455,96745592
35.2719,15,35223482757,48405302
35.2744,9,35226005763,48405302
35.2794,3,35231105775,48340296
35.282,0,35187856497,94130580
35.2845,7,35236131781,48378302
35.287,1,35238654787,48378302
35.2896,6,35241177793,48378302
35.2921,11,35243727799,48369302
35.2946,10,35246250805,48369302
35.2972,5,35248782811,48369302
35.2997,14,35208140527,91534592
35.3022,13,35253772817,48425308
35.3103,2,35261634835,48651508
35.3128,8,35264375047,48434302
35.3153,4,35220950751,94381604
35.3179,15,35271888059,45994302
35.3204,9,35274411065,45994302
35.3229,12,35228528769,94399604
35.3255,3,35279446071,46050308
35.3305,7,35284510083,45994302
35.333,1,35287033089,45994302
35.3356,6,35289556095,45994302
35.3381,11,35292097101,45994302
35.3406,10,35294620107,45994302
35.3431,5,35297152113,45994302
35.3457,14,35299675119,45994302
35.3482,13,35302198125,45994302
35.351,2,35310286343,40718296
35.3535,8,35312809349,40718296
35.3561,4,35315332355,40718296
35.3586,15,35317882361,40709296
35.3611,9,35320405367,40709296
35.364,12,35322928373,41022296
35.3665,3,35325496379,41022296
35.3715,7,35330504385,41022296
35.374,1,35333027391,41022296
35.3766,6,35335550397,41022296
35.3791,11,35338091403,41022296
35.3816,10,35340614409,41022296
35.3842,5,35343146415,41022296
35.3867,14,35345669421,41022296
35.3892,13,35348192427,41022296
35.3943,2,35351004639,43292096
35.3968,8,35353527645,43292096
35.3993,4,35356050651,43292096
35.4021,15,35358591657,43509302
35.4046,9,35361114663,43509302
35.4075,12,35363950669,43509302
35.4125,3,35366518675,46023308
35.4151,0,35281987077,133095912
35.4176,7,35371526681,46079314
35.4201,1,35374049687,46079314
35.4251,11,35379113699,46023308
35.4277,10,35381636705,46023308
35.4327,5,35384168711,48537314
35.4352,14,35386691717,48537314
35.4403,2,35394296735,45967302
35.4428,8,35396819741,45967302
35.4453,4,35399342747,45967302
35.4504,15,35402100959,48273102
35.4554,12,35407459971,47904096
35.4582,3,35412541983,45625296
35.4632,0,35415082989,48139302
35.4657,7,35417605995,48139302
35.4686,1,35420129001,48452302
35.4711,6,35376572693,94531616
35.4736,11,35425137007,48508308
35.4762,10,35427660013,48508308
35.4812,14,35435229031,45947296
35.4837,13,35389214723,94484610
35.4863,2,35440264037,45994302
35.4888,8,35442787043,45994302
35.4913,4,35445310049,45994302
35.4964,15,35450374061,45994302
35.4989,9,35404623965,94267404
35.5064,3,35458167279,48235096
35.5095,0,35463222291,46260296
35.5145,1,35468581303,45891290
35.517,6,35471104309,45891290
35.5195,11,35473645315,45891290
35.5221,10,35476168321,45891290
35.5246,5,35432706025,91885592
35.5271,14,35481176327,45938296
35.5296,13,35483699333,45938296
35.5322,2,35486258339,45938296
35.5347,8,35488781345,45938296
35.5397,15,35496368363,43368284
35.5423,9,35498891369,43368284
35.5448,12,35455364067,89418592
35.5474,3,35506402375,40966290
35.5499,0,35509482587,40436084
35.5549,1,35514472593,40436084
35.5574,6,35516995599,40436084
35.5602,11,35519536605,40653290
35.5627,10,35522059611,40653290
35.5652,5,35524591617,40653290
35.5678,14,35527114623,40653290
35.5706,13,35529637629,40966290
35.5732,2,35532196635,40966290
35.5757,8,35534719641,40966290
35.5782,4,35491304351,86904586
35.5807,15,35539736647,41004296
35.5833,9,35542259653,41004296
35.5858,12,35544782659,41004296
35.5884,3,35547368665,40995296
35.5934,7,35465745297,127617670
35.5959,1,35554908677,40977296
35.5984,6,35557431683,40977296
35.6012,11,35560189895,40995296
35.6037,10,35562712901,40995296
35.6062,5,35565244907,40995296
35.6088,14,35567767913,40995296
35.6116,13,35570603919,40995296
35.6142,2,35573162925,40995296
35.6167,8,35575685931,40995296
35.6192,4,35578208937,40995296
35.6217,15,35580740943,40995296
35.6243,9,35583263949,40995296
35.6268,12,35585786955,40995296
35.6294,3,35588363961,40995296
35.6319,0,35549918671,81972592
35.6344,7,35593362967,41051302
35.6369,1,35595885973,41051302
35.6395,6,35598408979,41051302
35.642,11,35601185191,40834096
35.6445,10,35603708197,40834096
35.6471,5,35606240203,40834096
35.6496,14,35608763209,40834096
35.6523,13,35611599215,40738302
35.6549,2,35614158221,40738302
35.6574,8,35616681227,40738302
35.6599,4,35619204233,40738302
35.6625,15,35621736239,40738302
35.665,9,35624259245,40738302
35.6675,12,35626782251,40738302
35.6754,3,35629359257,46079314
35.678,0,35631891263,46079314
35.6805,7,35634414269,46079314
35.683,1,35636937275,46079314
35.6855,6,35639460281,46079314
35.6881,11,35642019287,46061314
35.6906,10,35644542293,46061314
35.6931,5,35647074299,46061314
35.6981,13,35652337517,45788102
35.7009,2,35654896523,46005308
35.7034,8,35657419529,46005308
35.7059,4,35659942535,46005308
35.7085,15,35662474541,46005308
35.711,9,35664997547,46005308
35.7138,12,35667520553,46318308
35.719,3,35675438571,43518302
35.724,0,35677970577,46032308
35.7265,7,35680493583,46032308
35.729,1,35683016589,46032308
35.7316,6,35685539595,46032308
35.7366,10,35690603607,45976302
35.7391,5,35693135613,45976302
35.7416,14,35649597305,92037616
35.7442,13,35698125619,46032308
35.7467,2,35700901831,45833102
35.7493,8,35703424837,45833102
35.7543,15,35708479849,45777096
35.7568,9,35711002855,45777096
35.7595,12,35713838861,45681302
35.7646,3,35718956873,45663302
35.7672,0,35724002885,43167296
35.7697,7,35726525891,43167296
35.7722,1,35729048897,43167296
35.7775,11,35688080601,89456598
35.7801,10,35736579909,43480296
35.7826,5,35739111915,43480296
35.7851,14,35741634921,43480296
35.7876,13,35744157927,43480296
35.7952,2,35746734933,48490308
35.7977,8,35749257939,48490308
35.8027,15,35754256945,48490308
35.8077,12,35759520163,48217096
35.813,0,35767170181,45855290
35.8159,7,35769693187,46168290
35.8184,1,35772216193,46168290
35.8209,6,35731571903,89335586
35.8234,11,35777537199,45911296
35.826,10,35780060205,45911296
35.8285,5,35782592211,45911296
35.831,14,35785115217,45911296
35.8335,13,35787638223,45911296
35.8361,2,35795225241,40910284
35.8387,8,35797748247,40910284
35.8412,4,35705947843,135233694
35.8437,15,35802747253,40966290
35.8462,9,35756779951,89456598
35.854,3,35764620175,89400592
35.8566,0,35813025471,43536302
35.8591,7,35815861477,43223302
35.8616,1,35818384483,43223302
35.8641,6,35820907489,43223302
35.8692,11,35823448495,45737308
35.8717,10,35825971501,45737308
35.8742,5,35828503507,45737308
35.8795,13,35833549519,45994302
35.8821,2,35836135525,45967302
35.8871,4,35841181537,45911296
35.8896,15,35843713543,45911296
35.8921,9,35846236549,45911296
35.8947,12,35807737259,86933592
35.8973,3,35854020767,43245090
35.8998,0,35856561773,43245090
35.9025,7,35859084779,43462296
35.9051,1,35861607785,43462296
35.9076,6,35864130791,43462296
35.9102,11,35869185803,40966290
35.9127,10,35871708809,40966290
35.9152,5,35874240815,40966290
35.918,14,35831026513,87016598
35.9206,13,35879543821,41022296
35.9231,2,35882102827,41022296
35.9256,8,35838658531,86989598
35.9282,4,35887092833,41078302
35.9307,15,35889624839,41078302
35.9332,9,35892147845,41078302
35.9357,12,35894670851,41078302
35.9383,3,35897265857,41051302
35.9409,0,35899806863,41051302
35.9434,7,35902547075,40834096
35.9459,1,35905070081,40834096
35.9484,6,35907593087,40834096
35.9512,11,35910152093,41033302
35.9537,10,35912675099,41033302
35.9588,5,35915207105,43547308
35.9613,14,35918043111,43234308
35.9638,13,35920566117,43234308
35.9689,2,35923125123,45748314
35.9739,4,35928171135,45692308
35.9764,15,35930703141,45692308
35.9792,9,35933226147,46005308
35.9818,12,35935749153,46005308
35.9843,3,35938317159,46005308
35.9893,7,35943381171,45949302
35.9919,1,35945904177,45949302
35.9944,6,35948427183,45949302
35.9969,11,35951185395,45750096
35.9995,10,35953708401,45750096
36.0022,5,35958754413,43462296
36.0047,14,35961277419,43462296
36.0073,13,35963800425,43462296
36.0098,2,35968873437,40966290
36.0124,8,35925648129,86714604
36.0149,4,35973863443,41022296
36.0174,15,35976395449,41022296
36.0203,9,35979231455,41022296
36.0228,12,35981754461,41022296
36.0279,3,35984322467,43536302
36.0304,0,35940858165,89541610
36.0329,7,35989330473,43592308
36.0354,1,35991853479,43592308
36.038,6,35994376485,43592308
36.043,11,35996935491,46088314
36.0455,10,35999458497,46088314
36.0531,14,36004739715,48329108
36.0556,13,36007262721,48329108
36.0634,2,36009839727,53565326
36.0659,8,36012362733,53565326
36.0759,9,36020253751,55654320
36.0784,12,36022776757,55654320
36.0838,3,36027858769,55976320
36.0914,7,36032922781,58434320
36.0939,1,36035445787,58434320
36.0964,6,36037968793,58434320
36.099,11,36043023805,55938314
36.1067,14,36053068823,53585508
36.1092,13,36055591829,53585508
36.1143,2,36063405053,50890296
36.1168,8,36065928059,50890296
36.1193,4,36014885739,104455622
36.1272,15,36017417745,109814634
36.1298,9,36075908071,53847314
36.1323,12,36078431077,53847314
36.1399,0,36030399775,109463628
36.1424,7,36091357101,51029308
36.1449,1,36093880107,51029308
36.1474,6,36096403113,51029308
36.1527,11,36098962119,53751520
36.1552,10,36045546811,109689834
36.1603,5,36002216709,158074948
36.1628,14,36106654331,56160332
36.1653,13,36109177337,56160332
36.1679,2,36114295349,53619326
36.1704,8,36116818355,53619326
36.173,4,36119341361,53619326
36.178,15,36127232379,50745314
36.1805,9,36129755385,50745314
36.1833,12,36132278391,51058314
36.1859,3,36083835089,102069622
36.1885,0,36139863403,48591314
36.1934,1,36144909415,48535308
36.2009,10,36155236645,45701084
36.2037,5,36160291657,43404284
36.2062,14,36162814663,43404284
36.2087,13,36165337669,43404284
36.2113,2,36167914675,43395284
36.2138,8,36170437681,43395284
36.2164,4,36172960687,43395284
36.2189,15,36177977693,40919284
36.2214,9,36180500699,40919284
36.2239,12,36183336705,40606284
36.2268,3,36185904711,40919284
36.2294,0,36188454717,40910284
36.2319,7,36142386409,89501598
36.2344,1,36193444723,40966290
36.2369,6,36147432421,89501598
36.2395,11,36152713639,86761386
36.242,10,36200937729,41060302
36.2445,5,36203695941,40834096
36.2471,14,36206218947,40834096
36.2496,13,36208741953,40834096
36.2548,2,36211309959,43509302
36.2573,8,36213832965,43509302
36.2599,4,36216355971,43509302
36.2624,15,36218896977,43491302
36.2649,9,36221419983,43491302
36.2674,12,36223942989,43491302
36.27,3,36226823995,43178302
36.2725,0,36229365001,43178302
36.2751,7,36231888007,43178302
36.2776,1,36234411013,43178302
36.2801,6,36236934019,43178302
36.2827,11,36239475025,43178302
36.2855,10,36241998031,43491302
36.288,5,36244530037,43491302
36.2905,14,36247053043,43491302
36.2931,13,36249576049,43491302
36.2957,2,36254819261,40843096
36.2982,8,36257342267,40843096
36.3007,4,36259865273,40843096
36.3034,15,36262388279,41060302
36.306,9,36264911285,41060302
36.3085,12,36267434291,41060302
36.3111,3,36270002297,41060302
36.3136,0,36272543303,41060302
36.3161,7,36275066309,41060302
36.3186,1,36277589315,41060302
36.3212,6,36280112321,41060302
36.3237,11,36282653327,41060302
36.3262,10,36285489333,40747302
36.3316,5,36288021339,43574308
36.3341,14,36290544345,43574308
36.3366,13,36293067351,43574308
36.3392,2,36295662357,43547308
36.3417,8,36298185363,43547308
36.3467,15,36303448581,43274096
36.3519,12,36308494593,43435296
36.357,3,36311062599,45949302
36.3596,0,36313603605,45949302
36.3621,7,36316126611,45949302
36.3646,1,36318649617,45949302
36.3746,11,36323713629,50921308
36.3772,10,36326236635,50921308
36.3797,5,36331595647,48112302
36.3822,14,36334118653,48112302
36.3848,13,36336641659,48112302
36.3901,8,36341732671,48369302
36.3926,4,36300708369,91916610
36.3951,15,36346722677,48425308
36.3977,9,36305971587,91699404
36.4002,12,36351929889,48264108
36.403,3,36357011901,45976308
36.408,0,36359552907,48490314
36.4106,7,36362075913,48490314
36.4131,1,36364598919,48490314
36.4156,6,36321172623,94439616
36.4206,11,36374634937,46003308
36.4232,10,36377157943,46003308
36.4257,5,36379707949,45994308
36.4282,14,36382230955,45994308
36.4311,13,36384753961,46307308
36.4336,2,36339209665,94419610
36.4362,8,36390101973,46050308
36.4387,4,36392624979,46050308
36.4412,15,36395147985,46050308
36.4437,9,36397670991,46050308
36.4462,12,36400193997,46050308
36.4488,3,36402988209,45833102
36.4516,0,36408043221,43545302
36.4541,7,36410566227,43545302
36.4566,1,36413089233,43545302
36.4641,10,36423161251,40966290
36.4667,5,36425702257,40966290
36.4692,14,36428225263,40966290
36.4717,13,36431061269,40653290
36.4743,2,36433629275,40653290
36.4768,8,36436152281,40653290
36.4793,4,36438675287,40653290
36.4819,15,36441198293,40653290
36.4844,9,36443721299,40653290
36.4869,12,36446244305,40653290
36.4895,3,36448821311,40635290
36.4948,0,36451588523,43245090
36.4974,7,36454111529,43245090
36.4999,1,36456634535,43245090
36.5024,6,36415612239,86790392
36.5052,11,36420638245,84531598
36.5077,10,36464127541,43565308
36.5127,5,36466668547,46079314
36.5153,14,36469191553,46079314
36.5178,13,36471714559,46079314
36.5254,2,36474282565,51107326
36.5279,8,36476805571,51107326
36.5304,4,36479328577,51107326
36.5333,15,36481851583,51420326
36.5433,3,36489456601,53824320
36.5458,0,36494833613,50997314
36.5533,6,36502402631,50885302
36.5608,10,36507692849,53126096
36.5661,14,36515270867,50782290
36.5711,2,36525389891,45725272
36.5736,8,36527912897,45725272
36.5762,4,36530435903,45725272
36.5787,15,36533271909,45412272
36.5812,9,36484374589,96832598
36.5837,12,36486897595,96832598
36.5863,3,36543280921,43026278
36.5888,0,36545830927,43008278
36.5914,7,36497356619,94005592
36.5942,1,36499879625,94318592
36.5967,6,36553287933,43433290
36.6045,11,36505169843,99364604
36.6071,10,36560818945,46238508
36.6096,5,36512747861,96841598
36.6121,14,36566053157,46059308
36.6146,13,36517793873,96841598
36.6222,8,36573638169,48546314
36.6247,4,36576161175,48546314
36.6272,15,36578684181,48546314
36.6298,9,36581207187,48546314
36.6351,3,36586307199,48794314
36.6376,0,36588839205,48794314
36.6402,7,36591362211,48794314
36.6427,1,36594198217,48481314
36.6452,6,36596721223,48481314
36.6555,5,36609589459,45882296
36.658,14,36612112465,45882296
36.6605,13,36614635471,45882296
36.6631,2,36571115163,91979610
36.6656,8,36622184483,43433296
36.6681,4,36624707489,43433296
36.6707,15,36627230495,43433296
36.6732,9,36629753501,43433296
36.6757,12,36583730193,91979610
36.6858,3,36635101513,50718314
36.6884,0,36637633519,50718314
36.6909,7,36640156525,50718314
36.6962,6,36645202537,50975314
36.704,11,36604534447,99418622
36.7065,10,36607057453,99418622
36.709,5,36655471755,53536326
36.7115,14,36657994761,53536326
36.7141,13,36660517767,53536326
36.7166,2,36663094773,53518326
36.7216,4,36668140785,53462320
36.7241,15,36670663791,53462320
36.7266,9,36673186797,53462320
36.7292,12,36675709803,53462320
36.7371,3,36685819827,51306314
36.7397,0,36688351833,51306314
36.7422,7,36690874839,51306314
36.7447,1,36642679531,102024628
36.7472,6,36696177851,51049314
36.7547,10,36706476075,48271096
36.7575,5,36709008081,48488302
36.76,14,36711531087,48488302
36.7625,13,36714054093,48488302
36.7676,2,36716613099,51002308
36.7701,8,36665617779,104520634
36.7727,4,36721603105,51058314
36.7777,9,36726649117,51002308
36.7802,12,36729172123,51002308
36.7903,0,36739658147,50624302
36.7928,7,36742181153,50624302
36.7953,1,36744704159,50624302
36.7982,6,36747227165,50937302
36.8035,11,36703953069,99510616
36.806,10,36754747171,51239520
36.8085,5,36757496383,51022314
36.811,14,36760019389,51022314
36.8136,13,36762542395,51022314
36.8186,2,36767615407,50975308
36.8211,8,36770138413,50975308
36.8236,4,36772661419,50975308
36.8262,15,36724126111,102033622
36.8287,9,36777651425,51031314
36.8312,12,36780174431,51031314
36.8363,3,36737126141,99197616
36.8441,1,36795328461,48774308
36.8466,6,36798164467,48461308
36.8492,11,36803463685,45730096
36.8517,10,36805986691,45730096
36.857,5,36808518697,48461308
36.8595,14,36811041703,48461308
36.862,13,36813564709,48461308
36.8646,2,36818590715,46003308
36.8696,4,36823636727,45947302
36.8746,9,36828682739,45891296
36.8771,12,36831205745,45891296
36.8847,0,36790282449,94399604
36.8897,1,36844102769,45569290
36.8922,6,36846625775,45569290
36.8947,11,36849193781,45551290
36.8973,10,36851716787,45551290
36.9003,5,36856980005,43368284
36.9029,14,36859503011,43368284
36.9054,13,36862026017,43368284
36.913,2,36864594023,48378296
36.9155,8,36821113721,94381604
36.918,4,36869584029,48434302
36.9205,15,36826159733,94381604
36.9231,9,36874574035,48490308
36.9256,12,36877097041,48490308
36.9332,3,36836323757,96830604
36.9382,0,36884682053,53518320
36.9407,7,36792805455,147917924
36.9436,1,36889672059,53887326
36.9461,6,36892195065,53887326
36.9486,11,36894745071,53887326
36.9539,5,36900348289,53518320
36.9564,14,36902871295,53518320
36.9589,13,36905394301,53518320
36.9615,2,36912972319,48517308
36.9665,4,36918018331,48461302
36.969,15,36920541337,48461302
36.9715,9,36923064343,48461302
36.9841,3,36933154361,50993308
36.9892,0,36938200373,51002308
36.9917,7,36940723379,51002308
36.9942,1,36943559385,50689308
36.9968,6,36946082391,50689308
37.0046,10,36897268077,107347640
37.0099,5,36953866609,56030326
37.0124,14,36956389615,56030326
37.0174,2,36961489627,55947320
37.0274,9,36971525645,55835308
37.0375,3,36984147669,53339302
37.04,0,36989202681,50825296
37.0426,7,36991725687,50825296
37.0454,1,36994248693,51138296
37.0479,6,36996771699,51138296
37.0557,11,36948632397,107081822
37.0582,10,37004615717,53621508
37.0633,14,37012419941,50852290
37.0658,13,36958912621,106882616
37.0734,2,37017436947,55936308
37.0759,8,36915495325,160400936
37.0784,4,36966479633,111939634
37.0834,9,37027360953,56048320
37.0859,12,36925587349,160344930
37.0936,3,37037486971,56086326
37.0986,7,37042550983,56021320
37.1013,1,37045386989,55925526
37.1141,5,37009896935,104229598
37.1166,14,37063272231,53377308
37.1192,13,37065795237,53377308
37.1243,2,37073373255,50890302
37.1268,8,37075896261,50890302
37.1293,4,37078419267,50890302
37.1318,15,36969002639,162829936
37.1344,9,37083409273,50946308
37.1369,12,37085932279,50946308
37.1445,3,37093573297,50946308
37.1474,0,37040027977,107336634
37.1526,1,37101312515,51259308
37.1551,6,37047909995,107184834
37.1627,11,37055714219,106967628
37.1652,10,37058237225,106967628
37.1703,5,37114126533,56133332
37.1728,14,37116649539,56133332
37.1778,2,37124263557,53545320
37.1828,4,37129309569,53489314
37.1853,15,37131832575,53489314
37.1878,9,37134355581,53489314
37.1904,12,37136878587,53489314
37.203,0,37147364611,55634314
37.2055,7,37098572303,106949628
37.211,6,37155094829,55947314
37.2136,11,37162681847,50937302
37.2186,5,37170259865,48376290
37.2212,14,37172782871,48376290
37.2237,13,37119172545,104509622
37.2287,2,37177808877,50937302
37.2313,8,37126786563,104482622
37.2363,15,37185321889,50937302
37.2412,12,37190367901,50881296
37.2464,3,37144519605,101865604
37.2492,0,37202998925,46231290
37.2518,7,37205521931,46231290
37.2567,6,37211042143,45701084
37.2618,10,37165204853,96555380
37.267,5,37218636155,48396296
37.2696,14,37221159161,48396296
37.2721,13,37223682167,48396296
37.2746,2,37228746179,45891290
37.2772,8,37231269185,45891290
37.2797,4,37182798883,96884598
37.2822,15,37236259191,45947296
37.2847,9,37187844895,96884598
37.3075,7,37251753221,55770514
37.3104,1,37152571823,157787918
37.3129,6,37256743227,56139520
37.3229,5,37267032451,55884308
37.3254,14,37269555457,55884308
37.328,13,37272078463,55884308
37.333,2,37274637469,58380314
37.3355,8,37277160475,58380314
37.3405,15,37282206487,58324308
37.3431,9,37284729493,58324308
37.3456,12,37241249197,104327610
37.3609,0,37249230215,111706822
37.3659,1,37310359741,55567302
37.3735,11,37213619149,159838906
37.376,10,37261760233,114220828
37.3836,5,37322916759,60651320
37.3861,14,37325439765,60651320
37.3886,13,37327962771,60651320
37.3937,2,37333017783,60660320
37.3962,8,37335540789,60660320
37.3987,4,37279683481,119040634
37.4037,9,37343053801,60660320
37.4194,3,37246385209,173022148
37.4219,0,37360937037,61002326
37.4245,7,37307523735,116938634
37.427,1,37365927043,61058332
37.432,11,37373458055,58562326
37.4345,10,37375981061,58562326
37.4396,5,37383568079,56057320
37.4421,14,37386091085,56057320
37.4447,13,37388614091,56057320
37.4522,4,37398724115,53431302
37.4552,15,37340530795,114677834
37.4577,9,37403714121,54017514
37.4629,3,37419407357,43449284
37.4654,0,37421939363,43449284
37.4679,7,37424462369,43449284
37.4704,1,37426985375,43449284
37.473,6,37312882747,160074918
37.4755,11,37432020381,43487290
37.478,10,37434543387,43487290
37.483,5,37439625399,43422284
37.4856,14,37442148405,43422284
37.4881,13,37444671411,43422284
37.4906,2,37393678103,96947598
37.4931,8,37396201109,96947598
37.4981,15,37455208629,42930084
37.5007,9,37457731635,42930084
37.5034,12,37345576807,157825124
37.5085,3,37462856641,45654302
37.511,0,37465388647,45654302
37.5136,7,37467911653,45654302
37.5164,1,37470434659,45967302
37.5189,6,37472957665,45967302
37.524,11,37475507671,48481308
37.5265,10,37478030677,48481308
37.5291,5,37483047683,46023308
37.5341,13,37488093695,45967302
37.5366,2,37490625701,45967302
37.5391,8,37493148707,45967302
37.5416,4,37452155417,89483598
37.5442,15,37498138713,46023308
37.5492,12,37503401931,45750096
37.5544,3,37508510943,45920296
37.5573,0,37511042949,46233296
37.5598,7,37513565955,46233296
37.5623,1,37516401961,45920296
37.5648,6,37518924967,45920296
37.5674,11,37523988979,43424290
37.5699,10,37526511985,43424290
37.5725,5,37529070991,43406290
37.575,14,37485570689,89429598
37.5775,13,37534060997,43462296
37.5801,2,37536593003,43462296
37.5826,8,37539116009,43462296
37.5851,4,37541639015,43462296
37.5876,15,37544162021,43462296
37.5901,9,37500661719,89485604
37.5927,12,37549152027,43518302
37.5953,3,37554431239,40861096
37.5978,0,37557276245,40548096
37.6003,7,37559799251,40548096
37.6056,6,37564845263,40709296
37.6081,11,37567413269,40691296
37.6106,10,37569936275,40691296
37.6132,5,37572477281,40691296
37.6157,14,37575000287,40691296
37.6185,13,37577523293,41004296
37.6211,2,37580055299,41004296
37.6236,8,37582578305,41004296
37.6261,4,37585101311,41004296
37.6286,15,37587624317,41004296
37.6336,12,37592670329,40948290
37.6387,3,37595292335,43435296
37.6413,0,37597824341,43435296
37.6438,7,37600347347,43435296
37.6463,1,37562322257,83983392
37.6488,6,37605554559,43274096
37.6566,11,37608104565,48463308
37.6594,10,37610627571,48776308
37.6619,5,37613168577,48776308
37.6645,14,37615691583,48776308
37.667,13,37618527589,48463308
37.6695,2,37621059595,48463308
37.672,8,37623582601,48463308
37.677,15,37628628613,48407302
37.6796,9,37590147323,89411598
37.6821,12,37633618619,48463308
37.6847,3,37638727631,45967302
37.6872,0,37641259637,45967302
37.6897,7,37643782643,45967302
37.6923,1,37646305649,45967302
37.6948,6,37648828655,45967302
37.6974,11,37656567873,40805090
37.6999,10,37659403879,40492090
37.7027,5,37661944885,40709296
37.7052,14,37664467891,40709296
37.7102,2,37669522903,40653290
37.7127,8,37672045909,40653290
37.7152,4,37626105607,89116598
37.7177,15,37677035915,40709296
37.723,12,37682081927,40966290
37.7256,3,37684694933,40948290
37.7282,0,37687226939,40948290
37.7307,7,37689749945,40948290
37.7332,1,37692272951,40948290
37.7357,6,37694795957,40948290
37.7383,11,37697372963,40921290
37.7408,10,37699895969,40921290
37.7434,5,37702654181,40722084
37.7459,14,37705177187,40722084
37.7484,13,37666990897,81431380
37.7559,8,37712699199,43236090
37.7612,15,37717745211,43493090
37.7638,9,37679558921,84202386
37.7663,12,37723048217,43236096
37.7741,3,37725643223,48481314
37.7767,0,37728175229,48481314
37.7816,1,37733221241,48425308
37.7842,6,37735744247,48425308
37.7867,11,37738294253,48425308
37.7892,10,37740817259,48425308
37.7918,5,37743376265,48407308
37.7968,13,37748422277,48351302
37.7993,2,37710176193,89147392
37.8018,8,37755935289,45911302
37.8068,15,37761238301,45598296
37.8094,9,37763761307,45598296
37.8121,12,37766284313,45815502
37.825,7,37730698235,94316604
37.83,6,37784169555,45835290
37.8326,11,37786719561,45835290
37.8351,10,37789242567,45835290
37.8401,5,37791783573,48349296
37.8427,14,37745899271,96756604
37.8452,13,37796773579,48405302
37.8477,2,37799323585,48396302
37.8502,8,37801846591,48396302
37.853,4,37715222205,137760900
37.8555,15,37806836597,48669514
37.858,9,37809359603,48669514
37.8606,12,37812099815,48452308
37.8685,3,37774124537,94381604
37.871,0,37776656543,94381604
37.876,1,37781646549,94381604
37.8836,11,37832554851,51004314
37.8911,5,37840132869,50968308
37.8936,14,37842655875,50968308
37.8961,13,37845178881,50968308
37.8987,2,37847719887,50968308
37.9064,15,37855506111,50856296
37.9089,9,37858029117,50856296
37.9114,12,37860552123,50856296
37.914,3,37868506141,45515284
37.9166,0,37871038147,45515284
37.9191,7,37825014839,94061598
37.9216,1,37876028153,45571290
37.9244,6,37830004845,94430604
37.927,11,37883559165,43435290
37.9295,10,37835077857,94439604
37.9321,5,37891101177,40975290
37.9346,14,37893624183,40975290
37.9371,13,37896147189,40975290
37.9397,2,37898688195,40975290
37.9422,8,37850242893,91943598
37.9472,15,37906362407,40814090
37.9497,9,37908885413,40814090
37.955,3,37914021425,40948290
37.9575,0,37916553431,40948290
37.96,7,37919076437,40948290
37.9625,1,37921599443,40948290
37.9651,6,37924435449,40635290
37.9679,11,37926994455,40939290
37.9705,10,37929517461,40939290
37.973,5,37932076467,40921290
37.9755,14,37934599473,40921290
37.978,13,37937122479,40921290
37.9831,8,37942186491,40865284
37.9856,4,37852983105,132591676
37.9906,9,37949699503,40865284
37.9931,12,37911408419,81679374
37.9957,3,37954969715,40704084
37.9982,0,37957501721,40704084
38.0007,7,37960024727,40704084
38.0057,6,37965070739,40648078
38.0085,11,37967933745,40552284
38.011,10,37970456751,40552284
38.0136,5,37972997757,40552284
38.0161,14,37975520763,40552284
38.0186,13,37978043769,40552284
38.0211,2,37939663485,81473574
38.0237,8,37983051775,40608290
38.0265,4,37985574781,40921290
38.029,15,37947176497,81842580
38.0315,9,37990564787,40977296
38.0341,12,37993087793,40977296
38.0367,3,37995673799,40977296
38.0392,0,37998205805,40977296
38.0417,7,38000728811,40977296
38.0442,1,37962547733,81681380
38.0468,6,38005718817,41033302
38.0493,11,38008486029,40834096
38.0543,5,38013550041,40778090
38.0571,14,38016073047,40995296
38.0596,13,38018596053,40995296
38.0646,2,38021137059,43509302
38.0672,8,38023660065,43509302
38.0725,15,38029019077,43453296
38.075,9,38031542083,43453296
38.0775,12,38034065089,43453296
38.0801,3,38036651095,43453296
38.0876,7,38041706107,45911296
38.0901,1,38044229113,45911296
38.0927,6,38046752119,45911296
38.0952,11,38049320125,45893296
38.0977,10,38011009035,86727392
38.1005,5,38054328131,46166508
38.1055,13,38059591349,45893296
38.108,2,38064646361,43397290
38.1106,8,38067169367,43397290
38.1131,4,38026496071,86593592
38.1156,15,38072472373,43140296
38.1181,9,38074995379,43140296
38.1207,12,38077518385,43140296
38.1232,3,38080104391,43140296
38.1258,0,38039183101,86602592
38.1283,7,38087617403,40691296
38.1311,1,38090140409,41004296
38.1337,6,38092663415,41004296
38.1412,11,38095213421,46032308
38.1463,5,38100494639,45759096
38.1488,14,38057068343,91708398
38.1513,13,38105484645,45815102
38.1541,2,38108043651,46023308
38.1566,8,38110566657,46023308
38.1591,4,38113089663,46023308
38.1616,15,38115612669,46023308
38.1642,9,38118135675,46023308
38.1667,12,38120658681,46023308
38.1693,3,38123244687,46023308
38.1721,0,38125785693,46318308
38.1746,7,38128308699,46318308
38.1796,6,38133667711,45949302
38.1822,11,38141245729,40948290
38.1847,10,38097736427,86980598
38.1873,5,38146253735,41004296
38.1922,13,38151299747,40948290
38.1948,2,38154066959,40749084
38.1973,8,38156589965,40749084
38.1999,4,38159112971,40749084
38.2026,15,38161635977,40966290
38.2051,9,38164158983,40966290
38.2076,12,38166681989,40966290
38.2102,3,38169267995,40966290
38.2128,0,38172104001,40653290
38.2153,7,38174627007,40653290
38.2178,1,38131144705,86658598
38.2203,6,38179617013,40709296
38.2229,11,38182194019,40682296
38.2254,10,38184717025,40682296
38.2279,5,38187258031,40682296
38.2332,13,38192248037,40995302
38.2358,2,38194816043,40977302
38.2383,8,38197339049,40977302
38.2408,4,38199862055,40977302
38.2434,15,38202602267,40760096
38.2459,9,38205125273,40760096
38.2484,12,38207648279,40760096
38.2512,3,38210234285,40977302
38.2537,0,38212757291,40977302
38.2563,7,38215280297,40977302
38.2588,1,38217803303,40977302
38.2613,6,38220326309,40977302
38.2639,11,38222876315,40977302
38.2664,10,38225399321,40977302
38.2689,5,38227940327,40977302
38.2714,14,38148776741,122663894
38.2743,13,38233243339,41033302
38.2793,8,38238316351,40977296
38.2818,4,38240839357,40977296
38.2843,15,38243362363,40977296
38.2869,9,38245885369,40977296
38.2894,12,38248408375,40977296
38.292,3,38251211587,40760090
38.2945,0,38253734593,40760090
38.297,7,38256257599,40760090
38.2995,1,38258780605,40760090
38.3048,11,38263853617,40921290
38.3073,10,38266376623,40921290
38.3098,5,38268917629,40921290
38.3124,14,38271440635,40921290
38.3149,13,38274276641,40608290
38.3174,2,38235793345,81641592
38.32,8,38279293647,40664296
38.3225,4,38281816653,40664296
38.325,15,38284339659,40664296
38.3275,9,38286862665,40664296
38.33,12,38289385671,40664296
38.3326,3,38291971677,40664296
38.3355,0,38294494683,40977296
38.338,7,38297017689,40977296
38.343,6,38261303611,81681380
38.3455,11,38304774907,40760090
38.3481,10,38307297913,40760090
38.3508,5,38309838919,40977296
38.3533,14,38312361925,40977296
38.3559,13,38314884931,40977296
38.3584,2,38317434937,40977296
38.3609,8,38319957943,40977296
38.3635,4,38322480949,40977296
38.366,15,38325003955,40977296
38.3685,9,38327526961,40977296
38.371,12,38330049967,40977296
38.3736,3,38332635973,40977296
38.3764,0,38335471979,40977296
38.379,7,38337994985,40977296
38.3815,1,38299540695,81954592
38.384,6,38342984991,41033302
38.3866,11,38345534997,41033302
38.3891,10,38348058003,41033302
38.3917,5,38350816215,40834096
38.3942,14,38353339221,40834096
38.3967,13,38355862227,40834096
38.3992,2,38358412233,40834096
38.4018,8,38360935239,40834096
38.4045,4,38363458245,41051302
38.407,15,38365981251,41051302
38.4096,9,38368504257,41051302
38.4121,12,38371027263,41051302
38.4147,3,38373613269,41051302
38.4172,0,38376449275,40738302
38.4197,7,38378972281,40738302
38.4222,1,38381495287,40738302
38.4248,6,38384018293,40738302
38.4273,11,38386568299,40738302
38.4298,10,38389091305,40738302
38.4324,5,38391650311,40720302
38.4349,14,38394173317,40720302
38.4377,13,38396696323,41033302
38.4403,2,38399246329,41033302
38.4428,8,38401769335,41033302
38.4453,4,38404509547,40816096
38.4478,15,38407032553,40816096
38.4504,9,38409555559,40816096
38.4531,12,38412078565,41033302
38.4557,3,38414664571,41033302
38.4582,0,38417187577,41033302
38.4607,7,38419710583,41033302
38.4633,1,38422233589,41033302
38.4658,6,38424756595,41033302
38.4683,11,38427306601,41033302
38.4709,10,38429829607,41033302
38.4759,14,38434893619,40977296
38.4787,13,38437729625,40977296
38.4837,8,38442802637,40921290
38.4862,4,38445325643,40921290
38.4888,15,38447848649,40921290
38.4913,9,38450371655,40921290
38.4938,12,38453111867,40704084
38.4964,3,38455697873,40704084
38.4989,0,38458220879,40704084
38.5014,7,38460743885,40704084
38.5064,6,38465789897,40648078
38.5117,11,38468339903,43379290
38.5142,10,38470862909,43379290
38.5168,5,38432370613,84412592
38.5193,14,38475870915,43435296
38.5218,13,38478706921,43122296
38.5269,2,38440279631,86613598
38.5294,8,38483723927,45692308
38.5319,4,38486246933,45692308
38.5345,15,38488769939,45692308
38.537,9,38491292945,45692308
38.5398,12,38493815951,46005308
38.5449,3,38496401957,48519314
38.5474,0,38498924963,48519314
38.55,7,38501447969,48519314
38.555,6,38506437975,48519314
38.5578,11,38511719193,46032308
38.5628,5,38516783205,45976302
38.5653,14,38519306211,45976302
38.5678,13,38521829217,45976302
38.5704,2,38526893229,43480296
38.5729,8,38529416235,43480296
38.5754,4,38531939241,43480296
38.5779,15,38534462247,43480296
38.5808,9,38536985253,43793296
38.5833,12,38539821259,43480296
38.5884,3,38544921271,43489296
38.5909,0,38547444277,43489296
38.5935,7,38549967283,43489296
38.596,1,38463266891,132712694
38.5985,6,38554957289,43545302
38.6013,11,38557751501,43536302
38.6038,10,38514242199,89568610
38.6113,14,38565282513,46050308
38.6139,13,38567805519,46050308
38.6189,8,38572896531,45976302
38.6214,4,38575419537,45976302
38.6239,15,38577942543,45976302
38.6289,12,38583301555,45607296
38.6315,3,38588410567,43093290
38.634,0,38590933573,43093290
38.6365,7,38593456579,43093290
38.6391,1,38595979585,43093290
38.6419,6,38598502591,43406290
38.647,11,38601287803,45703090
38.6495,10,38603810809,45703090
38.6523,5,38562759507,89530604
38.6548,14,38611332821,43480296
38.6598,2,38570373525,89456598
38.6624,8,38618872833,43480296
38.6649,4,38621395839,43480296
38.6674,15,38623918845,43480296
38.6699,9,38580778549,89143598
38.6724,12,38628908851,43536302
38.6775,3,38631503857,46032308
38.6801,0,38634026863,46032308
38.6829,7,38636549869,46345308
38.6854,1,38639072875,46345308
38.6879,6,38641908881,46032308
38.6955,5,38652290111,43189084
38.698,14,38654813117,43189084
38.7082,8,38662353129,45864290
38.7107,4,38664876135,45864290
38.7133,15,38667399141,45864290
38.7158,9,38669922147,45864290
38.7183,12,38672445153,45864290
38.7234,3,38677536165,45882290
38.7259,0,38680059171,45882290
38.7285,7,38682895177,45569290
38.731,1,38685418183,45569290
38.7335,6,38687941189,45569290
38.7386,11,38646990893,91583598
38.7411,10,38649513899,91583598
38.744,5,38695479195,48481308
38.7465,14,38698002201,48481308
38.749,13,38613855827,135150688
38.7518,2,38659830123,91970604
38.7568,4,38710740425,46050308
38.7593,15,38713263431,46050308
38.7618,9,38715786437,46050308
38.7644,12,38718309443,46050308
38.7745,3,38723418455,51078320
38.777,0,38725941461,51078320
38.7795,7,38728464467,51078320
38.7821,1,38730987473,51078320
38.7849,6,38733510479,51391320
38.7924,10,38741097497,51344314
38.795,5,38743960503,51031314
38.7975,14,38746483509,51031314
38.8003,13,38749006515,51248520
38.8053,2,38751800727,53518320
38.8078,8,38708217419,99624634
38.8104,4,38756790733,53574326
38.8129,15,38759313739,53574326
38.8154,9,38761836745,53574326
38.8179,12,38764359751,53574326
38.8256,3,38774496775,51087320
38.8281,0,38777019781,51087320
38.8306,7,38779542787,51087320
38.8332,1,38782065793,51087320
38.8357,6,38784901799,50774320
38.8407,11,38738574491,102174640
38.8433,10,38792441811,50830326
38.8512,5,38794991817,56171338
38.8539,14,38797514823,56388544
38.8564,13,38800255035,56171338
38.859,2,38805319047,53675332
38.8615,8,38807842053,53675332
38.864,4,38810365059,53675332
38.8666,15,38812888065,53675332
38.8766,3,38825584095,51033314
38.8791,0,38828107101,51033314
38.8817,7,38830630107,51033314
38.8842,1,38833153113,51033314
38.8867,6,38835676119,51033314
38.8921,11,38840749131,51346314
38.8946,10,38843272137,51346314
38.8997,5,38851163155,48546308
38.9022,14,38853903367,48329102
38.905,13,38856426373,48546308
38.9075,2,38858994379,48537308
38.9101,8,38861517385,48537308
38.9126,4,38864040391,48537308
38.9151,15,38866563397,48537308
38.9176,9,38815411071,102212640
38.9201,12,38817934077,102212640
38.9252,3,38876617409,48629320
38.9278,0,38879140415,48629320
38.9303,7,38881663421,48629320
38.9328,1,38884186427,48629320
38.9378,11,38892095445,45746308
38.9404,10,38894618451,45746308
38.9454,5,38899709463,45737308
38.9483,14,38902232469,46050308
38.956,2,38907531687,48508308
38.961,4,38912577699,48452302
38.9636,15,38915100705,48452302
38.9661,9,38917623711,48452302
38.9686,12,38920146717,48452302
38.9712,3,38925246729,45938296
38.9762,7,38930292741,45882290
38.9787,1,38932815747,45882290
38.9812,6,38886709433,94511610
38.9838,11,38937841753,45920296
38.9863,10,38940364759,45920296
38.9889,5,38945446771,43406290
38.9917,14,38948282777,43406290
38.9942,13,38904972681,89239392
38.9968,2,38956039995,40758084
38.9993,8,38910054693,89266392
39.0068,9,38966076013,40702078
39.0093,12,38968599019,40702078
39.0121,3,38971185025,40910284
39.0146,0,38927769735,86848580
39.0171,7,38976175031,40966290
39.0221,6,38981221043,40910284
39.0346,14,38991689067,42925272
39.0371,13,38994212073,42925272
39.0397,2,38996798079,42898272
39.0422,8,38999321085,42898272
39.0447,4,38961030001,83712362
39.0473,15,38963553007,83712362
39.0498,9,39006778091,43010284
39.0526,12,39009301097,43323284
39.0579,3,39012095309,45837290
39.0605,0,39014618315,45837290
39.063,7,39017141321,45837290
39.068,6,39022131327,45837290
39.0705,11,38983762049,86765574
39.0731,10,38986285055,86765574
39.0756,5,38988853061,86747574
39.0781,14,39034614339,43509302
39.0806,13,39037137345,43509302
39.0832,2,39039696351,43509302
39.0857,8,39042219357,43509302
39.0883,4,39044742363,43509302
39.0908,15,39047265369,43509302
39.0936,9,39049788375,43822302
39.0961,12,39052624381,43509302
39.104,3,39057932599,46032308
39.1065,0,39060455605,46032308
39.109,7,39062978611,46032308
39.1115,1,38978698037,132835888
39.1191,11,39070527623,48537314
39.1241,5,39075600635,48481308
39.1266,14,39078123641,48481308
39.1291,13,39080646647,48481308
39.1342,2,39083205653,50995314
39.1367,8,39085728659,50995314
39.1392,4,39088251665,50995314
39.1418,15,39090774671,50995314
39.1443,9,39093610677,50682314
39.1468,12,39096133683,50682314
39.1522,3,39103964907,48195308
39.155,0,39106487913,48508308
39.1575,7,39109010919,48508308
39.1625,6,39067968617,94540616
39.1676,11,39119064937,48517308
39.1701,10,39073050629,97054622
39.1727,5,39124081943,48573314
39.1752,14,39126604949,48573314
39.1777,13,39129127955,48573314
39.1853,2,39134200967,51105320
39.1878,8,39136723973,51105320
39.1904,4,39139246979,51105320
39.1929,15,39141769985,51105320
39.1957,9,39144292991,51418320
39.1982,12,39146815997,51418320
39.201,3,39152160215,48886314
39.206,7,39157519227,48517308
39.2086,1,39111533925,97025616
39.2111,6,39162509233,48573314
39.2162,11,39167582245,48573314
39.2187,10,39170105251,48573314
39.2212,5,39172655257,48573314
39.2238,14,39175178263,48573314
39.2263,13,39177701269,48573314
39.2314,2,39185306287,46077308
39.2339,8,39187829293,46077308
39.2364,4,39190352299,46077308
39.239,15,39192875305,46077308
39.2415,9,39195711311,45764308
39.244,12,39198234317,45764308
39.2491,3,39201046529,48043108
39.2518,0,39154996221,96833628
39.2544,7,39206036535,48316320
39.2572,1,39208559541,48629320
39.2597,6,39211082547,48629320
39.2623,11,39216155559,46115314
39.2648,10,39218678565,46115314
39.2699,5,39221228571,48629320
39.2724,14,39223751577,48629320
39.2749,13,39226274583,48629320
39.285,2,39231383595,53648332
39.2876,8,39233906601,53648332
39.2901,4,39236429607,53648332
39.2926,15,39238952613,53648332
39.2979,12,39243998625,53905332
39.3007,3,39249089637,51608532
39.3032,0,39251829849,51391326
39.3057,7,39254352855,51391326
39.3083,1,39257188861,51078326
39.3108,6,39259711867,51078326
39.3133,11,39262270873,51060326
39.3159,10,39264793879,51060326
39.3184,5,39269857891,48564320
39.3234,13,39274903903,48508314
39.326,2,39285031927,40993296
39.3285,8,39287554933,40993296
39.3311,4,39290077939,40993296
39.3336,15,39292600945,40993296
39.3361,9,39241475619,94641628
39.3386,12,39297903957,40736296
39.3412,3,39300698169,40519090
39.3437,0,39303221175,40519090
39.3463,7,39305744181,40519090
39.3488,1,39308267187,40519090
39.3538,11,39313331199,40463084
39.3563,10,39315854205,40463084
39.3594,5,39318422211,40975290
39.3619,14,39272380897,89539610
39.367,2,39326025223,40939290
39.3695,8,39328548229,40939290
39.372,4,39331071235,40939290
39.3745,15,39333594241,40939290
39.3771,9,39336117247,40939290
39.3846,3,39341217259,43379290
39.3871,0,39343740265,43379290
39.3921,1,39348786277,43323284
39.3946,6,39310790193,83842374
39.3972,11,39353794283,43379290
39.4002,10,39356317289,43909496
39.4078,5,39359397501,48425302
39.4103,14,39361920507,48425302
39.4129,13,39323412217,89456598
39.4154,2,39366964513,48481308
39.4204,4,39372010525,48425302
39.423,15,39374533531,48425302
39.4255,9,39377056537,48425302
39.428,12,39338640253,89364592
39.4306,3,39384596549,45976302
39.4331,0,39387119555,45976302
39.4356,7,39346263271,89355592
39.4381,1,39392109561,46032308
39.4407,6,39394632567,46032308
39.4457,11,39397173573,48546314
39.4535,14,39410345809,43111290
39.4585,2,39415445821,43055284
39.4613,8,39369487519,91849592
39.4639,4,39420435827,43424290
39.4664,15,39422958833,43424290
39.4689,9,39425481839,43424290
39.4714,12,39428004845,43424290
39.474,3,39430572851,43406290
39.4765,0,39433095857,43406290
39.479,7,39435618863,43406290
39.4815,1,39438141869,43406290
39.4841,6,39440664875,43406290
39.4866,11,39445719887,40910284
39.4917,5,39407822803,83842374
39.4942,14,39453457099,40731084
39.4967,13,39412868815,83842374
39.4993,2,39458501105,40787090
39.5021,8,39461337111,40787090
39.5049,4,39463860117,41004296
39.5074,15,39466383123,41004296
39.5099,9,39468906129,41004296
39.5124,12,39471429135,41004296
39.515,3,39473979141,41004296
39.5175,0,39476502147,41004296
39.52,7,39479025153,41004296
39.5226,1,39481548159,41004296
39.5251,6,39484071165,41004296
39.5276,11,39486630171,40995296
39.5301,10,39400226785,129921688
39.5327,5,39491665177,41033302
39.5352,14,39494188183,41033302
39.5377,13,39496711189,41033302
39.5403,2,39499288195,41033302
39.5428,8,39502124201,40720302
39.5454,4,39504864413,40503096
39.5479,15,39507387419,40503096
39.5504,9,39509910425,40503096
39.5532,12,39512433431,40720302
39.5557,3,39514983437,40720302
39.5607,7,39520029449,40664296
39.5635,1,39522552455,40977296
39.5661,6,39525075461,40977296
39.5686,11,39527625467,40977296
39.5711,10,39530148473,40977296
39.5737,5,39532698479,40977296
39.5762,14,39535221485,40977296
39.5812,2,39540321497,40921290
39.5838,8,39542844503,40921290
39.5863,4,39545367509,40921290
39.5888,15,39547890515,40921290
39.5913,9,39550413521,40921290
39.5939,12,39553153733,40704084
39.5964,3,39555703739,40704084
39.5989,0,39517506443,81424386
39.6017,7,39560693745,40977296
39.6045,1,39563529751,40977296
39.607,6,39566052757,40977296
39.6121,11,39568602763,43491302
39.6146,10,39571125769,43491302
39.6172,5,39573675775,43491302
39.6197,14,39576198781,43491302
39.6222,13,39537744491,84468598
39.6248,2,39581242787,43547308
39.6298,4,39586288799,43491302
39.6323,15,39588811805,43491302
39.6348,9,39591334811,43491302
39.6373,12,39593857817,43491302
39.6399,3,39596407823,43491302
39.6424,0,39598930829,43491302
39.6449,7,39601671041,43274096
39.6475,1,39604507047,42961096
39.65,6,39607030053,42961096
39.6553,11,39612094065,43196302
39.6578,10,39614617071,43196302
39.6604,5,39617167077,43196302
39.6629,14,39619690083,43196302
39.6657,13,39622213089,43509302
39.6708,2,39624790095,45967302
39.6757,4,39629780101,45967302
39.6783,15,39632303107,45967302
39.6808,9,39634826113,45967302
39.6833,12,39637349119,45967302
39.6859,3,39639899125,45967302
39.6884,0,39642422131,45967302
39.6909,7,39644945137,45967302
39.6934,1,39647468143,45967302
39.696,6,39649991149,45967302
39.7088,5,39660363379,48465090
39.7191,2,39670757397,48322290
39.7216,8,39583765793,137836900
39.7241,4,39675747403,48378296
39.7266,15,39678270409,48378296
39.7292,9,39680793415,48378296
39.7317,12,39683316421,48378296
39.7342,3,39685866427,48378296
39.7392,7,39690912439,48322290
39.7418,1,39693435445,48322290
39.7443,6,39695958451,48322290
39.7468,11,39655290367,91558380
39.7494,10,39657813373,91558380
39.7547,5,39708828469,45842502
39.7572,14,39662886385,94307592
39.7647,8,39721602693,43111290
39.7675,4,39724125699,43424290
39.7701,15,39726648705,43424290
39.7726,9,39729171711,43424290
39.7776,3,39734244723,43368284
39.7801,0,39688389433,91746580
39.7827,7,39739234729,43424290
39.7852,1,39741757735,43424290
39.7877,6,39744280741,43424290
39.7903,11,39746848747,43406290
39.7928,10,39749371753,43406290
39.7953,5,39754670971,40675078
39.7979,14,39757193977,40675078
39.8109,8,39764713983,46224302
39.8159,15,39770072995,45855296
39.8185,9,39772596001,45855296
39.821,12,39731694717,89279586
39.8235,13,39665722391,157774918
39.8286,3,39777613007,50939314
39.8311,0,39780136013,50939314
39.8336,7,39782659019,50939314
39.8361,1,39785182025,50939314
39.8386,6,39787705031,50939314
39.8462,10,39792778043,53397314
39.8539,14,39797869055,56054520
39.8641,2,39719079687,144998912
39.8666,8,39810938285,55663320
39.8691,4,39767549989,101574622
39.8744,9,39818451297,55976320
39.877,12,39820974303,55976320
39.887,0,39831075327,55947314
39.8895,7,39833598333,55947314
39.8921,1,39836121339,55947314
39.8996,11,39790255037,109362628
39.9021,10,39846175357,55965314
39.9049,5,39795346049,109570834
39.9074,14,39853923575,53516314
39.9153,13,39823497309,91831592
39.9179,2,39864078599,53773308
39.9204,8,39866601605,53773308
39.9278,9,39874427617,53404302
39.9304,12,39876950623,53404302
39.9354,3,39828552321,106893616
39.938,0,39887022641,50946302
39.9405,7,39889545647,50946302
39.943,1,39892068653,50946302
39.9455,6,39838644345,106893616
39.9481,11,39899617665,48488302
39.9533,5,39904916883,48423296
39.9559,14,39907439889,48423296
39.9584,13,39915328901,43084290
39.961,2,39917851907,43138290
39.966,4,39869124611,96855592
39.9685,15,39815928291,152574918
39.9738,12,39930354925,43451296
39.9764,3,39935445937,40919290
39.9789,0,39937968943,40919290
39.9814,7,39940491949,40919290
39.9839,1,39943014955,40919290
39.9865,6,39945537961,40919290
39.9915,11,39948105967,43424296
39.9941,10,39902140671,91912598
39.9966,5,39953340179,43263096
39.9991,14,39955863185,43263096
40.0094,8,39920374913,88993586
40.0119,4,39965980203,45911302
40.0147,15,39968503209,46224302
40.0173,9,39927831919,89418598
40.0198,12,39973806221,45967302
40.0223,3,39976365227,45949302
40.0248,0,39978888233,45949302
40.0274,7,39981411239,45949302
40.0299,1,39983934245,45949302
40.0324,6,39986457251,45949302
40.04,11,39991530263,48481308
40.0425,10,39994053269,48481308
40.0476,5,39996603275,50995314
40.0501,14,39999126281,50995314
40.0654,8,40009368499,56032326
40.0679,4,40011891505,56032326
40.0704,15,40014727511,55719326
40.0757,12,40019773523,55976326
40.0783,3,40022314529,55976326
40.0833,7,40027360541,55920320
40.0858,1,40029883547,55920320
40.0883,6,40032406553,55920320
40.0909,11,40040011571,50910308
40.0934,10,40042534577,50910308
40.0985,14,40050121595,48349296
40.1012,13,39958413191,142797912
40.1113,8,40065400825,45918296
40.1191,9,40017250517,101838616
40.1266,0,40024837535,101726604
40.1291,7,40083280861,45806284
40.1341,6,40088326873,45750278
40.1366,11,40090921879,45723278
40.1392,10,40093444885,45723278
40.1417,5,40047598589,94119580
40.1442,14,40098470891,45770284
40.1468,13,40101211103,45553078
40.1521,8,40111319121,40780278
40.1546,4,40067923831,86698574
40.1596,9,40119089133,40523278
40.1621,12,40075749849,86385568
40.1647,3,40078290855,86385568
40.1672,0,40126564139,40635290
40.1697,7,40129087145,40635290
40.1747,6,40134077151,40635290
40.1776,11,40136645157,40948290
40.1801,10,40139168163,40948290
40.1827,5,40141718169,40948290
40.1852,14,40144241175,40948290
40.1877,13,40146764181,40948290
40.1953,4,40154622405,40648078
40.2003,9,40159612411,40648078
40.203,12,40162135417,40865284
40.2055,15,40070446837,135085870
40.2081,3,40164676423,43379290
40.2106,0,40167199429,43379290
40.2131,7,40169722435,43379290
40.2206,1,40085803867,134781864
40.2231,11,40177593447,45524290
40.2256,10,40180116453,45524290
40.2282,5,40182666459,45524290
40.2307,14,40185189465,45524290
40.2332,13,40187712471,45524290
40.2383,8,40152099399,86228374
40.2433,9,40200260489,43066290
40.2458,12,40203000701,42849084
40.2484,15,40205532707,42849084
40.2511,3,40208055713,43084290
40.2537,0,40210578719,43084290
40.2562,7,40213101725,43084290
40.2587,2,39960990197,297718824
40.2612,6,40174712441,86519586
40.2663,1,40220585731,45710308
40.2688,11,40223117737,45719308
40.2714,10,40225640743,45719308
40.2764,14,40230713755,45663302
40.2792,13,40233236761,45976302
40.2843,8,40238327773,45976302
40.2868,4,40195270483,91556598
40.2894,9,40243326779,46023308
40.2919,12,40245849785,46023308
40.2944,15,40248381791,46023308
40.3019,0,40253663009,48273102
40.3047,7,40256186015,48490308
40.3072,2,40258709021,48490308
40.3097,6,40261232027,48490308
40.3123,1,40266296039,45994302
40.3148,11,40268837045,45994302
40.3174,10,40271360051,45994302
40.3227,5,40228190749,94540616
40.3253,14,40276377057,48877314
40.3278,13,40279213063,48564314
40.3329,8,40284304075,48564314
40.3354,4,40286827081,48564314
40.3379,9,40289350087,48564314
40.3404,12,40291873093,48564314
40.3455,15,40294405099,51078320
40.3507,3,40251140003,99568628
40.3532,0,40301936111,51295526
40.3558,7,40304676323,51078320
40.3583,2,40307199329,51078320
40.3608,6,40309722335,51078320
40.3683,11,40314831347,53518320
40.3709,10,40317354353,53518320
40.3734,5,40322731365,50709314
40.376,14,40325254371,50709314
40.3785,13,40327777377,50709314
40.3864,8,40332868389,53536320
40.3889,4,40335391395,53536320
40.3915,9,40337914401,53536320
40.394,12,40340437407,53536320
40.3965,15,40345483419,51031314
40.4018,3,40350708631,51087320
40.4043,0,40353231637,51087320
40.4068,7,40355754643,51087320
40.4118,6,40360800655,51031314
40.4144,1,40312290341,102091634
40.4195,11,40368349667,51105320
40.422,10,40370872673,51105320
40.4248,5,40373440679,51400320
40.4274,14,40375963685,51400320
40.4324,8,40386404709,46021302
40.4349,4,40388927715,46021302
40.4375,9,40391450721,46021302
40.44,12,40393973727,46021302
40.4501,3,40401795951,48262096
40.4528,0,40404318957,48479302
40.4553,7,40406841963,48479302
40.4578,2,40358277649,99566622
40.4604,6,40411831969,48535308
40.4654,1,40414381975,51049314
40.468,11,40419454987,48535308
40.4705,10,40421977993,48535308
40.4755,14,40427364005,48166302
40.4781,13,40378486691,99566622
40.4806,8,40432426011,48195308
40.4831,4,40434949017,48195308
40.486,9,40437472023,48508308
40.4885,12,40439995029,48508308
40.491,15,40396514733,94511610
40.4961,0,40452798259,43263090
40.4986,7,40455321265,43263090
40.5088,1,40465431289,43377284
40.5114,11,40467990295,43368284
40.5139,10,40470513301,43368284
40.5189,5,40424840999,94104598
40.5215,14,40475530307,45938296
40.524,13,40478053313,45938296
40.5294,8,40480621319,48765302
40.5344,9,40485980331,48396296
40.5369,12,40488503337,48396296
40.5394,15,40491026343,48396296
40.5469,7,40498584355,48315290
40.5494,2,40457844271,91578380
40.5522,6,40460367277,91795586
40.5572,1,40508808573,48436302
40.5623,11,40511358579,50950308
40.5648,10,40513881585,50950308
40.5699,5,40518945597,50968308
40.5724,14,40521468603,50968308
40.575,13,40523991609,50968308
40.5801,8,40529386621,50664308
40.585,9,40534376627,50664308
40.5879,12,40536899633,50977308
40.5904,15,40539422639,50977308
40.5929,3,40450058047,142882906
40.5955,0,40496061349,99402610
40.598,7,40546899645,51087320
40.603,6,40552162863,50814108
40.6058,1,40557244875,48508308
40.6108,11,40562308887,48461302
40.6133,10,40564831893,48461302
40.6159,5,40569913905,45947296
40.6184,14,40572436911,45947296
40.6209,13,40574959917,45947296
40.6235,8,40580050929,43433290
40.6288,9,40585040935,43746296
40.6313,12,40587876941,43433296
40.6338,15,40590399947,43433296
40.6364,3,40592940953,43433296
40.6414,7,40597986965,43377290
40.6439,2,40549422651,94464610
40.6464,6,40602976971,43433296
40.649,4,40483144325,165815948
40.6515,1,40605753183,45730096
40.6543,11,40610770189,43489302
40.6568,10,40613293195,43489302
40.6593,5,40615861201,43480302
40.6619,14,40618384207,43480302
40.6644,13,40620907213,43480302
40.6669,8,40623484219,43462302
40.6695,9,40628787231,40691296
40.672,12,40631310237,40691296
40.6745,15,40633833243,40691296
40.6771,3,40636374249,40691296
40.6796,0,40595463959,84124592
40.687,6,40646410267,40635290
40.6924,4,40648960273,43462296
40.6949,1,40651483279,43462296
40.6975,11,40654259491,43245090
40.7002,10,40656782497,43462296
40.7053,5,40659341503,45976302
40.7078,14,40661864509,45976302
40.7104,13,40664387515,45976302
40.7129,8,40666946521,45976302
40.7154,9,40669478527,45967302
40.718,12,40672001533,45967302
40.7205,15,40674524539,45967302
40.7255,3,40677065545,48481308
40.7281,0,40679588551,48481308
40.7334,2,40643887261,89485604
40.7359,6,40687045557,48850314
40.741,4,40692422569,48546314
40.7435,1,40694945575,48546314
40.746,11,40697504581,48537314
40.7538,5,40705317805,48490308
40.7588,13,40710363817,48434302
40.7639,8,40712922823,50948308
40.7664,9,40715445829,50948308
40.7689,12,40717968835,50948308
40.7714,15,40720491841,50948308
40.7765,3,40725546853,50966308
40.779,0,40728069859,50966308
40.7816,7,40641364255,140194918
40.7841,2,40733372865,50709314
40.7866,6,40735895871,50709314
40.7892,4,40740968883,48195308
40.792,1,40743491889,48508308
40.7996,11,40746041895,53536320
40.8099,5,40753808113,56059326
40.8124,14,40707840811,104549634
40.8149,13,40758798119,56115332
40.8225,9,40766394137,56077326
40.825,12,40768917143,56077326
40.8275,15,40771440149,56077326
40.8301,3,40776513161,53563320
40.8329,0,40779036167,53876320
40.8354,7,40781559173,53876320
40.8404,6,40786605185,53820314
40.8454,1,40792000197,53433308
40.848,11,40799578215,48432296
40.8505,10,40700244793,150288724
40.8559,5,40809867439,45992296
40.8584,14,40812390445,45992296
40.8659,8,40763871131,102013616
40.8684,9,40822471463,45936290
40.8709,12,40824994469,45936290
40.8735,15,40827517475,45936290
40.8785,3,40830076481,48432296
40.881,0,40832912487,48119296
40.886,2,40784082179,101939610
40.891,4,40789164191,101865604
40.8939,1,40845433505,48432296
40.8989,11,40848010511,50919302
40.9067,5,40855859735,50836296
40.9092,14,40858382741,50836296
40.9117,13,40814913451,96828592
40.9193,8,40865884747,53462314
40.9219,9,40868407753,53462314
40.9244,12,40870930759,53462314
40.9269,15,40873453765,53462314
40.9295,3,40878508777,50966308
40.9345,7,40835435493,99029598
40.9373,2,40886021789,51279308
40.9398,6,40840425499,99398604
40.9448,1,40893865801,50966308
40.9474,11,40898929813,48461302
40.9499,10,40850533517,99380604
40.9527,5,40906696031,46021302
40.9552,14,40909219037,46021302
40.9578,13,40911742043,46021302
40.9628,9,40921870067,40946284
40.9653,12,40924393073,40946284
40.9679,15,40926916079,40946284
40.9704,3,40929475085,40937284
40.9729,0,40881031783,91903592
40.9755,7,40934465091,40993290
40.978,2,40937301097,40680290
40.9805,6,40939824103,40680290
40.983,4,40891029795,92015604
40.9856,1,40944832109,40736296
40.9881,11,40947391115,40718296
40.9906,10,40949914121,40718296
40.996,5,40952717333,43319096
41.001,13,40957763345,43263090
41.0038,8,40919347061,84455586
41.0063,9,40962816351,43509302
41.0088,12,40965339357,43509302
41.0163,3,40970412369,45911296
41.0188,0,40972935375,45911296
41.0214,7,40975458381,45911296
41.0239,2,40977981387,45911296
41.0264,6,40980504393,45911296
41.029,4,40983045399,45911296
41.0315,1,40985568405,45911296
41.034,11,40988109411,45911296
41.0365,10,40990632417,45911296
41.0394,5,40996036429,43397290
41.042,14,40955240339,86716386
41.0445,13,41001026435,43453296
41.047,8,41003802647,43236090
41.0496,9,41006325653,43236090
41.0521,12,41008848659,43236090
41.0573,3,41016323665,41004296
41.0599,0,41018846671,41004296
41.0624,7,41021369677,41004296
41.0649,2,41023892683,41004296
41.0674,6,41026415689,41004296
41.07,4,41028956695,41004296
41.0725,1,41031479701,41004296
41.075,11,41034020707,41004296
41.0775,10,41036543713,41004296
41.0826,14,41041956725,40626290
41.0851,13,41044479731,40626290
41.0902,8,41047038737,43140296
41.0927,9,41049561743,43140296
41.0952,12,41052084749,43140296
41.0977,15,40967862363,129885688
41.1033,0,41059850967,43453296
41.1058,7,41062373973,43453296
41.1084,2,41064896979,43453296
41.1109,6,41067419985,43453296
41.1134,4,41069960991,43453296
41.1159,1,41072483997,43453296
41.1185,11,41075025003,43453296
41.121,10,41077548009,43453296
41.1236,5,41039433719,84135592
41.1261,14,41082583015,43509302
41.1311,8,41090179033,40948290
41.1337,9,41092702039,40948290
41.1362,12,41095225045,40948290
41.1387,15,41097748051,40948290
41.1416,3,41057327961,84231386
41.1441,0,41103304263,40778090
41.1466,7,41105827269,40778090
41.1491,2,41108350275,40778090
41.1541,4,41113414287,40722084
41.1567,1,41115937293,40722084
41.1594,11,41118478299,40939290
41.1619,10,41121001305,40939290
41.1645,5,41123569311,40939290
41.167,14,41126092317,40939290
41.1696,13,41085106021,84448592
41.1721,8,41131127323,40977296
41.1746,9,41133650329,40977296
41.1772,12,41136173335,40977296
41.1797,15,41138696341,40977296
41.1847,0,41144082353,40608290
41.1872,7,41146605359,40608290
41.1897,2,41149128365,40608290
41.1923,6,41110873281,81386380
41.1948,4,41154136371,40664296
41.1973,1,41156659377,40664296
41.1999,11,41159417589,40465090
41.208,5,41164508601,43453296
41.2105,14,41167031607,43453296
41.213,13,41169554613,43453296
41.218,9,41174627625,43397290
41.2205,12,41177150631,43397290
41.2231,15,41179673637,43397290
41.2256,3,41141559347,84061586
41.2306,7,41187213649,43397290
41.2331,2,41189736655,43397290
41.2381,4,41194800667,43341284
41.2407,1,41197323673,43341284
41.2435,11,41199882679,43636284
41.246,10,41161940595,84101374
41.2486,5,41207961897,40675078
41.2536,13,41213007909,40619072
41.2564,8,41172104619,84289574
41.2589,9,41218024915,40892284
41.2614,12,41220547921,40892284
41.264,15,41223070927,40892284
41.2665,3,41225620933,40892284
41.269,0,41184690643,84345580
41.2716,7,41230610939,40948290
41.2741,2,41233133945,40948290
41.2766,6,41192259661,84345580
41.2791,4,41238141951,41004296
41.2817,1,41240664957,41004296
41.2842,11,41243518963,40691296
41.2867,10,41246041969,40691296
41.2893,5,41248636975,40664296
41.2918,14,41210484903,81339374
41.2943,13,41253626981,40720302
41.2969,8,41256394193,40503096
41.3047,15,41263963211,40704090
41.3074,3,41266513217,40921296
41.31,0,41269036223,40921296
41.3125,7,41271559229,40921296
41.315,2,41274082235,40921296
41.3175,6,41276605241,40921296
41.3201,4,41279146247,40921296
41.3226,1,41281669253,40921296
41.3251,11,41284210259,40921296
41.3277,10,41286733265,40921296
41.3327,14,41291824277,40865290
41.3352,13,41294347283,40865290
41.3378,8,41296897289,40865290
41.3403,9,41258917199,81368386
41.3428,12,41261440205,81368386
41.3456,15,41304667301,40977296
41.3482,3,41307434513,40778090
41.351,0,41309957519,40995296
41.3535,7,41312480525,40995296
41.356,2,41315003531,40995296
41.3585,6,41317526537,40995296
41.3611,4,41320067543,40995296
41.3636,1,41322590549,40995296
41.3661,11,41325131555,40995296
41.3686,10,41327654561,40995296
41.3737,5,41289301271,84430598
41.3763,14,41332689567,43565308
41.3788,13,41335212573,43565308
41.3838,9,41340285585,43509302
41.3863,12,41342808591,43509302
41.3888,15,41345644597,43196302
41.3914,3,41348212603,43178302
41.3939,0,41350952815,42961096
41.3964,7,41353475821,42961096
41.399,2,41355998827,42961096
41.4015,6,41358521833,42961096
41.4042,4,41361062839,43178302
41.4096,11,41366126851,43435296
41.4121,10,41368649857,43435296
41.4147,5,41373731869,40939290
41.4172,14,41376254875,40939290
41.4197,13,41378777881,40939290
41.4223,8,41337762579,84504598
41.4248,9,41383794887,40995296
41.4273,12,41386317893,40995296
41.4298,15,41388840899,40995296
41.4324,3,41391390905,40995296
41.4349,0,41393913911,40995296
41.4374,7,41396436917,40995296
41.44,2,41398959923,40995296
41.4425,6,41401482929,40995296
41.445,4,41404241141,40778090
41.4479,1,41363585845,84269392
41.4506,11,41409562147,41051302
41.4531,10,41412085153,41051302
41.4582,5,41414671159,43547308
41.4607,14,41417194165,43547308
41.4633,13,41419717171,43547308
41.4658,8,41422267177,43547308
41.4683,9,41424790183,43547308
41.4709,12,41427313189,43547308
41.4759,3,41432386201,43491302
41.4809,7,41437432213,43435296
41.4834,2,41439955219,43435296
41.4884,4,41445019231,43379290
41.4909,1,41447855237,43066290
41.4935,11,41450613449,42867084
41.496,10,41453136455,42867084
41.4986,5,41458218467,40362078
41.5011,14,41460741473,40362078
41.5063,8,41465814485,40523278
41.5092,9,41468337491,40836278
41.5117,12,41470860497,40836278
41.5142,15,41429836195,84383586
41.5168,3,41475877503,40892284
41.5193,0,41434909207,84383586
41.5218,7,41480867509,40948290
41.5243,2,41483390515,40948290
41.5269,6,41442478225,84383586
41.5294,4,41488398521,41004296
41.5344,11,41493480533,40939290
41.5369,10,41496003539,40939290
41.5395,5,41498580545,40921290
41.542,14,41501103551,40921290
41.5445,13,41463264479,81283368
41.5499,8,41506337763,43605096
41.5525,9,41509173769,43292096
41.5575,15,41514219781,43236090
41.5602,3,41516769787,43453296
41.5627,0,41519292793,43453296
41.5653,7,41521815799,43453296
41.5703,6,41526861811,43397290
41.5728,4,41529402817,43397290
41.5753,1,41490921527,84401586
41.5779,11,41534419823,43453296
41.5804,10,41536942829,43453296
41.583,5,41539501835,43453296
41.5855,14,41542024841,43453296
41.588,13,41544547847,43453296
41.5906,8,41549942859,40626290
41.5931,9,41552465865,40626290
41.5956,12,41511696775,83918386
41.5981,15,41557455871,40682296
41.6034,3,41560223083,43205302
41.606,0,41562746089,43205302
41.6113,2,41524338805,86915598
41.6138,6,41570259101,43518308
41.6163,4,41572800107,43518308
41.6213,11,41577873119,43462302
41.6239,10,41580396125,43462302
41.6264,5,41582955131,43462302
41.6289,14,41585478137,43462302
41.6315,13,41588001143,43462302
41.634,8,41590569149,43453302
41.6365,9,41593092155,43453302
41.6391,12,41595615161,43453302
41.6441,3,41603428385,40666084
41.6466,0,41605951391,40666084
41.6491,7,41565269095,83871386
41.6517,2,41611254403,40409084
41.6547,6,41613777409,40939290
41.6573,4,41616318415,40939290
41.6598,1,41575323113,84457598
41.6623,11,41621335421,40995296
41.6649,10,41623858427,40995296
41.6674,5,41626417433,40995296
41.6699,14,41628940439,40995296
41.6725,13,41631463445,40995296
41.675,8,41634022451,40995296
41.6775,9,41636545457,40995296
41.6801,12,41639068463,40995296
41.6826,15,41598138167,84448598
41.6851,3,41644094469,41033302
41.6877,0,41646617475,41033302
41.6902,7,41649140481,41033302
41.6927,2,41651663487,41033302
41.6952,6,41654716699,40503096
41.6978,4,41657257705,40503096
41.7003,1,41659780711,40503096
41.7031,11,41662330717,40720302
41.7056,10,41664853723,40720302
41.7081,5,41667412729,40720302
41.7107,14,41669935735,40720302
41.7135,13,41672458741,41033302
41.7161,8,41675017747,41033302
41.7186,9,41677540753,41033302
41.7211,12,41680063759,41033302
41.7236,15,41682586765,41033302
41.7262,3,41685127771,41033302
41.7287,0,41687650777,41033302
41.7312,7,41690173783,41033302
41.7337,2,41692696789,41033302
41.7363,6,41695219795,41033302
41.7388,4,41697760801,41033302
41.7413,1,41700283807,41033302
41.7439,11,41703051019,40816096
41.7464,10,41705574025,40816096
41.7489,5,41708133031,40816096
41.7539,13,41713492043,40447090
41.757,8,41716051049,40977296
41.7596,9,41718574055,40977296
41.7621,12,41721097061,40977296
41.7646,15,41723620067,40977296
41.7671,3,41726161073,40977296
41.7697,0,41728684079,40977296
41.7722,7,41731207085,40977296
41.7747,2,41733730091,40977296
41.7772,6,41736253097,40977296
41.7822,1,41741317109,40921290
41.7848,11,41743867115,40921290
41.7898,5,41748949127,40865284
41.7948,13,41753939133,40865284
41.7974,8,41757028345,40353078
41.7999,9,41759551351,40353078
41.8024,12,41762074357,40353078
41.8052,15,41764597363,40570284
41.8077,3,41767138369,40570284
41.8102,0,41769661375,40570284
41.8128,7,41772184381,40570284
41.8156,2,41774707387,40883284
41.8181,6,41777230393,40883284
41.8207,4,41738794103,81860580
41.8232,1,41782238399,40939290
41.8257,11,41784788405,40939290
41.8283,10,41746390121,81860580
41.8308,5,41789814411,40995296
41.8333,14,41710656037,122676676
41.8359,13,41794804417,41051302
41.8384,8,41797381423,41033302
41.8409,9,41799904429,41033302
41.8435,12,41802427435,41033302
41.846,15,41805167647,40816096
41.8485,3,41807708653,40816096
41.851,0,41810231659,40816096
41.8538,7,41812754665,41033302
41.8563,2,41815590671,40720302
41.8591,6,41818113677,41033302
41.8617,4,41820654683,41033302
41.8642,1,41823177689,41033302
41.8668,11,41825727695,41033302
41.8693,10,41828250701,41033302
41.8718,5,41830809707,41033302
41.8744,14,41833332713,41033302
41.8769,13,41835855719,41033302
41.8794,8,41838414725,41033302
41.882,9,41840937731,41033302
41.8845,12,41843460737,41033302
41.887,15,41845983743,41033302
41.8896,3,41848524749,41033302
41.8921,0,41851047755,41033302
41.8946,7,41853787967,40816096
41.8971,2,41856310973,40816096
41.8997,6,41859146979,40503096
41.9024,4,41861687985,40720302
41.9049,1,41864210991,40720302
41.9075,11,41866760997,40720302
41.91,10,41869284003,40720302
41.9126,5,41871843009,40720302
41.9151,14,41874366015,40720302
41.9179,13,41876889021,41033302
41.9205,8,41879448027,41033302
41.923,9,41881971033,41033302
41.9255,12,41884494039,41033302
41.9281,15,41887017045,41033302
41.9306,3,41889558051,41033302
41.9331,0,41892081057,41033302
41.9356,7,41894604063,41033302
41.9382,2,41897127069,41033302
41.9407,6,41899650075,41033302
41.9432,4,41902408287,40834096
41.9458,1,41904931293,40834096
41.9483,11,41907481299,40834096
41.9533,5,41912563311,40778090
41.9561,14,41915086317,40995296
41.9586,13,41917922323,40682296
41.9615,8,41920481329,40995296
41.964,9,41923004335,40995296
41.9665,12,41925527341,40995296
41.969,15,41928050347,40995296
41.9741,3,41930591353,43509302
41.9766,0,41933114359,43509302
41.9791,7,41935637365,43509302
41.9817,2,41938160371,43509302
41.9842,6,41940683377,43509302
41.9892,4,41943242383,46005308
41.9918,1,41945765389,46005308
41.9943,11,41948315395,46005308
41.9968,10,41910004305,86839404
41.9994,5,41953341401,46061314
42.0021,14,41956081613,46061314
42.0072,8,41961476625,45692308
42.0097,9,41963999631,45692308
42.0122,12,41966522637,45692308
42.0147,15,41969045643,45692308
42.0173,3,41974100655,43196302
42.0201,0,41976623661,43509302
42.0227,7,41979146667,43509302
42.0252,2,41981669673,43509302
42.0277,6,41984192679,43509302
42.0328,4,41989247691,43518302
42.0353,1,41991770697,43518302
42.0378,11,41994320703,43518302
42.0404,10,41996843709,43518302
42.0454,14,42002142927,43245090
42.0479,13,41958604619,89306404
42.0532,8,42007168933,46032308
42.0557,9,42009691939,46032308
42.0582,12,42012214945,46032308
42.0608,15,42014737951,46032308
42.0636,3,42017296957,46336308
42.0662,0,42020132963,46023308
42.0687,7,42022655969,46023308
42.0712,2,42025178975,46023308
42.0737,6,42027701981,46023308
42.0813,4,42032765993,48537314
42.0838,1,42035288999,48537314
42.0889,11,42037839005,51051320
42.0989,5,41999402715,99541628
42.1039,13,42047911023,56023326
42.1093,8,42053201241,56050326
42.1118,9,42055724247,56050326
42.1168,15,42060770259,55994320
42.1193,3,42063633265,55681320
42.1246,7,42068679277,55938320
42.1271,2,42071202283,55938320
42.1297,6,42073725289,55938320
42.1347,4,42081303307,53433314
42.1373,1,42083826313,53433314
42.1449,11,42088890325,55965320
42.1601,8,42109251567,50834296
42.1626,9,42111774573,50834296
42.1654,12,42058247253,107197622
42.168,15,42116764579,51203302
42.173,0,42066156271,106828616
42.1755,7,42124617597,50890296
42.178,2,42127140603,50890296
42.1806,6,42129663609,50890296
42.1831,4,42134736621,48367290
42.1856,1,42137259627,48367290
42.1932,11,42144855645,48320284
42.1957,10,42040362011,155336924
42.201,5,42098944343,102044810
42.2035,14,42045388017,158124142
42.206,13,42103934349,102100816
42.2111,8,42160085863,51031314
42.2136,9,42162608869,51031314
42.2162,12,42165444875,50718314
42.2187,15,42167967881,50718314
42.2212,3,42119314585,101921616
42.2238,0,42172984887,50774320
42.2291,2,42178030899,51031314
42.2316,6,42180553905,51031314
42.2341,4,42183103911,51022314
42.2366,1,42185626917,51022314
42.2442,10,42195698935,48508308
42.252,5,42200989153,51049314
42.2546,14,42203512159,51049314
42.2571,13,42206035165,51049314
42.2646,9,42213640183,50993308
42.2699,15,42218686195,51250302
42.2725,3,42221236201,51250302
42.275,0,42223759207,51250302
42.2775,7,42175507893,102024622
42.2801,2,42229062213,50993308
42.2826,6,42231585219,50993308
42.2851,4,42234126225,50993308
42.2901,11,42193175929,96969610
42.2927,10,42244207243,48461302
42.3055,13,42257084479,48367290
42.313,8,42211117177,101930610
42.3156,9,42264633491,50937302
42.3181,12,42216163189,101930610
42.3206,15,42269936497,50680308
42.3257,3,42272486503,53194314
42.3285,0,42275009509,53507314
42.331,7,42277532515,53507314
42.3336,2,42280055521,53507314
42.3386,4,42285119533,53451308
42.3436,11,42290145539,53433308
42.3461,10,42292668545,53433308
42.3487,5,42252038467,96658392
42.3512,14,42254561473,96658392
42.354,13,42305451769,48508308
42.3591,8,42313047787,46003302
42.3665,15,42320616805,45891290
42.3719,3,42325680817,46222290
42.3744,0,42328516823,45909290
42.3769,7,42331039829,45909290
42.3795,2,42333562835,45909290
42.382,6,42282578527,99416604
42.3845,4,42338570841,45965296
42.3871,1,42236649231,150409912
42.3921,11,42343578847,48535308
42.3946,10,42346101853,48535308
42.3972,5,42348696859,48508308
42.3997,14,42351219865,48508308
42.4023,13,42353960077,48291102
42.4075,8,42359051089,48434302
42.41,9,42315570793,94437604
42.4125,12,42318093799,94437604
42.4151,15,42366508095,48546314
42.4201,3,42371903107,48233314
42.4227,0,42374426113,48233314
42.4252,7,42376949119,48233314
42.4277,2,42379472125,48233314
42.433,4,42384536137,48490308
42.4355,1,42387059143,48490308
42.4381,11,42392114155,45994302
42.4406,10,42394637161,45994302
42.4482,14,42399728173,48452302
42.4507,13,42402251179,48452302
42.4535,8,42407485391,46003302
42.456,9,42410008397,46003302
42.4585,12,42412531403,46003302
42.4611,15,42415054409,46003302
42.4636,3,42420136421,43489296
42.4686,7,42425182433,43433290
42.4715,2,42427705439,43746290
42.474,6,42381995131,91979604
42.4765,4,42433026445,43489296
42.479,1,42435549451,43489296
42.4816,11,42438108457,43480296
42.4866,5,42397205167,89427592
42.4892,14,42448180475,40975290
42.4917,13,42450703481,40975290
42.4942,8,42453488693,40731084
42.4967,9,42456011699,40731084
42.4993,12,42458534705,40731084
42.507,0,42422659427,84316574
42.5095,7,42468615723,40883284
42.512,2,42471451729,40570284
42.5145,6,42473974735,40570284
42.5196,1,42479038747,40514278
42.5221,11,42481588753,40514278
42.5246,10,42440631463,83994574
42.5297,5,42486632759,43066290
42.5325,14,42489155765,43379290
42.5351,13,42491678771,43379290
42.5376,8,42494219777,43379290
42.5401,9,42496742783,43379290
42.5426,12,42499265789,43379290
42.5502,3,42463625717,86559374
42.5529,0,42506976001,45949302
42.5579,2,42512022013,45893296
42.5604,6,42514545019,45893296
42.563,4,42476515741,86463580
42.5655,1,42519553025,45949302
42.5706,11,42522103031,48463308
42.5759,5,42529699049,46224302
42.5784,14,42532535055,45911302
42.581,13,42535058061,45911302
42.586,8,42537599067,48425308
42.5885,9,42540122073,48425308
42.5911,12,42542645079,48425308
42.5936,15,42461057711,132535682
42.5987,3,42550185091,48490314
42.6012,0,42552925303,48273108
42.6087,6,42560438315,48217102
42.6114,4,42562979321,48434308
42.6139,1,42565502327,48434308
42.619,11,42570566339,48452308
42.6215,10,42524626037,96915616
42.6241,5,42575923351,48177308
42.6266,14,42578446357,48177308
42.6291,13,42580969363,48177308
42.6345,8,42586024375,48508308
42.6371,9,42588547381,48508308
42.6396,12,42591070387,48508308
42.6421,15,42593593393,48508308
42.6447,3,42598675405,45994302
42.6497,7,42509499007,140160706
42.6522,2,42557915309,94267410
42.6572,4,42611413629,45777096
42.6624,11,42619018647,43424290
42.6675,5,42624100659,43368284
42.67,14,42626623665,43368284
42.675,8,42634532683,40485272
42.6779,9,42637055689,40798272
42.6804,12,42639578695,40798272
42.6829,15,42642101701,40798272
42.6854,3,42644669707,40780272
42.688,0,42601198411,86774574
42.6905,7,42649659713,40836278
42.693,2,42652182719,40836278
42.6955,6,42608655417,86886586
42.6981,4,42657190725,40892284
42.7006,1,42613936635,86669380
42.7034,11,42662442937,40939290
42.7059,10,42621541653,84363580
42.711,5,42667468943,43509302
42.716,13,42629146671,86821580
42.7185,8,42675017955,43491302
42.7235,12,42680376967,43122296
42.726,15,42682899973,43122296
42.7286,3,42685449979,43122296
42.7311,0,42687972985,43122296
42.7336,7,42690495991,43122296
42.7361,2,42693018997,43122296
42.739,6,42695542003,43435296
42.7415,4,42698083009,43435296
42.744,1,42700606015,43435296
42.7466,11,42703382227,43236090
42.7491,10,42705905233,43236090
42.7519,5,42710978245,40948290
42.7544,14,42669991949,84457592
42.757,13,42715968251,41004296
42.7595,8,42718509257,41004296
42.762,9,42677853961,84182598
42.7646,12,42723499263,41060302
42.7671,15,42726022269,41060302
42.7696,3,42728572275,41060302
42.7722,0,42731095281,41060302
42.7747,7,42733618287,41060302
42.7772,2,42736141293,41060302
42.78,6,42738977299,41060302
42.7826,4,42741518305,41060302
42.7851,1,42744041311,41060302
42.7901,10,42749141323,40995296
42.7952,14,42754449541,40722084
42.7977,13,42756972547,40722084
42.8005,8,42759513553,40939290
42.803,9,42762036559,40939290
42.8055,12,42764559565,40939290
42.808,15,42767082571,40939290
42.8106,3,42769632577,40939290
42.8131,0,42772155583,40939290
42.8156,7,42774678589,40939290
42.8181,2,42777201595,40939290
42.8207,6,42780037601,40626290
42.8232,4,42782578607,40626290
42.8257,1,42785101613,40626290
42.8283,11,42746618317,81677592
42.8308,10,42790136619,40682296
42.8334,5,42751926535,81442386
42.8359,14,42795171625,40720302
42.8384,13,42797694631,40720302
42.8413,8,42800452843,40816096
42.8438,9,42802975849,40816096
42.8463,12,42805498855,40816096
42.8488,15,42808021861,40816096
42.8516,3,42810571867,41033302
42.8541,0,42813094873,41033302
42.8567,7,42815617879,41033302
42.8592,2,42818140885,41033302
42.8617,6,42820663891,41033302
42.8642,4,42823204897,41033302
42.8668,1,42825727903,41033302
42.8693,11,42828295909,41033302
42.8719,10,42830818915,41033302
42.8744,5,42833368921,41033302
42.8769,14,42835891927,41033302
42.8794,13,42838414933,41033302
42.8823,8,42841268939,41033302
42.8873,12,42846314951,40977296
42.8898,15,42848837957,40977296
42.8924,3,42851605169,40778090
42.8949,0,42854128175,40778090
42.8974,7,42856651181,40778090
42.9,2,42859174187,40778090
42.9149,5,42874402223,40498060
42.9176,14,42876925229,40715266
42.9202,13,42879448235,40715266
42.9227,8,42882302241,40402266
42.9252,9,42843791945,81435568
42.9278,12,42887292247,40458272
42.9303,15,42889815253,40458272
42.9328,3,42892383259,40440272
42.9353,0,42894906265,40440272
42.9379,7,42897429271,40440272
42.9404,2,42899952277,40440272
42.9432,6,42861697193,81531362
42.9458,4,42864238199,81531362
42.9483,1,42866761205,81531362
42.9511,11,42869329211,81748568
42.9536,10,42871852217,81748568
42.9587,5,42914900283,43764514
42.9612,14,42917640495,43547308
42.9637,13,42920163501,43547308
42.9663,8,42922704507,43547308
42.9688,9,42925227513,43547308
42.9713,12,42927750519,43547308
42.9738,15,42930273525,43547308
42.9788,0,42935346537,43491302
42.9814,7,42937869543,43491302
42.9842,2,42940392549,43804302
42.9917,4,42945769561,45949302
42.9942,1,42948292567,45949302
43.0021,11,42951077779,50977314
43.0046,10,42953600785,50977314
43.0097,5,42958664797,50995314
43.0122,14,42961187803,50995314
43.0172,8,42966251815,50939308
43.0197,9,42968774821,50939308
43.0222,12,42971297827,50939308
43.0248,15,42973820833,50939308
43.0273,3,42932823531,94486616
43.0298,0,42978837839,50995314
43.0324,7,42981360845,50995314
43.0349,2,42984196851,50682314
43.0374,6,42943228555,94173616
43.04,4,42991718863,48233314
43.0425,1,42994241869,48233314
43.0479,11,43002055093,45842102
43.0554,5,43009660111,45730090
43.0581,14,43012183117,45947296
43.0607,13,42963710809,96942610
43.0632,8,43017191123,46003302
43.0657,9,43019714129,46003302
43.0682,12,43022237135,46003302
43.0708,15,43024760141,46003302
43.0758,3,43027310147,48517308
43.0784,0,43029833153,48517308
43.0809,7,43032356159,48517308
43.0834,2,43034879165,48517308
43.0862,6,43037402171,48830308
43.0888,4,43039952177,48821308
43.0913,1,43042475183,48821308
43.0964,11,43047897195,48490308
43.1016,5,43055390201,46249514
43.1042,14,43058130413,46032308
43.1092,8,43063194425,45976302
43.1117,9,43065717431,45976302
43.1142,12,43068240437,45976302
43.1167,15,43070763443,45976302
43.1218,3,43075827455,45994302
43.1243,0,43078350461,45994302
43.1269,7,43080873467,45994302
43.1294,2,43083396473,45994302
43.1319,6,43086232479,45681302
43.1369,1,43091296491,45625296
43.1395,11,43096387503,43111290
43.1445,10,43004578099,139946700
43.1474,5,43101639715,45721090
43.1499,14,43104162721,45721090
43.1524,13,43060653419,91753398
43.1552,8,43109170727,45994302
43.1577,9,43111693733,45994302
43.1602,12,43114216739,45994302
43.1627,15,43116739745,45994302
43.1653,3,43121821757,43480296
43.1678,0,43124344763,43480296
43.1703,7,43126867769,43480296
43.1729,2,43129390775,43480296
43.1754,6,43131913781,43480296
43.1779,4,43088773485,89161598
43.1805,1,43136921787,43536302
43.183,11,43139498793,43518302
43.1909,10,43144524799,46401314
43.1934,5,43147360805,46088314
43.196,14,43149883811,46088314
43.2012,8,43155165029,46032308
43.2037,9,43157688035,46032308
43.2087,15,43162734047,45976302
43.2113,3,43165302053,45967302
43.2163,7,43170348065,45911296
43.2188,2,43172871071,45911296
43.2213,6,43175394077,45911296
43.2238,4,43177935083,45911296
43.2264,1,43180458089,45911296
43.2289,11,43183017095,45911296
43.234,10,43190926113,43093290
43.2365,5,43193449119,43093290
43.2415,13,43152406817,89125598
43.2441,8,43201197337,42876084
43.2466,9,43203720343,42876084
43.2494,12,43160211041,89221392
43.2545,3,43211269355,43189084
43.2597,7,43216259361,43406290
43.2622,2,43218782367,43406290
43.2647,6,43221305373,43406290
43.2673,4,43223846379,43406290
43.2698,1,43226369385,43406290
43.2723,11,43228928391,43406290
43.2774,10,43234019403,43397290
43.2824,14,43195972125,86434574
43.2849,13,43241532415,43397290
43.2875,8,43244073421,43397290
43.29,9,43246596427,43397290
43.2928,12,43249432433,43397290
43.2954,15,43208710349,86642380
43.3004,3,43254458439,45967302
43.3079,2,43262188657,45696090
43.3156,4,43267252669,48315290
43.3181,1,43269775675,48315290
43.3206,0,43167825059,152788912
43.3232,11,43272334681,50829296
43.3282,10,43277416693,50829296
43.3308,5,43236542409,94226586
43.3333,14,43282406699,50885302
43.3358,13,43284929705,50885302
43.3384,8,43287470711,50885302
43.3409,9,43289993717,50885302
43.3434,12,43292829723,50572302
43.3459,15,43295352729,50572302
43.3565,7,43259665651,96861604
43.3591,2,43307884747,51165514
43.3616,6,43264711663,96861604
43.3666,1,43318090965,48508308
43.3717,11,43323163977,48517308
43.3742,10,43328245989,46003302
43.3768,5,43330768995,46003302
43.3793,14,43333292001,46003302
43.3843,8,43338356013,45947296
43.3868,9,43340879019,45947296
43.3893,12,43343402025,45947296
43.3919,15,43345925031,45947296
43.3972,2,43359050261,38188072
43.3998,6,43361573267,38188072
43.4025,0,43320613971,81887580
43.405,4,43315567959,89474598
43.4076,1,43366599273,40966290
43.4152,11,43371681285,43480296
43.4177,10,43374249291,43462296
43.4202,5,43376772297,43462296
43.4228,14,43379295303,43462296
43.4253,13,43335815007,89465598
43.4278,8,43384303309,43518302
43.4303,9,43386826315,43518302
43.4353,15,43391872327,43462296
43.4379,7,43356527255,81357374
43.4429,6,43399761339,43113296
43.4454,0,43402501551,42896090
43.4504,1,43407565563,42849084
43.4535,3,43300425741,153049262
43.4611,10,43417711587,43348428
43.4636,5,43420234593,43348428
43.4661,14,43422757599,43348428
43.4686,13,43425280605,43348428
43.4712,8,43427821611,43348428
43.4737,9,43430344617,43348428
43.4762,12,43389349321,86866730
43.4787,15,43435334623,43404434
43.4838,7,43437884629,45918440
43.4863,2,43397238333,89087742
43.4888,6,43442874635,45974446
43.4914,0,43445397641,45974446
43.4939,4,43405042557,88879536
43.4968,1,43450414647,46343452
43.4993,3,43453475003,45815102
43.5046,11,43415161581,89409742
43.5122,10,43461060015,51107326
43.5147,5,43463583021,51107326
43.5172,14,43466106027,51107326
43.5197,13,43468629033,51107326
43.5223,8,43471170039,51107326
43.5248,9,43473693045,51107326
43.5298,15,43478739057,51051320
43.5323,7,43483803069,48546314
43.5373,6,43488849081,48490308
43.5399,0,43491372087,48490308
43.5424,4,43493922093,48490308
43.5449,1,43496758099,48177308
43.5475,3,43499290105,48177308
43.5503,11,43504571323,45681302
43.5528,10,43512167341,40662290
43.5554,5,43514690347,40662290
43.5582,14,43517213353,40975290
43.5607,13,43519736359,40975290
43.5658,8,43522277365,43489296
43.5683,9,43524800371,43489296
43.5733,15,43529790377,43489296
43.5758,7,43532349383,43480296
43.5784,2,43486326075,92026610
43.5809,6,43537339389,43536302
43.5834,0,43539862395,43536302
43.5859,4,43542412401,43536302
43.5885,1,43544935407,43536302
43.591,3,43547467413,43536302
43.5936,11,43550252625,43319096
43.5989,10,43552829631,46119102
43.6015,5,43555352637,46119102
43.6042,14,43558188643,46023308
43.6067,13,43560711649,46023308
43.6118,8,43565766661,46032308
43.6143,9,43568289667,46032308
43.6193,15,43573279673,46032308
43.6219,7,43575829679,46032308
43.6244,2,43578352685,46032308
43.6294,0,43583398697,45976302
43.6319,12,43476216051,155681954
43.6344,4,43585948703,48490308
43.637,1,43588471709,48490308
43.6395,3,43591003715,48490308
43.6471,11,43593571721,53509320
43.6496,10,43598948733,50691314
43.6524,5,43601471739,50908520
43.6549,14,43604211951,50691314
43.6574,13,43606734957,50691314
43.6628,8,43611798969,51004314
43.6653,9,43614321975,51004314
43.6679,15,43619311981,48546314
43.6729,2,43624384993,48490308
43.6754,6,43580875691,94522616
43.6779,0,43629374999,48546314
43.6829,4,43634439011,48508308
43.6855,1,43636962017,48508308
43.6905,3,43639494023,51022314
43.6931,11,43647081041,46021302
43.6956,10,43649640047,46003302
43.7009,14,43654903265,46043096
43.7062,8,43662803283,43377290
43.7087,9,43665326289,43377290
43.7137,7,43621861987,91858598
43.7187,6,43675398307,43312284
43.7212,0,43677921313,43312284
43.7238,12,43631898005,91858598
43.7263,4,43682947319,43368290
43.7288,1,43685470325,43368290
43.7314,3,43690516337,40863284
43.7339,11,43693102343,40836284
43.739,10,43695643349,43350290
43.744,14,43700946361,43037284
43.7465,13,43657426271,89080380
43.7491,8,43706180573,42876084
43.7516,9,43708703579,42876084
43.7621,6,43718710591,43350290
43.7646,0,43721233597,43350290
43.7671,12,43723756603,43350290
43.7697,4,43726315609,43350290
43.7722,1,43728838615,43350290
43.7747,3,43731379621,43341290
43.7773,11,43733938627,43341290
43.7798,10,43738993639,40836284
43.7824,5,43652380259,129972670
43.7849,14,43743983645,40892290
43.7874,13,43746506651,40892290
43.7899,8,43749056657,40883290
43.7925,9,43751579663,40883290
43.795,15,43667858295,127127664
43.7975,7,43713720585,83815380
43.8001,2,43672875301,127183670
43.8031,6,43762060881,41051302
43.8056,0,43764583887,41051302
43.8082,12,43767106893,41051302
43.8107,4,43769665899,41051302
43.8132,1,43772188905,41051302
43.8158,3,43774720911,41051302
43.8208,11,43777279917,43565308
43.8234,10,43779829923,43547308
43.8259,5,43782352929,43547308
43.8284,14,43784875935,43547308
43.8309,13,43787398941,43547308
43.836,8,43789939947,46061314
43.8385,9,43792462953,46061314
43.841,15,43794985959,46061314
43.8436,7,43797535965,46061314
43.8461,2,43800058971,46061314
43.8486,6,43803112183,45531108
43.8514,0,43805635189,45748314
43.8539,12,43808158195,45748314
43.859,4,43810717201,48262320
43.8615,1,43813240207,48262320
43.8669,3,43815772213,51089326
43.8694,11,43820845225,48593320
43.872,10,43823377231,48593320
43.8745,5,43825900237,48593320
43.8795,13,43830946249,48537314
43.882,8,43836001261,46032308
43.8846,9,43838524267,46032308
43.8871,15,43841047273,46032308
43.8921,7,43843597279,48546314
43.8947,2,43846120285,48546314
43.8972,6,43848643291,48546314
43.8997,0,43851383503,48329108
43.9078,4,43858979521,48821314
43.9103,1,43861502527,48821314
43.9129,3,43866861539,46003308
43.9179,11,43869438545,48508314
43.9205,10,43871970551,48508314
43.923,5,43874493557,48508314
43.9255,14,43828423243,97101634
43.928,13,43879483563,48564320
43.9306,8,43882033569,48546320
43.9331,9,43884556575,48546320
43.9356,15,43887079581,48546320
43.9432,2,43894666599,48508314
43.9457,6,43897189605,48508314
43.9482,0,43899712611,48508314
43.9507,12,43853906509,96837422
43.9535,4,43907800835,45746308
43.9561,1,43910323841,45746308
43.9586,3,43912864847,45737308
43.9612,11,43917946859,43232302
43.9637,10,43920478865,43232302
43.9665,5,43923001871,43545302
43.9691,14,43925524877,43545302
43.9716,13,43928047883,43545302
43.9741,8,43930579889,43545302
43.9791,15,43935625901,43489296
43.9817,7,43892143593,89539610
43.9842,2,43943174913,41031296
43.9867,6,43945697919,41031296
43.9893,0,43948220925,41031296
43.9918,12,43950743931,41031296
43.9944,4,43953547143,40805090
43.9969,1,43956070149,40805090
43.9994,3,43958602155,40805090
44.0022,11,43961179161,41004296
44.0047,10,43963711167,41004296
44.0076,5,43966547173,41004296
44.0101,14,43969070179,41004296
44.0126,13,43971593185,41004296
44.0151,8,43974125191,41004296
44.0177,9,43933102895,84549598
44.0202,15,43979115197,41060302
44.0227,7,43981683203,41051302
44.0253,2,43984206209,41051302
44.0278,6,43986729215,41051302
44.0303,0,43989252221,41051302
44.0328,12,43991775227,41051302
44.0354,4,43994352233,41033302
44.0379,1,43996875239,41033302
44.0404,3,43999407245,41033302
44.043,11,44002183457,40834096
44.0455,10,44004715463,40834096
44.053,13,44012597481,40409084
44.0555,8,44015129487,40409084
44.0605,15,44020175499,40353078
44.0633,7,44022734505,40570284
44.0658,2,44025257511,40570284
44.0687,6,44027780517,40883284
44.0712,0,44030303523,40883284
44.0737,12,44032826529,40883284
44.0763,4,44035385535,40883284
44.0788,1,44037908541,40883284
44.0813,3,44040440547,40883284
44.0839,11,44043017553,40865284
44.0864,10,44045549559,40865284
44.0889,5,44007551469,81386380
44.0915,14,44010074475,81386380
44.094,13,44053006565,40977296
44.0965,8,44055538571,40977296
44.099,9,44017652493,81386380
44.1043,7,44063304789,40995296
44.1068,2,44065827795,40995296
44.1097,6,44068663801,40995296
44.1122,0,44071186807,40995296
44.1147,12,44073709813,40995296
44.1198,4,44076268819,43509302
44.1223,1,44078791825,43509302
44.1248,3,44081323831,43509302
44.1299,10,44086414843,43453296
44.1324,5,44088937849,43453296
44.1349,14,44091460855,43453296
44.1374,13,44093983861,43453296
44.14,8,44096515867,43453296
44.1425,9,44099038873,43453296
44.145,15,44060528577,84486598
44.1476,7,44104300085,43292096
44.1503,2,44106823091,43509302
44.1529,6,44109659097,43196302
44.1554,0,44112182103,43196302
44.1604,4,44119778121,40635290
44.1629,1,44122301127,40635290
44.1655,3,44124833133,40635290
44.1709,11,44083882837,86971598
44.1759,10,44129868139,46032308
44.1784,5,44132391145,46032308
44.1809,14,44134914151,46032308
44.1835,13,44137437157,46032308
44.186,8,44139969163,46032308
44.1885,9,44142492169,46032308
44.191,15,44145015175,46032308
44.1986,7,44147592181,51051320
44.2014,2,44150332393,51051320
44.2039,6,44152855399,51051320
44.2064,0,44155378405,51051320
44.209,12,44114705109,94247622
44.2168,3,44165468423,51290320
44.2193,11,44170854435,48481314
44.2219,10,44175900447,45976308
44.2244,5,44178423453,45976308
44.2269,14,44180946459,45976308
44.2294,13,44183469465,45976308
44.232,8,44186001471,45976308
44.2345,9,44188524477,45976308
44.237,15,44191047483,45976308
44.2472,7,44198643501,48517314
44.2548,0,44206429725,48405302
44.2599,4,44160413411,99438622
44.2624,1,44162936417,99438622
44.2649,3,44216758743,48148302
44.2675,11,44219335749,48139302
44.27,10,44221876755,48121302
44.2728,5,44224399761,48434302
44.2754,14,44226922767,48434302
44.2804,8,44231977779,48378296
44.2853,15,44237023791,48322290
44.2929,7,44247160815,45770278
44.2955,2,44201383713,94070386
44.298,6,44203906719,94070386
44.3005,0,44254835027,45665084
44.3057,4,44259852033,45882290
44.3083,1,44262375039,45882290
44.3108,3,44264907045,45882290
44.3162,11,44267475051,48709296
44.3187,10,44269998057,48709296
44.3212,5,44272834063,48396296
44.3238,14,44275357069,48396296
44.3263,13,44229445773,96830598
44.3313,8,44280356075,50966308
44.3338,9,44234500785,99344604
44.3364,15,44285346081,51022314
44.3439,7,44292931093,51004314
44.3465,2,44295454099,51004314
44.349,6,44297977105,51004314
44.3517,0,44300500111,51221520
44.3567,12,44208952731,147767906
44.3617,1,44308257329,53480314
44.3668,11,44316184347,50606302
44.3693,10,44318707353,50606302
44.3718,5,44321230359,50606302
44.3771,13,44326276371,50863302
44.3797,8,44331322383,48367296
44.3822,9,44333845389,48367296
44.3873,7,44343935407,43339284
44.3898,2,44346458413,43339284
44.3923,6,44348981419,43339284
44.3948,0,44351721631,43122078
44.3999,12,44356720637,43178084
44.4027,4,44305734323,96931610
44.4052,1,44361737643,43451296
44.4102,11,44366790649,43433296
44.4127,10,44369313655,43433296
44.4153,5,44371836661,43433296
44.4181,14,44323753365,94352598
44.4206,13,44377139673,43489296
44.4232,8,44379689679,43480296
44.4257,9,44382212685,43480296
44.4282,15,44336368395,91847592
44.4308,7,44387274691,43509302
44.4358,6,44392320703,43453296
44.4383,0,44394843709,43453296
44.4408,12,44399898721,40939290
44.4434,4,44402665933,40722084
44.4459,1,44405188939,40722084
44.4484,3,44310789335,137653694
44.4512,11,44410223945,40995296
44.4537,10,44412746951,40995296
44.4587,14,44418105963,40626290
44.4613,13,44420628969,40626290
44.4638,8,44423169975,40626290
44.4663,9,44425692981,40626290
44.4688,15,44428215987,40626290
44.4739,2,44389797697,84079586
44.4764,6,44435773999,40626290
44.4817,12,44440838011,40865284
44.4843,4,44443388017,40865284
44.4868,1,44445911023,40865284
44.4893,3,44448443029,40865284
44.4944,11,44451219241,43162084
44.4969,10,44453742247,43162084
44.5046,13,44461255259,43323284
44.5071,8,44463796265,43323284
44.5096,9,44466319271,43323284
44.5122,15,44468842277,43323284
44.5172,7,44430783993,86463580
44.5201,2,44473877283,46206296
44.5226,6,44476400289,46206296
44.5251,0,44438297005,86832586
44.5277,12,44481703295,45949302
44.5352,1,44486776307,48407302
44.5428,11,44494381325,48369296
44.5453,10,44496904331,48369296
44.5478,5,44415269957,132526676
44.5505,14,44458732253,91804592
44.5581,8,44507119549,50939308
44.5606,9,44509642555,50939308
44.5707,7,44517247573,53406308
44.5732,2,44520083579,53093308
44.5757,6,44522606585,53093308
44.5782,0,44525129591,53093308
44.5811,12,44527652597,53406308
44.5836,4,44484253301,99373610
44.5861,1,44535183609,50966308
44.5912,11,44542750621,48452302
44.5962,5,44547796633,48396296
44.5987,14,44550536845,48179090
44.6015,13,44504578543,96877604
44.604,8,44558058857,45947296
44.6065,9,44560581863,45947296
44.6091,15,44512165561,96886604
44.6142,7,44570653881,43507296
44.6167,2,44573176887,43507296
44.6192,6,44575699893,43507296
44.622,0,44578222899,43820296
44.6246,12,44581058905,43507296
44.6296,4,44583626911,46003302
44.6322,1,44586149917,46003302
44.6372,3,44489308313,147879912
44.6422,10,44545273627,96904604
44.6447,5,44596192929,48508308
44.6472,14,44598715935,48508308
44.6497,13,44601456147,48291102
44.6547,8,44604006153,50731102
44.6575,9,44606529159,50948308
44.66,15,44609052165,50948308
44.6651,7,44614161177,50939308
44.6676,2,44616684183,50939308
44.6701,6,44619207189,50939308
44.6727,0,44622043195,50626308
44.6752,12,44624566201,50626308
44.6803,4,44629630213,50635308
44.6831,1,44632153219,50948308
44.6857,3,44637188225,48490308
44.6907,11,44591202923,99474616
44.6932,10,44642178231,51022314
44.6957,5,44644701237,51022314
44.6982,14,44647224243,51022314
44.7035,8,44654737255,48734514
44.706,9,44657477467,48517308
44.7085,15,44660000473,48517308
44.7136,7,44665100485,48517308
44.7161,2,44667623491,48517308
44.7187,6,44670146497,48517308
44.7212,0,44672669503,48517308
44.724,12,44675192509,48833494
44.7316,4,44680265521,51347500
44.7366,3,44685678533,50969494
44.7417,11,44690677539,51034500
44.7442,10,44693200545,51034500
44.7492,14,44698246557,50978494
44.752,13,44649747249,102218014
44.7545,8,44703471769,51034500
44.757,9,44705994775,51034500
44.7596,15,44708517781,51034500
44.7672,7,44713617793,53548506
44.7697,2,44716140799,53548506
44.7722,6,44718663805,53548506
44.7747,0,44721186811,53548506
44.7773,12,44724026003,53232320
44.7851,1,44683101527,102027814
44.7902,3,44736648027,53563326
44.7928,11,44741712039,51049320
44.7953,10,44744235045,51049320
44.7978,5,44695723551,102083820
44.8005,14,44749225051,51322532
44.8031,13,44751965263,51105326
44.8056,8,44754506269,51087326
44.8106,15,44759552281,51031320
44.8132,7,44767166299,46021308
44.8157,2,44769689305,46021308
44.8207,0,44774735317,45965302
44.8232,12,44777258323,45965302
44.8258,4,44731613021,94169610
44.8286,1,44785129341,43489296
44.8362,3,44790211353,46021302
44.8388,11,44792761359,46003302
44.8413,10,44795284365,46003302
44.8438,5,44797807371,46003302
44.8463,14,44800547583,45786096
44.8489,13,44803070589,45786096
44.8516,8,44805593595,46003302
44.8541,9,44757029275,97090628
44.8667,2,44815710613,50948308
44.8692,6,44772212311,96969616
44.8717,0,44820700619,51004314
44.8742,12,44823223625,51004314
44.8897,3,44836232655,53419354
44.8947,10,44841287667,53363348
44.8972,5,44843810673,53363348
44.8997,14,44846333679,53363348
44.9022,13,44848856685,53363348
44.9097,15,44810583601,99093438
44.9225,6,44869181927,53278336
44.925,0,44871704933,53278336
44.9275,12,44874227939,53278336
44.9354,4,44825782631,109641662
44.9379,1,44828618637,109328662
44.9431,3,44889652009,53404302
44.9481,11,44838764661,109337662
44.9531,5,44897174021,55918308
44.9581,13,44902220033,55862302
44.9633,9,44854119903,109169644
44.9658,15,44909677039,56135514
44.9709,7,44813187607,157742958
44.9735,2,44866658921,106794650
44.976,6,44922460263,53516314
44.9785,0,44924983269,53516314
44.981,12,44927506275,53516314
44.9886,1,44937947299,50633302
44.994,3,44943056311,50937302
44.9965,11,44948102323,48432296
44.9991,10,44894651015,104406610
45.0018,5,44953092329,48705508
45.0043,14,44899697027,104623816
45.0068,13,44958082335,48761514
45.0143,15,44965812553,48488302
45.0194,8,44851596897,167767970
45.0219,7,44970930565,50993308
45.0269,6,44975976577,50937302
45.0322,12,44981022589,51194302
45.0372,1,44988580601,48662296
45.0398,3,44993993613,45835290
45.0424,11,44996534619,45826290
45.0449,10,44999057625,45826290
45.0474,5,45001797837,45609084
45.0499,14,45004320843,45609084
45.0525,13,45006843849,45609084
45.0552,9,44963289547,91912598
45.0602,8,45019364867,40854284
45.0628,7,45021923873,40863284
45.0653,2,44973453571,91856592
45.0678,6,45026913879,40919290
45.0704,0,44978499583,91856592
45.0729,12,45032216891,40662290
45.0754,4,44935424293,140004894
45.078,1,45037242897,40709296
45.0805,3,45039828903,40691296
45.0831,11,45042360909,40691296
45.0856,10,45044883915,40691296
45.0881,5,45047406921,40691296
45.0906,14,45049929927,40691296
45.0935,13,45052452933,41004296
45.096,9,45055202145,40787090
45.0985,15,45014300855,84211386
45.1013,8,45060219151,41051302
45.1063,2,45065310163,40995296
45.1088,6,45067833169,40995296
45.1114,0,45070356175,40995296
45.1139,12,45072879181,40995296
45.1214,1,45077952193,43453296
45.1265,3,45080520199,45967302
45.129,11,45083052205,45967302
45.1315,10,45085575211,45967302
45.1344,5,45088098217,46280302
45.1369,14,45090621223,46280302
45.1419,15,45098512241,43379290
45.1469,8,45101270453,45676090
45.1545,7,45062787157,91699398
45.1595,6,45108828465,50648096
45.1622,0,45111351471,50865302
45.1647,12,45113874477,50865302
45.1698,4,45075429187,94392604
45.1723,1,45121405489,50939308
45.1774,3,45126487501,50948308
45.1824,10,45131542513,50892302
45.1952,7,45154486555,40751272
45.1978,2,45106305459,91455374
45.2028,0,45162216773,40534066
45.208,4,45169821791,38181260
45.2105,1,45172344797,38181260
45.2181,11,45129019507,89073562
45.2206,10,45182434815,38181260
45.2281,13,45093457229,134615852
45.2331,9,45095989235,137091852
45.2356,7,45195237827,40384266
45.2385,2,45197760833,40697266
45.241,6,45159476561,81504544
45.2435,0,45202750839,40753272
45.246,12,45164739779,81287338
45.2713,3,45177435809,93908556
45.2763,10,45220616075,55727296
45.2813,14,45136901525,144431852
45.2963,8,45146946543,149313846
45.304,2,45238458099,65581296
45.3066,6,45240981105,65581296
45.3091,0,45243504111,65581296
45.3118,12,45246027117,65798502
45.3168,15,45141891531,174942094
45.3244,1,45210526057,113856580
45.327,3,45271344365,55642278
45.3295,11,45218093069,111425580
45.3345,14,45281333377,53184278
45.337,13,45228073081,108967580
45.3399,9,45233081087,106813580
45.3449,5,45134378519,210524154
45.3549,6,45306562401,48374284
45.3575,0,45309085407,48374284
45.3677,4,45208003051,159707858
45.3702,1,45324382637,45851278
45.3753,3,45326986643,48320284
45.3778,11,45329518649,48320284
45.3804,10,45276343371,104018568
45.3829,14,45334517655,48367290
45.3903,5,45344902673,45439278
45.3929,15,45316833625,76049332
45.3979,2,45304039395,93887568
45.4032,0,45357459691,45770278
45.4109,4,45367710909,43238272
45.416,7,45235622093,180344094
45.4185,3,45375306927,43200266
45.421,11,45377838933,43200266
45.4236,10,45380361939,43200266
45.431,9,45339894667,91126544
45.4335,8,45296260389,137283828
45.4387,2,45397926963,40726266
45.444,0,45403229969,40726266
45.4465,12,45311825619,134653622
45.4491,4,45410949181,38107066
45.4516,1,45370233915,81345338
45.4543,7,45415966187,38380278
45.4569,3,45418507193,38380278
45.4594,15,45392882957,66527520
45.4644,10,45423562205,40838278
45.4694,13,45337040661,132349828
45.4719,9,45431021211,40892284
45.4795,2,45438653229,40883284
45.4821,6,45354936685,127122834
45.487,12,45446479241,40570284
45.4921,1,45451579253,40487278
45.4996,5,45390341951,109273592
45.5027,3,45456887471,45781284
45.5052,8,45433544217,71647544
45.5077,11,45421039199,86693568
45.5103,10,45464400483,45855290
45.5152,13,45469390489,45855290
45.5178,9,45471913495,45855290
45.5228,14,45382884945,139956852
45.5279,2,45479536513,48369296
45.5304,6,45482059519,48369296
45.533,0,45443956235,88995586
45.5355,12,45487049525,48425302
45.538,4,45449056247,88968586
45.5433,15,45459410477,83926368
45.5459,5,45499615543,46253308
45.5484,7,45454346465,94045392
45.5511,8,45505191761,45940308
45.5562,3,45502668755,53518326
45.5587,11,45507732767,51004320
45.5613,10,45510255773,51004320
45.5638,13,45515245779,48546320
45.5738,2,45527905809,45938302
45.5764,6,45530428815,45938302
45.5789,0,45532951821,45938302
45.5814,12,45535474827,45938302
45.584,4,45538024833,45938302
45.5914,8,45551132069,40306072
45.594,7,45548391857,45578290
45.5965,3,45556187081,40351072
45.6045,13,45563792099,40742272
45.6071,9,45517768785,89288592
45.6096,14,45522841797,86774586
45.6122,2,45573844111,38322278
45.6147,6,45576367117,38322278
45.6172,0,45578890123,38322278
45.6197,12,45581413129,38322278
45.6248,1,45492066531,132685882
45.6298,7,45593970147,35808272
45.6323,3,45596538153,35781272
45.6349,11,45558737087,76114344
45.6374,10,45561260093,76114344
45.6399,13,45604534371,35363072
45.6424,9,45607057377,35363072
45.6478,14,45609616383,38181078
45.6531,2,45612166389,40912290
45.6581,0,45617212401,40856284
45.6606,12,45619735407,40856284
45.6631,15,45543336845,119786852
45.6681,1,45624752413,43370290
45.6706,5,45545868851,124776858
45.6757,7,45629778419,45922302
45.6833,3,45632319425,50950314
45.6858,11,45634851431,50950314
45.6883,10,45637374437,50950314
45.6933,9,45642420449,50894308
45.7115,2,45653078679,58407320
45.7165,0,45658068685,58407320
45.719,12,45660591691,58407320
45.724,8,45591438141,132559876
45.7291,4,45583963135,145089894
45.7316,1,45668122703,63453332
45.7341,5,45670645709,63453332
45.7391,7,45675700721,63406326
45.7417,3,45683269739,58405314
45.7442,11,45685801745,58405314
45.7467,10,45688324751,58405314
45.7496,13,45639897443,109668628
45.7521,9,45693314757,58774320
45.7549,14,45647797461,107094828
45.7625,2,45711485999,51020308
45.7675,0,45716476005,51020308
45.77,12,45718999011,51020308
45.7775,8,45723998017,53534314
45.7925,3,45741675053,50852290
45.7951,11,45744207059,50852290
45.7976,10,45746730065,50852290
45.8053,14,45754892289,50400278
45.8079,2,45762506307,45354266
45.8132,0,45767496313,45723272
45.8207,8,45777532331,43171260
45.8257,1,45731576035,94162562
45.8283,5,45734099041,94162562
45.8333,15,45663123697,170136912
45.8358,3,45792527343,43265272
45.8408,11,45795059349,45779278
45.8434,10,45797582355,45779278
45.8459,13,45749566071,96318568
45.8484,9,45752089077,96318568
45.8515,14,45805292567,46204290
45.864,12,45770019319,93989556
45.8666,8,45820703591,45855290
45.8691,4,45729053029,140055858
45.8716,1,45825738597,45893296
45.8742,5,45828261603,45893296
45.8792,15,45833260609,45911296
45.8817,3,45835792615,45911296
45.8842,7,45739107047,145128870
45.8868,11,45840838627,45920296
45.8893,10,45843361633,45920296
45.8918,13,45845884639,45920296
45.8943,9,45848407645,45920296
45.8994,14,45851496857,47922096
45.9022,2,45807860573,94325592
45.9072,0,45813219585,94012592
45.9098,12,45864008875,45746308
45.9126,8,45866558881,46050308
45.9152,4,45869108887,46050308
45.9177,1,45871631893,46050308
45.9202,5,45874154899,46050308
45.9253,6,45614689395,310561824
45.9278,15,45879171905,48620320
45.9328,7,45884235917,48564314
45.9353,11,45886758923,48564314
45.9378,10,45889281929,48564314
45.9404,13,45891804935,48564314
45.9429,9,45894327941,48564314
45.948,14,45899418953,48564314
45.9508,2,45902186165,48564314
45.9561,0,45907232177,48877314
45.9586,12,45909755183,48877314
45.9662,8,45912609189,53592326
45.9688,4,45915159195,53592326
45.9713,1,45917682201,53592326
45.9738,5,45920205207,53592326
45.9788,15,45927792225,51031314
45.9839,3,45881703911,102165640
45.9864,7,45932800231,53601326
45.9889,11,45935323237,53601326
45.9914,10,45937846243,53601326
45.994,13,45940369249,53601326
45.9965,9,45942892255,53601326
46.0018,14,45947983267,53818532
46.0094,2,45950750479,58629338
46.0119,0,45956109491,55802332
46.0147,12,45958632497,56115332
46.0223,8,45966201515,56142332
46.0249,4,45968751521,56142332
46.0274,1,45971274527,56142332
46.0299,5,45973797533,56142332
46.035,6,45925251219,109734658
46.045,7,45986401557,58600332
46.0475,11,45988924563,58600332
46.0525,13,45993970575,58544326
46.0554,9,45996493581,58857326
46.0606,14,46001801799,58801320
46.0656,12,46014747829,50890296
46.0682,8,46022343847,45862284
46.0708,4,46024893853,45862284
46.0733,1,46027416859,45862284
46.0758,5,46029939865,45862284
46.0833,3,45983869551,99452604
46.0859,7,46045001889,40852272
46.0884,11,46047524895,40852272
46.0909,10,45991447569,99452604
46.0934,13,46052514901,40908278
46.1034,0,46011911823,91536368
46.1084,2,46009379817,99058380
46.1165,1,46073279143,43182272
46.119,5,46075802149,43182272
46.124,15,45978823539,145186888
46.1265,3,46083322155,43211278
46.1291,7,46085854161,43211278
46.1316,11,46088377167,43211278
46.1341,10,46090900173,43211278
46.1366,13,46093423179,43211278
46.1392,9,46055350907,83806556
46.1442,14,46060603119,83645356
46.1492,12,46065638125,83600356
46.152,2,46108438197,43567496
46.1545,8,46068206131,86322568
46.1599,1,46116461415,43397296
46.1624,5,46118984421,43397296
46.1649,6,46034985877,129936846
46.1675,15,46124010427,43453302
46.17,3,46126533433,43453302
46.1725,7,46129065439,43453302
46.175,11,46131588445,43453302
46.1776,10,46134111451,43453302
46.1801,13,46136634457,43453302
46.1826,9,46139157463,43453302
46.1877,14,46144248475,43453302
46.1902,0,46103448191,86776592
46.1927,12,46149238481,43509308
46.1978,2,46152005693,45815108
46.2003,8,46154528699,45815108
46.2081,1,46159858711,48233314
46.2106,5,46162381717,48233314
46.221,15,46167463729,53518326
46.2235,3,46169986735,53518326
46.2359,9,46182610765,53294302
46.2384,4,46070756137,167689936
46.241,14,46187701777,53294302
46.2435,0,46190224783,53294302
46.246,12,46192747789,53294302
46.2561,8,46200343807,55752302
46.2642,1,46208092025,56083308
46.2667,5,46210615031,56083308
46.2692,6,46164922723,104325622
46.2718,15,46220982055,50825296
46.2793,7,46172518741,106801622
46.2818,11,46175041747,106801622
46.2844,10,46177564753,106801622
46.2869,13,46180087759,106801622
46.2919,14,46240996079,50937308
46.2969,12,46246042091,50881302
46.3022,2,46197820801,104401810
46.3047,8,46256096109,48649508
46.3098,1,46264175333,45661296
46.3124,5,46266698339,45661296
46.3227,15,46271807351,50919302
46.3303,7,46279320363,50937302
46.3328,11,46281843369,50937302
46.3378,13,46286889381,50881296
46.3403,9,46235905067,104388616
46.3429,14,46291933387,50919302
46.3454,0,46243519085,101856610
46.3479,12,46296923393,50975308
46.3532,2,46302222611,50966308
46.3557,8,46304745617,50966308
46.3608,1,46309836629,50948308
46.3636,5,46312359635,51261308
46.3712,15,46322726653,48461302
46.3737,3,46223505061,150205900
46.3763,4,46238446073,137805894
46.3788,7,46330257665,48517308
46.3813,11,46332780671,48517308
46.3838,10,46284366375,99454610
46.3888,9,46340293683,48517308
46.3939,14,46342852689,51031314
46.3964,0,46345375695,51031314
46.4066,8,46355711925,50937302
46.4092,1,46360784937,48423296
46.4117,5,46363620943,48110296
46.4143,6,46269248345,145023900
46.4193,3,46373710961,45578290
46.4218,7,46378774973,43064284
46.4247,11,46381297979,43377284
46.4272,10,46383820985,43377284
46.4297,13,46337770677,91950598
46.4322,9,46388810991,43433290
46.4398,0,46396407009,43395284
46.4423,12,46347898701,94426598
46.4474,8,46406649227,40702078
46.4526,1,46409208233,43424290
46.4552,5,46411731239,43424290
46.4577,4,46376251967,81435568
46.4602,6,46414272245,45938296
46.4627,15,46371187955,91554592
46.4656,3,46419289251,46289302
46.4706,11,46424675263,45911296
46.4731,10,46427198269,45911296
46.4756,13,46429721275,45911296
46.4782,9,46432244281,45911296
46.4832,14,46393884003,89362586
46.4858,0,46439802293,45967302
46.4883,12,46442325299,45967302
46.4908,2,46353188919,137644688
46.4934,8,46447351305,46005308
46.4984,1,46452632523,45806102
46.5037,6,46460210541,43462296
46.5062,15,46462742547,43462296
46.5087,3,46465578553,43149296
46.5113,7,46421839257,89429598
46.5138,11,46470586559,43205302
46.5163,10,46473109565,43205302
46.5213,9,46478155577,43149296
46.5317,14,46483246589,48490308
46.5343,0,46485769595,48490308
46.5368,12,46488292601,48490308
46.5393,2,46490833607,48490308
46.5418,8,46493356613,48490308
46.5493,5,46455155529,94184398
46.5521,6,46503672837,48425302
46.5546,15,46506204843,48425302
46.5572,3,46508727849,48425302
46.5622,11,46513791861,48369296
46.5647,10,46516314867,48369296
46.5675,13,46475632571,91887598
46.57,9,46521304873,48738302
46.5752,14,46531736897,43424290
46.5802,12,46536782909,43368284
46.5827,2,46539323915,43368284
46.5902,4,46457687535,132535676
46.5928,1,46498438625,94316592
46.5953,5,46549339927,45938296
46.6006,6,46552098139,48461302
46.6031,15,46554630145,48461302
46.6056,3,46557153151,48461302
46.6107,7,46511268855,99400610
46.6132,11,46562161157,51031314
46.6182,13,46567520169,50662308
46.6257,14,46575161187,50579302
46.6286,0,46534259903,94316592
46.6311,12,46580151193,50948308
46.6336,2,46582692199,50948308
46.6362,8,46541846921,94316592
46.6412,1,46592755217,48452302
46.6437,5,46595278223,48452302
46.6515,6,46600559441,50966308
46.6565,3,46605614453,50910302
46.6616,7,46610669465,50919302
46.6666,10,46564684163,101894610
46.6691,13,46618182477,50919302
46.6719,9,46570043175,101894610
46.6795,0,46628576495,50919302
46.682,12,46631099501,50919302
46.6846,2,46633640507,50919302
46.6896,4,46590223211,99344604
46.6971,1,46641207519,55938314
46.7049,15,46603091447,101773598
46.7074,3,46656524755,50863296
46.7099,7,46661588767,48349290
46.7125,11,46613192471,99268592
46.7175,13,46669101779,48349290
46.72,9,46671937785,48036290
46.7251,14,46625740489,99324598
46.7276,0,46679495797,48092296
46.7354,2,46684559809,50863296
46.7379,8,46636163513,101782598
46.7405,4,46689567815,50919302
46.748,5,46643730525,104314604
46.7508,6,46651525749,99286592
46.7558,3,46707388051,48423296
46.7583,7,46709938057,48405296
46.7609,11,46712461063,48405296
46.7634,10,46666578773,96810592
46.7659,13,46717451069,48461302
46.7684,9,46719974075,48461302
46.7763,0,46727588093,48718296
46.7788,12,46682018803,96810592
46.7839,8,46737946111,45909290
46.7864,4,46740487117,45909290
46.7915,1,46697145833,94323586
46.794,5,46748045129,45947296
46.7965,6,46750812341,45730090
46.8015,3,46755811347,45730090
46.8068,7,46758343353,48461302
46.8093,11,46760866359,48461302
46.8119,10,46763389365,48461302
46.8144,13,46765912371,48461302
46.8169,9,46768435377,48461302
46.8245,14,46725065087,99436610
46.827,0,46776306389,50718314
46.8373,8,46783855401,53480314
46.8399,4,46786396407,53480314
46.8449,1,46791469419,53480314
46.8475,5,46793992425,53480314
46.8525,6,46796542431,55976320
46.8577,15,46704865045,152860918
46.8602,3,46801541437,58707532
46.8653,7,46806804655,58508326
46.8678,11,46809327661,58508326
46.8704,10,46811850667,58508326
46.8729,13,46814373673,58508326
46.8757,9,46816896679,58821326
46.8833,14,46824501697,58774320
46.8858,0,46827024703,58774320
46.8908,2,46735423105,155410924
46.8934,8,46837335715,56021320
46.8959,4,46839876721,56021320
46.901,1,46844949733,56021320
46.9037,5,46847472739,56238526
46.9063,6,46852518751,53733520
46.9138,15,46857725963,56104326
46.9164,3,46860248969,56104326
46.9214,7,46865312981,56104326
46.9239,11,46867835987,56104326
46.9265,10,46870358993,56104326
46.9315,9,46875718005,55735320
46.9369,14,46883276017,53590320
46.9394,0,46885799023,53590320
46.9419,12,46778829395,163082954
46.9445,2,46890834029,53628326
46.947,8,46893357035,53628326
46.9545,1,46900971053,53516314
46.9597,6,46906252271,53451308
46.9672,3,46916353295,50890296
46.9698,7,46921417307,48376290
46.9723,11,46923940313,48376290
46.9776,13,46872881999,104737616
46.9801,9,46931453325,48689296
46.9852,14,46936866337,48367296
46.9878,0,46939389343,48367296
46.9903,12,46941912349,48367296
46.9928,2,46944462355,48367296
46.9954,8,46946985361,48367296
47.0006,1,46954487367,46126502
47.0031,5,46903711265,99425610
47.0082,6,46959703579,48488308
47.0157,3,46967243591,48479308
47.0183,7,46969793597,48461308
47.0208,11,46972316603,48461308
47.0233,10,46926463319,96837598
47.0258,13,46977619615,48204308
47.0283,9,46980142621,48204308
47.0334,14,46985233633,48204308
47.0387,12,46990279645,48461308
47.0438,8,46995352657,48405302
47.0488,4,46895898041,152914930
47.0516,1,47000613869,50975314
47.0541,5,47003136875,50975314
47.0591,15,46913830289,145316906
47.0617,3,47015722899,45947302
47.0642,7,47018254905,45947302
47.0667,11,47020777911,45947302
47.0717,13,47025823923,45891296
47.0742,9,47028346929,45891296
47.0846,0,46987756639,96866604
47.0871,12,47038740953,48405296
47.0922,8,47043757959,48405296
47.0972,1,47051589183,45636078
47.0997,5,47054112189,45636078
47.1025,6,47008191887,94296592
47.1075,3,47061670201,45826284
47.11,7,47064202207,45826284
47.1126,11,47066725213,45826284
47.1151,10,47023300917,91773586
47.1176,13,47071715219,45882290
47.1201,9,47074238225,45882290
47.1252,14,47033437941,91782586
47.1277,0,47084623243,43120290
47.1303,12,47087146249,43120290
47.1328,2,46992829651,139986894
47.1353,8,47092163255,43176296
47.1379,4,47048812971,89076586
47.1433,1,47097225261,46032308
47.1458,5,47099748267,46032308
47.1483,6,47102488479,45815102
47.1511,15,47059147195,91914598
47.1536,3,47107496485,46088314
47.1561,7,47110028491,46088314
47.1586,11,47112551497,46088314
47.1612,10,47115074503,46088314
47.1637,13,47117597509,46088314
47.1662,9,47120120515,46088314
47.1738,14,47125220527,48593320
47.1788,12,47130266539,48537314
47.1817,2,47132816545,48850314
47.1842,8,47135339551,48850314
47.1893,4,47137889557,51364320
47.1968,1,47143257569,53574326
47.1994,5,47145780575,53574326
47.2021,6,47148303581,53791532
47.2072,15,47151061793,56106332
47.2097,3,47153584799,56106332
47.2122,7,47156116805,56106332
47.2147,11,47158639811,56106332
47.2173,10,47161162817,56106332
47.2223,9,47166208829,56050326
47.2348,12,47178803853,56003320
47.2374,2,47181666859,55690320
47.2399,8,47184189865,55690320
47.2478,1,47196831895,50946302
47.2503,5,47199354901,50946302
47.253,6,47202095113,50946302
47.2581,15,47207168125,50946302
47.2606,3,47209691131,50946302
47.2632,7,47212223137,50946302
47.2682,10,47217269149,50890296
47.2707,13,47163685823,106996628
47.2732,9,47222259155,50946302
47.2833,14,47173813847,109519634
47.2862,0,47127743533,158425954
47.2962,2,47237357179,58857326
47.2987,8,47239880185,58857326
47.3089,6,47253041415,55891308
47.314,15,47258114427,55891308
47.3165,3,47260637433,55891308
47.3191,7,47263169439,55891308
47.3265,13,47270682451,55835302
47.329,9,47273205457,55835302
47.3316,14,47283333481,48311284
47.3342,0,47286169487,47998284
47.3367,12,47234807173,101883604
47.3443,2,47296214505,48081290
47.3471,8,47298737511,48394290
47.3547,4,47189253877,165428936
47.3599,5,47250301203,109588822
47.3624,6,47308932723,53480308
47.3675,15,47314005735,53480308
47.37,3,47316528741,53480308
47.3725,7,47319060747,53480308
47.3751,11,47214746143,160317918
47.3825,9,47329040759,53480308
47.3851,14,47331644765,53435308
47.3879,0,47334167771,53748308
47.3904,12,47336690777,53748308
47.3955,2,47344295795,51178296
47.398,8,47347131801,50865296
47.4108,5,47359890025,50881296
47.4158,1,47247778197,168001130
47.4233,3,47370009049,53283290
47.4258,7,47372541055,53283290
47.4283,11,47375064061,53283290
47.4309,10,47268159445,162710912
47.4359,9,47382521067,53339296
47.4384,14,47385080073,53339296
47.4409,0,47387916079,53026296
47.4435,12,47390439085,53026296
47.4489,2,47395474091,53377302
47.4541,4,47354682813,99447792
47.4567,5,47410771321,45909290
47.4592,6,47362413031,96790586
47.4617,1,47415779327,45965296
47.4643,15,47367486043,96799586
47.4668,3,47423292339,43516296
47.4693,7,47425824345,43516296
47.4719,11,47428347351,43516296
47.4744,10,47430870357,43516296
47.4769,13,47326517753,150391906
47.4794,9,47435860363,43572302
47.4845,14,47438419369,46086308
47.487,0,47440942375,46086308
47.4974,2,47448851393,48544308
47.4999,8,47397997097,101921610
47.5052,4,47454130605,51022314
47.5077,5,47456680611,51004314
47.5127,1,47461744623,50948308
47.5152,15,47464285629,50939308
47.5177,3,47466808635,50939308
47.5203,7,47469340641,50939308
47.5228,11,47471863647,50939308
47.5253,10,47474386653,50939308
47.5278,13,47476909659,50939308
47.5329,14,47484505677,48378296
47.5354,0,47487028683,48378296
47.5379,12,47443465381,94464604
47.5405,2,47497395701,43111290
47.543,8,47499918707,43111290
47.5456,4,47505152919,40445084
47.5481,5,47507684925,40445084
47.5512,6,47459203617,91979604
47.5537,1,47512692931,41031296
47.5587,3,47517747943,40975290
47.5638,7,47520279949,43489296
47.5688,10,47525325961,43433290
47.5713,13,47527848967,43433290
47.5738,9,47479432665,94372598
47.5789,14,47532883973,45994302
47.5864,2,47540506991,45857290
47.5889,8,47543029997,45857290
47.5918,4,47545598003,46152290
47.5968,5,47548130009,48666296
47.5993,6,47551183221,48136090
47.6021,1,47553724227,48353296
47.6046,15,47515224937,89384592
47.6071,3,47558723233,48409302
47.6122,7,47563769245,48427302
47.6147,11,47522802955,91916598
47.6172,10,47568759251,48483308
47.6198,13,47571282257,48483308
47.6223,9,47573805263,48483308
47.6274,14,47578878275,48492308
47.6299,0,47535406979,94486610
47.6399,8,47588887287,51004314
47.6424,4,47591750293,50691314
47.6475,5,47596796305,50709314
47.6556,1,47602077523,53489320
47.6581,15,47604609529,53489320
47.6606,3,47607132535,53489320
47.6657,7,47612196547,53489320
47.6682,11,47614719553,53489320
47.6707,10,47617242559,53489320
47.6733,13,47619765565,53489320
47.6758,9,47622288571,53489320
47.6834,14,47627370583,56003326
47.6884,12,47537929985,150433930
47.6909,2,47586364281,104567640
47.6938,8,47639891601,53876326
47.7013,4,47642441607,58904338
47.7066,5,47647505619,59121544
47.7092,6,47599319311,109830858
47.7142,15,47658098849,56077326
47.7167,3,47660621855,56077326
47.7192,7,47665685867,53563320
47.7218,11,47668208873,53563320
47.7268,13,47673254885,53507314
47.7293,9,47675777891,53507314
47.7343,0,47629893589,104435622
47.7369,12,47688363915,48488302
47.7394,2,47690931921,48479302
47.7419,8,47693767927,48166302
47.765,1,47655566843,109425628
47.7675,15,47714176175,53348302
47.77,3,47716699181,53348302
47.7726,7,47719249187,53339302
47.7776,10,47670731879,106846616
47.7801,13,47726762199,53339302
47.7826,9,47729285205,53339302
47.7852,14,47683373909,101800604
47.7877,0,47734329211,53368308
47.7902,12,47736852217,53368308
47.7952,8,47741934229,53312302
47.8009,4,47701345945,99548804
47.8059,6,47709150169,96770586
47.8085,1,47764992471,43460290
47.811,15,47767524477,43460290
47.8135,3,47770047483,43460290
47.816,7,47772588489,43460290
47.821,10,47777578495,43460290
47.8236,13,47780101501,43460290
47.8261,9,47782624507,43460290
47.8311,14,47785174513,45974296
47.8361,12,47790220525,45918290
47.8387,2,47739411223,99286598
47.8412,8,47795246531,45974296
47.8463,4,47800894749,45417090
47.8488,5,47706627163,142216682
47.8516,6,47805920755,45663302
47.8569,15,47810984767,45920302
47.8594,3,47813507773,45920302
47.8645,7,47816048779,48434308
47.867,11,47721772193,145233900
47.8695,10,47821038785,48490314
47.8721,13,47823561791,48490314
47.8746,9,47826084797,48490314
47.8797,14,47831148809,48508314
47.8822,0,47787697519,94482610
47.8847,12,47836138815,48564320
47.8873,2,47838697821,48564320
47.8898,8,47841220827,48564320
47.8973,4,47846311839,51004320
47.9004,5,47848843845,51534526
47.9029,6,47851584057,51317320
47.9054,1,47808452761,96980622
47.908,15,47856905069,51060320
47.9105,3,47859428075,51060320
47.913,7,47864483087,48564314
47.9156,11,47867006093,48564314
47.9181,10,47869529099,48564314
47.9206,13,47872052105,48564314
47.9231,9,47874575111,48564314
47.9307,14,47879657123,51078320
47.9333,0,47882180129,51078320
47.9358,12,47884703135,51078320
47.9409,2,47887262141,53592326
47.9434,8,47889785147,53592326
47.9512,5,47900378371,50774320
47.9562,1,47905433383,50718314
47.9587,15,47907965389,50718314
47.9615,3,47910488395,51031314
47.9665,11,47915570407,50966308
47.9691,10,47918093413,50966308
47.9716,13,47920616419,50966308
47.9741,9,47923139425,50966308
47.9767,14,47930735443,45947296
47.9792,0,47933258449,45947296
47.9817,12,47935781455,45947296
47.9843,2,47940854467,43451290
47.9868,8,47943377473,43451290
47.9919,4,47897316159,94576616
47.9944,5,47951152691,43290090
47.997,6,47902901377,94064410
47.9995,1,47956151697,43346096
48.0048,3,47961519709,43290090
48.0101,7,47913047401,97043616
48.0126,11,47966536715,46077308
48.0151,10,47969059721,46077308
48.0177,13,47971582727,46077308
48.0202,9,47974105733,46077308
48.0252,14,47976682739,48564314
48.0278,0,47979205745,48564314
48.0303,12,47981728751,48564314
48.0354,2,47984305757,51060320
48.0379,8,47986828763,51060320
48.043,4,47991892775,51060320
48.0455,5,47994442781,51051320
48.048,6,47996965787,51051320
48.0607,7,48010091017,50635308
48.071,9,48020183041,50780290
48.076,14,48025247053,50798290
48.0786,0,48027770059,50798290
48.0836,2,48035366077,48237278
48.0861,8,48037889083,48237278
48.0887,4,48042953095,45723272
48.0937,5,48045494101,48237278
48.0963,6,48048017107,48237278
48.1012,1,47999497793,101746598
48.1043,15,47958683703,145622900
48.1068,3,48004809799,102019810
48.1119,7,48060726325,51194296
48.1144,11,48012614023,101829604
48.117,10,48015137029,101829604
48.1195,13,48017660035,101829604
48.122,9,48070963331,51049314
48.1271,14,48076045343,51049314
48.1296,0,48078568349,51049314
48.1321,12,48030293065,101847604
48.1372,2,48083603355,53601326
48.1397,8,48086126361,53601326
48.1448,4,48088676367,56106332
48.1498,5,48093731379,56115332
48.1551,1,48101244391,53836532
48.1705,7,48111920621,58535332
48.173,11,48114443627,58535332
48.178,13,48119489639,58479326
48.1805,9,48122012645,58479326
48.1831,14,48127094657,55965320
48.188,12,48132140669,55909314
48.1931,2,48137204681,55918314
48.1956,8,48139727687,55918314
48.2009,4,48144782699,56153520
48.2063,6,48096254385,110011846
48.2138,1,48155080923,58763326
48.2214,7,48170455953,50919302
48.2239,11,48172978959,50919302
48.2264,10,48116966633,109454634
48.2289,13,48177968965,50975308
48.2315,9,48180491971,50975308
48.2365,14,48183059977,53480314
48.2391,0,48129617663,109445634
48.2416,12,48188049983,53536320
48.2516,8,48195646001,55994320
48.2544,4,48200936219,53489314
48.2595,5,48149846711,109633834
48.262,6,48206266231,55737320
48.2699,15,48104306603,165549960
48.2724,3,48106829609,165549960
48.2775,7,48221375255,56077326
48.28,11,48223898261,56077326
48.2825,10,48226421267,56077326
48.285,13,48228944273,56077326
48.2875,9,48231467279,56077326
48.2977,14,48236540291,61114338
48.3002,0,48239063297,61114338
48.3083,2,48193122995,115147214
48.3108,8,48251640321,59152894
48.3158,4,48254425533,61422694
48.3234,5,48259480545,63889694
48.3259,6,48262003551,63889694
48.3284,1,48213844249,114599002
48.331,15,48269856563,61109694
48.3335,3,48272379569,61109694
48.3385,11,48279975587,58548682
48.341,10,48282498593,58548682
48.3436,13,48285021599,58548682
48.3511,14,48297654629,53491664
48.3564,12,48241586303,114767202
48.3589,2,48308270209,50660302
48.3615,8,48310793215,50660302
48.3719,5,48323370239,48486296
48.3794,1,48328443251,50935296
48.3819,15,48330966257,50935296
48.3844,3,48333489263,50935296
48.3895,7,48277452581,112035990
48.3945,10,48341047275,53431302
48.397,13,48343570281,53431302
48.4023,14,48351146293,51107502
48.4048,0,48300177635,104599166
48.4098,2,48358930511,50863296
48.4126,8,48361453517,51176296
48.4177,4,48315848227,101845598
48.4203,5,48371856535,48396296
48.4228,6,48325893245,96882592
48.4278,1,48379378547,48461302
48.4328,3,48384424559,48405296
48.4404,7,48389488571,50881296
48.4429,11,48338524269,104368604
48.4454,10,48394478577,50937302
48.4479,13,48397001583,50937302
48.4507,9,48287544605,163134492
48.4607,14,48402253795,58479320
48.4633,0,48404776801,58479320
48.4658,12,48356353505,109425622
48.4683,2,48409793807,58535326
48.4712,8,48412629813,58535326
48.4813,4,48417693825,63572338
48.4937,1,48427839849,65895326
48.4963,15,48381901553,114356628
48.4988,3,48432829855,65951332
48.5041,7,48440369867,63728538
48.5066,11,48442892873,63728538
48.5091,10,48445415879,63728538
48.5144,9,48450679097,63768332
48.517,14,48460733115,56309320
48.5196,0,48463256121,56309320
48.5221,12,48465779127,56309320
48.5246,2,48468329133,56309320
48.5272,8,48471165139,55996320
48.5297,4,48481266163,48481302
48.5323,5,48420252831,112035640
48.5348,6,48422775837,112035640
48.5424,1,48493735175,48654320
48.5474,3,48498781187,48598314
48.5552,11,48506621411,48533308
48.5577,10,48509144417,48533308
48.5602,13,48447938885,112261846
48.5627,9,48514447429,48276308
48.5653,14,48517042435,48231308
48.5678,0,48519565441,48231308
48.5703,12,48522088447,48231308
48.5729,2,48524638453,48231308
48.5757,8,48527161459,48544308
48.5808,4,48529747465,51022314
48.5833,5,48532288471,51004314
48.5858,6,48534811477,51004314
48.5934,1,48542389495,51022314
48.5959,15,48496258181,99676634
48.6086,7,48504098405,104536628
48.6112,11,48555154719,56003320
48.6137,10,48557677725,56003320
48.6165,13,48560200731,56316320
48.619,9,48562723737,56316320
48.6241,14,48565273743,58830326
48.6266,0,48567796749,58830326
48.6292,12,48570319755,58830326
48.6342,2,48572869761,61344332
48.6367,8,48575705767,61031332
48.6418,4,48580769779,61049332
48.6468,6,48585815791,60993326
48.6521,1,48593411809,58696526
48.6546,15,48595934815,58696526
48.6572,3,48547379501,109774846
48.6647,7,48608635033,56104326
48.6673,11,48611158039,56104326
48.6698,10,48613681045,56104326
48.6723,13,48616517051,55791326
48.6802,14,48624104069,56057326
48.6827,0,48626627075,56057326
48.6877,2,48634214093,53505314
48.6902,8,48636737099,53505314
48.6953,4,48641819111,53505314
48.6978,5,48583292785,114554646
48.7004,6,48646809117,53561320
48.7057,1,48652108335,53543320
48.7082,15,48654631341,53543320
48.7132,7,48664739359,48488308
48.7158,11,48667262365,48488308
48.7186,10,48669785371,48801308
48.7211,13,48672308377,48801308
48.7236,9,48619040057,104592634
48.7262,14,48680161395,46030302
48.7287,0,48682684401,46030302
48.7312,12,48629150081,102087628
48.7388,2,48687719407,51105320
48.7413,8,48690242413,51105320
48.7489,5,48697847431,51049314
48.7514,6,48700370437,51049314
48.7591,3,48657154347,101966616
48.7641,11,48715750673,48396296
48.7667,10,48718586679,48083296
48.7717,9,48723632691,48027290
48.7742,14,48726191697,48009290
48.7767,0,48728714703,48009290
48.7796,12,48731237709,48322290
48.7821,2,48738824727,43321278
48.7847,8,48741347733,43321278
48.7898,4,48695324425,94426598
48.7947,6,48751419751,43321278
48.7973,1,48705651655,91630380
48.7998,15,48708174661,91630380
48.8025,3,48759120963,43424290
48.8051,7,48713227667,91876592
48.8101,10,48766669975,43424290
48.8126,13,48721109685,91507586
48.8176,14,48774200987,43424290
48.8205,0,48776723993,43737290
48.823,12,48779559999,43424290
48.8255,2,48782146005,43397290
48.8281,8,48784669011,43397290
48.8306,4,48789751023,40883284
48.8332,5,48748896745,84260568
48.8357,6,48794741029,40939290
48.8382,1,48797282035,40939290
48.8407,15,48799805041,40939290
48.8433,3,48802545253,40722084
48.8458,7,48805104259,40722084
48.8483,11,48764146969,84202380
48.8511,10,48810094265,40995296
48.8536,13,48812617271,40995296
48.8561,9,48771659981,84475592
48.8587,14,48817625277,41051302
48.8612,0,48820461283,40738302
48.8637,12,48822984289,40738302
48.8663,2,48825543295,40738302
48.8713,4,48830634307,40664296
48.8738,5,48833157313,40664296
48.8788,1,48838221325,40608290
48.8817,15,48840744331,40921290
48.8842,3,48843267337,40921290
48.8867,7,48845826343,40921290
48.8917,10,48851089561,40648078
48.8943,13,48853612567,40648078
48.8968,9,48856135573,40648078
48.902,0,48861199585,40809278
48.9045,12,48863722591,40809278
48.9071,2,48866281597,40809278
48.9096,8,48828066301,81547580
48.9122,4,48871298603,40865284
48.9147,5,48873821609,40865284
48.9172,6,48835680319,81529580
48.9198,1,48878829615,40921290
48.9226,15,48881665621,40921290
48.9251,3,48884188627,40921290
48.9277,7,48886747633,40921290
48.9302,11,48848349349,81842580
48.9327,10,48891737639,40977296
48.9352,13,48894260645,40977296
48.9378,9,48896783651,40977296
48.9403,14,48858676579,81625374
48.9428,0,48902008863,40816096
48.9453,12,48904531869,40816096
48.9479,2,48907090875,40816096
48.9504,8,48909613881,40816096
48.9532,4,48912163887,41033302
48.9582,6,48917209899,40977296
48.9607,1,48919750905,40977296
48.9633,15,48922586911,40664296
48.9658,3,48925109917,40664296
48.9683,7,48927668923,40664296
48.9709,11,48930191929,40664296
48.9734,10,48932714935,40664296
48.9759,13,48935237941,40664296
48.9784,9,48937760947,40664296
48.981,14,48940301953,40664296
48.9838,0,48942824959,40977296
48.9863,12,48945347965,40977296
48.9889,2,48947906971,40977296
48.9914,8,48950429977,40977296
48.994,4,48953197189,40778090
48.9965,5,48914686893,81811392
48.999,6,48958187195,40834096
49.0018,1,48960728201,41051302
49.0043,15,48963251207,41051302
49.0068,3,48965774213,41051302
49.0094,7,48968333219,41051302
49.0119,11,48970856225,41051302
49.0144,10,48973379231,41051302
49.017,13,48975902237,41051302
49.0195,9,48978425243,41051302
49.0245,0,48983802255,40682296
49.0273,12,48986325261,40995296
49.0299,2,48988884267,40995296
49.0324,8,48991407273,40995296
49.035,4,48993975279,40977296
49.0399,6,48999021291,40921290
49.0425,1,49001779503,40722084
49.045,15,49004302509,40722084
49.0475,3,49006825515,40722084
49.0503,7,49009384521,40939290
49.0528,11,49011907527,40939290
49.0554,10,49014430533,40939290
49.0579,13,49016953539,40939290
49.0604,9,49019476545,40939290
49.063,14,48980966249,81990592
49.0655,0,49024484551,40995296
49.068,12,49027320557,40682296
49.0706,2,49029879563,40682296
49.0731,8,49032402569,40682296
49.0756,4,49034952575,40682296
49.0782,5,48996498285,81659592
49.0807,6,49039942581,40738302
49.0832,1,49042501587,40720302
49.0861,15,49045024593,41033302
49.0886,3,49047547599,41033302
49.0912,7,49050323811,40834096
49.0937,11,49052846817,40834096
49.0962,10,49055369823,40834096
49.0987,13,49057892829,40834096
49.1065,14,49062956841,43509302
49.109,0,49065479847,43509302
49.1115,12,49068002853,43509302
49.1166,2,49070561859,46023308
49.1191,8,49073084865,46023308
49.1266,4,49075634871,50995314
49.1295,5,49078157877,51308314
49.132,6,49080680883,51308314
49.1345,1,49083221889,51308314
49.1371,15,49086057895,50995314
49.1396,3,49088580901,50995314
49.1421,7,49091157907,50977314
49.1447,11,49093680913,50977314
49.1472,10,49096203919,50977314
49.1497,13,49098726925,50977314
49.1524,9,49060415835,92028616
49.1575,0,49108989149,48490308
49.16,12,49111512155,48490308
49.165,8,49119108173,45938296
49.1676,4,49126630185,40993290
49.1701,5,49129466191,40680290
49.1727,6,49131989197,40680290
49.1752,1,49134530203,40680290
49.1777,15,49137053209,40680290
49.1803,3,49139576215,40680290
49.1828,7,49142135221,40680290
49.1853,11,49144658227,40680290
49.1882,10,49147181233,40993290
49.1907,13,49149704239,40993290
49.1932,9,49152444451,40776084
49.1958,14,49106466143,89295398
49.1983,0,49157479457,40805090
49.2008,12,49160002463,40805090
49.2036,2,49116585167,86998598
49.2061,8,49165046469,41060302
49.2137,4,49167623475,46061314
49.2162,5,49170146481,46061314
49.2187,6,49172669487,46061314
49.2213,1,49175210493,46061314
49.2238,15,49177733499,46061314
49.2263,3,49180256505,46061314
49.2317,7,49182815511,48888320
49.2342,11,49185338517,48888320
49.2367,10,49188174523,48575320
49.2393,13,49190697529,48575320
49.2418,9,49193220535,48575320
49.2468,0,49198284547,48519314
49.2493,12,49200807553,48519314
49.2521,2,49203583765,48519314
49.2546,8,49206106771,48519314
49.2572,4,49213684789,43518302
49.2597,5,49216207795,43518302
49.2647,1,49221271807,43462296
49.2673,15,49223794813,43462296
49.2698,3,49226317819,43462296
49.2724,7,49231703831,40653290
49.2749,11,49234226837,40653290
49.2774,10,49236749843,40653290
49.2799,13,49239272849,40653290
49.2824,9,49241795855,40653290
49.285,14,49195761541,89228610
49.2875,0,49246803861,40709296
49.2903,12,49249326867,41022296
49.2929,2,49252103079,40814090
49.2954,8,49254626085,40814090
49.298,4,49257203091,40787090
49.3005,5,49259726097,40787090
49.3055,1,49264734103,40787090
49.3083,15,49267257109,41004296
49.3108,3,49269780115,41004296
49.3134,7,49272357121,40995296
49.3159,11,49274880127,40995296
49.3184,10,49277403133,40995296
49.3209,13,49279926139,40995296
49.3234,9,49282449145,40995296
49.3285,14,49284990151,43509302
49.331,0,49287513157,43509302
49.3339,12,49290349163,43509302
49.3389,2,49292917169,46005308
49.3414,8,49295440175,46005308
49.3465,5,49300513187,45949302
49.349,6,49218730801,130254694
49.3517,1,49305521193,46222514
49.3567,3,49310784411,45949302
49.3593,7,49313352417,45949302
49.3618,11,49315875423,45949302
49.3643,10,49318398429,45949302
49.3669,13,49320921435,45949302
49.3694,9,49323444441,45949302
49.372,14,49328499453,43453296
49.3745,0,49331022459,43453296
49.377,12,49333858465,43140296
49.3796,2,49338922477,40635290
49.3821,8,49341445483,40635290
49.3846,4,49297990181,86640598
49.3872,5,49346462489,40691296
49.3922,1,49351743707,40436084
49.395,15,49308261405,86754392
49.3975,3,49356733713,40805090
49.4003,7,49359301719,41022296
49.4028,11,49361824725,41022296
49.4054,10,49364347731,41022296
49.4079,13,49366870737,41022296
49.4104,9,49369393743,41022296
49.413,14,49371952749,41004296
49.4155,0,49374475755,41004296
49.418,12,49376998761,41004296
49.4206,2,49379557767,40995296
49.4231,8,49382080773,40995296
49.4256,4,49384630779,40995296
49.4281,5,49387153785,40995296
49.4307,6,49348985495,81686592
49.4332,1,49392179791,41033302
49.436,15,49395015797,41033302
49.4386,3,49397538803,41033302
49.4412,7,49400324015,40834096
49.4437,11,49402847021,40834096
49.4462,10,49405370027,40834096
49.4487,13,49407893033,40834096
49.4513,9,49410416039,40834096
49.4565,14,49412957045,43565308
49.459,0,49415480051,43565308
49.4616,12,49418003057,43565308
49.4641,2,49420553063,43565308
49.4691,4,49425626075,43509302
49.4717,5,49428149081,43509302
49.4742,6,49430672087,43509302
49.4767,1,49433213093,43509302
49.4792,15,49436049099,43196302
49.4818,3,49438572105,43196302
49.4869,7,49441158111,45692308
49.4894,11,49443681117,45692308
49.4919,10,49446204123,45692308
49.4944,13,49448727129,45692308
49.4973,9,49451250135,46005308
49.4998,14,49456522353,43301096
49.505,12,49461568365,43462296
49.5076,2,49464118371,43462296
49.5101,8,49423076069,87027604
49.5127,4,49469135377,43518302
49.5152,5,49471658383,43518302
49.5177,6,49474181389,43518302
49.5227,15,49479245401,43462296
49.5252,3,49481768407,43462296
49.5278,7,49486850419,40966290
49.5303,11,49489373425,40966290
49.5353,13,49494419437,40910284
49.5382,9,49497255443,40910284
49.5407,14,49499823449,40883284
49.5432,0,49459045359,84184380
49.5458,12,49505030661,40722084
49.5483,2,49507580667,40722084
49.5508,8,49510103673,40722084
49.5536,4,49512653679,40939290
49.5561,5,49515176685,40939290
49.5586,6,49517699691,40939290
49.5637,1,49476722395,86971598
49.5662,15,49522707697,43509302
49.5687,3,49525230703,43509302
49.5713,7,49527816709,43491302
49.5738,11,49530339715,43491302
49.5764,10,49491896431,84457592
49.5789,13,49535329721,43547308
49.5814,9,49538165727,43234308
49.5865,14,49540706733,45748314
49.589,0,49543229739,45748314
49.5915,12,49545752745,45748314
49.5965,8,49550825757,45692308
49.6068,1,49563693993,43133078
49.6096,15,49566216999,43350284
49.6121,3,49568740005,43350284
49.6147,7,49571308011,43350284
49.6172,11,49573831017,43350284
49.6197,10,49576354023,43350284
49.6222,13,49578877029,43350284
49.6248,9,49581400035,43350284
49.6273,14,49586455047,40854278
49.6298,0,49588978053,40854278
49.6324,12,49591501059,40854278
49.6349,2,49548302751,86602592
49.6374,8,49596518065,40910284
49.6453,4,49553592969,91726398
49.6478,5,49556115975,91726398
49.6529,1,49606827071,46023308
49.6581,3,49612090289,45967302
49.6631,7,49614658295,48481308
49.6657,11,49617181301,48481308
49.6707,13,49622227313,48425302
49.6732,9,49624750319,48425302
49.6757,14,49627309325,48407302
49.6782,0,49629832331,48407302
49.6808,12,49632355337,48407302
49.6858,2,49634905343,50921308
49.6883,8,49637428349,50921308
49.6934,4,49645319367,48121302
49.696,5,49647842373,48121302
49.6985,6,49558638981,139847700
49.7016,1,49652850379,48707514
49.7041,15,49609567283,94513616
49.7066,3,49658057591,48546314
49.7117,7,49663139603,48564314
49.7167,10,49619704307,96989616
49.7192,13,49670652615,48564314
49.7217,9,49673175621,48564314
49.7243,14,49675716627,48564314
49.7268,0,49678239633,48564314
49.7318,2,49685826651,46003302
49.7344,8,49688349657,46003302
49.7394,4,49693440669,45994302
49.7423,5,49695963675,46307302
49.7448,6,49698486681,46307302
49.7523,3,49706603905,45665084
49.7551,7,49711703917,43368284
49.7576,11,49665662609,91932598
49.7626,13,49719216929,43368284
49.7651,9,49721739935,43368284
49.7701,0,49726803947,43312278
49.7726,12,49680762639,91876592
49.7752,2,49731829953,43350284
49.7777,8,49734352959,43350284
49.7828,4,49739434971,43350284
49.7853,5,49742270977,43037284
49.7878,6,49744793983,43037284
49.7904,1,49701557893,88814380
49.7929,15,49704080899,88814380
49.7954,3,49752268989,43149296
49.8036,7,49755072201,48490308
49.8061,11,49757595207,48490308
49.8086,10,49716693923,91914598
49.8111,13,49762585213,48546314
49.8137,9,49765108219,48546314
49.8187,0,49770116225,48546314
49.8212,12,49772639231,48546314
49.8237,2,49775180237,48546314
49.8262,8,49777703243,48546314
49.8338,4,49782785255,51060320
49.8364,5,49785308261,51060320
49.8442,15,49792895279,51261314
49.8467,3,49795418285,51261314
49.8545,7,49803562509,50919308
49.857,11,49806085515,50919308
49.8595,10,49808608521,50919308
49.8621,13,49811131527,50919308
49.8646,9,49813654533,50919308
49.8671,14,49724280941,142833906
49.8696,0,49818662539,50975314
49.8722,12,49821185545,50975314
49.8747,2,49823726551,50975314
49.8798,4,49833845575,45909296
49.8823,5,49836368581,45909296
49.8873,1,49790372273,96913610
49.8898,15,49844156593,45652296
49.8923,3,49846679599,45652296
49.8949,7,49854481817,40445084
49.8974,11,49857004823,40445084
49.9,10,49859527829,40445084
49.9025,13,49862050835,40445084
49.9078,14,49867114847,40702078
49.9106,0,49869637853,40919284
49.9131,12,49872160859,40919284
49.9181,8,49826249557,91838592
49.9206,4,49879754871,40892284
49.9232,5,49882277877,40892284
49.9257,6,49787831267,137861900
49.9282,1,49887285883,40948290
49.9308,15,49889808889,40948290
49.9333,3,49892331895,40948290
49.9384,7,49894926901,43435296
49.9409,11,49897449907,43435296
49.9434,10,49899972913,43435296
49.9459,13,49902495919,43435296
49.9488,9,49864573841,84193380
49.9515,14,49907816925,43708508
49.954,0,49910557137,43491302
49.9566,12,49913080143,43491302
49.9591,2,49874701865,84410586
49.9616,8,49918088149,43547308
49.9667,4,49920647155,46061314
49.9692,5,49923170161,46061314
49.9718,6,49925693167,46061314
49.9743,1,49928234173,46061314
49.9768,15,49930757179,46061314
49.9793,3,49933280185,46061314
49.9844,7,49938362197,46079314
49.987,11,49940885203,46079314
49.9895,10,49943408209,46079314
49.992,13,49945931215,46079314
49.9945,9,49948767221,45766314
50.0045,12,49956571445,47960102
50.0074,2,49959112451,48273102
50.0101,8,49961635457,48490308
50.0177,5,49969231475,48452302
50.0202,6,49971754481,48452302
50.0252,15,49976818493,48396296
50.0277,3,49979341499,48396296
50.0303,7,49984441511,45882290
50.0353,10,49989487523,45826284
50.0378,13,49992010529,45826284
50.0404,9,49994533535,45826284
50.0429,14,49951525433,91384392
50.0479,12,50004531547,43368284
50.051,2,50007385553,43585490
50.0535,8,50010125765,43368284
50.0561,4,49966708469,89362586
50.0586,5,50017683777,40910284
50.0611,6,50020206783,40910284
50.0637,1,49974295487,89362586
50.0662,15,50025214789,40966290
50.0687,3,50027737795,40966290
50.0713,7,50030323801,40948290
50.0738,11,49986964517,86830580
50.0763,10,50035313807,41004296
50.0788,13,50037836813,41004296
50.0814,9,50040359819,41004296
50.0839,14,50042909825,40995296
50.0864,0,49954048439,132379688
50.089,12,50047899831,41051302
50.0915,2,50050971043,40521096
50.094,8,50053494049,40521096
50.0991,4,50056071055,43017102
50.1018,5,50058594061,43234308
50.1044,6,50061117067,43234308
50.1097,1,50063658073,46061314
50.1122,15,50066181079,46061314
50.1148,3,50068704085,46061314
50.1173,7,50071272091,46061314
50.1199,11,50073795097,46061314
50.1248,13,50078841109,46005308
50.1274,9,50081364115,46005308
50.1324,0,50086428127,45949302
50.1349,12,50088951133,45949302
50.1374,2,50091492139,45949302
50.14,8,50094015145,45949302
50.1425,4,50099088157,43453296
50.1451,5,50101828369,43236090
50.1476,6,50104351375,43236090
50.1504,1,50109719387,40635290
50.1532,15,50112242393,40948290
50.1557,3,50114765399,40948290
50.1608,7,50117333405,43462296
50.1633,11,50119856411,43462296
50.1658,10,50076318103,89523610
50.1684,13,50124846417,43518302
50.1709,9,50127369423,43518302
50.1759,14,50083905121,92037616
50.1785,0,50132377429,46088314
50.181,12,50134900435,46088314
50.186,2,50137441441,48602320
50.1886,8,50139964447,48602320
50.1936,4,50142541453,51107326
50.1986,6,50147587465,51051320
50.2039,1,50150354677,53547326
50.2064,15,50153190683,53234326
50.2089,3,50155713689,53234326
50.2193,11,50163318707,55967320
50.2218,10,50165841713,55967320
50.2243,13,50168364719,55967320
50.2269,9,50170887725,55967320
50.2294,14,50175942737,53462314
50.2319,0,50178465743,53462314
50.2345,12,50180988749,53462314
50.237,2,50186043761,50966308
50.2395,8,50188566767,50966308
50.2421,4,50193648779,48461302
50.2446,5,50145064459,99568628
50.2497,1,50203902003,45748090
50.2524,15,50206425009,45965296
50.2552,3,50208948015,46278296
50.2628,7,50160795701,102053628
50.2654,11,50219286027,46086308
50.2679,10,50221809033,46086308
50.2704,13,50224332039,46086308
50.2729,9,50226855045,46086308
50.2755,14,50229405051,46077308
50.278,0,50231928057,46077308
50.283,2,50237010069,46003302
50.2931,4,50242110081,50966308
50.2956,5,50244633087,50966308
50.2981,6,50198638785,99483616
50.3009,1,50249650093,51221520
50.3034,15,50252390305,51004314
50.3059,3,50255226311,50691314
50.3135,11,50265372335,48121302
50.3163,10,50267895341,48434302
50.3238,14,50275482359,48322290
50.3263,0,50278005365,48322290
50.3289,12,50234451063,94399598
50.3314,2,50283013371,48378296
50.3339,8,50239533075,94381598
50.3365,4,50293076389,43433290
50.339,5,50295599395,43433290
50.3465,1,50300871613,45676084
50.3491,15,50303394619,45676084
50.3572,7,50262849329,94318592
50.3597,11,50313493637,46197290
50.3622,10,50316329643,45884290
50.3647,13,50270418347,94318592
50.3673,9,50272941353,94318592
50.3723,14,50323804649,48510308
50.3748,0,50326327655,48510308
50.3774,12,50328850661,48510308
50.3849,2,50331391667,53482314
50.3874,8,50333914673,53482314
50.39,4,50336509679,53455314
50.3925,5,50339032685,53455314
50.395,6,50298122401,96888604
50.3976,1,50346547697,51004314
50.4001,15,50349070703,51004314
50.4206,10,50362213933,58396320
50.4231,13,50364736939,58396320
50.4282,14,50372314957,55835308
50.4307,0,50374837963,55835308
50.4332,12,50377360969,55835308
50.4358,2,50384873981,50890302
50.4383,8,50387396987,50890302
50.4409,4,50389964993,50890302
50.4434,5,50392487999,50890302
50.4459,6,50395011005,50890302
50.4484,1,50397552011,50881302
50.4536,3,50305917625,147722900
50.4591,7,50357167921,101930616
50.4616,11,50359690927,101930616
50.4641,10,50420610253,43534296
50.4691,9,50367259945,101874610
50.4717,14,50428150265,43516296
50.4742,0,50430673271,43516296
50.4767,12,50433196277,43516296
50.4818,2,50435764283,46003302
50.4843,8,50438287289,46003302
50.4869,4,50440855295,46003302
50.4894,5,50443378301,46003302
50.4919,6,50445901307,46003302
50.4944,1,50448433313,46003302
50.497,15,50400075017,96884604
50.4995,3,50453640525,45842102
50.5048,7,50459098537,45710308
50.5098,10,50464144549,45654302
50.5123,13,50423133259,89188598
50.5148,9,50469134555,45710308
50.5174,14,50471666561,45710308
50.5202,0,50474189567,46023308
50.5227,12,50476712573,46023308
50.5253,2,50481767585,43518302
50.5278,8,50484290591,43518302
50.5304,4,50486858597,43518302
50.5329,5,50489381603,43518302
50.5354,6,50491904609,43518302
50.538,1,50494436615,43518302
50.5405,15,50496959621,43518302
50.543,3,50499482627,43518302
50.5481,7,50504808845,43301096
50.5506,11,50461621543,89011404
50.5556,13,50512321857,43301096
50.5612,14,50517376869,43775302
50.5637,0,50520212875,43462302
50.5662,12,50522735881,43462302
50.5737,8,50527808893,45911302
50.5763,4,50530376899,45911302
50.5788,5,50532899905,45911302
50.5838,1,50537954917,45855296
50.5863,15,50540477923,45855296
50.5889,3,50543000929,45855296
50.594,7,50548109941,45855296
50.599,10,50509798851,89156392
50.6015,13,50555622953,45855296
50.6042,9,50514844863,89373598
50.6068,14,50561152171,45607296
50.6168,2,50525285887,91480592
50.6193,8,50573720195,45569290
50.6272,4,50576288201,50910302
50.6322,6,50535422911,96765598
50.6347,1,50583810213,50910302
50.6372,15,50586333219,50910302
50.6423,7,50593965237,48340290
50.6448,11,50550632947,94195586
50.6474,10,50598955243,48396296
50.6548,14,50606759467,48049078
50.6573,0,50563675177,93656374
50.6599,12,50566198183,93656374
50.6626,2,50616766479,45864290
50.6655,8,50619289485,46177290
50.6706,4,50627198503,43377284
50.6756,6,50632188509,43377284
50.6806,15,50637243521,43321278
50.6831,3,50588856225,94231580
50.6857,7,50642305527,43368284
50.6882,11,50644828533,43368284
50.6907,10,50647351539,43368284
50.6932,13,50601478249,91764580
50.6958,9,50604218461,91547374
50.6983,14,50654808545,43480296
50.7008,0,50657331551,43480296
50.7061,2,50662630769,43424290
50.7086,8,50665466775,43111290
50.7112,4,50670575787,40579284
50.7186,5,50578811207,139800870
50.7211,1,50634720515,86414568
50.724,15,50680564799,43406290
50.7265,3,50683087805,43406290
50.7316,7,50685673811,45920296
50.7341,11,50688196817,45920296
50.7366,10,50690719823,45920296
50.7392,13,50693242829,45920296
50.7417,9,50695765835,45920296
50.7467,0,50700811847,45864290
50.7492,12,50659854557,89344586
50.752,2,50706055059,45920296
50.7545,8,50708578065,45920296
50.7571,4,50711155071,45911296
50.7596,6,50675565793,84032580
50.7621,5,50718612077,43509302
50.7647,1,50721135083,43518302
50.7725,7,50731594107,40910284
50.775,11,50734117113,40910284
50.7776,10,50736640119,40910284
50.7801,13,50739163125,40910284
50.7826,9,50741686131,40910284
50.7851,14,50698288841,86830580
50.7876,0,50746676137,40966290
50.7927,2,50751975355,40693078
50.7952,8,50754498361,40693078
50.8002,5,50762121379,38105066
50.803,1,50764653385,38322272
50.8055,15,50723971089,81527574
50.8106,7,50772504391,38056278
50.8131,11,50775027397,38056278
50.8156,10,50777550403,38056278
50.8206,9,50782596415,38000272
50.8231,14,50785119421,38000272
50.8256,0,50787642427,38000272
50.831,2,50792668433,38295272
50.8335,8,50795191439,38295272
50.836,6,50759598373,76447344
50.8411,1,50802975657,38078066
50.8436,15,50805498663,38078066
50.8461,3,50726494095,119605640
50.8514,7,50810560669,40865284
50.8564,10,50815606681,40809278
50.8589,13,50780073409,78865556
50.8615,9,50820596687,40865284
50.864,14,50823119693,40865284
50.8665,0,50825642699,40865284
50.8693,12,50749199143,120144846
50.8719,2,50830963705,40921290
50.8744,8,50833486711,40921290
50.877,6,50836045717,40921290
50.8795,5,50800226445,79263568
50.8845,15,50843576729,40912290
50.887,3,50846099735,40912290
50.8896,4,50757066367,132495664
50.8946,7,50851425953,43218090
50.8972,11,50813083675,84083374
50.8997,10,50856415959,43274096
50.9022,13,50858938965,43274096
50.9072,14,50863984977,43218090
50.9099,0,50866507983,43435296
50.915,2,50871884995,43066290
50.9175,8,50874408001,43066290
50.92,6,50876967007,43066290
50.9226,5,50879490013,43066290
50.9251,1,50841053723,84034586
50.9276,15,50884489019,43122296
50.9304,3,50887012025,43435296
50.933,4,50889562031,43453296
50.9406,11,50897167049,43397290
50.9431,10,50899690055,43397290
50.9456,13,50902213061,43397290
50.9508,14,50907203067,43614496
50.9533,0,50909943279,43397290
50.9559,12,50869343989,86519586
50.9584,2,50914951285,43453296
50.9609,8,50917474291,43453296
50.9635,6,50920033297,43453296
50.966,5,50922556303,43453296
50.9685,1,50925088309,43453296
50.9714,15,50927611315,43766296
50.9739,3,50930447321,43453296
50.9765,4,50933015327,43453296
50.9815,7,50894644043,86850586
50.984,11,50940564339,43453296
50.9865,10,50943087345,43453296
50.9891,13,50945610351,43453296
50.9916,9,50861461971,130124682
50.9941,14,50950817563,43292096
50.9966,0,50953340569,43292096
50.9992,12,50955863575,43292096
51.0019,2,50958404581,43509302
51.0044,8,50960927587,43509302
51.007,6,50963486593,43509302
51.0095,5,50966009599,43509302
51.0121,1,50968541605,43509302
51.0146,15,50971377611,43196302
51.0171,3,50973900617,43196302
51.0197,4,50976468623,43196302
51.0222,7,50981494629,40738302
51.0248,11,50984017635,40738302
51.0297,13,50989063647,40682296
51.0326,9,50991586653,40995296
51.0351,14,50994109659,40995296
51.0376,0,50996632665,40995296
51.0402,12,50999155671,40995296
51.0427,2,51001913883,40787090
51.0452,8,51004436889,40787090
51.0478,6,51006995895,40787090
51.0505,5,51009518901,41004296
51.0556,1,51012050907,43518302
51.0581,15,51014573913,43518302
51.0606,3,51017096919,43518302
51.0657,7,51022232931,43453296
51.0682,11,51024755937,43453296
51.0707,10,50986540641,84191598
51.0736,13,51029745943,43822302
51.0761,9,51032581949,43509302
51.0786,14,51035104955,43509302
51.0811,0,51037627961,43509302
51.0837,12,51040150967,43509302
51.0862,2,51042700973,43491302
51.0887,8,51045223979,43491302
51.0913,6,51047782985,43491302
51.0938,5,51050523197,43274096
51.0963,1,51055569209,40778090
51.0989,15,51058092215,40778090
51.1014,3,51060615221,40778090
51.1067,4,51019664925,87027604
51.1093,7,51065686227,43565308
51.1118,11,51068209233,43565308
51.1143,10,51070732239,43565308
51.1168,13,51073568245,43252308
51.1193,9,51076091251,43252308
51.1243,0,51081137263,43196302
51.1269,12,51083660269,43196302
51.1294,2,51086192275,43196302
51.1319,8,51088715281,43196302
51.1348,6,51091274287,43509302
51.1373,5,51093797293,43509302
51.1398,1,51096347299,43491302
51.1424,15,51098870305,43491302
51.1449,3,51101393311,43491302
51.1475,4,51106692529,40778090
51.1502,7,51109251535,40995296
51.1528,11,51111774541,40995296
51.1578,13,51116820553,40939290
51.1603,9,51119343559,40939290
51.1628,14,51078614257,84191598
51.1678,12,51126856571,40939290
51.1703,2,51129388577,40939290
51.1729,8,51131911583,40939290
51.1757,6,51134783589,40939290
51.1807,1,51139838601,40883284
51.1832,15,51142361607,40883284
51.1858,3,51144884613,40883284
51.1883,4,51147470619,40865284
51.1909,7,51150246831,40666078
51.1934,11,51152769837,40666078
51.196,10,51114297547,81661374
51.1985,13,51157759843,40722084
51.2012,9,51160282849,40939290
51.2037,14,51162805855,40939290
51.2063,0,51124333565,81934586
51.2088,12,51167795861,40995296
51.2113,2,51170327867,40995296
51.2138,8,51172850873,40995296
51.2164,6,51175722879,40682296
51.2189,5,51137306595,81621586
51.2215,1,51180721885,40738302
51.224,15,51183244891,40738302
51.2265,3,51185767897,40738302
51.2291,4,51188335903,40738302
51.2316,7,51190912909,40720302
51.2369,10,51195958921,40977302
51.2395,13,51198481927,40977302
51.242,9,51201222139,40760096
51.2445,14,51203745145,40760096
51.2495,12,51208791157,40704090
51.2522,2,51211323163,40921296
51.2548,8,51213846169,40921296
51.2573,6,51216405175,40921296
51.2598,5,51218928181,40921296
51.2624,1,51221460187,40921296
51.2649,15,51223983193,40921296
51.2674,3,51226506199,40921296
51.27,4,51229074205,40921296
51.2726,7,51231633211,40921296
51.2751,11,51193435915,81641598
51.2779,10,51236936223,40977296
51.2804,13,51239459229,40977296
51.283,9,51241982235,40977296
51.2855,14,51244505241,40977296
51.288,0,51206268151,81737392
51.2905,12,51249495247,41033302
51.2931,2,51252244459,40834096
51.2956,8,51254767465,40834096
51.2982,6,51257326471,40834096
51.3007,5,51259849477,40834096
51.3034,1,51262381483,41051302
51.306,15,51264904489,41051302
51.3085,3,51267427495,41051302
51.311,4,51269995501,41051302
51.3136,7,51272554507,41051302
51.3161,11,51275077513,41051302
51.3187,10,51277913519,40738302
51.3212,13,51280436525,40738302
51.3237,9,51282959531,40738302
51.3262,14,51285482537,40738302
51.3287,0,51288005543,40738302
51.3313,12,51290528549,40738302
51.3338,2,51293078555,40720302
51.3363,8,51295601561,40720302
51.3392,6,51298160567,41033302
51.3417,5,51300683573,41033302
51.3443,1,51303432785,40834096
51.3468,15,51305955791,40834096
51.3493,3,51308478797,40834096
51.3521,4,51311046803,41051302
51.3597,7,51313605809,46079314
51.3622,11,51316128815,46079314
51.3647,10,51318651821,46079314
51.3673,13,51321174827,46079314
51.3698,9,51323697833,46079314
51.3723,14,51326220839,46079314
51.3748,0,51328743845,46079314
51.3773,12,51331266851,46079314
51.3802,2,51333798857,46392314
51.3852,6,51339193869,46023308
51.3877,5,51341716875,46023308
51.3903,1,51344266881,46005308
51.3953,3,51349312893,45949302
51.4081,11,51362208129,45864290
51.4106,10,51364731135,45864290
51.4131,13,51367254141,45864290
51.4156,9,51369777147,45864290
51.4182,14,51372300153,45864290
51.4232,12,51377346165,45808284
51.4257,2,51380191171,45495284
51.4282,8,51336321863,91887598
51.4333,6,51385217177,48065296
51.4383,1,51390272189,48009290
51.4411,15,51346789887,94327598
51.4436,3,51395262195,48378296
51.4487,4,51352098105,96651398
51.4515,7,51359685123,91840592
51.454,11,51408072419,45976302
51.4566,10,51410595425,45976302
51.4591,13,51413118431,45976302
51.4616,9,51415641437,45976302
51.4641,14,51418164443,45976302
51.4691,12,51423154449,45976302
51.4717,2,51425686455,45976302
51.4742,8,51428209461,45976302
51.4768,6,51433282473,43480296
51.4793,5,51387740183,91545592
51.4818,1,51438281479,43536302
51.4871,3,51443640491,43480296
51.4922,4,51448749503,43462296
51.4973,7,51451525715,45777096
51.4998,11,51454048721,45777096
51.5023,10,51456571727,45777096
51.51,14,51464140745,45882290
51.5125,0,51374823159,137722882
51.5151,12,51469130751,45938296
51.5176,2,51471662757,45938296
51.5201,8,51474185763,45938296
51.5252,5,51479285775,45864290
51.5277,1,51481817781,45864290
51.5302,15,51441117485,89087592
51.5327,3,51487120787,45607296
51.5353,4,51492211799,43093290
51.5404,7,51497302811,43093290
51.5432,11,51499825817,43406290
51.5458,10,51502348823,43406290
51.5483,13,51459094733,89183386
51.551,9,51461617739,89400592
51.556,0,51512546041,43462296
51.561,2,51517601053,43406290
51.5635,8,51520124059,43406290
51.5661,6,51476762769,89326586
51.5686,5,51525150065,43462296
51.5711,1,51527682071,43462296
51.5737,15,51530205077,43462296
51.5762,3,51532728083,43462296
51.5813,4,51535305089,45967302
51.5838,7,51540396101,43453296
51.5867,11,51543232107,43453296
51.5892,10,51545755113,43453296
51.5917,13,51548278119,43453296
51.5967,14,51510023035,86698386
51.6019,12,51515069047,86859586
51.6045,2,51561007343,43453296
51.607,8,51563530349,43453296
51.6095,6,51566089355,43453296
51.6121,5,51568612361,43453296
51.6146,1,51571144367,43453296
51.6171,15,51573667373,43453296
51.6196,3,51576190379,43453296
51.6222,4,51581272391,40948290
51.6248,7,51583849397,40939290
51.6273,11,51586685403,40626290
51.6298,10,51589208409,40626290
51.6324,13,51591731415,40626290
51.6349,9,51551018331,83862380
51.6374,14,51596721421,40682296
51.6399,0,51556008337,83918386
51.6424,12,51601928633,40521096
51.645,2,51604460639,40521096
51.6478,8,51606983645,40834096
51.6506,6,51609542651,41051302
51.6531,5,51612065657,41051302
51.6556,1,51614597663,41051302
51.6582,15,51617120669,41051302
51.6607,3,51619643675,41051302
51.6633,4,51622220681,41033302
51.6683,7,51624788687,43547308
51.6709,11,51627311693,43547308
51.6734,10,51629834699,43547308
51.6784,9,51634880711,43491302
51.6809,14,51637403717,43491302
51.6834,0,51639926723,43491302
51.6859,12,51642449729,43491302
51.6888,2,51644981735,43804302
51.6913,8,51647817741,43491302
51.6939,6,51650593953,43292096
51.6964,5,51653116959,43292096
51.6989,1,51655648965,43292096
51.7017,15,51658171971,43509302
51.7042,3,51660694977,43509302
51.7068,4,51663253983,43509302
51.7119,7,51668335995,43518302
51.7168,10,51673382007,43462296
51.7194,13,51632357705,87009604
51.7244,14,51680895019,43462296
51.7269,0,51683418025,43462296
51.7294,12,51685941031,43462296
51.7319,2,51688786037,43149296
51.7345,8,51691309043,43149296
51.737,6,51693886049,43140296
51.7395,5,51696409055,43140296
51.7421,1,51698941061,43140296
51.7471,3,51704204279,42867084
51.7499,4,51706763285,43180084
51.7527,7,51711854297,40883284
51.7553,11,51670859001,84401586
51.7578,10,51716844303,40939290
51.7603,13,51719367309,40939290
51.7628,9,51678372013,84457592
51.7654,14,51724357315,40995296
51.7679,0,51726880321,40995296
51.7704,12,51729403327,40995296
51.7729,2,51731935333,40995296
51.7755,8,51734458339,40995296
51.7805,6,51737026345,43509302
51.7831,5,51739549351,43509302
51.7856,1,51742081357,43509302
51.7881,15,51701681273,86432392
51.7909,3,51747071363,43878308
51.796,4,51749943369,46079314
51.8013,7,51752737581,48593320
51.8039,11,51755260587,48593320
51.8064,10,51757783593,48593320
51.8114,9,51762829605,48537314
51.8139,14,51765352611,48537314
51.8164,0,51767875617,48537314
51.8189,12,51770398623,48537314
51.824,2,51772930629,51051320
51.8265,8,51775453635,51051320
51.8316,6,51780535647,51060320
51.8341,5,51783058653,51060320
51.8367,1,51785590659,51060320
51.8392,15,51788113665,51060320
51.8417,3,51790949671,50747320
51.8468,4,51796022683,50765320
51.8574,7,51801330901,56115332
51.86,11,51803853907,56115332
51.8625,10,51806376913,56115332
51.8724,0,51816412931,56003320
51.8749,12,51818935937,56003320
51.88,2,51823981949,56021320
51.8876,6,51831595967,55965314
51.8901,5,51834118973,55965314
51.8929,1,51836650979,56278314
51.8955,15,51839173985,56278314
51.898,3,51841696991,56278314
51.9108,11,51859969239,50834290
51.9133,10,51862492245,50834290
51.9158,13,51760306599,155542942
51.9184,9,51811366919,107005628
51.9209,14,51813889925,107005628
51.9234,0,51872416251,51002308
51.9284,2,51880003269,48432296
51.931,8,51826504955,104453616
51.936,6,51887561281,48488302
51.9386,5,51890084287,48488302
51.9411,1,51892929293,48175302
51.9436,15,51895452299,48175302
51.9462,3,51897975305,48175302
51.9515,4,51846788003,104688822
51.9594,7,51857446233,101939610
51.9619,11,51910803529,51105320
51.9644,10,51913326535,51105320
51.9694,9,51918372547,51049314
51.9719,14,51920895553,51049314
51.9745,0,51923418559,51049314
51.977,12,51874939257,102051622
51.9795,2,51928435565,51087320
51.982,8,51930958571,51087320
51.9871,6,51936049583,51087320
51.9897,5,51938572589,51087320
51.9922,1,51941104595,51087320
51.995,15,51943627601,51400320
51.9976,3,51946150607,51400320
52.0029,4,51951476825,51400320
52.008,7,51959385843,48591314
52.013,10,51964431855,48535308
52.0155,13,51915849541,99640628
52.018,9,51969421861,48591314
52.0205,14,51971944867,48591314
52.0255,12,51976990879,48535308
52.0281,2,51979522885,48535308
52.0306,8,51982045891,48535308
52.0357,6,51987136903,48535308
52.0407,1,51992191915,48479302
52.0432,15,51995027921,48166302
52.0457,3,51997550927,48166302
52.0536,7,52007977157,45578290
52.0564,11,51961908849,94482604
52.0589,10,52012967163,45947296
52.0614,13,52015490169,45947296
52.064,9,52018013175,45947296
52.0665,14,52020536181,45947296
52.069,0,51974467873,94538610
52.0715,12,52025526187,46003302
52.0741,2,52028058193,46003302
52.0816,6,52035672211,45947296
52.0841,5,51989659909,94482604
52.0892,1,52040671217,48517308
52.0917,15,52043194223,48517308
52.0942,3,52045717229,48517308
52.0996,4,52002877145,96752404
52.1049,11,52056391453,48490308
52.1074,10,52058914459,48490308
52.1099,13,52061437465,48490308
52.1125,9,52063960471,48490308
52.115,14,52066483477,48490308
52.1175,0,52069006483,48490308
52.125,8,52030581199,94381598
52.1275,6,52081619507,45920296
52.1301,5,52084142513,45920296
52.1326,1,52089188525,43424290
52.1351,15,52091711531,43424290
52.1377,3,52094234537,43424290
52.1453,4,52099629549,45634296
52.1478,7,52053555447,94276404
52.153,10,52107404767,45634296
52.1556,13,52109927773,45634296
52.1584,9,52112450779,45947296
52.1609,14,52114973785,45947296
52.1659,12,52071529489,94381598
52.1684,2,52074061495,94381598
52.171,8,52124962797,46003302
52.1735,6,52127539803,45994302
52.1761,5,52130062809,45994302
52.1786,1,52132612815,45976302
52.1811,15,52135135821,45976302
52.1836,3,52137658827,45976302
52.1913,4,52145263845,45994302
52.1963,7,52147831851,48490308
52.1988,11,52104881761,93963404
52.2017,10,52153039063,48642108
52.2067,9,52158398075,48273102
52.2119,0,52117496791,94381598
52.2169,2,52168443093,48434302
52.2194,8,52170966099,48434302
52.2245,6,52173534105,50948308
52.227,5,52176057111,50948308
52.2295,1,52178589117,50948308
52.2321,15,52181112123,50948308
52.2346,3,52183635129,50948308
52.2447,4,52191258147,53462314
52.2473,7,52196322159,50966308
52.2498,11,52198845165,50966308
52.2523,10,52201681171,50653308
52.265,12,52165911087,99129404
52.2678,2,52216877395,50912308
52.2703,8,52219400401,50912308
52.2754,6,52224482413,50921308
52.2779,5,52227005419,50921308
52.2805,1,52229537425,50921308
52.283,15,52232060431,50921308
52.2855,3,52234583437,50921308
52.2957,4,52244720461,50939308
52.3038,7,52247288467,56479526
52.3063,11,52249811473,56479526
52.3088,10,52252334479,56479526
52.3113,13,52155562069,155774942
52.3139,9,52206671177,107188840
52.3164,14,52160921081,155461942
52.3189,0,52211878389,107027640
52.3214,12,52265040491,56388544
52.3265,2,52267789703,58685344
52.339,5,52277926727,61087338
52.3415,1,52280458733,61087338
52.3441,15,52282981739,61087338
52.3466,3,52285504745,61087338
52.357,4,52295659769,61304544
52.3649,7,52303767993,61114338
52.3699,10,52308814005,61058332
52.3724,13,52311337011,61058332
52.3749,9,52313860017,61058332
52.3774,14,52316383023,61058332
52.38,0,52318906029,61058332
52.39,8,52270312709,119649664
52.3925,6,52275403721,117144658
52.4002,15,52344069077,56162514
52.4028,3,52346592083,56162514
52.4082,7,52364882331,43337272
52.4132,10,52369872337,43337272
52.4157,13,52372395343,43337272
52.4183,9,52374918349,43337272
52.4208,14,52377441355,43337272
52.4233,0,52379964361,43337272
52.4258,12,52321429035,104395604
52.4284,2,52326475047,101899598
52.4334,6,52392548379,40852272
52.4359,5,52339014065,96909592
52.441,1,52341546071,99423598
52.4435,15,52400231591,43261084
52.446,3,52402754597,43261084
52.4486,4,52356964313,91628374
52.4536,7,52408219603,45381090
52.4561,11,52306290999,149832700
52.4586,10,52413209609,45437096
52.4636,9,52418255621,45381090
52.4689,0,52423301633,45638084
52.4717,12,52425824639,45855290
52.4742,2,52428374645,45837290
52.4767,8,52389962373,86772568
52.4793,6,52433400651,45893296
52.4818,5,52435923657,45893296
52.4844,1,52440969669,43397290
52.4894,3,52446015681,43341284
52.4919,4,52448592687,43341284
52.4945,7,52453600693,40892284
52.497,11,52456123699,40892284
52.4995,10,52458646705,40892284
52.5023,13,52415732615,86546586
52.5048,9,52463636711,41165496
52.5076,14,52420778627,86859586
52.5102,0,52468939717,41221502
52.5127,12,52471679929,41004296
52.5152,2,52474211935,41004296
52.5177,8,52476734941,41004296
52.5228,6,52479293947,43518302
52.5253,5,52481816953,43518302
52.5279,1,52484366959,43509302
52.5304,15,52443492675,86906592
52.5405,4,52491933971,48537314
52.548,11,52497015983,50977314
52.5505,10,52499538989,50977314
52.5582,14,52507638213,50552302
52.5607,0,52510161219,50552302
52.5632,12,52512684225,50552302
52.5685,8,52517739237,50809302
52.5736,6,52522812249,50827302
52.5762,5,52525335255,50827302
52.5787,1,52527876261,50827302
52.5812,15,52530399267,50827302
52.5837,3,52489356965,94392610
52.5888,4,52540471285,48340296
52.5914,7,52494492977,96868610
52.5964,10,52550516303,45835290
52.5989,13,52502279201,96595398
52.6039,14,52558190515,45674090
52.6066,0,52560713521,45891296
52.6094,12,52563236527,46204296
52.612,2,52515216231,96756598
52.6145,8,52568548539,45947296
52.622,6,52573639551,48405296
52.6246,5,52576162557,48405296
52.6296,1,52578703563,50919302
52.6321,15,52581226569,50919302
52.6347,3,52583749575,50919302
52.6398,4,52588811581,50966308
52.6448,7,52591361587,53462314
52.6473,11,52547993297,99353610
52.6499,10,52596351593,53518320
52.6551,9,52504802207,150274918
52.6576,14,52603864605,53735526
52.6601,0,52606604817,53518320
52.6626,12,52609440823,53205320
52.6676,8,52614495835,53149314
52.678,5,52624567853,53480314
52.6831,1,52629622865,53489314
52.6856,15,52632145871,53489314
52.7035,7,52644823901,58640520
52.706,11,52647346907,58640520
52.7085,10,52649869913,58640520
52.7138,9,52655077125,58736314
52.7163,14,52657600131,58736314
52.7189,0,52660123137,58736314
52.7214,12,52662646143,58736314
52.7239,2,52611972829,111941634
52.7264,8,52667645149,58792320
52.7315,6,52622044847,109501634
52.739,15,52685635185,53395302
52.7416,3,52634668877,106884616
52.7492,4,52639777889,109425622
52.7545,7,52703464421,51020308
52.757,11,52705987427,51020308
52.7595,10,52708510433,51020308
52.7621,13,52598874599,163179148
52.7646,9,52713813439,50763314
52.7671,14,52716336445,50763314
52.7749,2,52723914463,50964308
52.7774,8,52726437469,50964308
52.7825,6,52731546481,50946308
52.785,5,52678048167,106967628
52.7876,1,52683112179,104444622
52.7901,15,52739030487,51049320
52.8004,4,52749203511,51192520
52.8079,11,52757007735,50937308
52.8105,10,52759530741,50937308
52.8158,9,52764576753,51194308
52.8183,14,52767099759,51194308
52.8208,0,52718859451,101957622
52.8233,12,52721382457,101957622
52.8259,2,52774878771,50993314
52.8284,8,52777401777,50993314
52.831,6,52782492789,48479308
52.836,1,52787556801,48423302
52.8385,15,52790079807,48423302
52.841,3,52741553493,99472622
52.8487,4,52800396031,48271102
52.8514,7,52754484729,96958616
52.854,11,52807945043,46021308
52.8565,10,52810468049,46021308
52.8639,14,52818294067,45652296
52.8665,0,52820817073,45652296
52.8715,2,52825872085,45596290
52.8743,8,52828395091,45909290
52.8769,6,52830972097,45891290
52.8794,5,52785015795,94370598
52.8844,1,52835980103,48461302
52.887,15,52838503109,48461302
52.8895,3,52841026115,48461302
52.8921,4,52848667133,43424290
52.8972,7,52851443345,45721090
52.8997,11,52853966351,45721090
52.9024,10,52856489357,45938296
52.905,13,52762053747,142896912
52.9075,9,52815771061,91702604
52.91,14,52863946363,46050308
52.9125,0,52866469369,46050308
52.915,12,52823340079,91702604
52.9204,8,52874304381,46050308
52.9229,6,52876863387,46050308
52.9254,5,52879386393,46050308
52.928,1,52884441405,43545302
52.9305,15,52886964411,43545302
52.933,3,52889487417,43545302
52.9356,4,52892091423,43518302
52.9407,7,52897164435,43518302
52.9432,11,52899687441,43518302
52.9457,10,52902427653,43301096
52.9483,13,52904950659,43301096
52.9508,9,52907473665,43301096
52.9535,14,52909996671,43518302
52.9585,12,52915042683,43462296
52.961,2,52871468375,89568610
52.9636,8,52920354689,43205302
52.9686,6,52922913695,45719308
52.9712,5,52925436701,45719308
52.9737,1,52927986707,45710308
52.979,3,52933032719,45967308
52.9941,11,52943205743,50883308
52.9966,10,52945728749,50883308
52.9991,13,52948251755,50883308
53.0043,14,52953514973,50827302
53.0069,0,52912519677,94345604
53.0119,2,52961036985,50827302
53.0144,8,52963559991,50827302
53.017,6,52968633003,48322296
53.0198,5,52971156009,48635296
53.0223,1,52973697015,48635296
53.0249,15,52930509713,94345604
53.0349,4,52935609725,99288604
53.04,7,52940682737,99288604
53.0425,11,52994089051,48405296
53.0475,13,52999135063,48349290
53.0549,0,53006865281,48076078
53.0575,12,52958504979,98959386
53.0652,6,53016955299,48228278
53.0677,5,53019791305,47915278
53.0702,1,53022332311,47915278
53.0728,15,53024855317,47915278
53.0753,3,52979000027,96293574
53.0807,4,53034898329,45826284
53.0833,7,53039971341,43312278
53.0883,10,52996612057,91661568
53.0908,13,53047484353,43312278
53.0933,9,52950774761,142544876
53.0958,14,53004342275,91500368
53.0984,0,53054941359,43424290
53.1009,12,53057464365,43424290
53.1036,2,53011864287,91773580
53.1062,8,53014387293,91773580
53.1087,6,53065183577,43545302
53.1113,5,53067706583,43545302
53.1138,1,53070247589,43545302
53.1163,15,53072770595,43545302
53.1217,4,53080724613,40966296
53.1242,7,53083283619,40948296
53.1268,11,53042494347,84260574
53.1293,10,53088273625,41004302
53.1318,13,53090796631,41004302
53.1343,9,53093319637,41004302
53.1368,14,53095842643,41004302
53.1394,0,53098365649,41004302
53.1419,12,53100888655,41004302
53.1444,2,53103637867,40787096
53.1469,8,53106160873,40787096
53.1495,6,53108728879,40778096
53.152,5,53111251885,40778096
53.1548,1,53113792891,40995302
53.1573,15,53116315897,40995302
53.1598,3,53075293601,84540604
53.1624,4,53121690909,40720302
53.165,7,53124231915,40720302
53.1699,10,53129277927,40664296
53.1725,13,53131800933,40664296
53.175,9,53134323939,40664296
53.1775,14,53136846945,40664296
53.18,0,53139369951,40664296
53.1853,2,53144424963,40921290
53.1879,8,53146947969,40921290
53.1904,6,53149506975,40921290
53.193,5,53152029981,40921290
53.1955,1,53154788193,40722084
53.198,15,53157311199,40722084
53.2006,3,53159834205,40722084
53.2034,4,53162411211,40939290
53.2059,7,53164952217,40939290
53.2084,11,53126754921,81659592
53.2109,10,53169942223,40995296
53.2135,13,53172465229,40995296
53.216,9,53174988235,40995296
53.2185,14,53177511241,40995296
53.221,0,53180034247,40995296
53.2239,12,53141892957,81972592
53.2264,2,53185346253,41051302
53.2289,8,53187869259,41051302
53.2315,6,53190428265,41051302
53.234,5,53192951271,41051302
53.2391,1,53195510277,43547308
53.2416,15,53198033283,43547308
53.2441,3,53200556289,43547308
53.2492,4,53203350501,45862108
53.252,7,53205891507,46079314
53.257,10,53210937519,46023308
53.2595,13,53213460525,46023308
53.262,9,53215983531,46023308
53.2645,14,53218506537,46023308
53.2671,0,53221029543,46023308
53.2696,12,53223865549,45710308
53.2721,2,53226397555,45710308
53.2746,8,53228920561,45710308
53.2772,6,53231479567,45710308
53.2797,5,53234002573,45710308
53.285,1,53239057585,45976308
53.2876,15,53241580591,45976308
53.2901,3,53244103597,45976308
53.2927,4,53249212609,43462302
53.2952,7,53251970821,43263096
53.2978,11,53208414513,89342410
53.3005,10,53256960827,43536308
53.303,13,53259483833,43536308
53.3055,9,53262006839,43536308
53.3081,14,53264529845,43536308
53.3106,0,53267052851,43536308
53.3131,12,53269575857,43536308
53.3156,2,53272107863,43536308
53.3182,8,53274630869,43536308
53.3232,6,53277189875,46050314
53.3261,5,53279712881,46363314
53.3311,1,53285033893,46106314
53.3337,15,53287556899,46106314
53.3362,3,53290079905,46106314
53.3438,4,53292674911,51116326
53.3587,13,53303020141,55694108
53.3612,9,53305543147,55694108
53.364,14,53308066153,55911314
53.3665,0,53310589159,55911314
53.369,12,53313112165,55911314
53.3716,2,53315644171,55911314
53.3741,8,53318167177,55911314
53.3766,6,53323240189,53406308
53.3792,5,53326076195,53093308
53.3842,1,53331140207,53037302
53.387,15,53333663213,53350302
53.3895,3,53336186219,53350302
53.4022,4,53343791237,58405314
53.41,11,53297756923,112214846
53.4125,10,53300497135,111997640
53.415,13,53358714249,56303532
53.4175,9,53361237255,56303532
53.4201,14,53363977467,56086326
53.4226,0,53366500473,56086326
53.4251,12,53369023479,56086326
53.4305,2,53371555485,58913332
53.433,8,53374078491,58913332
53.4356,6,53376646497,58904332
53.4481,1,53384177509,63876338
53.453,3,53389536521,63507332
53.4634,7,53295233917,168207160
53.466,11,53409971769,55992314
53.471,13,53415017781,55936308
53.4735,9,53417540787,55936308
53.476,14,53420063793,55936308
53.4785,0,53422586799,55936308
53.481,12,53425109805,55936308
53.4836,2,53430468817,53118302
53.4861,8,53432991823,53118302
53.4915,6,53435550829,55945308
53.494,5,53379169503,114849640
53.5018,1,53448053847,53787520
53.5144,4,53402196551,112212834
53.5219,7,53463441077,58508320
53.5245,11,53465964083,58508320
53.527,10,53412494775,114500634
53.5295,13,53470954089,58564326
53.5324,9,53473477095,58877326
53.5349,14,53476000101,58877326
53.5374,0,53478523107,58877326
53.5399,12,53481046113,58877326
53.5449,8,53486110125,58803320
53.5525,5,53494019143,58452314
53.5628,1,53501841367,60910314
53.5653,15,53387013515,178261172
53.5678,3,53453043853,114753840
53.5729,4,53514409385,58506320
53.583,7,53521949397,61085332
53.5856,11,53524472403,61085332
53.5905,13,53529518415,61029326
53.5934,9,53532354421,61029326
53.5959,14,53534877427,61029326
53.5984,0,53537400433,61029326
53.601,12,53539923439,61029326
53.6037,2,53483587119,120105858
53.6113,6,53491496137,119754852
53.6138,5,53552471457,61302538
53.6164,1,53562751681,53617320
53.6239,4,53572915705,50973302
53.6265,7,53583034729,43449284
53.6315,10,53526995409,104478610
53.6343,13,53590547741,43762284
53.6368,9,53593383747,43449284
53.6394,14,53595906753,43449284
53.6419,0,53598429759,43449284
53.6444,12,53600952765,43449284
53.6469,2,53603692977,43232078
53.6494,8,53544913445,104534616
53.6548,6,53611250989,43505290
53.6573,5,53613773995,43505290
53.6598,1,53616369001,43451290
53.6623,15,53565274687,97068610
53.6699,4,53623889007,46003302
53.6725,7,53626484013,45967302
53.675,11,53585557735,89416586
53.6775,10,53631474019,46023308
53.68,13,53634310025,45710308
53.6825,9,53636833031,45710308
53.6875,0,53641879043,45654302
53.6901,12,53644402049,45654302
53.6926,2,53646925055,45654302
53.7007,6,53654756279,45920296
53.7082,15,53662343297,45808284
53.7107,3,53567797693,142876894
53.7158,4,53669892309,45882290
53.7208,7,53672451315,48396296
53.7234,11,53674974321,48396296
53.7259,10,53677497327,48396296
53.7284,13,53680020333,48396296
53.7309,9,53682543339,48396296
53.7335,14,53639356037,94106604
53.7363,0,53687533345,48765302
53.7413,2,53692579357,48709296
53.7438,8,53649448061,94363598
53.7489,6,53700676575,48179090
53.7541,1,53659820291,94260586
53.7566,15,53708151581,48452302
53.7617,4,53715774599,45882290
53.7642,7,53720847611,43377284
53.7667,11,53723370617,43377284
53.7717,13,53728416629,43321278
53.7743,9,53730939635,43321278
53.7793,0,53736298647,42952272
53.7867,8,53743811659,42896266
53.7893,6,53748855665,40429266
53.7918,5,53657279285,134528652
53.7943,1,53754080877,40268066
53.7972,15,53756603883,40581066
53.7997,3,53710674587,89033368
53.8025,4,53761656889,40836278
53.8051,7,53764224895,40827278
53.8076,11,53766747901,40827278
53.8101,10,53725893623,84204562
53.8151,9,53774260913,40827278
53.8176,14,53733462641,84148556
53.8201,0,53779250919,40883284
53.8227,12,53690056351,132600858
53.8252,2,53741288653,83891562
53.8277,8,53786707925,40995296
53.8303,6,53789284931,40977296
53.8328,5,53791807937,40977296
53.8353,1,53794348943,40977296
53.8382,15,53797184949,40977296
53.8407,3,53799707955,40977296
53.8433,4,53802493167,40778090
53.8458,7,53805052173,40778090
53.8484,11,53807575179,40778090
53.8511,10,53810098185,40995296
53.8536,13,53771737907,81878580
53.8561,9,53815088191,41051302
53.8587,14,53817611197,41051302
53.8612,0,53820134203,41051302
53.8637,12,53822657209,41051302
53.8662,2,53825180215,41051302
53.8688,8,53827703221,41051302
53.8713,6,53830262227,41051302
53.8738,5,53832785233,41051302
53.8764,1,53835326239,41051302
53.8789,15,53838162245,40738302
53.8814,3,53840685251,40738302
53.884,4,53843271257,40720302
53.8866,7,53845830263,40720302
53.8891,11,53848353269,40720302
53.8916,10,53851093481,40503096
53.8941,13,53853616487,40503096
53.8966,9,53856139493,40503096
53.9044,12,53863708511,40704084
53.9069,2,53866231517,40704084
53.9095,8,53868754523,40704084
53.9122,6,53871313529,40921290
53.9148,5,53873836535,40921290
53.9173,1,53876377541,40921290
53.9198,15,53878900547,40921290
53.9223,3,53881423553,40921290
53.9249,4,53883991559,40921290
53.9275,7,53886550565,40921290
53.93,11,53889073571,40921290
53.9325,10,53891596577,40921290
53.935,13,53894119583,40921290
53.9376,9,53896642589,40921290
53.9404,14,53858662499,81737386
53.9429,0,53861185505,81737386
53.9454,12,53904412595,41033302
53.948,2,53906935601,41033302
53.9505,8,53909458607,41033302
53.9533,6,53912234819,41033302
53.9558,5,53914757825,41033302
53.9583,1,53917298831,41033302
53.9609,15,53919821837,41033302
53.9634,3,53922344843,41033302
53.9659,4,53924912849,41033302
53.9685,7,53927471855,41033302
53.971,11,53929994861,41033302
53.9736,10,53932517867,41033302
53.9761,13,53935040873,41033302
53.9786,9,53937563879,41033302
53.9811,14,53940399885,40720302
53.9861,12,53945445897,40664296
53.9886,2,53947968903,40664296
53.9912,8,53950491909,40664296
53.9937,6,53953268121,40447090
53.9962,5,53955791127,40447090
53.9988,1,53958332133,40447090
54.0041,3,53963378145,40704084
54.0069,4,53965946151,40921290
54.0094,7,53968505157,40921290
54.0119,11,53971028163,40921290
54.0145,10,53973551169,40921290
54.017,13,53976074175,40921290
54.0195,9,53978597181,40921290
54.022,14,53981120187,40921290
54.0246,0,53942922891,81641592
54.0271,12,53986110193,40977296
54.0296,2,53988633199,40977296
54.0321,8,53991156205,40977296
54.0347,6,53993715211,40977296
54.0372,5,53996238217,40977296
54.0398,1,53998779223,40977296
54.0426,15,53960855139,81737386
54.0451,3,54004082229,41033302
54.0477,4,54006867441,40834096
54.0505,7,54009426447,41051302
54.053,11,54011949453,41051302
54.0555,10,54014472459,41051302
54.058,13,54016995465,41051302
54.0606,9,54019518471,41051302
54.0631,14,54022041477,41051302
54.0656,0,54024564483,41051302
54.0681,12,54027087489,41051302
54.0707,2,54029610495,41051302
54.0732,8,54032133501,41051302
54.0757,6,54034692507,41051302
54.0808,1,54039756519,40995296
54.0833,15,54042592525,40682296
54.0858,3,54045115531,40682296
54.0884,4,54047701537,40664296
54.0909,7,54050477749,40465090
54.0935,11,54053000755,40465090
54.096,10,54055523761,40465090
54.0985,13,54058046767,40465090
54.101,9,54060569773,40465090
54.1041,14,54063092779,40995296
54.1066,0,54065615785,40995296
54.1091,12,54068138791,40995296
54.1117,2,54070661797,40995296
54.1142,8,54073184803,40995296
54.1167,6,54075743809,40995296
54.1193,5,54037215513,82046598
54.1218,1,54080751815,41051302
54.1243,15,54083274821,41051302
54.1268,3,54085797827,41051302
54.1294,4,54088365833,41051302
54.1344,11,54093465845,40977296
54.137,10,54095988851,40977296
54.1395,13,54098511857,40977296
54.142,9,54101034863,40977296
54.1448,14,54104088075,40760090
54.1474,0,54106611081,40760090
54.1499,12,54109134087,40760090
54.1524,2,54111657093,40760090
54.1602,6,54116739105,43435296
54.1627,5,54119262111,43435296
54.1652,1,54121803117,43435296
54.1678,15,54124326123,43435296
54.1703,3,54126849129,43435296
54.1779,7,54090942839,86926598
54.1804,11,54134443141,45949302
54.1829,10,54136966147,45949302
54.1854,13,54139489153,45949302
54.188,9,54142012159,45949302
54.1905,14,54144848165,45636302
54.1955,12,54149894177,45580296
54.198,2,54152417183,45580296
54.2005,8,54114180099,86340386
54.2062,6,54160174401,45976302
54.2087,5,54162697407,45976302
54.2112,1,54165238413,45976302
54.2137,15,54167761419,45976302
54.2163,3,54170284425,45976302
54.2188,4,54129417135,89411598
54.2239,7,54177869437,46050308
54.2264,11,54180392443,46050308
54.229,10,54182915449,46050308
54.2315,13,54185438455,46050308
54.234,9,54187961461,46050308
54.239,0,54147371171,91630604
54.2415,12,54195474473,46050308
54.244,2,54197997479,46050308
54.2466,8,54200520485,46050308
54.2495,6,54206150703,43319096
54.2545,1,54211214715,43263090
54.2572,15,54213737721,43480296
54.2597,3,54216260727,43480296
54.2648,4,54218828733,45994302
54.2674,7,54223919745,43480296
54.2699,11,54226442751,43480296
54.2724,10,54228965757,43480296
54.275,13,54231488763,43480296
54.2775,9,54234011769,43480296
54.28,14,54190484467,89530604
54.2825,0,54239001775,43536302
54.2851,12,54241524781,43536302
54.2901,8,54246570793,43480296
54.2926,6,54249469799,43140296
54.2951,5,54208673709,86459392
54.2977,1,54254477805,43196302
54.3004,15,54257218017,43196302
54.3029,3,54259741023,43196302
54.3055,4,54264823035,40691296
54.3084,7,54267400041,40995296
54.3109,11,54269923047,40995296
54.3134,10,54272446053,40995296
54.316,13,54274969059,40995296
54.321,14,54280015071,40939290
54.3235,0,54282538077,40939290
54.326,12,54285061083,40939290
54.3285,2,54244047787,84475592
54.331,8,54290051089,40995296
54.3336,6,54292610095,40995296
54.3361,5,54295133101,40995296
54.3411,15,54300414319,40722084
54.3437,3,54302937325,40722084
54.3462,4,54305514331,40704084
54.3488,7,54308395337,40391084
54.3518,11,54310918343,40921290
54.3544,10,54313441349,40921290
54.3569,13,54315964355,40921290
54.3594,9,54277492065,81916586
54.3644,0,54323477367,40921290
54.3669,12,54326000373,40921290
54.3694,2,54328523379,40921290
54.372,8,54331046385,40921290
54.3745,6,54333605391,40921290
54.377,5,54336128397,40921290
54.3796,1,54297674107,81916586
54.3821,15,54341136403,40977296
54.3846,3,54343659409,40977296
54.3872,4,54346218415,40977296
54.3898,7,54348786421,40977296
54.3923,11,54351839633,40447090
54.3948,10,54354362639,40447090
54.3973,13,54356885645,40447090
54.3999,9,54359408651,40447090
54.4024,14,54320954361,81424386
54.4051,0,54364398657,40720302
54.4076,12,54366921663,40720302
54.4105,2,54369444669,41033302
54.413,8,54371967675,41033302
54.4156,6,54374526681,41033302
54.4181,5,54377049687,41033302
54.4231,15,54382113699,40977296
54.4256,3,54384636705,40977296
54.4282,4,54387195711,40977296
54.4307,7,54389763717,40977296
54.4333,11,54392286723,40977296
54.4358,10,54394809729,40977296
54.4383,13,54397332735,40977296
54.4408,9,54399855741,40977296
54.4434,14,54402378747,40977296
54.4459,0,54405118959,40760090
54.4484,12,54407641965,40760090
54.4537,8,54413000977,40704090
54.4565,6,54415559983,40921296
54.459,5,54418082989,40921296
54.4615,1,54379590693,81954598
54.4641,15,54423090995,40977302
54.4666,3,54425614001,40977302
54.4692,4,54428173007,40977302
54.4717,7,54430741013,40977302
54.4742,11,54433264019,40977302
54.4768,10,54435787025,40977302
54.4793,13,54438310031,40977302
54.4818,9,54440833037,40977302
54.4843,14,54443356043,40977302
54.4869,0,54445879049,40977302
54.4894,12,54448402055,40977302
54.4919,2,54410477971,81424392
54.4944,8,54453705067,40720302
54.502,6,54456481279,45549108
54.5048,5,54459004285,45766314
54.5098,1,54461545291,48280320
54.5127,15,54464068297,48606706
54.5152,3,54466591303,48606706
54.5203,4,54469150309,51120712
54.5254,7,54471718315,53634718
54.5279,11,54474241321,53634718
54.5304,10,54476764327,53634718
54.5354,9,54481810339,53578712
54.5379,14,54484333345,53578712
54.5404,0,54486856351,53578712
54.543,12,54489379357,53578712
54.5455,2,54491902363,53578712
54.5586,5,54504770599,53788700
54.5636,1,54509825611,53806700
54.5662,15,54512675003,53480314
54.5687,3,54515198009,53480314
54.5737,4,54520271021,53433308
54.5813,7,54525353033,55965314
54.5838,11,54527876039,55965314
54.5864,10,54530399045,55965314
54.5889,13,54479287333,109600032
54.5914,9,54535389051,56021320
54.5939,14,54537912057,56021320
54.5989,12,54542958069,55965314
54.6017,2,54545481075,56182520
54.6042,8,54494425369,109761232
54.6068,6,54502030387,104751220
54.6093,5,54558559299,50745314
54.6119,1,54563632311,48231308
54.6197,4,54573704329,45974302
54.6248,7,54581318347,43478296
54.6273,11,54583841353,43478296
54.6298,10,54586364359,43478296
54.6324,13,54588887365,43478296
54.6374,14,54593933377,43422290
54.6399,0,54540435063,99443610
54.6424,12,54598923383,43478296
54.6449,2,54601663595,43261090
54.6474,8,54604186601,43261090
54.65,6,54606781607,43216090
54.6527,5,54609304613,43433296
54.6581,15,54566155317,91912604
54.6606,3,54568678323,91912604
54.6631,4,54619678631,43462302
54.6657,7,54624796643,40939296
54.6683,11,54627319649,40939296
54.6708,10,54629842655,40939296
54.6733,13,54632365661,40939296
54.6758,9,54591410371,84417592
54.6784,14,54637355667,40995302
54.6809,0,54639878673,40995302
54.6834,12,54642401679,40995302
54.6859,2,54644924685,40995302
54.6884,8,54647447691,40995302
54.691,6,54649997697,40995302
54.6935,5,54652737909,40778096
54.6986,1,54611863619,86716398
54.7036,3,54660590927,42979096
54.7089,4,54663140933,45710308
54.7114,7,54665735939,45692308
54.714,11,54668258945,45692308
54.7193,13,54673304957,45949308
54.7218,9,54675827963,45949308
54.7243,14,54678350969,45949308
54.7268,0,54680873975,45949308
54.7293,12,54683396981,45949308
54.7319,2,54685919987,45949308
54.7344,8,54688442993,45949308
54.7369,6,54690992999,45949308
54.747,1,54698580017,48425308
54.7495,15,54658067921,91460410
54.7572,4,54708851241,48378302
54.7626,11,54713951253,48635296
54.7651,10,54670781951,94327604
54.7676,13,54719254265,48378296
54.7702,9,54721777271,48378296
54.7727,14,54724300277,48378296
54.7752,0,54726823283,48378296
54.7777,12,54729346289,48378296
54.7827,8,54734392301,48322290
54.7853,6,54736942307,48322290
54.7903,1,54747005325,43312278
54.7928,15,54749528331,43312278
54.7954,3,54703570023,91793592
54.7979,4,54757229543,40702078
54.8032,7,54711428247,91811592
54.8058,11,54762586549,43176296
54.8083,10,54765109555,43176296
54.8108,13,54767632561,43176296
54.8133,9,54770155567,43176296
54.8159,14,54772678573,43176296
54.8184,0,54775201579,43176296
54.8212,12,54777724585,43489296
54.8237,2,54731869295,91867592
54.8263,8,54782714591,43545302
54.8313,6,54785264597,46003302
54.8338,5,54693516005,140274900
54.8363,1,54790317603,46032308
54.8389,15,54792840609,46032308
54.8414,3,54795363615,46032308
54.8439,4,54797931621,46005308
54.8518,7,54803239839,48546314
54.8543,11,54805762845,48546314
54.8568,10,54808285851,48546314
54.8594,13,54810808857,48546314
54.8622,9,54813331863,48859314
54.8647,14,54815854869,48859314
54.8672,0,54818377875,48859314
54.8722,2,54823736887,48490308
54.8748,8,54826259893,48490308
54.8798,6,54831267899,48564314
54.8824,5,54833790905,48564314
54.8924,15,54838872917,53536320
54.8999,4,54843936929,55994320
54.9053,7,54851786153,53480314
54.9078,11,54854309159,53480314
54.9128,13,54859355171,53424308
54.9153,9,54862191177,53111308
54.9203,0,54867237189,53055302
54.9231,12,54821213881,101914616
54.9257,2,54872227195,53424308
54.9307,6,54879832213,50854296
54.9332,5,54882355219,50854296
54.9457,4,54899931249,45806278
54.9483,7,54905266467,43075066
54.9533,10,54856832165,96499374
54.9559,13,54912779479,43075066
54.9584,9,54915302485,43075066
54.9688,2,54925651503,43180266
54.9714,8,54874750201,96604574
54.9764,6,54930686509,45741278
54.979,5,54933209515,45741278
54.984,1,54836349911,147682894
54.9866,15,54892409237,94146574
54.9891,3,54841395923,147682894
54.9916,4,54945737527,45882296
54.9942,7,54948341533,45855296
54.9992,10,54953331539,45855296
55.0019,13,54955854545,46072502
55.0045,9,54958377551,46072502
55.007,14,54864714183,142258876
55.0095,0,54920292491,89203574
55.012,12,54923128497,88890574
55.0145,2,54968831769,45710308
55.0171,8,54971354775,45710308
55.0196,6,54976427787,43205302
55.0222,5,54978950793,43205302
55.025,1,54984032805,41004296
55.0276,15,54986555811,41004296
55.0301,3,54989078817,41004296
55.0326,4,54991619823,41004296
55.0402,11,54907789473,132392658
55.0427,10,54999186835,43518302
55.0452,13,55001927047,43301096
55.0478,9,55004450053,43301096
55.0503,14,55006973059,43301096
55.0553,12,55012019071,43245090
55.0603,8,55017065083,43189084
55.0683,1,55025037101,43267284
55.0708,15,55027560107,43267284
55.0734,3,55030083113,43267284
55.0759,4,55032624119,43267284
55.086,7,54994196829,91831598
55.0886,11,55040182131,48369302
55.0911,10,55042705137,48369302
55.0936,13,55045228143,48369302
55.0986,14,55050274155,48313296
55.1013,0,55009496065,91831598
55.1039,12,55055264161,48586508
55.1113,6,55019633089,91712586
55.1139,5,55022156095,91712586
55.1189,1,55068304385,50637308
55.1215,15,55070827391,50637308
55.124,3,55073350397,50637308
55.1265,4,55075891403,50637308
55.1395,7,55086028427,53435308
55.142,11,55088551433,53435308
55.1445,10,55091074439,53435308
55.1495,9,55047751149,101748604
55.1545,0,55101327663,53162096
55.157,12,55103850669,53162096
55.1622,8,55060254167,101965810
55.1647,2,55014542077,150200906
55.1701,6,55111345675,58774320
55.1726,5,55113868681,58774320
55.1777,1,55118941693,58774320
55.1802,15,55121464699,58774320
55.1828,3,55123987705,58774320
55.1853,4,55126528711,58774320
55.2032,10,55144509747,58640520
55.2057,13,55093597445,112075828
55.2082,9,55149499753,58696526
55.2107,14,55098587451,112131834
55.2157,12,55157012765,58696526
55.2182,8,55162219977,56021320
55.2208,2,55164742983,56021320
55.2259,6,55170119995,55735320
55.2284,5,55172643001,55735320
55.2338,1,55177716013,56048320
55.2363,15,55180239019,56048320
55.2388,3,55182762025,56048320
55.2464,4,55185303031,61076332
55.2643,11,55141986741,122286864
55.2693,13,55205673273,63590338
55.2746,14,55210719285,63847332
55.2771,0,55154489759,122599864
55.2821,2,55220764303,61315326
55.2872,6,55225855315,61315326
55.2897,5,55228378321,61315326
55.2947,15,55236287339,58432314
55.2972,3,55238810345,58432314
55.3077,7,55139463735,168203148
55.3102,11,55264273605,45916284
55.3127,10,55203150267,109562628
55.3152,13,55269263611,45972290
55.3178,9,55208196279,109562628
55.3302,5,55289693647,40510266
55.3355,15,55294719653,40805266
55.338,3,55297242659,40805266
55.3431,4,55246379363,96723574
55.3482,7,55307666883,40581066
55.3532,10,55312712895,40525060
55.3558,13,55315235901,40525060
55.3659,12,55215709291,150192882
55.3684,8,55218241297,150183882
55.371,6,55287170641,83795544
55.3738,5,55330203913,43598278
55.3763,1,55233764333,142578864
55.3813,3,55338047925,43285278
55.3839,4,55343102937,40780272
55.3865,7,55348247949,38239266
55.3939,13,55355760961,38183260
55.3965,9,55317758907,78708320
55.4017,0,55277089623,124584816
55.4042,12,55365902173,38295272
55.4067,2,55282079629,124640822
55.4093,14,55274566617,134703840
55.4118,6,55370966185,40827278
55.4143,5,55373802191,40514278
55.4169,1,55376343197,40514278
55.4194,15,55335524919,83855562
55.4219,3,55381333203,40570284
55.4244,4,55383883209,40552284
55.4295,11,55310189889,119307610
55.432,10,55353237955,78782550
55.4373,9,55396467227,40856284
55.4399,0,55401674439,38181078
55.4424,12,55404197445,38181078
55.4475,14,55409270457,38181078
55.4552,1,55416857475,38295272
55.4577,15,55419380481,38295272
55.4602,3,55421903487,38295272
55.4627,4,55424435493,38295272
55.4653,8,55368425179,96837592
55.4678,2,55406720451,61083326
55.4729,7,55386487215,86380574
55.4754,11,55429497499,45893296
55.4782,10,55432020505,46206296
55.4807,13,55393944221,86805586
55.4833,9,55437323511,45949302
55.4858,0,55439855517,45940302
55.4883,12,55442378523,45940302
55.4959,14,55447451535,48454308
55.4984,6,55411793463,86644386
55.5037,1,55455152747,48510314
55.5062,15,55457675753,48510314
55.5087,3,55460198759,48510314
55.5112,4,55462730765,48510314
55.5214,7,55472867789,48490308
55.5239,11,55475390795,48490308
55.5264,10,55478226801,48177308
55.5289,13,55480749807,48177308
55.5315,9,55483272813,48177308
55.534,0,55485795819,48177308
55.5368,12,55488318825,48490308
55.5469,6,55498437849,48452302
55.5544,15,55506186067,48179090
55.5569,3,55508709073,48179090
55.5621,8,55465262771,96850604
55.5672,5,55414316469,152858912
55.5697,7,55521358097,48340290
55.5722,11,55523881103,48340290
55.5747,10,55526404109,48340290
55.5773,13,55528927115,48340290
55.5801,9,55531450121,48653290
55.5826,0,55533973127,48653290
55.5851,12,55536809133,48340290
55.5902,14,55495905843,94334592
55.5928,6,55546890151,45882290
55.5978,15,55554365157,43424290
55.6078,2,55467803777,139967682
55.618,7,55569698387,48342290
55.623,10,55574744399,48286284
55.6256,13,55577267405,48286284
55.6281,9,55580103411,47973284
55.6306,0,55582626417,47973284
55.6356,14,55590240435,45385272
55.6382,6,55592772441,45385272
55.641,1,55503663061,137348658
55.6435,15,55597789447,45745278
55.6461,3,55556888163,89169568
55.6486,2,55607771459,40809278
55.6511,4,55511241079,139871664
55.6539,8,55562113375,91766580
55.6615,5,55567175381,94345592
55.664,7,55618040677,46003302
55.6666,11,55572221393,94345592
55.6691,10,55623030683,46059308
55.6716,13,55625553689,46059308
55.6766,0,55630599701,46003302
55.6819,14,55635625707,46307308
55.687,6,55638157713,48821314
55.6945,3,55646057731,48396302
55.6995,4,55651112743,48396302
55.7023,8,55653879955,48378302
55.7074,5,55661520973,45864296
55.7124,11,55666566985,45808290
55.7149,10,55669089991,45808290
55.7174,13,55671612997,45808290
55.7199,9,55628076695,91867598
55.7249,12,55585149423,139784876
55.7275,14,55681933015,45551290
55.73,2,55648580737,81435574
55.7325,6,55686979027,45569290
55.7351,1,55641011719,94077604
55.7376,15,55643534725,94077604
55.7401,3,55694454033,45681302
55.743,4,55699509045,43480296
55.748,8,55702258257,45786096
55.7533,7,55664043979,89288586
55.7559,11,55712375275,43480296
55.7584,10,55714898281,43480296
55.7609,13,55717421287,43480296
55.7634,9,55719944293,43480296
55.7659,0,55676603003,89344592
55.7685,12,55724934299,43536302
55.7735,2,55730016311,43509302
55.776,14,55727484305,48564314
55.7786,6,55732548317,46050308
55.7839,15,55737612329,46307308
55.7864,3,55740135335,46307308
55.789,4,55742989341,45976308
55.7941,5,55707385269,86669386
55.799,11,55755855571,43189090
55.8016,10,55758378577,43189090
55.8043,13,55760901583,43406296
55.8068,9,55763424589,43406296
55.8094,0,55765947595,43406296
55.8119,12,55768470601,43406296
55.8169,14,55776048619,40863284
55.8195,6,55778598625,40854284
55.822,1,55735089323,86904592
55.8245,15,55783919637,40597284
55.827,3,55786442643,40597284
55.8296,4,55788965649,40597284
55.8321,8,55748044353,84041586
55.8347,5,55794054655,40626290
55.8372,7,55753332565,83871386
55.8397,11,55799044661,40682296
55.8422,10,55801567667,40682296
55.8451,13,55804307879,40778090
55.8476,9,55806830885,40778090
55.8503,0,55809353891,40995296
55.8529,12,55811876897,40995296
55.8554,2,55773525613,81869586
55.8579,14,55816911903,41033302
55.8605,6,55819452909,41033302
55.863,1,55821993915,41033302
55.8656,15,55824516921,41033302
55.8681,3,55827039927,41033302
55.8706,4,55829562933,41033302
55.8731,8,55832085939,41033302
55.8782,5,55834680945,43547308
55.8808,7,55837203951,43547308
55.8833,11,55839726957,43547308
55.8886,13,55845085969,43491302
55.8911,9,55847608975,43491302
55.8936,0,55850349187,43274096
55.8961,12,55852872193,43274096
55.9014,14,55857945205,43435296
55.9064,6,55860486211,45949302
55.9114,15,55865550223,45893296
55.914,3,55868073229,45893296
55.9165,4,55870596235,45893296
55.919,8,55873119241,45893296
55.9267,5,55878228253,48425302
55.9292,7,55880751259,48425302
55.9317,11,55883274265,48425302
55.9342,10,55842249963,91972610
55.9367,13,55888577271,48168308
55.9393,9,55891100277,48168308
55.9418,0,55893623283,48168308
55.9443,12,55896146289,48168308
55.9472,2,55855395199,91755404
55.9524,14,55901380501,51060320
55.9575,6,55906435513,51078320
55.9601,1,55863027217,97027622
55.965,3,55913966525,51078320
55.9676,4,55916489531,51078320
55.9701,8,55919012537,51078320
55.9803,5,55926653555,53601326
55.9828,7,55929176561,53601326
55.9853,11,55931699567,53601326
55.9955,0,55941791591,53746308
55.9981,12,55944314597,53746308
56.0008,2,55947150603,53650514
56.0034,14,55952440821,50919302
56.0059,6,55957513833,48405296
56.0085,1,55960054839,48405296
56.011,15,55911443519,99539622
56.0135,3,55965044845,48461302
56.016,4,55967567851,48461302
56.0186,8,55970090857,48461302
56.0262,5,55980254881,45965296
56.0312,11,55985300893,45909290
56.0362,13,55936745579,99454610
56.0387,9,55939268585,99454610
56.0412,0,55995537899,45708302
56.0438,12,55998060905,45708302
56.0463,2,56000801117,45491096
56.0491,14,56003360123,45786096
56.0519,6,56005919129,45994302
56.0545,1,56008460135,45994302
56.057,15,56010983141,45994302
56.0595,3,56013506147,45994302
56.062,4,56016029153,45994302
56.0645,8,56018552159,45994302
56.0747,5,56026220177,48490308
56.0772,7,55982777887,94455604
56.0798,11,56031210183,48546314
56.0823,10,55934222573,148056930
56.0848,13,56036200189,48602320
56.0898,0,56041246201,48546314
56.0926,12,56043769207,48859314
56.0952,2,56046292213,48859314
56.1002,14,56049146219,51060320
56.103,6,56051913431,51060320
56.108,15,56056977443,51004314
56.113,4,56062023455,50948308
56.1155,8,56064546461,50948308
56.1206,5,56074710485,45938296
56.1232,7,56077233491,45938296
56.1257,11,56079756497,45938296
56.1282,10,56082279503,45938296
56.1307,13,56084802509,45938296
56.1333,9,56038723195,94540616
56.1358,0,56089792515,45994302
56.1383,12,56092628521,45681302
56.1408,2,56095151527,45681302
56.1459,14,56100206539,45690302
56.1484,6,56102973751,45473096
56.1515,1,56054454437,97063622
56.154,15,56107981757,46059308
56.1566,3,56059500449,97063622
56.1591,4,56112971763,46115314
56.1616,8,56115494769,46115314
56.1667,5,56120648781,46088314
56.1693,7,56123171787,46088314
56.1743,10,56128217799,46032308
56.1768,13,56130740805,46032308
56.1793,9,56133263811,46032308
56.1818,0,56135786817,46032308
56.1843,12,56138309823,46032308
56.1869,2,56140832829,46032308
56.1894,14,56145896841,43518302
56.192,6,56148446847,43518302
56.1948,1,56151518059,43319096
56.1974,15,56154041065,43319096
56.1999,3,56156564071,43319096
56.2051,8,56161610083,43480296
56.2102,5,56166737095,43480296
56.2152,11,56125694793,89512604
56.2177,10,56174250107,43480296
56.2203,13,56176773113,43480296
56.2228,9,56179296119,43480296
56.2253,0,56181819125,43480296
56.2278,12,56184342131,43480296
56.2303,2,56186865137,43480296
56.2329,14,56189415143,43462296
56.2354,6,56191965149,43462296
56.2405,1,56194837155,45654302
56.243,15,56197360161,45654302
56.2455,3,56199883167,45654302
56.2481,4,56159087077,88973398
56.2508,8,56205090379,45710308
56.2588,5,56210217391,48537314
56.2613,7,56169260101,92017610
56.2638,11,56215207397,48593320
56.2663,10,56217730403,48593320
56.2688,13,56220253409,48593320
56.2738,0,56225299421,48537314
56.2764,12,56227822427,48537314
56.2789,2,56230345433,48537314
56.2814,14,56232877439,48537314
56.284,6,56235427445,48537314
56.2865,1,56240491457,46032308
56.289,15,56243014463,46032308
56.2916,3,56245537469,46032308
56.2969,8,56250800687,46072102
56.3022,5,56258754705,43480302
56.3048,7,56261277711,43480302
56.3073,11,56263800717,43480302
56.3098,10,56266323723,43480302
56.3123,13,56268846729,43480302
56.3149,9,56222776415,92073622
56.3174,0,56273836735,43536308
56.3224,2,56278882747,43480302
56.3249,14,56281414753,43480302
56.33,6,56283964759,45994308
56.3325,1,56286523765,45976308
56.335,15,56289046771,45976308
56.3375,3,56291569777,45976308
56.3401,4,56248060475,92008616
56.3426,8,56296872789,45719308
56.3502,5,56302235007,47960102
56.3552,11,56307281019,47904096
56.3605,13,56312327031,48161090
56.363,9,56314850037,48161090
56.3707,2,56322363049,48322290
56.3732,14,56324895055,48322290
56.3758,6,56329959067,45826284
56.3783,1,56332500073,45826284
56.3808,15,56335023079,45826284
56.3834,3,56337546085,45826284
56.3859,4,56340069091,45826284
56.3884,8,56342592097,45826284
56.391,5,56350195109,40854278
56.3936,7,56304758013,88814380
56.3961,11,56355185115,40910284
56.3989,10,56309804025,89127380
56.4039,9,56363011127,40910284
56.4089,12,56276359741,132551676
56.4117,2,56370685339,40966290
56.4142,14,56373217345,40966290
56.4167,6,56375785351,40948290
56.4193,1,56378326357,40948290
56.4218,15,56380849363,40948290
56.4243,3,56383372369,40948290
56.4268,4,56385895375,40948290
56.4294,8,56388418381,40948290
56.4345,5,56391049387,43435296
56.437,7,56393572393,43435296
56.4395,11,56396095399,43435296
56.4421,10,56398931405,43122296
56.4446,13,56360488121,84088586
56.4471,9,56403921411,43178302
56.4546,2,56411651629,42905090
56.4573,0,56317373043,139923888
56.4601,14,56414183635,45949302
56.4627,6,56416733641,45949302
56.4652,1,56419274647,45949302
56.4677,15,56421797653,45949302
56.4703,3,56424320659,45949302
56.4728,4,56426843665,45949302
56.4753,8,56429366671,45949302
56.4779,5,56434484683,43453296
56.4829,11,56439530695,43397290
56.4855,10,56442053701,43397290
56.488,13,56444576707,43397290
56.4905,9,56447099713,43397290
56.493,12,56408911417,84117592
56.4956,2,56454556719,40995296
56.5011,14,56460132937,40948296
56.5036,6,56462682943,40948296
56.5062,1,56465223949,40948296
56.5087,15,56467746955,40948296
56.5112,3,56470269961,40948296
56.5137,4,56472792967,40948296
56.5163,8,56475315973,40948296
56.5189,5,56477937979,40939296
56.5214,7,56437007689,84392592
56.5239,11,56482927985,40995302
56.5264,10,56485450991,40995302
56.529,13,56487973997,40995302
56.534,2,56495552015,38407290
56.5365,0,56457296931,79185380
56.539,14,56501081233,37933084
56.5416,6,56503631239,37933084
56.5441,1,56506172245,37933084
56.5466,15,56508695251,37933084
56.5492,3,56511218257,37933084
56.5519,4,56513741263,38150290
56.5544,8,56516264269,38150290
56.557,5,56518877275,38150290
56.5596,7,56521400281,38150290
56.5624,11,56523923287,38463290
56.5649,10,56526446293,38463290
56.5724,0,56536482311,35884278
56.5749,14,56539014317,35884278
56.5774,6,56541564323,35884278
56.58,1,56544105329,35884278
56.5825,15,56546628335,35884278
56.585,3,56549151341,35884278
56.5876,4,56551891553,35667072
56.5901,8,56554414559,35667072
56.5927,5,56557027565,35667072
56.5952,7,56559550571,35667072
56.6057,9,56490497003,115174858
56.6082,14,56574898595,33296272
56.6107,12,56493029009,117706864
56.6133,6,56577448601,35810278
56.6158,1,56579989607,35810278
56.6183,15,56582512613,35810278
56.6208,3,56585035619,35810278
56.6234,4,56587558625,35810278
56.6334,11,56562386577,70996332
56.6359,10,56564909583,70996332
56.6434,12,56610735873,32627048
56.6459,2,56533959305,111935622
56.6511,1,56615799885,35329254
56.6537,15,56618322891,35329254
56.6562,3,56620845897,35329254
56.6587,4,56623368903,35329254
56.664,13,56528969299,135058870
56.6666,0,56572366589,94211586
56.6691,5,56592694637,76424544
56.6716,7,56595217643,76424544
56.6742,11,56633382909,40782284
56.6767,10,56635905915,40782284
56.6842,6,56613258879,70922326
56.6867,1,56651129139,35611072
56.6893,15,56653652145,35611072
56.6918,3,56656175151,35611072
56.6943,4,56658698157,35611072
56.6968,8,56590081631,106750604
56.6994,13,56664028169,35336072
56.7021,0,56666578175,35571278
56.705,2,56645894927,59126532
56.7075,5,56669119181,38425284
56.7101,7,56671642187,38425284
56.7175,9,56605671861,111861616
56.7201,6,56684181205,35884278
56.7226,14,56608194867,114393622
56.7251,1,56686740211,38380284
56.7276,15,56689263217,38380284
56.7302,3,56691786223,38380284
56.7327,4,56694309229,38380284
56.7352,8,56696832235,38380284
56.7377,13,56699364241,38380284
56.7403,2,56705021459,35282072
56.7428,0,56702149453,40677084
56.7479,7,56710067471,37812072
56.7581,12,56643362921,114695834
56.7606,1,56725120495,35461266
56.7631,15,56727643501,35461266
56.7659,3,56730166507,35774266
56.7685,4,56732689513,35774266
56.771,8,56735212519,35774266
56.7735,13,56737744525,35774266
56.7761,2,56740303531,35756266
56.7786,0,56742826537,35783266
56.7812,5,56707544465,73642344
56.7961,11,56674165193,121946628
56.7986,10,56676688199,121955628
56.8012,1,56760581761,40585072
56.8039,15,56763104767,40802278
56.8064,3,56765940773,40489278
56.8093,4,56768463779,40802278
56.8118,8,56770986785,40802278
56.8143,13,56773518791,40802278
56.8194,0,56778609803,40746272
56.8244,9,56717533477,106895610
56.827,14,56722588489,104363604
56.8295,5,56781186809,48288290
56.8345,6,56720065483,114426622
56.8395,10,56798643827,40856284
56.842,1,56801166833,40865284
56.8446,15,56803907045,40648078
56.8471,3,56806430051,40648078
56.8496,4,56809266057,40335078
56.8546,13,56814321069,40279072
56.8571,2,56776059797,81081350
56.8599,0,56819356075,40552284
56.8625,9,56824429087,38038278
56.8675,12,56758058755,109407616
56.8703,5,56829475099,40854278
56.8729,7,56747879543,124972840
56.8779,10,56839500111,38351278
56.8804,1,56842032117,38351278
56.8829,15,56844555123,38351278
56.8854,3,56847078129,38351278
56.888,4,56849601135,38351278
56.893,13,56854600141,38351278
56.898,2,56857141147,40865284
56.9033,0,56859908359,43379290
56.9058,9,56862467365,43370290
56.9212,6,56834492105,86664574
56.9336,4,56887952413,45606272
56.9361,8,56811789063,124292628
56.9386,13,56892951419,45662278
56.9411,11,56796111821,145024882
56.9437,2,56898006431,45671278
56.9463,0,56903287649,42967066
56.9515,14,56826952093,124536834
56.9566,5,56870329377,86268562
56.9591,7,56872852383,86268562
56.9616,6,56921156679,40487272
56.9666,1,56880383395,86259562
56.9692,15,56882906401,86259562
56.972,3,56885429407,86572562
56.9745,4,56933558685,40966290
56.977,8,56936081691,40966290
56.9796,11,56941136703,38434284
56.9821,13,56938613697,43480296
56.9871,2,56943677709,43424290
56.9897,0,56946254715,43397290
56.9922,12,56867466371,124717640
56.9947,9,56905837655,88878362
56.9972,14,56951488927,45750096
56.9998,5,56956597939,43218090
57.0026,7,56959120945,43435296
57.0051,6,56961643951,43435296
57.0076,10,56877851389,129750864
57.0101,1,56966642957,43491302
57.013,15,56969165963,43804302
57.0155,3,56972001969,43491302
57.018,4,56974524975,43491302
57.023,13,56982093993,40939290
57.0256,2,56987101999,38481290
57.0281,0,56989652005,38481290
57.0307,12,56992184011,38481290
57.0332,9,56994716017,38490290
57.0357,14,56997239023,38490290
57.0383,5,56999816029,38481290
57.0408,7,57002556241,38264084
57.0433,6,57005079247,38264084
57.0459,10,57007602253,38264084
57.0484,1,57010134259,38264084
57.0509,15,57012970265,37951084
57.0561,4,57018016277,38112284
57.0611,13,57023033283,38094284
57.0637,2,57025583289,38085284
57.0687,0,57028133295,40599290
57.0713,12,57030665301,40599290
57.0741,9,57033206307,40912290
57.0766,14,57035729313,40912290
57.0792,5,57038297319,40912290
57.0842,6,57043343331,40856284
57.0867,10,57045866337,40856284
57.0892,11,56979570987,109674640
57.0918,1,57048398343,43370290
57.0943,15,57050921349,43370290
57.0968,3,57015493271,81321374
57.0993,4,57056128561,43209090
57.1019,8,56977047981,124812676
57.1046,13,57061127567,43482302
57.1072,2,57063668573,43482302
57.115,12,57071264591,43748302
57.1176,9,57074118597,43435302
57.1201,14,57076641603,43435302
57.1226,5,57079209609,43435302
57.1276,6,57084199615,43435302
57.1327,1,57091768633,40883290
57.1352,15,57094291639,40883290
57.1377,3,57096814645,40883290
57.1402,4,57099337651,40883290
57.1427,8,57101860657,40883290
57.1478,2,57107150875,40619078
57.1531,0,57068732585,84327586
57.1556,12,57115012893,40579284
57.1581,9,57117553899,40579284
57.1607,14,57120076905,40579284
57.1632,11,57089245627,73951568
57.1682,7,57040820325,127384876
57.1707,6,57127634917,43093290
57.1733,10,57086722621,86528592
57.1761,1,57132651923,43453296
57.1836,4,57140220941,43341284
57.1861,8,57142743947,43341284
57.1886,13,57104609869,83998368
57.1911,2,57147769953,43379290
57.1988,0,57153060171,45694090
57.204,9,57158133183,45855290
57.2065,14,57160656189,45855290
57.209,11,57163197195,45837290
57.2169,5,57122644911,94298592
57.2195,7,57168205201,51261308
57.222,6,57170728207,51261308
57.2245,10,57173251213,51261308
57.2295,15,57135174929,94345598
57.232,3,57137697935,94345598
57.2346,4,57183562225,51004314
57.2371,8,57186085231,51004314
57.2396,13,57188608237,51004314
57.2472,2,57191149243,56032326
57.2549,0,57198754261,56193526
57.2575,12,57155592177,101887616
57.26,9,57203988473,56032326
57.265,11,57209034485,55976320
57.2701,5,57216943503,53176314
57.2726,7,57219466509,53176314
57.2752,6,57221989515,53176314
57.278,10,57224512521,53489314
57.2805,1,57176105219,104437622
57.2855,3,57232043533,53489314
57.2881,4,57234566539,53489314
57.2906,8,57237089545,53489314
57.2931,13,57239612551,53489314
57.2982,2,57247181569,51002308
57.3035,0,57254947787,48544308
57.306,12,57257479793,48544308
57.3136,9,57260020799,53572320
57.3161,14,57206511479,109604646
57.3186,11,57265010805,53628326
57.3291,5,57270119817,58960338
57.3341,6,57275165829,58904332
57.3366,10,57278001835,58591332
57.3416,1,57280542841,61105338
57.3442,15,57229520527,114650658
57.3467,3,57285532847,61161344
57.3519,8,57290578859,61322544
57.3569,2,57298183877,58734532
57.3595,0,57303492095,55994320
57.362,12,57306024101,55994320
57.3671,9,57313593119,53507314
57.3696,14,57316116125,53507314
57.3721,11,57318639131,53507314
57.3801,5,57329080155,51020308
57.3826,7,57272642823,109980646
57.3876,10,57336593167,51020308
57.3952,1,57341648179,53543314
57.3977,15,57344171185,53543314
57.4005,3,57346694191,53760520
57.403,4,57288055853,114921864
57.408,13,57293101865,114865858
57.413,2,57356918409,56104326
57.4206,0,57359486415,61114338
57.4234,12,57362018421,61427338
57.4285,9,57367100433,61418338
57.4386,5,57380100463,58463320
57.4411,7,57382623469,58463320
57.4436,6,57334070161,109539634
57.4461,10,57387613475,58519326
57.4514,1,57395191493,56240526
57.4564,3,57400454711,55967314
57.4589,4,57402977717,55967314
57.4639,13,57407967723,55967314
57.474,12,57423445759,50550290
57.4766,9,57428518771,48036284
57.4791,14,57369623439,109454622
57.4816,11,57372146445,109454622
57.492,5,57438563783,53478308
57.4946,7,57441086789,53478308
57.4971,6,57443609795,53478308
57.4996,10,57446132801,53478308
57.5074,1,57451432019,55992314
57.5099,15,57397714499,112232840
57.5125,3,57456422025,56048320
57.515,4,57458945031,56048320
57.52,13,57463935037,56048320
57.5225,8,57351901403,170604960
57.5279,2,57413022735,114851640
57.5329,0,57420600753,112281628
57.5354,12,57473996049,61418338
57.538,9,57476555055,61400338
57.5405,14,57479078061,61400338
57.543,11,57481601067,61400338
57.5456,5,57492042091,53572320
57.5481,7,57494565097,53572320
57.5533,10,57499611109,53733520
57.5609,1,57507424333,53516314
57.5635,15,57509947339,53516314
57.566,3,57512470345,53516314
57.5685,4,57514993351,53516314
57.571,13,57519983357,51058314
57.5736,8,57522506363,51058314
57.5786,2,57527874375,50763314
57.5837,0,57532882381,50828320
57.5866,12,57535414387,51141320
57.594,11,57543001405,51029308
57.6016,5,57545614411,56021320
57.6068,6,57497088103,109754840
57.6144,1,57560940647,53451308
57.6194,3,57565986659,53395302
57.6244,8,57573564677,50807290
57.6272,2,57578637689,48606284
57.6348,9,57537955393,96808586
57.6373,14,57540478399,96808586
57.6398,11,57594030713,45779278
57.6449,7,57548137417,96743580
57.6499,10,57553344629,96526374
57.6549,1,57614391955,40496054
57.6623,4,57568509665,93835350
57.6674,0,57583710701,83660320
57.6749,14,57637286985,37568042
57.6826,5,57601635731,80994514
57.6852,7,57644880997,40272254
57.688,6,57606842943,81146314
57.6905,10,57649871003,40641260
57.6931,13,57571041671,122011598
57.698,1,57654888009,43155266
57.7033,3,57619381961,83868526
57.7058,4,57662345015,43428478
57.7108,0,57667371021,43419478
57.7133,12,57586555707,126766798
57.7158,15,57563463653,152381858
57.7184,9,57634763979,83613538
57.7209,14,57674855027,46045496
57.7234,11,57639809991,83613538
57.7289,5,57682630245,46231758
57.7314,7,57685153251,46231758
57.7339,6,57687989257,45918758
57.7389,8,57624371967,114526054
57.7415,1,57698043275,43413752
57.744,3,57703250487,40738546
57.7465,4,57705773493,40738546
57.749,2,57627243973,121800072
57.7518,0,57710790499,41011758
57.7543,12,57713322505,41011758
57.7569,15,57715845511,41011758
57.7594,9,57718377517,41029758
57.7619,14,57720900523,41029758
57.7645,11,57723423529,41029758
57.7696,5,57728862003,40709296
57.777,10,57690512263,86516042
57.7821,1,57741457027,40635290
57.7846,3,57743989033,40626290
57.7871,4,57746512039,40626290
57.7925,2,57749044045,43453296
57.795,0,57751802257,43236090
57.8026,15,57756857269,45694090
57.8053,9,57759407275,45911296
57.8078,14,57761930281,45911296
57.8104,11,57764453287,45911296
57.8179,8,57738898021,79015574
57.8204,5,57769571299,50865302
57.823,7,57731385009,91574598
57.8255,6,57733908015,91574598
57.828,10,57777028305,50977314
57.8305,13,57693053269,137475356
57.8384,1,57782092317,56318326
57.8409,3,57784615323,56318326
57.8435,4,57787138329,56318326
57.846,2,57792497341,53509320
57.8538,12,57754334263,99429616
57.8588,9,57805318571,53480314
57.8613,14,57807841577,53480314
57.8663,8,57817913595,48434302
57.8764,7,57822959607,53397302
57.8789,6,57825482613,53397302
57.8814,10,57828005619,53397302
57.884,1,57838410643,45569284
57.8865,3,57840933649,45569284
57.889,4,57843456655,45569284
57.8919,2,57846006661,45877342
57.8944,0,57795038347,99404662
57.897,12,57853763879,43220136
57.8995,15,57802551359,96955662
57.9048,9,57858798885,45989354
57.9073,14,57861321891,45989354
57.9098,11,57810364583,99469668
57.9148,13,57830528625,84304632
57.9224,5,57820436601,102010674
57.925,7,57876356909,48613372
57.9275,6,57878879915,48613372
57.93,10,57881402921,48613372
57.9326,1,57883979927,48577372
57.9354,3,57886502933,48890372
57.9404,2,57891884003,48508308
57.9429,0,57894443009,48490308
57.9455,12,57896984015,48481308
57.9507,9,57904788239,45920296
57.9532,14,57907311245,45920296
57.9558,11,57909834251,45920296
57.9708,5,57922447275,48396296
57.9758,6,57927493287,48340290
57.9784,10,57930016293,48340290
57.9809,1,57932557299,48340290
57.9834,3,57935393305,48027290
57.9859,4,57889025939,96917662
57.991,0,57942933317,48027290
57.9935,12,57945465323,48027290
58.0016,9,57950708535,50856296
58.0041,14,57953231541,50856296
58.0116,8,57866347897,145223946
58.0142,5,57970843571,43323278
58.0167,7,57924970281,91719574
58.0192,6,57975833577,43379284
58.0217,10,57978356583,43379284
58.0243,1,57980897589,43379284
58.0293,4,57985943601,43323278
58.0318,2,57940392311,91406574
58.0371,12,57993492613,43636284
58.0397,15,57899507021,140144882
58.0472,14,58004087837,43122078
58.0524,13,57914833257,137610870
58.0575,5,58014166849,43294284
58.06,7,58016689855,43294284
58.0625,6,58019212861,43294284
58.065,10,58021735867,43294284
58.0676,1,58024276873,43294284
58.0701,3,57983420595,86673568
58.0726,4,58029266879,43350290
58.0751,2,58031798885,43350290
58.0802,0,57990960607,89243580
58.0827,12,58037128897,45607296
58.0853,15,58039651903,45607296
58.0903,9,58001564831,88776380
58.0953,11,57955754547,139576670
58.0982,13,58052444127,45723096
58.1034,8,58011571843,91876598
58.1085,5,58057461133,51051320
58.111,7,58059984139,51051320
58.1136,6,58062507145,51051320
58.1161,10,58065030151,51051320
58.1211,3,58070094163,50995314
58.1236,4,58072617169,50995314
58.1261,2,58075149175,50995314
58.1312,0,58080204187,51004314
58.1337,12,58082736193,51004314
58.1363,15,58085259199,51004314
58.1442,9,58090341211,53831320
58.1467,14,58047209915,99485622
58.1492,11,58095331217,53887326
58.1569,8,58103448441,53480314
58.162,5,58108512453,53489314
58.1645,7,58111035459,53489314
58.167,6,58113558465,53489314
58.1696,10,58116081471,53489314
58.1746,1,58067571157,107054640
58.1796,4,58123612483,56003320
58.1847,2,58126144489,58517326
58.1897,0,58131208501,58517326
58.1948,12,58133740507,61031332
58.1973,15,58136263513,61031332
58.208,9,58144172531,63780544
58.2105,14,58146695537,63780544
58.213,11,58149218543,63780544
58.2256,5,58162001767,63563338
58.2281,7,58164524773,63563338
58.2331,10,58169570785,63507332
58.2381,1,58174625797,63516332
58.241,3,58121089477,119888658
58.2435,4,58179615803,63885338
58.2486,2,58184661815,63903338
58.2638,15,58197294845,66475532
58.2714,9,58207953075,63449320
58.2739,14,58210476081,63449320
58.2789,13,58098167223,180748184
58.284,8,58156928755,127068664
58.2891,5,58225565105,63505326
58.2941,6,58167047779,127012658
58.2966,10,58233078117,63505326
58.3022,1,58238142129,64035532
58.3047,3,58240978135,63722532
58.3072,4,58243501141,63722532
58.3098,2,58248565153,61208526
58.3148,0,58189725827,125120864
58.3199,12,58194771839,125129864
58.3224,15,58263770377,58654332
58.335,14,58273925401,61103332
58.3376,11,58212999087,124552652
58.3506,5,58289070431,61577532
58.3532,7,58228088111,125082858
58.3557,6,58294060437,61633538
58.3632,1,58302177661,61047326
58.3657,3,58304700667,61047326
58.3683,4,58307223673,61047326
58.3733,2,58309773679,63543332
58.3784,0,58314846691,63534332
58.3834,12,58319901703,63534332
58.386,15,58322424709,63534332
58.3985,11,58337551739,60973320
58.4091,8,58283997419,125138864
58.4142,5,58350647963,63561332
58.4192,6,58355693975,63505326
58.4292,3,58365747993,63449320
58.4317,4,58368270999,63449320
58.4368,2,58373317011,63458320
58.4418,0,58378381023,63402314
58.4443,12,58383436035,60888308
58.4472,15,58385959041,61201308
58.4599,13,58278915407,180974160
58.4624,9,58271402395,191019178
58.465,8,58409136283,55853296
58.4675,5,58414209295,53339290
58.4701,7,58353170969,116900622
58.4726,6,58419199301,53395296
58.4751,10,58296583443,178534160
58.4777,1,58363224987,114442622
58.4802,3,58429197313,50993302
58.4827,4,58431720319,50993302
58.4853,2,58436775331,48479296
58.4878,0,58441783337,46021296
58.4903,12,58444324343,46003296
58.4929,15,58447160349,45690296
58.5006,14,58335028733,165615130
58.5032,11,58398525059,104641810
58.5057,13,58459889567,45800308
58.5085,9,58462421573,46113308
58.5161,5,58467548585,48544308
58.5186,7,58470071591,48544308
58.5211,6,58472594597,48544308
58.5237,10,58475117603,48544308
58.5287,3,58480190615,48479302
58.5312,4,58482713621,48479302
58.5337,2,58485254627,48461302
58.5387,12,58490327639,48396296
58.5412,15,58492850645,48396296
58.5492,14,58500643863,48548096
58.5519,11,58503166869,48765302
58.5545,13,58505689875,48765302
58.557,9,58508534881,48452302
58.5646,5,58516092893,48461302
58.5671,7,58518615899,48461302
58.5696,6,58521138905,48461302
58.5721,10,58523661911,48461302
58.5747,1,58477667609,96996610
58.5797,4,58531192923,48461302
58.5822,2,58533715929,48461302
58.5872,12,58538723935,48461302
58.5897,15,58541246941,48461302
58.5923,14,58549191959,43111290
58.5948,11,58551932171,42894084
58.5973,13,58554455177,42894084
58.5999,9,58556987183,42894084
58.6027,8,58464989579,137676900
58.6052,5,58564554195,40653290
58.6077,7,58567077201,40653290
58.6106,6,58569600207,40966290
58.6131,10,58572123213,40966290
58.6156,1,58574664219,40966290
58.6182,3,58528669917,89483598
58.6207,4,58579654225,41022296
58.6232,2,58582177231,41022296
58.6257,0,58487804633,137935900
58.6283,12,58587185237,41078302
58.6308,15,58589708243,41078302
58.6334,14,58592303249,41051302
58.6383,13,58597349261,40995296
58.6409,9,58599881267,40995296
58.6434,8,58602666479,40778090
58.646,5,58605207485,40778090
58.6485,7,58607730491,40778090
58.6516,6,58610566497,40995296
58.6541,10,58613089503,40995296
58.6617,1,58615630509,46023308
58.6666,4,58620676521,45967302
58.6692,2,58623199527,45967302
58.6717,0,58625740533,45967302
58.6742,12,58628263539,45967302
58.6768,15,58630786545,45967302
58.6894,14,58633354551,56023326
58.6919,11,58594826255,97074628
58.6944,13,58638344557,56079332
58.6995,9,58640876563,58593338
58.7048,8,58643444569,61306550
58.7073,5,58645985575,61306550
58.7098,7,58648508581,61306550
58.7127,6,58651561793,61089344
58.7152,10,58654084799,61089344
58.7203,1,58661653817,58602338
58.7228,3,58618153515,104625646
58.7253,4,58666643823,58658344
58.7303,0,58671707835,58602338
58.7328,12,58674230841,58602338
58.7354,15,58676753847,58602338
58.748,14,58689377877,58656338
58.7533,13,58694423889,58913338
58.7636,5,58707292125,56332320
58.7661,7,58709815131,56332320
58.7687,6,58712651137,56019320
58.7712,10,58715174143,56019320
58.7787,3,58722779161,55889308
58.7812,4,58725302167,55889308
58.7837,2,58669166829,114547652
58.7887,0,58730310173,58403314
58.7912,12,58732833179,58403314
58.7938,15,58735356185,58403314
58.7964,14,58748034215,48347290
58.7989,11,58691900883,107003628
58.8014,13,58753337227,48090290
58.8042,9,58699469901,104715828
58.8068,8,58704751119,102011616
58.8118,5,58763624445,48193302
58.8147,7,58766147451,48506302
58.8172,6,58768670457,48506302
58.8197,10,58771193463,48506302
58.8222,1,58720256155,101993616
58.8248,3,58778668469,46104308
58.8298,2,58783714481,46048302
58.8348,12,58791236493,43543296
58.8373,15,58793759499,43543296
58.8399,14,58796381505,43489296
58.8424,11,58798904511,43489296
58.8449,13,58801427517,43489296
58.85,8,58806762735,43207084
58.8527,5,58811817747,40919284
58.8556,7,58814653753,40919284
58.8581,6,58817176759,40919284
58.8606,10,58819699765,40919284
58.8632,1,58822249771,40910284
58.8657,3,58824772777,40910284
58.8682,4,58781191475,87014592
58.8707,2,58829762783,40966290
58.8733,0,58788713487,84547592
58.8758,12,58834779789,41004296
58.8783,15,58837302795,41004296
58.8809,14,58839870801,41004296
58.8834,11,58842393807,41004296
58.8859,13,58844916813,41004296
58.8885,9,58804185729,84285386
58.8935,5,58852737031,40778090
58.896,7,58855573037,40465090
58.8986,6,58858096043,40465090
58.9011,10,58860619049,40465090
58.9038,1,58863160055,40682296
58.9064,3,58865683061,40682296
58.9089,4,58868206067,40682296
58.9114,2,58870729073,40682296
58.9139,0,58873261079,40682296
58.9168,12,58875784085,40995296
58.9193,15,58878307091,40995296
58.9219,14,58880875097,40995296
58.9244,11,58883398103,40995296
58.9269,13,58885921109,40995296
58.9295,9,58888471115,40995296
58.932,8,58849969819,82046598
58.9345,5,58893515121,41033302
58.9371,7,58896038127,41033302
58.9396,6,58898561133,41033302
58.9421,10,58901084139,41033302
58.9447,1,58903842351,40816096
58.9472,3,58906365357,40816096
58.9497,4,58908888363,40816096
58.9522,2,58911411369,40816096
58.955,0,58913943375,41033302
58.9578,12,58916779381,41033302
58.9603,15,58919302387,41033302
58.9654,14,58921870393,43547308
58.9704,13,58926916405,43491302
58.973,9,58929466411,43491302
58.9755,8,58932016417,43491302
58.978,5,58934548423,43491302
58.9806,7,58937071429,43491302
58.9831,6,58939594435,43491302
58.9856,10,58942117441,43491302
58.9881,1,58944658447,43491302
58.9907,3,58947181453,43491302
58.9932,4,58949704459,43491302
58.9957,2,58952227465,43491302
58.9983,0,58954976677,43274096
59.0035,15,58960335689,43122296
59.0085,11,58924393399,84117592
59.011,13,58970407707,40626290
59.0136,9,58972957713,40626290
59.0161,8,58975507719,40626290
59.019,5,58978039725,40939290
59.0215,7,58980562731,40939290
59.024,6,58983085737,40939290
59.0265,10,58985608743,40939290
59.0291,1,58988149749,40939290
59.0316,3,58990672755,40939290
59.0341,4,58993195761,40939290
59.0367,2,58995718767,40939290
59.0392,0,58998250773,40939290
59.0417,12,58957812683,83900386
59.0442,15,59003457985,40778090
59.0493,11,59008510991,40760090
59.0543,9,59013584003,40704084
59.0571,8,59016134009,40921290
59.0596,5,59018979015,40608290
59.0624,7,59021502021,40921290
59.0649,6,59024025027,40921290
59.0675,10,59026548033,40921290
59.07,1,59029089039,40921290
59.0725,3,59031612045,40921290
59.0751,4,59034135051,40921290
59.0776,2,59036658057,40921290
59.0801,0,59039190063,40921290
59.0826,12,59041713069,40921290
59.0852,15,59044236075,40921290
59.0877,14,58965417701,122307670
59.0902,11,59049271081,40977296
59.0928,13,59011033997,81737386
59.0953,9,59054288087,41033302
59.0979,8,59057055299,40816096
59.1029,7,59062423311,40447090
59.1054,6,59064946317,40447090
59.1081,10,59067469323,40664296
59.1107,1,59070010329,40664296
59.1132,3,59072533335,40664296
59.1157,4,59075056341,40664296
59.1182,2,59077579347,40664296
59.1211,0,59080111353,40977296
59.1236,12,59082634359,40977296
59.1261,15,59085157365,40977296
59.1287,14,59087725371,40977296
59.1312,11,59090248377,40977296
59.1337,13,59092771383,40977296
59.1363,9,59095321389,40977296
59.1388,8,59097871395,40977296
59.1414,5,59059587305,81793392
59.1439,7,59102870401,41033302
59.1464,6,59105393407,41033302
59.1489,10,59108133619,40816096
59.1517,1,59110674625,41033302
59.1542,3,59113197631,41033302
59.1568,4,59115720637,41033302
59.1593,2,59118243643,41033302
59.1618,0,59121088649,40720302
59.1646,12,59123611655,41033302
59.1672,15,59126134661,41033302
59.1697,14,59128702667,41033302
59.1723,11,59131225673,41033302
59.1748,13,59133748679,41033302
59.1773,9,59136298685,41033302
59.1799,8,59138848691,41033302
59.1849,7,59143903703,40977296
59.1874,6,59146426709,40977296
59.1899,10,59148949715,40977296
59.1925,1,59151707927,40778090
59.195,3,59154230933,40778090
59.1975,4,59156753939,40778090
59.2001,2,59159276945,40778090
59.2028,0,59161808951,40995296
59.2053,12,59164644957,40682296
59.2079,15,59167167963,40682296
59.2154,14,59169735969,45710308
59.218,11,59172258975,45710308
59.2233,9,59177331987,45967308
59.2258,8,59179881993,45967308
59.2309,5,59141380697,89514616
59.2334,7,59184880999,48537320
59.2384,10,59189927011,48481314
59.2434,3,59195009023,48407308
59.2459,4,59197532029,48407308
59.2485,2,59200055035,48407308
59.2512,0,59202804247,48425308
59.2538,12,59205327253,48425308
59.2563,15,59207850259,48425308
59.2614,14,59215446277,45938302
59.2639,11,59217969283,45938302
59.2667,13,59174781981,91961610
59.2718,9,59223299295,48508308
59.2819,5,59230895313,50975308
59.2844,7,59233418319,50975308
59.2869,6,59187404005,99512628
59.2894,10,59238408325,51031314
59.2945,1,59192486017,102008634
59.297,3,59243416331,53601326
59.2995,4,59245939337,53601326
59.3021,2,59248462343,53601326
59.3048,0,59251229555,53601326
59.3074,12,59253752561,53601326
59.3099,15,59256275567,53601326
59.315,14,59261384579,53592326
59.3175,11,59263907585,53592326
59.32,13,59266743591,53279326
59.3226,9,59271807603,50774320
59.3305,8,59225849301,104641640
59.333,5,59281870621,51161326
59.338,6,59286916633,51105320
59.3405,10,59289439639,51105320
59.3456,1,59294494651,51114320
59.3481,3,59297017657,51114320
59.3507,4,59299540663,51114320
59.3557,0,59304830881,50841108
59.3609,15,59309876893,51002308
59.3635,14,59314976905,48488302
59.366,11,59317499911,48488302
59.3688,13,59320022917,48801302
59.3714,9,59322581923,48792302
59.374,8,59330490941,43460290
59.3765,5,59333031947,43451290
59.379,7,59284393627,94612616
59.3815,6,59338021953,43507296
59.3841,10,59340544959,43507296
59.3866,1,59345608971,40993290
59.3916,4,59350654983,40937284
59.3941,2,59302063669,92051604
59.3966,0,59355671989,40975290
59.3992,12,59307353887,91816398
59.4067,11,59365988213,40693078
59.4092,13,59368824219,40380078
59.412,9,59371374225,40597284
59.4145,8,59373951231,40570284
59.4171,5,59376483237,40570284
59.4196,7,59379006243,40570284
59.4221,6,59381529249,40570284
59.4246,10,59384052255,40570284
59.4272,1,59386602261,40552284
59.43,3,59348131977,81858574
59.4325,4,59391592267,40921290
59.435,2,59394115273,40921290
59.4376,0,59396647279,40921290
59.4401,12,59399170285,40921290
59.4426,15,59360879201,81735380
59.4502,14,59363465207,86754392
59.4552,13,59409204297,46005308
59.4605,9,59411971509,48537314
59.4631,8,59414521515,48537314
59.4656,5,59417053521,48537314
59.4734,10,59424622539,48738308
59.4759,1,59427154545,48738308
59.4784,3,59429990551,48425308
59.4809,4,59432513557,48425308
59.4835,2,59435036563,48425308
59.486,0,59437568569,48425308
59.4885,12,59440091575,48425308
59.491,15,59442614581,48425308
59.4962,14,59450219599,45938302
59.4987,11,59406681291,91999616
59.5014,13,59455209605,46211514
59.509,8,59463058829,45938302
59.5115,5,59465590835,45938302
59.5141,7,59419576527,94475616
59.5166,6,59422099533,94475616
59.5191,10,59473360847,45737308
59.5241,3,59478415859,45681302
59.5266,4,59480938865,45681302
59.5291,2,59483461871,45681302
59.5345,12,59488516883,45938296
59.537,15,59491039889,45938296
59.542,11,59498680907,43350284
59.5446,13,59501421119,43133078
59.5471,9,59460508823,86613380
59.5549,5,59511529137,43350284
59.5574,7,59514052143,43350284
59.5599,6,59516575149,43350284
59.5624,10,59519098155,43350284
59.565,1,59475892853,89087592
59.5675,3,59524097161,43406290
59.57,4,59526620167,43406290
59.5729,2,59529143173,43719290
59.5779,0,59485993877,91914598
59.5804,12,59534455179,45976302
59.5879,11,59542031191,45911296
59.5905,13,59544554197,45911296
59.593,9,59547122203,45893296
59.5956,8,59508997131,86595374
59.5981,5,59554879421,43245090
59.6031,6,59559925433,43189084
59.6059,10,59562448439,43406290
59.6109,3,59567503451,43350284
59.6134,4,59570026457,43350284
59.6159,2,59572862463,43037284
59.6184,0,59577908475,40541278
59.621,12,59580431481,40541278
59.6235,15,59536978185,86517580
59.6261,14,59496157901,129914870
59.6286,11,59587942487,40653290
59.6311,13,59590465493,40653290
59.634,9,59593015499,40966290
59.6365,8,59595592505,40939290
59.6391,5,59598124511,40939290
59.6416,7,59557402427,84184380
59.6441,6,59603114517,40995296
59.6466,10,59605854729,40778090
59.6492,1,59564980445,84184380
59.6519,3,59610853735,41051302
59.6544,4,59613376741,41051302
59.657,2,59615899747,41051302
59.6595,0,59618449753,41033302
59.662,12,59620972759,41033302
59.6645,15,59623495765,41033302
59.6671,14,59626072771,41033302
59.6696,11,59628595777,41033302
59.6722,13,59631118783,41033302
59.6775,9,59633981789,43547308
59.6826,5,59639063801,43491302
59.6851,7,59641586807,43491302
59.6876,6,59644109813,43491302
59.6901,10,59646632819,43491302
59.6951,3,59651905037,43218090
59.6976,4,59654428043,43218090
59.7002,2,59656951049,43218090
59.7029,0,59659483055,43435296
59.7054,12,59662006061,43435296
59.708,15,59664529067,43435296
59.7105,14,59667106073,43435296
59.7131,11,59669629079,43435296
59.7181,9,59677529097,40570284
59.7206,8,59636531795,84117592
59.7232,5,59682555103,40626290
59.7257,7,59685078109,40626290
59.7282,6,59687601115,40626290
59.7308,10,59690124121,40626290
59.7333,1,59649164825,84117592
59.7361,3,59695123127,40995296
59.7386,4,59697646133,40995296
59.7412,2,59700169139,40995296
59.7437,0,59702918351,40787090
59.7462,12,59705441357,40787090
59.7515,14,59710541369,40948290
59.754,11,59713064375,40948290
59.7565,13,59672152085,84383586
59.7591,9,59718099381,40995296
59.7616,8,59720649387,40995296
59.7642,5,59723181393,40995296
59.7667,7,59725704399,40995296
59.7692,6,59728227405,40995296
59.7742,1,59733282417,40939290
59.7771,3,59736118423,40939290
59.7796,4,59738641429,40939290
59.7821,2,59741164435,40939290
59.7846,0,59743705441,40921290
59.7871,12,59746228447,40921290
59.7897,15,59707964363,81708380
59.7948,14,59751489659,43292096
59.7973,11,59754012665,43292096
59.7998,13,59756535671,43292096
59.8051,9,59759094677,46023308
59.8077,8,59761644683,46023308
59.8102,5,59764176689,46023308
59.8127,7,59766699695,46023308
59.8152,6,59769222701,46023308
59.8178,10,59730750411,87018604
59.8203,1,59774221707,46079314
59.8228,3,59777057713,45766314
59.8253,4,59779580719,45766314
59.8328,12,59787149737,45654302
59.8353,15,59789672743,45654302
59.8382,14,59794781755,43453296
59.8408,11,59797304761,43453296
59.8433,13,59799827767,43453296
59.8484,9,59805117985,43263090
59.8511,8,59807667991,43480296
59.8562,5,59810199997,45994302
59.8587,7,59812723003,45994302
59.8612,6,59815246009,45994302
59.8638,10,59817769015,45994302
59.8688,1,59820301021,48508308
59.8713,3,59822824027,48508308
59.8739,4,59825347033,48508308
59.8764,2,59782103725,94274622
59.8817,12,59832804039,48888964
59.8867,14,59838235051,48501958
59.8893,11,59840758057,48501958
59.8918,13,59843281063,48501958
59.8944,9,59848381075,45978952
59.8969,8,59851148287,45770746
59.9071,6,59861240311,45893940
59.9097,10,59863763317,45893940
59.9122,1,59868809329,43388934
59.9147,3,59871332335,43388934
59.9172,4,59873855341,43388934
59.9198,2,59876378347,43388934
59.9223,0,59784626731,137663556
59.9248,12,59881693003,43120290
59.9273,15,59835327045,92009254
59.9324,14,59886737009,45690302
59.935,11,59889260015,45690302
59.9375,13,59891783021,45690302
59.9404,9,59894360027,45994302
59.9454,8,59896919033,48490308
59.948,5,59856194299,91765048
59.9554,10,59909657257,45759096
59.9582,1,59912198263,45967302
59.9607,3,59914721269,45967302
59.9632,4,59917244275,45967302
59.9657,2,59919767281,45967302
59.9707,12,59924813293,45911296
59.9732,15,59927336299,45911296
59.9758,14,59932427311,43406290
59.9808,13,59937473323,43350284
59.9837,9,59940354329,43350284
59.9887,5,59947959347,40780272
59.9913,7,59858717305,132545320
59.9938,6,59907134251,86651380
59.9963,10,59955416353,40892284
59.9988,1,59958165565,40675078
60.004,4,59963211577,40836278
60.009,0,59922290287,86747574
60.0116,12,59970724589,40836278
60.0141,15,59973247595,40836278
60.0191,11,59934950317,84177562
60.0217,13,59980823607,40827278
60.0267,9,59983704613,43028284
60.0317,5,59988739619,43010284
60.0343,7,59991262625,43010284
60.0368,6,59993785631,43010284
60.0393,10,59996308637,43010284
60.0419,1,59998840643,43010284
60.0447,3,59960688571,83998362
60.0472,4,60004047855,43162084
60.0497,2,59965734583,83998362
60.0523,0,60009037861,43218090
60.0572,15,60014083873,43162084
60.06,14,59975833601,84206568
60.0626,11,60019127879,43435296
60.0651,13,60021650885,43435296
60.0702,9,60026732897,43453296
60.0727,8,59945409341,127317858
60.0753,5,60031749903,43509302
60.0778,7,60034272909,43509302
60.0803,6,60036795915,43509302
60.0828,10,60039318921,43509302
60.0881,3,60044686933,43453296
60.0907,4,60047209939,43453296
60.0932,2,60049732945,43453296
60.0957,0,60052255951,43453296
60.0982,12,60011560867,86671386
60.106,14,60060040169,45976302
60.1085,11,60062563175,45976302
60.1111,13,60065086181,45976302
60.1162,9,60070186193,45976302
60.1237,5,60075259205,48434302
60.1287,6,60080305217,48378296
60.1312,10,60082828223,48378296
60.1337,1,60041850927,91887598
60.1363,3,60088140229,48121302
60.1388,4,60090663235,48121302
60.1413,2,60093186241,48121302
60.1491,15,60057245957,91831598
60.1569,11,60108539477,48340296
60.1594,13,60111062483,48340296
60.1645,8,60072727199,91755586
60.167,5,60123693507,43321284
60.1695,7,60077782211,91755586
60.1721,6,60128683513,43377290
60.1746,10,60131206519,43377290
60.1771,1,60133738525,43377290
60.1796,3,60136261531,43377290
60.1846,2,60141307543,43321284
60.1875,0,60095709247,91755586
60.19,12,60098232253,91755586
60.1925,15,60149077555,43433290
60.2001,11,60156879773,43216084
60.2028,13,60159402779,43433290
60.2079,9,60116162495,91764586
60.2105,8,60164482785,45976302
60.213,5,60167014791,45976302
60.2155,7,60169537797,45976302
60.2205,10,60174583809,45920296
60.223,1,60177115815,45920296
60.2256,3,60179638821,45920296
60.2281,4,60138784537,89297586
60.2306,2,60184628827,45976302
60.2331,0,60187464833,45663302
60.2357,12,60189987839,45663302
60.2382,15,60192510845,45663302
60.2408,14,60106016471,134752682
60.2433,11,60200095857,43196302
60.2458,13,60202836069,42979096
60.2539,9,60207927081,45976302
60.2564,8,60210459087,45976302
60.2615,5,60212991093,48490308
60.264,7,60215514099,48490308
60.2665,6,60172060803,94466610
60.2691,10,60220504105,48546314
60.2716,1,60223036111,48546314
60.2741,3,60225559117,48546314
60.2791,2,60230605129,48490308
60.2816,0,60233128135,48490308
60.2841,12,60235651141,48490308
60.2867,15,60238174147,48490308
60.2896,14,60240769153,48794308
60.2921,11,60243292159,48794308
60.2946,13,60245815165,48794308
60.2972,9,60253903383,43301096
60.3025,8,60256435389,46032308
60.3075,7,60264004407,43480296
60.31,6,60266527413,43480296
60.3125,10,60269050419,43480296
60.3175,3,60274105431,43424290
60.3201,4,60228082123,91970604
60.3226,2,60279095437,43480296
60.3276,12,60284141449,43424290
60.3301,15,60286664455,43424290
60.3376,13,60294609473,42999278
60.3402,9,60297204479,42972278
60.3427,8,60302467697,40250066
60.3453,5,60261481401,83777368
60.3478,7,60307484703,40297072
60.3506,6,60310007709,40610072
60.3556,1,60271582425,84034362
60.3581,3,60317529721,40610072
60.3607,4,60320052727,40610072
60.3634,2,60322575733,40827278
60.3659,0,60281618443,84307574
60.3684,12,60327565739,40883284
60.371,15,60330088745,40883284
60.3736,14,60289563461,83994574
60.3761,11,60292086467,83994574
60.3786,13,60337608751,40995296
60.3812,9,60340176757,40995296
60.3837,8,60342717763,40977296
60.3887,7,60347781775,40921290
60.3915,6,60350617781,40921290
60.3941,10,60312530715,81531362
60.3966,1,60355616787,40977296
60.3991,3,60358139793,40977296
60.4016,4,60360662799,40977296
60.4066,0,60365926017,40704084
60.4092,12,60368449023,40704084
60.4117,15,60370972029,40704084
60.4145,14,60373558035,40921290
60.417,11,60376081041,40921290
60.4195,13,60378604047,40921290
60.4221,9,60381172053,40921290
60.4271,5,60345258769,81842580
60.4296,7,60388703065,40921290
60.4321,6,60391539071,40608290
60.4347,10,60394062077,40608290
60.4372,1,60396594083,40608290
60.4397,3,60399117089,40608290
60.4422,4,60401640095,40608290
60.4448,2,60363403011,81368380
60.4473,0,60406630101,40664296
60.4498,12,60409153107,40664296
60.4527,15,60411676113,40977296
60.458,14,60414479325,43491302
60.4605,11,60417002331,43491302
60.463,13,60419525337,43491302
60.4706,9,60422093343,48519314
60.4731,8,60383695059,89440604
60.4757,5,60427101349,48575320
60.4782,7,60429624355,48575320
60.4807,6,60432147361,48575320
60.4832,10,60434670367,48575320
60.4858,1,60437202373,48575320
60.4883,3,60439725379,48575320
60.4908,4,60442248385,48575320
60.4937,2,60444771391,48888320
60.4986,12,60449817403,48832314
60.5065,14,60457970627,48483308
60.509,11,60460493633,48483308
60.5115,13,60463016639,48483308
60.5166,9,60470612657,45996302
60.5191,8,60473135663,45996302
60.5241,7,60478199675,45940296
60.5267,6,60480722681,45940296
60.5317,1,60485777693,45884290
60.5342,3,60488300699,45884290
60.5367,4,60490823705,45884290
60.5392,2,60493659711,45571290
60.5418,0,60447294397,94459610
60.5443,12,60498649717,45627296
60.5468,15,60452653409,94146610
60.5521,14,60506453935,45681302
60.555,11,60508976941,45994302
60.5575,13,60511499947,45994302
60.5651,8,60519131965,45920296
60.5701,7,60524139971,45920296
60.5726,6,60526662977,45920296
60.5751,10,60483245687,91860592
60.5776,1,60531661983,45976302
60.5802,3,60534184989,45976302
60.5827,4,60536707995,45976302
60.5852,2,60539231001,45976302
60.5877,0,60541754007,45976302
60.5903,12,60544277013,45976302
60.5928,15,60546800019,45976302
60.6007,14,60552135237,48586102
60.6035,11,60554971243,48490308
60.606,13,60557494249,48490308
60.6135,5,60475676669,137836894
60.616,7,60570060267,45976302
60.6186,6,60572583273,45976302
60.6211,10,60575106279,45976302
60.6236,1,60577638285,45976302
60.6261,3,60580161291,45976302
60.6287,4,60582684297,45976302
60.6312,2,60585207303,45976302
60.6337,0,60587730309,45976302
60.6362,12,60590253315,45976302
60.6388,15,60592776321,45976302
60.6414,14,60600721339,40653290
60.6439,11,60603461551,40436084
60.6464,13,60605984557,40436084
60.6517,9,60516608959,135101900
60.6542,8,60565052261,89181604
60.6571,5,60613513563,43574308
60.6621,6,60618559575,43518302
60.6646,10,60621082581,43518302
60.6671,1,60623614587,43518302
60.6697,3,60626137593,43518302
60.6746,2,60631183605,43462296
60.6772,0,60633706611,43462296
60.6797,12,60636229617,43462296
60.6822,15,60638752623,43462296
60.6848,14,60641374629,43435296
60.6873,11,60643897635,43435296
60.6899,13,60646420641,43435296
60.7002,8,60654233865,46016096
60.703,5,60657087871,45920302
60.7055,7,60616036569,89494610
60.7081,6,60662077877,45976308
60.7106,10,60664600883,45976308
60.7181,3,60669655895,48434308
60.7206,4,60628660599,91952610
60.7231,2,60674645901,48490314
60.7257,0,60677168907,48490314
60.7282,12,60679691913,48490314
60.7307,15,60682214919,48490314
60.7358,11,60687332931,48434308
60.7408,9,60651710859,89109386
60.7433,8,60700249961,43093290
60.7484,5,60703008173,45390090
60.7509,7,60705531179,45390090
60.7537,6,60708054185,45607296
60.7587,1,60667132889,91545598
60.7615,3,60718090203,43424290
60.764,4,60720613209,43424290
60.7666,2,60723136215,43424290
60.7691,0,60725659221,43424290
60.7716,12,60728182227,43424290
60.7816,11,60735767239,45882290
60.7842,13,60689855937,94316598
60.7918,9,60740820245,50939308
60.7943,8,60743343251,50939308
60.7993,5,60748398263,50948308
60.8096,1,60758678487,50923090
60.8121,3,60761514493,50610090
60.8196,0,60769083511,50498078
60.8221,12,60771606517,50498078
60.8248,15,60730705233,94139574
60.8274,14,60684809925,142638888
60.83,11,60781649529,48322290
60.8325,13,60784172535,48322290
60.8401,8,60794282559,45779278
60.8451,5,60799346571,45779278
60.8476,7,60750921269,96727586
60.8504,6,60753661481,96727586
60.8529,10,60710577191,142334882
60.8555,1,60809601577,45851502
60.8632,2,60766560505,96662586
60.8657,0,60819581589,46164508
60.8683,12,60822104595,46164508
60.8708,15,60824844807,45947302
60.8759,14,60827448813,48452308
60.8784,11,60829971819,48452308
60.8809,13,60832494825,48452308
60.886,9,60791759553,94269592
60.8886,8,60840061837,48490314
60.8936,7,60847648855,45920302
60.8961,6,60850389067,45703096
60.9013,1,60855453079,45864296
60.9066,4,60764037499,142582882
60.9091,2,60863223091,45920296
60.9117,0,60865746097,45920296
60.9142,12,60868269103,45920296
60.9167,15,60870792109,45920296
60.9244,14,60875901121,48452302
60.9269,11,60878424127,48452302
60.9294,13,60880947133,48452302
60.9345,9,60886029145,48452302
60.937,8,60888552151,48452302
60.9395,5,60845125849,94410610
60.9445,6,60896092163,48434302
60.947,10,60852912073,94137398
60.9523,1,60901317375,51022314
60.9549,3,60812124583,142738112
60.9574,4,60906620381,50765320
60.9599,2,60909143387,50765320
60.9624,0,60911666393,50765320
60.9653,12,60914189399,51078320
60.9779,14,60924353423,53545320
60.9804,11,60926876429,53545320
60.9829,13,60929399435,53545320
60.9955,8,60937004453,58461320
60.998,5,60939536459,58461320
61.0005,7,60893569157,106951628
61.0058,10,60947049471,58774326
61.0111,3,60954862695,56204314
61.0136,4,60957385701,56204314
61.0161,2,60959908707,56204314
61.0186,0,60962431713,56204314
61.0212,12,60965267719,55891314
61.0387,13,60982944755,55797302
61.0413,9,60934481447,106855616
61.054,10,61005823797,48130478
61.0565,1,60952339689,104155592
61.059,3,61011067009,47951278
61.0615,4,61013590015,47951278
61.0641,2,61016113021,47951278
61.0669,0,61018636027,48264278
61.0694,12,61021159033,48264278
61.0719,15,60916712405,155233912
61.0771,14,60977898743,99201586
61.0821,13,61038742057,43348278
61.0896,8,60995465773,94164574
61.0922,5,60997997779,94164574
61.0947,7,61000520785,94164574
61.0972,6,60944526465,152681900
61.0997,10,61053954275,45777096
61.1047,1,61056495281,48235096
61.11,4,61061541293,48492096
61.1126,2,61064064299,48492096
61.1151,0,61066900305,48179096
61.1178,12,61069423311,48396302
61.1203,15,61071946317,48396302
61.123,14,61077100329,45855296
61.1255,11,60980421749,145056882
61.128,13,61082090335,45911302
61.1381,8,61089630347,48434308
61.1406,5,61092162353,48434308
61.1431,7,61094685359,48434308
61.1456,6,61097208365,48434308
61.1482,10,61099731371,48434308
61.156,1,61104730377,51239526
61.161,4,61110033389,50926520
61.1635,2,61112556395,50926520
61.166,0,61115079401,50926520
61.1688,12,61117819613,51022314
61.1714,15,61120342619,51022314
61.179,14,61122955625,56032326
61.184,13,61128001637,55976320
61.1891,9,61041337063,147740906
61.1916,8,61138064655,53536320
61.1941,5,61140596661,53536320
61.1967,7,61143119667,53536320
61.1992,6,61145642673,53536320
61.2017,10,61148165679,53536320
61.207,1,61155969903,51031314
61.2095,3,61059018287,150505936
61.2124,4,61160959909,51400320
61.2149,2,61163482915,51400320
61.2174,0,61166005921,51400320
61.2199,12,61168841927,51087320
61.2225,15,61171364933,51087320
61.2351,14,61178987951,56142332
61.2377,11,61125478631,112174658
61.2402,13,61183977957,56198338
61.2453,9,61189077969,56189338
61.2478,8,61191600975,56189338
61.2528,7,61196655987,56133332
61.2555,6,61199178993,56350538
61.2581,10,61201701999,56350538
61.2631,1,61207001217,56115332
61.2656,3,61209524223,56115332
61.2706,2,61214883235,55746326
61.2735,0,61217406241,56059326
61.276,12,61219929247,56059326
61.2785,15,61222452253,56059326
61.2837,14,61235130283,48544308
61.2862,11,61237653289,48544308
61.2887,13,61240176295,48544308
61.2988,9,61245267307,53572320
61.3014,8,61247790313,53572320
61.3041,5,61194132981,109978864
61.3066,7,61252789319,53845532
61.3092,6,61255529531,53628326
61.3117,10,61258052537,53628326
61.3171,1,61263116549,53941326
61.3196,3,61265639555,53941326
61.3221,4,61212360229,109743658
61.3246,2,61270629561,53997332
61.3296,12,61275988573,53628326
61.3321,15,61278511579,53628326
61.3422,13,61288720603,53480314
61.3448,9,61298839627,45965296
61.3473,8,61301362633,45965296
61.3499,5,61304111845,45748090
61.3524,7,61306634851,45748090
61.3551,6,61309157857,45965296
61.3601,1,61317057875,43082284
61.3627,3,61319580881,43082284
61.3652,4,61322103887,43082284
61.3677,2,61324626893,43082284
61.3702,0,61273465567,96766616
61.3728,12,61329616899,43138290
61.3756,15,61332139905,43451290
61.3782,14,61283674591,94529610
61.3807,11,61286197597,94529610
61.3833,13,61342200917,41049296
61.3908,8,61347327929,43462296
61.3958,7,61352382941,43406290
61.3983,6,61355123153,43189084
61.4008,10,61311680863,89154380
61.4036,1,61360140159,43453296
61.4061,3,61362663165,43453296
61.4086,4,61365186171,43453296
61.4112,2,61367709177,43453296
61.4137,0,61370232183,43453296
61.4165,12,61372755189,43766296
61.419,15,61375591195,43453296
61.4216,14,61378204201,43435296
61.4242,11,61380727207,43435296
61.4267,13,61383250213,43435296
61.4318,9,61344804923,86971598
61.4343,8,61390790225,43509302
61.4368,5,61349859935,86971598
61.4394,7,61395789231,43565308
61.4419,6,61398312237,43565308
61.4444,10,61400835243,43565308
61.447,1,61403593455,43357102
61.4495,3,61406116461,43357102
61.4522,4,61408639467,43574308
61.4572,0,61413685479,43518302
61.4597,12,61416521485,43205302
61.4622,15,61419044491,43205302
61.4674,14,61421639497,45719308
61.4699,11,61424162503,45719308
61.4724,13,61426685509,45719308
61.4827,8,61434299527,48434302
61.4853,5,61436831533,48434302
61.4878,7,61439354539,48434302
61.4903,6,61441877545,48434302
61.4928,10,61444400551,48434302
61.4954,1,61446950557,48425302
61.4979,3,61449473563,48425302
61.5004,4,61452213775,48208096
61.5054,0,61457203781,48208096
61.5104,15,61462249793,48152090
61.5157,14,61467358805,48378296
61.521,13,61472404817,48635290
61.5287,9,61431776521,96886604
61.5312,8,61482733829,48452302
61.5362,7,61487788841,48396296
61.5387,6,61490311847,48396296
61.5412,10,61492834853,48396296
61.5438,1,61495375859,48396296
61.5488,4,61500421871,48340290
61.5513,2,61411162473,140122694
61.5563,12,61459726787,96548386
61.5588,15,61510401883,48396296
61.5616,14,61515737101,45891290
61.5642,11,61469881811,94269586
61.5667,13,61521040107,45634296
61.5718,9,61528663125,43120290
61.5743,8,61531186131,43120290
61.5768,5,61485265835,91572592
61.5797,7,61536185137,43489296
61.5822,6,61538708143,43489296
61.5847,10,61541231149,43489296
61.5922,3,61497898865,94343592
61.5948,4,61548762161,46003302
61.5973,2,61551285167,46003302
61.5998,0,61505411877,94399598
61.6026,12,61556275173,46276514
61.6076,14,61561628391,45976302
61.6126,13,61566674403,45920296
61.6152,9,61571783415,43397290
61.6177,8,61574306421,43397290
61.6205,5,61576838427,43710290
61.6231,7,61579674433,43397290
61.6281,10,61584720445,43341284
61.6306,1,61543772155,86839580
61.6331,3,61592242457,40892284
61.6357,4,61594765463,40892284
61.6382,2,61597288469,40892284
61.6407,0,61599811475,40892284
61.6432,12,61602551687,40675078
61.6457,15,61558798179,86951592
61.6535,13,61612594699,40892284
61.6561,9,61615180705,40883284
61.6586,8,61617703711,40883284
61.6636,5,61620548717,43084290
61.6662,7,61623071723,43084290
61.6687,6,61582197439,86481580
61.6712,10,61628061729,43140296
61.6737,1,61630611735,43122296
61.6763,3,61633134741,43122296
61.6788,4,61635657747,43122296
61.6816,2,61638180753,43435296
61.6841,0,61640703759,43435296
61.6867,12,61643226765,43435296
61.6892,15,61645749771,43435296
61.6943,14,61607604693,86680386
61.6968,11,61564151397,132656688
61.6993,13,61653486983,45844108
61.7046,9,61656063989,48575320
61.7072,8,61658586995,48575320
61.7122,5,61663633007,48593320
61.7147,7,61666156013,48593320
61.7225,1,61673734031,48794314
61.7251,3,61676257037,48794314
61.7276,4,61678780043,48794314
61.7301,2,61681616049,48481314
61.7326,0,61684139055,48481314
61.7351,12,61686662061,48481314
61.7377,15,61689185067,48481314
61.7452,11,61696808085,48434308
61.7478,13,61699331091,48434308
61.7506,9,61704639309,45947302
61.7531,8,61707162315,45947302
61.7582,5,61712226327,45947302
61.7607,7,61714749333,45947302
61.7632,6,61668679019,94540622
61.7657,10,61671202025,94540622
61.7683,1,61722528345,45746308
61.7733,4,61727574357,45690302
61.7758,2,61730097363,45690302
61.7783,0,61732620369,45690302
61.7808,12,61735143375,45690302
61.7862,14,61694285079,91923604
61.7887,11,61745242393,43489296
61.7938,9,61750586611,43189084
61.7963,8,61753109617,43189084
61.7988,5,61758173629,40675078
61.8038,6,61763219641,40619072
61.8064,10,61765742647,40619072
61.8089,1,61768274653,40619072
61.8116,3,61725051351,86582586
61.8142,4,61773264659,40892284
61.8167,2,61775787665,40892284
61.8217,12,61780833677,40836278
61.8242,15,61737666381,86526580
61.8271,14,61786208683,40883284
61.8296,11,61788731689,40883284
61.8321,13,61747765399,84372580
61.8372,9,61793775695,43453296
61.8398,8,61796298701,43453296
61.8423,5,61798848707,43435296
61.8448,7,61760696635,84110374
61.8473,6,61803838713,43491302
61.8499,10,61806361719,43491302
61.8524,1,61808893725,43491302
61.8551,3,61811633937,43491302
61.8576,4,61814156943,43491302
61.8602,2,61816679949,43491302
61.8627,0,61778310671,84383586
61.8652,12,61821669955,43547308
61.8703,14,61827091967,43178302
61.8728,11,61829614973,43178302
61.8753,13,61832137979,43178302
61.8804,9,61837228991,43196302
61.8829,8,61839751997,43196302
61.8858,5,61842284003,43509302
61.8883,7,61844807009,43509302
61.8908,6,61847330015,43509302
61.8958,1,61852385027,43453296
61.8984,3,61855125239,43236090
61.9009,4,61857648245,43236090
61.9036,2,61860171251,43453296
61.9061,0,61862694257,43453296
61.9087,12,61865217263,43453296
61.9112,15,61824192961,87000604
61.9138,14,61870270269,43509302
61.9163,11,61872793275,43509302
61.9188,13,61875316281,43509302
61.9239,9,61880425293,43509302
61.9265,8,61882948299,43509302
61.9293,5,61885793305,43509302
61.9318,7,61888316311,43509302
61.9343,6,61890839317,43509302
61.9369,10,61849853021,87018604
61.9419,3,61898361329,43509302
61.9444,4,61900884335,43509302
61.9469,2,61903624547,43292096
61.9494,0,61906147553,43292096
61.9522,12,61908670559,43509302
61.9597,14,61913779571,45967302
61.9623,11,61916302577,45967302
61.9648,13,61918825583,45967302
61.9699,9,61923934595,45967302
61.9724,8,61926457601,45967302
61.9774,7,61931825613,45598296
61.9799,6,61934348619,45598296
61.9825,10,61936871625,45598296
61.9875,1,61895838323,91677610
61.9904,3,61941870631,48481308
61.9929,4,61944393637,48481308
61.9954,2,61946916643,48481308
61.9979,0,61949439649,48481308
62.0004,12,61952179861,48264102
62.0032,15,61911193565,91990610
62.0133,14,61959746873,53574326
62.0234,9,61969901897,53462314
62.0259,8,61972424903,53462314
62.0312,5,61929302607,101943622
62.0338,7,61977423909,56345326
62.0388,10,61982469921,56289320
62.0438,1,61987515933,56307320
62.0463,3,61990351939,55994320
62.0489,4,61992874945,55994320
62.0539,0,61997920957,55938314
62.0564,12,62000443963,55938314
62.0667,14,62013321199,53395302
62.0692,11,61962269879,106969628
62.0718,13,61964792885,106969628
62.0769,9,62023364211,53507314
62.0794,8,62025887217,53507314
62.0844,5,62031246229,53203314
62.087,7,62033769235,53203314
62.0895,6,61979946915,109548640
62.0923,10,62038759241,53572320
62.0949,1,62043823253,51058314
62.0974,3,62046346259,51058314
62.0999,4,62048869265,51058314
62.1049,0,62053859271,51058314
62.1077,12,62056382277,51275520
62.1228,11,62069239507,53518314
62.1253,13,62071762513,53518314
62.1304,9,62076871525,53518314
62.1332,8,62079394531,53831314
62.1383,5,62084449543,53831314
62.1408,7,62086972549,53831314
62.1458,10,62092331561,53462308
62.151,3,62097404573,53614508
62.1535,4,62099927579,53614508
62.1561,2,61995397951,160667142
62.1586,0,62104917585,53670514
62.1611,12,62107657797,53453308
62.1636,15,62003184175,160449936
62.1688,14,62066716501,102053622
62.1713,11,62122757821,48535308
62.1764,9,62130389839,45965296
62.1789,8,62133225845,45652296
62.1814,5,62138280857,43138290
62.1839,7,62140803863,43138290
62.1865,6,62089495555,96969604
62.189,10,62145793869,43194296
62.1944,1,62094881567,99474610
62.1969,3,62151019081,45860102
62.1994,4,62153542087,45860102
62.2021,2,62156065093,46077308
62.2047,0,62158588099,46077308
62.2072,12,62161111105,46077308
62.2097,15,62163634111,46077308
62.2198,14,62168770123,51078320
62.2224,11,62171293129,51078320
62.2249,13,62125280827,99613628
62.2325,8,62178878141,53574326
62.2378,5,62181419147,56392332
62.2428,6,62186465159,56336326
62.2453,10,62188988165,56336326
62.2506,3,62196879183,53679520
62.2531,4,62199402189,53679520
62.2556,2,62202142401,53462314
62.2581,0,62204665407,53462314
62.2607,12,62207188413,53462314
62.2632,15,62209711419,53462314
62.2708,14,62219848443,50975308
62.2733,11,62222371449,50975308
62.2759,13,62224894455,50975308
62.2834,8,62232452467,50993308
62.2885,5,62237811479,50689308
62.291,7,62183942153,107081640
62.2935,6,62242801485,50745314
62.2964,10,62245324491,51058314
62.3041,1,62194356177,109756846
62.3066,3,62250558703,56077326
62.3092,4,62253081709,56077326
62.3117,2,62255604715,56077326
62.3142,0,62258127721,56077326
62.3192,15,62263173733,56021320
62.3218,14,62270823751,50975308
62.3243,11,62273346757,50975308
62.3268,13,62275869763,50975308
62.3294,9,62176355135,153084942
62.3344,5,62288500787,45947296
62.3373,7,62291023793,46260296
62.3398,6,62293546799,46260296
62.3448,1,62304113023,40729078
62.3474,3,62306636029,40729078
62.3499,4,62309159035,40729078
62.3526,2,62311682041,40946284
62.3552,0,62314205047,40946284
62.3577,12,62260650727,97023610
62.3602,15,62319195053,41002290
62.3628,14,62321799059,40975290
62.3653,11,62324322065,40975290
62.3678,13,62326845071,40975290
62.3704,9,62329440077,40966290
62.3729,8,62283445775,89483598
62.3755,5,62334448083,41004296
62.378,7,62337284089,40691296
62.3805,6,62339807095,40691296
62.383,10,62296382805,86638592
62.388,3,62347365107,40664296
62.3906,4,62349888113,40664296
62.3931,2,62352628325,40447090
62.3956,0,62355151331,40447090
62.4009,15,62360197343,40704084
62.4037,14,62362774349,40921290
62.4062,11,62365297355,40921290
62.4087,13,62367820361,40921290
62.4113,9,62370406367,40921290
62.4139,8,62372929373,40921290
62.4164,5,62375452379,40921290
62.4189,7,62377975385,40921290
62.4214,6,62380498391,40921290
62.4239,10,62383021397,40921290
62.4265,1,62344842101,81641592
62.429,3,62388029403,40977296
62.4315,4,62390552409,40977296
62.4341,2,62393075415,40977296
62.4366,0,62395598421,40977296
62.4394,12,62357674337,81737386
62.4419,15,62400901427,41033302
62.4522,11,62406218645,46005308
62.4547,13,62408741651,46005308
62.4573,9,62411327657,46005308
62.4599,8,62413850663,46005308
62.4648,7,62418896675,45949302
62.4698,10,62423942687,45893296
62.4724,1,62426483693,45893296
62.4749,3,62429006699,45893296
62.4774,4,62431529705,45893296
62.4799,2,62434052711,45893296
62.4825,0,62436575717,45893296
62.485,12,62439411723,45580296
62.4875,15,62441934729,45580296
62.4901,14,62403695639,86423392
62.4926,11,62452223953,40418084
62.4952,13,62454746959,40418084
62.4978,9,62457332965,40418084
62.5031,5,62416373669,86680386
62.508,6,62421419681,86624380
62.5106,10,62469835983,40731084
62.5158,3,62474899995,40892284
62.5183,4,62477423001,40892284
62.5208,2,62479946007,40892284
62.5234,0,62482469013,40892284
62.5259,12,62484992019,40892284
62.5284,15,62487515025,40892284
62.5335,14,62490119031,43379290
62.536,11,62492642037,43379290
62.5385,13,62495165043,43379290
62.5465,9,62497751049,48720302
62.549,8,62459855971,89138386
62.5517,5,62503054055,48680514
62.5543,7,62464845977,89411598
62.5568,6,62508044061,48736520
62.5593,10,62510567067,48736520
62.5644,1,62472376989,91999610
62.5694,4,62518315285,51051320
62.5719,2,62520838291,51051320
62.5769,12,62525884303,50995314
62.5794,15,62528407309,50995314
62.582,14,62533498321,48490308
62.5845,11,62536021327,48490308
62.587,13,62538544333,48490308
62.5896,9,62546471351,43176296
62.5922,8,62548994357,43176296
62.5947,5,62551734569,42959090
62.5972,7,62554257575,42959090
62.5997,6,62556780581,42959090
62.6026,10,62559303587,43272090
62.6054,1,62564376599,40975290
62.6079,3,62515792279,92082616
62.6104,4,62569366605,41031296
62.6129,2,62571889611,41031296
62.6154,0,62523361297,92082616
62.618,12,62576879617,41087302
62.6205,15,62579402623,41087302
62.6255,11,62584511635,41022296
62.6281,13,62587034641,41022296
62.6356,8,62592170653,43453296
62.6381,5,62594693659,43453296
62.6407,7,62597216665,43453296
62.6432,6,62599739671,43453296
62.646,10,62602575677,43453296
62.6513,1,62605351889,45967302
62.6538,3,62607874895,45967302
62.6564,4,62610397901,45967302
62.6589,2,62612920907,45967302
62.6614,0,62615443913,45967302
62.6639,12,62617966919,45967302
62.669,14,62581988629,86989598
62.6715,11,62625533931,45967302
62.674,13,62628056937,45967302
62.6766,9,62589647647,86971598
62.6791,8,62635623949,43518302
62.6817,5,62638146955,43518302
62.6842,7,62640669961,43518302
62.6867,6,62643192967,43518302
62.6892,10,62646028973,43205302
62.6943,1,62651319191,43006096
62.6968,3,62653842197,43006096
62.6994,4,62656365203,43006096
62.7021,2,62658888209,43223302
62.7049,0,62661411215,43536302
62.7099,15,62620489925,89447598
62.715,11,62671501233,43480296
62.7175,13,62674024239,43480296
62.7201,9,62676619245,43462296
62.7226,8,62679142251,43462296
62.7251,5,62681665257,43462296
62.7277,7,62684188263,43462296
62.7302,6,62686711269,43462296
62.7327,10,62689234275,43462296
62.7402,3,62696848293,43397290
62.7428,4,62699371299,43397290
62.7453,2,62702111511,43180084
62.7481,0,62704947517,43180084
62.7584,14,62668978227,89391592
62.7609,11,62714981529,45911296
62.7634,13,62717504535,45911296
62.766,9,62720081541,45911296
62.7685,8,62722604547,45911296
62.771,5,62725127553,45911296
62.776,6,62730173565,45855290
62.7786,10,62732696571,45855290
62.7811,1,62694325287,86794580
62.7836,3,62740245583,43397290
62.7862,4,62742768589,43397290
62.7887,2,62745291595,43397290
62.7912,0,62748127601,43084290
62.7937,12,62663934221,129800676
62.7963,15,62709937523,86320380
62.8016,14,62758369819,43205302
62.8041,11,62760892825,43205302
62.8066,13,62763415831,43205302
62.8145,8,62768515843,45976302
62.817,5,62771038849,45976302
62.8195,7,62727650559,91887598
62.8221,6,62776028855,46032308
62.8246,10,62778551861,46032308
62.8271,1,62781119867,46023308
62.8297,3,62783642873,46023308
62.8322,4,62786165879,46023308
62.8347,2,62788688885,46023308
62.8397,12,62793734897,45967302
62.8422,15,62796257903,45967302
62.8448,14,62801575121,43245090
62.8473,11,62804098127,43245090
62.8529,9,62765992837,86942592
62.8555,8,62814492145,40966290
62.858,5,62817015151,40966290
62.8605,7,62819538157,40966290
62.863,6,62822061163,40966290
62.8656,10,62824584169,40966290
62.8681,1,62827143175,40966290
62.8706,3,62829666181,40966290
62.8732,4,62832189187,40966290
62.8757,2,62834712193,40966290
62.8782,0,62791211891,86989598
62.8807,12,62839702199,41022296
62.8832,15,62842225205,41022296
62.8883,14,62844820211,43509302
62.8909,11,62847343217,43509302
62.8934,13,62806621133,86754392
62.8985,9,62852935429,45531108
62.9012,8,62855458435,45748314
62.9037,5,62857981441,45748314
62.9063,7,62860504447,45748314
62.9088,6,62863027453,45748314
62.9116,10,62865550459,46061314
62.9167,1,62868109465,48575320
62.9192,3,62870632471,48575320
62.9242,2,62875678483,48519314
62.9267,0,62878201489,48519314
62.9292,12,62880724495,48519314
62.9318,15,62883247501,48519314
62.9369,14,62888329513,48537314
62.9394,11,62890852519,48537314
62.9419,13,62893375525,48537314
62.955,9,62898466537,56562532
62.96,5,62903729755,56289320
62.9625,7,62906252761,56289320
62.9651,6,62908775767,56289320
62.9676,10,62911611773,55976320
62.9751,3,62919207791,55938314
62.9777,4,62873155477,104513634
62.9802,2,62924197797,55994320
62.9827,0,62926720803,55994320
62.9927,14,62936866827,55882308
62.9953,11,62939389833,55882308
62.9978,13,62941912839,55882308
63.0057,9,62955029069,50633302
63.0082,8,62901206749,106978628
63.0107,5,62960019075,50689308
63.0135,7,62962542081,51002308
63.0161,6,62965065087,51002308
63.0186,10,62967588093,51002308
63.0237,1,62916684785,106996628
63.0262,3,62975146105,51058314
63.0287,4,62977669111,51058314
63.0313,2,62980192117,51058314
63.0338,0,62982715123,51058314
63.0363,12,62929243809,107052634
63.0388,15,62931766815,107052634
63.0439,14,62992749135,51170326
63.0464,11,62995272141,51170326
63.049,13,62997795147,51170326
63.0571,9,63005662371,51474326
63.0621,5,63010708383,51418320
63.0646,7,63013544389,51105320
63.0672,6,63016067395,51105320
63.0697,10,63018590401,51105320
63.0773,3,63026204419,51049314
63.0798,4,63028727425,51049314
63.0823,2,63031250431,51049314
63.0848,0,63033773437,51049314
63.0873,12,63036296443,51049314
63.0899,15,63038819449,51049314
63.0974,11,63046442467,50993308
63.1,13,63048965473,50993308
63.1052,9,63057136697,48110296
63.1078,8,63008185377,99584622
63.1103,5,63062126703,48166302
63.1156,6,63067172715,48423302
63.1181,10,63069695721,48423302
63.1207,1,63023681413,97014616
63.1232,3,63077253733,45965302
63.1257,4,63079776739,45965302
63.1283,2,63082299745,45965302
63.1308,0,63084822751,45965302
63.1333,12,63087345757,45965302
63.1358,15,63089868763,45965302
63.1384,14,63043919461,94500610
63.1409,11,63097435775,43507302
63.1435,13,63099958781,43507302
63.1486,9,63105246993,43328102
63.1536,5,63110293005,43272096
63.1564,7,63064649709,91751398
63.1616,10,63118119023,43489296
63.1667,1,63120696029,45994302
63.1692,3,63123219035,45994302
63.1742,2,63128265047,45938296
63.1767,0,63130788053,45938296
63.1792,12,63133311059,45938296
63.1818,15,63135834065,45938296
63.1894,14,63138420071,50948308
63.1919,11,63140943077,50948308
63.1995,9,63148575095,50883302
63.2047,5,63153565101,51100508
63.2072,7,63156401107,50787508
63.2097,6,63115596017,94115604
63.2122,10,63161608319,50626308
63.2176,1,63166690331,50948308
63.2202,3,63169213337,50948308
63.2227,4,63125742041,96942610
63.2252,2,63174203343,51004314
63.2277,0,63176726349,51004314
63.2303,12,63179249355,51004314
63.2328,15,63181772361,51004314
63.2404,14,63189368379,51031314
63.2429,11,63191891385,51031314
63.248,9,63199458397,48517308
63.2505,8,63107769999,142728712
63.2532,5,63204665609,48573314
63.2558,7,63207188615,48573314
63.2586,6,63209711621,48886314
63.2636,1,63217638639,46003302
63.2662,3,63220161645,46003302
63.2712,2,63225207657,45947296
63.2737,0,63227730663,45947296
63.2762,12,63230253669,45947296
63.2787,15,63232776675,45947296
63.2813,14,63240399693,40919284
63.2838,11,63242922699,40919284
63.2864,13,63143466083,142898906
63.2914,8,63250498711,40910284
63.2939,5,63253238923,40693078
63.2965,7,63255761929,40693078
63.299,6,63258597935,40380078
63.3015,10,63212234627,89266392
63.3043,1,63263641941,40635290
63.3068,3,63266164947,40635290
63.3093,4,63222684651,86638592
63.3118,2,63271154953,40691296
63.3168,12,63276200965,40635290
63.3197,15,63278723971,40948290
63.3273,14,63281318977,45949302
63.3298,11,63283841983,45949302
63.3323,13,63286364989,45949302
63.3399,8,63291408995,48463308
63.3424,5,63293932001,48463308
63.3449,7,63296455007,48463308
63.3474,6,63298978013,48463308
63.35,10,63301501019,48463308
63.3528,1,63304277231,48481308
63.3553,3,63306800237,48481308
63.3578,4,63309323243,48481308
63.3603,2,63311846249,48481308
63.3632,0,63273677959,89485604
63.3657,12,63316836255,48850314
63.3682,15,63319672261,48537314
63.3733,14,63327268279,46050308
63.3758,11,63329791285,46050308
63.3784,13,63332314291,46050308
63.3909,7,63344918315,45949296
63.3934,6,63347441321,45949296
63.3959,10,63349964327,45949296
63.3985,9,63247975705,150478924
63.4037,3,63355281545,48398296
63.4062,4,63357804551,48398296
63.4087,2,63360327557,48398296
63.4112,0,63363163563,48085296
63.4138,12,63365686569,48085296
63.4163,15,63368209575,48085296
63.4217,14,63373318587,48380296
63.4267,13,63378364599,48324290
63.4293,8,63339872303,89411592
63.4318,5,63342395309,89411592
63.4343,7,63390867611,43462296
63.4369,6,63393390617,43462296
63.4394,10,63395913623,43462296
63.4419,9,63398454629,43462296
63.447,1,63352758539,94240398
63.4495,3,63403679841,45842102
63.452,4,63406202847,45842102
63.457,0,63411248859,45786096
63.4622,15,63416294871,45947296
63.4676,14,63421698883,45947296
63.4702,11,63375841593,94327592
63.4727,13,63426688889,46003302
63.4778,8,63429283895,48490308
63.4828,7,63434329907,48434302
63.4853,6,63436852913,48434302
63.4878,10,63439375919,48434302
63.4904,9,63441916925,48434302
63.4979,1,63446998937,50948308
63.5032,4,63452044949,51109508
63.5106,12,63413771865,96839598
63.5131,15,63462242167,50892302
63.5182,14,63467646179,50579302
63.5207,11,63470169185,50579302
63.5233,13,63472692191,50579302
63.5312,8,63477774203,53424308
63.5337,5,63431806901,101914616
63.5362,7,63482764209,53480314
63.5388,6,63485287215,53480314
63.5413,10,63487810221,53480314
63.5463,9,63490351227,55994320
63.5617,1,63497947245,63708538
63.5642,3,63449521943,114656846
63.567,4,63503154457,63860338
63.5695,2,63408725853,160811948
63.5745,12,63510611463,63916344
63.5771,15,63513134469,63916344
63.5846,14,63518225481,66374344
63.5871,11,63520748487,66374344
63.5896,13,63523271493,66374344
63.5948,8,63531198511,63565338
63.5973,5,63533721517,63565338
63.5998,7,63536244523,63565338
63.6023,6,63538767529,63565338
63.6051,10,63541290535,63782544
63.6202,3,63564178789,56019314
63.6227,4,63567014795,55706314
63.6252,2,63569537801,55706314
63.6281,0,63457034955,171045166
63.6306,12,63574527807,56075320
63.6331,15,63577050813,56075320
63.6482,11,63587122831,61112332
63.6508,13,63589645837,61112332
63.6585,8,63594763849,63778538
63.6635,7,63599809861,63722532
63.6661,6,63602332867,63722532
63.6689,10,63605073079,63818326
63.6714,9,63546345547,125095864
63.679,1,63561655783,117390646
63.6816,3,63620198103,61371332
63.6841,4,63622721109,61371332
63.6866,2,63625244115,61371332
63.6891,0,63628080121,61058332
63.7019,14,63584599825,117330852
63.7045,11,63648235163,56218520
63.717,8,63658542387,58488314
63.722,7,63663532393,58488314
63.7245,6,63666055399,58488314
63.7271,10,63668891405,58175314
63.7299,9,63671441411,58479314
63.735,1,63679046429,55965308
63.7375,3,63681569435,55965308
63.7401,4,63684092441,55965308
63.745,0,63689138453,55909302
63.7476,12,63630603127,116967634
63.7501,15,63633126133,116967634
63.7603,11,63704453683,55891302
63.7629,13,63650758169,112109822
63.7708,8,63717030701,53800308
63.7758,7,63722020707,53800308
63.7783,6,63724543713,53800308
63.7809,10,63727066719,53800308
63.7859,5,63597286855,188590178
63.791,1,63735011737,55938308
63.7935,3,63737534743,55938308
63.796,4,63740057749,55938308
63.801,0,63745047755,55938308
63.8037,12,63747570761,56155514
63.8062,15,63750093767,56155514
63.8113,11,63760344985,50966302
63.8138,13,63762867991,50966302
63.8164,8,63770831009,45607290
63.819,7,63775821015,43149290
63.8215,6,63778344021,43149290
63.824,10,63780867027,43149290
63.8291,9,63729920725,99150604
63.8319,5,63785877033,46030302
63.8395,1,63790950045,48506302
63.842,3,63793473051,48506302
63.8445,4,63795996057,48506302
63.8495,0,63800986063,48506302
63.8646,14,63701930677,162674900
63.8696,7,63818970305,50661278
63.8722,6,63821493311,50661278
63.875,10,63824016317,50974278
63.88,5,63831907335,48100266
63.8826,1,63839456347,43146260
63.8851,3,63841979353,43146260
63.8876,4,63844502359,43146260
63.8902,0,63849492365,40688260
63.8927,12,63803726275,88977356
63.8952,15,63806249281,88977356
63.8978,11,63811311287,86474356
63.9028,14,63864605577,38179072
63.9056,2,63686615447,218945414
63.9081,8,63816438299,91645568
63.9106,7,63869631583,40975290
63.9131,6,63872154589,40975290
63.9157,10,63874990595,40662290
63.9182,9,63829071329,89122562
63.9207,5,63880007601,40709296
63.9233,1,63882602607,40682296
63.9307,12,63892703631,38038278
63.9361,11,63897785643,38286272
63.9386,13,63813834293,124760628
63.9411,14,63902784649,38342278
63.9437,2,63905560861,38125072
63.9462,8,63908083867,38134072
63.9487,7,63910606873,38134072
63.9513,6,63913129879,38134072
63.954,10,63915652885,38351278
63.9565,9,63918193891,38351278
63.9591,5,63920716897,38351278
63.9616,1,63923284903,38351278
63.9691,15,63895226637,73866550
63.9716,11,63936071915,35571278
63.9742,13,63938594921,35571278
63.977,14,63941126927,35884278
63.9796,2,63943685933,35884278
63.9821,8,63946217939,35884278
63.9846,7,63948740945,35884278
63.9871,6,63951263951,35884278
63.9897,10,63954004163,35667072
63.9947,5,63959068175,35611066
63.9972,0,63890180625,107057622
64.0047,4,63887648619,117046634
64.0075,11,63971643193,35810272
64.01,13,63974166199,35810272
64.0125,3,63885125613,127373864
64.015,14,63977011205,38011278
64.0176,2,63979570211,38011278
64.0201,8,63982102217,38011278
64.0226,7,63984625223,38011278
64.0252,6,63987148229,38011278
64.0277,10,63989671235,38011278
64.0302,9,63956545169,73678350
64.0327,5,63994679241,38067284
64.0353,0,63997238247,38058284
64.0381,12,63930741909,107390628
64.0407,15,63969093187,71562356
64.0432,1,63961636181,81551368
64.0457,4,64004695253,41024302
64.0483,11,64007453465,40807096
64.0508,13,64009976471,40807096
64.0535,3,64012499477,41024302
64.0561,14,64015022483,41033302
64.0586,2,64017581489,41033302
64.0611,8,64020113495,41033302
64.0637,7,64022636501,41033302
64.0662,6,64025159507,41033302
64.0687,10,64027682513,41033302
64.0713,9,64030223519,41033302
64.0738,5,64032746525,41033302
64.0763,0,64035296531,41033302
64.0792,12,64038132537,41033302
64.0817,15,64040655543,41033302
64.0842,1,64043187549,41060302
64.0868,4,64045719555,41051302
64.0893,11,64048260561,41033302
64.0918,13,64050783567,41033302
64.0943,3,64053523779,40816096
64.0969,14,64056055785,40816096
64.0994,2,64058614791,40816096
64.102,8,64061146797,40816096
64.1047,7,64063669803,41033302
64.1072,6,64066192809,41033302
64.1097,10,64068715815,41033302
64.1123,9,64071256821,41033302
64.1148,5,64073779827,41033302
64.1174,0,64076329833,41033302
64.1199,12,64079165839,40720302
64.1224,15,64081688845,40720302
64.125,1,64084247851,40720302
64.1275,4,64086770857,40720302
64.13,11,64089293863,40720302
64.1325,13,64091816869,40720302
64.1351,3,64094339875,40720302
64.1376,14,64096871881,40720302
64.143,2,64099430887,43547308
64.1455,8,64101962893,43547308
64.148,7,64104703105,43330102
64.1506,6,64107226111,43330102
64.1556,9,64112290123,43274096
64.1583,5,64114813129,43491302
64.1634,0,64117363135,46005308
64.1659,12,64119886141,46005308
64.1684,15,64122409147,46005308
64.176,1,64124968153,51033320
64.1785,4,64127491159,51033320
64.1814,11,64130014165,51346320
64.1839,13,64132537171,51346320
64.1864,3,64135060177,51346320
64.1939,8,64145510201,48425302
64.1965,7,64148033207,48425302
64.199,6,64150556213,48425302
64.2015,10,64109749117,91755404
64.2043,9,64155564219,48698514
64.2068,5,64158304431,48481308
64.2143,12,64165891449,48434302
64.2168,15,64168414455,48434302
64.2194,1,64176001473,43433290
64.222,4,64178524479,43433290
64.2245,11,64181360485,43120290
64.227,13,64183883491,43120290
64.2295,3,64186406497,43120290
64.2346,14,64137592183,96980616
64.2397,2,64142978195,96676616
64.2425,8,64193935503,48564314
64.245,7,64196458509,48564314
64.2475,6,64198981515,48564314
64.2501,10,64201504521,48564314
64.2628,12,64214325751,48452302
64.2653,15,64216848757,48452302
64.2679,1,64219434763,48425302
64.2729,11,64224480775,48369296
64.2754,13,64227003781,48369296
64.2779,3,64229526787,48369296
64.2804,14,64234572799,45864290
64.2833,2,64239654811,43681284
64.2859,8,64242499817,43368284
64.2909,6,64247545829,43312278
64.2934,10,64250068835,43312278
64.2984,5,64206785739,91603380
64.3012,0,64163368443,137796888
64.3037,12,64262778053,40910284
64.3062,15,64265301059,40910284
64.3088,1,64267860065,40910284
64.3113,4,64221957769,89335586
64.3138,11,64272850071,40966290
64.3163,13,64275373077,40966290
64.3189,3,64277896083,40966290
64.3214,14,64280437089,40948290
64.3265,2,64283336095,43140296
64.329,8,64285868101,43140296
64.3315,7,64245022823,86508580
64.3365,10,64293381113,43140296
64.3391,9,64204262733,134799682
64.3416,5,64298389119,43196302
64.347,0,64301165331,45788102
64.3547,1,64308770349,45893296
64.3597,11,64313816361,45837290
64.3622,13,64316339367,45837290
64.3697,2,64326476391,43229272
64.3722,8,64329008397,43229272
64.3748,7,64331531403,43229272
64.3773,6,64290858107,86425574
64.3798,10,64336521409,43285278
64.3823,9,64339062415,43285278
64.3852,5,64341585421,43598278
64.3877,0,64346953433,40780272
64.3927,15,64306211343,86512368
64.3953,1,64354663645,40619072
64.3978,4,64311293355,86512368
64.4003,11,64359653651,40675078
64.4053,3,64318862373,86456362
64.4078,14,64321385379,86456362
64.4131,2,64369705663,43397290
64.4156,8,64372237669,43397290
64.4182,7,64374760675,43397290
64.4207,6,64377283681,43397290
64.4232,10,64379806687,43397290
64.4257,9,64382347693,43397290
64.4283,5,64385183699,43084290
64.4308,0,64387733705,43066290
64.4333,12,64303688337,129634664
64.4358,15,64392723711,43122296
64.4384,1,64395282717,43122296
64.4434,11,64400328729,43066290
64.4462,13,64362176657,84054368
64.4488,3,64405318735,43435296
64.4513,14,64407841741,43435296
64.4541,2,64413102953,41004296
64.4566,8,64415634959,41004296
64.4592,7,64418157965,41004296
64.4617,6,64420680971,41004296
64.4642,10,64423203977,41004296
64.4667,9,64425744983,41004296
64.4693,5,64428267989,41004296
64.4718,0,64430799995,41004296
64.4743,12,64433323001,41004296
64.4769,15,64435846007,41004296
64.4819,4,64397805723,84070586
64.4844,11,64443395019,41004296
64.4872,13,64446231025,41004296
64.4898,3,64448754031,41004296
64.4923,14,64451277037,41004296
64.4949,2,64454107249,40760090
64.4974,8,64456639255,40760090
64.4999,7,64459162261,40760090
64.5051,10,64464208273,40921290
64.5077,9,64466749279,40921290
64.5102,5,64469272285,40921290
64.5127,0,64471804291,40921290
64.5152,12,64474327297,40921290
64.5178,15,64476850303,40921290
64.5203,1,64438405013,81925586
64.5229,4,64481876309,40977296
64.5254,11,64484399315,40977296
64.5279,13,64487235321,40664296
64.5304,3,64489758327,40664296
64.5329,14,64492281333,40664296
64.5355,2,64494867339,40664296
64.5381,8,64497399345,40664296
64.5406,7,64499922351,40664296
64.5431,6,64461685267,81424386
64.5456,10,64505129563,40503096
64.5485,9,64507670569,40816096
64.5512,5,64510193575,41033302
64.5538,0,64512725581,41033302
64.5563,12,64515248587,41033302
64.5588,15,64517771593,41033302
64.5614,1,64520330599,41033302
64.5639,4,64522853605,41033302
64.5664,11,64525376611,41033302
64.5689,13,64527899617,41033302
64.5715,3,64530422623,41033302
64.574,14,64532945629,41033302
64.5766,2,64535531635,41033302
64.5791,8,64538063641,41033302
64.5816,7,64540586647,41033302
64.5841,6,64543109653,41033302
64.5867,10,64545632659,41033302
64.592,9,64548486665,43547308
64.5946,5,64551226877,43330102
64.5971,0,64553758883,43330102
64.5996,12,64556281889,43330102
64.6021,15,64558804895,43330102
64.6074,1,64561363901,46061314
64.6099,4,64563886907,46061314
64.6125,11,64566409913,46061314
64.615,13,64568932919,46061314
64.62,14,64573978931,46005308
64.6226,2,64576564937,46005308
64.6251,8,64579096943,46005308
64.6276,7,64581619949,46005308
64.6301,6,64584142955,46005308
64.6327,10,64586665961,46005308
64.6352,9,64592033973,43196302
64.6378,5,64594556979,43196302
64.6403,0,64597088985,43196302
64.6428,12,64599611991,43196302
64.6453,15,64602134997,43196302
64.6535,1,64607425215,46050308
64.656,4,64609948221,46050308
64.6585,11,64612471227,46050308
64.661,13,64614994233,46050308
64.666,14,64619984239,46050308
64.6686,2,64622570245,46050308
64.6712,8,64625102251,46050308
64.6737,7,64627625257,46050308
64.6762,6,64630148263,46050308
64.6787,10,64632671269,46050308
64.6862,5,64637753281,48490308
64.6888,0,64640285287,48490308
64.6913,12,64642808293,48490308
64.6941,15,64645331299,48803308
64.6992,1,64653475523,45759096
64.7067,13,64661044541,45647084
64.7119,14,64666034547,45864290
64.7144,3,64571455925,142965918
64.717,2,64668620553,48378296
64.722,7,64673675565,48322290
64.7245,6,64676198571,48322290
64.727,10,64678721577,48322290
64.7296,9,64635230275,94372598
64.7321,5,64686243589,45882290
64.7347,0,64688775595,45882290
64.7372,12,64691298601,45882290
64.7397,15,64694134607,45569290
64.7423,1,64699234619,43037284
64.7448,4,64655998529,88796380
64.7498,13,64706691625,43093290
64.7551,3,64714421843,40675084
64.7579,2,64716998849,40910290
64.7604,8,64671152559,89288586
64.763,7,64721997855,40966296
64.7655,6,64724520861,40966296
64.7705,9,64729602873,40892290
64.7755,0,64734657885,40836284
64.778,12,64737180891,40836284
64.7805,15,64739703897,40836284
64.7831,1,64742271903,40827284
64.7856,4,64744794909,40827284
64.7881,11,64658521535,129623664
64.7931,3,64755096927,38038278
64.7961,2,64757909139,38152072
64.7986,8,64760441145,38152072
64.8036,6,64765487157,38096066
64.8113,5,64732125879,79149556
64.8138,0,64775494169,38313272
64.8163,12,64778017175,38313272
64.8189,15,64780540181,38313272
64.8214,1,64783099187,38313272
64.8314,14,64711898837,119464628
64.8339,2,64796061211,37861260
64.8365,8,64798593217,37861260
64.839,7,64762964151,76013332
64.8415,6,64803583223,37917266
64.844,10,64727043867,116979628
64.8466,9,64770495163,76078338
64.8491,5,64811275435,37821072
64.8518,0,64813807441,38038278
64.8544,12,64816330447,38038278
64.8572,15,64818853453,38351278
64.8598,3,64793135205,66619532
64.8623,1,64821412459,40865284
64.8648,4,64785622193,79178556
64.8673,11,64788145199,79178556
64.8698,13,64749784915,120061846
64.8724,14,64831363465,41006302
64.875,2,64833922471,41033302
64.88,8,64836454477,43547308
64.8825,7,64838977483,43547308
64.885,6,64841500489,43547308
64.8876,10,64844023495,43547308
64.8901,9,64846573501,43538308
64.8926,5,64849096507,43538308
64.898,0,64851845719,46157108
64.9007,12,64854368725,46374314
64.9033,15,64857204731,46061314
64.9058,3,64859754737,46034314
64.9084,1,64862277743,46079314
64.9109,4,64864800749,46079314
64.9159,13,64869846761,46023308
64.9209,2,64874955773,45967302
64.9235,8,64880001785,43462296
64.926,7,64882524791,43462296
64.9285,6,64885047797,43462296
64.931,10,64887570803,43462296
64.9336,9,64890111809,43462296
64.9361,5,64892634815,43462296
64.9386,0,64898002827,40635290
64.9412,12,64900743039,40418084
64.9462,3,64905789051,40362078
64.9487,1,64908357057,40362078
64.9515,4,64910880063,40579284
64.954,11,64867323755,86658598
64.9565,13,64915870069,40635290
64.9593,14,64872369767,86971598
64.9619,2,64920923075,41004296
64.9645,8,64923464081,40995296
64.967,7,64925987087,40995296
64.9695,6,64928510093,40995296
64.972,10,64931033099,40995296
64.9746,9,64933574105,40995296
64.9771,5,64936097111,40995296
64.9796,0,64938638117,40977296
64.9821,12,64941161123,40977296
64.9847,15,64903266045,81395380
64.9872,3,64946151129,41033302
64.9898,1,64948719135,41033302
64.9923,4,64951459347,40816096
64.9948,11,64953982353,40816096
64.9973,13,64956505359,40816096
65.0002,14,64959341365,40816096
65.003,2,64961927371,41033302
65.0055,8,64964459377,41033302
65.008,7,64966982383,41033302
65.0105,6,64969505389,41033302
65.0131,10,64972028395,41033302
65.0156,9,64974569401,41033302
65.0181,5,64977092407,41033302
65.0206,0,64979615413,41033302
65.0232,12,64982138419,41033302
65.0257,15,64984661425,41033302
65.0282,3,64987184431,41033302
65.0308,1,64989752437,41033302
65.0333,4,64992275443,41033302
65.0358,11,64994798449,41033302
65.0384,13,64997321455,41033302
65.0409,14,65000157461,40720302
65.0435,2,65002960673,40521096
65.046,8,65005492679,40521096
65.0485,7,65008015685,40521096
65.0511,6,65010538691,40521096
65.0538,10,65013061697,40738302
65.0563,9,65015602703,40738302
65.0589,5,65018125709,40738302
65.0617,0,65020648715,41051302
65.0642,12,65023171721,41051302
65.0667,15,65025694727,41051302
65.0693,3,65028217733,41051302
65.0718,1,65030785739,41051302
65.0744,4,65033308745,41051302
65.0769,11,65035831751,41051302
65.0794,13,65038354757,41051302
65.0845,2,65043481769,40977296
65.087,8,65046013775,40977296
65.0895,7,65048536781,40977296
65.092,6,65051059787,40977296
65.0946,10,65053799999,40760090
65.0996,9,65056341005,43274096
65.1025,5,65058864011,43587096
65.1077,12,65064223023,43435296
65.1102,15,65066746029,43435296
65.1127,3,65069269035,43435296
65.1178,1,65071837041,45949302
65.1203,4,65074360047,45949302
65.1228,11,65076883053,45949302
65.1254,13,65079406059,45949302
65.1304,2,65084459065,45949302
65.1329,8,65086991071,45949302
65.1355,7,65089514077,45949302
65.138,6,65092037083,45949302
65.1405,10,65094560089,45949302
65.1456,9,65099615101,45967302
65.1481,5,65102451107,45654302
65.1506,0,65061700017,88928398
65.1534,12,65107658319,45710308
65.1559,15,65110181325,45710308
65.1584,3,65112704331,45710308
65.1638,4,65120309349,43462302
65.1663,11,65122832355,43462302
65.1688,13,65125355361,43462302
65.1713,14,65040877763,130462906
65.1739,2,65130408367,43518308
65.1765,8,65132940373,43518308
65.179,7,65135463379,43518308
65.1815,6,65137986385,43518308
65.184,10,65140509391,43518308
65.1916,5,65148105409,43462302
65.1941,0,65150628415,43462302
65.1966,12,65153368627,43245096
65.1991,15,65155891633,43245096
65.2017,3,65158414639,43245096
65.2072,4,65163771651,43453296
65.2097,11,65166294657,43453296
65.2123,13,65168817663,43453296
65.2148,14,65171340669,43453296
65.2174,2,65173926675,43453296
65.2199,8,65176458681,43453296
65.2224,7,65178981687,43453296
65.225,6,65181504693,43453296
65.2275,10,65184027699,43453296
65.23,9,65145582403,84457598
65.2326,5,65191567711,40995296
65.2351,0,65194090717,40995296
65.2376,12,65196613723,40995296
65.2401,15,65199136729,40995296
65.2427,3,65201659735,40995296
65.2477,1,65117786343,129950700
65.2503,4,65207224947,43035102
65.2577,14,65214793965,42923090
65.2605,2,65217379971,43140296
65.2631,8,65219911977,43140296
65.2659,7,65222434983,43453296
65.2684,6,65224957989,43453296
65.2709,10,65227480995,43453296
65.2735,9,65230040001,43435296
65.276,5,65232563007,43435296
65.2785,0,65235086013,43435296
65.281,12,65237609019,43435296
65.2836,15,65240132025,43435296
65.2861,3,65242655031,43435296
65.2937,1,65247737043,45967302
65.2962,4,65250260049,45967302
65.2988,11,65209747953,89002404
65.3093,2,65260520267,48747308
65.3118,8,65263052273,48747308
65.3143,7,65265888279,48434308
65.3168,6,65268411285,48434308
65.3194,10,65270934291,48434308
65.3318,12,65281044315,50780296
65.3343,15,65283567321,50780296
65.3369,3,65286090327,50780296
65.3395,1,65293704345,45770284
65.342,4,65296227351,45770284
65.347,13,65212270959,134716682
65.3495,14,65257717055,91793592
65.3523,2,65309267575,43064284
65.3549,8,65311799581,43064284
65.3574,7,65314322587,43064284
65.3599,6,65316845593,43064284
65.3624,10,65319368599,43064284
65.365,9,65273475297,91516592
65.3678,5,65275998303,91829592
65.3704,0,65278521309,91829592
65.3729,12,65331824611,41049296
65.3754,15,65334347617,41049296
65.3779,3,65336870623,41049296
65.383,1,65339474629,43536302
65.3855,4,65341997635,43536302
65.3881,11,65298750357,89306586
65.3906,13,65346987641,43592308
65.3931,14,65349510647,43592308
65.3982,2,65352331859,45862108
65.4057,7,65357386871,48320108
65.4112,10,65362432883,48794314
65.4138,9,65364991889,48776314
65.4188,0,65370350901,48407308
65.4213,12,65372873907,48407308
65.4238,15,65375396913,48407308
65.4263,3,65377919919,48407308
65.434,1,65383010931,50939314
65.4365,4,65385533937,50939314
65.439,11,65388056943,50939314
65.4415,13,65390579949,50939314
65.444,14,65393102955,50939314
65.4466,2,65398193967,48434308
65.4543,7,65405706979,48613508
65.4593,10,65411227197,48083296
65.4668,0,65418758209,48029290
65.4696,12,65421281215,48342290
65.4746,3,65426327227,48286284
65.4772,1,65433950245,43267272
65.4797,4,65436473251,43267272
65.4823,11,65438996257,43267272
65.4848,13,65441519263,43267272
65.4873,14,65444042269,43267272
65.4899,2,65446628275,43258272
65.4924,8,65354863865,137572688
65.495,7,65454320487,40639072
65.4975,6,65359909877,137572688
65.5025,9,65413768203,88722368
65.5052,5,65367827895,137402888
65.5078,0,65466787499,40966290
65.5103,12,65469623505,40653290
65.5131,15,65423804221,89308580
65.5156,3,65474613511,41022296
65.5207,4,65479740523,40939290
65.5232,11,65482263529,40939290
65.5257,13,65484786535,40939290
65.5282,14,65487309541,40939290
65.5308,2,65489886547,40939290
65.5334,8,65492436553,40921290
65.5359,7,65494959559,40921290
65.5384,6,65497482565,40921290
65.5409,10,65459310493,81616368
65.5435,9,65502490571,40977296
65.546,5,65505230783,40760090
65.5485,0,65507753789,40760090
65.5513,12,65510276795,40977296
65.5538,15,65513112801,40664296
65.5563,3,65515635807,40664296
65.5589,1,65477217517,81659592
65.5614,4,65520679813,40720302
65.5639,11,65523202819,40720302
65.5664,13,65525725825,40720302
65.569,14,65528248831,40720302
65.5744,2,65530825837,43547308
65.5769,8,65533357843,43547308
65.5794,7,65535880849,43547308
65.5844,10,65540926861,43491302
65.587,9,65543467867,43491302
65.5895,5,65545990873,43491302
65.592,0,65548513879,43491302
65.5945,12,65551254091,43274096
65.5971,15,65553777097,43274096
65.5996,3,65556300103,43274096
65.6024,1,65558877109,43491302
65.6049,4,65561400115,43491302
65.6074,11,65563923121,43491302
65.6099,13,65566446127,43491302
65.6125,14,65568969133,43491302
65.6179,2,65574373145,43509302
65.6204,8,65576905151,43509302
65.6229,7,65579428157,43509302
65.6255,6,65538403855,87056610
65.628,10,65584418163,43565308
65.6356,9,65586959169,48593320
65.6381,5,65589482175,48593320
65.6406,0,65592005181,48593320
65.6431,12,65594528187,48593320
65.6456,15,65597051193,48593320
65.6482,3,65599574199,48593320
65.656,1,65602368411,53630332
65.6585,4,65604891417,53630332
65.661,11,65607414423,53630332
65.6636,13,65609937429,53630332
65.6661,14,65612460435,53630332
65.679,8,65620414453,58602338
65.6815,7,65622937459,58602338
65.6841,6,65625460465,58602338
65.6866,10,65627983471,58602338
65.6917,9,65635552489,56115332
65.6942,5,65638075495,56115332
65.6967,0,65640598501,56115332
65.6992,12,65643121507,56115332
65.7018,15,65645644513,56115332
65.7146,4,65658521749,56030320
65.7174,11,65661044755,56343320
65.7199,13,65663567761,56343320
65.7224,14,65666090767,56343320
65.7276,2,65617882447,109687652
65.7301,8,65679016791,51085314
65.7326,7,65681539797,51085314
65.7351,6,65684062803,51085314
65.7377,10,65686585809,51085314
65.7452,5,65694190827,50964302
65.7477,0,65696713833,50964302
65.7527,15,65701759845,50908296
65.7552,3,65648167519,107023628
65.7605,1,65655998743,104536622
65.7631,4,65714552069,48506302
65.7656,11,65717388075,48193302
65.7681,13,65719911081,48193302
65.7706,14,65722434087,48193302
65.7757,2,65727570099,48166302
65.7786,8,65730102105,48479302
65.7811,7,65732625111,48479302
65.7836,6,65735148117,48479302
65.7862,10,65737671123,48479302
65.7887,9,65691667821,97041610
65.7937,0,65747678135,46021302
65.7962,12,65699236839,96985604
65.7987,15,65752668141,46077308
65.8013,3,65755191147,46077308
65.8091,1,65760535365,48564314
65.8141,11,65765581377,48508308
65.8166,13,65768104383,48508308
65.8245,2,65775736401,48765302
65.827,8,65778581407,48452302
65.832,6,65783627419,48396296
65.8345,10,65786150425,48396296
65.8371,9,65788709431,48378296
65.8396,5,65745155129,94455604
65.8421,0,65793699437,48434302
65.8471,15,65798745449,48378296
65.8496,3,65801268455,48378296
65.8525,1,65809099679,43368284
65.8624,14,65770627389,91766580
65.865,2,65824501703,40487272
65.87,7,65781104413,88883568
65.8725,6,65832023715,40487272
65.875,10,65834546721,40487272
65.8804,9,65837087727,43314278
65.8829,5,65839610733,43314278
65.8854,0,65842133739,43314278
65.888,12,65796222443,91748580
65.8905,15,65847123745,43370284
65.893,3,65849646751,43370284
65.8981,1,65852467963,45649084
65.9009,4,65763058371,137798888
65.9034,11,65814089685,89290580
65.9059,13,65816612691,89290580
65.9135,2,65864988975,48481308
65.916,8,65827033709,88968580
65.9185,7,65869987981,48537314
65.9214,6,65872510987,48850314
65.9264,9,65880402005,45976302
65.9289,5,65882925011,45976302
65.9314,0,65885448017,45976302
65.9339,12,65887971023,45976302
65.9365,15,65890494029,45976302
65.939,3,65893017035,45976302
65.9441,1,65898117047,45976302
65.9491,11,65903380265,45703090
65.9518,13,65905903271,45920296
65.9543,14,65862393969,91952604
65.962,2,65913470283,48508308
65.9645,8,65916002289,48508308
65.967,7,65918525295,48508308
65.9696,6,65921361301,48195308
65.9721,10,65875033993,97045622
65.9746,9,65926378307,48233314
65.9771,5,65928901313,48233314
65.9797,0,65931424319,48233314
65.985,15,65936470331,48490308
65.9875,3,65938993337,48490308
65.9926,1,65944093349,48490308
65.9976,11,65949083355,48490308
66.0001,13,65951823567,48273102
66.0079,2,65961978591,45938296
66.013,8,65964510597,48452302
66.0155,7,65967033603,48452302
66.018,6,65969556609,48452302
66.0205,10,65972079615,48452302
66.0234,9,65974611621,48765302
66.0259,5,65977134627,48765302
66.0284,0,65979657633,48765302
66.0309,12,65933947325,96998616
66.0335,15,65984960639,48508308
66.036,3,65987483645,48508308
66.0411,1,65992583657,48508308
66.0436,4,65900857259,142757712
66.0461,11,65997573663,48564314
66.0487,13,66000096669,48564314
66.059,2,66007916887,51078320
66.0641,8,66012962899,51087320
66.0666,7,66015485905,51087320
66.0691,6,66018008911,51087320
66.0741,9,66023376923,50718314
66.0766,5,66025899929,50718314
66.0791,0,66028422935,50718314
66.0817,12,66030945941,50718314
66.0845,15,66033468947,51031314
66.0896,1,66041091965,48461302
66.0921,4,66043614971,48461302
66.0946,11,66046137977,48461302
66.0971,13,66048660983,48461302
66.0996,14,65954346573,145298718
66.1075,2,66058995207,48517308
66.1101,8,66064050219,46003302
66.1126,7,66066573225,46003302
66.1176,10,66020531917,97034616
66.1226,9,66074095237,48517308
66.1251,5,66076618243,48517308
66.128,0,66079141249,48830308
66.1305,12,66081664255,48830308
66.133,15,66084500261,48517308
66.1355,3,66035991953,99548622
66.1406,1,66089553267,51078320
66.1432,4,66092076273,51078320
66.1457,11,66094599279,51078320
66.1482,13,66097122285,51078320
66.1507,14,66099645291,51078320
66.1586,2,66107512515,51087320
66.1611,8,66110053521,51078320
66.1637,7,66112576527,51078320
66.1662,6,66069096231,97081622
66.1712,9,66122612545,48573314
66.1737,5,66125135551,48573314
66.1762,0,66127971557,48260314
66.1788,12,66130494563,48260314
66.1813,15,66133017569,48260314
66.1838,3,66135540575,48260314
66.1967,4,66143154593,53507314
66.1992,11,66145677599,53507314
66.2017,13,66148200605,53507314
66.2044,14,66150723611,53724520
66.2145,8,66161131841,53395302
66.2171,7,66163654847,53395302
66.2196,6,66166177853,53395302
66.2221,10,66117566533,104529628
66.2246,9,66171185859,53433308
66.2271,5,66173708865,53433308
66.23,0,66176231871,53746308
66.2325,12,66178754877,53746308
66.235,15,66181277883,53746308
66.2375,3,66183800889,53746308
66.2477,4,66196661907,51002308
66.2502,11,66199184913,51002308
66.2529,13,66201707919,51219514
66.2555,14,66204448131,51002308
66.2606,2,66158599835,101986616
66.2681,6,66219573155,48479302
66.2706,10,66222096161,48479302
66.2731,9,66224619167,48479302
66.2756,5,66227142173,48479302
66.2781,0,66229978179,48166302
66.2807,12,66232501185,48166302
66.2832,15,66235024191,48166302
66.2857,3,66237547197,48166302
66.2883,1,66140631587,147685918
66.2912,4,66247664215,43489296
66.2937,11,66250187221,43489296
66.2962,13,66252927433,43272090
66.2987,14,66255450439,43272090
66.3041,2,66260586451,43480296
66.3066,8,66214527143,92071610
66.3091,7,66217050149,92071610
66.3116,6,66268052457,43592308
66.3142,10,66270575463,43592308
66.3192,5,66275621475,43536302
66.3217,0,66278144481,43536302
66.3267,15,66283190493,43480296
66.3292,3,66285713499,43480296
66.3321,1,66288317505,43766296
66.3346,4,66291153511,43453296
66.3371,11,66293676517,43453296
66.3397,13,66296199523,43453296
66.3422,14,66298722529,43453296
66.3473,2,66304066747,43245090
66.3498,8,66306598753,43245090
66.3548,6,66311644765,43189084
66.3574,10,66314167771,43189084
66.3673,12,66280667487,86613374
66.3698,15,66326670789,43133078
66.3776,1,66332083801,45495284
66.3801,4,66334606807,45495284
66.3851,13,66339652819,45439278
66.3876,14,66342175825,45439278
66.3931,2,66347311837,45743278
66.3956,8,66349843843,45743278
66.3981,7,66309121759,88988368
66.4006,6,66354833849,45799284
66.4034,10,66357356855,46016490
66.4059,9,66273098469,132797882
66.4084,5,66319157777,89261580
66.4109,0,66321680783,89261580
66.4135,12,66367280861,46184508
66.4185,3,66329193795,89261580
66.4211,1,66377579085,43480296
66.4236,4,66380102091,43480296
66.4261,11,66337129813,88975580
66.4286,13,66385092097,43536302
66.4312,14,66387615103,43536302
66.4391,8,66395587121,43480296
66.4416,7,66398110127,43480296
66.4441,6,66400633133,43480296
66.4466,10,66403373345,43263090
66.4492,9,66405896351,43263090
66.4544,0,66410942363,43424290
66.4569,12,66413465369,43424290
66.4594,15,66369803867,89608798
66.4645,1,66421059381,43397290
66.467,4,66423582387,43397290
66.4695,11,66426105393,43397290
66.472,13,66428628399,43397290
66.4745,14,66431151405,43397290
66.4821,2,66393055115,89078592
66.4871,8,66439067417,48056296
66.4896,7,66441590423,48056296
66.4922,6,66444113429,48056296
66.495,10,66446636435,48369296
66.4975,9,66449159441,48369296
66.5027,0,66454366653,48369296
66.5053,12,66456889659,48369296
66.5078,15,66459412665,48369296
66.5179,1,66464456671,53397308
66.5204,4,66466979677,53397308
66.5229,11,66469502683,53397308
66.5254,13,66472025689,53397308
66.5279,14,66474548695,53397308
66.5409,2,66482133707,58803326
66.551,8,66487123713,63905344
66.5562,6,66492169725,64066544
66.5588,10,66495005731,63753544
66.5613,9,66497528737,63753544
66.5638,5,66408419357,155385930
66.5688,12,66505258955,63536338
66.5713,15,66507781961,63536338
66.5763,3,66418455375,157870930
66.5839,1,66517853979,66077344
66.5889,11,66522899991,66021338
66.5914,13,66525422997,66021338
66.594,14,66527946003,66021338
66.6097,2,66540937033,68779550
66.6198,7,66489646719,130141882
66.6223,6,66556236269,66075338
66.6273,9,66561282281,66019332
66.6323,0,66502735949,129555670
66.6348,12,66568795293,66019332
66.6377,15,66571318299,66332332
66.6402,3,66576326305,63874332
66.6478,4,66520376985,127390664
66.6503,11,66588921329,61369326
66.653,13,66591444335,61586532
66.6556,14,66593967341,61586532
66.6884,8,66551029057,137348888
66.6934,6,66622311607,71056344
66.6987,9,66627301613,71369350
66.7012,5,66563805287,137388682
66.7062,12,66634814625,71369350
66.7087,15,66637650631,71056350
66.714,3,66640200637,73778562
66.7191,1,66583931323,135129888
66.7216,4,66647767649,73816568
66.7241,11,66650290655,73816568
66.7266,13,66653030867,73599362
66.7292,14,66655553873,73599362
66.7422,2,66609716583,132470676
66.7498,8,66688377945,61396332
66.7548,6,66693367951,61396332
66.7575,10,66558759275,198745220
66.76,9,66698670963,61356538
66.7626,5,66701193969,61356538
66.7651,0,66632291619,132781894
66.7676,12,66706183975,61412544
66.7701,15,66708706981,61412544
66.7777,3,66713979199,63736344
66.7803,1,66719061211,61222338
66.7877,13,66726630229,61110326
66.7903,14,66729153235,61110326
66.7929,2,66742187259,50734308
66.8008,7,66619788601,180985984
66.8058,10,66757504495,48260096
66.8108,5,66762550507,48204090
66.8133,0,66765073513,48204090
66.816,12,66767596519,48421296
66.8211,3,66777715543,43337278
66.8285,11,66724107223,104429604
66.8335,14,66790263561,43263272
66.8361,2,66792921567,43209272
66.8387,8,66749774277,88906568
66.8412,7,66800774585,40429266
66.844,6,66754764283,89275574
66.8466,10,66805764591,40798272
66.8491,9,66760027501,89058368
66.8516,5,66810754597,40854278
66.8543,0,66813277603,41071484
66.8569,12,66816017815,40854278
66.8594,15,66770119525,89275574
66.8645,3,66821052821,43397290
66.867,1,66780283549,86716568
66.872,11,66828536827,43453296
66.877,14,66833526833,43453296
66.8795,4,66721584217,157927918
66.8821,2,66836130839,45967302
66.8846,8,66838680845,45949302
66.8872,7,66841203851,45949302
66.8921,10,66846562863,45580296
66.8947,9,66849085869,45580296
66.8972,5,66851608875,45580296
66.8997,0,66854349087,45363090
66.905,15,66859395099,45620090
66.9103,3,66864450111,45855296
66.9129,1,66867000117,45855296
66.9154,11,66871990123,43397296
66.9179,13,66787740555,130169870
66.9204,14,66876980129,43453302
66.923,4,66879512135,43453302
66.9281,2,66882098141,45976308
66.9306,8,66884630147,45976308
66.9331,7,66887153153,45976308
66.9357,6,66844039857,91612610
66.9382,10,66892143159,46032314
66.9432,5,66897189171,45976308
66.946,0,66899712177,46289308
66.9485,12,66856872093,91652398
66.9538,3,66910305407,43462296
66.9563,1,66912855413,43462296
66.9588,11,66915387419,43453296
66.9638,14,66920433431,43397290
66.9664,4,66922965437,43397290
66.969,2,66928074449,40892284
66.9715,8,66930606455,40892284
66.974,7,66933129461,40892284
66.9765,6,66935652467,40892284
66.9791,10,66938175473,40892284
66.9816,9,66894666165,86924598
66.9841,5,66943165479,40948290
66.9866,0,66946001485,40635290
66.9892,12,66948524491,40635290
66.9917,15,66905015189,86667598
66.9967,3,66953767703,42979096
66.9993,1,66956317709,42979096
67.0018,11,66958840715,42979096
67.0046,13,66917910425,86649598
67.0074,14,66963830721,43565308
67.0099,4,66966362727,43565308
67.0175,2,66968966733,48575320
67.0201,8,66971498739,48575320
67.0226,7,66974021745,48575320
67.0251,6,66976544751,48575320
67.0276,10,66979067757,48575320
67.0302,9,66981590763,48575320
67.0327,5,66984113769,48575320
67.0352,0,66986636775,48575320
67.0377,12,66989159781,48575320
67.0403,15,66991682787,48575320
67.0453,3,66996746799,48537314
67.0509,1,66999296805,51581526
67.0534,11,67001819811,51581526
67.0559,13,67004560023,51364320
67.0584,14,67007396029,51051320
67.061,4,67009928035,51051320
67.0686,2,67017542053,51078320
67.0712,8,67020074059,51078320
67.0737,7,67022597065,51078320
67.0762,6,67025120071,51078320
67.0787,10,67027643077,51078320
67.0837,5,67032689089,51022314
67.0887,12,67037735101,50966308
67.0912,15,67040258107,50966308
67.0938,3,67045284113,48508308
67.0964,1,67050878331,45473096
67.0989,11,67053401337,45473096
67.1039,14,67058447349,45417090
67.1066,4,67060979355,45634296
67.1146,2,67068620373,45947296
67.1171,8,67071152379,45947296
67.1196,7,67073675385,45947296
67.1221,6,67076198391,45947296
67.1296,5,67083711403,45891290
67.1321,0,67035212095,96913604
67.1346,12,67088701409,45947296
67.1372,15,67091224415,45947296
67.1397,3,67093792421,45938296
67.1423,1,67096351427,45920296
67.1448,11,67098874433,45920296
67.1473,13,67055924343,91393392
67.1502,14,67103864439,46289302
67.163,2,67114567669,48452302
67.168,7,67119622681,48396296
67.1705,6,67122145687,48396296
67.1731,10,67078721397,94343592
67.1756,9,67030166083,145421912
67.1781,5,67129602693,48508308
67.1806,0,67132125699,48508308
67.1832,12,67134648705,48508308
67.1857,15,67137171711,48508308
67.1908,3,67139730717,51022314
67.1933,1,67142271723,51022314
67.1958,11,67144794729,51022314
67.1983,13,67147317735,51022314
67.2009,14,67150153741,50709314
67.2036,4,67106613651,96998616
67.2215,7,67168018977,53480314
67.224,6,67170541983,53480314
67.2265,10,67173064989,53480314
67.2291,9,67175587995,53480314
67.2316,5,67178111001,53480314
67.2341,0,67180634007,53480314
67.2366,12,67183157013,53480314
67.2392,15,67185680019,53480314
67.2492,1,67193294037,55947314
67.2523,11,67195817043,56477520
67.2548,13,67198340049,56477520
67.2598,4,67203612267,56222308
67.265,2,67163019971,101968616
67.2675,8,67117099675,150420918
67.27,7,67221499291,48544308
67.275,10,67226545303,48488302
67.2776,9,67229068309,48488302
67.2801,5,67231591315,48488302
67.2826,0,67234114321,48488302
67.2851,12,67236637327,48488302
67.2876,15,67239160333,48488302
67.2902,3,67190753031,99463610
67.2953,1,67249241351,46048302
67.2978,11,67252294563,45518096
67.3006,13,67254817569,45735302
67.3031,14,67200863055,102212822
67.3056,4,67259834575,45773308
67.3136,2,67264988587,48564314
67.3161,8,67267520593,48564314
67.3186,7,67270043599,48564314
67.3211,6,67224022297,97108622
67.3237,10,67275033605,48620320
67.3286,5,67280079617,48564314
67.3312,0,67282602623,48564314
67.3337,12,67285125629,48564314
67.3362,15,67287648635,48564314
67.3438,1,67295289653,48490308
67.3463,11,67297812659,48490308
67.3488,13,67300552871,48273102
67.3513,14,67303075877,48273102
67.3667,8,67316084907,50597302
67.3692,7,67318607913,50597302
67.3717,6,67321130919,50597302
67.3767,9,67277556611,99161616
67.3817,0,67331166937,50541296
67.3842,12,67333689943,50541296
67.3868,15,67336212949,50541296
67.3918,1,67343779961,48027290
67.3943,11,67346302967,48027290
67.3969,13,67348825973,48027290
67.3994,14,67351348979,48027290
67.4071,4,67305607883,101498604
67.4097,2,67313552901,96193592
67.4123,8,67366682209,45596290
67.4151,7,67369205215,45909290
67.4176,6,67371728221,45909290
67.4202,10,67323653925,96506592
67.4227,9,67376718227,45965296
67.4252,5,67328643931,96562598
67.4277,0,67381708233,46021302
67.4303,12,67384231239,46021302
67.4328,15,67386754245,46021302
67.4353,3,67290216641,145099912
67.4454,11,67394330257,51031314
67.4479,13,67396853263,51031314
67.4531,4,67407106487,46021302
67.4557,2,67409746493,45976302
67.4611,8,67412278499,48803308
67.4636,7,67415114505,48490308
67.4661,6,67417637511,48490308
67.4687,10,67420160517,48490308
67.4712,9,67422683523,48490308
67.4737,5,67425206529,48490308
67.4762,0,67427729535,48490308
67.4787,12,67430252541,48490308
67.4813,15,67432775547,48490308
67.4838,3,67435316553,48490308
67.4914,1,67391807251,99604628
67.4939,11,67445361571,48573314
67.4989,14,67399376269,99548622
67.5017,4,67453127789,48546314
67.5118,8,67461081807,50709314
67.5143,7,67463604813,50709314
67.5168,6,67466127819,50709314
67.5221,9,67471173831,50966308
67.5247,5,67473696837,50966308
67.5272,0,67476219843,50966308
67.5322,15,67481265855,50910302
67.5347,3,67483806861,50910302
67.5373,1,67491411879,45882290
67.5423,13,67447884577,94399598
67.5448,14,67498924891,45882290
67.5473,4,67501674103,45665084
67.5605,8,67511791121,48662296
67.563,7,67514314127,48662296
67.5655,6,67516837133,48662296
67.568,10,67468650825,99371610
67.5705,9,67522140139,48405302
67.5731,5,67524663145,48405302
67.5756,0,67527186151,48405302
67.5781,12,67478742849,99371610
67.5806,15,67532176157,48461308
67.5857,3,67534717163,50975314
67.5882,1,67537294169,50948314
67.5908,11,67493934885,96830604
67.5933,13,67542284175,51004320
67.5958,14,67544807181,51004320
67.5983,4,67547339187,51004320
67.6088,2,67455722795,153028942
67.6113,8,67560453417,50830326
67.6138,7,67562976423,50830326
67.6163,6,67565499429,50830326
67.6189,10,67568022435,50830326
67.6242,5,67573068447,51087320
67.6267,0,67575591453,51087320
67.6292,12,67578114459,51087320
67.6342,3,67585692477,48535308
67.6368,1,67588242483,48535308
67.6393,11,67590765489,48535308
67.6418,13,67593288495,48535308
67.6443,14,67595811501,48535308
67.6469,4,67598343507,48535308
67.6548,2,67608751737,46021302
67.6573,8,67611283743,46021302
67.6626,6,67616329755,46278302
67.6651,10,67618852761,46278302
67.6677,9,67570545441,97108628
67.6726,0,67626678773,45965302
67.6752,12,67629201779,45965302
67.6777,15,67580637465,97052622
67.6827,1,67636777791,45947302
67.6852,11,67639300797,45947302
67.6878,13,67641823803,45947302
67.6903,14,67644346809,45947302
67.6928,4,67646878815,45947302
67.6954,2,67654773039,40675084
67.7004,7,67613806749,86640380
67.7054,10,67665131063,40306072
67.708,9,67667654069,40306072
67.7105,5,67624155767,86327380
67.7179,15,67677690087,40250066
67.7207,3,67634227785,86470580
67.7236,1,67682725093,40836278
67.7261,11,67685248099,40836278
67.7311,14,67690294111,40780272
67.7336,4,67692826117,40780272
67.7362,2,67695448123,40753272
67.7387,8,67657305045,81428356
67.7413,7,67700447129,40809278
67.7438,6,67662608057,81171356
67.7463,10,67705437135,40865284
67.7488,9,67707960141,40865284
67.7513,5,67710483147,40865284
67.7541,0,67672644075,81444568
67.7566,12,67675167081,81444568
67.7591,15,67717940153,41194502
67.7617,3,67720698365,40977296
67.7645,1,67723561371,40977296
67.7671,11,67726084377,40977296
67.7696,13,67687771105,81813574
67.7721,14,67731074383,41033302
67.7746,4,67733606389,41033302
67.7797,2,67736201395,43547308
67.7823,8,67738733401,43547308
67.7873,6,67743779413,43491302
67.7898,10,67746302419,43491302
67.7923,9,67748825425,43491302
67.7948,5,67751348431,43491302
67.7974,0,67754088643,43274096
67.7999,12,67756611649,43274096
67.8051,3,67761675661,43435296
67.8077,1,67764538667,43122296
67.8102,11,67767061673,43122296
67.8127,13,67769584679,43122296
67.8152,14,67772107685,43122296
67.8178,4,67774639691,43122296
67.8229,8,67782280709,40570284
67.8257,7,67741256407,84430592
67.8282,6,67787270715,40939290
67.8307,10,67789793721,40939290
67.8333,9,67792316727,40939290
67.8358,5,67794839733,40939290
67.8383,0,67797362739,40939290
67.8408,12,67799885745,40939290
67.8433,15,67759134655,84213386
67.8459,3,67805110957,40787090
67.8484,1,67807660963,40787090
67.851,11,67810183969,40787090
67.856,14,67815229981,40731084
67.8741,8,67822850993,51252308
67.8766,7,67825686999,50939308
67.8791,6,67828210005,50939308
67.8817,10,67830733011,50939308
67.8842,9,67833256017,50939308
67.8867,5,67835779023,50939308
67.8917,12,67840825035,50883302
67.8942,15,67843348041,50883302
67.8993,3,67845898047,53379308
67.9046,1,67848448053,56110520
67.9071,11,67850971059,56110520
67.9096,13,67812706975,96897610
67.9121,14,67855961065,56166526
67.9172,4,67817761987,99411616
67.9302,2,67779748703,150442930
67.9352,8,67874103301,61143344
67.9402,6,67879149313,61087338
67.9428,10,67881672319,61087338
67.9477,5,67886718331,61031332
67.9505,0,67838302029,112187846
67.953,12,67891708337,61304544
67.958,3,67899277355,58752532
67.9606,1,67904558573,56048320
67.9631,11,67907081579,56048320
67.9657,13,67909604585,56048320
67.9682,14,67912127591,56048320
67.971,4,67917173603,53856314
67.9812,2,67930191633,50991302
67.9837,8,67935246645,48477296
67.9862,7,67876626307,109620640
67.9888,6,67940236651,48533302
67.9913,10,67942759657,48533302
67.9938,9,67884195325,109620640
67.9963,5,67947749663,48589308
67.9989,0,67950489875,48372102
68.0014,12,67953012881,48372102
68.0066,3,67958029887,48571308
68.0166,13,67965652905,50946302
68.0191,14,67968175911,50946302
68.0217,4,67971029917,50624302
68.0346,8,67983723941,50910302
68.0372,7,67986246947,50910302
68.0397,6,67988769953,50910302
68.0422,10,67991292959,50910302
68.0447,9,67993815965,50910302
68.0472,5,67996338971,50910302
68.0498,0,67998861977,50910302
68.0525,12,68001384983,51127508
68.055,15,67894231343,160804154
68.0576,3,68006601195,50975308
68.0627,1,67960606893,102051622
68.0652,11,67963129899,102051622
68.0677,13,68016599207,51105320
68.0702,14,68019122213,51105320
68.0731,4,68021654219,51418320
68.0883,8,68034634243,53619326
68.0908,7,68037157249,53619326
68.0933,6,68039680255,53619326
68.0958,10,68042203261,53619326
68.1008,5,68047249273,53563320
68.1058,12,68052512491,53290108
68.1085,15,68055035497,53507314
68.1111,3,68057576503,53489314
68.1187,1,68062658515,56003320
68.1212,11,68065181521,56003320
68.1237,13,68067704527,56003320
68.1287,4,68073072539,55634314
68.1367,2,67981182935,155513936
68.1392,8,68088253569,50993308
68.1418,7,68090776575,50993308
68.1443,6,68093299581,50993308
68.1468,10,68095822587,50993308
68.1493,9,68044726267,104612634
68.1519,5,68100812593,51049314
68.1618,3,68111065817,50720096
68.1646,1,68118661835,45918290
68.1671,11,68121184841,45918290
68.1696,13,68123707847,45918290
68.1749,4,68128706853,46231296
68.1876,2,68136696871,50937308
68.1902,8,68139246877,50919308
68.1927,7,68141769883,50919308
68.1952,6,68144292889,50919308
68.1977,10,68146815895,50919308
68.2077,12,68105802599,101856610
68.2102,15,68108542811,101639404
68.2179,1,68164580125,53294302
68.2204,11,68167103131,53294302
68.2254,14,68070227533,155159906
68.2279,4,68174938149,52981296
68.2305,0,68049772279,180697172
68.2409,8,68190166185,50751284
68.2459,6,68195212197,50695278
68.2484,10,68197735203,50695278
68.2512,9,68149338901,101831792
68.2562,12,68207659209,48510490
68.2587,15,68210182215,48510490
68.2612,3,68161785913,99429798
68.2688,11,68220397433,48376290
68.2713,13,68169626137,101670592
68.2738,14,68225387439,48432296
68.2767,4,68227919445,48745296
68.2792,0,68230469451,48718296
68.2894,2,68187634179,101726592
68.2944,7,68192689191,101688586
68.2969,6,68245907475,50993308
68.2994,10,68248430481,50993308
68.3019,9,68251170693,50776102
68.3146,5,68151861907,162758106
68.3172,1,68217874427,99286592
68.3197,11,68268773723,50910302
68.3222,13,68271296729,50910302
68.3247,14,68273819735,50910302
68.3273,4,68276664741,50597302
68.3298,0,68279187747,50597302
68.3453,2,68289360771,55965314
68.3479,8,68240917469,106940622
68.3504,7,68294377777,56003320
68.3531,6,68296900783,56220526
68.3556,10,68299423789,56220526
68.3606,15,68258692705,101941616
68.3632,3,68261215711,101941616
68.3757,11,68319684025,56003320
68.3785,13,68322207031,56316320
68.381,14,68324730037,56316320
68.3836,4,68327262043,56316320
68.3861,0,68329785049,56316320
68.3963,2,68345326085,50946302
68.4013,8,68347858091,53460308
68.4063,6,68353121309,53187096
68.414,3,68363157327,50827290
68.4215,12,68256169699,165354930
68.4241,1,68317161019,106895616
68.4266,11,68375687345,50892296
68.4291,13,68378523351,50579296
68.4316,14,68381046357,50579296
68.4342,4,68383578363,50579296
68.4367,0,68386101369,50579296
68.4447,2,68396272387,48407296
68.4472,8,68401318399,45911290
68.4572,9,68301946795,155208900
68.4599,5,68314620013,145293894
68.4624,12,68421524629,40921284
68.465,1,68424056635,40921284
68.4675,11,68426579641,40921284
68.47,13,68429102647,40921284
68.4725,14,68431625653,40921284
68.4751,4,68434157659,40921284
68.4776,0,68436680665,40921284
68.488,2,68444679683,43370284
68.4906,15,68360634321,129938652
68.4956,7,68350381097,145181882
68.4981,6,68406308405,91777580
68.5006,10,68355644315,144964676
68.5083,12,68462445913,45893296
68.5109,1,68464977919,45893296
68.5134,11,68467500925,45893296
68.5159,13,68470023931,45893296
68.5184,14,68472546937,45893296
68.5235,4,68475078943,48407302
68.526,0,68477601949,48407302
68.5362,15,68490572973,45627302
68.5387,3,68413984617,124738664
68.5416,2,68488049967,53509320
68.5466,8,68447229689,99384610
68.5518,6,68498085985,53735526
68.5568,9,68457155695,99655822
68.5593,12,68508339209,51004314
68.5619,1,68510871215,51004314
68.5644,11,68513394221,51004314
68.5669,13,68515917227,51004314
68.5694,14,68518440233,51004314
68.577,4,68523486245,53536320
68.5795,0,68526009251,53536320
68.6,8,68546614299,53339296
68.6052,6,68551821511,53339296
68.6077,10,68500608991,107074822
68.6127,1,68561875529,50807290
68.6152,11,68564398535,50807290
68.6202,14,68569444547,50751284
68.6252,5,68459913907,165327936
68.6278,4,68577022565,50769284
68.6329,15,68536200275,96671580
68.6354,3,68538723281,96671580
68.6458,2,68541559287,104285598
68.6484,8,68599953595,48423296
68.6511,7,68495562979,155554124
68.6561,10,68607683813,48423296
68.6611,11,68615205825,45891290
68.6636,13,68566921541,96698580
68.6661,14,68620195831,45947296
68.6687,5,68625241843,43424290
68.6737,4,68627791849,45947296
68.6763,0,68579545571,96716580
68.6814,15,68632871855,48490308
68.6839,3,68635394861,48490308
68.6943,2,68645844885,48452302
68.6993,8,68648376891,50910302
68.7144,12,68559343523,155018882
68.7219,0,68676262151,45640266
68.7244,9,68556811517,167613906
68.732,15,68681362163,50686278
68.7346,3,68683885169,50686278
68.7447,2,68694297187,50429284
68.7476,1,68612682819,134888658
68.7577,10,68656107109,101605580
68.7602,6,68605160807,155074888
68.7628,4,68673739145,89046556
68.7653,0,68721902417,43406290
68.7729,9,68724425423,48461302
68.7755,15,68732048441,43433290
68.7957,7,68651117103,144543640
68.8083,5,68668666133,139624822
68.8108,14,68666143127,144688834
68.8134,9,68772886725,40468242
68.8159,13,68663620121,152257852
68.821,15,68775481731,45469254
68.8235,3,68734571447,88902544
68.826,12,68714362405,111634592
68.8285,1,68747571477,80957526
68.8311,2,68744726471,86370538
68.8362,5,68808290955,27870066
68.8461,8,68699287193,146797834
68.8514,14,68810831961,40612078
68.8564,13,68815877973,40556072
68.8592,9,68813354967,45855290
68.8643,3,68823473991,40798272
68.8668,5,68836161021,30634248
68.8693,1,68828529003,40807272
68.8719,11,68661097115,210771166
68.8744,2,68831097009,43312278
68.8795,4,68762785701,116678598
68.8869,7,68795660743,91262562
68.8947,6,68760235695,134457622
68.8972,10,68757712689,139503634
68.9025,9,68859210257,43258278
68.9075,12,68825996997,81470544
68.91,15,68820950985,89057562
68.9175,1,68869336275,48147278
68.92,14,68851444039,68598520
68.925,13,68856434045,68598520
68.9301,10,68897216323,32860248
68.9326,8,68846085027,86514550
68.9352,5,68866795269,68372314
68.9377,9,68902468535,35222054
68.9402,0,68765308707,174931888
68.9428,12,68907467541,35296060
68.9453,11,68871868281,73436326
68.9478,15,68910008547,37819066
68.9506,3,68864272263,86295562
68.9534,14,68920042559,33370272
68.9609,6,68894693317,66212520
68.9684,8,68932599577,35799266
68.9809,3,68950567825,30359030
68.9835,1,68917483553,65993308
68.986,4,68879464299,106535568
68.9885,6,68960905837,27617036
68.991,10,68930076571,60969308
68.9939,5,68935167583,58723302
68.9989,2,68874409287,124527610
69.0015,0,68940240595,61228308
69.0091,7,68886923305,122223810
69.0117,11,68945304607,66365514
69.0167,13,68925032565,91636562
69.0192,14,68953412831,65779302
69.0217,15,68947827613,73905526
69.0267,1,68983476861,43264284
69.0293,4,68985999867,43264284
69.0318,6,68988522873,43264284
69.0343,10,68991045879,43264284
69.0368,5,68993890885,42951284
69.0394,0,69001468903,37932272
69.0419,2,68998936897,42987284
69.0445,8,68968398843,76066344
69.047,9,68937690589,109297604
69.0495,7,69009147115,40382084
69.0548,12,68942763601,112077610
69.0574,13,69016669127,40695090
69.0601,14,69019192133,40921296
69.0627,15,69021733139,40939296
69.0652,3,68980926855,84268586
69.0677,1,69026741145,40995302
69.0703,4,69029264151,40995302
69.0728,6,69031787157,40995302
69.0753,10,69034310163,40995302
69.0778,5,69036842169,40995302
69.0804,0,69039401175,40968302
69.0829,2,69041924181,40995302
69.0854,8,69044465187,40977302
69.088,9,69046988193,40977302
69.093,7,69049529199,43491308
69.0959,11,69011670121,84186392
69.1009,12,69054841211,46061314
69.1061,14,69060113429,46023308
69.1112,3,69065195441,45967302
69.1137,1,69067736447,45967302
69.1162,4,69070259453,45967302
69.1187,6,69072782459,45967302
69.1213,10,69075305465,45967302
69.1238,5,69077837471,45967302
69.1289,0,69080369477,48481308
69.1314,2,69082919483,48481308
69.1339,8,69085442489,48481308
69.1364,9,69087965495,48481308
69.139,7,69093020507,45976302
69.1415,11,69095856513,45663302
69.1465,13,69057364217,89172604
69.1491,14,69106136737,42932090
69.1518,15,69062672435,89172604
69.1544,3,69111162743,43205302
69.1572,1,69113703749,43518302
69.1597,4,69116226755,43518302
69.1623,6,69118749761,43518302
69.1648,10,69121272767,43518302
69.1673,5,69123804773,43518302
69.1699,0,69128850785,41022296
69.1724,2,69131400791,41022296
69.1749,8,69133923797,41022296
69.1775,9,69136446803,41022296
69.1825,11,69141519815,40948290
69.185,12,69100902525,84106586
69.1875,13,69146536821,40995296
69.1901,14,69149068827,40995296
69.1926,15,69151845039,40778090
69.1951,3,69154368045,40778090
69.198,1,69157222051,40778090
69.2005,4,69159745057,40778090
69.2055,10,69164791069,40722084
69.213,0,69169873081,43162084
69.2183,2,69172423087,45893296
69.2208,8,69174946093,45893296
69.2234,9,69177469099,45893296
69.2259,7,69138996809,86897592
69.2284,11,69182468105,45949302
69.231,12,69185009111,45949302
69.2335,13,69187532117,45949302
69.2385,14,69190064123,48463308
69.2461,3,69195146135,50921308
69.256,10,69205513153,50496296
69.2591,5,69167323075,91766586
69.2616,0,69213035165,48586502
69.2642,2,69218316383,45882290
69.2667,8,69220839389,45882290
69.2717,7,69225894401,45826284
69.2742,11,69228417407,45826284
69.2768,12,69230958413,45826284
69.2793,13,69233481419,45826284
69.2818,14,69238527431,43321278
69.2869,15,69192623129,94316592
69.2895,3,69246067443,43395284
69.292,1,69198000141,94003592
69.2945,4,69200523147,94003592
69.297,6,69162268063,134781682
69.2996,10,69256009449,43563302
69.3052,5,69259089661,46077308
69.3077,0,69261621667,46077308
69.3102,2,69264198673,46050308
69.3128,8,69266721679,46050308
69.3153,9,69223362395,91932598
69.3178,7,69271720685,46106314
69.3204,11,69274243691,46106314
69.3254,12,69276784697,48620320
69.3279,13,69279307703,48620320
69.3305,14,69281848709,48602320
69.3355,15,69286939721,48602320
69.3381,3,69289462727,48602320
69.3431,4,69294526739,48546314
69.3481,10,69299572751,48490308
69.3508,5,69305166969,45681302
69.3534,0,69307698975,45681302
69.3584,2,69310248981,48195308
69.3613,8,69312771987,48508308
69.3638,9,69315294993,48508308
69.3663,7,69317826999,48508308
69.3689,11,69320350005,48508308
69.3714,12,69325405017,46003302
69.3739,13,69327928023,46003302
69.3765,14,69330451029,46003302
69.3815,15,69335542041,46003302
69.3891,1,69292003733,97063622
69.3916,4,69343073053,48517308
69.3941,6,69297049745,97063622
69.3966,10,69348063059,48573314
69.4017,5,69350848271,50861114
69.4048,0,69353380277,51391320
69.4098,2,69358444289,51400320
69.4124,8,69361280295,51087320
69.4149,9,69363803301,51087320
69.4174,7,69366335307,51087320
69.4224,12,69371408319,51022314
69.425,13,69373931325,51022314
69.43,15,69381545343,48452302
69.4325,3,69338065047,94455604
69.4376,1,69389067355,48517308
69.4401,4,69391590361,48517308
69.4426,6,69394113367,48517308
69.4504,5,69401709385,48678508
69.4529,0,69404771597,48148302
69.4579,2,69409844609,48092296
69.4605,8,69412367615,48092296
69.4633,9,69414890621,48405296
69.4658,7,69417422627,48405296
69.4684,11,69368858313,99492616
69.4734,13,69424953639,48405296
69.4759,14,69376454331,99427610
69.481,15,69429997645,50966308
69.4835,3,69432520651,50966308
69.491,4,69440107669,50910302
69.4935,6,69442630675,50910302
69.4961,10,69396636373,99427610
69.4986,5,69450387893,48235096
69.5012,0,69452919899,48235096
69.5068,2,69457936905,48821308
69.5093,8,69460459911,48821308
69.5118,9,69463295917,48508308
69.5143,7,69465827923,48508308
69.5193,12,69422430633,96913604
69.5219,13,69473358935,48508308
69.5244,14,69475881941,48508308
69.5295,15,69480963953,48517308
69.532,3,69483486959,48517308
69.5346,1,69437584663,96969610
69.5371,4,69491017971,46059308
69.5421,10,69496063983,46003302
69.5446,5,69498622989,45994302
69.5471,0,69501154995,45994302
69.5497,2,69506758213,42950090
69.5572,7,69514336231,42838078
69.5646,13,69521867243,42782072
69.5677,14,69524390249,43312278
69.5703,15,69529481261,40798272
69.5753,1,69534554273,40724266
69.5778,4,69537077279,40724266
69.5803,6,69493540977,86783574
69.5828,10,69542067285,40780272
69.5854,5,69544617291,40780272
69.5879,0,69547149297,40780272
69.5905,2,69549708303,40771272
69.593,8,69509281219,83721362
69.5955,9,69511804225,83721362
69.5981,7,69557174309,40883284
69.6006,11,69468350929,132229670
69.6059,12,69519344237,86508580
69.6087,13,69564649315,44039508
69.6112,14,69567702527,43509302
69.6188,15,69570279533,48519314
69.6238,1,69575278539,48519314
69.6263,4,69577801545,48519314
69.6288,6,69580324551,48519314
69.6314,10,69582847557,48519314
69.6339,5,69585397563,48519314
69.6364,0,69587929569,48519314
69.6415,2,69590479575,51033320
69.644,8,69593002581,51033320
69.649,7,69598057593,50977314
69.6568,12,69605852817,50939308
69.6593,13,69608688823,50626308
69.6618,14,69611211829,50626308
69.6644,15,69618798847,45625296
69.6669,3,69532004267,134942882
69.6723,4,69626320859,45938296
69.6748,6,69628843865,45938296
69.6773,10,69631366871,45938296
69.6799,5,69633916877,45938296
69.6824,0,69636448883,45938296
69.6849,2,69641512895,43433290
69.6875,8,69644035901,43433290
69.69,9,69595525587,94466610
69.6925,7,69649034907,43489296
69.7003,13,69659315131,40937284
69.7028,14,69661838137,40937284
69.7053,15,69664424143,40910284
69.7079,3,69666947149,40910284
69.7107,1,69623797853,86904586
69.7132,4,69672259155,40966290
69.7157,6,69674782161,40966290
69.7183,10,69677305167,40966290
69.7233,5,69679855173,43480296
69.7259,0,69682387179,43480296
69.7284,2,69684946185,43462296
69.7309,8,69687469191,43462296
69.7335,9,69689992197,43462296
69.736,7,69692524203,43462296
69.7435,12,69656792125,86725386
69.746,13,69700252415,45788102
69.7563,11,69600580599,155722142
69.7588,15,69705334427,53491320
69.7613,3,69707857433,53491320
69.7663,4,69713225445,53122314
69.7689,6,69715748451,53122314
69.7742,5,69723335469,50883302
69.7768,0,69725867475,50883302
69.7868,8,69730931487,55855308
69.7893,9,69733454493,55855308
69.7918,7,69735986499,55855308
69.8019,13,69746040517,55864308
69.8071,11,69756302741,50827296
69.8151,15,69758825747,56231308
69.8176,3,69761348753,56231308
69.8201,1,69710702439,109409628
69.8226,4,69766347759,56287314
69.8252,6,69768870765,56287314
69.8302,5,69774218771,55965314
69.8352,0,69776750777,58479320
69.8403,2,69728408481,111903628
69.8428,8,69786786795,56048320
69.8478,7,69791841807,55992314
69.8555,13,69801904825,53639508
69.8581,14,69702775421,155291918
69.8632,15,69815057055,48119296
69.8657,3,69817580061,48119296
69.8707,1,69820112067,50633302
69.8736,4,69822635073,50946302
69.8761,6,69825158079,50946302
69.8786,10,69718271457,160355930
69.8836,5,69830184085,53460308
69.8887,0,69835230097,53478308
69.8913,2,69840312109,50946302
69.8962,9,69789309801,106938616
69.8988,7,69847834121,50946302
69.9038,12,69743517511,160288918
69.9065,13,69855544333,51002308
69.9091,14,69858067339,51002308
69.9145,15,69863176351,51288308
69.917,3,69865699357,51288308
69.9195,1,69870745369,48792302
69.9221,4,69873581375,48479302
69.9271,10,69878627387,48423296
69.9321,5,69883644393,48488302
69.9347,0,69888708405,45974296
69.9397,2,69891258411,48479302
69.9423,8,69842835115,99425604
69.9448,9,69896248417,48535308
69.9473,11,69807130037,140176694
69.9525,12,69903806429,48734514
69.96,15,69914464659,45578290
69.9626,3,69916987665,45578290
69.9676,4,69922060677,45513284
69.9701,6,69876104381,93992586
69.9726,10,69927050683,45569290
69.9755,5,69932132695,43368284
69.978,0,69934682701,43350284
69.9806,2,69939737713,40854278
69.9906,7,69898780423,91800580
69.9956,12,69952540943,43104072
69.9982,13,69906546641,91621380
70.0007,14,69909069647,91621380
70.006,15,69960042949,45938296
70.0085,3,69962565955,45938296
70.016,1,69919537671,96479592
70.0189,4,69967573961,51279308
70.0238,10,69972619973,51223302
70.0264,5,69975500979,50892302
70.0314,0,69978032985,53406308
70.034,11,69947306731,86664568
70.039,8,69942260719,96709586
70.0415,9,69944783725,96709586
70.044,7,69990581003,53453314
70.0491,12,69995645015,53453314
70.0518,13,69998168021,53670520
70.0619,15,70005981245,55882308
70.0644,3,70008504251,55882308
70.072,1,70016017263,55965314
70.077,6,69970096967,106875616
70.0798,10,70023843275,55965314
70.0824,5,70026393281,55965314
70.0874,0,70031439293,55974314
70.0899,11,70033971299,55965314
70.0925,2,69980591991,111903628
70.095,8,70038970305,56048320
70.0975,9,70041493311,56048320
70.1001,7,70044034317,56030320
70.1053,13,70051838541,53460308
70.1078,14,70000691027,107130828
70.1129,15,70061863553,51058314
70.1154,3,70064386559,51058314
70.1208,4,70018853269,101939616
70.1233,6,70076972583,46343308
70.1258,10,70079808589,46030308
70.1309,5,70082358595,48544314
70.1334,0,70087413607,46030308
70.136,11,70089936613,46030308
70.1385,2,70092495619,46030308
70.141,8,70095018625,46030308
70.1436,9,70097541631,46030308
70.1461,7,70100064637,46030308
70.1514,12,70049098329,102277834
70.1539,13,70105298849,48600320
70.1564,14,70107821855,48600320
70.1615,15,70112921867,48591320
70.164,3,70115444873,48591320
70.169,4,70120792885,48251314
70.174,10,70125838897,48195308
70.1766,5,70130902909,45690302
70.1791,0,70133443915,45681302
70.182,11,70135966921,45994302
70.187,2,70138525927,48508308
70.1896,8,70141048933,48508308
70.1921,9,70143571939,48508308
70.1946,7,70146094945,48508308
70.1997,12,70151376163,48291102
70.2022,13,70153899169,48291102
70.2049,14,70156422175,48508308
70.215,15,70161513187,53536320
70.2176,3,70164036193,53536320
70.2229,4,70169044199,53849326
70.2254,6,70123315891,102100640
70.2304,1,70071982577,158425960
70.2329,5,70176593211,56347332
70.2379,11,70181961223,55978326
70.2455,8,70189557241,55940320
70.248,9,70192080247,55940320
70.2505,7,70194603253,55940320
70.2533,12,70199667265,53643520
70.2583,14,70204930483,53370308
70.2609,15,70215049507,45855290
70.2634,3,70217572513,45855290
70.266,4,70222893525,43084284
70.271,10,70174034205,96933610
70.276,5,70232940543,43035278
70.2785,0,70179125217,99382610
70.281,11,70237939549,43091284
70.2839,2,70187034235,96886604
70.2864,8,70245497561,40946284
70.289,9,70248020567,40946284
70.2915,7,70250543573,40946284
70.294,12,70253310785,40729078
70.2966,13,70202190271,94372598
70.2991,14,70258300791,40785084
70.3044,15,70260904797,43480296
70.3069,3,70263427803,43480296
70.3094,4,70265977809,43462296
70.312,6,70225416531,86546580
70.3145,10,70270967815,43518302
70.317,1,70230408537,86600586
70.3221,5,70275975821,46088314
70.3249,0,70278507827,46401314
70.3274,11,70281030833,46401314
70.335,2,70283920839,51107326
70.3376,8,70286443845,51107326
70.3425,7,70291489857,51051320
70.3475,13,70296562869,50977314
70.3553,15,70304385093,50948308
70.3579,3,70306908099,50948308
70.3604,4,70309440105,50948308
70.3629,6,70311963111,50948308
70.3679,1,70317009123,50892302
70.3755,0,70324909141,50541296
70.378,11,70327432147,50541296
70.3831,2,70335028165,48054290
70.3859,8,70337551171,48367290
70.3884,9,70288966851,99474616
70.391,7,70342541177,48423296
70.396,13,70347540183,48423296
70.3985,14,70299085875,99400610
70.4038,15,70355333401,48461302
70.4063,3,70357856407,48461302
70.4088,4,70360388413,48461302
70.4114,6,70362911419,48461302
70.4189,5,70322064135,96801592
70.4214,0,70375450437,45947296
70.4239,11,70377973443,45947296
70.4293,2,70383082455,46251296
70.4319,8,70385918461,45938296
70.4344,9,70388441467,45938296
70.4369,7,70390964473,45938296
70.4394,12,70294039863,145394912
70.442,13,70395963479,45994302
70.4445,14,70398486485,45994302
70.4546,3,70406317709,48244096
70.4571,4,70408849715,48244096
70.4621,10,70314486117,147597700
70.4646,1,70367901425,96705398
70.4699,5,70418865727,51022314
70.4724,0,70421397733,51022314
70.4749,11,70423920739,51022314
70.48,2,70429333751,50709314
70.4826,8,70431856757,50709314
70.4851,9,70434379763,50709314
70.4879,7,70436902769,51022314
70.4905,12,70439434775,51022314
70.493,13,70441957781,51022314
70.4955,14,70444480787,51022314
70.5033,15,70403794703,99539622
70.5059,3,70454561805,51295526
70.5084,4,70457093811,51295526
70.5109,6,70411372721,99539622
70.5134,10,70462083817,51351532
70.521,5,70469888041,51105320
70.5235,0,70472420047,51105320
70.526,11,70474943053,51105320
70.5315,2,70480043065,51418320
70.534,8,70482566071,51418320
70.539,7,70487925083,51049314
70.5415,12,70490457089,51049314
70.544,13,70492980095,51049314
70.5466,14,70495503101,51049314
70.5491,15,70503334325,45813096
70.5517,3,70505857331,45813096
70.5544,4,70508389337,46030302
70.5569,6,70510912343,46030302
70.5595,10,70513435349,46030302
70.562,1,70464606823,97381834
70.5646,5,70520993361,43563302
70.5696,11,70526048373,43507296
70.5747,2,70531461385,43194296
70.5796,9,70485089077,94556610
70.5822,7,70538974397,43194296
70.5847,12,70541506403,43194296
70.5872,13,70544029409,43194296
70.5901,14,70546552415,43507296
70.5951,15,70549147421,45976302
70.5976,3,70551670427,45976302
70.6004,4,70554419639,45994302
70.6054,10,70559465651,45938296
70.6079,1,70561988657,45938296
70.6105,5,70564556663,45920296
70.6155,11,70569555669,45920296
70.6181,2,70574655681,43406290
70.6206,8,70533984391,86600586
70.6231,9,70579645687,43462296
70.6256,7,70582168693,43462296
70.6282,12,70584700699,43462296
70.6307,13,70587223705,43462296
70.6335,14,70590059711,43462296
70.6361,15,70595123723,40966290
70.6386,3,70597646729,40966290
70.6411,4,70600413941,40731084
70.6437,6,70556942645,86725386
70.6462,10,70605403947,40787090
70.6487,1,70607926953,40787090
70.654,0,70523525367,130431888
70.6565,11,70615475965,41004296
70.6591,2,70618061971,40995296
70.6616,8,70620584977,40995296
70.6666,7,70625630989,40939290
70.6691,12,70628162995,40939290
70.6716,13,70630686001,40939290
70.6741,14,70633522007,40626290
70.6767,15,70636090013,40608290
70.6792,3,70638613019,40608290
70.6818,4,70641145025,40608290
70.6867,10,70646191037,40552284
70.6893,1,70648714043,40552284
70.6947,5,70610476959,84184380
70.6972,0,70653957255,43236090
70.6997,11,70656480261,43236090
70.7025,2,70659057267,43453296
70.705,8,70661580273,43453296
70.71,7,70666570279,43453296
70.7126,12,70669102285,43453296
70.7151,13,70671625291,43453296
70.7176,14,70674148297,43453296
70.7202,15,70676698303,43453296
70.7227,3,70679221309,43453296
70.7252,4,70681753315,43453296
70.7277,6,70643668031,84061586
70.7303,10,70686743321,43509302
70.7328,1,70689266327,43509302
70.7357,5,70694661339,40995296
70.7382,0,70697193345,40995296
70.7407,11,70699716351,40995296
70.7458,2,70702510563,43301096
70.7483,8,70705033569,43301096
70.7533,7,70710023575,43301096
70.7561,12,70712555581,43518302
70.7611,14,70717601593,43462296
70.7636,9,70623107983,140487912
70.7661,15,70720151599,45976302
70.7687,3,70722674605,45976302
70.7712,4,70725206611,45976302
70.7737,6,70727729617,45976302
70.7762,10,70730252623,45976302
70.7788,1,70732775629,45976302
70.7863,0,70738188641,48112302
70.7888,11,70740711647,48112302
70.7914,2,70745811659,45598296
70.7939,8,70748334665,45598296
70.7968,7,70753324671,43453296
70.802,13,70715078587,86915592
70.8045,14,70761063889,43453296
70.807,9,70763595895,43453296
70.8121,15,70766127901,45976302
70.8146,3,70768650907,45976302
70.8196,6,70773705919,45920296
70.8221,10,70776228925,45920296
70.8247,1,70778751931,45920296
70.8322,0,70786300943,45938296
70.8348,11,70788823949,45938296
70.8376,2,70791409955,46233296
70.8402,8,70793932961,46233296
70.8452,12,70756073883,89091380
70.8477,13,70801994179,45694090
70.8529,9,70807049191,45855290
70.8555,15,70812104203,43350284
70.858,3,70814627209,43350284
70.8605,4,70771182913,89326586
70.863,6,70819626215,43406290
70.8656,10,70822149221,43406290
70.8681,1,70824672227,43406290
70.8731,5,70735656635,137467888
70.8756,0,70832239239,43408290
70.8782,11,70834762245,43408290
70.8807,2,70837643251,43095290
70.8833,8,70840166257,43095290
70.8858,7,70796777967,89006586
70.8883,12,70845165263,43151296
70.8908,13,70847688269,43151296
70.8934,14,70804517185,88845386
70.8959,9,70852904481,42990096
70.8987,15,70855454487,43294096
70.9015,3,70857977493,43511302
70.904,4,70860509499,43511302
70.9065,6,70863032505,43511302
70.9091,10,70865555511,43511302
70.9116,1,70868078517,43511302
70.9142,5,70873124523,41033302
70.9192,0,70875647529,43565308
70.9217,11,70878170535,43565308
70.9243,2,70880738541,43565308
70.9268,8,70883261547,43565308
70.9318,12,70888316559,43509302
70.9343,13,70890839565,43509302
70.9369,14,70893362571,43509302
70.9397,9,70895894577,43822302
70.9423,15,70898748583,43509302
70.9448,3,70901488795,43292096
70.9473,4,70904020801,43292096
70.9498,6,70906543807,43292096
70.9524,10,70909066813,43292096
70.9551,1,70911589819,43509302
70.9576,5,70914157825,43491302
70.9627,0,70919212837,43509302
70.9652,11,70921735843,43509302
70.9678,2,70924303849,43509302
70.9703,8,70926826855,43509302
70.9729,7,70885784553,87074610
70.9779,12,70931825861,46079314
70.9804,13,70934348867,46079314
70.983,14,70936871873,46079314
70.9855,9,70939716879,45766314
70.988,15,70942257885,45766314
70.9905,3,70944780891,45766314
70.9956,4,70947312897,48280320
70.9981,6,70949835903,48280320
71.001,10,70952358909,48593320
71.0037,1,70955099121,48593320
71.0062,5,70957649127,48593320
71.0138,0,70962722139,51107326
71.0164,11,70965245145,51107326
71.0189,2,70967813151,51107326
71.0214,8,70970336157,51107326
71.024,7,70972859163,51107326
71.029,12,70977905175,51116326
71.0315,13,70980428181,51116326
71.0341,14,70982951187,51116326
71.0366,9,70985483193,51116326
71.0391,15,70988024199,51116326
71.042,3,70990547205,51429326
71.0495,6,70998116223,51391320
71.0545,1,71003692441,50805108
71.0598,0,71013829465,45947296
71.0623,11,71016352471,45947296
71.0649,2,71018920477,45947296
71.0674,8,71021443483,45947296
71.0699,7,71023966489,45947296
71.075,12,71029021501,45947296
71.0775,13,71031544507,45947296
71.08,14,71034067513,45947296
71.0825,9,71036599519,45947296
71.0851,15,71039140525,45947296
71.0876,3,71041976531,45634296
71.0927,4,70995593217,97081622
71.0952,6,71049507543,45690302
71.0977,10,71000952229,96768622
71.1005,1,71054497549,45963514
71.1058,0,71059776761,46050308
71.1109,2,71064867773,45994302
71.1134,8,71067390779,45994302
71.1159,7,71069913785,45994302
71.1184,12,71074968797,43480296
71.121,13,71077491803,43480296
71.1235,14,71080014809,43480296
71.126,9,71082546815,43480296
71.1286,15,71085087821,43480296
71.1311,3,71087610827,43480296
71.1336,4,71092674839,40966290
71.1362,6,71095197845,40966290
71.1387,10,71097720851,40966290
71.1412,1,71100461063,40749084
71.1441,5,71006242447,137830706
71.1466,0,71105827069,40787090
71.1491,11,71062299767,86837398
71.1519,2,71110862075,41060302
71.1544,8,71113385081,41060302
71.157,7,71115908087,41060302
71.1595,12,71118449093,41051302
71.162,13,71120972099,41051302
71.1645,14,71123495105,41051302
71.1671,9,71126027111,41051302
71.1696,15,71128568117,41051302
71.1721,3,71131091123,41051302
71.1747,4,71133641129,41033302
71.1772,6,71136164135,41033302
71.1797,10,71138687141,41033302
71.1822,1,71141210147,41033302
71.1873,5,71144073153,43234308
71.1898,0,71146614159,43234308
71.1924,11,71149137165,43234308
71.2,2,71151922377,48045114
71.2053,7,71156968389,48302114
71.2105,13,71162023401,48463314
71.213,14,71164546407,48463314
71.2155,9,71167078413,48463314
71.2206,15,71169619419,50977320
71.2231,3,71172142425,50977320
71.2257,4,71174674431,50977320
71.2282,6,71177197437,50977320
71.2307,10,71179720443,50977320
71.2332,1,71182243449,50977320
71.2383,5,71187307461,50995320
71.2433,11,71192371473,50939314
71.2462,2,71199967491,46251302
71.2487,8,71154445383,94296416
71.2513,7,71205270503,45994302
71.2565,13,71210486715,45994302
71.259,14,71213009721,45994302
71.2615,9,71215541727,45994302
71.2641,15,71220596739,43489296
71.2666,3,71223119745,43489296
71.2691,4,71225651751,43489296
71.2717,6,71228174757,43489296
71.2742,10,71230697763,43489296
71.2767,1,71233220769,43489296
71.2793,5,71238302781,40975290
71.2818,0,71189848467,91970610
71.2843,11,71243310787,41031296
71.2869,2,71246218793,40691296
71.2894,8,71248741799,40691296
71.292,7,71251264805,40691296
71.2945,12,71159500395,135005712
71.297,13,71256481017,40548096
71.2996,14,71259004023,40548096
71.3046,15,71264086035,40474090
71.3074,3,71266609041,40787090
71.3149,6,71271664053,43189084
71.3176,10,71274187059,43406290
71.3201,1,71276710065,43406290
71.3227,5,71279278071,43397290
71.3252,0,71281819077,43397290
71.3277,11,71284342083,43397290
71.3303,2,71286910089,43397290
71.3328,8,71289433095,43397290
71.3354,7,71291956101,43397290
71.3379,12,71294506107,43379290
71.3404,13,71297029113,43379290
71.3429,14,71299552119,43379290
71.3455,9,71261536029,83927386
71.3483,15,71304560125,43748296
71.3508,3,71307396131,43435296
71.3536,4,71269141047,84457592
71.3561,6,71314853137,41268508
71.3586,10,71317593349,41051302
71.3612,1,71320116355,41051302
71.3637,5,71322675361,41051302
71.3663,0,71325216367,41051302
71.3688,11,71327739373,41051302
71.3714,2,71330307379,41051302
71.3739,8,71332830385,41051302
71.3764,7,71335353391,41051302
71.3789,12,71337885397,41051302
71.3815,13,71340408403,41051302
71.384,14,71342931409,41051302
71.3865,9,71345463415,41051302
71.389,15,71348308421,40738302
71.3916,3,71350831427,40738302
71.3941,4,71353598639,40503096
71.3966,6,71356121645,40503096
71.3991,10,71358644651,40503096
71.4019,1,71361167657,40720302
71.4044,5,71363726663,40720302
71.407,0,71366267669,40720302
71.4098,11,71368790675,41033302
71.4124,2,71371358681,41033302
71.4149,8,71373881687,41033302
71.4174,7,71376404693,41033302
71.42,12,71378936699,41033302
71.4225,13,71381459705,41033302
71.425,14,71383982711,41033302
71.4275,9,71386514717,41033302
71.4301,15,71389046723,41033302
71.4326,3,71391569729,41033302
71.4351,4,71394101735,41033302
71.4377,6,71396624741,41033302
71.4402,10,71399147747,41033302
71.4427,1,71401887959,40816096
71.4453,5,71404446965,40816096
71.4478,0,71406987971,40816096
71.4559,2,71412391983,43491302
71.4584,8,71414914989,43491302
71.4634,12,71419970001,43435296
71.4659,13,71422493007,43435296
71.4685,14,71425016013,43435296
71.471,9,71427548019,43435296
71.4735,15,71430080025,43435296
71.476,3,71432603031,43435296
71.481,6,71437658043,43379290
71.4836,10,71440181049,43379290
71.4861,1,71442704055,43379290
71.4911,0,71447804067,43323284
71.4937,11,71409823977,83826380
71.4988,2,71455883285,42876084
71.5015,8,71458406291,43093290
71.504,7,71417437995,86584592
71.5066,12,71463405297,43149296
71.5091,13,71465928303,43149296
71.5119,14,71468451309,43462296
71.5144,9,71470983315,43462296
71.5195,15,71473515321,45976302
71.522,3,71476038327,45976302
71.5245,4,71435135037,89411598
71.5271,6,71481037333,46032308
71.5296,10,71483560339,46032308
71.5371,5,71445263061,91869598
71.5397,0,71491127351,48546314
71.5422,11,71493650357,48546314
71.5472,8,71501499581,45750096
71.5498,7,71504022587,45750096
71.5528,12,71506554593,46280410
71.5554,13,71509077599,46280410
71.5579,14,71511913605,45967410
71.5604,9,71514445611,45967410
71.563,15,71519491623,43462404
71.5655,3,71522014629,43462404
71.568,4,71524546635,43462404
71.5705,6,71527069641,43462404
71.5731,10,71529592647,43462404
71.5756,1,71486083345,89494712
71.5881,11,71542196671,45940404
71.5907,2,71498759369,91945712
71.5932,8,71547249677,45978410
71.5958,7,71549772683,45978410
71.5983,12,71552835003,45448096
71.601,13,71555358009,45665302
71.6035,14,71557881015,45665302
71.6061,9,71560413021,45665302
71.6086,15,71562954027,45656302
71.6111,3,71565477033,45656302
71.614,4,71568009039,45969302
71.6165,6,71570532045,45969302
71.619,10,71573055051,45969302
71.6215,1,71575578057,45969302
71.6266,5,71537132659,89505712
71.6292,0,71539673665,89514712
71.6317,11,71588137075,43574308
71.6368,2,71590705081,46088314
71.6393,8,71593228087,46088314
71.6418,7,71595751093,46088314
71.6444,12,71598283099,46088314
71.6469,13,71601023311,45871108
71.6521,9,71606078323,46032308
71.6546,15,71608610329,46032308
71.6575,3,71611133335,46345308
71.66,4,71613978341,46032308
71.6625,6,71616501347,46032308
71.6651,10,71619024353,46032308
71.6676,1,71621547359,46032308
71.6777,0,71629188377,48481308
71.6802,11,71631711383,48481308
71.6878,2,71636793395,51004314
71.6903,8,71639316401,51004314
71.6928,7,71641839407,51004314
71.6954,12,71644371413,51004314
71.6979,13,71646894419,51004314
71.7031,9,71652110631,51022314
71.7057,15,71654642637,51022314
71.7082,3,71657478643,50709314
71.7107,4,71660010649,50709314
71.7132,6,71662533655,50709314
71.7161,10,71665056661,51022314
71.7186,1,71667579667,51022314
71.7212,5,71626638371,94549616
71.7237,0,71677669685,46059308
71.7288,2,71687797709,40993290
71.7313,8,71690320715,40993290
71.7338,7,71692843721,40993290
71.7389,12,71695375727,43507296
71.7414,13,71697898733,43507296
71.7439,14,71603546317,140382718
71.7465,9,71703132945,43328096
71.749,15,71705664951,43328096
71.7542,4,71710719963,43489296
71.7567,6,71713242969,43489296
71.7596,10,71716078975,43489296
71.7621,1,71718601981,43489296
71.7647,5,71721187987,43462296
71.7672,0,71723728993,43462296
71.7697,11,71680192691,89521604
71.7723,2,71728790999,43491302
71.7748,8,71731314005,43491302
71.7773,7,71733837011,43491302
71.7849,13,71741406029,43453296
71.7874,14,71743929035,43453296
71.7899,9,71746461041,43453296
71.7924,15,71748993047,43453296
71.795,3,71708187957,86781392
71.7975,4,71754209259,43292096
71.8002,6,71756732265,43509302
71.8028,10,71759568271,43196302
71.8053,1,71762091277,43196302
71.8078,5,71764650283,43196302
71.8104,0,71767191289,43196302
71.8129,11,71769714295,43196302
71.8183,2,71772282301,46023308
71.8208,8,71774805307,46023308
71.8234,7,71777328313,46023308
71.8284,12,71738883023,89532610
71.8309,13,71784859325,46079314
71.8335,14,71787382331,46079314
71.8385,9,71789914337,48593320
71.8436,15,71792446343,51107326
71.8512,6,71800241567,50995314
71.8538,10,71802764573,50995314
71.8563,1,71805287579,50995314
71.8588,5,71807846585,50995314
71.8617,0,71810387591,51308314
71.8718,2,71818305609,53462314
71.8743,8,71820828615,53462314
71.8768,7,71823351621,53462314
71.8794,12,71828415633,50948308
71.8819,13,71830938639,50948308
71.8844,14,71833461645,50948308
71.8945,15,71843553669,50921302
71.897,3,71794969349,102028628
71.902,4,71797501355,104542634
71.9048,6,71851236881,53547320
71.9073,10,71853759887,53547320
71.9098,1,71856282893,53547320
71.9149,5,71858841899,56061326
71.92,0,71861695905,58262332
71.9228,11,71812910597,109883646
71.9329,8,71874290929,58593332
71.9379,12,71879363941,58519326
71.9404,13,71881886947,58519326
71.9454,9,71838507657,106906622
71.9507,15,71894474971,56220526
71.9532,3,71896997977,56220526
71.9583,4,71902043989,56238526
71.9636,10,71907307207,56278320
71.9661,1,71909830213,56278320
71.9712,5,71914903225,56287320
71.9763,0,71919958237,56305320
71.9788,11,71922794243,55992320
71.9864,8,71932884261,53478314
71.9889,7,71876813935,112071646
71.9914,12,71937883267,53534320
71.9939,13,71940406273,53534320
71.9965,14,71884409953,112053646
72.0042,15,71950695497,53516320
72.0067,3,71953218503,53516320
72.0118,4,71958282515,53516320
72.0168,10,71963585527,53203314
72.0193,1,71966108533,53203314
72.0219,5,71971190545,50689308
72.0298,0,71976263557,53516314
72.0323,11,71978786563,53516314
72.0374,2,71871767923,165634966
72.0424,7,71988885581,53507314
72.0474,12,71991417587,56021320
72.05,13,71993940593,56021320
72.0577,15,72004211817,53460308
72.0602,3,72006734823,53460308
72.0656,4,72011798835,53773308
72.0706,10,72016788841,53773308
72.0731,1,72019311847,53773308
72.0806,5,72021879853,58736314
72.0907,0,72029779871,60890314
72.0932,11,72032302877,60890314
72.0982,6,71904784201,193443996
72.1008,2,72037402889,63348314
72.1057,7,72042392895,63348314
72.1134,14,71996463599,116978822
72.1209,3,72060195131,60722296
72.1235,4,72065572143,57895290
72.1263,9,71945414279,180889160
72.1313,1,72073085155,58208290
72.1364,5,72080616167,55777290
72.1415,0,72090670185,50823284
72.144,11,72093193191,50823284
72.164,13,72049961913,114023580
72.172,15,72057672125,114356592
72.1746,3,72120917427,53634296
72.1771,8,71986362575,190721154
72.1796,4,72123467433,56139302
72.1821,10,72070562149,111576592
72.1847,1,72131293445,53368302
72.1872,9,72126303439,60881314
72.1948,5,72136393457,58378314
72.2048,0,72141493469,63323320
72.21,6,72098228197,111795804
72.2176,2,72100751203,116886816
72.2202,7,72105741209,114428816
72.228,12,72047438907,180575136
72.2305,13,72163985493,66551556
72.2355,15,72172028717,63507338
72.2406,4,72179606735,60946326
72.2431,10,72182138741,60937326
72.2456,1,72184661747,60937326
72.2509,5,72194771771,56097514
72.2559,0,72204816789,51096502
72.2584,11,72144016475,114419822
72.261,6,72210024001,50935302
72.2661,2,72217638019,48430296
72.2686,7,72220170025,48421296
72.2739,12,72228014043,45916284
72.2765,13,72230537049,45916284
72.2814,15,72235536055,45907284
72.284,3,72174551723,109414622
72.2865,4,72240553061,45945290
72.289,10,72243076067,45945290
72.294,14,72113442421,180570942
72.3018,5,72250869285,50910296
72.3043,0,72255913291,48425296
72.3069,11,72258436297,48425296
72.3094,6,72260959303,48425296
72.3145,2,72266068315,48407296
72.317,7,72268591321,48407296
72.322,12,72273930327,48085296
72.3245,13,72276453333,48085296
72.3295,3,72283966345,45571290
72.3348,10,72289021357,45828284
72.3374,1,72245599073,91773574
72.3399,14,72294013363,45882290
72.3424,8,72177083729,165334930
72.3474,9,72187184753,160259912
72.35,5,72301779581,48206090
72.3527,0,72304338587,48405296
72.3553,11,72306861593,48405296
72.3578,6,72309384599,48405296
72.3604,2,72314475611,45891290
72.3629,7,72316998617,45891290
72.3654,12,72322015623,43433290
72.3704,15,72281443339,88995580
72.3733,3,72329537635,43737290
72.3758,4,72286498351,89308580
72.3833,14,72339895653,43368284
72.3858,9,72347444665,38405278
72.3884,5,72349985671,38396278
72.3909,0,72352743883,38188072
72.3935,11,72355266889,38188072
72.396,6,72357789895,38188072
72.3985,2,72360366901,38179072
72.4038,12,72365448913,38322272
72.4063,13,72324538629,81755562
72.4113,3,72373274925,38009272
72.4138,4,72375806931,38009272
72.4163,10,72334849641,81489568
72.4189,1,72337372647,81489568
72.4214,14,72383263937,38121284
72.4289,5,72388381949,40552284
72.4315,0,72390931955,40543284
72.4343,11,72393454961,40856284
72.4368,6,72395977967,40856284
72.4469,7,72362889907,84007362
72.4494,8,72342418659,107010616
72.4522,12,72403771185,48407302
72.4547,13,72406294191,48407302
72.4572,15,72370438919,86785580
72.4597,3,72411284197,48463308
72.4623,4,72413816203,48463308
72.4648,10,72416339209,48463308
72.4673,1,72418862215,48463308
72.4698,14,72421385221,48463308
72.4724,9,72385849943,86575592
72.4753,5,72428934233,46336308
72.4778,0,72431475239,46336308
72.4803,11,72434311245,46023308
72.4829,6,72436834251,46023308
72.4879,8,72449429275,38519296
72.4905,2,72398545973,91934604
72.493,7,72446897269,46106314
72.4956,12,72452178487,43384102
72.4981,13,72454701493,43384102
72.5033,3,72459747505,43545302
72.5058,4,72462279511,43545302
72.5083,10,72464802517,43545302
72.5109,1,72467325523,43545302
72.5134,14,72469848529,43545302
72.516,9,72472425535,43536302
72.5185,5,72475270541,43223302
72.521,0,72477811547,43223302
72.5236,11,72480334553,43223302
72.5261,6,72482857559,43223302
72.5286,8,72487948571,40664296
72.5337,2,72490480577,43223302
72.5365,7,72493003583,43536302
72.5391,12,72495562589,43509302
72.5416,13,72498085595,43509302
72.5441,15,72457224499,86893404
72.5466,3,72503292807,43348102
72.5492,4,72505824813,43348102
72.5544,1,72510870825,43509302
72.5569,14,72513393831,43509302
72.5619,5,72518493843,43453296
72.5645,0,72521034849,43453296
72.567,11,72523557855,43453296
72.5721,2,72533703879,38369278
72.5746,7,72536539885,38056278
72.5774,12,72539071891,38369278
72.58,13,72541594897,38369278
72.5825,15,72544117903,38369278
72.585,3,72546640909,38369278
72.5875,4,72549172915,38369278
72.5901,10,72508347819,81717380
72.5926,1,72554380127,38208078
72.5951,14,72556903133,38208078
72.5977,9,72515961837,81717380
72.6054,11,72567011151,38369278
72.6079,6,72526080861,81822574
72.6105,2,72572073157,38398284
72.613,7,72574596163,38398284
72.6155,12,72577441169,38085284
72.618,13,72579964175,38085284
72.6206,15,72582487181,38085284
72.6231,3,72585010187,38085284
72.6256,4,72587542193,38085284
72.6282,10,72590065199,38085284
72.6307,1,72592588205,38085284
72.6332,14,72595111211,38085284
72.6386,9,72597679217,40912290
72.6411,5,72561947139,79176374
72.6436,8,72528612867,115033652
72.6487,0,72564488145,84213386
72.6512,11,72605380429,45844108
72.6612,7,72612994447,48248102
72.6638,12,72615526453,48248102
72.6665,13,72618049459,48465308
72.669,15,72620572465,48465308
72.6716,3,72623095471,48465308
72.6766,10,72628150483,48409302
72.6794,1,72630673489,48722302
72.6819,14,72633196495,48722302
72.6845,9,72638591507,45913296
72.687,8,72643646519,43381290
72.6896,5,72641123513,48427302
72.6921,0,72648701531,43408290
72.6946,11,72651224537,43408290
72.6972,6,72607903435,89252398
72.6997,2,72610471441,89270398
72.7025,7,72661242549,41239502
72.7075,13,72666514767,40966290
72.71,15,72669037773,40966290
72.7125,3,72671560779,40966290
72.7151,4,72625627477,89431598
72.7176,10,72676559785,41022296
72.7201,1,72679395791,40709296
72.7226,14,72681918797,40709296
72.7302,0,72692109821,38056278
72.7327,11,72694632827,38056278
72.7377,2,72699741839,37982272
72.7406,7,72702482051,38078066
72.7431,12,72663774555,79317568
72.7456,13,72707481057,38134072
72.7481,15,72710004063,38134072
72.7507,3,72712527069,38134072
72.7534,4,72715059075,38351278
72.7559,10,72717582081,38351278
72.7585,1,72720105087,38351278
72.761,14,72722628093,38351278
72.7635,8,72687027809,76510568
72.7661,9,72684504803,81556580
72.7686,5,72689550815,79051574
72.7711,0,72730166099,40968296
72.7737,11,72732689105,40968296
72.7762,6,72697155833,79024574
72.7787,2,72737724111,41024302
72.7813,7,72740560117,40711302
72.7841,12,72743092123,41024302
72.7866,13,72745615129,41024302
72.7892,15,72748138135,41024302
72.7917,3,72750661141,41024302
72.7942,4,72753410353,40807096
72.7967,10,72755933359,40807096
72.7993,1,72758456365,40807096
72.8018,14,72760979371,40807096
72.8046,8,72763538377,41024302
72.8071,9,72766061383,41033302
72.8121,5,72768602389,43547308
72.8147,0,72771134395,43547308
72.8172,11,72773657401,43547308
72.8197,6,72776180407,43547308
72.8248,2,72778748413,46061314
72.8273,7,72781271419,46061314
72.8299,12,72784116425,45748314
72.8324,13,72786639431,45748314
72.8349,15,72789162437,45748314
72.8374,3,72791685443,45748314
72.84,4,72794217449,45748314
72.8428,10,72796740455,46061314
72.8453,1,72799263461,46061314
72.8478,14,72801786467,46061314
72.8531,8,72804562679,48519314
72.8556,9,72807094685,48519314
72.8582,5,72812149697,46023308
72.8607,0,72814681703,46023308
72.8632,11,72817204709,46023308
72.8658,6,72819727715,46023308
72.8683,2,72824809727,43518302
72.8709,7,72827332733,43518302
72.8734,12,72829864739,43518302
72.8784,15,72834910751,43462296
72.8809,3,72837433757,43462296
72.8863,4,72839965763,46289302
72.8888,10,72842801769,45976302
72.8913,1,72845324775,45976302
72.8938,14,72847847781,45976302
72.8989,8,72853081993,45833102
72.9017,9,72855613999,46050308
72.9042,5,72858173005,46032308
72.9067,0,72860705011,46032308
72.9117,6,72865751023,45976302
72.9168,2,72868328029,48481308
72.9193,7,72870851035,48481308
72.9219,12,72873383041,48481308
72.9244,13,72832387745,91999610
72.9269,15,72878373047,48537314
72.9294,3,72880896053,48537314
72.932,4,72886255065,45719308
72.9345,10,72888778071,45719308
72.9395,14,72893824083,45663302
72.9449,8,72898915095,45976302
72.9474,9,72901664307,45759096
72.9576,11,72863228017,94410604
72.9602,6,72911727325,48434302
72.9627,2,72916809337,45938296
72.9653,7,72919332343,45938296
72.9678,12,72921864349,45938296
72.9703,13,72924387355,45938296
72.9728,15,72926910361,45938296
72.9778,4,72931974373,45864290
72.9804,10,72934497379,45864290
72.9829,1,72891301077,91583598
72.9854,14,72939487385,45920296
72.9958,8,72944891397,50948308
72.9984,9,72947423403,50948308
73.0059,5,72904205313,101697410
73.0087,0,72906737319,101914616
73.0112,11,72957638621,53536320
73.0137,6,72960161627,53536320
73.0212,7,72965270639,55976320
73.0238,12,72967802645,55976320
73.0263,13,72970325651,55976320
73.0313,3,72929433367,101858610
73.0338,4,72977838663,55976320
73.0363,10,72980361669,55976320
73.0389,1,72982884675,55976320
73.0414,14,72985407681,55976320
73.0493,9,72998371711,50919308
73.057,11,73011174941,45853290
73.0596,6,73013697947,45853290
73.0646,2,72962747633,101894616
73.0672,7,73021246959,45918296
73.0697,12,73023778965,45918296
73.0722,13,73026301971,45918296
73.0747,15,72972848657,101894616
73.0797,4,73033814983,45918296
73.0823,10,73036337989,45918296
73.0848,1,73038860995,45918296
73.0873,14,73041384001,45918296
73.0952,8,72995839705,99380610
73.1055,5,73005902723,99606816
73.1105,11,73057028231,53480314
73.1156,2,73064642249,50910302
73.1181,7,73067165255,50910302
73.1206,12,73069697261,50910302
73.1231,13,73072220267,50910302
73.1257,15,73074743273,50910302
73.1282,3,73031291977,96884604
73.1307,4,73079733279,50966308
73.1357,1,73084779291,50910302
73.1382,14,73087302297,50910302
73.1433,8,73095220315,48092296
73.1458,9,73049291019,96553598
73.154,0,73008651935,145298900
73.1589,6,73059551237,99389604
73.1615,2,73115552551,45947296
73.164,7,73118075557,45947296
73.1666,12,73120607563,45947296
73.1691,13,73123130569,45947296
73.1716,15,73125653575,45947296
73.1741,3,73128176581,45947296
73.1766,4,73130699587,45947296
73.1816,1,73135689593,45947296
73.1842,14,73138212599,45947296
73.1893,8,73143312611,45938296
73.1921,9,73145844617,46251296
73.1947,5,73105509539,89154380
73.1997,0,73153950835,45759096
73.2047,6,73158940841,45759096
73.2097,7,73164022853,45703090
73.2123,12,73166554859,45703090
73.2148,13,73169077865,45703090
73.2175,15,73171600871,45920296
73.22,3,73174123877,45920296
73.225,10,73082256285,142777894
73.2276,1,73181636889,45920296
73.2301,14,73184159895,45920296
73.2377,8,73189250907,48434302
73.2402,9,73192095913,48121302
73.2478,5,73194663919,53140314
73.2506,0,73199709931,50852514
73.2608,11,73110508545,150301906
73.2633,2,73161499847,101842610
73.2659,7,73209725943,56139520
73.2709,13,73214780955,56083514
73.2759,3,73220044173,55810302
73.2784,4,73176646883,101730598
73.2834,1,73227557185,55810302
73.2859,14,73230080191,55810302
73.2885,8,73237685209,50800290
73.291,9,73240217215,50800290
73.2964,5,73247804233,48626284
73.299,0,73250562445,48409078
73.3065,11,73260810451,45692084
73.3093,2,73263342457,45936290
73.3118,7,73265865463,45936290
73.3143,12,73212257949,102075810
73.3218,3,73275854475,45938290
73.3243,4,73278377481,45938290
73.3268,10,73225034179,101804598
73.3294,1,73283367487,45994296
73.3319,14,73285890493,45994296
73.3345,8,73288485499,45967296
73.337,9,73291017505,45967296
73.3396,5,73296430517,43122290
73.3446,6,73204699937,139853876
73.3471,11,73306502535,40583284
73.3577,7,73311801753,45886290
73.3602,12,73314333759,45886290
73.3627,13,73270864469,91878586
73.3677,3,73321792765,45940296
73.3703,4,73324315771,45940296
73.3827,9,73336984801,45720272
73.3878,5,73339552807,48216278
73.3953,11,73347085819,48205278
73.4009,2,73309278747,91642568
73.4034,7,73357688043,45756278
73.4085,12,73360220049,48270284
73.411,13,73362743055,48270284
73.4135,3,73367733061,45812284
73.4185,10,73326838777,91696574
73.4211,1,73329361783,91696574
73.4236,14,73331884789,91696574
73.4311,9,73382705073,48434302
73.4412,0,73298971523,142194864
73.4487,2,73400921315,47812084
73.4513,7,73403444321,47812084
73.4568,12,73408490333,48351290
73.4618,3,73413545345,48286284
73.4668,10,73418535351,48286284
73.4693,1,73421058357,48286284
73.4719,14,73423581363,48286284
73.487,8,73334452795,152503876
73.4895,6,73344553813,144925864
73.492,5,73387769085,104233598
73.5023,11,73395291097,107004604
73.5126,2,73448733399,63898532
73.5152,7,73451256405,63898532
73.5202,12,73456841623,63368326
73.5227,13,73411013339,111719616
73.5277,4,73370256067,157466894
73.5327,1,73469344641,63368326
73.5352,14,73471867647,63368326
73.5429,15,73217521167,325346824
73.5479,9,73431139375,116774628
73.5532,8,73486956671,66238550
73.5557,6,73489479677,66238550
73.5611,5,73492002683,69074556
73.5662,0,73441166387,124983864
73.5687,11,73502295701,66377556
73.5837,7,73515154937,68589344
73.5888,13,73522732955,66019332
73.5913,3,73461831629,129443664
73.5938,4,73527722961,66075338
73.5988,1,73532712967,66075338
73.6016,14,73535235973,66388338
73.6069,15,73542867991,64073538
73.6145,8,73553195221,61313320
73.622,5,73561077239,60962314
73.6271,0,73566150251,60944314
73.6296,11,73568673257,60944314
73.6423,2,73512631931,129663670
73.6448,7,73583744281,61074326
73.6473,12,73520209949,127131664
73.6499,13,73588752287,61112332
73.665,10,73466821635,198213996
73.6703,15,73606941529,63402320
73.6779,6,73555718227,122136628
73.6804,5,73622039553,58365308
73.6829,0,73627094565,55851302
73.698,7,73644818607,53225284
73.7006,12,73647341613,53225284
73.7036,13,73649864619,53755490
73.7086,4,73593798299,114811816
73.7111,1,73598788305,112353816
73.7137,14,73601624311,112040816
73.7162,10,73665035631,51152502
73.7188,15,73670343849,48430290
73.7213,9,73547914003,173401142
73.7239,8,73614508541,109356610
73.7264,6,73677854855,48533302
73.7289,5,73680404861,48515302
73.7315,0,73682945867,48506302
73.734,11,73629617571,104357604
73.7441,2,73642295601,101825598
73.7466,7,73698043891,48600314
73.7566,4,73708610115,47958096
73.7643,10,73716188133,48152090
73.7721,15,73718774139,53370308
73.7747,3,73591275293,183392160
73.7822,8,73723865151,58342314
73.7847,6,73726388157,58342314
73.7873,5,73728920163,58342314
73.7973,2,73744121199,53202290
73.7998,7,73746644205,53202290
73.8026,12,73700566897,102019810
73.8051,13,73703620109,101489604
73.808,4,73756568211,51386508
73.8105,1,73711142121,99335604
73.818,3,73774667453,43312278
73.8205,15,73772144447,48376290
73.8256,9,73721315145,104287604
73.8282,8,73782207465,45945290
73.8332,5,73787262477,45889284
73.8357,0,73731452169,104231598
73.8382,11,73733975175,104231598
73.8433,2,73797323489,45974296
73.8458,7,73799846495,45974296
73.8483,12,73802586707,45757090
73.8511,13,73805109713,45974296
73.8536,4,73807954719,45652296
73.8561,1,73810477725,45652296
73.8587,14,73713665127,144987900
73.874,9,73825602749,48434302
73.8816,6,73784730471,96837592
73.8866,5,73833151761,53462314
73.8917,0,73835683767,55976320
73.8942,11,73838206773,55976320
73.9045,2,73843297785,61165532
73.907,7,73845820791,61165532
73.9123,13,73851084009,61205320
73.9173,1,73856130021,61149314
73.9223,10,73764340223,157929118
73.9323,15,73820520737,111820622
73.9349,9,73874037051,60854314
73.9399,6,73881568063,58349308
73.945,5,73886614075,58367308
73.95,11,73894183093,55806296
73.9553,2,73904463317,50805284
73.9578,7,73906986323,50805284
73.9603,12,73848343797,111970816
73.9628,13,73912289329,50548290
73.9654,4,73853607015,111753610
73.9707,14,73858653027,112010610
73.9757,3,73817979731,157682912
73.9808,15,73932341359,48421296
73.9833,9,73934891365,48403296
73.9908,6,73939917371,50908302
73.9959,5,73944981383,50908302
74.0061,8,73828152755,177914142
74.0086,2,73955268601,53339302
74.0139,12,73960314613,53596296
74.0164,13,73962837619,53596296
74.019,4,73965360625,53596296
74.0215,1,73917279335,104200592
74.029,15,73980762655,48237278
74.0315,9,73983294661,48237278
74.0341,6,73990825673,43283272
74.0367,5,73995889685,40769266
74.0392,0,73891660087,147521870
74.0417,11,73949989389,91715574
74.0468,8,74006066897,40720078
74.0493,2,74008607903,40729078
74.0521,7,73957791607,94285586
74.0571,13,74016433915,40633284
74.0621,1,74021479927,40577278
74.067,10,73922269341,144777870
74.0724,9,74031531939,40863284
74.0749,6,74034108945,40836284
74.0775,5,74036658951,40827284
74.08,0,74039181957,40827284
74.0825,11,74041704963,40827284
74.0851,8,74046786975,38295278
74.0901,2,74049336981,40809284
74.0927,7,74052077193,40592078
74.0952,12,74013910909,81281368
74.0977,13,74057067199,40648084
74.1002,4,74018956921,81281368
74.1052,14,73970663637,134564658
74.1078,10,74067047211,40704090
74.1131,3,73975662643,137391670
74.1181,9,74072395223,45676096
74.1208,6,74074945229,45893302
74.1234,5,74077486235,45893302
74.1259,0,74080009241,45893302
74.1284,11,74082532247,45893302
74.131,8,74085082253,45884302
74.1335,2,74090146265,43379296
74.136,7,74092669271,43379296
74.1386,12,74095192277,43379296
74.1436,4,74100238289,43323290
74.1461,1,74062057205,84027380
74.1486,14,74105228295,43379296
74.1511,10,74107751301,43379296
74.1564,15,74028999933,127391876
74.1589,9,74118071319,40852496
74.1615,6,74120838531,40635290
74.164,5,74123379537,40635290
74.1665,0,74125902543,40635290
74.1691,11,74128425549,40635290
74.1716,8,74130966555,40635290
74.177,2,74133525561,43453296
74.1795,7,74136048567,43453296
74.182,12,74138571573,43453296
74.1845,13,74097715283,86832592
74.1945,10,74151130597,43343284
74.1996,15,74156391809,43182084
74.2048,9,74158923815,45913296
74.2099,6,74161473821,48427302
74.2153,5,74164014827,51254308
74.2178,0,74166537833,51254308
74.2203,11,74169060839,51254308
74.2254,8,74171601845,53768314
74.2354,12,74182024869,53352302
74.2404,4,74143561579,96805598
74.2505,3,74113054313,137483076
74.2556,9,74204837111,50726284
74.2581,6,74209901123,48230278
74.2607,5,74215269135,45412272
74.2632,0,74217792141,45412272
74.2657,11,74220315147,45412272
74.2683,8,74225370159,42916266
74.2734,2,74176978857,96380580
74.2762,7,74179501863,96693580
74.2787,12,74235377171,43341278
74.2812,13,74184547875,96693580
74.2838,4,74240367177,43397284
74.2863,1,74146084585,140202882
74.2913,10,74194473881,96803592
74.2938,14,74148607591,145210888
74.2989,15,74199573893,99317598
74.3041,6,74258131401,46003302
74.3091,0,74263204413,45938296
74.3117,11,74265727419,45938296
74.3142,8,74268286425,45920296
74.3221,2,74273359437,48747302
74.3246,7,74276195443,48434302
74.3296,13,74281241455,48378296
74.3321,4,74283764461,48378296
74.3371,10,74291277473,45864290
74.3497,9,74255563395,94126386
74.3525,6,74304134703,48322290
74.355,5,74260681407,94316592
74.3575,0,74309142709,48378296
74.36,11,74311665715,48378296
74.3676,8,74314206721,53406308
74.3727,3,74250537389,122130652
74.3806,2,74322106739,58452320
74.3831,7,74324629745,58452320
74.3856,12,74278718449,106886622
74.3881,13,74329619751,58508326
74.3907,4,74332142757,58508326
74.4034,15,74298891491,104461810
74.4084,6,74352456993,55949314
74.4135,5,74354997999,58463320
74.416,0,74357521005,58463320
74.4185,11,74360044011,58463320
74.4239,3,74372668041,51225302
74.4315,2,74380559059,50919296
74.434,7,74383082065,50919296
74.4365,12,74385605071,50919296
74.4465,1,74286287467,160169906
74.4517,15,74403353301,48347284
74.4617,0,74415984325,45712266
74.4667,14,74293818479,172886118
74.4692,8,74367613029,101632574
74.4768,2,74431478355,45354266
74.4794,7,74434001361,45354266
74.4822,12,74436524367,45667266
74.4872,4,74390651083,96530556
74.4922,1,74446457373,45779278
74.4973,10,74337141763,160140900
74.5026,15,74451700585,50863296
74.5076,9,74349689781,157929112
74.5201,5,74413461319,106678592
74.523,0,74461696591,61279326
74.5255,11,74418507331,106991592
74.5331,2,74476832621,56251314
74.5381,12,74482191633,55882308
74.5406,13,74388128077,152468870
74.5431,4,74487181639,55938314
74.5507,15,74502563881,48132084
74.556,9,74507618893,48367290
74.5585,6,74408406307,150129882
74.5685,3,74423893343,144642858
74.5711,5,74520139911,50919296
74.5736,0,74522975917,50606296
74.5761,11,74525498923,50606296
74.5812,8,74469245603,111914628
74.5915,7,74479355627,112115616
74.594,12,74538073941,55920308
74.599,4,74543119953,55864302
74.6092,9,74555986183,53258290
74.6118,6,74558536189,53240290
74.6168,5,74571059207,45779278
74.6194,0,74573582213,45779278
74.6219,11,74576105219,45779278
74.6273,8,74581160231,46110278
74.6298,14,74466704597,163097918
74.6423,12,74593994249,48320284
74.6448,13,74540596947,104240592
74.6474,4,74598984255,48376290
74.6524,10,74497282663,155132894
74.6624,1,74492236651,170138912
74.6676,3,74568536201,99046574
74.6726,0,74619361491,53238290
74.6751,11,74621884497,53238290
74.6777,8,74627270509,50411284
74.6802,14,74629802515,50411284
74.6906,2,74533083935,157552888
74.6932,7,74591471243,101688586
74.6981,13,74644837539,53312296
74.7007,4,74647360545,53312296
74.706,15,74550695965,155285094
74.711,1,74662375563,48622502
74.7135,6,74611776479,101762592
74.7161,3,74667582775,48479302
74.7186,5,74616838485,101773598
74.7211,0,74672599781,48535308
74.7237,11,74675122787,48535308
74.729,8,74677681793,51344314
74.7341,14,74680213799,53858320
74.7416,10,74652415557,89178574
74.7441,2,74690636823,53507314
74.7467,7,74693159829,53507314
74.7492,12,74642314533,106875616
74.7544,4,74700672841,53724520
74.7594,15,74705981059,53424308
74.762,9,74609244473,152710900
74.7645,1,74710998065,53480314
74.767,6,74713539071,53480314
74.7695,3,74716062077,53480314
74.7771,5,74718612083,58508326
74.7796,0,74721135089,58508326
74.7822,11,74723658095,58508326
74.7847,8,74729026107,55690320
74.7901,10,74741594131,48490308
74.7926,14,74734072119,58535326
74.8004,2,74744144137,56294532
74.8079,13,74698149835,109745840
74.8104,4,74754397361,56021320
74.8155,15,74759405367,56077326
74.8205,9,74761955373,58591332
74.8281,6,74767019385,61051332
74.8309,3,74769542391,61364332
74.836,5,74777120409,58877326
74.8385,0,74779643415,58877326
74.841,11,74782166421,58877326
74.8436,10,74790084439,53482314
74.8461,8,74784716427,61373332
74.8539,14,74792607445,61295538
74.8615,2,74800438669,61078332
74.864,7,74746667143,117372864
74.8666,12,74749190149,117372864
74.8691,13,74807895675,61190344
74.8716,4,74810418681,61190344
74.8767,15,74815482693,61190344
74.8843,9,74820546705,63713350
74.8868,1,74764478379,122304682
74.8922,6,74828070717,64098356
74.8947,3,74830906723,63785356
74.9022,0,74838520741,63711350
74.9175,2,74861517001,56019314
74.9225,12,74866563013,55963308
74.925,13,74869086019,55963308
74.9276,4,74871609025,55963308
74.9329,15,74876673037,56276308
74.9405,1,74886783061,53715296
74.9455,3,74894692079,50832284
74.948,10,74843566753,104480616
74.9508,5,74835997735,114816846
74.9558,11,74841043747,114760840
74.9584,8,74846089759,112282834
74.9609,14,74853902983,107001616
74.966,2,74917536315,48450296
74.9685,7,74864040007,104469610
74.9735,13,74925049327,48450296
74.976,4,74927572333,48450296
74.9786,15,74932949345,45623290
74.9811,9,74884260055,96862586
74.9836,1,74940498357,43147290
74.9912,3,74945524363,45652296
74.9966,5,74950814581,45748090
74.9991,0,74902232091,96853586
75.0043,8,74958372593,45938296
75.0068,14,74960904599,45938296
75.0144,7,74968509617,45882290
75.0194,13,74973499623,45882290
75.0219,4,74976022629,45882290
75.0244,15,74978572635,45864290
75.027,9,74981122641,45855290
75.0295,1,74983645647,45855290
75.032,10,74948047369,83985574
75.0374,3,74991176659,46177290
75.0399,6,74892169073,147716882
75.0424,5,74996562671,45864290
75.0449,0,74999085677,45864290
75.0475,11,74955804587,91668386
75.0527,14,75006842895,45864290
75.0553,2,74965986611,89288580
75.0578,7,75014391907,43406290
75.0603,12,74922526321,137794882
75.0628,13,75019381913,43462296
75.0654,4,75021904919,43462296
75.0679,15,75024436925,43462296
75.073,9,75026977931,45976302
75.0755,1,75029500937,45976302
75.078,10,75032032943,45967302
75.0806,3,75037353949,43205302
75.0831,6,75039885955,43205302
75.0906,0,75044949967,45663302
75.0931,11,75047472973,45663302
75.096,8,75004310889,91697392
75.0985,14,75052707185,45833102
75.1013,2,75055275191,46032308
75.1038,7,75057798197,46032308
75.1088,13,75062844209,45976302
75.1113,4,75065367215,45976302
75.1139,15,75067899221,45976302
75.1164,9,75072954233,43480296
75.119,1,75075477239,43480296
75.1215,10,75078000245,43480296
75.124,3,75080559251,43462296
75.1266,6,75083091257,43462296
75.1341,5,75042426961,91713610
75.137,0,75090613269,46363308
75.142,8,75096008281,45976302
75.1445,14,75098540287,45976302
75.1471,2,75101307499,45777096
75.1496,7,75103830505,45777096
75.1571,4,75111343517,45721090
75.1596,15,75113875523,45721090
75.1648,1,75118957535,45864290
75.1673,10,75121480541,45864290
75.1699,3,75124021547,45864290
75.1724,6,75126553553,45864290
75.1775,5,75134140571,43368284
75.18,0,75136976577,43055284
75.1826,11,75093136275,89418592
75.1851,8,75141984583,43111290
75.1901,2,75147084595,43037284
75.1926,7,75149607601,43037284
75.1952,12,75060321203,134846688
75.198,13,75108820511,89183386
75.2057,9,75116434529,89270580
75.2082,1,75164821825,43406290
75.2157,6,75172417843,43294278
75.2183,5,75177508855,40771272
75.2208,0,75180031861,40771272
75.2233,11,75182554867,40771272
75.2259,8,75185095873,40771272
75.2284,14,75144516589,83882562
75.2309,2,75190121879,40827278
75.2335,7,75192644885,40827278
75.236,12,75195167891,40827278
75.2385,13,75198003897,40514278
75.2414,4,75157064607,84289574
75.2439,15,75159596613,84289574
75.2464,9,75205705109,40722084
75.249,1,75208228115,40722084
75.2542,3,75169885837,84289574
75.2567,6,75215712121,40995296
75.2593,5,75218280127,40977296
75.2618,0,75220803133,40977296
75.2643,11,75223326139,40977296
75.2668,8,75225867145,40977296
75.2694,14,75228399151,40977296
75.2719,2,75230949157,40977296
75.2744,7,75233472163,40977296
75.277,12,75235995169,40977296
75.2795,13,75238518175,40977296
75.282,4,75241354181,40664296
75.2846,15,75243886187,40664296
75.2871,9,75246427193,40664296
75.2896,1,75248950199,40664296
75.2921,10,75167344831,124792670
75.2947,3,75254175411,40521096
75.2972,6,75256707417,40521096
75.3003,5,75259257423,41051302
75.3028,0,75261780429,41051302
75.3054,11,75264303435,41051302
75.3079,8,75266844441,41051302
75.3104,14,75269376447,41051302
75.313,2,75271926453,41051302
75.318,12,75276972465,40995296
75.3205,13,75279495471,40995296
75.323,4,75282018477,40995296
75.3255,15,75284550483,40995296
75.3281,9,75287091489,40995296
75.3306,1,75289614495,40995296
75.3331,10,75292137501,40995296
75.3357,3,75294696507,40977296
75.3382,6,75297228513,40977296
75.3461,5,75300308725,45788102
75.3486,0,75302831731,45788102
75.3561,14,75310427749,45676090
75.3589,2,75312977755,45893296
75.3614,7,75274449459,86944598
75.3639,12,75317967761,45949302
75.3664,13,75320490767,45949302
75.3714,15,75325545779,45893296
75.374,9,75328086785,45893296
75.3765,1,75330609791,45893296
75.379,10,75333132797,45893296
75.3816,3,75335673803,45893296
75.3841,6,75338205809,45893296
75.3867,5,75346096827,40579284
75.3892,0,75348619833,40579284
75.3942,8,75307895743,86311380
75.3967,14,75356103839,40635290
75.3993,2,75358871051,40436084
75.4018,7,75361394057,40436084
75.4074,13,75366440069,40910284
75.4099,4,75323013773,86859586
75.4124,15,75371439075,40966290
75.4174,1,75376503087,40910284
75.4224,3,75381567099,40854278
75.425,6,75384099105,40854278
75.4275,5,75386676111,40827278
75.43,0,75389199117,40827278
75.4325,11,75305354737,127194664
75.4351,8,75394207123,40883284
75.4376,14,75396739129,40883284
75.4402,2,75399307135,40865284
75.4427,7,75401830141,40865284
75.4455,12,75363917063,81614368
75.4481,13,75407350353,40704084
75.4508,4,75409873359,40921290
75.4533,15,75412405365,40921290
75.4559,9,75373980081,81887580
75.4584,1,75417413371,40977296
75.4609,10,75379026093,81887580
75.4635,3,75422421377,41033302
75.466,6,75424953383,41033302
75.4685,5,75427503389,41033302
75.4711,0,75430026395,41033302
75.4736,11,75432549401,41033302
75.4761,8,75435090407,41033302
75.4787,14,75437622413,41033302
75.4812,2,75440172419,41033302
75.4837,7,75442695425,41033302
75.4863,12,75445531431,40720302
75.4888,13,75448054437,40720302
75.4913,4,75450794649,40503096
75.4938,15,75453326655,40503096
75.4964,9,75455867661,40503096
75.4989,1,75458390667,40503096
75.5039,3,75463454679,40447090
75.507,6,75465986685,40977296
75.5095,5,75468536691,40977296
75.512,0,75471059697,40977296
75.5146,11,75473582703,40977296
75.5171,8,75476123709,40977296
75.5196,14,75478655715,40977296
75.5222,2,75481205721,40977296
75.5247,7,75483728727,40977296
75.5272,12,75486251733,40977296
75.5298,13,75488774739,40977296
75.5323,4,75491297745,40977296
75.5348,15,75493829751,40977296
75.5373,9,75496370757,40977296
75.5399,1,75498893763,40977296
75.5424,10,75460913673,81480392
75.5449,3,75503901769,41033302
75.5478,6,75506963981,40816096
75.5505,5,75509513987,41033302
75.5531,0,75512036993,41033302
75.5556,11,75514559999,41033302
75.5581,8,75517101005,41033302
75.5607,14,75519633011,41033302
75.5632,2,75522183017,41033302
75.5657,7,75524706023,41033302
75.5683,12,75527229029,41033302
75.5708,13,75529752035,41033302
75.5733,4,75532275041,41033302
75.5758,15,75534807047,41033302
75.5784,9,75537348053,41033302
75.5809,1,75539871059,41033302
75.5834,10,75542394065,41033302
75.586,3,75544935071,41033302
75.5885,6,75547780077,40720302
75.5911,5,75550547289,40503096
75.5936,0,75553070295,40503096
75.5961,11,75555593301,40503096
75.5986,8,75558134307,40503096
75.6014,14,75560666313,40720302
75.6039,2,75563216319,40720302
75.6065,7,75565739325,40720302
75.6093,12,75568262331,41033302
75.6118,13,75570785337,41033302
75.6143,4,75573308343,41033302
75.6169,15,75575840349,41033302
75.6194,9,75578381355,41033302
75.6219,1,75580904361,41033302
75.6245,10,75583427367,41033302
75.627,3,75585968373,41033302
75.6295,6,75588500379,41033302
75.6346,5,75591050385,43547308
75.6371,0,75593573391,43547308
75.6396,11,75596096397,43547308
75.6422,8,75598637403,43547308
75.6447,14,75601386615,43330102
75.6501,2,75603936621,46157108
75.6551,12,75609295633,45788102
75.6603,4,75614341645,45949302
75.6628,15,75616873651,45949302
75.6654,9,75619414657,45949302
75.6679,1,75621937663,45949302
75.6704,10,75624460669,45949302
75.673,3,75627001675,45949302
75.6755,6,75629533681,45949302
75.6781,5,75634597693,43453296
75.6806,0,75637120699,43453296
75.6831,11,75639643705,43453296
75.6856,8,75642184711,43453296
75.6882,14,75644716717,43453296
75.6983,2,75650093729,48177308
75.7008,7,75606459627,94334416
75.706,13,75611818639,94182616
75.7085,4,75660290947,48233314
75.7164,9,75665363959,51004314
75.7189,1,75667886965,51004314
75.7214,10,75670409971,51004314
75.724,3,75672950977,51004314
75.729,5,75678050989,50939308
75.7315,0,75680573995,50939308
75.734,11,75683097001,50939308
75.7391,14,75688170013,50883302
75.7442,2,75698271037,45882290
75.7467,7,75700794043,45882290
75.7492,12,75655083735,94115604
75.752,13,75706001255,46034090
75.7573,15,75662822953,94428604
75.7598,9,75716368273,43433290
75.7623,1,75718891279,43433290
75.7648,10,75721414285,43433290
75.7674,3,75723955291,43433290
75.7724,5,75728990297,43433290
75.7749,0,75731513303,43433290
75.7775,11,75734036309,43433290
75.7825,8,75685638007,96886604
75.7851,14,75739053315,46003302
75.7876,2,75744153327,43462296
75.7901,7,75746676333,43462296
75.7951,13,75752035345,43093290
75.7977,4,75708524261,89127380
75.8002,15,75757251557,42932090
75.8029,9,75759801563,43140296
75.8055,1,75762324569,43140296
75.808,10,75764847575,43140296
75.8105,3,75767388581,43140296
75.8134,6,75675482983,137890900
75.8159,5,75772423587,43509302
75.8185,0,75774946593,43509302
75.821,11,75777469599,43509302
75.8235,8,75782524611,41004296
75.8285,14,75785056617,43462296
75.8311,2,75787615623,43453296
75.8336,7,75790138629,43453296
75.8361,12,75749199339,86915592
75.8386,13,75795128635,43509302
75.8412,4,75797651641,43509302
75.8437,15,75800183647,43509302
75.8462,9,75802941859,43292096
75.8488,1,75805464865,43292096
75.8515,10,75807987871,43509302
75.8544,3,75810528877,43822302
75.8569,6,75813373883,43509302
75.8594,5,75815932889,43509302
75.862,0,75818455895,43509302
75.8645,11,75820978901,43509302
75.867,8,75823528907,43491302
75.8721,14,75828518913,43565308
75.8746,2,75831068919,43565308
75.8772,7,75833591925,43565308
75.8871,15,75843692949,43397290
75.8896,9,75846233955,43397290
75.8922,1,75848756961,43397290
75.8947,10,75851497173,43180084
75.8972,3,75854351179,42867084
75.8998,6,75856883185,42867084
75.905,0,75861965197,43028284
75.9075,11,75864488203,43028284
75.91,8,75867020209,43028284
75.9154,14,75872084221,43341284
75.918,2,75874634227,43341284
75.9205,7,75877157233,43341284
75.923,12,75836114931,86906592
75.928,4,75841160943,86850586
75.9331,15,75887090239,45967302
75.9356,9,75889631245,45967302
75.9381,1,75892154251,45967302
75.9406,10,75894677257,45967302
75.9482,3,75897218263,50995314
75.9586,0,75904993481,53558108
75.9613,11,75907516487,53775314
75.9638,8,75910048493,53775314
75.9689,2,75917975511,50892302
75.9714,7,75920498517,50892302
75.9739,12,75923021523,50892302
75.9789,4,75928011529,50892302
75.9814,13,75838637937,142806900
75.984,15,75933057541,50910302
75.989,1,75938121553,50854296
75.9915,10,75940644559,50854296
75.9941,3,75948213577,45853284
75.9966,6,75899750269,96848598
76.0041,5,75859442191,144696688
76.0069,0,75958551589,48327502
76.0094,11,75961291801,48110296
76.0119,8,75963823807,48110296
76.0145,14,75915425505,99040604
76.0173,2,75968867813,48461302
76.0199,7,75971390819,48461302
76.0224,12,75973913825,48461302
76.0249,4,75978903831,46003302
76.0274,13,75981444837,46003302
76.03,15,75983967843,46003302
76.0325,9,75935598547,96913604
76.035,1,75988975849,46059308
76.0376,10,75991498855,46059308
76.0401,3,75994066861,46032308
76.0426,6,75996598867,46032308
76.0477,5,76004138879,43592308
76.0503,0,76006879091,43375102
76.053,11,76009402097,43592308
76.0555,8,76011934103,43592308
76.0581,14,76014466109,43592308
76.0634,2,76017329115,46106314
76.066,7,76019852121,46106314
76.071,13,76027448139,43518302
76.0735,15,76029971145,43518302
76.0785,1,76035035157,43462296
76.081,10,76037558163,43462296
76.0836,3,76040099169,43462296
76.0861,6,76042631175,43462296
76.0912,5,76047731187,43453296
76.0937,0,76050254193,43453296
76.0962,11,76052994405,43236090
76.1065,14,76058058417,48425302
76.109,2,76063435429,45607296
76.114,12,76022375127,91657604
76.1194,13,76070966441,48425302
76.1219,15,76073489447,48425302
76.1245,9,76032512151,91943604
76.127,1,76078497453,48481308
76.1295,10,76081020459,48481308
76.132,3,76083561465,48481308
76.1346,6,76086093471,48481308
76.1447,5,76091184483,53509320
76.1472,0,76093707489,53509320
76.1497,11,76096230495,53509320
76.1628,14,76106483719,56307320
76.1752,13,76119391743,55826302
76.1827,1,76126978761,55714290
76.1877,3,76132042773,55658284
76.1902,6,76134574779,55658284
76.2028,0,76147216809,55629278
76.2054,11,76149739815,55629278
76.2157,14,76162791039,52867278
76.2182,8,76055526411,162654912
76.2235,2,76109042725,114441610
76.2285,12,76114032731,114441610
76.231,7,76065958435,165038912
76.2335,13,76175218045,58320308
76.2361,15,76121914749,114146610
76.2386,9,76124455755,114146610
76.2436,10,76129501767,114090604
76.2486,3,76187701057,60946326
76.2565,5,76144693803,111764798
76.259,0,76202846087,56135520
76.2615,11,76205369093,56135520
76.2669,14,76215658317,51250308
76.2744,2,76223484335,50964302
76.2794,7,76230997347,48450296
76.282,13,76233538353,48450296
76.2845,15,76236061359,48450296
76.287,4,76024907133,262136528
76.2896,9,76238602365,50964302
76.2921,1,76182693051,109396622
76.2946,10,76243592371,51020308
76.2972,3,76248647383,48515302
76.3022,6,76190233063,111975634
76.3075,5,76256458601,51076314
76.3101,0,76258981607,51076314
76.3126,11,76261504613,51076314
76.3176,14,76266908625,50736314
76.3279,7,76279447643,48461308
76.3329,15,76284511655,48405302
76.3354,4,76287043661,48396302
76.3405,9,76289566667,50937308
76.343,1,76292089673,50937308
76.3455,10,76294612679,50937308
76.3481,3,76297162685,50919308
76.3533,6,76302208697,51098508
76.3609,5,76307534915,53395308
76.3635,0,76310057921,53395308
76.3663,11,76312580927,53708308
76.3688,14,76317644939,51194302
76.3714,8,76218181323,153180924
76.3764,12,76228474341,147942918
76.3789,7,76327908951,51031314
76.3864,15,76332916957,53489314
76.3889,4,76335439963,53489314
76.394,9,76340503975,53507314
76.3965,1,76343026981,53507314
76.3991,10,76345549987,53507314
76.4016,3,76348081993,53507314
76.4069,6,76353307205,53572320
76.4145,5,76360930223,53572320
76.417,0,76363453229,53572320
76.4195,11,76366289235,53259320
76.4274,14,76368839241,58535326
76.4299,8,76371362247,58535326
76.4324,12,76376417259,56021320
76.435,7,76378940265,56021320
76.44,15,76386406271,53572320
76.4475,2,76274448637,173069966
76.4503,9,76394011289,56247526
76.4552,10,76399057301,56191520
76.4603,13,76281988649,178277178
76.4628,6,76406879525,55909308
76.4682,5,76414502543,53708302
76.4707,0,76417025549,53708302
76.4733,11,76419548555,53708302
76.4833,8,76429897573,53422302
76.4858,12,76432438579,53404302
76.4884,7,76434961585,53404302
76.4934,15,76439978591,53451308
76.496,4,76388929277,107023628
76.5087,10,76455248821,53404302
76.5137,3,76401589307,112109828
76.5162,13,76460265827,55965314
76.5188,6,76462788833,55974314
76.5239,5,76468210845,55652314
76.5264,0,76470733851,55652314
76.5292,11,76473256857,55965314
76.5343,14,76427374567,106929616
76.5368,8,76483319875,53507314
76.5394,12,76485842881,53507314
76.5444,15,76493429899,50937302
76.5521,2,76447518603,104616816
76.5547,9,76450258815,104399610
76.5572,1,76396534295,160647136
76.5597,10,76508653123,51051314
76.5672,13,76516231141,51004308
76.5698,6,76518763147,51004308
76.5727,5,76523863159,48803302
76.5752,0,76526386165,48803302
76.5777,11,76529222171,48490302
76.5803,14,76534304183,45967296
76.5853,12,76539350195,45911290
76.5878,7,76488365887,99418604
76.5903,15,76544367201,45949296
76.5928,4,76495952905,96886598
76.5979,2,76552135419,45804096
76.6005,9,76554658425,45804096
76.6057,10,76559704437,45965296
76.6082,3,76513699135,94511604
76.6107,13,76567235449,43507296
76.6158,6,76569767455,46021302
76.6209,5,76572666461,48204308
76.6234,0,76575189467,48204308
76.6284,14,76580271479,48139302
76.6312,8,76536827189,94419598
76.6338,12,76585261485,48508308
76.6363,7,76587784491,48508308
76.6388,15,76590316497,48508308
76.6439,2,76597939515,45920296
76.6464,9,76600462521,45920296
76.6489,1,76557181431,91724392
76.6516,10,76605669733,45976302
76.6542,3,76608210739,45967302
76.6592,13,76610742745,48481308
76.6618,6,76615788757,45976302
76.6718,11,76577712473,94088598
76.6747,14,76628410781,46253296
76.6772,8,76631246787,45940296
76.6797,12,76633769793,45940296
76.6847,15,76638824805,45884290
76.6872,4,76592839503,94392598
76.6898,2,76643859811,45922296
76.6923,9,76646382817,45922296
76.6948,1,76648905823,45922296
76.6998,3,76654178041,45649084
76.7026,13,76659224053,43370284
76.7051,6,76661765059,43352284
76.7102,5,76620870769,89346586
76.7127,0,76623393775,89346586
76.7153,11,76671801071,43462296
76.7178,14,76674664077,43149296
76.7203,8,76677187083,43149296
76.7253,7,76636292799,89033586
76.7279,15,76684709095,43149296
76.7304,4,76687232101,43149296
76.7382,9,76692305113,45920296
76.7407,1,76694828119,45920296
76.7457,3,76699827125,45920296
76.7483,13,76702594337,45703090
76.751,6,76705117343,45920296
76.7536,5,76710217355,43406290
76.7561,0,76712740361,43406290
76.7587,11,76715263367,43406290
76.7637,8,76720336379,43350284
76.7662,12,76679710089,86499580
76.7712,15,76727858391,43350284
76.7737,4,76730381397,43350284
76.7766,2,76689782107,86830580
76.7791,9,76738225409,40910284
76.7817,1,76740748415,40910284
76.7842,10,76651646035,132535670
76.7867,3,76745747421,40966290
76.7892,13,76748297427,40948290
76.7918,6,76751037639,40731084
76.7943,5,76753623645,40722084
76.7969,0,76756146651,40722084
76.7994,11,76758669657,40722084
76.8022,14,76717813373,84345580
76.8047,8,76763686663,40995296
76.8072,12,76766209669,40995296
76.8097,7,76725326385,84401586
76.8123,15,76771208675,41051302
76.8148,4,76773731681,41051302
76.8173,2,76776612687,40720302
76.8199,9,76779135693,40720302
76.8248,10,76784181705,40664296
76.8274,3,76786713711,40664296
76.8299,13,76789245717,40664296
76.8324,6,76791768723,40664296
76.835,5,76794345729,40664296
76.8378,0,76796868735,40977296
76.8404,11,76799391741,40977296
76.8429,14,76802158953,40760090
76.8454,8,76804681959,40760090
76.848,12,76807204965,40760090
76.8532,15,76812259977,40921290
76.8557,4,76814782983,40921290
76.8583,2,76817332989,40921290
76.8608,9,76819855995,40921290
76.8633,1,76781658699,81641592
76.8658,10,76824846001,40977296
76.8684,3,76827378007,40977296
76.8709,13,76829910013,40977296
76.8734,6,76832433019,40977296
76.8788,5,76835010025,43804302
76.8813,0,76837846031,43491302
76.8839,11,76840369037,43491302
76.8864,14,76842919043,43491302
76.8889,8,76845442049,43491302
76.8915,12,76847965055,43491302
76.8965,15,76853181267,43274096
76.899,4,76855704273,43274096
76.9043,2,76858254279,46005308
76.9068,9,76860777285,46005308
76.9093,1,76863300291,46005308
76.9118,10,76865823297,46005308
76.9168,13,76870887309,45949302
76.9219,5,76878814327,43084290
76.9244,0,76881337333,43084290
76.9269,11,76883860339,43084290
76.932,14,76886410345,45598296
76.9345,8,76888933351,45598296
76.9371,12,76891456357,45598296
76.9399,7,76809727971,130162688
76.9424,15,76896455363,45967302
76.9449,4,76898978369,45967302
76.9552,1,76909305599,45864290
76.9577,10,76911828605,45864290
76.9602,3,76868355303,91869598
76.9628,13,76916836611,45920296
76.9678,5,76921898617,45911296
76.9703,0,76924421623,45911296
76.9729,11,76926944629,45911296
76.9754,14,76932008641,43406290
76.9779,8,76934531647,43406290
76.9808,12,76937054653,43719290
76.9833,7,76939890659,43406290
76.9858,15,76942422665,43406290
76.9884,4,76944945671,43406290
76.9934,2,76904259587,89165386
76.9959,9,76906782593,89165386
76.9985,1,76955169889,43301096
77.0037,3,76960224901,43462296
77.0062,13,76962756907,43462296
77.0087,6,76873410315,135331894
77.0164,5,76967809913,48546314
77.0213,11,76972855925,48490308
77.0239,14,76975414931,48481308
77.0264,8,76977937937,48481308
77.0339,15,76985828955,48056296
77.0364,4,76988351961,48056296
77.039,2,76993424973,45542290
77.0418,9,76995947979,45855290
77.0443,1,76998470985,45855290
77.0468,10,76957692895,89156386
77.0494,3,77003687197,45694090
77.0544,6,77008742209,45638084
77.0672,0,76970332919,96886604
77.0697,11,77021346233,48396296
77.0748,14,77023896239,50910302
77.0773,8,77026419245,50910302
77.0799,12,76980773943,99078610
77.0827,7,76983296949,99391610
77.0852,15,77033885251,51335314
77.0877,4,77036408257,51335314
77.0903,2,77038967263,51317314
77.0953,1,77044326275,50948308
77.0978,10,77046849281,50948308
77.1005,3,77049381287,51165514
77.1031,13,77006219203,96859604
77.1056,6,77054380293,51221520
77.1133,5,77016356227,96904604
77.1158,0,77067219523,48564314
77.1183,11,77069742529,48564314
77.1259,14,77074806541,51087320
77.1284,8,77077329547,51087320
77.1334,7,77082688559,50718314
77.1359,15,77085220565,50718314
77.1385,4,77087743571,50718314
77.141,2,77090284577,50718314
77.1438,9,77041803269,102035628
77.1464,1,77095274583,51087320
77.1516,3,77100546801,51049314
77.1541,13,77103078807,51049314
77.1567,6,77105601813,51049314
77.1643,5,77113260831,51031314
77.1668,0,77115783837,51031314
77.1693,11,77118306843,51031314
77.1769,14,77125893861,51049314
77.1795,8,77128416867,51049314
77.182,12,77079852553,102136634
77.1848,7,77133406873,51419130
77.1874,15,77135938879,51419130
77.1924,2,77141002891,51363124
77.1949,9,77143838897,51050124
77.1974,1,77146361903,51050124
77.2026,3,77151596115,51050124
77.2052,13,77154128121,51050124
77.2077,6,77156651127,51050124
77.2103,5,77164292145,46022112
77.2153,11,77169338157,45966106
77.2203,8,77179466181,40882088
77.2229,12,77181989187,40882088
77.2254,7,77184826003,40568278
77.2279,15,77187358009,40568278
77.2304,4,77138461885,91987408
77.233,2,77192366015,40624284
77.2355,9,77194889021,40624284
77.238,1,77197412027,40624284
77.2406,10,77097797589,142761728
77.2431,3,77202646239,40445084
77.2459,13,77205178245,40758084
77.2485,6,77207701251,40758084
77.2563,5,77210314257,45976302
77.2588,0,77166815151,91998414
77.2613,11,77215304263,46032308
77.2639,14,77176943175,86943402
77.2664,8,77220348269,46061314
77.2689,12,77222871275,46061314
77.2715,7,77225394281,46061314
77.274,15,77227926287,46061314
77.2765,4,77230449293,46061314
77.284,9,77235513305,48519314
77.2866,1,77238036311,48519314
77.2894,10,77240559317,48832314
77.2919,3,77243091323,48832314
77.2945,13,77245936329,48519314
77.297,6,77248459335,48519314
77.3023,5,77256290559,46032308
77.3048,0,77258813565,46032308
77.3074,11,77261336571,46032308
77.3149,14,77263886577,51060320
77.3224,7,77271455595,50948308
77.3249,15,77273987601,50948308
77.3275,4,77276510607,50948308
77.335,2,77232990299,102055634
77.34,1,77286555625,53480314
77.3426,10,77289391631,53167314
77.3451,3,77291923637,53167314
77.3479,13,77294455643,53480314
77.3505,6,77296978649,53480314
77.3583,5,77302322867,55994320
77.3633,11,77307368879,55938314
77.3684,14,77314946897,53451308
77.3709,8,77266409583,104511628
77.3784,15,77324935909,53451308
77.3809,4,77327458915,53451308
77.3835,2,77335045933,48432296
77.386,9,77284032619,101968616
77.3885,1,77340035939,48488302
77.3914,10,77342558945,48801302
77.3939,3,77345090951,48801302
77.3964,13,77347935957,48488302
77.3989,6,77350458963,48488302
77.4043,5,77358317187,45974296
77.4068,0,77304845873,101968616
77.4093,11,77363307193,46030302
77.4169,14,77368398205,48535308
77.4195,8,77370921211,48535308
77.422,12,77268932589,153046936
77.4245,7,77322403903,102098628
77.427,15,77378387217,48647320
77.432,2,77383478229,48564314
77.437,1,77388524241,48508308
77.4396,10,77391360247,48195308
77.4421,3,77393892253,48195308
77.4446,13,77396424259,48195308
77.4471,6,77398947265,48195308
77.4498,5,77404291483,45464096
77.4551,11,77409337495,45721090
77.4579,14,77416933513,40919284
77.4604,8,77419456519,40919284
77.4629,12,77421979525,40919284
77.4654,7,77424502531,40919284
77.468,15,77427034537,40919284
77.4705,4,77380910223,89566604
77.4755,2,77432042543,43489296
77.4781,9,77386001235,92053610
77.4806,1,77437032549,43545302
77.4831,10,77439555555,43545302
77.4881,3,77442087561,46059308
77.4907,13,77444619567,46059308
77.4935,6,77447142573,46372308
77.5013,5,77449755579,51590526
77.5039,0,77406814489,97054622
77.5064,11,77455058585,51333532
77.5165,8,77460375803,56079332
77.5214,7,77465421815,56023326
77.5265,15,77467953821,58537332
77.529,4,77470476827,58537332
77.5316,2,77475531839,56032326
77.5341,9,77478054845,56032326
77.5366,1,77480577851,56032326
77.5391,10,77483100857,56032326
77.5442,3,77488146869,56050326
77.5548,5,77501346105,53460308
77.5573,0,77503869111,53460308
77.5649,14,77457852797,107043634
77.5674,8,77516455135,50964302
77.5724,7,77521445141,50964302
77.575,15,77526491153,48459296
77.5775,4,77529014159,48459296
77.58,2,77531564165,48450296
77.5825,9,77534087171,48450296
77.5851,1,77536610177,48450296
77.5876,10,77539133183,48450296
77.5901,3,77544197195,45936290
77.5927,13,77490678875,101986616
77.5955,6,77493514881,101986616
77.6008,5,77554806413,46030302
77.6034,0,77557329419,46030302
77.6059,11,77506392117,99490610
77.6159,8,77567419437,48479302
77.6184,12,77462898809,155522936
77.6209,7,77572409443,48535308
77.6235,15,77574950449,48517308
77.626,4,77577473455,48517308
77.6285,2,77580014461,48517308
77.6335,1,77585060473,48461302
77.636,10,77587583479,48461302
77.6386,3,77590133485,48452302
77.6411,13,77592665491,48452302
77.6436,6,77595501497,48139302
77.6537,0,77603359721,50380096
77.6566,11,77605882727,50693096
77.6619,14,77564896431,96996610
77.6644,8,77615898739,48517308
77.6669,12,77618421745,48517308
77.6695,7,77620944751,48517308
77.672,15,77623467757,48517308
77.677,2,77628531769,48461302
77.6795,9,77582537467,96978610
77.682,1,77633521775,48517308
77.6846,10,77636044781,48517308
77.6896,3,77638585787,51031314
77.6921,13,77641117793,51031314
77.6947,6,77643640799,51031314
77.7001,0,77653739817,46316302
77.7028,11,77656575823,46220508
77.7054,14,77661893041,43480296
77.7079,8,77664416047,43480296
77.7104,12,77666939053,43480296
77.7129,7,77669462059,43480296
77.7155,15,77671985065,43480296
77.718,4,77625990763,91997604
77.7205,2,77676993071,43536302
77.7231,9,77679516077,43536302
77.7256,1,77682039083,43536302
77.7281,10,77684562089,43536302
77.7332,3,77689617101,43545302
77.7382,6,77694672113,43489296
77.7433,5,77600836715,142415706
77.7458,0,77700056119,45719308
77.7483,11,77702796331,45502102
77.7536,14,77705373337,48224314
77.7561,8,77707896343,48224314
77.759,12,77710419349,48537314
77.7615,7,77712942355,48537314
77.764,15,77715465361,48537314
77.7665,4,77717988367,48537314
77.7716,2,77720529373,51051320
77.7741,9,77723052379,51051320
77.7766,1,77725575385,51051320
77.7791,10,77728098391,51051320
77.7842,13,77692149107,92026610
77.7867,6,77738161409,48537314
77.7968,5,77743252421,53574326
77.7997,0,77745775427,53887326
77.8022,11,77748298433,53887326
77.815,12,77758956663,56003320
77.8175,7,77761479669,56003320
77.82,15,77764002675,56003320
77.8275,2,77771580693,55965314
77.8301,9,77774103699,55965314
77.8351,10,77779149711,55909308
77.8376,3,77733162403,104428622
77.8401,13,77784175717,55947314
77.8555,5,77796826747,58649520
77.858,0,77799662753,58336520
77.8608,11,77802185759,58649520
77.8684,14,77753597651,114804640
77.8709,8,77756120657,114804640
77.8734,12,77814959983,58488320
77.8784,15,77820005995,58432314
77.881,4,77766525681,114435634
77.8835,2,77827546007,55974314
77.886,9,77830069013,55974314
77.8886,1,77776626705,111939628
77.8911,10,77835059019,56030320
77.8936,3,77837591025,56030320
77.8962,13,77840123031,56030320
77.8987,6,77786698723,111977634
77.9069,5,77855476267,51389314
77.9094,0,77857999273,51389314
77.9119,11,77860835279,51076314
77.917,14,77868402291,48618314
77.9195,8,77870925297,48618314
77.9221,12,77873448303,48618314
77.9271,15,77878438309,48618314
77.9296,4,77880961315,48618314
77.9321,2,77883520321,48600314
77.9346,9,77886043327,48600314
77.9372,1,77888566333,48600314
77.9397,10,77891089339,48600314
77.9422,3,77893621345,48600314
77.9472,6,77898676357,48544308
77.9498,5,77906865581,42977090
77.9524,0,77909388587,42977090
77.9629,14,77917020605,45891296
77.9654,8,77919543611,45891296
77.968,12,77922066617,45891296
77.9705,7,77817482989,152997930
77.973,15,77927056623,45947302
77.9755,4,77929579629,45947302
77.9781,2,77932120635,45947302
77.9806,9,77934643641,45947302
77.9831,1,77937166647,45947302
77.9856,10,77939689653,45947302
77.9882,3,77942221659,45947302
77.9932,13,77896153351,97061622
77.9957,6,77947220665,48517314
78.0036,5,77949842671,53726532
78.0064,0,77952365677,54039532
78.014,14,77962911901,51060320
78.0165,8,77965434907,51060320
78.019,12,77967957913,51060320
78.0215,7,77970480919,51060320
78.0241,15,77973003925,51060320
78.0266,4,77975526931,51060320
78.0316,9,77980590943,51004314
78.0341,1,77983113949,51004314
78.0366,10,77985636955,51004314
78.0392,3,77988168961,51004314
78.0417,13,77993214973,48508308
78.0442,6,77995737979,48508308
78.0494,5,78003569203,45804096
78.0544,11,77911911593,142451712
78.0622,14,78013972221,48204308
78.065,8,78016495227,48517308
78.07,7,78021541239,48461302
78.0725,15,78024064245,48461302
78.075,4,78026587251,48461302
78.0776,2,77978067937,99521622
78.0826,1,78034118263,48461302
78.0851,10,78036641269,48461302
78.0876,3,78039173275,48461302
78.0927,13,78041723281,50966308
78.0952,6,78044246287,50966308
78.1056,5,78049373299,56193526
78.1084,0,78006405209,101997622
78.1109,11,78054363305,56562532
78.1211,14,78062176529,58877332
78.1236,8,78065012535,58564332
78.1261,12,78019018233,107081640
78.1286,7,78070002541,58620338
78.1311,15,78072525547,58620338
78.1337,4,78075048553,58620338
78.1387,9,78031595257,107081640
78.1412,1,78082579565,58620338
78.1437,10,78085102571,58620338
78.1515,13,78092689589,58790538
78.1666,5,78105566825,61076332
78.1695,0,78108402831,61076332
78.172,11,78110925837,61076332
78.1771,14,78121053861,56001314
78.1796,8,78123576867,56001314
78.1821,12,78126099873,56001314
78.1846,7,78128622879,56001314
78.1871,15,78131145885,56001314
78.1922,2,78077589559,114565646
78.1947,9,78138676897,56001314
78.1972,1,78141199903,56001314
78.1997,10,78143722909,56001314
78.2103,6,78095212595,115066852
78.2205,5,78166643157,53818314
78.2255,11,78172002169,53449308
78.228,14,78177055175,50964308
78.233,12,78182101187,50908302
78.2355,7,78184624193,50908302
78.2405,4,78133668891,106853610
78.2456,2,78192155205,53422308
78.2481,9,78194678211,53422308
78.2531,10,78199724223,53366302
78.2581,3,78087634577,170481954
78.2609,13,78151480127,109385616
78.2685,5,78220461471,48007284
78.2713,0,78169479163,101825598
78.2738,11,78225451477,48376290
78.2789,14,78228019483,50881296
78.2814,8,78179578181,101845604
78.2839,12,78233009489,50937302
78.2865,7,78235532495,50937302
78.2915,4,78240522501,50937302
78.2965,2,78245577513,50946302
78.299,9,78248100519,50946302
78.304,10,78253090525,50946302
78.3093,13,78260865743,48423296
78.3121,6,78210279447,101845598
78.3222,0,78271304761,50854296
78.3247,11,78273827767,50854296
78.3273,14,78278900779,48349290
78.3298,8,78281423785,48349290
78.3323,12,78283946791,48349290
78.3348,7,78286469797,48349290
78.3373,15,78187147199,150194894
78.3399,4,78291459803,48405296
78.3449,2,78296523815,48405296
78.3475,9,78299046821,48405296
78.35,1,78197201217,152773906
78.3525,10,78304036827,48461302
78.3578,3,78258116531,99671816
78.3603,13,78309289039,51031314
78.3628,6,78312125045,50718314
78.3705,5,78268468755,102015622
78.3733,0,78322159057,51161326
78.3758,11,78324682063,51161326
78.3809,14,78327250069,53657332
78.3834,8,78329773075,53657332
78.386,12,78332296081,53657332
78.3885,7,78334819087,53657332
78.3935,4,78339865099,53601326
78.396,2,78344929111,51087320
78.3985,9,78347452117,51087320
78.4011,1,78349975123,51087320
78.4063,3,78357788347,48517308
78.4088,13,78360320353,48517308
78.4114,6,78362843359,48517308
78.4143,5,78370484377,43802296
78.4193,11,78375843389,43433290
78.4218,14,78380907401,40937284
78.4244,8,78383430407,40937284
78.4269,12,78385953413,40937284
78.4294,7,78388476419,40937284
78.4319,15,78337342093,94594616
78.4345,4,78393466425,40993290
78.437,2,78396016431,40975290
78.4395,9,78398539437,40975290
78.442,1,78401062443,40975290
78.4446,10,78352498129,92062610
78.4471,3,78406305655,40805090
78.4523,6,78411360667,40966290
78.4549,5,78414286673,40626290
78.4574,0,78373320383,84115586
78.465,14,78421844685,43122296
78.4675,8,78424367691,43122296
78.47,12,78426890697,43122296
78.4753,15,78431936709,43379296
78.4778,4,78434459715,43379296
78.4804,2,78436991721,43379296
78.4854,1,78442037733,43323290
78.4879,10,78444560739,43323290
78.4904,3,78447110745,43323290
78.493,13,78408837661,84128380
78.4955,6,78452326957,43162090
78.4981,5,78454912963,43162090
78.5031,11,78419276679,83788380
78.5059,14,78464966981,40883290
78.5084,8,78467489987,40883290
78.5109,12,78470012993,40883290
78.5134,7,78429413703,84005586
78.5163,15,78475316005,40939290
78.5188,4,78477839011,40939290
78.5238,2,78480371017,43453296
78.5263,9,78439514727,86832592
78.5289,1,78485361023,43509302
78.5314,10,78487884029,43509302
78.5339,3,78490434035,43509302
78.5365,13,78492966041,43509302
78.539,6,78495489047,43509302
78.5441,5,78498075053,46023308
78.5491,11,78503065059,46023308
78.5544,14,78505850271,48537314
78.5569,8,78508373277,48537314
78.5594,12,78510896283,48537314
78.562,7,78513419289,48537314
78.5645,15,78516255295,48224314
78.567,4,78518778301,48224314
78.572,9,78526347319,45663302
78.5745,1,78528870325,45663302
78.5774,10,78531393331,45976302
78.5799,3,78533943337,45976302
78.5825,13,78536475343,45976302
78.585,6,78538998349,45976302
78.5876,5,78544098361,43480296
78.5901,0,78457435969,132665694
78.5926,11,78549088367,43536302
78.5977,14,78554387585,43328096
78.6002,8,78556910591,43328096
78.6102,4,78567002615,43160078
78.6129,2,78523824313,89087592
78.6154,9,78572010621,43424290
78.618,1,78574533627,43424290
78.6208,10,78577369633,43424290
78.6233,3,78579919639,43424290
78.6259,13,78582451645,43424290
78.6284,6,78584974651,43424290
78.6335,5,78587578657,45920296
78.636,0,78590101663,45920296
78.6385,11,78592624669,45920296
78.6411,14,78597715681,43397290
78.6436,8,78600238687,43397290
78.6462,12,78559433597,86725386
78.6487,7,78561956603,86725386
78.6512,15,78564479609,86725386
78.6587,2,78612911905,45815102
78.6615,9,78615434911,46032308
78.664,1,78617957917,46032308
78.6665,10,78620793923,45719308
78.6691,3,78623343929,45719308
78.6716,13,78625875935,45719308
78.6741,6,78628398941,45719308
78.6821,5,78633498953,48564314
78.6846,0,78636021959,48564314
78.6871,11,78638544965,48564314
78.6921,8,78643635977,48490308
78.6946,12,78646158983,48490308
78.6972,7,78648681989,48490308
78.6997,15,78651204995,48490308
78.7022,4,78610162693,92055616
78.705,2,78658727007,46249514
78.7075,9,78661467219,46032308
78.71,1,78663990225,46032308
78.7125,10,78666513231,46032308
78.7176,13,78671595243,45976302
78.7201,6,78674118249,45976302
78.723,5,78682063267,40966290
78.7256,0,78684586273,40966290
78.7281,11,78687109279,40966290
78.7306,14,78641112971,89512604
78.7331,8,78692126285,41022296
78.7357,12,78694649291,41022296
78.7382,7,78697172297,41022296
78.7407,15,78699695303,41022296
78.7432,4,78702218309,41022296
78.7458,2,78704976521,40787090
78.7483,9,78707499527,40787090
78.7535,10,78712545539,40948290
78.756,3,78669063237,86980598
78.7586,13,78717571545,41004296
78.7611,6,78720094551,41004296
78.7662,5,78723029557,43178302
78.7687,0,78725552563,43178302
78.7713,11,78728075569,43178302
78.7738,14,78730625575,43178302
78.7788,12,78735671587,43122296
78.7816,7,78738194593,43435296
78.7842,15,78740717599,43435296
78.7867,4,78743240605,43435296
78.7892,2,78745763611,43435296
78.7942,1,78710022533,84166380
78.7967,10,78753493829,43218090
78.7993,3,78756043835,43218090
78.8043,6,78761098847,43162084
78.8096,5,78766207859,43397290
78.8121,0,78768730865,43397290
78.8171,14,78773803877,43341284
78.8221,12,78778793883,43341284
78.825,7,78781629889,43341284
78.8275,15,78784152895,43341284
78.83,4,78786675901,43341284
78.8325,2,78789198907,43341284
78.8351,9,78748286617,86776580
78.8376,1,78794188913,43397290
78.8401,10,78796711919,43397290
78.8427,3,78799261925,43397290
78.8452,13,78758575841,86615380
78.8477,6,78804260931,43453296
78.8531,5,78809605149,43462296
78.8556,0,78812128155,43462296
78.8581,11,78771253871,86859586
78.8632,14,78817145161,46032308
78.8657,8,78733148581,132551894
78.8682,12,78822135167,46088314
78.8707,7,78824971173,45775314
78.8733,15,78827494179,45775314
78.8758,4,78830017185,45775314
78.8808,9,78835063197,45719308
78.8833,1,78837586203,45719308
78.8861,10,78840109209,46032308
78.8887,3,78842659215,46032308
78.8912,13,78845191221,46032308
78.8937,6,78847714227,46032308
78.8989,5,78853067445,45806102
78.9066,14,78863177469,43406290
78.9091,8,78865700475,43406290
78.9116,12,78868223481,43406290
78.9142,7,78870746487,43406290
78.9167,15,78873269493,43406290
78.9192,4,78875792499,43406290
78.9217,2,78832540191,89181604
78.9242,9,78880782505,43462296
78.9271,1,78883305511,43775296
78.9296,10,78886141517,43462296
78.9322,3,78888691523,43462296
78.9347,13,78891223529,43462296
78.9372,6,78893746535,43462296
78.9423,5,78898873547,43462296
78.9449,0,78855590451,89268398
78.9474,11,78858113457,89268398
78.9552,14,78906583759,48593320
78.9577,8,78909106765,48593320
78.9602,12,78911629771,48593320
78.9627,7,78914152777,48593320
78.9653,15,78916675783,48593320
78.9678,4,78919198789,48593320
78.9703,2,78921721795,48593320
78.9728,9,78924244801,48593320
78.9754,1,78927080807,48280320
78.9804,3,78932153819,48224314
78.9854,6,78937208831,48168308
78.9883,5,78942335843,45967302
78.9933,11,78947381855,45911296
78.9959,14,78955177079,40693078
78.9984,8,78957700085,40693078
79.0034,7,78962746097,40637072
79.0108,2,78970315115,40525060
79.0136,9,78972838121,40742266
79.0186,10,78929603813,88966580
79.0211,3,78980378133,40742266
79.0237,13,78934685825,88966580
79.0262,6,78985377139,40798272
79.0341,5,78988303145,45808284
79.0366,0,78944858849,91775586
79.0392,11,78993293151,45864290
79.0417,14,78995870157,45837290
79.0467,12,78960223091,86474362
79.0492,7,79003383169,45837290
79.0517,15,78965269103,86474362
79.0567,2,79010840175,45893296
79.0593,9,79013580387,45676090
79.0642,10,79018570393,45676090
79.067,3,79021120399,45893296
79.0695,13,79023652405,45893296
79.0721,6,79026175411,45893296
79.0797,5,79034111429,45607296
79.0822,0,79036634435,45607296
79.09,14,79041707447,48322296
79.095,12,79046697453,48322296
79.0975,7,79049220459,48322296
79.1001,15,79051743465,48322296
79.1028,4,78967792109,135013864
79.1053,2,79056733471,48595508
79.1079,9,79059256477,48595508
79.1104,1,78975361127,135013864
79.1129,10,79064246483,48651514
79.1155,3,79067013695,48452308
79.118,13,79069545701,48452308
79.1205,6,79072068707,48452308
79.1309,11,79039157441,91746592
79.1335,14,79090029743,43433296
79.136,8,78998393163,137592882
79.1385,12,79095019749,43489302
79.141,7,79097542755,43489302
79.146,4,79102805973,43216090
79.1485,2,79105328979,43216090
79.1513,9,79107851985,43433296
79.1538,1,79110374991,43433296
79.1563,10,79112897997,43433296
79.1589,3,79115466003,43424296
79.1614,13,79117998009,43424296
79.1639,6,79120521015,43424296
79.1691,5,79079718725,89344598
79.1716,0,79082241731,89344598
79.1791,8,79135986045,43084290
79.1816,12,79138509051,43084290
79.1841,7,79141032057,43084290
79.1866,15,79100065761,86573592
79.1892,4,79146022063,43140296
79.192,2,79148545069,43453296
79.1945,9,79151285281,43236090
79.197,1,79153808287,43236090
79.1996,10,79156331293,43236090
79.2023,3,79158890299,43453296
79.2049,13,79161422305,43453296
79.2099,5,79169063323,40883284
79.2125,0,79171586329,40883284
79.215,11,79130904033,84088586
79.2175,14,79133463039,84079586
79.2201,8,79179070335,40995296
79.2226,12,79181593341,40995296
79.2251,7,79184116347,40995296
79.2276,15,79186639353,40995296
79.2302,4,79189162359,40995296
79.233,2,79191998365,40995296
79.2355,9,79194521371,40995296
79.238,1,79197044377,40995296
79.2406,10,79199567383,40995296
79.2431,3,79202343595,40787090
79.2457,13,79204875601,40787090
79.2482,6,79163945311,84240386
79.251,5,79209946607,41051302
79.2535,0,79212469613,41051302
79.256,11,79214992619,41051302
79.2586,14,79217542625,41051302
79.2611,8,79220065631,41051302
79.2661,7,79225111643,40995296
79.2686,15,79227634649,40995296
79.2712,4,79230157655,40995296
79.2737,2,79232993661,40682296
79.2762,9,79235516667,40682296
79.2787,1,79238039673,40682296
79.2812,10,79240562679,40682296
79.2863,3,79243130685,43178302
79.2888,13,79245662691,43178302
79.2914,6,79248185697,43178302
79.2968,5,79250997909,45788102
79.2993,0,79253520915,45788102
79.3095,14,79258593927,50921308
79.312,8,79261116933,50921308
79.3146,12,79222588637,91972610
79.3171,7,79266106939,50977314
79.3196,15,79268629945,50977314
79.3221,4,79271152951,50977314
79.3247,2,79273675957,50977314
79.3296,1,79278721969,50921308
79.3322,10,79281244975,50921308
79.3347,3,79286308987,48425302
79.3376,13,79288840993,48738302
79.3401,6,79291363999,48738302
79.3427,5,79296786011,45920296
79.3452,0,79299309017,45920296
79.3478,11,79256043921,91708398
79.358,8,79312038241,46003302
79.3606,12,79314561247,46003302
79.3631,7,79317084253,46003302
79.3656,15,79319607259,46003302
79.3681,4,79322130265,46003302
79.3707,2,79324653271,46003302
79.3732,9,79276198963,96980616
79.3757,1,79329643277,46059308
79.3807,3,79334734289,45994302
79.3833,13,79337579295,45681302
79.3858,6,79340102301,45681302
79.3934,5,79342706307,50691314
79.3962,0,79345229313,51004314
79.3988,11,79347752319,51004314
79.4091,14,79309515235,99577628
79.4116,8,79358041543,53574326
79.4141,12,79360564549,53574326
79.4167,7,79363087555,53574326
79.4217,4,79368133567,53518320
79.4242,2,79370656573,53518320
79.4267,9,79373179579,53518320
79.4292,1,79375702585,53518320
79.4368,3,79380728591,56032326
79.4446,6,79385783603,58803326
79.4524,5,79393397621,59047532
79.4574,11,79398756633,58678526
79.4675,8,79411615869,55909308
79.47,12,79414138875,55909308
79.4726,7,79416661881,55909308
79.4751,15,79365610561,109483634
79.4776,4,79421651887,55965314
79.4826,9,79426697899,55909308
79.4851,1,79429220905,55909308
79.4877,10,79332166283,155486936
79.4902,3,79436760917,53460308
79.4928,13,79383260597,109510634
79.4953,6,79444586929,50707308
79.511,5,79452445153,58571326
79.516,11,79457435159,58571326
79.5286,8,79467525177,61076332
79.5311,12,79470048183,61076332
79.5336,7,79472571189,61076332
79.5362,15,79475094195,61076332
79.5415,2,79424174893,117298646
79.544,9,79482607207,61389338
79.5465,1,79485130213,61389338
79.549,10,79487653219,61389338
79.5543,3,79490221225,64102550
79.567,5,79511016479,55945314
79.5695,0,79396233627,173251172
79.572,11,79516006485,56001320
79.5796,14,79409092863,170546960
79.5822,8,79528601509,53561320
79.5872,7,79533647521,53505314
79.5897,15,79536170527,53505314
79.5922,4,79477617201,114581646
79.5947,2,79541473539,53248314
79.5972,9,79543996545,53248314
79.5998,1,79546519551,53248314
79.6078,3,79554323775,53514308
79.6104,13,79492771231,117607858
79.6129,6,79495294237,117607858
79.6205,5,79566961793,53572320
79.6231,0,79569484799,53572320
79.6256,11,79572007805,53572320
79.6332,14,79579639823,53563320
79.6357,8,79582162829,53563320
79.6382,12,79531124515,107124640
79.6436,15,79589675841,53876326
79.6535,1,79599767865,53708308
79.6587,3,79607838083,50890302
79.6613,13,79610379089,50890302
79.6638,6,79612902095,50890302
79.6714,5,79620534113,50890302
79.6739,0,79623057119,50890302
79.6765,11,79625580125,50890302
79.6841,14,79633203143,50890302
79.6891,12,79638249155,50834296
79.6916,7,79587152835,104453622
79.6941,15,79643552167,50577296
79.6967,4,79592198847,104453622
79.7016,9,79597244859,104397616
79.7047,1,79653476173,51219514
79.7097,10,79549042557,160652136
79.7122,3,79658728385,53507314
79.7173,13,79661269391,56021320
79.7198,6,79663792397,56021320
79.73,5,79671424415,58535326
79.7325,0,79673947421,58535326
79.735,11,79676470427,58535326
79.7426,14,79684093445,58535326
79.7506,7,79691606457,59009526
79.7531,15,79694129463,59009526
79.7557,4,79696652469,59009526
79.7582,2,79594721853,163463148
79.7607,9,79701642475,59065532
79.7632,1,79704695687,58535326
79.7658,10,79709694693,56077326
79.7708,13,79717290711,53516314
79.7733,6,79719813717,53516314
79.7785,5,79729959741,48506302
79.781,0,79732482747,48506302
79.7911,14,79742628771,48450296
79.7936,8,79635726149,157875924
79.7961,12,79689083451,107041628
79.8113,1,79763231013,48065078
79.8138,10,79765772019,48047078
79.8191,13,79770807025,48255284
79.8216,6,79773330031,48255284
79.8242,5,79778466043,45714278
79.8267,0,79780989049,45714278
79.8292,11,79735005753,94220580
79.8343,14,79791079067,43256278
79.8393,12,79796125079,43200272
79.8418,7,79750615983,91232374
79.8444,15,79753138989,91232374
79.8494,2,79758185001,91176368
79.8544,1,79811296091,43055284
79.8569,10,79813819097,43055284
79.8621,13,79819062309,43064284
79.8672,3,79712235699,154925900
79.8697,5,79824180321,45513284
79.8747,11,79829226333,45457278
79.8773,14,79834335345,42925272
79.8798,8,79793602073,86181550
79.8823,12,79839325351,42981278
79.8848,7,79841848357,42981278
79.8874,15,79844371363,42981278
79.8899,4,79755661995,134213652
79.8924,2,79849361369,43037284
79.8949,9,79760708007,134213652
79.8974,1,79854351375,43093290
79.9,10,79856874381,43093290
79.9028,13,79862126593,40635290
79.9053,6,79821585315,83699574
79.9082,3,79867161599,41022296
79.9107,5,79869693605,41022296
79.9132,0,79826703327,86535580
79.9158,11,79874683611,41078302
79.9208,14,79877260617,43574308
79.9234,8,79879783623,43574308
79.9259,12,79882306629,43574308
79.9284,7,79884829635,43574308
79.9309,15,79887352641,43574308
79.9334,4,79889875647,43574308
79.936,2,79892398653,43574308
79.9385,9,79894921659,43574308
79.941,1,79897444665,43574308
79.9435,10,79899967671,43574308
79.9486,13,79902761883,45862108
79.9515,6,79905284889,46175108
79.9593,3,79908183895,51107326
79.9718,14,79920834925,50950308
79.9743,8,79923357931,50950308
79.9768,12,79925880937,50950308
79.9794,7,79928403943,50950308
79.9819,15,79930926949,50950308
79.9844,4,79933449955,50950308
79.9894,9,79938495967,50894302
79.9919,1,79941018973,50894302
79.9944,10,79943541979,50894302
79.9995,13,79948623991,50894302
80.0127,3,79959291221,53379302
80.0177,0,79913238907,104430622
80.0202,11,79915761913,104430622
80.0253,14,79971785233,53489314
80.0303,12,79976831245,53433308
80.0353,15,79981877257,53377302
80.0378,4,79984400263,53377302
80.0403,2,79935972961,104327610
80.0428,9,79989390269,53433308
80.0453,1,79991913275,53433308
80.0479,10,79994436281,53433308
80.0507,13,79999518293,51136508
80.0535,6,79951459997,102030810
80.0611,5,79910715901,150404918
80.0711,14,80025274547,45862284
80.0737,8,79974308239,99351598
80.0762,12,80030264553,45918290
80.0787,7,79979354251,99351598
80.0812,15,80035254559,45974296
80.0838,4,80037777565,45974296
80.0887,9,80042823577,45918290
80.0913,1,80045346583,45918290
80.0938,10,80047869589,45918290
80.0964,13,80050654801,45701084
80.0989,6,80053490807,45388084
80.1042,3,80012670523,91543586
80.1093,5,80061120819,48139302
80.1118,0,80017669529,94113598
80.1146,11,80020192535,94426598
80.1197,14,80071136831,48564314
80.1222,8,80073659837,48564314
80.1272,7,80078705849,48508308
80.1297,15,80081228855,48508308
80.1323,4,80083751861,48508308
80.1397,1,80091264873,48452302
80.1422,10,80093787879,48452302
80.1448,13,80096355885,48434302
80.1473,6,80098878891,48434302
80.1555,3,80104214109,51279308
80.158,5,80109260121,48774302
80.1681,14,80119701145,48349290
80.1706,8,80122224151,48349290
80.1731,12,80076182843,96913604
80.1781,15,80129737163,48349290
80.1806,4,80132260169,48349290
80.1831,2,80040300571,142831894
80.1857,9,80088741867,96913604
80.1882,1,80139717175,48461302
80.1907,10,80142240181,48461302
80.1983,13,80144790187,53489314
80.2165,3,80155493417,60975326
80.2215,0,80111783127,109684622
80.224,11,80114619133,109371622
80.229,14,80168050435,60966326
80.2315,8,80170573441,60966326
80.2365,7,80127214157,109315616
80.2391,15,80178086453,60966326
80.2416,4,80180609459,60966326
80.2441,2,80183132465,60966326
80.2466,9,80185655471,60966326
80.2491,1,80188178477,60966326
80.2622,13,80198279501,63925526
80.2647,6,80147313193,117414840
80.2699,3,80216468743,53431302
80.2724,5,80158034423,114397628
80.2774,11,80223990755,53431302
80.285,14,80229016761,55945308
80.2875,8,80231539767,55945308
80.29,12,80173096447,116911634
80.295,15,80239052779,55945308
80.2975,4,80241575785,55945308
80.3,2,80244098791,55945308
80.305,1,80249144803,55889302
80.3076,10,80190701483,116855628
80.3104,13,80262205027,48164296
80.3129,6,80264728033,48164296
80.3183,3,80269900045,48423296
80.3209,5,80272432051,48423296
80.3234,0,80221467749,101910604
80.3259,11,80277422057,48479302
80.3285,14,80284962069,43516296
80.331,8,80287485075,43516296
80.336,7,80236529773,99461604
80.3385,15,80294998087,43516296
80.341,4,80297521093,43516296
80.3436,2,80300044099,43516296
80.3461,9,80246621797,99461604
80.3486,1,80305034105,43572302
80.3511,10,80307557111,43572302
80.3539,13,80310369323,43545302
80.3643,3,80318323341,46011674
80.3693,5,80320855347,48469674
80.3718,0,80323378353,48469674
80.3744,11,80325901359,48469674
80.3769,14,80328478365,48442674
80.3794,8,80331001371,48442674
80.382,12,80290008081,91958970
80.3845,7,80335991377,48498680
80.387,15,80338514383,48498680
80.3895,4,80341037389,48498680
80.3921,2,80343560395,48498680
80.3946,9,80346083401,48498680
80.4023,13,80353914625,48386668
80.4048,6,80312892329,91931970
80.4074,3,80364335015,43111290
80.41,5,80369325021,40662290
80.4125,0,80371848027,40662290
80.415,11,80374371033,40662290
80.4176,14,80376921039,40662290
80.4204,8,80379444045,40975290
80.4229,12,80381967051,40975290
80.4255,7,80384490057,40975290
80.428,15,80387013063,40975290
80.4305,4,80389536069,40975290
80.433,2,80392059075,40975290
80.4356,9,80394582081,40975290
80.4381,1,80348606407,89473970
80.4406,10,80351129413,89473970
80.4432,13,80402301293,40870096
80.4457,6,80404824299,40870096
80.4508,3,80407446305,43357102
80.4536,5,80409987311,43565308
80.4561,0,80412510317,43565308
80.4586,11,80415033323,43565308
80.464,14,80417583329,46392314
80.4665,8,80420419335,46079314
80.469,12,80422942341,46079314
80.4715,7,80425465347,46079314
80.4741,15,80427988353,46079314
80.4766,4,80430511359,46079314
80.4791,2,80433034365,46079314
80.4816,9,80435557371,46079314
80.4866,10,80440603383,46023308
80.4892,13,80443171389,46005308
80.4917,6,80445694395,46005308
80.4968,3,80450803407,46023308
80.4994,5,80453552619,45806102
80.5021,0,80456075625,46023308
80.5046,11,80458598631,46023308
80.5072,14,80463975643,43205302
80.5097,8,80466498649,43205302
80.5122,12,80469021655,43205302
80.5172,15,80474067667,43149296
80.5197,4,80476590673,43149296
80.5226,2,80479113679,43462296
80.5251,9,80481636685,43462296
80.5276,1,80438080377,89541610
80.5301,10,80486626691,43518302
80.5327,13,80489176697,43518302
80.5352,6,80491699703,43518302
80.5378,3,80496826715,41004296
80.5404,5,80499358721,41004296
80.5454,11,80504621939,40731084
80.5479,14,80507180945,40722084
80.5506,8,80509703951,40939290
80.5532,12,80512226957,40939290
80.5557,7,80471544661,84144592
80.5582,15,80517216963,40995296
80.5607,4,80519739969,40995296
80.5633,2,80522575975,40682296
80.5661,9,80525098981,40995296
80.5686,1,80527621987,40995296
80.5711,10,80530144993,40995296
80.5762,13,80532694999,43509302
80.5787,6,80535218005,43509302
80.5889,3,80537831011,51033320
80.5914,5,80540363017,51033320
80.5939,0,80502098933,91820410
80.5964,11,80545353023,51089326
80.6017,8,80550643241,51033320
80.6042,12,80553166247,51033320
80.6067,7,80555689253,51033320
80.6092,15,80558212259,51033320
80.6142,2,80563258271,50977314
80.6168,9,80566094277,50664314
80.6193,1,80568617283,50664314
80.6218,10,80571140289,50664314
80.6293,13,80576204301,53140314
80.6319,6,80578727307,53140314
80.637,3,80588864331,48148302
80.6395,5,80591396337,48148302
80.6445,11,80596442349,48092296
80.652,12,80604199567,47819084
80.6548,7,80606722573,48036290
80.6573,15,80609245579,48036290
80.6598,4,80560735265,99069610
80.6623,2,80614235585,48092296
80.6649,9,80616758591,48092296
80.6677,1,80619281597,48405296
80.6702,10,80621804603,48405296
80.6728,13,80629344615,43451290
80.6753,6,80631867621,43451290
80.6829,5,80639544639,43368284
80.6879,11,80644534645,43368284
80.6905,14,80547903029,142549906
80.693,8,80601676561,91299380
80.6955,12,80652018651,43480296
80.698,7,80654758863,43263090
80.7005,15,80657281869,43263090
80.7055,2,80662327881,43207084
80.7081,9,80664850887,43207084
80.7133,10,80670209899,43055284
80.7209,13,80672795905,48056296
80.7234,6,80675318911,48056296
80.7312,5,80682912923,48313296
80.7337,0,80593919343,139829882
80.7363,11,80687902929,48369302
80.7388,14,80690452935,48369302
80.7413,8,80692975941,48369302
80.7439,12,80695498947,48369302
80.7464,7,80698021953,48369302
80.7489,15,80700544959,48369302
80.7539,2,80705534965,48369302
80.7614,10,80713265183,48096090
80.7642,13,80720852201,43312284
80.7667,6,80723375207,43312284
80.7696,3,80637012633,132582864
80.7721,5,80731226219,40910284
80.7747,0,80733749225,40910284
80.7772,11,80736272231,40910284
80.7797,14,80738822237,40910284
80.7823,8,80741345243,40910284
80.7848,12,80743868249,40910284
80.7922,4,80659804875,132430664
80.7948,2,80753904267,40854278
80.7973,9,80708057971,89223580
80.7998,1,80667686893,132117664
80.8023,10,80761361273,40966290
80.8051,13,80764164485,40939290
80.8076,6,80766687491,40939290
80.8152,3,80769595497,45636302
80.8178,5,80772136503,45636302
80.8203,0,80774659509,45636302
80.8228,11,80777182515,45636302
80.8279,14,80779732521,48150308
80.8307,8,80782255527,48463308
80.8332,12,80784778533,48463308
80.8358,7,80746391255,89373592
80.8383,15,80748914261,89373592
80.8433,2,80794758545,48519314
80.8458,9,80797281551,48519314
80.8483,1,80799804557,48519314
80.8508,10,80802327563,48519314
80.8561,13,80805103775,51033320
80.8587,6,80807626781,51033320
80.8688,3,80815231799,53574326
80.8741,0,80820295811,53831320
80.8767,11,80822818817,53831320
80.8817,14,80827882829,53849320
80.8843,8,80830718835,53536320
80.8868,12,80833241841,53536320
80.8893,7,80835764847,53536320
80.8918,15,80838287853,53536320
80.8968,2,80843277859,53536320
80.8993,9,80845800865,53536320
80.9019,1,80848323871,53536320
80.9046,10,80850846877,53753526
80.9122,13,80856137095,56059326
80.9147,6,80858660101,56059326
80.9224,3,80868806125,53563320
80.9274,0,80874127131,53250320
80.9299,11,80876650137,53250320
80.9328,14,80881732149,51049314
80.9378,12,80886778161,50993308
80.9403,7,80889301167,50993308
80.9428,15,80891824173,50993308
80.9453,4,80792235539,153104948
80.9479,2,80896814179,51049314
80.9506,9,80899337185,51266520
80.9531,1,80901860191,51266520
80.9556,10,80904600403,51049314
80.9582,13,80912196421,46030302
80.9607,6,80914719427,46030302
80.9709,3,80922369445,48535308
80.9738,5,80817772805,155985954
80.9787,11,80929900457,48848308
80.9813,14,80932781463,48517308
80.9838,8,80884255155,99566622
80.9863,12,80937771469,48573314
80.9889,7,80940294475,48573314
80.9939,4,80945340487,48517308
80.9964,2,80947863493,48517308
80.9989,9,80950603705,48300102
81.0016,1,80953126711,48517308
81.0042,10,80955649717,48517308
81.0092,13,80958226723,50948308
81.0117,6,80960749729,50948308
81.0143,3,80970904753,43424290
81.0169,5,80973758759,43111290
81.0194,0,80927377451,92015604
81.0219,11,80978748765,43167296
81.0245,14,80981298771,43167296
81.027,8,80983821777,43167296
81.0295,12,80986344783,43167296
81.0348,15,80942817481,91997610
81.0373,4,80993857795,43480302
81.0399,2,80996380801,43480302
81.0424,9,80998903807,43480302
81.0449,1,81001644019,43263096
81.0474,10,81004167025,43263096
81.05,13,81009175031,40814096
81.0525,6,81011698037,40814096
81.0628,0,81019393055,43397296
81.0653,11,81021916061,43397296
81.0679,14,81024466067,43397296
81.0704,8,81026989073,43397296
81.0729,12,81029512079,43397296
81.0754,7,80988867789,86564592
81.0783,15,81034815091,43453296
81.0808,4,81037338097,43453296
81.0858,9,81042384109,43397290
81.0933,13,81049989127,43267278
81.0958,6,81052512133,43267278
81.0984,3,81014329043,84072374
81.1012,5,81016870049,84289580
81.1037,0,81062790351,40892284
81.1062,11,81065313357,40892284
81.1088,14,81067863363,40892284
81.1113,8,81070386369,40892284
81.1138,12,81072909375,40892284
81.1188,15,81078268387,40523278
81.1213,4,81080791393,40523278
81.1238,2,81039861103,83976574
81.1264,9,81085781399,40579284
81.1289,1,81044907115,83976574
81.1314,10,81047430121,83976574
81.1367,6,81095779411,40948296
81.1444,3,81098401417,45949308
81.1518,11,81106205641,45622090
81.1546,14,81108755647,45839296
81.1571,8,81111278653,45839296
81.1596,12,81113801659,45839296
81.1622,7,81075432381,86731580
81.1647,15,81118791665,45895302
81.1672,4,81121314671,45895302
81.1697,2,81123837677,45895302
81.1723,9,81126360683,45895302
81.1748,1,81128883689,45895302
81.1773,10,81131406695,45895302
81.1826,6,81136727707,45895296
81.1903,3,81144350725,45922296
81.1953,5,81101159629,94168404
81.1979,0,81103682635,94168404
81.2004,11,81151827731,48546314
81.2057,14,81154594943,51060320
81.2082,8,81157117949,51060320
81.2107,12,81159640955,51060320
81.2182,4,81167209973,50948308
81.2207,2,81169732979,50948308
81.2232,9,81172255985,50948308
81.2257,1,81174778991,50948308
81.2283,10,81177301997,50948308
81.2333,13,81093256405,140048912
81.2358,6,81182623003,53205320
81.2488,5,81195328033,53480314
81.2565,14,81205655263,50863296
81.259,8,81208178269,50863296
81.2616,12,81210701275,50863296
81.2641,7,81162163961,101923616
81.2666,15,81164686967,101923616
81.2716,2,81220681287,50919302
81.2741,9,81223204293,50919302
81.2766,1,81225727299,50919302
81.2792,10,81228250305,50919302
81.282,13,81233305317,48736296
81.2846,6,81235828323,48736296
81.2922,3,81190273021,101941616
81.2948,5,81248808347,45965296
81.2998,11,81200374045,99389604
81.3075,8,81259041565,48479302
81.31,12,81261564571,48479302
81.3126,7,81264087577,48479302
81.3151,15,81266610583,48479302
81.3176,4,81218158281,99454610
81.3201,2,81271600589,48535308
81.3227,9,81274123595,48535308
81.3252,1,81276646601,48535308
81.3277,10,81279169607,48535308
81.3302,13,81282041613,48204308
81.3328,6,81284564619,48204308
81.3379,3,81292214637,45690302
81.3405,5,81294773643,45681302
81.3433,0,81197851039,145439912
81.3458,11,81299763649,46050308
81.3536,8,81307520867,46050308
81.3561,12,81310043873,46050308
81.3586,7,81312566879,46050308
81.3611,15,81315089885,46050308
81.3637,4,81317612891,46050308
81.3662,2,81320135897,46050308
81.3687,9,81322658903,46050308
81.3712,1,81325181909,46050308
81.3762,13,81330245921,45994302
81.3788,6,81332768927,45994302
81.3967,0,81343290951,53406308
81.402,14,81256518559,145439912
81.4045,8,81353571175,50910302
81.407,12,81356094181,50910302
81.4095,7,81358617187,50910302
81.4121,15,81361140193,50910302
81.4146,4,81363663199,50910302
81.4171,2,81366186205,50910302
81.4196,9,81368709211,50910302
81.4246,10,81327704915,96904604
81.4296,6,81378763229,50854296
81.4348,3,81337904939,96866598
81.4398,5,81340454945,99380604
81.4424,0,81396697259,45661296
81.4452,11,81345813957,99380604
81.4478,14,81401958471,45804096
81.4503,8,81404481477,45804096
81.4577,15,81412050495,45692084
81.4603,4,81414573501,45692084
81.463,2,81417096507,45909290
81.4655,9,81419619513,45909290
81.4681,1,81371232217,96819592
81.4706,10,81424609519,45965296
81.4781,6,81429617525,48479302
81.486,3,81434771537,51261308
81.4961,5,81439835549,56307320
81.4987,0,81442358555,56307320
81.5012,11,81445194561,55994320
81.5065,14,81447762567,58707532
81.509,8,81450285573,58707532
81.514,7,81409527489,104455622
81.5165,15,81457742579,58763538
81.519,4,81460265585,58763538
81.5216,2,81463005797,58546332
81.5265,1,81468051809,58490326
81.5291,10,81470574815,58490326
81.5367,13,81376240223,160411936
81.5392,6,81478096827,61078338
81.5496,5,81496142869,53460308
81.5546,11,81501188881,53404302
81.5599,14,81506470099,53422302
81.5624,8,81508993105,53422302
81.5649,12,81407004483,157933930
81.5675,7,81513983111,53478308
81.57,15,81516506117,53478308
81.575,2,81521552129,53422302
81.5775,9,81465528803,111968634
81.58,1,81526542135,53478308
81.5875,13,81536652159,50861290
81.5929,3,81486032845,106837610
81.598,5,81549603177,48367290
81.6005,0,81498665875,101827598
81.6133,14,81559892401,53404302
81.6158,8,81562415407,53404302
81.6183,12,81564938413,53404302
81.6233,15,81569984425,53348296
81.6259,4,81519029123,106826604
81.6284,2,81574974431,53404302
81.6309,9,81577497437,53404302
81.6334,1,81580020443,53404302
81.6435,13,81587513449,55965314
81.6566,5,81597970467,58622526
81.6591,0,81600493473,58622526
81.6616,11,81554593183,107045822
81.6717,12,81618342715,53348302
81.6791,4,81625855727,53292296
81.6817,2,81628378733,53292296
81.6842,9,81630901739,53292296
81.6867,1,81633424745,53292296
81.6892,10,81529065141,160174906
81.6997,13,81643478763,56193308
81.7022,6,81539175165,163019912
81.715,5,81656592993,58421308
81.7175,0,81659115999,58421308
81.7201,11,81661639005,58421308
81.7276,14,81613296703,114350628
81.7302,8,81615819709,114350628
81.7327,12,81671691017,61002326
81.7352,7,81567461419,167754930
81.7377,15,81623332721,114406634
81.7427,2,81681671029,61058332
81.7453,9,81684194035,61058332
81.7505,10,81689240047,61219532
81.7534,13,81699672071,53695514
81.7559,6,81702195077,53695514
81.761,3,81592870455,168147148
81.7661,5,81715014301,51085314
81.7711,11,81720060313,51029308
81.7762,14,81727647331,48533302
81.7787,8,81730170337,48533302
81.7812,12,81732693343,48533302
81.7837,7,81735216349,48533302
81.7887,4,81679148023,109591634
81.7913,2,81742729361,48533302
81.7966,1,81686717041,109848628
81.7991,10,81750459579,48629096
81.8019,13,81753367585,48488302
81.8094,3,81761017603,48405296
81.822,0,81717537307,104462616
81.8245,11,81771089621,53433308
81.8271,14,81776180633,50910302
81.8296,8,81778703639,50910302
81.8321,12,81781226645,50910302
81.8371,15,81737739355,99387598
81.8396,4,81788739657,50910302
81.8471,1,81796565669,50541296
81.8496,10,81799088675,50541296
81.8552,13,81801855887,53377302
81.8578,6,81755890591,101865604
81.8679,3,81809422899,58461320
81.8729,5,81766099615,106837610
81.8755,0,81821999923,53460308
81.878,11,81824522929,53460308
81.8831,14,81827090935,55965314
81.8856,8,81829613941,55965314
81.8881,12,81832136947,55965314
81.8906,7,81783749651,106875616
81.8931,15,81837126953,56021320
81.9009,9,81745252367,155665912
81.9059,10,81849629971,56278314
81.9162,3,81867884219,48338284
81.9213,5,81872937225,48367290
81.9238,0,81875460231,48367290
81.9264,11,81877983237,48367290
81.9339,8,81885579255,48320284
81.9364,12,81888102261,48320284
81.9389,7,81890625267,48320284
81.9439,4,81839649959,104285598
81.9516,1,81847106965,104504804
81.9541,10,81905908285,48226490
81.957,2,81791262663,165726118
81.9595,13,81855233189,104278598
81.962,6,81857756195,104278598
81.9646,3,81916222503,48407296
81.9672,5,81921304515,45893290
81.9697,0,81923827521,45893290
81.9722,11,81926350527,45893290
81.9798,8,81933899539,45893290
81.9823,12,81936422545,45893290
81.9848,7,81938945551,45893290
81.9874,15,81893148273,94213574
81.9899,4,81943935557,45949296
81.9924,9,81900918279,91498580
81.9949,1,81951611769,43328096
81.9978,10,81954134775,43641096
82.0055,2,81956988781,48517308
82.008,13,81959511787,48535308
82.0106,6,81962034793,48535308
82.0131,3,81964629799,48508308
82.0182,0,81969720811,48434302
82.0207,11,81972243817,48434302
82.0258,14,81883056249,142703882
82.0308,12,81982315835,48434302
82.0333,7,81984838841,48434302
82.0358,15,81987361847,48434302
82.0383,4,81989884853,48434302
82.0408,9,81992416859,48425302
82.0434,1,81994939865,48425302
82.0459,10,81997775871,48112302
82.059,13,82008047095,50966308
82.0615,6,82010570101,50966308
82.0666,3,82013138107,53480314
82.0741,0,82018155113,55994320
82.0817,8,81979792829,101858610
82.0842,12,82030750137,53424308
82.0867,7,82033273143,53424308
82.0892,15,82035796149,53424308
82.0917,4,82038319155,53424308
82.0967,1,82043365167,53368302
82.0993,10,82045888173,53368302
82.1048,2,82005506089,99306598
82.1074,13,82059013403,48349290
82.1099,6,82061536409,48349290
82.1125,3,82066618421,45853284
82.115,5,81967197805,147832906
82.1176,0,82074149433,43404284
82.1201,11,82020678119,99398604
82.1226,14,82025760131,96875598
82.1252,8,82081651439,43507296
82.1277,12,82084174445,43507296
82.1302,7,82086697451,43507296
82.1327,15,82089220457,43507296
82.1353,4,82091743463,43507296
82.1378,9,82040842161,96931604
82.1403,1,82096733469,43563302
82.1428,10,82099256475,43563302
82.1454,2,82104812687,40575096
82.1479,13,82107362693,40557096
82.1507,6,82109885699,40774302
82.1558,3,82112471705,43279308
82.1611,5,82115030711,46088314
82.1661,11,82120076723,46032308
82.1687,14,82122635729,46032308
82.1712,8,82125158735,46032308
82.1737,12,82127681741,46032308
82.1762,7,82130204747,46032308
82.1812,4,82135250759,45976302
82.1862,1,82140296771,45920296
82.1912,2,82145387783,45837290
82.1938,13,82147919789,45837290
82.1963,6,82150660001,45620084
82.2016,3,82155751013,45855290
82.2095,5,82161119025,48378296
82.212,0,82117553717,94466610
82.2145,11,82166109031,48434302
82.2196,14,82168668037,50948308
82.2246,12,82173714049,50892302
82.2271,7,82176237055,50892302
82.2297,15,82132727753,96924610
82.2322,4,82181227061,50948308
82.2347,9,82137773765,96924610
82.2397,10,82142819777,96868604
82.2422,2,82191225073,51004314
82.2473,13,82193757079,53518320
82.2498,6,82196280085,53518320
82.2577,3,82201606303,56050326
82.2627,5,82209497321,53232320
82.2656,0,82212020327,53545320
82.2781,14,82219616345,58479320
82.2806,8,82171191043,109427628
82.2831,12,82224606351,58535326
82.2857,7,82227129357,58535326
82.2931,9,82234698375,58423314
82.2956,1,82186217067,109427628
82.2982,10,82239688381,58479320
82.3032,13,82247275399,55918308
82.306,6,82249798405,56231308
82.3164,3,82257656629,58763314
82.3214,0,82265565647,55862302
82.3315,14,82278095665,53375296
82.334,8,82280618671,53375296
82.3365,12,82283141677,53375296
82.339,7,82285664683,53375296
82.3416,15,82229652363,111910622
82.3441,4,82232175369,111910622
82.3466,9,82293121689,53487308
82.3491,1,82295644695,53487308
82.3519,10,82298167701,53704514
82.3544,2,82242229387,112183834
82.3569,13,82303193707,53751520
82.3595,6,82306029713,53438520
82.3646,3,82316419943,48193302
82.3699,0,82321427949,48488302
82.3724,11,82214543333,157895924
82.3775,14,82331470961,46077308
82.3825,12,82336516973,46021302
82.3851,7,82339039979,46021302
82.3876,15,82341562985,46021302
82.3901,4,82344085991,46021302
82.3926,9,82346608997,46021302
82.3952,1,82349132003,46021302
82.4004,2,82354413221,45965296
82.4029,13,82356945227,45965296
82.4054,6,82359468233,45965296
82.4084,3,82364613245,43737290
82.4109,5,82262729641,148143900
82.4159,11,82372439257,43424290
82.4184,14,82377548269,40892284
82.421,8,82333993967,86969592
82.4235,12,82382538275,40948290
82.426,7,82385061281,40948290
82.4285,15,82387584287,40948290
82.4311,4,82390107293,40948290
82.4336,9,82392630299,40948290
82.4361,1,82395153305,40948290
82.4386,10,82351872215,86752386
82.4412,2,82400378517,40805090
82.4462,13,82402910523,43319096
82.4488,6,82405433529,43319096
82.4566,3,82408350535,48233314
82.4591,5,82410873541,48233314
82.4616,0,82369916251,91713610
82.4642,11,82415863547,48289320
82.4721,14,82418440553,53621332
82.4771,12,82423486565,53565326
82.4796,7,82426009571,53565326
82.4821,15,82428532577,53565326
82.4846,4,82431055583,53565326
82.4871,9,82433578589,53565326
82.4897,1,82436101595,53565326
82.4922,10,82438624601,53565326
82.4972,2,82441183607,56061332
82.505,13,82446229619,58754538
82.5075,6,82448752625,58754538
82.5154,5,82459106855,56307320
82.5179,0,82461629861,56307320
82.5205,11,82464152867,56307320
82.5331,8,82420963559,112100652
82.5356,12,82477051891,58535326
82.5381,7,82479574897,58535326
82.5406,15,82482097903,58535326
82.5456,9,82487143915,58479320
82.5481,1,82489666921,58479320
82.5507,10,82492189927,58479320
82.5557,2,82497244939,58432314
82.561,13,82504984157,55992314
82.5635,6,82507507163,55992314
82.5714,3,82456583849,114795646
82.5739,5,82515414175,58488326
82.5764,0,82517937181,58488326
82.5789,11,82520460187,58488326
82.5915,14,82472061885,119443646
82.594,8,82533064211,60964326
82.5966,12,82535587217,60964326
82.5991,7,82538110223,60964326
82.6041,4,82484620909,119443646
82.6115,10,82550669247,60852314
82.6221,13,82560976471,61147314
82.6246,6,82563499477,61147314
82.6297,3,82571379495,58338302
82.6322,5,82573902501,58338302
82.6348,0,82576425507,58338302
82.6373,11,82578948513,58338302
82.6526,14,82591505531,61134520
82.6552,8,82594028537,61134520
82.6577,12,82596551543,61134520
82.6602,7,82599074549,61134520
82.6652,4,82604064555,61134520
82.6677,9,82545623235,122098846
82.6702,1,82548146241,122098846
82.6731,10,82611521561,61559532
82.6756,2,82555677253,119953846
82.6782,13,82622123785,56075320
82.6807,6,82624646791,56075320
82.6883,3,82629717797,58627332
82.6933,0,82634763809,58571326
82.6959,11,82637286815,58571326
82.7088,14,82652640051,56131326
82.7113,8,82655163057,56131326
82.7138,12,82657686063,56131326
82.7167,7,82660209069,56444326
82.7192,15,82540633229,178543172
82.7242,9,82667722081,56444326
82.7292,10,82673081093,56075320
82.7317,2,82675631099,56057320
82.7367,6,82680722111,55974314
82.7393,3,82688345129,50964302
82.7418,5,82632240803,109591634
82.7444,0,82693335135,51020308
82.7469,11,82695858141,51020308
82.7547,14,82708771377,45936290
82.7572,8,82711294383,45936290
82.7622,7,82716653395,45567284
82.7647,15,82719176401,45567284
82.7673,4,82665199075,102067616
82.7698,9,82724166407,45623290
82.7723,1,82670245087,102067616
82.7751,10,82729156413,45992296
82.7777,2,82731688419,45992296
82.7802,13,82678199105,102022616
82.7853,3,82739309431,45965296
82.7878,5,82741832437,45965296
82.7903,0,82744355443,45965296
82.7928,11,82746878449,45965296
82.7979,8,82757230673,40693078
82.8054,15,82764743685,40637072
82.8104,9,82769789697,40581066
82.8154,10,82775148709,40212060
82.8184,2,82777680715,40742266
82.821,13,82780221721,40742266
82.8235,6,82736696425,86790568
82.8261,3,82785274727,40798272
82.8286,5,82787797733,40798272
82.8336,11,82792843745,40742266
82.8362,14,82754707667,81446350
82.8387,8,82797923751,40753272
82.8412,12,82713817389,127382640
82.8437,7,82762220679,81502356
82.8462,15,82805380757,40865284
82.8488,4,82767266691,81502356
82.8513,9,82810370763,40921290
82.854,1,82772312703,81719562
82.8566,10,82815360769,41194502
82.8591,2,82818422981,40664296
82.8616,13,82820963987,40664296
82.8642,6,82823486993,40664296
82.8693,3,82826072999,43178302
82.8718,5,82828596005,43178302
82.8743,0,82790320739,83976574
82.8768,11,82833586011,43234308
82.8797,14,82836154017,43547308
82.8847,12,82841200029,43491302
82.8872,7,82843723035,43491302
82.8897,15,82846246041,43491302
82.8947,9,82851292053,43435296
82.8973,1,82854032265,43218090
82.8998,10,82856555271,43218090
82.9025,2,82859087277,43435296
82.9051,13,82861628283,43435296
82.9076,6,82864151289,43435296
82.9127,3,82869251301,43453296
82.9152,5,82871774307,43453296
82.9178,0,82874297313,43453296
82.9206,11,82876820319,43766296
82.9282,14,82879701325,48481308
82.9307,8,82838677023,92028616
82.9332,12,82884691331,48537314
82.9358,7,82887214337,48537314
82.9383,15,82889737343,48537314
82.9408,4,82848769047,92028616
82.9458,1,82897250355,48537314
82.9483,10,82899773361,48537314
82.9536,2,82902522573,51060320
82.9561,13,82905063579,51060320
82.9586,6,82907586585,51060320
82.9687,0,82917750609,50948308
82.9738,14,82928182633,45578290
82.9788,12,82933228645,45522284
82.9816,7,82935751651,45835284
82.9841,15,82938274657,45835284
82.9866,4,82940797663,45835284
82.9892,9,82894727349,94428604
82.9917,1,82945787669,45891290
82.9942,10,82948310675,45891290
82.9993,2,82953582893,45692084
83.0043,6,82958646905,45636078
83.0096,3,82912704597,96857598
83.0121,5,82915227603,96857598
83.0146,0,82968698917,45909290
83.0171,11,82920586615,96544598
83.0197,14,82973760923,45938296
83.0225,8,82930705639,91829586
83.0251,12,82978750929,46307302
83.0276,7,82981586935,45994302
83.0301,15,82984109941,45994302
83.0351,9,82989155953,45938296
83.0376,1,82991678959,45938296
83.0401,10,82994201965,45938296
83.0427,2,82999274977,43406290
83.0452,13,82956123899,89098374
83.0477,6,83004282983,43462296
83.0506,3,83009562195,41022296
83.0531,5,83012085201,41022296
83.0556,0,83014608207,41022296
83.0582,11,83017131213,41022296
83.0632,14,83019699219,43536302
83.0658,8,83022535225,43223302
83.0683,12,83025058231,43223302
83.0708,7,83027581237,43223302
83.0733,15,83030104243,43223302
83.0783,9,83035094249,43223302
83.0808,1,83037617255,43223302
83.0837,10,83040140261,43536302
83.0862,2,83042681267,43518302
83.0913,13,83045222273,46032308
83.1038,3,83050584491,53236108
83.1063,5,83053107497,53236108
83.1165,14,83063235521,53294296
83.1191,8,83065758527,53294296
83.1216,12,83068281533,53294296
83.1244,7,83070804539,53607296
83.1269,15,83073327545,53607296
83.1295,4,82986632947,142824900
83.132,9,83078317551,53663302
83.1345,1,83080840557,53663302
83.137,10,83083676563,53350302
83.1395,2,83086199569,53350302
83.1421,13,83091254581,50854296
83.1446,6,83047745279,96886604
83.1523,3,83103820599,48479302
83.155,5,83106343605,48696508
83.1576,0,83055630503,101932616
83.1626,14,83116529817,46086308
83.1651,8,83119052823,46086308
83.1677,12,83121575829,46086308
83.1702,7,83124411835,45773308
83.1752,4,83129457847,45717302
83.1777,9,83131980853,45717302
83.1827,10,83137026865,45661296
83.1855,2,83139549871,45974296
83.1905,6,83144631883,45909290
83.1982,3,83152299901,45891290
83.2007,5,83155040113,45674084
83.2035,0,83157563119,45891290
83.206,11,83058153509,147823906
83.2111,14,83162616125,48434302
83.2136,8,83165139131,48434302
83.2186,7,83170185143,48378296
83.2211,15,83126934841,94151604
83.2236,4,83175175149,48434302
83.2264,9,83177698155,48747302
83.229,1,83134503859,94464604
83.2315,10,83182688161,48803308
83.234,2,83185524167,48490308
83.2366,13,83142108877,94455604
83.2391,6,83190541173,48546314
83.2442,3,83198191191,46032308
83.2467,5,83200714197,46032308
83.2493,0,83203454409,45815102
83.257,14,83211050427,45994302
83.2596,8,83213573433,45994302
83.2621,12,83167662137,94428604
83.2671,15,83221086445,45994302
83.2696,4,83223609451,45994302
83.2721,9,83226445457,45681302
83.2746,1,83228968463,45681302
83.2772,10,83231491469,45681302
83.2822,13,83236564481,45625296
83.2847,6,83239087487,45625296
83.2876,3,83244223499,43406290
83.2902,5,83246746505,43406290
83.2927,0,83249269511,43406290
83.2952,11,83205977415,89221392
83.3005,14,83257044729,43462296
83.303,8,83259567735,43462296
83.3056,12,83262090741,43462296
83.3081,7,83218563439,89512604
83.3106,15,83267080747,43518302
83.3131,4,83269603753,43518302
83.3156,9,83272126759,43518302
83.3182,1,83274649765,43518302
83.3232,2,83234014475,89143598
83.3257,13,83282189777,43518302
83.3282,6,83284712783,43518302
83.3311,3,83287629789,43509302
83.3337,5,83290152795,43509302
83.3387,11,83295198807,43453296
83.3412,14,83300507025,40731084
83.3438,8,83303030031,40731084
83.3463,12,83305553037,40731084
83.3488,7,83308076043,40731084
83.3515,15,83310599049,40948290
83.3541,4,83313122055,40948290
83.3566,9,83315645061,40948290
83.3591,1,83318168067,40948290
83.3616,10,83277172771,84466592
83.3642,2,83323158073,41004296
83.3667,13,83325708079,41004296
83.3692,6,83328231085,41004296
83.3718,3,83331139091,40691296
83.3744,5,83333662097,40691296
83.3769,0,83292675801,84200598
83.3794,11,83338652103,40747302
83.3844,8,83343761115,40664296
83.3869,12,83346284121,40664296
83.3898,7,83348807127,40977296
83.3923,15,83351547339,40760090
83.3948,4,83354070345,40760090
83.3974,9,83356593351,40760090
83.3999,1,83359116357,40760090
83.4049,2,83364162369,40704084
83.4099,6,83369235381,40648078
83.4127,3,83371830387,40865284
83.4177,0,83376876399,40809278
83.4202,11,83379399405,40809278
83.4228,14,83341238109,81529580
83.4253,8,83384425411,40865284
83.4278,12,83386948417,40865284
83.4303,7,83389784423,40552284
83.4332,15,83392307429,40865284
83.4357,4,83394830435,40865284
83.4382,9,83397353441,40865284
83.4407,1,83399876447,40865284
83.4433,10,83361639363,81625374
83.4458,2,83404866453,40921290
83.4483,13,83366712375,81625374
83.4509,6,83409883459,40977296
83.4537,3,83412695671,40995296
83.4562,5,83374353393,81860580
83.4587,0,83417685677,41051302
83.4613,11,83420208683,41051302
83.4638,14,83422767689,41051302
83.4663,8,83425290695,41051302
83.4689,12,83427813701,41051302
83.4714,7,83430336707,41051302
83.4739,15,83433172713,40738302
83.4764,4,83435695719,40738302
83.479,9,83438218725,40738302
83.4815,1,83440741731,40738302
83.484,10,83443264737,40738302
83.4865,2,83445787743,40738302
83.4891,13,83448337749,40738302
83.4919,6,83450860755,41051302
83.497,3,83453690967,43330102
83.4995,5,83456213973,43330102
83.5023,0,83458736979,43547308
83.5048,11,83461259985,43547308
83.5099,14,83463818991,46061314
83.5124,8,83466341997,46061314
83.5149,12,83468865003,46061314
83.5174,7,83471388009,46061314
83.52,15,83473911015,46061314
83.5225,4,83476434021,46061314
83.525,9,83478957027,46061314
83.53,10,83484003039,46005308
83.5325,2,83486526045,46005308
83.5379,13,83489076051,48832314
83.5404,6,83491912057,48519314
83.5481,3,83497021069,51051320
83.5506,5,83499544075,51051320
83.5633,14,83509880305,53462314
83.5659,8,83512403311,53462314
83.5684,12,83514926317,53462314
83.5709,7,83517449323,53462314
83.5734,15,83519972329,53462314
83.576,4,83522495335,53462314
83.5785,9,83525018341,53462314
83.5835,10,83530008347,53462314
83.586,2,83532531353,53462314
83.5989,6,83540431371,58452320
83.6068,3,83548072389,58678526
83.6093,5,83550595395,58678526
83.6118,0,83502284287,109512640
83.6143,11,83504807293,109512640
83.6194,14,83563342619,56077326
83.6219,8,83565865625,56077326
83.6269,7,83570911637,56021320
83.6295,15,83573434643,56021320
83.6372,1,83481480033,155747942
83.6398,10,83583470661,56280320
83.6423,2,83585993667,56280320
83.6449,13,83537908365,106960628
83.6474,6,83598883691,48508308
83.6553,3,83606750915,48508308
83.6578,5,83609273921,48508308
83.6603,0,83611796927,48508308
83.6628,11,83614319933,48508308
83.6679,14,83619419945,48490308
83.6704,8,83621942951,48490308
83.6754,7,83626932957,48490308
83.6804,4,83575957649,104455622
83.6829,9,83578480655,104455622
83.6855,1,83637227975,48231308
83.688,10,83639750981,48231308
83.6905,2,83642273987,48231308
83.6931,13,83644868993,48195308
83.6956,6,83647391999,48195308
83.7012,3,83655259223,45947296
83.7037,5,83657782229,45947296
83.7063,0,83660305235,45947296
83.7088,11,83662828241,45947296
83.7138,8,83670433259,43377284
83.7163,12,83568388631,147944918
83.7189,7,83675423265,43433290
83.7214,15,83629455963,91923598
83.7239,4,83680413271,43489296
83.7264,9,83682936277,43489296
83.7289,1,83685459283,43489296
83.7315,10,83687982289,43489296
83.734,2,83690505295,43489296
83.7366,13,83693064301,43489296
83.7394,6,83695587307,43802296
83.742,3,83701206519,40787090
83.7445,5,83703729525,40787090
83.747,0,83706252531,40787090
83.7496,11,83708775537,40787090
83.7549,14,83667910253,86942592
83.7598,12,83716333549,43509302
83.7624,7,83718856555,43509302
83.7649,15,83721379561,43509302
83.7723,1,83728948579,43397290
83.7749,10,83731471585,43397290
83.7774,2,83733994591,43397290
83.78,13,83736553597,43397290
83.7825,6,83739389603,43084290
83.7876,3,83741993609,45580296
83.7901,5,83744516615,45580296
83.7926,0,83747039621,45580296
83.7951,11,83749562627,45580296
83.7977,14,83754852845,42876084
83.8055,7,83762365857,43133078
83.808,15,83764888863,43133078
83.8108,4,83723902567,86859586
83.8133,9,83726425573,86859586
83.8158,1,83772345869,43462296
83.8183,10,83774868875,43462296
83.8209,2,83777391881,43462296
83.8234,13,83779950887,43462296
83.8259,6,83782473893,43462296
83.8336,3,83787573905,45994302
83.8361,5,83790096911,45994302
83.8386,0,83792619917,45994302
83.8415,11,83795142923,46307302
83.8465,8,83713810543,132665688
83.849,12,83759842851,89156386
83.8567,4,83810762153,45911296
83.8592,9,83813285159,45911296
83.8617,1,83815808165,45911296
83.8642,10,83818331171,45911296
83.8668,2,83820854177,45911296
83.8718,13,83823413183,48425302
83.8845,3,83833568207,50892302
83.887,5,83836091213,50892302
83.8895,0,83838614219,50892302
83.892,11,83841450225,50579302
83.8971,14,83797728929,99373610
83.9076,15,83808021941,99536816
83.9125,9,83859196455,53352308
83.9151,1,83861719461,53352308
83.9176,10,83864242467,53352308
83.9201,2,83866765473,53352308
83.9252,13,83871838485,53370308
83.9277,6,83825936189,101795610
83.9354,3,83884460509,50921308
83.9404,0,83889506521,50865302
83.9479,14,83897102539,50827296
83.9554,7,83805498935,149887906
83.9581,15,83907558757,50568296
83.9607,4,83856673449,103976610
83.9632,9,83912548763,50624302
83.9682,10,83917594775,50568296
83.9707,2,83920117781,50568296
83.9758,13,83925208793,50568296
83.9783,6,83927731799,50568296
83.9859,3,83935381817,50550296
83.9885,5,83886983515,101471604
83.991,0,83940371823,50606302
83.9935,11,83892029527,101471604
84.0013,14,83947929835,53393520
84.0042,8,83846476231,157683130
84.0067,12,83848999237,157683130
84.0117,15,83958127053,53545320
84.0142,4,83960650059,53545320
84.0167,9,83963173065,53545320
84.0217,10,83968163071,53545320
84.0242,2,83970686077,53545320
84.0293,13,83975777089,53545320
84.0369,3,83985932113,50975308
84.0419,0,83990978125,50919302
84.0444,11,83993501131,50919302
84.0573,14,84001323355,56014102
84.065,7,83955386841,109624828
84.0675,15,84011672373,55862302
84.0701,4,84014195379,55862302
84.0726,9,84016718385,55862302
84.0751,1,83915071769,160031924
84.0776,10,84021708391,55918308
84.0801,2,84024231397,55918308
84.0878,13,84029322409,58432314
84.0903,6,83978300095,111977634
84.1006,3,84036907421,63724538
84.1032,5,83988455119,114699846
84.1057,0,84041897427,63780544
84.1085,11,84044420433,64093544
84.1211,8,84004159361,116920634
84.1236,12,84006682367,116920634
84.1261,7,84065011669,61114338
84.1286,15,84067534675,61114338
84.1336,9,84072580687,61058332
84.1386,10,84077626699,61002326
84.1412,2,84080149705,61002326
84.1437,13,84087754723,55992314
84.1463,6,84090277729,55992314
84.1619,5,84103154965,58790314
84.1645,0,84105677971,58790314
84.167,11,84108513977,58477314
84.1746,14,84057337457,117276852
84.1796,12,84123603001,56001314
84.1821,7,84126126007,56001314
84.1847,15,84128649013,56001314
84.1921,1,84075103693,117005640
84.1946,10,84138629025,56003314
84.1972,2,84141152031,56003314
84.2047,6,84146270043,58434314
84.2154,3,84100631959,114784628
84.2204,0,84164468285,55938308
84.2229,11,84166991291,55938308
84.228,14,84174614309,53406302
84.2305,8,84121079995,109463622
84.2331,12,84179604315,53462308
84.2356,7,84182127321,53462308
84.2381,15,84184650327,53462308
84.2406,4,84070057681,170577960
84.2432,9,84133639019,109519628
84.2457,1,84192109333,53572320
84.2482,10,84194632339,53572320
84.2513,2,84197155345,54102526
84.2639,6,84204704357,59148538
84.2765,3,84215416587,61132338
84.2791,5,84161945279,117126652
84.289,8,84230543617,58488320
84.2916,12,84233066623,58488320
84.2941,7,84235589629,58488320
84.2991,4,84240635641,58432314
84.3092,2,84251257871,57951296
84.3172,13,84143747037,173416148
84.3197,6,84263852895,55833296
84.3323,3,84276548925,55779290
84.3349,5,84279071931,55779290
84.3398,11,84222929599,116911628
84.3474,14,84228020611,119342628
84.3499,8,84289031937,60854308
84.3552,7,84294077949,61111308
84.3602,4,84299067955,61111308
84.3627,9,84243158647,119543622
84.3652,1,84245681653,119543622
84.378,13,84317163185,60836314
84.3805,6,84319686191,60836314
84.3932,3,84332328215,60834314
84.3957,5,84334851221,60834314
84.3982,0,84220406593,177801948
84.4009,11,84339841227,61107526
84.4086,14,84347363239,61190532
84.4111,8,84349886245,61190532
84.4164,7,84355189257,61190526
84.4189,15,84238112635,180790154
84.4214,4,84360179263,61246532
84.4239,9,84362702269,61246532
84.4289,10,84248204659,180734148
84.4315,2,84309209167,122252646
84.4366,13,84377999499,58571326
84.4391,6,84380522505,58571326
84.4596,0,84398208541,61342332
84.4621,11,84400948753,61125126
84.4698,8,84411076777,58772320
84.4748,7,84416379783,58459320
84.4774,15,84418902789,58459320
84.4799,4,84421425795,58459320
84.4849,1,84365225275,119649846
84.4924,12,84291554943,200804184
84.4949,13,84436570825,58338308
84.4974,6,84439093831,58338308
84.5128,3,84393162529,119649846
84.5181,0,84459550873,58564514
84.5206,11,84462073879,58564514
84.5257,14,84408553771,117119628
84.5282,8,84469849097,58347308
84.5307,7,84474839103,55889308
84.5333,15,84477362109,55889308
84.5358,4,84479885115,55889308
84.5408,1,84484875121,55889308
84.5433,10,84428938807,114348628
84.5458,2,84431461813,114348628
84.5484,12,84492359127,56001320
84.5511,13,84494909133,56218526
84.5641,3,84512812375,51286308
84.5691,0,84518115387,50973302
84.5766,5,84395685535,180943166
84.5792,14,84525673399,53478308
84.5841,15,84533251417,50890296
84.5867,4,84535774423,50890296
84.5892,9,84423948801,165238924
84.5917,1,84540764429,50946302
84.5942,10,84543287435,50946302
84.602,12,84548360447,53621508
84.6045,13,84551127659,53422302
84.6071,6,84497432139,109640828
84.6201,3,84564098683,55965314
84.6251,11,84520638393,104424610
84.6301,5,84576628701,53507314
84.6401,4,84586664719,53395302
84.6426,9,84589187725,53395302
84.6451,1,84591710731,53395302
84.6528,12,84601981955,50834290
84.6579,13,84604549961,53339296
84.6607,6,84607072967,53652296
84.6708,3,84620063997,50778284
84.6734,0,84569088689,104276598
84.6759,11,84625063003,50825290
84.6784,5,84630136015,48311284
84.6933,10,84594233737,99084568
84.6983,8,84528196405,170120906
84.706,2,84545810441,160210082
84.7086,13,84657889257,50672272
84.7111,6,84660725263,50359272
84.7187,3,84670842281,47892272
84.7216,0,84673365287,48205272
84.7266,5,84678447299,48131266
84.7291,15,84584141713,144968858
84.7366,1,84645106033,91463544
84.7391,10,84693318305,45774278
84.7441,8,84698317311,45783278
84.7466,14,84579151707,167471888
84.7492,12,84652816245,96339356
84.7591,6,84711084535,48040072
84.7648,3,84718734553,46038272
84.7673,0,84721570559,45725272
84.7723,5,84726578565,45725272
84.7748,15,84729110571,45716272
84.7773,4,84640060021,137289828
84.7823,1,84736569577,45770278
84.7849,10,84739092583,45770278
84.7899,8,84744100589,45770278
84.7924,14,84746623595,45779278
84.7949,12,84749155601,45770278
84.8073,13,84708561529,98782356
84.8126,3,84764772825,47859272
84.8201,11,84675888293,144211810
84.8226,5,84772303837,50319272
84.8255,15,84774826843,50632272
84.828,4,84777349849,50632272
84.8305,1,84782339855,48174272
84.833,10,84784862861,48174272
84.8381,8,84789870867,48230278
84.8406,14,84792402873,48230278
84.8432,12,84794925879,48230278
84.8457,7,84530728411,314950752
84.8482,2,84706020523,142181646
84.851,9,84642583027,208413354
84.856,13,84807343885,48698508
84.8586,6,84759124607,99440792
84.8636,0,84767295831,96313574
84.8665,11,84820100103,46363308
84.869,5,84822623109,46372308
84.8715,15,84825459115,46059308
84.874,4,84827982121,46059308
84.8766,1,84830514127,46050308
84.8791,10,84833037133,46050308
84.8816,8,84838101145,43536302
84.8842,14,84840633151,43536302
84.8867,12,84843156157,43536302
84.8917,2,84848202169,43480296
84.8942,9,84850996381,43236090
84.8968,13,84856042393,40758084
84.8993,6,84858565399,40758084
84.9068,3,84812632097,94184392
84.9093,0,84863609405,45730090
84.9121,11,84866463411,45625296
84.9146,5,84868995417,45625296
84.9171,15,84871518423,45625296
84.9197,4,84874041429,45625296
84.9222,1,84876564435,45625296
84.9247,10,84879087441,45625296
84.9276,8,84881637447,45920296
84.9301,14,84884169453,45920296
84.9326,12,84886692459,45920296
84.9351,7,84845679163,89456598
84.9377,2,84891682465,45976302
84.9402,9,84894232471,45967302
84.9427,13,84896800477,45949302
84.9453,6,84899323483,45949302
84.9479,3,84906816489,41060302
84.9504,0,84909339495,41060302
84.9531,11,84912088707,41060302
84.9557,5,84914620713,41060302
84.9582,15,84917143719,41060302
84.9607,4,84919666725,41060302
84.9633,1,84922189731,41060302
84.9658,10,84924712737,41060302
84.9686,8,84927557743,41060302
84.9712,14,84930089749,41060302
84.9761,7,84935135761,41004296
84.9787,2,84937658767,41004296
84.9812,9,84940199773,41004296
84.9838,13,84942749779,41004296
84.9863,6,84945272785,41004296
84.9889,3,84947876791,40977296
84.9914,0,84950399797,40977296
84.9939,11,84953149009,40760090
84.9964,5,84955681015,40760090
84.999,15,84958204021,40760090
85.0015,4,84960727027,40760090
85.0065,10,84965773039,40704084
85.0092,8,84968618045,40608290
85.0118,14,84971150051,40608290
85.0143,12,84932612755,81668592
85.0168,7,84976140057,40664296
85.0193,2,84978663063,40664296
85.0219,9,84981204069,40664296
85.0244,13,84983754075,40664296
85.0269,6,84986277081,40664296
85.0298,3,84988854087,40977296
85.0324,0,84991377093,40977296
85.0349,11,84993909099,40977296
85.0374,5,84996441105,40977296
85.0399,15,84998964111,40977296
85.0425,4,85001487117,40977296
85.045,1,84963250033,81737386
85.0475,10,85006477123,41033302
85.0503,8,85009226335,41033302
85.0528,14,85011758341,41033302
85.0553,12,85014281347,41033302
85.0578,7,85016804353,41033302
85.0604,2,85019327359,41033302
85.0629,9,85021868365,41033302
85.0655,13,85024418371,41033302
85.068,6,85026941377,41033302
85.0709,3,85029831383,41033302
85.0734,0,85032354389,41033302
85.0759,11,85034886395,41033302
85.0785,5,85037418401,41033302
85.081,15,85039941407,41033302
85.0835,4,85042464413,41033302
85.086,1,85044987419,41033302
85.0885,10,85047510425,41033302
85.0911,8,85050259637,40816096
85.0936,14,85052791643,40816096
85.0986,7,85057837655,40760090
85.1038,9,85062901667,40921290
85.1064,13,85065451673,40921290
85.1089,6,85067974679,40921290
85.1115,3,85070864685,40608290
85.114,0,85073387691,40608290
85.119,11,85075919697,43122296
85.1216,5,85078451703,43122296
85.1241,15,85080974709,43122296
85.1291,1,85086020721,43066290
85.1319,10,85088543727,43379290
85.1345,8,85091075733,43379290
85.137,14,85093607739,43379290
85.142,7,85098597745,43379290
85.1445,2,85060360661,84139380
85.1471,9,85103822957,43236090
85.1496,13,85106372963,43236090
85.1521,6,85108895969,43236090
85.1549,3,85111472975,43453296
85.1574,0,85113995981,43453296
85.16,11,85119041993,40948290
85.1625,5,85121573999,40948290
85.165,15,85124097005,40948290
85.1676,4,85083497715,84070586
85.1701,1,85129087011,41004296
85.1729,10,85131923017,41004296
85.178,8,85134455023,43518302
85.183,12,85055314649,127657682
85.1855,7,85141977035,43518302
85.188,2,85144500041,43518302
85.1906,9,85147059047,43509302
85.1931,13,85149609053,43509302
85.1956,6,85152132059,43509302
85.201,3,85154926271,46032308
85.2035,0,85157449277,46032308
85.2085,11,85159990283,48537314
85.2111,5,85162522289,48537314
85.2136,15,85165045295,48537314
85.2161,4,85167568301,48537314
85.2186,1,85170091307,48537314
85.2212,10,85172927313,48224314
85.2262,8,85177973325,48233314
85.2287,14,85136987029,91751616
85.234,7,85185495337,48546320
85.2416,9,85190568349,51004320
85.2441,13,85193118355,51004320
85.2466,6,85195641361,51004320
85.2545,3,85200958579,53536326
85.257,0,85203481585,53536326
85.262,5,85211059603,50975314
85.2646,15,85213582609,50975314
85.2671,4,85216105615,50975314
85.2696,1,85218628621,50975314
85.2721,10,85221151627,50975314
85.2775,8,85226206639,51288314
85.2825,12,85182972331,99521628
85.285,7,85234041657,50975308
85.2875,2,85188018343,99521628
85.2951,13,85244122675,50993308
85.2976,6,85246645681,50993308
85.3105,3,85254494905,56030320
85.313,0,85257017911,56030320
85.3156,11,85208527597,107052640
85.3181,5,85262034917,56077326
85.3206,15,85264557923,56077326
85.3232,4,85267080929,56077326
85.3257,1,85269603935,56077326
85.3282,10,85272126941,56077326
85.3332,14,85228738645,104482628
85.3361,12,85282493959,53563320
85.3386,7,85285016965,53563320
85.3436,9,85241572669,102042622
85.3462,13,85295115983,51049314
85.3487,6,85297638989,51049314
85.354,3,85310525225,43516296
85.359,11,85315580237,43460290
85.3616,5,85318112243,43460290
85.3641,15,85320635249,43460290
85.3666,4,85323158255,43460290
85.3716,10,85328204267,43404284
85.3741,8,85277494953,96645604
85.377,14,85333221273,43764290
85.3795,12,85336057279,43451290
85.382,7,85338580285,43451290
85.3846,2,85287539971,97014610
85.3871,9,85343615291,43489296
85.3897,13,85346165297,43489296
85.3922,6,85348688303,43489296
85.3973,3,85354041521,43236090
85.3998,0,85313048231,86752386
85.4025,11,85359040527,43509302
85.4051,5,85361572533,43509302
85.4076,15,85364095539,43509302
85.4101,4,85366618545,43509302
85.4151,10,85371608551,43509302
85.4176,8,85374140557,43509302
85.4227,14,85376985563,45710308
85.4277,7,85382031575,45654302
85.4302,2,85384554581,45654302
85.4328,9,85387104587,45654302
85.4431,3,85397277611,45855296
85.4457,0,85399800617,45855296
85.4509,5,85405081835,45808290
85.4534,15,85407604841,45808290
85.4559,4,85410127847,45808290
85.4585,1,85325681261,132777882
85.4635,8,85417649859,45808290
85.466,14,85422695871,43312284
85.4685,12,85379508569,89022592
85.4711,7,85427685877,43368290
85.4736,2,85430208883,43368290
85.4761,9,85432758889,43368290
85.4787,13,85389654593,89022592
85.4815,6,85392177599,89335592
85.4866,3,85443132907,43480296
85.4891,0,85445655913,43480296
85.4917,11,85402549829,89109386
85.4967,5,85450890125,45833102
85.4992,15,85453413131,45833102
85.5018,4,85455936137,45833102
85.5068,10,85415117853,91641392
85.5144,14,85466008155,48434302
85.5194,7,85471054167,48378296
85.522,2,85473577173,48378296
85.527,13,85478677185,48322290
85.5295,6,85481513191,48009290
85.5321,3,85486613203,45495284
85.5346,0,85489136209,45495284
85.5372,11,85491659215,45495284
85.54,5,85496723227,43294278
85.5425,15,85499246233,43294278
85.5451,4,85501769239,43294278
85.5476,1,85458459143,89127380
85.5501,10,85506759245,43350284
85.5529,8,85463458149,89400592
85.5554,14,85514442457,40966290
85.5579,12,85468531161,89400592
85.5605,7,85519432463,41022296
85.563,2,85521955469,41022296
85.5655,9,85476127179,89400592
85.5681,13,85526999475,41078302
85.5706,6,85529522481,41078302
85.5732,3,85532108487,41060302
85.5757,0,85534631493,41060302
85.5782,11,85537154499,41060302
85.5808,5,85540017505,40738302
85.5836,15,85542540511,41051302
85.5861,4,85545063517,41051302
85.5886,1,85547586523,41051302
85.5912,10,85550109529,41051302
85.5937,8,85552858741,40843096
85.6013,14,85555408747,45862108
85.604,12,85557931753,46079314
85.6065,7,85560454759,46079314
85.6091,2,85562977765,46079314
85.6141,9,85565527771,48593320
85.6167,13,85568077777,48593320
85.6192,6,85570600783,48593320
85.6242,0,85575691795,48537314
85.6268,11,85578214801,48537314
85.6293,5,85580755807,48537314
85.6318,15,85583591813,48224314
85.6343,4,85586114819,48224314
85.6393,10,85591160831,48168308
85.6419,8,85593701837,48150308
85.6447,14,85601270855,43462296
85.6473,12,85604011067,43245090
85.6498,7,85606534073,43245090
85.6575,9,85614121091,43424290
85.6601,13,85616671097,43424290
85.6626,6,85619194103,43424290
85.6701,11,85626752115,43368284
85.6727,5,85629293121,43368284
85.6752,15,85631816127,43368284
85.6777,4,85634339133,43368284
85.6802,1,85588637825,91592598
85.6828,10,85639329139,43424290
85.6856,8,85641852145,43737290
85.6881,14,85644733151,43397290
85.6931,7,85649779163,43341284
85.6956,2,85609057079,86586374
85.6982,9,85657545381,40675078
85.701,13,85660095387,40892284
85.7035,6,85662618393,40892284
85.7061,3,85573168789,132909894
85.7086,0,85624229109,84372580
85.7111,11,85670120399,41004296
85.7137,5,85672661405,41004296
85.7162,15,85675184411,41004296
85.7187,4,85677707417,41004296
85.7237,10,85682753429,40948290
85.7262,8,85685589435,40635290
85.7288,14,85688130441,40635290
85.7313,12,85647256157,84032580
85.7338,7,85693120447,40691296
85.7363,2,85695643453,40691296
85.7389,9,85698220459,40664296
85.744,13,85700987671,42979096
85.7493,3,85706078683,43236090
85.7518,0,85708601689,43236090
85.7571,5,85713665701,43397290
85.7596,15,85716188707,43397290
85.7621,4,85718711713,43397290
85.7646,1,85680230423,84401586
85.7672,10,85723701719,43453296
85.7697,8,85726224725,43453296
85.7722,14,85728765731,43453296
85.7747,12,85731288737,43453296
85.7773,7,85733811743,43453296
85.7798,2,85736334749,43453296
85.7823,9,85738884755,43453296
85.7877,13,85743966767,43766296
85.7903,6,85703510677,86745392
85.7928,3,85749314773,43509302
85.7953,0,85751837779,43509302
85.7979,11,85711124695,86745392
85.8056,15,85759585997,46023308
85.8081,4,85762109003,46023308
85.8107,1,85764632009,46023308
85.8132,10,85767155015,46023308
85.8157,8,85769678021,46023308
85.8182,14,85772219027,46023308
85.8208,12,85774742033,46023308
85.8233,7,85777265039,46023308
85.8258,2,85779788045,46023308
85.8284,9,85782338051,46023308
85.8334,13,85787733063,45710308
85.836,6,85790256069,45710308
85.841,3,85792824075,48224314
85.8436,0,85795347081,48224314
85.8461,11,85797870087,48224314
85.8514,15,85805609305,45815102
85.8542,4,85808132311,46032308
85.8592,10,85813178323,45976302
85.8617,8,85815701329,45976302
85.8642,14,85818242335,45976302
85.8667,12,85820765341,45976302
85.8693,7,85823288347,45976302
85.8718,2,85825811353,45976302
85.8743,9,85828361359,45976302
85.8819,13,85833443371,48490308
85.8845,6,85835966377,48490308
85.8949,0,85843571395,51279308
85.8974,11,85846094401,51279308
85.9024,15,85851424407,50948308
85.9076,1,85810655317,96924610
85.9101,10,85859154625,50948308
85.9151,14,85864218637,50892302
85.9201,7,85869264649,50836296
85.9226,2,85871787655,50836296
85.9251,5,85757062991,168083966
85.9277,9,85874337661,53350302
85.9327,6,85884456685,48284284
85.9378,3,85841048389,96801592
85.9404,0,85894850703,45522284
85.9429,11,85897373709,45522284
85.9454,15,85902372715,43064284
85.948,4,85854164619,93795386
85.9533,10,85910102933,43160078
85.956,8,85861677631,94325592
85.961,12,85866741643,94269586
85.9635,7,85920100945,43433290
85.9661,2,85922623951,43433290
85.9686,5,85925146957,43433290
85.9711,9,85927687963,43451290
85.9737,13,85881933679,91764580
85.9762,6,85932740969,43480296
85.9813,3,85937849981,43462296
85.9838,0,85940372987,43462296
85.9864,11,85942895993,43462296
85.9917,15,85945436999,46280302
85.9942,4,85947960005,46280302
85.9968,1,85907579927,89183386
85.9993,10,85953263011,46023308
86.0045,14,85915110939,89400592
86.007,12,85961011229,46023308
86.0096,7,85963534235,46023308
86.0121,2,85966057241,46023308
86.0146,5,85968580247,46023308
86.0197,9,85971139253,48537314
86.0247,13,85973698259,51051320
86.0273,6,85976221265,51051320
86.0324,3,85981312277,51051320
86.0374,11,85986358289,50995314
86.0399,15,85991717301,48177308
86.0424,4,85994240307,48177308
86.0449,1,85996763313,48177308
86.0475,10,85999286319,48177308
86.05,8,85956003223,93983410
86.0556,14,86004511531,51060320
86.0581,12,86007034537,51060320
86.0606,7,86009557543,51060320
86.0631,2,86012080549,51060320
86.0657,5,86014603555,51060320
86.0733,9,86019676567,53592326
86.0784,13,86024749579,53601326
86.0884,3,86032363597,56059326
86.0909,0,85983835283,107110646
86.0938,11,86037353603,56428332
86.0963,15,86039894609,56419332
86.0988,4,86042417615,56419332
86.104,10,86047463627,56580532
86.1066,8,86049986633,56580532
86.1091,14,86055571851,53545320
86.1141,7,86060617863,53489314
86.1166,2,86063140869,53489314
86.1192,5,86065663875,53489314
86.1217,9,86073268893,48479302
86.1243,13,86078350905,45965296
86.1268,6,86027272585,99566622
86.1319,3,86088422923,43516296
86.1345,0,86090945929,43516296
86.137,11,86093781935,43203296
86.1395,15,86096313941,43203296
86.142,4,86098836947,43203296
86.1446,1,86044940621,99622628
86.1496,8,86106567165,42986090
86.1523,14,86109117171,43194296
86.1551,12,86058094857,97052616
86.1577,7,86114107177,43563302
86.1602,2,86116630183,43563302
86.1627,5,86119153189,43563302
86.1678,9,86121748195,46050308
86.1728,6,86126839207,45976302
86.1779,3,86131939219,45967302
86.1804,0,86134462225,45967302
86.183,11,86136985231,45967302
86.188,4,86142040243,45911296
86.1905,1,86144563249,45911296
86.193,10,86104044159,88953392
86.1955,8,86149553255,45967302
86.1984,14,86152311467,46072096
86.2011,12,86155147473,45976302
86.2036,7,86157670479,45976302
86.2086,5,86162716491,45920296
86.2188,9,86167798503,50966308
86.2238,13,86124316201,99512622
86.2264,6,86172815509,53536320
86.2339,3,86177906521,55994320
86.2364,0,86180429527,55994320
86.2389,11,86182952533,55994320
86.2439,4,86187951539,55994320
86.2465,1,86190474545,55994320
86.249,10,86192997551,55994320
86.2517,8,86195520557,56211526
86.2543,14,86198383563,55880526
86.2571,12,86201123775,55976320
86.2596,7,86203646781,55976320
86.2621,2,86160193485,101952622
86.2647,5,86208636787,56032326
86.2698,9,86218764811,51031314
86.2749,13,86223828823,51049314
86.2774,6,86226351829,51049314
86.2825,3,86233900841,48600314
86.285,0,86236423847,48600314
86.2875,11,86238946853,48600314
86.2925,4,86243945859,48600314
86.2951,1,86246468865,48600314
86.3006,8,86251732083,48857314
86.308,12,86257100095,50948308
86.3106,7,86259623101,50948308
86.3131,2,86262146107,50948308
86.3181,15,86139517237,178567184
86.3257,9,86269796125,55893314
86.3308,13,86274878137,55893314
86.3333,6,86277401143,55893314
86.3359,3,86282501155,53370308
86.3384,0,86285024161,53370308
86.3409,11,86287547167,53370308
86.346,4,86292546173,53426314
86.3485,1,86295069179,53426314
86.3537,8,86300589397,53113308
86.3562,14,86254264089,101979622
86.3591,12,86308048403,51031314
86.3616,7,86310571409,51031314
86.3641,2,86313094415,51031314
86.3742,9,86325689439,48544308
86.3793,13,86330771451,48544308
86.3818,6,86333294457,48544308
86.3894,3,86335871463,53563320
86.392,0,86338394469,53563320
86.3945,11,86340917475,53563320
86.397,4,86345972487,51049314
86.3995,1,86348495493,51049314
86.4024,10,86248991871,153388942
86.4051,8,86353702705,51418320
86.4101,12,86359079717,51031314
86.4126,7,86361602723,51031314
86.4176,5,86264669113,152954930
86.4278,9,86374233747,53536320
86.4303,13,86379315759,51022314
86.4329,6,86381838765,51022314
86.443,0,86391957789,50993308
86.4455,11,86394480795,50993308
86.448,4,86397021801,50975308
86.4532,10,86402380813,50823508
86.4557,8,86405121025,50606302
86.4583,14,86356243711,102006622
86.4608,12,86410111031,50662308
86.4661,2,86364125729,101950616
86.4711,15,86318084421,152981930
86.4737,9,86427770067,45909290
86.4762,13,86430338073,45891290
86.4788,6,86432861079,45891290
86.4863,0,86442951097,43377284
86.4889,11,86445474103,43377284
86.4914,4,86447997109,43377284
86.4939,1,86399544807,94352592
86.4964,10,86453204321,43216084
86.4989,8,86455727327,43216084
86.5017,14,86458250333,43433290
86.5045,12,86460773339,43746290
86.507,7,86412634037,94408598
86.5096,2,86466076345,43489296
86.5171,9,86473679357,43462296
86.5222,13,86476229363,45976302
86.5247,6,86478752369,45976302
86.5298,3,86389434783,140393900
86.5324,0,86486328381,46023308
86.5349,11,86488851387,46023308
86.5374,4,86491374393,46023308
86.5399,1,86493897399,46023308
86.5424,10,86496420405,46023308
86.5474,14,86501683623,45750096
86.55,12,86504519629,45437096
86.5552,2,86509565641,45598296
86.5577,5,86417624043,140062900
86.5603,9,86517141653,43140296
86.5628,13,86522205665,40635290
86.5657,6,86524728671,40948290
86.5683,3,86529828683,38434284
86.5708,0,86532351689,38434284
86.5733,11,86534874695,38434284
86.5783,1,86539920707,38378278
86.5808,10,86542443713,38378278
86.5858,14,86547433719,38378278
86.5883,12,86549956725,38378278
86.5909,7,86507042635,83815374
86.5934,2,86555163937,38217078
86.6009,15,86471066351,129863676
86.6037,9,86560281949,43397290
86.6065,13,86562840955,43692290
86.6091,6,86565676961,43379290
86.6141,3,86568262967,45884296
86.6167,0,86570785973,45884296
86.6192,11,86573308979,45884296
86.6217,4,86537397701,84318580
86.6242,1,86578298985,45940302
86.6268,10,86580821991,45940302
86.6293,8,86498943411,130341888
86.6318,14,86585811997,45996308
86.6343,12,86588335003,45996308
86.6393,2,86593381015,45940302
86.6418,5,86557686943,84157380
86.6469,9,86603679239,43236090
86.6521,6,86609056251,43084290
86.6572,3,86614147263,43093290
86.6598,0,86616670269,43093290
86.6623,11,86619193275,43093290
86.6648,4,86621716281,43093290
86.6676,1,86624239287,43406290
86.6726,8,86629285299,43350284
86.6752,14,86631808305,43350284
86.6777,12,86634331311,43350284
86.6827,2,86639321317,43350284
86.6903,9,86646915329,43341284
86.6953,13,86606533245,88778380
86.6978,6,86652140541,45694090
86.7032,3,86657240553,45911296
86.7085,11,86662286565,46168296
86.711,4,86664809571,46168296
86.7135,1,86667645577,45855296
86.716,10,86626762293,89261586
86.7185,8,86672635583,45911302
86.7211,14,86675158589,45911302
86.731,5,86641844323,89149574
86.7335,15,86600930027,132586876
86.7386,9,86690256613,48313296
86.7436,13,86695311625,48266290
86.7461,6,86697834631,48266290
86.7486,7,86590858009,157774918
86.7586,0,86659763559,98876380
86.7612,11,86708454861,52708084
86.7637,4,86710977867,52708084
86.7664,1,86713500873,52925290
86.7693,10,86716023879,53238290
86.7718,8,86718546885,53238290
86.7768,12,86677681595,99093586
86.7793,15,86733516903,45781284
86.7818,2,86682671601,99149592
86.7843,5,86730993897,53350302
86.792,9,86738569909,53424308
86.7971,13,86743577915,53480314
86.8127,3,86703151849,109572616
86.8152,0,86758639939,56607532
86.8202,4,86763685951,56551526
86.8252,10,86769262169,55965314
86.8278,8,86771785175,55965314
86.8327,12,86776775181,55965314
86.8378,2,86781821193,55965314
86.8403,5,86784344199,55965314
86.8454,9,86791994217,53451308
86.8505,7,86748632927,101867610
86.8582,15,86779298187,78948562
86.8608,3,86812724465,48063290
86.8658,11,86761162945,104614816
86.8683,4,86820237477,48063290
86.8711,1,86766426163,104710610
86.8737,10,86825227483,48432296
86.8762,8,86827750489,48432296
86.8787,14,86721069891,157635900
86.8812,12,86832740495,48488302
86.8838,2,86837786507,45974296
86.8863,5,86840309513,45974296
86.8914,9,86845445525,45965296
86.8939,7,86850500537,43433290
86.9039,6,86746100921,157832918
86.9093,3,86860787755,48463302
86.9118,0,86815247471,96526592
86.9171,4,86868300767,48776302
86.9221,10,86873659779,48407296
86.9246,8,86876182785,48407296
86.9271,14,86878705791,48407296
86.9296,12,86881228797,48407296
86.9346,5,86886283809,48342290
86.9372,7,86893933827,43296278
86.9448,13,86797058229,147711888
86.9473,6,86903933839,43368284
86.9551,3,86909251057,45891290
86.9577,0,86911774063,45891290
86.9602,11,86865777761,94410598
86.9627,4,86917077069,45634296
86.9677,10,86922067075,45634296
86.9702,8,86924590081,45634296
86.9727,14,86927113087,45634296
86.9756,12,86929636093,45947296
86.9781,2,86883760803,94345592
86.9806,5,86934626099,46003302
86.9857,15,86858246749,127444658
86.9882,9,86891410821,96803592
86.9983,3,86955142347,43189084
87.0011,0,86957665353,43406290
87.0036,11,86960188359,43406290
87.0135,8,86970224377,43296278
87.0213,2,86978106395,43186266
87.0238,5,86980629401,43186266
87.0264,1,86871136773,155228900
87.0289,7,86937230105,91676574
87.039,9,86988214413,50746284
87.0415,6,86947302123,94190580
87.044,13,86944770117,99254592
87.0466,3,86998331431,48261284
87.0491,0,87001071643,48044078
87.0519,11,87003594649,48261284
87.0544,4,86962711365,91667574
87.0594,8,87013520655,45857290
87.0619,14,86972747383,89153568
87.0644,12,86975583389,88840568
87.0669,2,87021292661,45654302
87.0695,5,87023815667,45654302
87.072,1,87026365673,45654302
87.0774,7,87028906679,48490308
87.0799,15,86985691407,94237586
87.09,9,87038960697,51087320
87.1003,3,87046592715,53699520
87.1028,0,87049115721,53699520
87.1103,8,87059377945,50894302
87.1153,12,87064423957,50838296
87.1255,10,86967701371,157826888
87.1281,7,87077396987,50690278
87.1306,15,87079928993,50690278
87.1332,9,87090048017,43157260
87.1357,6,87041492703,94235580
87.1408,13,87044024709,96776586
87.1434,3,87100292235,43068066
87.1558,2,87066946963,88804344
87.1583,5,87069469969,88804344
87.161,1,87072019975,89021550
87.1636,10,87125528259,38036272
87.1712,7,87128087265,43064284
87.1737,15,87130619271,43064284
87.1791,9,87133205277,45855290
87.1841,13,87140801295,43285278
87.1866,8,87110272247,76364332
87.2017,11,87051855933,149864858
87.2043,1,87161041525,43211272
87.2093,14,87061900951,147350852
87.2118,4,87054378939,157404870
87.2168,7,87171151549,45696272
87.2247,9,87179060567,45658272
87.2272,6,87135728283,91513562
87.2298,13,87184086573,45696278
87.2348,12,87115262253,119519604
87.2422,3,87143360301,98887562
87.2448,0,87102815241,141955628
87.2473,1,87204252797,43068078
87.2576,4,87211783809,45826290
87.2601,7,87216847821,43294284
87.2652,9,87224718839,40467272
87.2677,6,87227241845,40467272
87.2703,13,87229782851,40467272
87.2728,8,87186636579,86136550
87.2778,2,87155751307,122011828
87.2803,5,87158274313,122011828
87.2832,14,87209251803,73915344
87.2857,1,87247320875,38369278
87.2932,11,87201720791,91435368
87.2957,10,87163564531,132141634
87.2982,4,87257610099,40619072
87.3034,15,87173683555,129761828
87.311,6,87267709117,43267278
87.3135,13,87270250123,43267278
87.316,8,87272773129,43267278
87.3186,12,87234781857,83781556
87.3211,2,87277763135,43323284
87.3239,5,87280286141,43636284
87.3265,14,87283167147,43287284
87.3315,3,87242247863,89259574
87.334,0,87244770869,89259574
87.3366,11,87293156159,43397290
87.3391,10,87295706165,43370290
87.3416,4,87298229171,43379290
87.3441,7,87260142105,83989362
87.3467,15,87303445383,43218090
87.3492,9,87265186111,84045368
87.3592,12,87318563413,40610072
87.3617,2,87321086419,40610072
87.3692,14,87326454431,42755072
87.372,1,87285690153,86286562
87.377,3,87331507437,45542290
87.3796,0,87334030443,45542290
87.3849,10,87339076455,45799290
87.3874,4,87341608461,45799290
87.3899,7,87344131467,45799290
87.3925,15,87346663473,45799290
87.3975,9,87349231479,48295296
87.4003,6,87310976395,89290592
87.4028,13,87313517401,89290592
87.4053,8,87316040407,89290592
87.4079,12,87359173485,48680520
87.4104,2,87361696491,48680520
87.4129,5,87323922425,88977592
87.4155,14,87369209503,46240520
87.4205,1,87371976715,48537320
87.4231,3,87377049727,46032314
87.4259,0,87379572733,46345314
87.4284,11,87336553449,91887604
87.431,10,87384875745,46088314
87.4335,4,87387407751,46088314
87.436,7,87389930757,46088314
87.4386,15,87392462763,46088314
87.4461,9,87397526775,48620320
87.4487,6,87400266987,48403114
87.4514,13,87402807993,48620320
87.454,8,87405330999,48620320
87.4589,2,87410377011,48564314
87.4615,5,87412900017,48564314
87.464,14,87415450023,48546314
87.4666,1,87420514035,46050308
87.4716,3,87423082041,48546314
87.4742,0,87425918047,48233314
87.4767,11,87428441053,48233314
87.4792,10,87430964059,48233314
87.4842,4,87433496065,50747320
87.4921,15,87438551077,53518320
87.5024,9,87446147095,56267532
87.5049,6,87448670101,56267532
87.5125,13,87451428313,61087338
87.515,8,87453951319,61087338
87.5176,12,87407854005,109707658
87.5201,2,87458941325,61143344
87.5226,5,87461464331,61143344
87.533,1,87466564343,66419350
87.5355,3,87471628355,63914344
87.5381,0,87474151361,63914344
87.5406,11,87476674367,63914344
87.5431,10,87479197373,63914344
87.5507,4,87484243385,66446350
87.566,9,87502414627,63599338
87.571,13,87512515651,58533320
87.5736,8,87515038657,58533320
87.5786,2,87520084669,58477314
87.5811,5,87522607675,58477314
87.5836,14,87463996337,119629658
87.5915,1,87532983693,58560320
87.5941,3,87535542699,58542320
87.5966,0,87538065705,58542320
87.5991,11,87540588711,58542320
87.6017,10,87543111717,58542320
87.6069,4,87550689735,56207514
87.6094,7,87436019071,173401184
87.612,15,87492069397,119891864
87.6171,9,87566013965,51047308
87.6196,6,87504937633,114646646
87.6246,8,87573571977,51020308
87.6271,12,87517561663,109553628
87.63,2,87578561983,51389314
87.6325,5,87581084989,51389314
87.64,1,87591544013,48450296
87.6425,3,87594085019,48450296
87.6451,0,87596608025,48450296
87.6476,11,87599131031,48450296
87.6528,4,87606897249,45918290
87.6553,7,87609420255,45918290
87.6579,15,87611961261,45909290
87.6604,9,87617061273,43377284
87.663,6,87619584279,43377284
87.6655,13,87571048971,94453598
87.6705,12,87627115291,43377284
87.673,2,87629951297,43064284
87.6755,5,87632474303,43064284
87.6781,14,87583625995,94435598
87.6806,1,87639994309,40653290
87.6832,3,87642535315,40653290
87.6857,0,87645058321,40653290
87.6882,11,87647581327,40653290
87.6911,10,87601654037,89416586
87.6961,4,87652815539,43301096
87.6986,7,87655338545,43301096
87.7014,15,87657870551,43518302
87.7039,9,87660438557,43509302
87.7065,6,87662961563,43509302
87.709,13,87665502569,43509302
87.714,12,87670492575,43509302
87.7165,2,87673015581,43509302
87.719,5,87675538587,43509302
87.7216,14,87678061593,43509302
87.7241,1,87680647599,43491302
87.7267,3,87683188605,43491302
87.7292,0,87685711611,43491302
87.732,11,87688234617,43804302
87.7346,10,87691070623,43491302
87.7371,4,87696116635,40995296
87.7396,7,87698639641,40995296
87.7422,15,87701388853,40787090
87.7447,9,87703947859,40787090
87.7522,8,87624592285,127617670
87.755,12,87714001877,40948290
87.7575,2,87716524883,40948290
87.76,5,87719047889,40948290
87.7625,14,87721570895,40948290
87.7651,1,87724138901,40948290
87.7676,3,87726679907,40948290
87.7702,0,87729202913,40948290
87.7727,11,87732038919,40635290
87.7752,10,87734561925,40635290
87.7777,4,87737111931,40626290
87.7803,7,87739634937,40626290
87.7828,15,87742175943,40608290
87.7853,9,87744734949,40608290
87.7879,6,87706470865,81395380
87.7932,8,87752209955,40977302
87.7957,12,87754950167,40760096
87.7982,2,87757473173,40760096
87.8008,5,87759996179,40760096
87.806,1,87765087191,40921296
87.8085,3,87767628197,40921296
87.8111,0,87770151203,40921296
87.8136,11,87772674209,40921296
87.8161,10,87775197215,40921296
87.8187,4,87777738221,40921296
87.8212,7,87780261227,40921296
87.8237,15,87782784233,40921296
87.8263,9,87785343239,40921296
87.8288,6,87787866245,40921296
87.8313,13,87709011871,122316676
87.8339,8,87793187257,40664296
87.8367,12,87795710263,40977296
87.8392,2,87798233269,40977296
87.8417,5,87800756275,40977296
87.8468,1,87806008487,40760090
87.8493,3,87808549493,40760090
87.8518,0,87811072499,40760090
87.8568,10,87816118511,40704084
87.8643,15,87823705529,40592072
87.8671,9,87826264535,40809278
87.8696,6,87828787541,40809278
87.8721,13,87831328547,40809278
87.8747,8,87833851553,40809278
87.8772,12,87836687559,40496278
87.8797,2,87839210565,40496278
87.8822,5,87841733571,40496278
87.8848,14,87762519185,122233670
87.8873,1,87846768577,40552284
87.8899,3,87849309583,40552284
87.8924,0,87851832589,40552284
87.8952,11,87813595505,81625374
87.8977,10,87856822595,40921290
87.9028,7,87821182523,81569368
87.9105,9,87867073813,43453296
87.9131,6,87869596819,43453296
87.9156,13,87872137825,43453296
87.9181,8,87874660831,43453296
87.9206,12,87877183837,43453296
87.9232,2,87879706843,43453296
87.9257,5,87882229849,43453296
87.9282,14,87884752855,43453296
87.9333,1,87887320861,45967302
87.9358,3,87889861867,45967302
87.9387,0,87892384873,46280302
87.9412,11,87895220879,45967302
87.9437,10,87897743885,45967302
87.9463,4,87818659517,127592676
87.9488,7,87902751891,46023308
87.9515,15,87864297601,87217810
87.9591,9,87910527109,48602320
87.9617,6,87913050115,48602320
87.9642,13,87915591121,48602320
87.9692,12,87920637133,48546314
87.9717,2,87923160139,48546314
87.9742,5,87925683145,48546314
87.9793,1,87933288163,45994302
87.9843,3,87935829169,48508308
87.9869,0,87938665175,48195308
87.9894,11,87941188181,48195308
87.9919,10,87943711187,48195308
87.9944,4,87946252193,48195308
87.997,7,87948775199,48195308
88.0026,9,87959129429,43424290
88.0051,6,87961652435,43424290
88.0076,13,87964193441,43424290
88.0101,8,87918114127,92026610
88.0151,2,87971706453,43424290
88.0177,5,87974229459,43424290
88.0202,14,87928206151,91970604
88.0227,1,87979282465,43462296
88.0278,3,87984337477,43480296
88.0303,0,87986860483,43480296
88.0329,11,87989383489,43480296
88.0354,10,87991906495,43480296
88.0408,4,87994447501,46307302
88.0433,7,87996970507,46307302
88.0458,15,87951515411,94285404
88.0511,9,88002553719,48537314
88.0536,6,88005076725,48537314
88.0562,13,88007617731,48537314
88.0587,8,88010140737,48537314
88.0612,12,87969183447,92017610
88.0662,5,88017653749,48537314
88.0687,14,88020176755,48537314
88.0713,1,88022744761,48537314
88.0738,3,88027817773,46023308
88.0764,0,88030340779,46023308
88.0789,11,88032863785,46023308
88.0814,10,88035386791,46023308
88.084,4,88040754803,43205302
88.0865,7,88043277809,43205302
88.089,15,88045800815,43205302
88.0941,9,88051091033,43006096
88.0991,13,88056155045,42950090
88.1019,8,88058678051,43263090
88.1047,12,88061201057,43480296
88.1072,2,88015130743,92073616
88.1097,5,88066191063,43536302
88.1123,14,88068714069,43536302
88.1148,1,88071282075,43536302
88.1174,3,88073841081,43518302
88.1199,0,88076364087,43518302
88.1224,11,88078887093,43518302
88.1249,10,88081410099,43518302
88.1275,4,88083960105,43509302
88.13,7,88086483111,43509302
88.1325,15,88089006117,43509302
88.1429,6,88053614039,89286404
88.1454,13,88099105135,46336314
88.1504,12,88104681353,45750102
88.1579,14,88112250371,45638090
88.1632,1,88114818377,48369302
88.1657,3,88117359383,48369302
88.1683,0,88119882389,48369302
88.1708,11,88122405395,48369302
88.1733,10,88124928401,48369302
88.1783,4,88127469407,50827302
88.1808,7,88129992413,50827302
88.1833,15,88132515419,50827302
88.1934,6,88142900443,50523296
88.1984,13,88145441449,52981296
88.2009,8,88101941141,99004610
88.2062,2,88107204359,99044398
88.209,5,88109727365,99261604
88.2115,14,88157888461,53623514
88.2141,1,88163187679,50919302
88.2166,3,88165728685,50919302
88.2192,0,88168251691,50919302
88.2217,11,88170774697,50919302
88.2242,10,88173297703,50919302
88.2268,4,88178296709,48479302
88.2293,7,88180819715,48479302
88.2318,15,88183342721,48479302
88.2369,9,88094097129,142824906
88.2394,6,88193423739,46021302
88.2448,13,88198422745,46399308
88.2473,8,88200945751,46399308
88.2499,12,88150431455,99436610
88.2526,2,88206248757,46359520
88.2551,5,88208988969,46142314
88.2602,1,88214106981,46059308
88.2627,3,88216647987,46059308
88.2652,0,88219170993,46059308
88.2678,11,88221693999,46059308
88.2703,10,88224217005,46059308
88.2728,4,88226776011,46050308
88.2753,7,88229299017,46050308
88.2779,15,88231822023,46050308
88.2804,9,88236922035,43518302
88.283,6,88239445041,43518302
88.2855,13,88244822053,40691296
88.288,8,88247345059,40691296
88.2906,12,88249868065,40691296
88.2955,5,88255131283,40418084
88.3008,1,88260166289,40635290
88.3033,3,88262707295,40635290
88.3062,0,88265230301,40948290
88.3087,11,88267753307,40948290
88.3112,10,88270276313,40948290
88.3138,4,88272826319,40948290
88.3163,7,88275349325,40948290
88.3188,15,88277872331,40948290
88.3214,9,88280440337,40939290
88.3239,6,88282963343,40939290
88.3264,13,88285513349,40921290
88.329,8,88288036355,40921290
88.3315,12,88290559361,40921290
88.334,2,88252608277,81395380
88.3365,5,88295549367,40977296
88.339,14,88211511975,127537694
88.347,1,88300801579,46175108
88.3495,3,88303342585,46175108
88.3545,11,88308701597,45806102
88.357,10,88311224603,45806102
88.3598,4,88313774609,46023308
88.3623,7,88316297615,46023308
88.3648,15,88318820621,46023308
88.3674,9,88321379627,46023308
88.3699,6,88323902633,46023308
88.375,13,88326434639,48537314
88.3775,8,88328957645,48537314
88.38,12,88331480651,48537314
88.3825,2,88334003657,48537314
88.3851,5,88336526663,48537314
88.3901,1,88346976687,43149296
88.3927,3,88349517693,43149296
88.3952,0,88306178591,89011404
88.4004,10,88357030705,43366502
88.4029,4,88359797917,43149296
88.4055,7,88362320923,43149296
88.4083,15,88364843929,43462296
88.4109,9,88367402935,43462296
88.4134,6,88369925941,43462296
88.4185,13,88374971953,43480296
88.421,8,88377494959,43480296
88.426,2,88382540971,43424290
88.4285,5,88385063977,43424290
88.431,14,88339049669,91961604
88.4386,3,88392666989,45911296
88.4411,0,88395189995,45911296
88.4436,11,88354507699,89116598
88.4461,10,88400397207,45750096
88.4517,4,88402947213,48794308
88.4592,9,88410865231,48371296
88.4618,6,88413388237,48371296
88.4643,13,88418452249,45857290
88.4668,8,88420975255,45857290
88.4718,2,88425965261,45857290
88.4743,5,88428488267,45857290
88.4794,1,88390125983,89263580
88.4819,3,88438578285,43352284
88.4845,0,88441101291,43352284
88.487,11,88443624297,43352284
88.4895,10,88446147303,43352284
88.4921,4,88451741521,40326072
88.4946,7,88405470219,89120380
88.4971,15,88408306225,88807380
88.5024,9,88459236527,43167296
88.5049,6,88461759533,43167296
88.5102,8,88466832545,43406296
88.5128,12,88380017965,132743882
88.5153,2,88471822551,43462302
88.5178,5,88474345557,43462302
88.5203,14,88431011273,89319592
88.5229,1,88479389563,43509308
88.5254,3,88481930569,43509308
88.5304,11,88486976581,43453302
88.533,10,88489499587,43453302
88.538,4,88492067593,45949308
88.5405,7,88494590599,45949308
88.5431,15,88497113605,45949308
88.5482,9,88502403823,45750102
88.5537,13,88464309539,89373604
88.5562,8,88510238841,45967308
88.5587,12,88512761847,45967308
88.5613,2,88515284853,45967308
88.5638,5,88517807859,45967308
88.5663,14,88520330865,45967308
88.5714,1,88522898871,48481314
88.5739,3,88525439877,48481314
88.5764,0,88484453575,91990622
88.579,11,88530429883,48537320
88.5815,10,88532952889,48537320
88.5865,7,88540539907,45976308
88.589,15,88543062913,45976308
88.5916,9,88548153925,43462302
88.5941,6,88504926829,89212404
88.5967,13,88553683143,42988096
88.6017,12,88558729155,42932090
88.6067,5,88563775167,42876084
88.6092,14,88566298173,42876084
88.6148,1,88571380185,43424290
88.6173,3,88573921191,43424290
88.6223,11,88578967203,43368284
88.6249,10,88581490209,43368284
88.6299,7,88586516215,43350284
88.6324,15,88589039221,43350284
88.635,9,88591616227,43341284
88.6449,8,88556206149,88731374
88.6475,12,88601661245,45799284
88.6525,5,88606651251,45799284
88.658,1,88614804475,43229272
88.6606,3,88617345481,43229272
88.6631,0,88576444197,86653562
88.6656,11,88622335487,43285278
88.6681,10,88624858493,43285278
88.6707,4,88538016901,132667876
88.6757,15,88632389505,43285278
88.6782,9,88634957511,43285278
88.6808,6,88594139233,86626562
88.6833,13,88596671239,86635562
88.6858,8,88644937523,40892284
88.6884,12,88647460529,40892284
88.6909,2,88561252161,129623658
88.6959,14,88609174257,86691568
88.6984,1,88658033747,40409084
88.7012,3,88660574753,40626290
88.7037,0,88663097759,40626290
88.7062,11,88665620765,40626290
88.7088,10,88668143771,40626290
88.7113,4,88670684777,40626290
88.7138,7,88629866499,83967574
88.7167,15,88675674783,40995296
88.7192,9,88678242789,40995296
88.7218,6,88680765795,40995296
88.7243,13,88683306801,40977296
88.7268,8,88685829807,40977296
88.7293,12,88688352813,40977296
88.7319,2,88690875819,40977296
88.7344,5,88652450535,81925586
88.7369,14,88695865825,41033302
88.7395,1,88698442831,41033302
88.742,3,88701201043,40834096
88.7446,0,88703724049,40834096
88.7471,11,88706247055,40834096
88.7496,10,88708770061,40834096
88.7549,4,88711311067,43565308
88.7577,7,88713834073,43878308
88.7602,15,88716670079,43565308
88.7628,9,88719238085,43565308
88.7653,6,88721761091,43565308
88.7678,13,88724284097,43565308
88.7704,8,88726807103,43565308
88.7729,12,88729330109,43565308
88.7754,2,88731853115,43565308
88.7779,5,88734376121,43565308
88.783,1,88739476133,43509302
88.7855,3,88742035139,43491302
88.788,0,88744558145,43491302
88.7906,11,88747081151,43491302
88.7931,10,88749604157,43491302
88.7957,4,88754876375,40778090
88.7982,7,88757712381,40465090
88.8032,9,88762803393,40409084
88.806,6,88765326399,40626290
88.8085,13,88767849405,40626290
88.811,8,88770372411,40626290
88.8135,12,88772895417,40626290
88.8188,5,88777941429,40883290
88.8213,14,88736899127,84448598
88.8239,1,88782985435,40939296
88.8265,3,88785526441,40939296
88.829,0,88788049447,40939296
88.8315,11,88790572453,40939296
88.839,4,88795654465,43379296
88.8416,7,88798177471,43379296
88.8441,15,88760235387,83844386
88.8516,6,88805952689,45676096
88.8544,13,88808475695,45893302
88.8569,8,88810998701,45893302
88.8622,2,88775418423,86776586
88.8647,5,88818824719,45893296
88.8672,14,88821347725,45893296
88.8723,1,88823924731,48407302
88.8773,0,88828988743,48351296
88.8799,11,88831511749,48351296
88.8824,10,88793095459,89290592
88.8875,4,88839033761,48425302
88.89,7,88841556767,48425302
88.8925,15,88844079773,48425302
88.8976,9,88803212477,94383610
88.9001,6,88851628785,48490308
88.9029,13,88854368997,48490308
88.9054,8,88856892003,48490308
88.9104,2,88862195009,48177308
88.9129,5,88864718015,48177308
88.9154,14,88867241021,48177308
88.9258,3,88826465737,99373610
88.9284,0,88877340039,51022314
88.9309,11,88879863045,51022314
88.9334,10,88882386051,51022314
88.936,4,88887459063,48508308
88.9385,7,88889982069,48508308
88.941,15,88892505075,48508308
88.9461,9,88897596087,48508308
88.9486,6,88900119093,48508308
88.9512,13,88902859305,48291102
88.9539,8,88905382311,48508308
88.9564,12,88813521707,142891918
88.9617,5,88912895323,48821314
88.9642,14,88915418329,48821314
88.9744,1,88872332033,102053634
88.9769,3,88925839347,51087326
88.9794,0,88928362353,51087326
88.982,11,88930885359,51087326
88.987,4,88935967371,51022320
88.992,15,88941013383,50966314
88.997,6,88948627401,48396302
88.9995,13,88951150407,48396302
89.0023,8,88953890619,48396302
89.0048,12,88956413625,48396302
89.0073,2,88910372317,96960616
89.0099,5,88961716637,48139302
89.0124,14,88964239643,48139302
89.0175,1,88974385667,43120290
89.02,3,88976926673,43120290
89.0229,0,88979449679,43433290
89.0254,11,88981972685,43433290
89.0279,10,88933408365,94520616
89.038,4,88986989691,51031314
89.0405,7,88938490377,102053634
89.0508,6,88997023703,53753526
89.0533,13,88999546709,53753526
89.0558,8,89002286921,53536320
89.0583,12,89004809927,53536320
89.0609,2,89007332933,53536320
89.0637,5,89009855939,53849320
89.0662,14,89012378945,53849320
89.0713,1,89017505957,53822320
89.0764,3,89020046963,56336326
89.0814,11,89025405975,55967320
89.0839,10,89027928981,55967320
89.0915,4,89038021005,53489314
89.094,7,89040544011,53489314
89.0966,15,88991979697,104576634
89.1043,6,89050777229,53563320
89.1069,13,89053300235,53563320
89.1094,8,89055823241,53563320
89.1168,5,89063705259,53138308
89.1194,14,89066228265,53138308
89.1219,9,88946104395,175812184
89.1248,1,89071328277,53451308
89.1273,3,89076383289,50946302
89.1299,0,89022882969,106969628
89.1324,11,89081373295,51002308
89.1349,10,89083896301,51002308
89.1375,4,89091510319,45965296
89.14,7,89094033325,45965296
89.1425,15,89096556331,45965296
89.1451,6,89104340549,40776084
89.1476,13,89106863555,40776084
89.1502,8,89109386561,40776084
89.1552,2,89060869253,94283398
89.1577,5,89116843567,40832090
89.1604,14,89119366573,41049296
89.1658,9,89121916579,43876302
89.1683,1,89124779585,43563302
89.1709,3,89127329591,43545302
89.1734,0,89129852597,43545302
89.1759,11,89132375603,43545302
89.1784,10,89134898609,43545302
89.186,4,89137475615,48546314
89.1885,7,89139998621,48546314
89.1911,15,89142521627,48546314
89.1961,13,89147639639,48463308
89.1986,8,89150162645,48463308
89.2063,5,89157675657,48624508
89.2088,14,89160415869,48407302
89.2139,12,89058346247,155522936
89.2189,9,89165792881,53140314
89.2215,1,89168342887,53140314
89.224,3,89170874893,53140314
89.2269,0,89173397899,53453314
89.2294,11,89175920905,53453314
89.2319,10,89178443911,53453314
89.237,4,89186021929,50966308
89.242,15,89191067941,50910302
89.2496,6,89145116633,104457628
89.2546,8,89198625953,55938314
89.2571,2,89155152651,101943622
89.2596,5,89206300165,53319114
89.2624,14,89208823171,53536320
89.2649,12,89213869183,51022314
89.2728,9,89218933195,53820314
89.2753,1,89221483201,53820314
89.2803,3,89224015207,56334320
89.2829,0,89226851213,56021320
89.2929,4,89236988237,55891308
89.2954,7,89188544935,106857616
89.2979,15,89241978243,55947314
89.3033,6,89249574261,53677514
89.3058,13,89196102947,109671834
89.3083,8,89254564267,53733520
89.3183,9,89272753509,45540284
89.3208,1,89275303515,45540284
89.3234,3,89280349527,43035278
89.3259,0,89282872533,43035278
89.3312,10,89231897225,99313592
89.3338,4,89292879545,40890278
89.3363,7,89295402551,40890278
89.3388,15,89297925557,40890278
89.3414,6,89303251775,38150066
89.3439,13,89305774781,38150066
89.3464,8,89308297787,38150066
89.3514,5,89259619279,91818580
89.3542,14,89262359491,91818580
89.3592,9,89318293793,40948290
89.3618,1,89320843799,40948290
89.3643,3,89323384805,40939290
89.3668,0,89325907811,40939290
89.3694,11,89229374219,139995888
89.3747,4,89333769823,40921290
89.3772,7,89336292829,40921290
89.3797,15,89338815835,40921290
89.3848,13,89343924847,40856284
89.3873,8,89346447853,40856284
89.3898,2,89257096273,132730870
89.3924,5,89351437859,40912290
89.3949,14,89354178071,40695084
89.3974,12,89264891497,132504664
89.4052,9,89359242083,45949302
89.4077,1,89361792089,45949302
89.4103,3,89364324095,45949302
89.4128,0,89366847101,45949302
89.4153,11,89369370107,45949302
89.4178,10,89331210817,86631598
89.4228,4,89374691113,48150308
89.4254,7,89377214119,48150308
89.4279,15,89379737125,48150308
89.4358,13,89384781131,50977314
89.4407,2,89389827143,50921308
89.4433,5,89392350149,50921308
89.4458,14,89394873155,50921308
89.4536,9,89405191385,48378296
89.4586,1,89407741391,50892302
89.4612,3,89410273397,50892302
89.4637,0,89412796403,50892302
89.4662,11,89415319409,50892302
89.4687,10,89417842415,50892302
89.4713,4,89422841421,48452302
89.4841,12,89397396161,86724580
89.4892,6,89341401841,147782912
89.4917,13,89435758445,55949314
89.4942,8,89387304137,106926628
89.4968,2,89440748451,56005320
89.4993,5,89443271457,56005320
89.5018,14,89445794463,56005320
89.5071,9,89453569681,53491314
89.5121,3,89461165699,50939302
89.5146,0,89463688705,50939302
89.5172,11,89466211711,50939302
89.5197,10,89468734717,50939302
89.5222,4,89471293723,50921302
89.5247,7,89425364427,99373604
89.5273,15,89427887433,99373604
89.5298,12,89484120741,45681302
89.5403,6,89489184753,51076314
89.5428,13,89491707759,51076314
89.5478,2,89496753771,51020308
89.5505,5,89499276777,51237514
89.5581,9,89507060995,50993308
89.5656,3,89512105001,53489314
89.5706,11,89517151013,53433308
89.5731,10,89519674019,53433308
89.5784,7,89524738031,53690302
89.586,6,89540261067,45779278
89.5886,13,89542784073,45779278
89.5911,8,89494230765,96855592
89.5961,5,89550514291,45562072
89.5986,14,89501799783,96799586
89.6039,9,89558054303,45835284
89.609,1,89458633693,150337906
89.6115,3,89565594315,45909290
89.614,0,89514628007,99398604
89.619,10,89573107327,45909290
89.624,7,89578428333,45596290
89.6265,15,89527261037,99286592
89.6291,6,89586040345,43093290
89.6317,13,89588563351,43093290
89.6342,8,89591086357,43093290
89.637,2,89547774079,89241574
89.6395,5,89596076363,43462296
89.6421,14,89598599369,43462296
89.6472,9,89603889587,43263090
89.6549,1,89608971599,45938296
89.66,3,89611503605,48452302
89.6625,0,89614026611,48452302
89.665,11,89570584321,94417598
89.6725,4,89522215025,150308906
89.6778,15,89626547629,51279314
89.6828,12,89529802043,153041906
89.6854,6,89629133635,56233320
89.6879,13,89631656641,56233320
89.6904,8,89634179647,56233320
89.6929,2,89637015653,55920320
89.6955,5,89639538659,55920320
89.698,14,89642061665,55920320
89.7058,1,89654909895,50854302
89.7083,3,89659955907,48349296
89.7108,0,89662478913,48349296
89.7134,11,89665001919,48349296
89.7159,10,89619016617,96857604
89.7184,4,89672523931,45909296
89.721,7,89624024623,96931610
89.7235,15,89677826943,45652296
89.7285,6,89685366955,43165290
89.7311,13,89687889961,43165290
89.7336,8,89690412967,43165290
89.7361,2,89692935973,43165290
89.7389,5,89695458979,43478290
89.7415,14,89697981985,43478290
89.744,9,89647152677,96875604
89.7466,1,89705764197,40832090
89.7491,3,89708305203,40814090
89.7519,0,89710828209,41031296
89.7544,11,89713351215,41031296
89.7569,10,89715874221,41031296
89.7595,4,89718433227,41022296
89.767,6,89728532245,38434284
89.7695,13,89731055251,38434284
89.772,8,89733578257,38434284
89.7745,2,89736101263,38434284
89.7771,5,89738937269,38121284
89.7824,9,89744028281,38369284
89.7849,1,89746596287,38351284
89.7875,3,89749119293,38351284
89.79,0,89751859505,38134078
89.7925,11,89754382511,38134078
89.795,10,89756905517,38134078
89.7976,4,89759455523,38134078
89.8028,15,89723479239,79317574
89.8078,13,89769489535,38342284
89.8104,8,89772012541,38342284
89.8153,5,89777058553,38286278
89.8179,14,89741460275,76407562
89.8204,12,89682843949,137555894
89.8229,9,89782397565,40543284
89.8255,1,89784947571,40543284
89.828,3,89787470577,40543284
89.8305,0,89789993583,40543284
89.8331,11,89792516589,40543284
89.8356,10,89795039595,40543284
89.8381,4,89797589601,40543284
89.841,7,89720956233,120012658
89.8435,15,89802796813,40695084
89.8461,6,89766966529,79093374
89.8486,13,89807831819,40751090
89.8511,8,89810354825,40751090
89.8561,5,89815344831,40751090
89.8613,9,89822940849,38407284
89.8639,1,89825490855,38407284
89.8664,3,89828013861,38407284
89.8689,0,89830536867,38407284
89.8715,11,89833059873,38407284
89.874,10,89835582879,38407284
89.8765,4,89838132885,38407284
89.8791,7,89840968891,38094284
89.8816,15,89843491897,38094284
89.8845,6,89846059903,38407284
89.887,13,89848582909,38407284
89.8895,8,89851105915,38407284
89.897,14,89817867837,79104368
89.9047,3,89866421145,38297272
89.9072,0,89868944151,38297272
89.9098,11,89871467157,38297272
89.9123,10,89873990163,38297272
89.9148,2,89774535547,140292894
89.9174,4,89876540169,40811278
89.9199,7,89879063175,40811278
89.9224,15,89881586181,40811278
89.925,6,89884467187,40498278
89.9275,13,89886990193,40498278
89.93,8,89889513199,40498278
89.9325,12,89820399843,112134640
89.9351,5,89856095921,78961568
89.9376,14,89896972205,40608290
89.9401,9,89861348133,78791368
89.9427,1,89863898139,78800368
89.9455,3,89904718417,40816096
89.9481,0,89907241423,40816096
89.9506,11,89909764429,40816096
89.9533,10,89912287435,41033302
89.9559,2,89914828441,41033302
89.9584,4,89917351447,41051302
89.9609,7,89919874453,41051302
89.9634,15,89922397459,41051302
89.966,6,89924965465,41051302
89.971,8,89930011477,40995296
89.9735,5,89935057489,38481290
89.9761,14,89937580495,38481290
89.9786,9,89940139501,38481290
89.9812,1,89942698507,38463290
89.9837,3,89945534513,38150290
89.9865,0,89948057519,38463290
89.989,11,89950580525,38463290
89.9916,10,89953320737,38246084
89.9941,2,89955861743,38246084
89.9966,4,89958402749,38246084
89.9992,7,89960925755,38246084
90.0017,15,89963448761,38246084
90.0045,12,89932534483,71927574
90.007,6,89966016767,40977296
90.0095,13,89927488471,82028598
90.012,8,89971006773,41033302
90.0146,5,89973538779,41024302
90.0171,14,89976061785,41024302
90.0196,9,89978620791,41024302
90.0222,1,89981161797,41024302
90.0247,3,89983684803,41024302
90.0272,0,89986520809,40711302
90.0298,11,89989043815,40711302
90.0323,10,89991566821,40711302
90.0348,2,89994107827,40711302
90.0374,4,89996648833,40711302
90.0399,7,89999171839,40711302
90.0424,15,90001694845,40711302
90.0478,6,90006994063,40778096
90.0503,13,90009517069,40778096
90.0578,14,90017086087,40666084
90.0605,9,90019645093,40883290
90.0631,1,90022186099,40883290
90.0656,3,90024709105,40883290
90.0681,0,90027232111,40883290
90.0706,11,90029755117,40883290
90.0732,10,90032278123,40883290
90.0757,2,90034819129,40883290
90.0782,4,90037360135,40883290
90.0808,7,90039883141,40883290
90.0833,15,90042406147,40883290
90.0858,12,90004462057,81359386
90.0887,6,90047772159,40921290
90.0912,13,90050295165,40921290
90.0937,8,90012040075,81699386
90.0963,5,90014563081,81699386
90.0988,14,90057752171,41033302
90.1016,9,90060528383,41051302
90.1041,1,90063069389,41051302
90.1066,3,90065592395,41051302
90.1092,0,90068115401,41051302
90.1117,11,90070638407,41051302
90.1167,2,90075702419,40995296
90.1192,4,90078243425,40995296
90.1218,7,90080766431,40995296
90.1243,15,90083289437,40995296
90.1268,12,90085821443,40995296
90.1294,6,90088693449,40682296
90.1319,13,90091216455,40682296
90.1344,8,90093739461,40682296
90.1369,5,90096262467,40682296
90.1395,14,90098785473,40682296
90.1446,9,90101579685,42979096
90.1471,1,90104120691,42979096
90.1499,3,90106643697,43292096
90.1525,0,90109166703,43292096
90.1552,11,90111689709,43509302
90.1577,10,90073161413,84560604
90.1628,2,90116697715,46079314
90.1653,4,90119238721,46079314
90.1678,7,90121761727,46079314
90.1704,15,90124284733,46079314
90.1729,12,90126816739,46079314
90.1755,6,90129375745,46079314
90.1829,5,90136944763,45969302
90.1854,14,90139467769,45969302
90.188,9,90144558781,43455296
90.1909,1,90147099787,43768296
90.1934,3,90149935793,43455296
90.1959,0,90152458799,43455296
90.1984,11,90155199011,43238090
90.2012,10,90157722017,43455296
90.2037,2,90162777029,40950290
90.2063,4,90165318035,40950290
90.2088,7,90167841041,40950290
90.2113,15,90170364047,40950290
90.2138,12,90172896053,40950290
90.2189,6,90175455059,43464296
90.2214,13,90131898751,89543610
90.224,8,90134421757,89543610
90.2265,5,90182914065,43574308
90.229,14,90185437071,43574308
90.2341,9,90188014077,46079314
90.2366,1,90190868083,45766314
90.2392,3,90193391089,45766314
90.2417,0,90195914095,45766314
90.2442,11,90198437101,45766314
90.2467,10,90201177313,45549108
90.2523,4,90206268325,46005314
90.2548,7,90208791331,46005314
90.2573,15,90211314337,46005314
90.2624,6,90218919355,43453302
90.2649,13,90221442361,43453302
90.2674,8,90223965367,43453302
90.2724,14,90229011379,43397296
90.275,9,90234093391,40892290
90.2775,1,90236634397,40892290
90.28,3,90239157403,40892290
90.2826,0,90241680409,40892290
90.2851,11,90244203415,40892290
90.2901,2,90203727319,86367392
90.293,4,90252273639,40693078
90.2955,7,90254796645,40693078
90.298,15,90257319651,40693078
90.3008,12,90213846343,86915598
90.3033,6,90262372657,40948290
90.3058,13,90264895663,40948290
90.3108,5,90226488373,84345586
90.3134,14,90272408675,40948290
90.3159,9,90274985681,40939290
90.3185,1,90277526687,40939290
90.321,3,90280049693,40939290
90.3235,0,90282572699,40939290
90.326,11,90285095705,40939290
90.3286,10,90246726421,81831580
90.3311,2,90290094711,40995296
90.3336,4,90292966717,40664296
90.3362,7,90295489723,40664296
90.3387,15,90298012729,40664296
90.3412,12,90300761941,40465090
90.3438,6,90303320947,40465090
90.3463,13,90305843953,40465090
90.3488,8,90267418669,81413380
90.3541,14,90313356965,40778096
90.3569,9,90315924971,40995302
90.3595,1,90318465977,40995302
90.362,3,90320988983,40995302
90.3645,0,90323511989,40995302
90.367,11,90326034995,40995302
90.3696,10,90328558001,40995302
90.3721,2,90331090007,40995302
90.3771,4,90333631013,43509308
90.3797,7,90336154019,43509308
90.3822,15,90338677025,43509308
90.3872,6,90343786037,43435302
90.3897,13,90346309043,43435302
90.3923,8,90348832049,43435302
90.3951,5,90310833959,84269398
90.3976,14,90354135061,43491302
90.4029,9,90356920273,46023308
90.408,1,90359461279,48537314
90.413,0,90364507291,48481308
90.4155,11,90367030297,48481308
90.418,10,90369553303,48481308
90.4231,2,90372085309,50995314
90.4281,4,90377140321,51004314
90.4307,7,90379663327,51004314
90.4357,12,90341227031,94439616
90.4407,6,90387221339,53518320
90.4457,8,90392267351,53462314
90.4509,14,90397626363,53310514
90.4589,9,90402943581,55920314
90.4614,1,90407998593,53424308
90.4639,3,90361984285,101961622
90.4714,10,90418034611,53368302
90.4739,2,90423080623,50863296
90.479,4,90428144635,50863296
90.4815,7,90430667641,50863296
90.4841,15,90382186333,101867610
90.4866,12,90435666647,50919302
90.4892,6,90440739659,48423296
90.4942,8,90445729665,48423296
90.497,5,90395103357,101885610
90.4995,14,90450936877,48575096
90.5023,9,90458863895,43460290
90.5074,1,90461422901,45965296
90.5099,3,90463945907,45965296
90.5124,0,90412988599,99445610
90.515,11,90415511605,99445610
90.5175,10,90471402913,46077308
90.52,2,90473943919,46059308
90.5226,4,90479007931,43545302
90.5251,7,90481530937,43545302
90.5326,6,90489162955,43424290
90.5351,13,90389744345,145365906
90.5376,8,90494152961,43480296
90.5402,5,90496988967,43167296
90.5452,9,90502324185,42867084
90.5527,3,90509911203,42820078
90.5553,0,90512434209,42820078
90.5583,11,90514957215,43350284
90.5608,10,90517480221,43350284
90.5634,2,90520003227,43350284
90.5659,4,90522553233,43341284
90.5684,7,90525076239,43341284
90.5709,15,90484053943,86886586
90.5735,12,90486585949,86886586
90.576,6,90532587245,43453296
90.5786,13,90535110251,43453296
90.5811,8,90537633257,43453296
90.5836,5,90540156263,43453296
90.5861,14,90499511973,86620592
90.5937,9,90545191269,48537314
90.604,0,90555254287,48794314
90.6066,11,90558307499,48264108
90.6093,10,90560830505,48481314
90.6143,4,90565894517,48425308
90.6168,7,90568417523,48425308
90.6194,15,90570940529,48425308
90.6219,12,90573472535,48425308
90.6245,6,90576040541,48425308
90.627,13,90578563547,48425308
90.632,5,90583609559,48369302
90.6345,14,90586132565,48369302
90.6396,1,90507388197,132211676
90.6421,3,90552731281,89391598
90.6446,0,90604048601,40597284
90.6472,11,90606571607,40597284
90.6497,10,90609311819,40380078
90.6522,2,90563353511,88861392
90.655,4,90614319825,40653290
90.6575,7,90616842831,40653290
90.6603,15,90619365837,40966290
90.6629,12,90621897843,40966290
90.6679,6,90624465849,43480296
90.6705,13,90626988855,43480296
90.673,8,90581086553,91905604
90.678,14,90634501867,43480296
90.6806,9,90593728583,86821586
90.6831,1,90639599873,43491302
90.6856,3,90642122879,43491302
90.6881,0,90644645885,43491302
90.6907,11,90647168891,43491302
90.6932,10,90649691897,43491302
90.6957,2,90652214903,43491302
90.7038,4,90654973115,48850314
90.7063,7,90657496121,48850314
90.7113,12,90662864133,48481308
90.7164,6,90667946145,48434302
90.7189,13,90670469151,48434302
90.7214,8,90672992157,48434302
90.7239,5,90631978861,91970604
90.7265,14,90677982163,48490308
90.729,9,90680550169,48490308
90.7316,1,90683091175,48490308
90.7341,3,90685614181,48490308
90.7366,0,90688137187,48490308
90.7392,11,90690660193,48490308
90.7417,10,90693183199,48490308
90.7442,2,90695706205,48490308
90.7542,15,90660332127,93889398
90.7568,12,90711345441,45408090
90.7595,6,90716380447,43167296
90.7624,13,90718903453,43480296
90.7649,8,90721426459,43480296
90.7674,5,90723949465,43480296
90.77,14,90726472471,43480296
90.775,9,90729040477,45994302
90.7826,1,90731581483,51022314
90.7876,0,90736627495,50966308
90.7901,11,90739150501,50966308
90.7926,10,90741673507,50966308
90.8056,15,90754221525,51422514
90.8082,12,90756753531,51422514
90.8108,6,90759547743,51205308
90.8133,13,90762383749,50892308
90.8158,8,90764906755,50892308
90.8258,9,90775034779,50798296
90.8334,1,90782603797,50825296
90.836,3,90734104489,101847610
90.8385,0,90787593803,50881302
90.841,11,90790116809,50881302
90.8435,10,90792639815,50881302
90.846,2,90744196513,101847610
90.8538,4,90703823429,150024918
90.8588,15,90805644039,53194314
90.8614,12,90808176045,53194314
90.8639,7,90706346435,157555930
90.8717,13,90813276057,58461320
90.8767,5,90767429761,109297622
90.8793,14,90769952767,109297622
90.8818,9,90825833075,56003320
90.8844,1,90833429093,50975308
90.8869,3,90835952099,50975308
90.8895,0,90838475105,50975308
90.892,11,90840998111,50975308
90.8945,10,90843521117,50975308
90.9047,15,90858838353,45909290
90.9076,12,90861370359,46222290
90.9101,7,90863902365,46222290
90.9127,6,90810753051,101939610
90.9152,13,90871737377,43478290
90.9177,8,90815799063,101939610
90.9227,14,90879250389,43478290
90.9278,9,90881836395,45974296
90.9329,1,90884404401,48461302
90.9354,3,90886927407,48461302
90.9379,0,90889450413,48461302
90.9404,11,90891973419,48461302
90.943,10,90894496425,48461302
90.9455,2,90846044123,99436610
90.953,12,90907592649,45446096
90.9583,6,90912692661,45598296
90.9608,13,90915215667,45598296
90.9658,5,90876727383,89076586
90.9686,14,90922728679,45911296
90.9712,9,90927810691,43406290
90.9763,1,90932865703,43424290
90.9788,3,90935388709,43424290
90.9813,0,90937911715,43424290
90.9839,11,90940434721,43424290
90.9864,10,90942957727,43424290
90.9889,2,90945480733,43424290
90.9915,15,90904747643,86707386
90.9989,4,90853848347,145081688
91.0017,6,90958290957,43424290
91.0042,13,90960813963,43424290
91.0068,8,90917738673,89022586
91.0096,5,90965803969,43793296
91.0121,14,90968639975,43480296
91.0196,3,90978812999,40836278
91.0222,0,90981336005,40836278
91.0247,11,90983859011,40836278
91.0272,10,90986382017,40836278
91.0297,2,90988905023,40836278
91.0323,15,90991455029,40827278
91.0348,12,90953038745,81775568
91.0373,7,90910124655,127221664
91.0424,4,90998930035,43462296
91.0475,6,91001715247,45759096
91.05,13,91004238253,45759096
91.0527,8,91006761259,45976302
91.0553,5,91009597265,45663302
91.0578,14,91012120271,45663302
91.0629,9,90971216981,91639604
91.0654,1,90976289993,89116598
91.0679,3,91019649277,48280320
91.0708,0,91022172283,48593320
91.0733,11,91024695289,48593320
91.0758,10,91027218295,48593320
91.0783,2,91029741301,48593320
91.0859,12,91034814313,51051320
91.0884,7,91037346319,51051320
91.0909,4,91042392331,48546314
91.0935,6,91047474343,46032308
91.096,13,91049997349,46032308
91.0986,8,91052737561,45815102
91.1013,5,91055260567,46032308
91.1038,14,91057783573,46032308
91.1089,9,91062856585,46050308
91.1118,1,91065406591,46363308
91.1143,3,91067929597,46363308
91.1168,0,91070765603,46050308
91.1193,11,91073288609,46050308
91.1243,2,91078334621,45994302
91.1269,15,91032282307,94596622
91.1294,12,91085865633,43545302
91.1319,7,91088397639,43545302
91.1345,4,91090938645,43536302
91.137,6,91093506651,43518302
91.142,8,91098552663,43462296
91.1445,5,91101292875,43245090
91.1496,9,91108906893,40675078
91.1523,1,91111769899,40579284
91.1573,0,91116815911,40523278
91.1599,11,91119338917,40523278
91.1624,10,91075811615,86573586
91.1649,2,91124328923,40579284
91.1674,15,91126878929,40570284
91.17,12,91129410935,40570284
91.1728,7,91131942941,40883284
91.1754,4,91134474947,40883284
91.1779,6,91137024953,40883284
91.1804,13,91096029657,84401586
91.183,8,91142014959,40939290
91.1855,5,91144537965,40939290
91.188,14,91103815881,84184380
91.1906,9,91149581971,40977296
91.1956,3,91114292905,81301368
91.1981,0,91157339189,40778090
91.2006,11,91159862195,40778090
91.2034,10,91162385201,40995296
91.2059,2,91164908207,40995296
91.2084,15,91167449213,40995296
91.211,12,91169981219,40995296
91.2138,7,91172826225,40995296
91.2164,4,91175358231,40995296
91.2189,6,91177908237,40995296
91.2214,13,91180431243,40995296
91.2239,8,91182954249,40995296
91.2265,5,91185477255,40995296
91.229,14,91188000261,40995296
91.234,1,91152349183,81699380
91.2366,3,91195594273,40977296
91.2391,0,91198117279,40977296
91.2416,11,91200640285,40977296
91.2441,10,91203380497,40760090
91.2467,2,91205903503,40760090
91.2492,15,91208444509,40760090
91.252,12,91210976515,40977296
91.2545,7,91213821521,40664296
91.257,4,91216353527,40664296
91.2596,6,91218903533,40664296
91.2621,13,91221426539,40664296
91.2646,8,91223949545,40664296
91.2671,5,91226472551,40664296
91.2697,14,91228995557,40664296
91.2722,9,91190559267,81659592
91.2751,1,91234048563,41033302
91.2776,3,91236571569,41033302
91.2801,0,91239094575,41033302
91.2827,11,91241617581,41033302
91.2852,10,91244140587,41033302
91.2877,2,91246663593,41033302
91.2902,15,91249204599,41033302
91.2928,12,91251953811,40816096
91.2953,7,91254485817,40816096
91.2978,4,91257017823,40816096
91.3006,6,91259567829,41033302
91.3031,13,91262090835,41033302
91.3056,8,91264613841,41033302
91.3106,14,91269659853,40977296
91.3132,9,91272218859,40977296
91.3161,1,91275081865,40977296
91.3186,3,91277604871,40977296
91.3211,0,91280127877,40977296
91.3236,11,91282650883,40977296
91.3262,10,91285173889,40977296
91.3287,2,91287696895,40977296
91.3312,15,91290237901,40977296
91.3337,12,91292769907,40977296
91.3363,7,91295301913,40977296
91.3388,4,91297833919,40977296
91.3414,6,91300601131,40760090
91.3439,13,91303124137,40760090
91.3464,8,91305647143,40760090
91.3489,5,91267136847,81793392
91.3515,14,91310637149,40816096
91.3542,9,91313196155,41033302
91.3568,1,91316059161,40720302
91.3593,3,91318582167,40720302
91.3618,0,91321105173,40720302
91.3643,11,91323628179,40720302
91.3669,10,91326151185,40720302
91.3694,2,91328674191,40720302
91.3719,15,91331215197,40720302
91.3745,12,91333747203,40720302
91.3773,7,91336279209,41033302
91.3798,4,91338811215,41033302
91.3824,6,91341361221,41033302
91.3849,13,91343884227,41033302
91.3874,8,91346407233,41033302
91.39,5,91348930239,41033302
91.3925,14,91351453245,41033302
91.3951,9,91354229457,40834096
91.3976,1,91356779463,40834096
91.4001,3,91359302469,40834096
91.4029,0,91361825475,41051302
91.4054,11,91364348481,41051302
91.4079,10,91366871487,41051302
91.4104,2,91369394493,41051302
91.413,15,91371935499,41051302
91.4155,12,91374467505,41051302
91.4181,7,91377312511,40738302
91.4209,4,91379844517,41051302
91.4234,6,91382394523,41051302
91.426,13,91384917529,41051302
91.4285,8,91387440535,41051302
91.431,5,91389963541,41051302
91.4335,14,91392486547,41051302
91.4361,9,91395063553,41033302
91.4386,1,91397613559,41033302
91.4436,0,91402876777,40760090
91.4462,11,91405399783,40760090
91.4487,10,91407922789,40760090
91.4512,2,91410445795,40760090
91.454,15,91412986801,40977296
91.4565,12,91415518807,40977296
91.459,7,91418050813,40977296
91.4616,4,91420895819,40664296
91.4641,6,91423445825,40664296
91.4666,13,91425968831,40664296
91.4692,8,91428491837,40664296
91.4717,5,91431014843,40664296
91.4742,14,91433537849,40664296
91.4768,9,91436096855,40664296
91.4796,1,91438646861,40977296
91.4821,3,91400136565,82010598
91.4847,0,91443636867,41033302
91.4872,11,91446159873,41033302
91.4897,10,91448682879,41033302
91.4947,15,91453964097,40778090
91.4973,12,91456496103,40778090
91.4998,7,91459028109,40778090
91.5026,4,91461560115,40995296
91.5051,6,91464110121,40995296
91.5076,13,91466633127,40995296
91.5102,8,91469156133,40995296
91.5127,5,91471679139,40995296
91.5152,14,91474202145,40995296
91.5178,9,91476761151,40995296
91.5203,1,91479624157,40682296
91.5231,3,91482147163,40995296
91.5257,0,91484670169,40995296
91.5282,11,91487193175,40995296
91.5307,10,91489716181,40995296
91.5332,2,91451205885,82028598
91.5358,15,91494742187,41033302
91.5383,12,91497274193,41033302
91.5408,7,91499806199,41033302
91.5434,4,91502555411,40834096
91.5459,6,91505105417,40834096
91.5485,13,91507628423,40834096
91.5535,5,91512674435,40778090
91.5585,9,91517756447,40722084
91.5612,1,91520306453,40939290
91.5638,3,91523142459,40626290
91.5663,0,91525665465,40626290
91.5688,11,91528188471,40626290
91.5713,10,91530711477,40626290
91.5739,2,91533234483,40626290
91.5764,15,91535775489,40626290
91.5789,12,91538307495,40626290
91.5818,7,91540839501,40939290
91.5843,4,91543389507,40921290
91.5869,6,91545939513,40921290
91.5894,13,91548462519,40921290
91.5919,8,91510151429,81755386
91.5944,5,91553452525,40977296
91.597,14,91515197441,81755386
91.5995,9,91558478531,41033302
91.6023,1,91561245743,41051302
91.6048,3,91563768749,41051302
91.6073,0,91566291755,41051302
91.6099,11,91568814761,41051302
91.6124,10,91571337767,41051302
91.6149,2,91573860773,41051302
91.6175,15,91576401779,41051302
91.62,12,91578933785,41051302
91.6225,7,91581778791,40738302
91.6254,4,91584310797,41051302
91.6279,6,91586860803,41051302
91.6304,13,91589383809,41051302
91.633,8,91591906815,41051302
91.6355,5,91594429821,41051302
91.638,14,91596952827,41051302
91.6406,9,91599511833,41051302
91.6431,1,91602297045,40834096
91.6457,3,91604820051,40834096
91.6482,0,91607343057,40834096
91.6509,11,91609866063,41051302
91.6534,10,91612389069,41051302
91.656,2,91614912075,41051302
91.6585,15,91617453081,41051302
91.661,12,91619985087,41051302
91.6636,7,91622517093,41051302
91.6661,4,91625362099,40738302
91.6687,6,91627912105,40738302
91.6712,13,91630435111,40738302
91.6737,8,91632958117,40738302
91.6762,5,91635481123,40738302
91.6787,14,91638004129,40738302
91.6813,9,91640563135,40738302
91.6842,1,91643131141,41033302
91.6867,3,91645654147,41033302
91.6892,0,91648177153,41033302
91.6917,11,91650917365,40816096
91.6943,10,91653440371,40816096
91.6968,2,91655963377,40816096
91.6993,15,91658504383,40816096
91.7043,7,91663568395,40760090
91.7069,4,91666100401,40760090
91.7096,6,91668650407,40977296
91.7122,13,91671173413,40977296
91.7147,8,91673696419,40977296
91.7172,5,91676219425,40977296
91.7197,14,91678742431,40977296
91.7223,9,91681301437,40977296
91.7248,1,91684164443,40664296
91.7277,3,91686687449,40977296
91.7302,0,91689210455,40977296
91.7327,11,91691733461,40977296
91.7352,10,91694256467,40977296
91.7402,15,91699320479,40921290
91.7428,12,91661036389,81737386
91.7453,7,91704328485,40977296
91.7478,4,91706860491,40977296
91.7506,6,91709627703,40977296
91.7531,13,91712150709,40977296
91.7581,5,91717196721,40921290
91.7606,14,91719719727,40921290
91.7657,9,91722278733,43435296
91.7683,1,91724828739,43435296
91.7708,3,91727664745,43122296
91.7733,0,91730187751,43122296
91.7758,11,91732710757,43122296
91.7784,10,91735233763,43122296
91.7809,2,91696779473,84099592
91.7859,12,91742773775,43122296
91.7887,7,91745305781,43435296
91.7913,4,91747837787,43435296
91.7938,6,91750604999,43218090
91.7963,13,91753128005,43218090
91.7989,8,91714673715,84195386
91.8016,5,91758118011,43491302
91.8041,14,91760641017,43491302
91.8092,1,91768264035,40939290
91.8117,3,91770787041,40939290
91.8142,0,91773310047,40939290
91.8168,11,91775833053,40939290
91.8193,10,91778356059,40939290
91.8218,2,91780879065,40939290
91.8244,15,91740241769,84117592
91.8269,12,91785896071,40995296
91.8297,7,91788741077,40995296
91.8323,4,91791273083,40995296
91.8348,6,91793823089,40995296
91.8373,13,91796346095,40995296
91.8423,5,91801609313,40722084
91.8474,9,91765714029,81643374
91.8499,1,91809203325,40704084
91.8549,0,91814249337,40648078
91.8574,11,91816772343,40648078
91.8599,10,91819295349,40648078
91.8652,15,91824359361,40809278
91.8702,7,91829736373,40440272
91.8727,4,91832268379,40440272
91.8753,6,91834818385,40440272
91.8778,13,91837341391,40440272
91.8803,8,91798869101,81435568
91.8828,5,91842331397,40496278
91.8854,14,91804132319,81218362
91.8907,9,91847357403,43379290
91.8933,1,91849907409,43379290
91.8983,0,91854897415,43379290
91.9008,11,91857420421,43379290
91.9035,10,91859943427,43596496
91.9061,2,91821818355,84244574
91.9086,15,91865168639,43435296
91.9111,12,91826891367,84244574
91.9137,7,91870176645,43491302
91.9162,4,91872708651,43491302
91.9187,6,91875258657,43491302
91.9213,13,91877781663,43491302
91.9238,8,91880304669,43491302
91.9263,5,91882827675,43491302
91.9288,14,91885350681,43491302
91.9317,9,91890736693,40995296
91.9368,1,91893286699,43509302
91.9393,3,91811726331,127592676
91.9418,0,91898276705,43565308
91.9468,10,91903539923,43292096
91.9494,2,91906062929,43292096
91.9521,15,91908603935,43509302
91.9546,12,91911135941,43509302
91.9572,7,91913667947,43509302
91.9597,4,91916199953,43509302
91.9672,13,91921272965,45967302
91.9698,8,91923795971,45967302
91.9723,5,91926318977,45967302
91.9748,14,91928841983,45967302
91.9799,9,91931731989,48150308
91.9825,1,91936796001,45654302
91.9874,0,91941842013,45598296
91.9927,10,91946832019,45911302
91.9953,2,91949355025,45911302
92.0053,12,91954645243,50675102
92.0081,7,91957177249,50892308
92.0106,4,91959709255,50892308
92.0132,6,91918749959,94419610
92.0157,13,91967240267,48452308
92.0182,8,91969763273,48452308
92.0207,5,91972286279,48452308
92.0233,14,91974809285,48452308
92.0309,9,91979882297,50975314
92.0337,1,91982450303,51279314
92.0363,3,91939319007,96933616
92.0388,0,91987440309,51335320
92.0413,11,91900799711,140498924
92.0463,2,91995266327,51022314
92.0488,15,91952113237,96725410
92.0539,7,92008069557,45804096
92.0591,4,92010601563,48479302
92.0641,6,92013169569,50975308
92.0691,8,92018215581,50919302
92.0717,5,92020738587,50919302
92.0742,14,92023261593,50919302
92.0768,9,92030857611,45909290
92.0793,1,92033729617,45596290
92.0818,3,92036252623,45596290
92.0868,11,92041298635,45540284
92.0894,10,91992743321,96618604
92.0919,2,92046288641,45596290
92.0947,15,92048838647,45891290
92.0973,12,92005320345,91941598
92.0998,7,92053873653,45920296
92.1048,4,92059080865,45721090
92.1101,6,92064144877,45947296
92.1126,13,92015692575,96922604
92.1151,8,92069134883,46003302
92.1177,5,92071657889,46003302
92.1202,14,92074180895,46003302
92.1253,9,92076766901,48490308
92.1278,1,92079325907,48490308
92.1303,3,92081848913,48490308
92.1329,0,92038775629,94086598
92.1357,11,92086838919,48859314
92.1382,10,92089361925,48859314
92.1407,2,92091884931,48859314
92.1433,15,92094729937,48546314
92.1483,7,92099793949,48490308
92.1511,4,92104801955,46249514
92.1587,6,92110092173,48564314
92.1612,13,92112615179,48564314
92.1637,8,92115138185,48564314
92.1687,14,92120184197,48508308
92.1713,9,92125257209,46003302
92.1738,1,92127816215,46003302
92.1763,3,92130339221,46003302
92.1789,0,92132862227,46003302
92.1814,11,92135698233,45690302
92.1839,10,92138221239,45690302
92.1864,2,92140744245,45690302
92.189,15,92143276251,45690302
92.1915,12,92097261943,94236616
92.1968,4,92151051469,45786102
92.2021,6,92158656487,43489302
92.2047,13,92161179493,43489302
92.2072,8,92163702499,43489302
92.2097,5,92117661191,92053616
92.2172,1,92173819517,43424296
92.2198,3,92176342523,43424296
92.2223,0,92178865529,43424296
92.2248,11,92181388535,43424296
92.2273,10,92183911541,43424296
92.2299,2,92186434547,43424296
92.2324,15,92188966553,43424296
92.2377,7,92148284257,89427604
92.2402,4,92196837571,43406296
92.2428,6,92202145789,40666084
92.2453,13,92204668795,40666084
92.2503,5,92209714807,40610078
92.2581,1,92217243813,40827284
92.2606,3,92219766819,40827284
92.2631,0,92222289825,40827284
92.2656,11,92224812831,40827284
92.2706,2,92229858843,40771278
92.2732,15,92232390849,40771278
92.2757,12,92191498559,84195574
92.2782,7,92237711861,40514278
92.2808,4,92240243867,40514278
92.2833,6,92242811873,40496278
92.2858,13,92245334879,40496278
92.2884,8,92207191801,81162362
92.2909,5,92250324885,40552284
92.2987,14,92168692505,130046676
92.3015,9,92171260511,130218882
92.309,3,92260594103,48425302
92.3115,0,92263117109,48425302
92.3141,11,92265640115,48425302
92.3191,2,92270630121,48425302
92.3241,15,92273162127,50939308
92.3266,12,92275694133,50939308
92.3292,7,92278226139,50939308
92.3317,4,92280758145,50939308
92.3342,6,92283308151,50939308
92.3368,13,92285831157,50939308
92.3421,5,92290877169,51196308
92.3549,14,92298739181,56128526
92.3624,1,92258071097,104307616
92.3649,3,92309019405,55882314
92.3674,0,92311542411,55882314
92.3699,11,92314065417,55882314
92.3725,10,92227335837,145134900
92.375,2,92319055423,55938320
92.38,15,92324101435,55891314
92.385,12,92326633441,58405320
92.3876,7,92329165447,58405320
92.3901,4,92331697453,58405320
92.3927,6,92334247459,58405320
92.3976,8,92288354163,109288622
92.4032,14,92354867707,48376296
92.4058,9,92301479393,104296616
92.4084,1,92362378713,45974302
92.4109,3,92364901719,45974302
92.4159,11,92369947731,45918296
92.4184,10,92372470737,45918296
92.4209,2,92374993743,45918296
92.4235,15,92379992749,43460296
92.4285,12,92385038761,43478296
92.431,7,92387570767,43478296
92.4336,4,92390102773,43478296
92.4361,6,92392652779,43478296
92.4387,13,92336770465,101883616
92.4412,8,92397642785,43534302
92.4465,14,92403244003,43272090
92.449,9,92405776009,43272090
92.4518,1,92408353015,43480296
92.4568,0,92367424725,89398592
92.4593,11,92415866027,43480296
92.4619,10,92418389033,43480296
92.4644,2,92420912039,43480296
92.4669,15,92423453045,43462296
92.4695,12,92428517057,40948290
92.4745,7,92431049063,43462296
92.477,4,92433581069,43462296
92.4821,6,92436131075,45976302
92.4846,13,92438654081,45976302
92.4872,8,92441177087,45976302
92.4897,5,92342073477,147602918
92.4922,14,92446516093,45710308
92.4948,9,92449048099,45710308
92.5051,3,92410876021,94258410
92.5077,0,92456823317,50834120
92.5102,11,92459346323,50834120
92.5154,2,92464392335,50995320
92.5179,15,92466915341,50995320
92.5304,7,92474511359,55911320
92.5355,4,92477043365,58425326
92.543,13,92484630383,58378320
92.5458,8,92487153389,58691320
92.5484,5,92489676395,58691320
92.5536,9,92494758407,58852520
92.5562,1,92451833311,104372622
92.5587,3,92505134431,53594508
92.5613,0,92507657437,53594508
92.5638,11,92510180443,53594508
92.5663,10,92461869329,104428628
92.5688,2,92515387655,53433308
92.5713,15,92517910661,53433308
92.5739,12,92469465347,104428628
92.579,7,92530422679,48544308
92.5815,4,92535468691,46048302
92.5841,6,92482107377,101968622
92.5891,8,92545844709,43221296
92.5916,5,92548367715,43221296
92.5941,14,92492226401,101912616
92.5967,9,92553610927,43060096
92.5992,1,92556205933,43033096
92.6042,0,92561251945,42977090
92.6071,11,92563774951,43290090
92.6096,10,92566297957,43290090
92.6123,2,92568820963,43507296
92.6149,15,92571343969,43507296
92.6174,12,92573893975,43489296
92.6224,4,92581516993,40892284
92.6275,6,92584075999,43397290
92.63,13,92543008703,86987592
92.6325,8,92589066005,43453296
92.635,5,92591589011,43453296
92.6376,14,92594139017,43453296
92.6452,1,92599239029,45911296
92.648,3,92558728939,89257392
92.6507,0,92604229035,46497508
92.6557,10,92609588047,46128502
92.6582,2,92612328259,45911296
92.6608,15,92614851265,45911296
92.6633,12,92617383271,45911296
92.6658,7,92578966987,86859586
92.6684,4,92622409277,45949302
92.6734,6,92627473289,45967302
92.676,13,92629996295,45967302
92.681,5,92635042307,45911296
92.686,14,92637592313,48425302
92.6885,9,92596671023,91878598
92.6936,1,92645150325,48490308
92.6962,3,92647986331,48177308
92.6987,0,92650726543,47960102
92.7061,2,92658239555,47904096
92.709,15,92660762561,48217096
92.7142,12,92663294567,50948308
92.7168,7,92665826573,50948308
92.7193,4,92668358579,50948308
92.7244,6,92673440591,50948308
92.7269,13,92675963597,50948308
92.7294,8,92632519301,96915610
92.732,5,92680953603,51004314
92.7345,14,92686017615,48508308
92.7371,9,92688549621,48508308
92.7472,1,92693640633,53536320
92.7502,3,92696163639,54066526
92.7528,0,92698686645,54066526
92.7553,11,92607065041,148211136
92.7578,10,92655716549,102082634
92.7603,2,92706143651,54178538
92.7628,15,92708979657,53865538
92.7679,12,92714242875,53657332
92.7704,7,92716774881,53657332
92.773,4,92719306887,53657332
92.778,6,92724388899,53657332
92.7806,13,92726911905,53657332
92.7831,8,92729434911,53657332
92.7856,5,92731957917,53657332
92.7882,14,92734525923,53648332
92.7907,9,92737057929,53648332
92.8033,1,92747176953,56133332
92.8061,3,92750230165,55820332
92.8086,0,92752753171,55820332
92.8114,11,92755276177,56133332
92.8139,10,92757799183,56133332
92.8165,2,92760322189,56133332
92.819,15,92762845195,56133332
92.8215,12,92767900207,53619326
92.8265,4,92772964219,53563320
92.8366,6,92778046231,58591332
92.8392,13,92780569237,58591332
92.8417,8,92783092243,58591332
92.8442,5,92785615249,58591332
92.8468,14,92788174255,58591332
92.8523,9,92790706261,61635544
92.865,3,92806050497,58913332
92.8675,0,92808573503,58913332
92.87,11,92811409509,58600332
92.8725,10,92813932515,58600332
92.8751,2,92816455521,58600332
92.8776,15,92818978527,58600332
92.8851,4,92826527539,58535326
92.8877,6,92836637563,51020308
92.8902,13,92839160569,51020308
92.8927,8,92841683575,51020308
92.8952,5,92844206581,51020308
92.8978,14,92846765587,51020308
92.9031,9,92852341805,50716308
92.9057,1,92803310285,102351834
92.9107,0,92867486835,43165290
92.9135,11,92870009841,43478290
92.916,10,92872532847,43478290
92.9185,2,92875055853,43478290
92.9211,15,92877578859,43478290
92.9236,12,92821519533,102069622
92.9336,6,92887657871,45947296
92.9386,8,92892703883,45891290
92.9411,5,92895226889,45891290
92.9437,7,92770432213,173217972
92.9487,14,92897785895,50919302
92.9593,1,92905662119,53598302
92.9618,3,92864963829,96819598
92.9643,0,92910652125,53654308
92.9668,11,92913488131,53341308
92.9694,10,92916011137,53341308
92.9719,2,92918534143,53341308
92.9744,15,92921057149,53341308
92.9769,12,92923589155,53341308
92.982,4,92885062865,96940610
92.9846,6,92933605167,50948314
92.9871,13,92890180877,96895610
92.9921,5,92941118179,50948314
92.9946,7,92943650185,50939314
92.9997,14,92948705197,50975314
93.005,9,92903058113,101894616
93.0125,3,92961783427,50745314
93.0154,0,92964306433,51058314
93.0179,11,92966829439,51058314
93.0204,10,92969352445,51058314
93.0229,2,92971875451,51058314
93.0255,15,92974398457,51058314
93.028,12,92976930463,51058314
93.0331,4,92982003475,51049314
93.0381,13,92987076487,50993308
93.0406,8,92938595173,101997628
93.0431,5,92992066493,51049314
93.0509,9,93004952729,45918290
93.0535,1,92959260421,94196604
93.056,3,93012528741,43451290
93.0588,0,93015364747,43451290
93.0613,11,93017887753,43451290
93.0639,10,93020410759,43451290
93.0664,2,93022933765,43451290
93.0689,15,93025456771,43451290
93.0714,12,93027988777,43451290
93.074,4,93033052789,40937284
93.0765,6,92984553481,91986598
93.0791,13,93038069795,40993290
93.0816,8,93040592801,40993290
93.0866,7,92994589499,91986598
93.0891,14,92999680511,89454592
93.0967,1,93053457025,43245090
93.0992,3,93055980031,43245090
93.102,0,93058816037,43149296
93.1045,11,93061339043,43149296
93.107,10,93063862049,43149296
93.1095,2,93066385055,43149296
93.1121,15,93068908061,43149296
93.1146,12,93071440067,43149296
93.1171,4,93073990073,43140296
93.125,13,93079063085,45911296
93.1275,8,93081586091,45911296
93.13,5,93043115807,86904586
93.1325,7,93086576097,45967302
93.1351,14,93089135103,45967302
93.1376,9,93050871019,86772392
93.1402,1,93096702115,43509302
93.1427,3,93099225121,43509302
93.1453,0,93101965333,43292096
93.1478,11,93104488339,43292096
93.1503,10,93107011345,43292096
93.153,2,93109534351,43509302
93.1556,15,93112057357,43509302
93.1581,12,93114589363,43509302
93.161,4,93117130369,43822302
93.1685,6,93076540079,91999610
93.1711,13,93124974381,46088314
93.1736,8,93127497387,46088314
93.1761,5,93130020393,46088314
93.1786,7,93132543399,46088314
93.1837,14,93135102405,48602320
93.1862,9,93137643411,48593320
93.1938,1,93140211417,53621332
93.1964,3,93142734423,53621332
93.1989,0,93145257429,53621332
93.2014,11,93147780435,53621332
93.2041,10,93150303441,53838538
93.2067,2,93153043653,53621332
93.2092,15,93155566659,53621332
93.2142,12,93158098665,56079332
93.2167,4,93160952671,55766332
93.2193,6,93168539689,50747320
93.2221,13,93171062695,51060320
93.2246,8,93173585701,51060320
93.2272,5,93176108707,51060320
93.2297,7,93178631713,51060320
93.2323,14,93183704725,48564314
93.2373,9,93186236731,51078320
93.2449,1,93193832749,51105320
93.2475,3,93196355755,51105320
93.25,0,93198878761,51105320
93.2552,10,93204141979,51049314
93.2577,2,93206664985,51049314
93.2602,15,93209187991,51049314
93.2631,12,93214177997,48913314
93.2681,6,93219287009,48830308
93.2706,13,93222123015,48517308
93.2732,8,93224646021,48517308
93.2807,14,93232269039,48396296
93.2832,9,93237315051,45891290
93.2858,1,93244938069,40863278
93.2883,3,93247461075,40863278
93.2908,0,93249984081,40863278
93.2934,11,93201401767,91968598
93.2959,10,93255191293,40702078
93.2984,2,93257714299,40702078
93.3009,15,93260237305,40702078
93.3037,12,93263091311,40597284
93.3062,4,93216719003,89510598
93.3088,6,93268117317,40653290
93.3113,13,93270640323,40653290
93.3138,8,93273163329,40653290
93.3163,5,93227169027,89170598
93.3189,7,93229692033,89170598
93.3267,1,93285801347,40921296
93.3292,3,93288324353,40921296
93.3318,0,93290847359,40921296
93.3343,11,93293370365,40921296
93.3368,10,93295893371,40921296
93.3393,2,93298416377,40921296
93.3419,15,93300939383,40921296
93.3444,12,93303688595,40704090
93.3469,4,93306229601,40704090
93.3495,6,93308770607,40704090
93.3545,8,93313816619,40648084
93.3572,5,93316339625,40865290
93.3597,7,93318862631,40865290
93.3623,14,93280665335,81630592
93.3651,9,93283206341,81925592
93.3677,1,93326722643,40977296
93.3702,3,93329245649,40977296
93.3727,0,93331768655,40977296
93.3753,11,93334291661,40977296
93.3778,10,93336814667,40977296
93.3803,2,93339337673,40977296
93.3828,15,93341860679,40977296
93.3854,12,93344392685,40977296
93.3879,4,93346933691,40977296
93.3905,6,93349474697,40977296
93.393,13,93311293613,81681386
93.3955,8,93354464703,41033302
93.398,5,93357204915,40816096
93.4008,7,93359727921,41033302
93.4033,14,93362295927,41033302
93.4059,9,93365131933,40720302
93.4134,1,93367699939,45748314
93.416,3,93370222945,45748314
93.4185,0,93372745951,45748314
93.4235,10,93377791963,45692308
93.4288,15,93382837975,45949302
93.4313,12,93385369981,45949302
93.4339,4,93387910987,45949302
93.4364,6,93390451993,45949302
93.4389,13,93392974999,45949302
93.4414,8,93395498005,45949302
93.444,5,93398021011,45949302
93.4465,7,93400761223,45732096
93.4491,14,93403329229,45732096
93.4516,9,93405852235,45732096
93.4569,1,93413448253,43462296
93.4594,3,93415971259,43462296
93.462,0,93418494265,43462296
93.4645,11,93375268957,89210610
93.4673,10,93423484271,43831302
93.4698,2,93380314969,89523610
93.4774,12,93431319283,46034308
93.4799,4,93433860289,46034308
93.4824,6,93436401295,46034308
93.485,13,93438924301,46034308
93.4875,8,93441447307,46034308
93.49,5,93443970313,46034308
93.4925,7,93446493319,46034308
93.4976,14,93449061325,48548314
93.5001,9,93451584331,48548314
93.5054,1,93456910549,48539314
93.508,3,93459433555,48539314
93.5105,0,93461956561,48539314
93.513,11,93464479567,48539314
93.5155,10,93467315573,48226314
93.5181,2,93469838579,48226314
93.5206,15,93428787277,91800622
93.5231,12,93477353591,45775314
93.5285,4,93479894597,48602320
93.531,6,93482435603,48602320
93.5336,13,93484958609,48602320
93.5361,8,93487481615,48602320
93.5386,5,93490004621,48602320
93.5411,7,93492527627,48602320
93.5462,14,93497609639,48620320
93.5488,9,93500132645,48620320
93.554,1,93505449863,48573314
93.5565,3,93507972869,48573314
93.5591,0,93510495875,48573314
93.5616,11,93513018881,48573314
93.5641,10,93515541887,48573314
93.5666,2,93518064893,48573314
93.5695,15,93520587899,48886314
93.572,12,93523128905,48877314
93.5746,4,93528496917,46059308
93.5771,6,93531037923,46059308
93.5821,8,93536083935,46003302
93.5846,5,93538606941,46003302
93.5871,7,93541129947,46003302
93.5897,14,93546229959,43489296
93.5922,9,93548752965,43489296
93.5948,1,93554023177,40814090
93.5974,3,93556546183,40814090
93.5999,0,93559069189,40814090
93.6076,2,93566638207,40919284
93.6101,15,93569474213,40606284
93.6126,12,93572006219,40606284
93.6152,4,93574556225,40597284
93.6177,6,93577097231,40597284
93.6202,13,93533560929,86656592
93.6227,8,93582087237,40653290
93.6253,5,93584610243,40653290
93.6278,7,93587133249,40653290
93.6307,14,93589719255,40948290
93.6332,9,93592242261,40948290
93.6383,1,93594837267,43435296
93.6408,3,93597360273,43435296
93.6433,0,93599883279,43435296
93.6458,11,93561592195,84249386
93.6484,10,93564115201,84249386
93.6511,2,93607557491,43547308
93.6536,15,93610080497,43547308
93.6612,4,93615153509,46007308
93.6637,6,93617694515,46007308
93.6662,13,93620217521,46007308
93.6687,8,93622740527,46007308
93.6716,5,93625263533,46320308
93.6766,14,93630667545,45951302
93.6791,9,93633190551,45951302
93.6817,1,93638272563,43455296
93.6843,3,93640795569,43455296
93.6868,0,93643318575,43455296
93.6893,11,93645841581,43455296
93.6918,10,93648364587,43455296
93.6968,15,93653627805,43182084
93.6993,12,93612612503,86729392
93.7021,4,93661160817,40948290
93.7047,6,93663701823,40948290
93.7072,13,93666224829,40948290
93.7097,8,93668747835,40948290
93.7122,5,93671583841,40635290
93.7147,7,93627786539,86955598
93.7173,14,93676618847,40691296
93.7198,9,93679141853,40691296
93.7274,1,93681727859,45710308
93.73,3,93684250865,45710308
93.7328,0,93686773871,46023308
93.7378,10,93691819883,45967302
93.7428,15,93696809889,45967302
93.7453,12,93699341895,45967302
93.7478,4,93702109107,45732096
93.7506,6,93704650113,45949302
93.7531,13,93707173119,45949302
93.7556,8,93709696125,45949302
93.7606,7,93714742137,45893296
93.7657,9,93719833149,45837290
93.7683,1,93727438167,40836278
93.7708,3,93729961173,40836278
93.7736,0,93732797179,40836278
93.7762,11,93689296877,86859586
93.7787,10,93737787185,40892284
93.7812,2,93651104799,130097676
93.7837,15,93742777191,40948290
93.7863,12,93745309197,40948290
93.7888,4,93747841203,40948290
93.7913,6,93750599415,40731084
93.7939,13,93753122421,40731084
93.7964,8,93755645427,40731084
93.7989,5,93712219131,86680386
93.8016,7,93760635433,41004296
93.8067,14,93717310143,89411598
93.8092,9,93765670439,43574308
93.8143,1,93768274445,46061314
93.8169,3,93770797451,46061314
93.8194,0,93773633457,45748314
93.8219,11,93776156463,45748314
93.8244,10,93778679469,45748314
93.827,2,93781202475,45748314
93.8295,15,93783725481,45748314
93.8348,4,93788789493,46005314
93.8373,6,93791330499,46005314
93.8399,13,93793853505,46005314
93.8424,8,93796376511,46005314
93.8449,5,93798899517,46005314
93.85,14,93806721741,43236096
93.8527,9,93809244747,43453302
93.8578,1,93814335759,43462302
93.8603,3,93816858765,43462302
93.8628,0,93819381771,43462302
93.8678,10,93824427783,43406296
93.8704,2,93826950789,43406296
93.8729,15,93829473795,43406296
93.8754,12,93786257487,89154610
93.8783,4,93834794807,43462296
93.8808,6,93837335813,43462296
93.8833,13,93839858819,43462296
93.8858,8,93842381825,43462296
93.8884,5,93844904831,43462296
93.8909,7,93801639729,89250404
93.8935,14,93849957837,43509302
93.896,9,93852698049,43292096
93.8986,1,93857798061,40778090
93.9038,0,93862844073,40939290
93.9063,11,93821904777,84401592
93.9088,10,93867834079,40995296
93.9114,2,93870357085,40995296
93.9139,15,93872880091,40995296
93.9164,12,93875412097,40995296
93.9189,4,93878257103,40682296
93.9215,6,93880798109,40682296
93.924,13,93883321115,40682296
93.9265,8,93885844121,40682296
93.929,5,93888367127,40682296
93.9341,14,93893467139,40626290
93.9369,9,93895990145,40939290
93.942,1,93898576151,43435296
93.9445,3,93860321067,84213386
93.9471,0,93903783363,43274096
93.9496,11,93906306369,43274096
93.9521,10,93908829375,43274096
93.9571,15,93913875387,43218090
93.9646,4,93918939399,45622084
93.9671,6,93921480405,45622084
93.9723,8,93926526417,45783284
93.9748,5,93929049423,45783284
93.9774,7,93890890133,86465580
93.9828,14,93934093429,48666296
93.9853,9,93936929435,48353296
93.9954,3,93944534453,50829296
93.9979,0,93947057459,50829296
94.0029,10,93952103471,50773290
94.0054,2,93911352381,94047386
94.0079,15,93957093477,50829296
94.0129,12,93916407393,96505386
94.0155,4,93964561483,50892302
94.0207,6,93967102489,53623514
94.0232,13,93924003411,99245598
94.0258,8,93972309701,53462314
94.0283,5,93974832707,53462314
94.0308,7,93977355713,53462314
94.0412,9,93985282731,55938320
94.0463,1,93942011447,104318616
94.0489,3,93995363749,53489320
94.0541,11,93949580465,104479816
94.0566,10,94002876761,53706526
94.0591,2,94005399767,53706526
94.0616,15,94007922773,53706526
94.0666,4,94015453785,51192520
94.0717,6,94020726003,51002314
94.0743,13,94023249009,51002314
94.0792,5,94028295021,50946308
94.0846,14,93982759725,101874610
94.0872,9,94041221051,45936290
94.0897,1,94046330063,43404284
94.0923,3,94048853069,43404284
94.0948,0,93997886755,96893604
94.0973,11,94054060281,43243084
94.0998,10,94056583287,43243084
94.1023,2,94059106293,43243084
94.1051,15,94061629299,43460290
94.1076,12,94012912779,94717816
94.1102,4,94066646305,43507296
94.1152,6,94071728317,43489296
94.1177,13,94074251323,43489296
94.1203,8,94025772015,94491610
94.1228,5,94079241329,43545302
94.1253,7,94030818027,94491610
94.1304,14,94084634335,45775314
94.1329,9,94087157341,45775314
94.138,1,94089734347,48224314
94.1405,3,94092257353,48224314
94.1433,0,94094780359,48537314
94.1483,10,94099826371,48481308
94.1508,2,94102349377,48481308
94.1561,12,94107630595,48425302
94.1586,4,94110153601,48425302
94.1611,6,94115217613,45911296
94.1637,13,94117740619,45911296
94.1662,8,94120263625,45911296
94.1687,5,94122786631,45911296
94.1712,7,94125309637,45911296
94.1763,14,94130409649,45920296
94.1789,9,94132932655,45920296
94.1868,1,94137958661,48821308
94.1893,3,94140481667,48821308
94.1943,11,94097303365,96989616
94.1993,2,94150830685,48452302
94.207,12,94156055897,50975308
94.2096,4,94158578903,50975308
94.2146,13,94163651915,50910302
94.2171,8,94166174921,50910302
94.2196,5,94168697927,50910302
94.2221,7,94171220933,50910302
94.2298,14,94176329945,53424308
94.2323,9,94178852951,53424308
94.2452,3,94189302975,55891314
94.2477,0,94143317673,104399622
94.2529,10,94148307679,104616828
94.2554,2,94199282987,56164526
94.258,15,94105089589,152880930
94.263,4,94209554211,53451314
94.2681,6,94161128909,106931628
94.2706,13,94214562217,56021326
94.2731,8,94217085223,56021326
94.2756,5,94219608229,56021326
94.2782,7,94222131235,56021326
94.2861,14,94229754253,56343326
94.2886,9,94232277259,56343326
94.2988,1,94186779969,111995640
94.3015,3,94245194289,56321532
94.304,0,94247717295,56321532
94.309,10,94252924507,56104326
94.314,15,94257970519,56048320
94.3191,12,94207031205,112042646
94.3216,4,94263005525,58591332
94.3316,13,94270583543,61058332
94.3366,5,94275629555,61002326
94.3417,14,94286097579,55605308
94.3442,9,94288620585,55605308
94.3524,1,94298775609,53621508
94.3574,0,94304038827,53348296
94.3624,10,94309028833,53348296
94.3649,2,94255447513,109452622
94.3699,11,94194292981,175597160
94.375,12,94319073851,55880302
94.3775,4,94321596857,55880302
94.38,6,94268060537,111975628
94.3826,13,94331641875,50917296
94.3851,8,94273106549,111975628
94.3876,5,94336631881,50973302
94.3904,7,94278152561,112288628
94.3955,14,94341702887,53829314
94.3981,9,94344225893,53829314
94.4109,3,94301515821,109378616
94.4159,10,94362377129,53516314
94.4184,2,94364900135,53516314
94.4209,15,94314018839,106920616
94.4235,11,94369890141,53572320
94.4285,12,94374954153,53590320
94.4311,4,94377477159,53590320
94.4336,6,94380036165,53563320
94.4361,13,94382559171,53563320
94.4386,8,94385082177,53563320
94.4436,7,94390441189,53194314
94.4515,9,94398055207,53460308
94.4569,1,94352397117,104480616
94.4594,3,94410894437,48506302
94.4644,2,94418416449,45974296
94.4669,15,94420939455,45974296
94.4694,11,94423462461,45974296
94.4745,12,94428544473,45974296
94.477,4,94431067479,45974296
94.4796,6,94433599485,45974296
94.4821,13,94436122491,45974296
94.4846,8,94438645497,45974296
94.4871,5,94387605183,99537616
94.4897,7,94443635503,46030302
94.4951,14,94395532201,99546616
94.4976,9,94451515515,46086308
94.5128,11,94469436757,43406290
94.5204,0,94357387123,163042942
94.5279,6,94479573781,48322290
94.5329,8,94484619793,48266284
94.5379,7,94489665805,48210278
94.5405,14,94495078817,45383272
94.543,9,94497601823,45383272
94.5456,10,94415893443,129686658
94.5481,2,94464390745,83712362
94.5506,15,94466913751,83712362
94.5561,3,94459400739,96745586
94.5638,0,94520430065,43321278
94.5663,12,94474518769,91755580
94.5688,4,94477041775,91755580
94.5713,6,94527896071,43433290
94.5739,13,94482096787,91755580
94.5764,8,94532886077,43489296
94.5789,5,94487142799,91755580
94.5814,7,94537876083,43545302
94.589,14,94540462089,48564314
94.5915,9,94542985095,48564314
94.5969,10,94545580101,51346320
94.5994,2,94548103107,51346320
94.602,15,94550626113,51346320
94.6047,11,94512843047,91869598
94.6097,3,94556146325,53592326
94.6123,1,94456877733,155383924
94.6148,0,94563751343,51051320
94.6198,4,94568797355,50995314
94.6223,6,94571329361,50995314
94.6248,13,94573852367,50995314
94.6274,8,94576375373,50995314
94.6299,5,94578898379,50995314
94.6324,7,94581421385,50995314
94.645,9,94591549409,53480314
94.6528,2,94599449427,53337514
94.6556,15,94601972433,53650514
94.6581,11,94604712645,53433308
94.6632,3,94609738651,53507314
94.6682,0,94614802663,53433308
94.6708,12,94566274349,104484628
94.6782,13,94624847681,53377302
94.6807,8,94627370687,53377302
94.6833,5,94629893693,53377302
94.6858,7,94632416699,53377302
94.6884,14,94589026403,99389604
94.6909,9,94645029723,45909290
94.6935,10,94596926421,96571598
94.6988,15,94655622947,43178078
94.7041,3,94663245965,40825272
94.7066,1,94612261657,94332586
94.7091,0,94668235971,40881278
94.7116,12,94670758977,40881278
94.7142,4,94619792669,94370592
94.7167,6,94622324675,94370592
94.7192,13,94678224983,40993290
94.7217,8,94680747989,40993290
94.7243,5,94683270995,40993290
94.7268,7,94685794001,40993290
94.7319,14,94688416007,43462296
94.7344,9,94690939013,43462296
94.7394,2,94652786941,86631374
94.7419,15,94698801025,43140296
94.7445,11,94658145953,86318374
94.7496,3,94704071237,45493102
94.7523,1,94706594243,45710308
94.7548,0,94709117249,45710308
94.7601,4,94714163261,45967302
94.7627,6,94716695267,45967302
94.7652,13,94719218273,45967302
94.7677,8,94721741279,45967302
94.7702,5,94724264285,45967302
94.7728,7,94726787291,45967302
94.7804,14,94731878303,48490308
94.7829,9,94734401309,48490308
94.788,10,94693498019,94457610
94.7905,2,94739418315,51060320
94.793,15,94741941321,51060320
94.8036,3,94749564339,53992526
94.8061,1,94752304551,53775320
94.8086,0,94754827557,53775320
94.8111,12,94711640255,99485628
94.8136,4,94760130563,53518326
94.8162,6,94762662569,53518326
94.8187,13,94765185575,53518326
94.8212,8,94767708581,53518326
94.8237,5,94770231587,53518326
94.8263,7,94772754593,53518326
94.8339,14,94780368611,53536326
94.8364,9,94782891617,53536326
94.844,10,94787955629,56059332
94.849,15,94793001641,56003326
94.8515,11,94744464327,107063646
94.8568,3,94803556865,53259320
94.8621,0,94808602877,53516314
94.8646,12,94811125883,53516314
94.8672,4,94813648889,53516314
94.8697,6,94816180895,53516314
94.8747,8,94821226907,53460308
94.8772,5,94823749913,53460308
94.8797,7,94826272919,53460308
94.8823,14,94833904937,48432296
94.8849,9,94836427943,48432296
94.8925,10,94844014961,48450296
94.895,2,94790478635,104509628
94.8975,15,94849004967,48506302
94.9056,3,94856816185,48792302
94.9081,1,94806079871,102051622
94.9107,0,94862119191,48535308
94.9132,12,94864642197,48535308
94.9157,4,94867165203,48535308
94.9182,6,94869697209,48535308
94.9208,13,94818703901,102051622
94.9233,8,94874687215,48591314
94.9283,7,94879733227,48535308
94.9383,9,94884860239,53480314
94.9459,2,94894988263,50910302
94.9484,15,94897511269,50910302
94.9509,11,94851527973,99416604
94.9563,3,94905608487,50653308
94.9616,0,94910654499,50910308
94.9641,12,94913177505,50910308
94.9666,4,94915700511,50910308
94.9691,6,94918232517,50910308
94.9741,8,94923278529,50854302
94.9767,5,94877210221,99445616
94.9792,7,94928268535,50910308
94.9918,14,94882337233,109501640
94.9944,9,94938340553,56021326
94.9994,10,94892465257,106969634
95.0072,11,94950944577,56260326
95.0125,3,94956261795,56260326
95.0224,4,94966610819,55837308
95.025,6,94969142825,55837308
95.0275,13,94920755523,106747616
95.03,8,94974132831,55893314
95.0325,5,94976655837,55893314
95.0351,7,94979178843,55893314
95.0427,9,94994361879,48322290
95.0452,10,94999434891,45808284
95.0478,2,94945898565,101867616
95.0505,15,94948421571,102084822
95.0556,3,95012522121,43037278
95.0581,1,94908131493,149950912
95.0606,0,94961564807,99040604
95.0634,12,94964087813,99353604
95.066,4,95022448127,43516296
95.0685,6,95024980133,43516296
95.071,13,95027503139,43516296
95.0785,7,95035072157,43404284
95.0811,14,94991838873,89232574
95.0836,9,95042684169,40910284
95.0886,10,95045243175,43406290
95.0912,2,95047766181,43406290
95.0937,15,95050506393,43189084
95.0987,3,95055559399,43180084
95.1037,0,95060605411,43124078
95.1066,12,95063441417,43124078
95.1091,4,95065964423,43124078
95.1144,6,95068496429,45855290
95.1169,13,95071019435,45855290
95.1194,8,95030026145,89371586
95.1219,5,95032549151,89371586
95.1244,7,95078476441,45967302
95.1295,14,95081071447,48463308
95.1321,9,95083594453,48463308
95.1396,10,95088649465,50995314
95.1422,2,95091172471,50995314
95.1447,15,95093695477,50995314
95.1472,11,95007204903,140008894
95.1525,3,95098739483,53782532
95.1575,0,95103729489,53782532
95.16,12,95106565495,53469532
95.165,6,95114351719,50691314
95.1679,13,95116874725,51004314
95.1704,8,95119397731,51004314
95.1729,5,95121920737,51004314
95.1754,7,95124443743,51004314
95.178,14,95129534755,48508308
95.1806,9,95132057761,48508308
95.1856,10,95139644779,46003302
95.1882,2,95142167785,46003302
95.1932,11,95147213797,45947296
95.1983,3,95152522015,45757090
95.2033,0,95157512021,45757090
95.2162,8,95170402045,45799284
95.2187,5,95172925051,45799284
95.2212,7,95175448057,45799284
95.2238,1,95058082405,165687942
95.2263,14,95178043063,48295290
95.2289,9,95180566069,48295290
95.2314,10,95185648081,45772284
95.2339,2,95188171087,45772284
95.2365,15,95144690791,91775586
95.239,11,95193161093,45828290
95.2466,0,95203269111,43296284
95.2491,12,95160035027,89053374
95.2516,4,95109088501,142522906
95.2568,13,95167879039,88948580
95.2618,5,95218724335,43093290
95.2643,7,95221247341,43093290
95.2669,1,95223770347,43093290
95.2722,9,95228861359,43368284
95.2748,10,95231420365,43350284
95.2773,2,95233943371,43350284
95.2798,15,95236466377,43350284
95.2823,11,95238989383,43350284
95.2849,3,95198279105,86646568
95.2874,0,95246565395,40883284
95.2924,4,95251611407,40827278
95.295,6,95165043033,129927658
95.2975,13,95256827619,40666078
95.3002,8,95216201329,84032580
95.3028,5,95261817625,40939290
95.3053,7,95264340631,40939290
95.3078,1,95266863637,40939290
95.3157,14,95226338353,89391592
95.3183,9,95272229643,46023308
95.3208,10,95274770649,46023308
95.3233,2,95277293655,46023308
95.3258,15,95279816661,46023308
95.3284,11,95282339667,46023308
95.3334,3,95284925673,48519314
95.336,0,95287448679,48519314
95.3385,12,95249088401,89402598
95.341,4,95292438685,48575320
95.3435,6,95294970691,48575320
95.3461,13,95297493697,48575320
95.3486,8,95300233909,48358114
95.3536,7,95305279921,48302108
95.3561,1,95307802927,48302108
95.3589,14,95315729945,43205302
95.3615,9,95318252951,43205302
95.364,10,95320793957,43205302
95.3665,2,95323316963,43205302
95.369,15,95325839969,43205302
95.3719,11,95328362975,43518302
95.377,3,95333444987,43536302
95.3795,0,95335967993,43536302
95.382,12,95338490999,43536302
95.3846,4,95341014005,43536302
95.3871,6,95343546011,43536302
95.3896,13,95346069017,43536302
95.3921,8,95348592023,43536302
95.3947,5,95302756915,91894416
95.3972,7,95353582029,43592308
95.3997,1,95356105035,43592308
95.405,14,95358935247,46088314
95.4075,9,95361458253,46088314
95.4129,2,95366522265,46345314
95.4154,15,95369045271,46345314
95.4179,11,95371881277,46032314
95.423,3,95376981289,46032314
95.4305,4,95384550307,45922302
95.433,6,95387082313,45922302
95.4355,13,95389605319,45922302
95.4381,8,95392128325,45922302
95.4406,5,95394651331,45922302
95.4431,7,95397174337,45922302
95.4456,1,95399697343,45922302
95.4535,14,95405023561,48436308
95.456,9,95407546567,48436308
95.4585,10,95363999259,94524622
95.461,2,95412867579,48179308
95.4636,15,95415390585,48179308
95.4661,11,95417913591,48179308
95.4712,3,95423013603,48179308
95.474,0,95379504295,94524622
95.4766,12,95382027301,94524622
95.4791,4,95430472609,48602320
95.4816,6,95433004615,48602320
95.4866,8,95438050627,48546314
95.4891,5,95440573633,48546314
95.4916,7,95443096639,48546314
95.4942,1,95445619645,48546314
95.5045,14,95453459869,51087320
95.5071,9,95455982875,51087320
95.5121,10,95458523881,53601326
95.515,2,95461046887,53914326
95.5175,15,95463569893,53914326
95.5251,3,95471192911,53858320
95.5276,0,95474028917,53545320
95.5301,12,95476551923,53545320
95.5326,4,95479074929,53545320
95.5401,13,95435527621,104605640
95.5427,8,95486596941,56059326
95.5452,5,95489119947,56059326
95.5477,7,95491642953,56059326
95.5604,14,95504547189,55891308
95.563,9,95507070195,55891308
95.568,10,95512125207,55909308
95.5706,2,95514961213,55596308
95.5731,15,95517484219,55596308
95.5759,11,95466092899,109823634
95.5835,0,95527574237,55909308
95.5885,4,95532620249,55853302
95.591,6,95481606935,109407622
95.5935,13,95540133261,53404302
95.5961,8,95542656267,53404302
95.5986,5,95545179273,53404302
95.6013,7,95547702279,53621508
95.6089,14,95560438497,48488302
95.6114,9,95562961503,48488302
95.6168,10,95568034515,48801302
95.6194,2,95570557521,48801302
95.6219,15,95573080527,48801302
95.6244,11,95575916533,48488302
95.627,3,95525051231,101939610
95.632,12,95530097243,101883604
95.6345,4,95588473551,46030302
95.637,6,95591014557,46021302
95.6396,13,95593537563,46021302
95.6421,8,95596060569,46021302
95.6446,5,95598583575,46021302
95.6471,7,95601323787,45804096
95.6497,1,95494165959,155484930
95.6575,14,95608926799,48564314
95.66,9,95611449805,48564314
95.6676,10,95616835817,50765320
95.6726,15,95621881829,50709314
95.6751,11,95624404835,50709314
95.683,0,95583483545,99492616
95.6855,12,95631980847,53518320
95.6905,6,95637035859,53462314
95.693,13,95639558865,53462314
95.698,5,95644604877,53406308
95.7058,14,95657491113,48293284
95.7083,9,95660014119,48293284
95.7109,10,95667601137,43283272
95.7134,2,95619358823,94048592
95.7159,15,95672591143,43339278
95.7185,11,95675114149,43339278
95.7213,3,95626990841,94352592
95.7239,0,95682976161,40890278
95.7264,12,95685499167,40890278
95.7289,4,95634503853,94408598
95.7314,6,95690498173,40946284
95.734,13,95693021179,40946284
95.7365,8,95642081871,94408598
95.739,5,95698011185,41002290
95.7415,7,95647127883,94408598
95.7441,1,95649650889,94408598
95.7467,14,95705784397,40870096
95.7492,9,95708307403,40870096
95.7519,10,95710884409,41060302
95.7545,2,95713407415,41060302
95.7595,11,95718453427,41004296
95.7645,0,95723866439,40626290
95.767,12,95726389445,40626290
95.7695,4,95728912451,40626290
95.7721,6,95731444457,40626290
95.7746,13,95733967463,40626290
95.7771,8,95736490469,40626290
95.78,5,95739013475,40939290
95.7825,7,95741536481,40939290
95.785,1,95744059487,40939290
95.7876,14,95746654493,40921290
95.7901,9,95749177499,40921290
95.7927,10,95751944711,40722084
95.7952,2,95754467717,40722084
95.7977,15,95715930421,81782386
95.8005,11,95759457723,40995296
95.803,3,95721343433,81677592
95.8055,0,95764492729,41051302
95.8081,12,95767015735,41051302
95.8106,4,95769538741,41051302
95.8131,6,95772070747,41051302
95.8156,13,95774593753,41051302
95.8182,8,95777116759,41051302
95.8207,5,95779952765,40738302
95.8235,7,95782475771,41051302
95.8261,1,95784998777,41051302
95.8286,14,95787575783,41051302
95.8312,9,95790098789,41051302
95.8337,10,95792666795,41033302
95.8362,2,95795189801,41033302
95.8387,15,95797712807,41033302
95.8413,11,95800453019,40816096
95.8438,3,95803021025,40816096
95.8464,0,95805544031,40816096
95.8489,12,95808067037,40816096
95.8541,6,95813122049,40977296
95.8566,13,95815645055,40977296
95.8591,8,95818168061,40977296
95.8617,5,95820691067,40977296
95.8642,7,95823527073,40664296
95.8667,1,95826050079,40664296
95.8693,14,95828627085,40664296
95.8718,9,95831150091,40664296
95.8744,10,95833700097,40664296
95.8769,2,95836223103,40664296
95.8794,15,95838746109,40664296
95.8819,11,95841269115,40664296
95.8898,3,95843837121,46005308
95.8924,0,95846360127,46005308
95.8949,12,95848883133,46005308
95.8974,4,95810590043,86821404
95.8999,6,95854099345,45844108
95.9049,8,95859145357,45788102
95.9099,7,95864191369,45732096
95.9152,14,95869291381,45893296
95.9177,9,95871814387,45893296
95.9228,10,95874364393,48407302
95.9256,2,95876887399,48720302
95.9281,15,95879410405,48720302
95.9307,11,95881933411,48720302
95.9358,3,95889842429,45920296
95.9383,0,95892365435,45920296
95.9408,12,95894888441,45920296
95.9433,4,95897411447,45920296
95.9459,6,95899943453,45920296
95.9535,5,95861668363,91869598
95.9561,7,95909923465,46137502
95.9586,1,95866714375,91869598
95.9612,14,95915184677,45994302
95.9637,9,95917707683,45994302
95.9688,10,95922771695,46003302
95.9713,2,95925607701,45690302
95.9738,15,95928130707,45690302
95.9763,11,95930653713,45690302
95.9893,0,95938285731,50966308
95.9918,12,95940808737,50966308
95.9943,4,95943331743,50966308
95.9968,6,95945863749,50966308
95.9994,13,95856622351,142730712
96.0021,8,95904933459,97159816
96.0046,5,95953537961,51078320
96.0096,1,95958583973,51022314
96.0122,14,95961178979,51004314
96.0147,9,95963701985,51004314
96.0197,2,95971298003,48434302
96.0223,15,95973821009,48434302
96.0248,11,95976344015,48434302
96.0277,3,95935762725,91941598
96.0327,12,95991775045,40919284
96.0377,6,95996830057,40863278
96.0402,13,95999353063,40863278
96.0427,8,96002093275,40646072
96.0453,5,96004616281,40646072
96.0478,7,95956060967,91724392
96.0503,1,96009606287,40702078
96.0531,14,96012183293,40919284
96.0556,9,96014706299,40919284
96.0607,10,95968774997,91914598
96.0632,2,96019732305,43480296
96.0657,15,96022255311,43480296
96.0683,11,96024778317,43480296
96.0733,3,96027704323,45636302
96.0759,0,95989252039,86611592
96.0784,12,96032694329,45692308
96.0809,4,95994298051,86611592
96.0834,6,96037693335,45748314
96.086,13,96040216341,45748314
96.0888,8,96042739347,46061314
96.0938,7,96047785359,46005308
96.0963,1,96050308365,46005308
96.0989,14,96053102577,45806102
96.1016,9,96055625583,46023308
96.1067,10,96060689595,46032308
96.1117,15,96065735607,45976302
96.1142,11,96068258613,45976302
96.1193,3,96073340625,45994302
96.1219,0,96075863631,45994302
96.1244,12,96078386637,45994302
96.1269,4,96080909643,45994302
96.1323,6,96083441649,48821308
96.1348,13,96085964655,48821308
96.1398,5,96045262353,94513616
96.1423,7,96093790667,48508308
96.1448,1,96096313673,48508308
96.1474,14,96098908679,48490308
96.1499,9,96101648891,48273102
96.1552,10,96106721903,48490308
96.1577,2,96063212601,94522616
96.1627,11,96114234915,48490308
96.1678,3,96119334927,48490308
96.1703,0,96121857933,48490308
96.1729,12,96124380939,48490308
96.1754,4,96126903945,48490308
96.1779,6,96132262957,45681302
96.1805,13,96134785963,45681302
96.183,8,96088800661,94189610
96.1855,5,96139775969,45737308
96.188,7,96142298975,45737308
96.1909,1,96144821981,46050308
96.196,14,96147398987,48564314
96.1985,9,96149921993,48564314
96.2013,10,96155212211,46050308
96.2063,15,96111711909,94540616
96.2088,11,96162725223,46050308
96.2164,3,96167825235,48564314
96.2189,0,96170348241,48564314
96.2214,12,96172871247,48564314
96.2289,13,96180467265,48434302
96.2317,8,96182990271,48747302
96.2343,5,96185513277,48747302
96.2368,7,96188036283,48747302
96.2393,1,96190872289,48434302
96.2444,14,96195963301,48452302
96.2469,9,96198486307,48452302
96.2622,3,96216389549,45779278
96.2647,0,96218912555,45779278
96.2672,12,96221435561,45779278
96.2697,4,96175394253,94343592
96.2723,6,96177944259,94325592
96.2748,13,96228901567,45891290
96.2773,8,96231737573,45578290
96.2798,5,96234260579,45578290
96.2824,7,96236783585,45578290
96.2849,1,96239306591,45578290
96.2928,14,96244415603,48405296
96.2978,10,96201262519,96584386
96.3006,2,96157735217,142851900
96.3031,15,96206252525,96857598
96.3056,11,96208775531,96857598
96.3107,3,96262168827,48564314
96.3133,0,96264691833,48564314
96.3158,12,96267214839,48564314
96.3183,4,96269737845,48564314
96.3233,13,96274792857,48508308
96.3258,8,96277315863,48508308
96.3283,5,96279838869,48508308
96.3309,7,96282361875,48508308
96.3337,1,96284884881,48821308
96.3388,14,96292820899,46003302
96.3413,9,96246938609,94408598
96.3439,10,96297846905,46050308
96.3464,2,96300587117,45833102
96.3489,15,96303110123,45833102
96.3515,11,96305633129,45833102
96.3593,3,96310733141,48564314
96.3618,0,96313256147,48564314
96.3643,12,96315779153,48564314
96.3669,4,96318302159,48564314
96.3694,6,96272269851,97128628
96.3719,13,96323301165,48620320
96.3744,8,96325824171,48620320
96.3794,7,96330870183,48564314
96.382,1,96333706189,48251314
96.3871,14,96338824201,48233314
96.3921,10,96343897213,48177308
96.3949,2,96346420219,48490308
96.3974,15,96348943225,48490308
96.4,11,96351466231,48490308
96.4053,3,96359297455,45994302
96.4103,12,96364343467,45938296
96.4128,4,96366866473,45938296
96.4153,6,96369398479,45938296
96.4179,13,96371921485,45938296
96.4204,8,96374444491,45938296
96.4229,5,96328347177,94558616
96.4279,1,96381957503,45938296
96.433,14,96387057515,45938296
96.4383,10,96392074521,46251302
96.4408,2,96394910527,45938302
96.4458,11,96399956539,45882296
96.4484,3,96405291757,43151084
96.4534,12,96410281763,43151084
96.456,4,96412804769,43151084
96.4587,6,96415336775,43368290
96.4612,13,96417859781,43368290
96.4638,8,96420382787,43368290
96.4663,5,96422905793,43368290
96.4713,1,96427895799,43368290
96.4764,14,96432995811,43368290
96.4789,9,96341347207,137539900
96.4865,10,96438325823,48139302
96.489,2,96440848829,48139302
96.4915,15,96397433533,94077604
96.494,11,96445838835,48195308
96.4969,3,96448442841,48481308
96.4994,0,96361820461,137626694
96.502,12,96453432847,48537314
96.507,6,96458705065,48264102
96.5095,13,96461228071,48264102
96.5145,5,96466274083,48208096
96.517,7,96379434497,137570688
96.5197,1,96471264089,48481308
96.5223,14,96476364101,45967302
96.5249,9,96478887107,45967302
96.5299,10,96486465125,43480296
96.5325,2,96488988131,43480296
96.535,15,96491511137,43480296
96.5375,11,96494034143,43480296
96.5479,0,96499447155,48452302
96.5506,12,96501970161,48669508
96.5532,4,96455955853,97206822
96.5557,6,96506969167,48725514
96.5582,13,96509492173,48725514
96.5632,5,96514482179,48725514
96.5682,1,96519745397,48452302
96.5708,14,96522331403,48434302
96.5733,9,96524854409,48434302
96.5759,10,96529945421,45911296
96.5784,2,96532468427,45911296
96.5809,15,96534991433,45911296
96.5834,11,96537514439,45911296
96.5885,0,96547899457,40597284
96.591,12,96550639669,40380078
96.5935,4,96553162675,40380078
96.5961,6,96555694681,40380078
96.5986,13,96558217687,40380078
96.6014,8,96463751077,137682694
96.6066,7,96517005185,89635798
96.6092,1,96568197699,40966290
96.6117,14,96570765705,40966290
96.6143,9,96573288711,40966290
96.6168,10,96575856717,40948290
96.6193,2,96578379723,40948290
96.6219,15,96580902729,40948290
96.6244,11,96583425735,40948290
96.627,3,96496924149,130026882
96.6295,0,96588496741,40977296
96.632,12,96591019747,40977296
96.637,6,96596074759,40921290
96.6395,13,96598597765,40921290
96.6424,8,96601433771,40921290
96.6473,7,96606640983,40704084
96.6499,1,96609163989,40704084
96.6577,14,96611731995,45949302
96.6602,9,96614255001,45949302
96.6628,10,96616805007,45949302
96.6653,2,96619328013,45949302
96.6678,15,96621851019,45949302
96.6703,11,96624374025,45949302
96.6754,3,96626951031,48463308
96.6779,0,96629474037,48463308
96.6829,4,96593542753,89384598
96.6855,6,96636996049,48463308
96.688,13,96639519055,48463308
96.6905,8,96642355061,48150308
96.693,5,96563207693,129820682
96.6956,7,96647345067,48206314
96.6981,1,96649868073,48206314
96.7009,14,96657681297,43223302
96.7037,9,96660204303,43536302
96.7063,10,96662754309,43536302
96.7088,2,96665277315,43536302
96.7113,15,96667800321,43536302
96.7139,11,96670323327,43536302
96.7215,3,96675414339,46059308
96.724,0,96677937345,46059308
96.7265,12,96631997043,94522616
96.729,4,96682927351,46115314
96.7341,6,96685459357,48629320
96.7366,13,96687982363,48629320
96.7391,8,96690505369,48629320
96.7417,5,96693028375,48629320
96.7445,7,96695551381,48942320
96.747,1,96698074387,48942320
96.7496,14,96700904599,48698114
96.7521,9,96703740605,48385114
96.7574,10,96706290611,51060320
96.7599,2,96708813617,51060320
96.7624,15,96711336623,51060320
96.7649,11,96713859629,51060320
96.7725,0,96723996653,48508308
96.775,12,96726519659,48508308
96.7776,4,96729042665,48508308
96.7801,6,96734088677,46003302
96.7851,8,96739134689,45947296
96.7876,5,96741657695,45947296
96.7901,7,96744493701,45634296
96.7927,1,96747016707,45634296
96.7952,14,96749602713,45625296
96.7978,9,96752125719,45625296
96.8005,10,96757350931,43176296
96.8058,15,96762396943,43433296
96.8084,11,96764919949,43433296
96.8109,3,96721473647,89474604
96.8135,0,96772504961,40966296
96.816,12,96775027967,40966296
96.8185,4,96777550973,40966296
96.821,6,96780091979,40948296
96.8236,13,96736611683,86951598
96.8261,8,96785081985,41004302
96.8286,5,96787604991,41004302
96.8311,7,96790127997,41004302
96.8337,1,96792651003,41004302
96.8362,14,96795228009,41004302
96.8388,9,96797751015,41004302
96.8438,10,96800527227,43301102
96.8467,2,96759873937,86790398
96.8492,15,96805830239,43357102
96.8519,11,96808353245,43574308
96.8595,3,96810948251,48593320
96.8621,0,96813471257,48593320
96.8646,12,96815994263,48593320
96.8671,4,96818517269,48593320
96.8696,6,96821040275,48593320
96.8722,13,96823563281,48593320
96.8747,8,96826086287,48593320
96.8772,5,96828609293,48593320
96.8797,7,96831132299,48593320
96.8822,1,96833655305,48593320
96.8923,9,96838755317,53565326
96.8999,10,96843828329,56079332
96.9026,2,96846664335,55983538
96.9052,15,96849187341,55983538
96.908,11,96851927553,56079332
96.9106,3,96859541571,51078320
96.9156,12,96864587583,51022314
96.9181,4,96867110589,51022314
96.9207,6,96869633595,51022314
96.9232,13,96872156601,51022314
96.9257,8,96874679607,51022314
96.9282,5,96877202613,51022314
96.9307,7,96879725619,51022314
96.9333,1,96882248625,51022314
96.9359,14,96836232311,99642634
96.9384,9,96892320643,46077308
96.941,10,96899907661,41058296
96.9435,2,96902647873,40841090
96.946,15,96905170879,40841090
96.9488,11,96908006885,40841090
96.9541,3,96910619891,43489296
96.9566,0,96862064577,94567616
96.9592,12,96915609897,43545302
96.9617,4,96918132903,43545302
96.9642,6,96920655909,43545302
96.9667,13,96923178915,43545302
96.9692,8,96925701921,43545302
96.9718,5,96928224927,43545302
96.9743,7,96930747933,43545302
96.9768,1,96933270939,43545302
96.9819,14,96935874945,46032308
96.9844,9,96938397951,46032308
96.987,10,96940965957,46005308
96.9895,2,96943488963,46005308
96.992,15,96946011969,46005308
96.9945,11,96948847975,45692308
97.0024,3,96954109187,48280320
97.0049,0,96956632193,48280320
97.0074,12,96959155199,48280320
97.0103,4,96961678205,48593320
97.0128,6,96964201211,48593320
97.0153,13,96966724217,48593320
97.0178,8,96969247223,48593320
97.0204,5,96971770229,48593320
97.0229,7,96974293235,48593320
97.0305,14,96981907253,48546314
97.0355,10,96986971265,48490308
97.038,2,96989494271,48490308
97.0405,15,96992017277,48490308
97.043,11,96994540283,48490308
97.0509,0,97004912513,45987090
97.0536,12,97007435519,46204296
97.0562,4,97010271525,45891296
97.0587,6,97012794531,45891296
97.0612,13,97015317537,45891296
97.0637,8,97017840543,45891296
97.0663,5,97020363549,45891296
97.0688,7,97022886555,45891296
97.0713,1,96976816241,94484616
97.0739,14,97030453567,43433296
97.0764,9,96984430259,91979610
97.0814,2,97037984579,43433296
97.0839,15,97040507585,43433296
97.0865,11,97043030591,43433296
97.0966,0,97050899603,45663302
97.0991,12,97053639815,45446096
97.1016,4,97056162821,45446096
97.1043,6,97058685827,45663302
97.1069,13,97061208833,45663302
97.1094,8,97063731839,45663302
97.1122,5,97066254845,45976302
97.1148,7,97068777851,45976302
97.1173,1,97071300857,45976302
97.1199,14,97073886863,45967302
97.1224,9,97076409869,45967302
97.1249,10,97035461573,89456604
97.1274,2,97081417875,46023308
97.13,15,97083940881,46023308
97.1325,11,97086463887,46023308
97.1376,3,97002389507,135224700
97.1401,0,97096562905,43574308
97.1427,12,97099085911,43574308
97.1452,4,97101608917,43574308
97.1477,6,97104349129,43357102
97.1557,5,97112231147,43462302
97.1582,7,97114754153,43462302
97.1607,1,97117277159,43462302
97.1633,14,97119854165,43462302
97.1658,9,97122377171,43462302
97.1708,2,97127441183,43406296
97.1734,15,97129964189,43406296
97.1759,11,97132487195,43406296
97.1785,3,97137614207,40883290
97.181,0,97140137213,40883290
97.1835,12,97142660219,40883290
97.1861,4,97145183225,40883290
97.1886,6,97147706231,40883290
97.1911,13,97106872135,84240392
97.1936,8,97109395141,84240392
97.1962,5,97155693449,40465090
97.1987,7,97158216455,40465090
97.2012,1,97160739461,40465090
97.209,9,97165839473,43140296
97.2115,10,97124918177,86602598
97.2144,2,97170847479,43509302
97.2169,15,97173370485,43509302
97.2194,11,97175893491,43509302
97.2295,3,97178497497,50977314
97.232,0,97181020503,50977314
97.2345,12,97183543509,50977314
97.237,4,97186066515,50977314
97.242,13,97191112527,50921308
97.2446,8,97193635533,50921308
97.2471,5,97196158539,50921308
97.2496,7,97198681545,50921308
97.2523,1,97201204551,51138514
97.2628,9,97208979769,53786246
97.2678,2,97214356781,53417240
97.2703,15,97216879787,53417240
97.2728,11,97219402793,53417240
97.283,3,97229474811,53518246
97.2855,0,97231997817,53518246
97.288,12,97234520823,53518246
97.2906,4,97237043829,53518246
97.2931,6,97188589521,104495560
97.2981,8,97244556841,53518246
97.3006,5,97247079847,53518246
97.3134,14,97163316467,150073850
97.3162,9,97262766015,53460308
97.3213,10,97211520775,109760560
97.3263,15,97270297027,55974314
97.3288,11,97272820033,55974314
97.3365,3,97282993057,53460308
97.339,0,97285516063,53460308
97.344,4,97290562075,53404302
97.3465,6,97293085081,53404302
97.349,13,97242033835,106978554
97.354,5,97300598093,53404302
97.3565,7,97249602853,106922548
97.3671,9,97316226323,50890296
97.3722,10,97321281335,50908296
97.3747,2,97267774021,106938616
97.3772,15,97326271341,50964302
97.3798,11,97328794347,50964302
97.3974,0,97338976371,58432314
97.3999,12,97288039069,111892622
97.4027,4,97343966377,58705526
97.4052,6,97346489383,58705526
97.4077,13,97349012389,58705526
97.4102,8,97298075087,112165834
97.4128,5,97354002395,58761532
97.4153,7,97356525401,58761532
97.4178,1,97252343065,165466874
97.4257,14,97313390317,112346640
97.4308,10,97372189631,58573332
97.4358,15,97377235643,58517326
97.4484,3,97336453365,111966628
97.4534,12,97399931691,53478308
97.4559,4,97402671903,53261102
97.4615,13,97407717915,53735308
97.464,8,97410240921,53735308
97.469,7,97415286933,53679302
97.4715,1,97417809939,53679302
97.4766,14,97425736957,50861296
97.4816,10,97430762963,50852296
97.4866,15,97435752969,50852296
97.4891,11,97379758649,109369622
97.4943,3,97448419993,45853290
97.4968,0,97397408685,99387604
97.4993,12,97453409999,45909296
97.5068,13,97461453223,45323078
97.512,5,97412763927,99219586
97.5145,7,97468966235,45540284
97.517,1,97471489241,45540284
97.5224,14,97476598253,45835284
97.525,9,97367116619,157839924
97.5275,10,97481615259,45891290
97.53,2,97374712637,155316918
97.535,11,97489128271,45891290
97.5401,3,97494273283,45864290
97.5427,0,97496796289,45864290
97.5477,4,97455933005,91717580
97.5502,6,97405194909,144978682
97.5552,8,97463976229,91187368
97.5579,5,97511983513,45920296
97.5604,7,97514506519,45920296
97.5658,14,97522433537,43350284
97.5683,9,97524956543,43350284
97.5758,2,97530029555,45808284
97.5784,15,97486605265,91755580
97.5809,11,97535019561,45864290
97.591,0,97542660579,48322290
97.5935,12,97499319295,94186580
97.596,4,97547650585,48378296
97.5986,6,97550173591,48378296
97.6011,13,97506776301,94298592
97.6038,8,97555163597,48651508
97.6063,5,97557903809,48434302
97.6089,7,97560426815,48434302
97.6114,1,97517029525,94354598
97.619,14,97565783821,53196320
97.6268,10,97527506549,99270604
97.6293,2,97575837839,53462320
97.6318,15,97578360845,53462320
97.6343,11,97580883851,53462320
97.6445,0,97590982869,53480320
97.6495,4,97596028881,53424314
97.652,6,97598551887,53424314
97.6572,8,97603815105,53368308
97.6597,5,97606338111,53368308
97.6622,7,97608861117,53368308
97.6651,1,97611384123,53681308
97.6702,14,97618980141,51194302
97.6727,9,97568306827,104390622
97.6803,10,97626777153,53507314
97.6828,2,97629300159,53507314
97.6853,15,97631823165,53507314
97.6879,11,97634346171,53507314
97.7007,0,97644463189,56238526
97.7057,4,97649453195,56238526
97.7156,5,97659706419,55909308
97.7206,1,97665065431,55540302
97.726,14,97670174443,55835302
97.7285,9,97672697449,55835302
97.7336,10,97680284467,53339296
97.7411,11,97687853485,53227284
97.7462,0,97700701715,45533066
97.7488,12,97593505875,155251912
97.7513,4,97705691721,45589072
97.754,6,97651976201,102044804
97.759,8,97657183413,101827598
97.7767,9,97728532751,48208278
97.7793,13,97601074893,178189142
97.7843,10,97733623763,50713284
97.7893,15,97685330479,103996574
97.7919,11,97741080769,50769290
97.8019,12,97748757787,53182290
97.8047,4,97751280793,53399496
97.8072,6,97754021005,53182290
97.8097,8,97759011011,50724290
97.8123,5,97715615727,96642580
97.8197,7,97662229425,157505888
97.8301,9,97776741029,53370308
97.8327,10,97784337047,48351296
97.8352,2,97682807473,152403876
97.8402,11,97791850059,48351296
97.8577,4,97804680289,53068090
97.8627,5,97812258307,50480078
97.8677,1,97720605733,147122658
97.8733,7,97819735313,53578296
97.8759,3,97540137573,335717042
97.8784,13,97779264035,99122586
97.8809,14,97726009745,154917882
97.8835,9,97830111337,53339296
97.8885,10,97832688343,55826302
97.8935,15,97789327053,104177598
97.896,11,97840201355,55826302
97.9039,0,97746234781,157678100
97.9114,6,97807203295,104166592
97.9139,1,97867728391,46164502
97.9264,14,97880927627,45493278
97.9289,9,97883450633,45493278
97.9343,2,97835211349,99080568
97.9368,15,97893504651,43310272
97.9393,11,97896027657,43310272
97.947,8,97809735301,137234646
97.9522,0,97903912881,48264278
97.9724,9,97928943911,43459266
97.975,10,97888514645,86438538
97.9775,2,97934291917,43184272
97.9825,11,97939337929,43128266
97.9876,8,97946969947,40587260
97.9901,5,97862738385,127341828
97.9926,1,97913892893,78719326
98.0026,6,97911369887,91249344
98.0076,3,97875854615,131754622
98.0126,4,97857748379,154859864
98.0151,7,97873313609,141817640
98.0179,13,97878386621,139484840
98.0204,14,97926420905,93973562
98.0229,9,97972403177,50514296
98.0254,12,97801940077,223509402
98.0305,10,97974953183,55542308
98.0333,2,97977476189,55855308
98.0359,15,97936814923,99039580
98.0384,11,97982466195,55911314
98.0435,8,97987557207,55893314
98.0484,1,97992612219,55828308
98.0512,0,97952177159,99066580
98.0538,3,98007609237,46157508
98.0613,7,98015131249,46157508
98.0638,4,98012608243,51212520
98.0664,13,98017871461,48481308
98.0739,9,98022917473,50975308
98.0768,12,98025449479,51315308
98.0818,2,98033331497,48432296
98.0843,15,98035854503,48432296
98.0868,11,98038377509,48432296
98.0894,8,98043450521,45918290
98.0919,5,97990080213,101811604
98.0944,1,98048440527,45974296
98.097,3,98053766745,43189084
98.1047,6,98002619231,102093816
98.1073,4,98063820763,43433290
98.1147,14,98020394467,94352592
98.1173,9,98073892781,43377284
98.1198,12,98076764787,43064284
98.1248,2,98081763793,43055284
98.1273,15,98084286799,43055284
98.1299,11,98086809805,43055284
98.1352,5,98091891817,43294284
98.1377,1,98094414823,43294284
98.1402,3,98096955829,43285284
98.1453,7,98061288757,83998368
98.153,13,98066352769,86653568
98.1606,9,98117270065,43285284
98.1631,12,98119829071,43285284
98.1656,10,98030495491,135141870
98.1682,2,98124819077,43341290
98.1732,11,98129865089,43285284
98.1757,8,98089368811,86322568
98.1785,5,98135186101,43341284
98.1811,1,98137709107,43341284
98.1836,3,98140241113,43341284
98.1861,7,98145287125,40827278
98.1986,14,98114747059,83895356
98.2014,9,98160555349,40827278
98.2039,0,98051243739,152670894
98.2065,12,98163114355,43341284
98.2114,2,98168160367,43285278
98.2164,11,98173150373,43285278
98.219,8,98175691379,43285278
98.2215,5,98178527385,42972278
98.224,1,98181050391,42972278
98.2291,4,98107254053,121821622
98.2316,13,98153006337,78592344
98.2341,6,98104713047,129417640
98.2367,14,98198642415,38038278
98.2395,9,98201382627,38134072
98.2421,0,98203914633,38152072
98.2446,12,98206455639,38152072
98.2471,10,98165637361,81493356
98.2497,2,98211445645,38208078
98.2524,15,98127342083,125051852
98.2549,11,98216435651,38481290
98.2575,8,98218976657,38481290
98.26,5,98221499663,38481290
98.2675,4,98229075675,38398284
98.27,13,98231598681,38398284
98.2775,9,98239516699,37973272
98.2804,0,98242066705,38286272
98.2829,12,98244607711,38286272
98.2854,10,98247130717,38286272
98.2879,2,98249653723,38286272
98.2905,15,98252393935,38069066
98.293,11,98254916941,38069066
98.298,5,98259980953,38013060
98.3005,1,98224022669,76494350
98.3033,3,98183582397,119683834
98.3058,7,98186114403,119683834
98.3083,4,98267473959,40856284
98.3109,13,98269996965,40856284
98.3134,6,98234130687,79263568
98.3159,14,98236680693,79254568
98.3185,9,98277489971,40968296
98.321,0,98280352977,40655296
98.3235,12,98282893983,40655296
98.3261,10,98285416989,40655296
98.3286,2,98287939995,40655296
98.3311,15,98290463001,40655296
98.3336,11,98292986007,40655296
98.3362,8,98257457947,78724362
98.3387,5,98297994013,40711302
98.3415,1,98300517019,41024302
98.3441,7,98305798237,38266090
98.3466,3,98303266231,43330102
98.3492,4,98308330243,40834096
98.3517,13,98310853249,40834096
98.3544,6,98313394255,41051302
98.357,14,98315935261,41051302
98.3595,9,98318458267,41051302
98.3621,0,98321008273,41051302
98.3646,12,98323549279,41051302
98.3671,10,98326072285,41051302
98.3696,2,98328595291,41051302
98.3722,15,98331118297,41051302
98.3747,11,98333641303,41051302
98.3797,5,98338705315,40995296
98.3825,1,98341541321,40995296
98.3851,3,98346596333,38481290
98.3876,4,98349164339,38463290
98.3902,13,98351687345,38463290
98.3927,6,98354445557,38264084
98.3953,14,98356986563,38264084
98.3978,9,98359509569,38264084
98.4005,0,98362059575,38481290
98.4031,12,98364600581,38481290
98.4056,10,98367123587,38481290
98.4106,15,98372169599,38425284
98.4131,11,98374692605,38425284
98.4157,8,98336182309,79476586
98.4182,5,98379700611,38481290
98.4207,1,98382536617,38168290
98.4232,3,98385077623,38150290
98.4258,4,98387627629,38150290
98.4283,13,98390150635,38150290
98.4309,6,98392709641,38141290
98.4359,14,98395250647,40655296
98.4384,9,98397773653,40655296
98.4463,0,98400540865,45788102
98.4489,7,98344064327,104787646
98.4588,2,98369646593,89185392
98.4614,15,98410594883,50760108
98.4641,11,98413117889,50977314
98.4666,8,98415658895,50977314
98.4692,5,98418181901,50977314
98.4741,3,98423227913,50921308
98.4767,4,98425777919,50921308
98.4792,13,98428300925,50921308
98.4818,6,98430850931,50921308
98.4872,14,98435905943,51252308
98.4922,7,98448851973,43323284
98.4972,0,98446328967,50892302
98.4998,12,98403081871,96707404
98.5025,10,98405604877,96924610
98.5051,2,98458831985,46220508
98.5076,15,98461354991,46220508
98.5101,11,98464095203,46003302
98.5126,8,98466636209,46003302
98.5152,5,98469159215,46003302
98.5202,3,98474149221,46003302
98.5227,4,98476699227,46003302
98.5252,13,98479222233,46003302
98.5278,6,98481772239,46003302
98.5328,14,98487158251,45690302
98.5379,0,98497221269,40662290
98.5404,12,98499789275,40635290
98.5429,10,98502529487,40418084
98.5483,15,98507575499,40675078
98.551,11,98510098505,40892284
98.5535,8,98512639511,40892284
98.5585,1,98420704907,137816894
98.561,3,98520152523,40892284
98.5661,4,98522702529,43406290
98.5686,13,98525225535,43406290
98.5712,6,98527775541,43406290
98.5812,9,98438428949,142806900
98.5866,0,98537883559,48720302
98.5917,12,98540424565,51234308
98.5966,2,98505052493,91596386
98.5992,15,98548250577,50921308
98.6017,11,98550990789,50704102
98.607,8,98553531795,53435314
98.6095,5,98515162517,94327598
98.612,1,98558521801,53491320
98.6145,3,98561044807,53491320
98.6196,4,98566108819,53509320
98.6221,13,98568631825,53509320
98.6297,6,98571181831,58481326
98.6322,7,98492175257,140046906
98.6347,14,98532848553,101896616
98.6373,9,98581235849,56032326
98.6423,0,98586603861,55737326
98.6449,12,98591658873,53232320
98.6529,15,98599171885,53706520
98.6554,11,98601694891,53706520
98.663,8,98606967109,56030320
98.6655,5,98609490115,56030320
98.668,1,98612013121,56030320
98.6706,3,98614536127,56030320
98.6782,4,98619618139,58544326
98.6807,13,98622141145,58544326
98.6858,6,98629663157,56113326
98.6986,9,98637268175,61333326
98.7038,0,98642341187,61494526
98.7064,12,98644891193,61476526
98.7089,10,98542947571,165943154
98.7114,2,98596648879,114764852
98.7189,8,98662997429,55918308
98.7214,5,98665520435,55918308
98.7264,3,98670566447,55862302
98.7315,4,98678162465,53366296
98.7391,6,98685776483,53292290
98.7441,14,98634745169,109367610
98.7495,0,98703835713,45639290
98.7522,12,98706367719,45856496
98.7547,10,98708890725,45856496
98.7573,2,98711413731,45856496
98.7598,15,98652878405,106914828
98.7623,11,98655401411,106914828
98.7673,5,98721438743,45885502
98.7698,1,98668043441,101803810
98.7724,3,98726428749,45941508
98.7749,4,98731528761,43409502
98.7775,13,98680685471,96775798
98.7825,6,98739068773,43409502
98.785,7,98632222163,152797118
98.7876,14,98744112779,43438508
98.7901,9,98698601501,91472792
98.793,0,98749475003,43480296
98.7955,12,98752224215,43263090
98.798,10,98754747221,43263090
98.8032,15,98759793233,43424290
98.8057,11,98762316239,43424290
98.8083,8,98718915737,89365798
98.8108,5,98767324245,43480296
98.8133,1,98769847251,43480296
98.8159,3,98772370257,43480296
98.8184,4,98774938263,43462296
98.8209,13,98777461269,43462296
98.8235,6,98782478275,41004296
98.826,7,98785019281,41004296
98.8286,14,98787551287,41004296
98.8311,9,98790074293,41004296
98.8362,0,98792955299,43196302
98.8387,12,98795487305,43196302
98.8412,10,98798010311,43196302
98.8462,15,98803217523,42979096
98.8487,11,98805740529,42979096
98.854,5,98810804541,43236096
98.859,3,98815850553,43180090
98.8618,4,98818400559,43397296
98.8643,13,98820923565,43397296
98.8669,6,98823482571,43379296
98.8694,7,98826023577,43379296
98.8719,14,98828555583,43379296
98.8745,9,98831078589,43379296
98.877,0,98836151601,40883290
98.8796,12,98838683607,40883290
98.8821,10,98841206613,40883290
98.8846,2,98757270227,127342682
98.8871,15,98846196619,40939296
98.8897,11,98848719625,40939296
98.895,8,98808281535,86745398
98.8975,5,98854040637,43509302
98.9001,1,98813327547,86745398
98.9051,4,98861797855,43301096
98.9078,13,98864320861,43518302
98.9129,6,98866861867,46032308
98.9154,7,98869402873,46032308
98.918,14,98871934879,46032308
98.9205,9,98874457885,46032308
98.9255,12,98879566897,45967302
98.9281,10,98882089903,45967302
98.9306,2,98884612909,45967302
98.9331,15,98887135915,45967302
98.9356,11,98889658921,45967302
98.9382,8,98895026933,43149296
98.9407,5,98897549939,43149296
98.9432,1,98900072945,43149296
98.9457,3,98859030643,86714604
98.9483,4,98905098951,43196302
98.951,13,98907839163,43196302
98.9536,6,98912894175,40691296
98.959,7,98915435181,43518302
98.9615,14,98917967187,43518302
98.964,9,98920490193,43518302
98.9666,0,98877034891,89541610
98.9691,12,98925534199,43574308
98.9716,10,98928057205,43574308
98.9766,15,98933103217,43518302
98.9791,11,98935626223,43518302
98.9817,8,98938176229,43509302
98.9842,5,98940699235,43509302
98.9867,1,98943222241,43509302
98.9893,3,98945745247,43509302
98.9918,4,98948295253,43509302
98.9943,13,98951035465,43292096
98.9972,6,98953585471,43587096
98.9997,7,98958953483,40778090
99.0023,14,98961485489,40778090
99.005,9,98964008495,40995296
99.0151,0,98966576501,48537314
99.0201,10,98971631513,48481308
99.0226,2,98930580211,92055616
99.0252,15,98976621519,48537314
99.0277,11,98979144525,48537314
99.0327,8,98981685531,51051320
99.0353,5,98984208537,51051320
99.0378,1,98986731543,51051320
99.0403,3,98989254549,51051320
99.0429,4,98991804555,51051320
99.0479,6,98997172567,50682314
99.0506,7,98999731573,50881520
99.0584,9,99005003791,53435320
99.0611,0,99015113815,45938302
99.0636,12,98969108507,94475616
99.0661,10,99020112821,45994308
99.0686,2,99022635827,45994308
99.0712,15,99025158833,45994308
99.0737,11,99027681839,45994308
99.0787,8,99032736851,46003308
99.0813,5,99035259857,46003308
99.0838,1,99037782863,46003308
99.0913,4,99042855875,48461308
99.0963,6,99047854881,48461308
99.0992,7,99050613093,48575102
99.1042,9,99058439111,45757090
99.1145,0,99061052117,53480314
99.1171,12,99063584123,53480314
99.1221,2,99068630135,53424308
99.1246,15,99071153141,53424308
99.1271,11,99073676147,53424308
99.1297,8,99078740159,50910302
99.1322,5,99081263165,50910302
99.1347,1,99083786171,50910302
99.1372,3,99040305869,96913610
99.1423,4,99091317183,50975308
99.1448,13,98994327561,150487936
99.1473,6,99096316189,51031314
99.1526,7,99099188195,53440526
99.1552,14,99002263579,152888148
99.1577,9,99104196201,53478532
99.1656,12,99117064437,48535308
99.1681,10,99066107129,102015622
99.1706,2,99122054443,48591314
99.1732,15,99124577449,48591314
99.1757,11,99127100455,48591314
99.1782,8,99129650461,48573314
99.1807,5,99132173467,48573314
99.1833,1,99134696473,48573314
99.1858,3,99137219479,48573314
99.1884,4,99142292491,46059308
99.1934,6,99147347503,46003302
99.1959,7,99152628721,43290090
99.1984,14,99155151727,43290090
99.2013,9,99157674733,43603090
99.2041,0,99114532431,89557604
99.2066,12,99165599745,41022296
99.2091,10,99168122751,41022296
99.2117,2,99170645757,41022296
99.2142,15,99173168763,41022296
99.2167,11,99175691769,41022296
99.2192,8,99178223775,41022296
99.2218,5,99180746781,41022296
99.2243,1,99183269787,41022296
99.2268,3,99185792793,41022296
99.2318,13,99144815497,87007598
99.2344,6,99193350805,41004296
99.2369,7,99195918811,40995296
99.2394,14,99198441817,40995296
99.242,9,99201277823,40682296
99.2446,0,99204090035,40465090
99.2471,12,99206622041,40465090
99.2496,10,99209145047,40465090
99.2548,15,99214191059,40626290
99.2573,11,99216714065,40626290
99.2599,8,99219246071,40626290
99.2627,5,99221769077,40939290
99.2652,1,99224292083,40939290
99.2678,3,99226815089,40939290
99.2703,4,99188351799,81943586
99.2728,13,99231823095,40995296
99.2754,6,99234355101,40995296
99.2779,7,99236914107,40995296
99.2804,14,99239437113,40995296
99.283,9,99241960119,40995296
99.2855,0,99244555125,40977296
99.2881,12,99247087131,40977296
99.2906,10,99249610137,40977296
99.2931,2,99211668053,81442386
99.2956,15,99254817349,40816096
99.2982,11,99257340355,40816096
99.3007,8,99259872361,40816096
99.3037,5,99262708367,41033302
99.3063,1,99265231373,41033302
99.3088,3,99267754379,41033302
99.3113,4,99270295385,41033302
99.3139,13,99272818391,41033302
99.3164,6,99275350397,41033302
99.3189,7,99277909403,41033302
99.3215,14,99280432409,41033302
99.3265,0,99285532421,40977296
99.329,12,99288064427,40977296
99.3316,10,99290587433,40977296
99.3341,2,99293110439,40977296
99.3366,15,99295633445,40977296
99.3391,11,99298156451,40977296
99.3417,8,99300688457,40977296
99.3442,5,99303741669,40447090
99.3467,1,99306264675,40447090
99.3492,3,99308787681,40447090
99.3542,13,99313851693,40391084
99.3568,6,99316383699,40391084
99.3596,7,99318942705,40608290
99.3621,14,99321465711,40608290
99.3649,9,99282955415,81954592
99.3725,0,99326509717,46005308
99.375,12,99329041723,46005308
99.3776,10,99331564729,46005308
99.3801,2,99334087735,46005308
99.3826,15,99336610741,46005308
99.3851,11,99339133747,46005308
99.3901,5,99344188759,45949302
99.3927,1,99346711765,45949302
99.3952,3,99349234771,45949302
99.3977,4,99311328687,86396392
99.4029,6,99356774783,46166508
99.4058,7,99359550995,46262302
99.4083,14,99362074001,46262302
99.4109,9,99364910007,45949302
99.4159,12,99375047031,40892284
99.4185,10,99377570037,40892284
99.421,2,99380093043,40892284
99.4235,15,99382616049,40892284
99.426,11,99385139055,40892284
99.4286,8,99341665753,86897592
99.4311,5,99390138061,40948290
99.4336,1,99392661067,40948290
99.4361,3,99395184073,40948290
99.4387,4,99397725079,40948290
99.4412,13,99354242777,86953598
99.4437,6,99402941291,40787090
99.4463,7,99405813297,40474090
99.4488,14,99408336303,40474090
99.4513,9,99410859309,40474090
99.4541,0,99372515025,81612586
99.4567,12,99415939315,40720302
99.4592,10,99418462321,40720302
99.4617,2,99420985327,40720302
99.4642,15,99423508333,40720302
99.4671,11,99426031339,41033302
99.4696,8,99428563345,41033302
99.4721,5,99431086351,41033302
99.4746,1,99433609357,41033302
99.4772,3,99436132363,41033302
99.4797,4,99438673369,41033302
99.4822,13,99441196375,41033302
99.4848,6,99443728381,41033302
99.4873,7,99446287387,41033302
99.4898,14,99448810393,41033302
99.4924,9,99451333399,41033302
99.4975,0,99454127611,43348102
99.5025,10,99459182623,43292096
99.505,2,99461705629,43292096
99.5075,15,99464228635,43292096
99.5106,11,99467064641,43509302
99.5131,8,99469596647,43509302
99.5156,5,99472119653,43509302
99.5206,3,99477165665,43453296
99.5232,4,99479706671,43453296
99.5257,13,99482229677,43453296
99.5282,6,99484761683,43453296
99.5308,7,99487320689,43453296
99.5358,9,99492366701,43397290
99.5409,0,99497475713,43397290
99.5434,12,99456659617,86745392
99.5459,10,99502474719,43453296
99.5534,11,99510573943,42811078
99.5559,8,99513105949,42811078
99.5584,5,99515628955,42811078
99.5612,1,99474642659,86537586
99.5637,3,99520618961,43084290
99.5662,4,99523159967,43084290
99.5691,13,99525682973,43397290
99.5716,6,99528214979,43397290
99.5742,7,99530773985,43397290
99.5767,14,99489843695,86850586
99.5792,9,99535763991,43453296
99.5843,12,99543405009,40883284
99.5868,10,99545928015,40883284
99.5893,2,99504997725,84336580
99.5919,15,99507520731,84336580
99.5944,11,99553385021,40995296
99.5969,8,99555917027,40995296
99.5994,5,99558440033,40995296
99.602,1,99561180245,40778090
99.6094,13,99569080263,40353078
99.615,7,99574171275,40827278
99.6175,14,99576694281,40827278
99.62,9,99579217287,40827278
99.6251,0,99540873003,84206568
99.6276,12,99584288293,43323284
99.6301,10,99586811299,43323284
99.6327,2,99589334305,43323284
99.6352,15,99591857311,43323284
99.6377,11,99594380317,43323284
99.6402,8,99596912323,43323284
99.6428,5,99599435329,43323284
99.6453,1,99601958335,43323284
99.6478,3,99563703251,84101374
99.6506,4,99566244257,84318580
99.6531,13,99609433341,43652502
99.6556,6,99571612269,84005580
99.6582,7,99614998553,43196302
99.6607,14,99617521559,43196302
99.6632,9,99620044565,43196302
99.6683,0,99625079571,43261308
99.6712,12,99627611577,43574308
99.6762,2,99632657589,43518302
99.6787,15,99635180595,43518302
99.6812,11,99637703601,43518302
99.6838,8,99640235607,43518302
99.6863,5,99642758613,43518302
99.6888,1,99645281619,43518302
99.6913,3,99647804625,43518302
99.6939,4,99650562837,43319096
99.6964,13,99653085843,43319096
99.6989,6,99655617849,43319096
99.7017,7,99658194855,43518302
99.7042,14,99660717861,43518302
99.7068,9,99663240867,43518302
99.7147,0,99668340879,46345308
99.7172,12,99671185885,46032308
99.7197,10,99630134583,89606616
99.7223,2,99676175891,46088314
99.7273,11,99681221903,46032308
99.7298,8,99683753909,46032308
99.7372,3,99691322927,45920296
99.7398,4,99693881933,45911296
99.7423,13,99696404939,45911296
99.7499,7,99701713157,48152090
99.7549,9,99706759169,48096084
99.7627,0,99714686187,48009290
99.7652,12,99717218193,48009290
99.7678,10,99719741199,48009290
99.7703,2,99722264205,48009290
99.7728,15,99678698897,94097604
99.7756,11,99727254211,48378296
99.7782,8,99729786217,48378296
99.7807,5,99686276915,94410604
99.7832,1,99688799921,94410604
99.7857,3,99737243223,48490308
99.7908,4,99739793229,51004314
99.7933,13,99742316235,51004314
99.7959,6,99698936945,96915610
99.7984,7,99749865247,48564314
99.8034,9,99754855253,48564314
99.8087,0,99762695477,46003302
99.8112,12,99765227483,46003302
99.8138,10,99767750489,46003302
99.8191,15,99772796501,46260296
99.8216,11,99775632507,45947296
99.8241,8,99778164513,45947296
99.8266,5,99780687519,45947296
99.8316,3,99785733531,45891290
99.8342,4,99790797543,43395284
99.8367,13,99793320549,43395284
99.8392,6,99795852555,43395284
99.8418,7,99798429561,43377284
99.8443,14,99704236163,140093688
99.8469,9,99803419567,43433290
99.8494,0,99808698779,40749084
99.852,12,99811230785,40749084
99.8547,10,99813753791,40966290
99.8572,2,99770273495,86969592
99.8598,15,99819056797,40709296
99.8623,11,99821579803,40709296
99.8648,8,99824111809,40709296
99.8673,5,99826634815,40709296
99.8699,1,99783210525,86656592
99.8724,3,99831624821,40765302
99.8749,4,99834192827,40747302
99.8803,6,99839247839,41004296
99.8828,7,99841806845,41004296
99.8878,9,99846852857,40948290
99.8904,0,99849447863,40921290
99.8929,12,99851979869,40921290
99.8954,10,99854720081,40704084
99.8979,2,99857243087,40704084
99.9005,15,99859766093,40704084
99.9055,8,99864821105,40648078
99.908,5,99867344111,40648078
99.9132,3,99872390123,40809278
99.9157,4,99874940129,40809278
99.9186,13,99836715833,81869580
99.9211,6,99880252135,40865284
99.9237,7,99882811141,40865284
99.9262,14,99844329851,81869580
99.9287,9,99887801147,40921290
99.9313,0,99890369153,40921290
99.9338,12,99892901159,40921290
99.9363,10,99895424165,40921290
99.9389,2,99897947171,40921290
99.9414,15,99900470177,40921290
99.9439,11,99862289099,81625374
99.9464,8,99905469183,40977296
99.949,5,99907992189,40977296
99.9517,1,99869867117,81842580
99.9542,3,99913199401,41033302
99.9592,13,99918585413,40664296
99.9618,6,99921117419,40664296
99.9643,7,99923676425,40664296
99.9669,14,99926199431,40664296
99.9694,9,99928722437,40664296
99.972,0,99931290443,40664296
99.9745,12,99933822449,40664296
99.977,10,99936345455,40664296
99.9798,2,99938868461,40977296
99.9824,15,99941391467,40977296
99.9849,11,99943914473,40977296
99.9874,8,99946446479,40977296
99.9899,5,99948969485,40977296
99.9925,1,99951709697,40760090
99.995,3,99954232703,40760090
99.9975,4,99915749407,81793392
100.005,7,99964340721,40921290
100.008,14,99966863727,40921290
100.01,9,99969386733,40921290
100.013,0,99971954739,40921290
100.015,12,99974486745,40921290
100.018,10,99977009751,40921290
100.021,2,99979845757,40921290
100.023,15,99982368763,40921290
100.026,11,99984891769,40921290
100.028,8,99987423775,40921290
100.031,5,99989946781,40921290
100.033,1,99992469787,40921290
100.036,3,99994992793,40921290
100.038,4,99997542799,40921290
100.041,13,99959249709,81737386
100.044,6,99961781715,81737386
100.054,9,100010308023,43236090
100.056,0,100012876029,43453296
100.059,12,100015408035,43453296
100.061,10,100017931041,43453296
100.064,2,100020767047,43140296
100.066,15,100023290053,43140296
100.069,11,100025813059,43140296
100.071,8,100028345065,43140296
100.074,5,100030868071,43140296
100.077,1,100033391077,43140296
100.079,3,100035914083,43140296
100.082,4,100038464089,43453296
100.084,13,100040987095,43453296
100.087,6,100043519101,43453296
100.095,7,100005262011,89315404
100.097,14,100007785017,89315404
100.107,12,100058861331,48490308
100.11,10,100061384337,48490308
100.115,15,100066430349,48434302
100.117,11,100068953355,48434302
100.123,5,100074008367,48691302
100.125,1,100076531373,48691302
100.128,3,100079054379,48691302
100.13,4,100081917385,48378302
100.133,13,100084440391,48378302
100.138,6,100086972397,50892308
100.14,7,100094577415,45882296
100.143,14,100097100421,45882296
100.146,9,100053544113,91961610
100.151,0,100056329325,94484616
100.153,12,100107351639,45994308
100.158,2,100063907343,94428610
100.161,15,100114864651,45994308
100.163,11,100117387657,45994308
100.166,8,100071485361,94428610
100.168,5,100122699669,45737308
100.171,1,100125222675,45737308
100.173,3,100127745681,45737308
100.179,4,100130295687,48251314
100.181,13,100132818693,48251314
100.184,6,100137864705,46059308
100.186,7,100140459711,46032308
100.189,14,100142982717,46032308
100.192,9,100145505723,46032308
100.207,10,100109874645,96743410
100.209,2,100158335953,50805108
100.212,15,100160858959,51022314
100.214,11,100163381965,51022314
100.217,8,100165913971,51022314
100.222,1,100170959983,50966308
100.224,3,100173482989,50966308
100.227,4,100178547001,48774302
100.232,6,100183924013,48396296
100.235,7,100186492019,48396296
100.237,14,100189015025,48396296
100.24,9,100191538031,48396296
100.248,0,100150813941,96743404
100.255,10,100206618055,48678508
100.258,2,100209141061,48678508
100.26,15,100211881273,48461302
100.268,8,100216936285,50921302
100.27,5,100168436977,101943616
100.273,1,100221926291,50977308
100.275,3,100224449297,50977308
100.28,13,100181070007,99373604
100.283,6,100232320309,50655308
100.293,14,100237411321,55940314
100.296,9,100239934327,55940314
100.306,12,100153345947,152853918
100.311,2,100257819569,53370302
100.316,11,100214404279,101775598
100.319,8,100267857587,50863296
100.321,5,100270380593,50863296
100.326,3,100275426605,50807290
100.329,4,100227321303,101775598
100.334,6,100282975617,51120290
100.337,7,100234888315,101802598
100.342,9,100295874641,45806278
100.344,0,100247557345,96736580
100.347,12,100306199865,40617066
100.349,10,100255296563,94043374
100.352,2,100311189871,40890278
100.355,15,100260342575,94260580
100.357,11,100316179877,40946284
100.36,8,100318720883,40937284
100.362,5,100321243889,40937284
100.365,1,100272903599,91800580
100.367,3,100326233895,40993290
100.37,4,100329096901,40680290
100.372,13,100280443611,91856586
100.375,6,100334095907,40736296
100.38,7,100336690913,43223302
100.385,9,100341680919,43223302
100.387,0,100344293925,43178302
100.39,12,100346816931,43491302
100.393,10,100349339937,43491302
100.395,2,100352080149,43274096
100.398,15,100354603155,43274096
100.401,11,100357126161,43491302
100.403,8,100359658167,43491302
100.406,5,100362181173,43491302
100.408,1,100364704179,43491302
100.411,3,100367227185,43491302
100.416,4,100369777191,46005308
100.418,13,100372300197,46005308
100.421,6,100374832203,46005308
100.426,7,100379914215,45967302
100.431,9,100384904221,46280308
100.434,14,100293351635,140364900
100.436,0,100387472227,48794314
100.439,12,100390308233,48481314
100.441,10,100392831239,48481314
100.444,2,100395354245,48481314
100.446,15,100397877251,48481314
100.449,11,100400617463,48264108
100.452,8,100403149469,48481314
100.454,5,100405672475,48481314
100.457,1,100408195481,48481314
100.459,3,100410718487,48481314
100.462,4,100415782499,45976308
100.464,13,100418305505,45976308
100.467,6,100420837511,45976308
100.472,7,100425881517,46032314
100.477,14,100433716535,43205302
100.482,0,100436266541,45737308
100.485,12,100438789547,45737308
100.487,10,100441312553,45737308
100.49,2,100443835559,45737308
100.492,15,100446358565,46050308
100.495,11,100448881571,46050308
100.5,8,100451630783,48347108
100.503,5,100454153789,48347108
100.507,3,100459199801,48291102
100.515,13,100464281813,50731102
100.518,6,100466813819,50948308
100.523,7,100471913831,50948308
100.525,9,100431184529,94200616
100.53,14,100476921837,53509320
100.533,0,100482003849,51317314
100.541,2,100489572867,51205302
100.543,15,100492408873,50892302
100.546,11,100494931879,50892302
100.548,8,100499977891,48396296
100.551,5,100502500897,48396296
100.556,3,100507490903,48613502
100.559,4,100461758807,96895604
100.561,13,100515012915,46164502
100.564,6,100517762127,45965296
100.569,7,100522862139,45965296
100.571,9,100525385145,45965296
100.574,14,100530431157,43460290
100.581,0,100533321163,48166302
100.584,12,100484526855,99483616
100.587,10,100487049861,99483616
100.592,15,100543301175,48222308
100.594,11,100545824181,48535308
100.599,8,100548374187,51031314
100.604,1,100456676795,147718712
100.607,3,100556104405,50814108
100.61,4,100558654411,51022314
100.612,13,100561177417,51022314
100.615,6,100563727423,51004314
100.622,7,100568827435,53518320
100.627,14,100573891447,53453314
100.64,12,100584010471,56251314
100.643,10,100586533477,56251314
100.648,15,100591523483,56251314
100.653,8,100599405501,53594508
100.656,5,100550897193,104625822
100.658,1,100604395507,53650514
100.661,3,100606918513,53650514
100.666,4,100609676725,55965314
100.668,13,100612199731,55965314
100.671,6,100614731737,55965314
100.676,9,100571350441,104408616
100.688,0,100581487465,106846610
100.691,12,100640261785,50595296
100.693,10,100642784791,50595296
100.696,2,100540778169,155437924
100.699,15,100647774797,50964302
100.701,11,100594359489,107119822
100.707,8,100653000009,53534314
100.712,1,100658046021,53478308
100.714,3,100660569027,53478308
100.722,13,100668165045,53422302
100.724,6,100670697051,53422302
100.734,7,100622345755,111883622
100.737,9,100675759057,61306326
100.742,0,100688334075,53820314
100.745,12,100690857081,53820314
100.747,10,100693380087,53820314
100.75,2,100696216093,53507314
100.752,15,100698739099,53507314
100.757,8,100706534323,50937302
100.76,5,100655523015,104471616
100.763,1,100711524329,50993308
100.765,3,100714047335,50993308
100.773,13,100721587347,50993308
100.775,6,100724119353,50993308
100.778,7,100734229377,43487290
100.78,9,100737065383,43174290
100.783,14,100627344761,155426918
100.785,0,100742154389,43194296
100.788,12,100744677395,43194296
100.79,10,100747200401,43194296
100.793,2,100749723407,43194296
100.795,15,100752246413,43194296
100.798,11,100701479311,96797404
100.804,8,100757471625,46077308
100.806,5,100759994631,46077308
100.809,1,100762517637,46077308
100.811,3,100765040643,46077308
100.816,4,100665642039,150548924
100.819,13,100772580655,46133314
100.821,6,100775112661,46133314
100.824,7,100777716667,46088314
100.826,9,100780239673,46088314
100.834,0,100785348685,48546314
100.836,12,100787871691,48546314
100.839,10,100790394697,48859314
100.842,2,100792917703,48859314
100.844,15,100795440709,48859314
100.847,11,100798276715,48546314
100.854,5,100806071939,48291102
100.857,1,100808594945,48291102
100.859,3,100811117951,48291102
100.87,6,100821245975,48398296
100.877,14,100782771679,94374598
100.88,0,100833894999,45837284
100.882,12,100836418005,45837284
100.885,10,100839254011,45524284
100.887,2,100841777017,45524284
100.89,15,100844300023,45524284
100.892,11,100846823029,45524284
100.897,8,100803548933,93862392
100.903,1,100856886047,46045490
100.905,3,100859409053,46045490
100.908,4,100816190963,91831586
100.911,13,100818713969,91831586
100.913,6,100869644271,43433290
100.916,7,100823804981,91831586
100.918,9,100826327987,91831586
100.923,14,100877146277,46059308
100.928,0,100879732283,48564314
100.931,12,100882255289,48564314
100.933,10,100884778295,48564314
100.936,2,100887301301,48564314
100.938,15,100889824307,48564314
100.941,11,100892347313,48564314
100.946,5,100854363041,91878592
100.949,1,100902931537,45833102
100.954,4,100908022549,45967302
100.957,13,100910545555,45967302
100.959,6,100913077561,45967302
100.962,7,100915636567,45967302
100.964,9,100918159573,45967302
100.967,14,100923205585,43462296
100.972,0,100928296597,43480296
100.974,12,100930819603,43480296
100.977,10,100933342609,43480296
100.979,2,100935865615,43480296
100.982,15,100938388621,43480296
100.984,11,100940911627,43480296
100.987,8,100897411325,89512604
100.994,3,100905454543,88926392
100.997,4,100953989851,42932090
