4.00439,4,4004149683,240012,0
4.01738,4,4014875725,2502412,0
4.02761,4,4025103749,2502412,0
4.04035,4,4037843779,2502412,0
4.04548,4,4042975791,2502412,0
4.05822,4,4055715821,2502412,0
4.06623,4,4063725003,2502412,0
4.07129,4,4068785015,2502412,0
4.0815,4,4078995039,2502412,0
4.08162,4,4081551451,73000,1
4.08925,4,4086746057,2502412,0
4.09434,4,4091833069,2502412,0
4.09975,4,4097251081,2502412,0
4.1024,4,4102329093,73000,1
4.11264,4,4110134111,2502412,0
4.12284,4,4120335135,2502412,0
4.13299,4,4130491159,2502412,0
4.13809,4,4135587171,2502412,0
4.14828,4,4145779195,2502412,0
4.15341,4,4150911207,2502412,0
4.16359,4,4161085231,2502412,0
4.17158,4,4169077655,2502412,0
4.17938,4,4179305679,73000,1
4.18698,4,4184481691,2502412,0
4.19476,4,4194682715,73000,1
4.20542,4,4205348739,73000,1
4.21817,4,4215665763,2502412,0
4.22081,4,4220734775,73000,1
4.22844,4,4225937787,2502412,0
4.23861,4,4236111811,2502412,0
4.24375,4,4241243823,2502412,0
4.25135,4,4248842841,2502412,0
4.25903,4,4256522859,2502412,0
4.2692,4,4266696883,2502412,0
4.27223,4,4272159895,73000,1
4.29023,4,4290156937,73000,1
4.32896,4,4328887027,73000,1
4.35955,4,4357049093,2502412,0
4.36975,4,4367250117,2502412,0
4.37515,4,4372649535,2502412,0
4.38534,4,4382841559,2502412,0
4.39809,4,4395590589,2502412,0
4.40062,4,4398120001,2502412,0
4.40317,4,4400667413,2502412,0
4.40328,4,4403205825,73000,1
4.4058,4,4403295419,2502412,0
4.41632,4,4413817849,2502412,0
4.42157,4,4421497867,73000,1
4.42666,4,4424152873,2502412,0
4.43187,4,4431796891,73000,1
4.44717,4,4444670921,2502412,0
4.45991,4,4457410951,2502412,0
4.46244,4,4459940363,2502412,0
4.47009,4,4467584381,2502412,0
4.47801,4,4475504805,2502412,0
4.48571,4,4483211823,2502412,0
4.49335,4,4490846841,2502412,0
4.49844,4,4495933853,2502412,0
4.50111,4,4501038865,73000,1
4.51674,4,4514234895,2502412,0
4.52196,4,4521887913,73000,1
4.52705,4,4524551919,2502412,0
4.53212,4,4529620931,2502412,0
4.54233,4,4539830955,2502412,0
4.55506,4,4552552985,2502412,0
4.56019,4,4557684997,2502412,0
4.56272,4,4560214409,2502412,0
4.57049,4,4570415433,73000,1
4.57305,4,4570549433,2502412,0
4.58609,4,4583583869,2502412,0
4.59372,4,4591218887,2502412,0
4.60137,4,4598862905,2502412,0
4.60391,4,4601410317,2502412,0
4.61183,4,4609331335,2502412,0
4.61691,4,4614409347,2502412,0
4.62201,4,4619505359,2502412,0
4.62458,4,4622079771,2502412,0
4.63477,4,4632271795,2502412,0
4.6399,4,4637394807,2502412,0
4.65006,4,4647559831,2502412,0
4.65776,4,4655257849,2502412,0
4.66796,4,4665458873,2502412,0
4.67817,4,4675668897,2502412,0
4.68356,4,4681059909,2502412,0
4.69376,4,4691260933,2502412,0
4.69889,4,4696383945,2502412,0
4.70649,4,4703982963,2502412,0
4.70918,4,4709105975,73000,1
4.72992,4,4727416017,2502412,0
4.73245,4,4729945429,2502412,0
4.73753,4,4735023441,2502412,0
4.74773,4,4745224465,2502412,0
4.75283,4,4750329477,2502412,0
4.763,4,4760494501,2502412,0
4.76556,4,4763059913,2502412,0
4.77829,4,4775790943,2502412,0
4.78376,4,4781253361,2502412,0
4.7965,4,4793993391,2502412,0
4.79903,4,4796531803,2502412,0
4.80923,4,4806723827,2502412,0
4.81429,4,4811783839,2502412,0
4.81717,4,4814671251,2502412,0
4.82992,4,4827420281,2502412,0
4.84012,4,4837621305,2502412,0
4.84521,4,4842708317,2502412,0
4.85544,4,4852936341,2502412,0
4.85813,4,4858059353,73000,1
4.86591,4,4865837371,73000,1
4.89185,4,4891781837,73000,1
4.90204,4,4899532855,2502412,0
4.90711,4,4904610867,2502412,0
4.91727,4,4914766891,2502412,0
4.92271,4,4920211309,2502412,0
4.9329,4,4930394333,2502412,0
4.93799,4,4935490345,2502412,0
4.9482,4,4945700369,2502412,0
4.95074,4,4948238781,2502412,0
4.95343,4,4953352793,73000,1
4.96122,4,4961148811,73000,1
5.00745,4,5004947319,2502412,0
5.01013,4,5010052331,73000,1
5.03083,4,5028326373,2502412,0
5.03848,4,5035979391,2502412,0
5.03858,4,5038508803,73000,1
5.04366,4,5041155403,2502412,0
5.05144,4,5051365427,73000,1
5.05922,4,5059143445,73000,1
5.07195,4,5069451469,2502412,0
5.07972,4,5079643493,73000,1
5.08223,4,5079732493,2502412,0
5.09275,4,5090245923,2502412,0
5.09781,4,5095305935,2502412,0
5.10292,4,5100419947,2502412,0
5.10559,4,5105515959,73000,1
5.11327,4,5110763971,2502412,0
5.12135,4,5121277995,73000,1
5.1239,4,5121393995,2502412,0
5.13664,4,5134134025,2502412,0
5.14171,4,5139212037,2502412,0
5.15189,4,5149386061,2502412,0
5.15955,4,5157048079,2502412,0
5.16223,4,5162153091,73000,1
5.17002,4,5169949109,73000,1
5.17255,4,5170047109,2502412,0
5.17519,4,5175116121,73000,1
5.19335,4,5190850563,2502412,0
5.20355,4,5201051587,2502412,0
5.20624,4,5206165599,73000,1
5.22407,4,5221569635,2502412,0
5.23711,4,5234604071,2502412,0
5.24223,4,5239727083,2502412,0
5.25239,4,5249892107,2502412,0
5.25754,4,5255042119,2502412,0
5.26771,4,5265207143,2502412,0
5.2728,4,5270294155,2502412,0
5.28301,4,5280504179,2502412,0
5.28555,4,5283042591,2502412,0
5.29066,4,5288156603,2502412,0
5.29876,4,5298688033,73000,1
5.30128,4,5298777033,2502412,0
5.30381,4,5301306445,2502412,0
5.30634,4,5303835857,2502412,0
5.30899,4,5308913869,73000,1
5.32687,4,5324371905,2502412,0
5.32985,4,5329780323,73000,1
5.33747,4,5334965335,2502412,0
5.34015,4,5340079347,73000,1
5.35035,4,5347848365,2502412,0
5.35796,4,5355456383,2502412,0
5.36305,4,5360552395,2502412,0
5.37069,4,5368187413,2502412,0
5.37575,4,5373247425,2502412,0
5.38345,4,5380945443,2502412,0
5.39109,4,5388589461,2502412,0
5.3962,4,5393694473,2502412,0
5.4016,4,5399094485,2502412,0
5.40666,4,5404154497,2502412,0
5.41174,4,5409241509,2502412,0
5.41686,4,5414355521,2502412,0
5.42449,4,5421990539,2502412,0
5.42961,4,5427104551,2502412,0
5.43246,4,5429955963,2502412,0
5.44521,4,5442704993,2502412,0
5.44777,4,5445270405,2502412,0
5.45796,4,5455453429,2502412,0
5.46323,4,5463160447,73000,1
5.48105,4,5478546483,2502412,0
5.48358,4,5481075895,2502412,0
5.48867,4,5486162907,2502412,0
5.49889,4,5496390931,2502412,0
5.50444,4,5504365949,73000,1
5.51476,4,5514682973,73000,1
5.54569,4,5543185039,2502412,0
5.55333,4,5550829057,2502412,0
5.56353,4,5561030081,2502412,0
5.5713,4,5571231105,73000,1
5.58918,4,5586680141,2502412,0
5.60224,4,5599741577,2502412,0
5.60988,4,5607376595,2502412,0
5.62263,4,5620125625,2502412,0
5.62772,4,5625221637,2502412,0
5.63281,4,5630308649,2502412,0
5.63576,4,5635690067,73000,1
5.64089,4,5638390073,2502412,0
5.64867,4,5648600097,73000,1
5.65645,4,5656378115,73000,1
5.68962,4,5687115187,2502412,0
5.69481,4,5694741205,73000,1
5.69991,4,5697405211,2502412,0
5.70531,4,5702804629,2502412,0
5.71548,4,5712978653,2502412,0
5.71802,4,5715517065,2502412,0
5.7282,4,5725700089,2502412,0
5.72834,4,5728265501,73000,1
5.73903,4,5738959119,73000,1
5.77231,4,5772235197,73000,1
5.8572,4,5854692795,2502412,0
5.86994,4,5867432825,2502412,0
5.87265,4,5872573837,73000,1
5.87769,4,5875183843,2502412,0
5.88275,4,5880243855,2502412,0
5.88789,4,5885384867,2502412,0
5.89807,4,5895567891,2502412,0
5.90062,4,5898115303,2502412,0
5.9033,4,5903229315,73000,1
5.91123,4,5908726733,2502412,0
5.91393,4,5913858745,73000,1
5.92152,4,5919016757,2502412,0
5.92664,4,5924139769,2502412,0
5.93683,4,5934331793,2502412,0
5.93936,4,5936861205,2502412,0
5.94475,4,5942252217,2502412,0
5.95238,4,5949878235,2502412,0
5.95248,4,5952407647,73000,1
5.95503,4,5952524241,2502412,0
5.95756,4,5955053653,2502412,0
5.96264,4,5960140665,2502412,0
5.96788,4,5967802683,73000,1
5.97043,4,5967927683,2502412,0
5.97313,4,5973059695,73000,1
5.98072,4,5978217707,2502412,0
5.99093,4,5988427731,2502412,0
5.99873,4,5998655755,73000,1
6.00124,4,5998735755,2502412,0
6.00135,4,6001274167,73000,1
6.00643,4,6003929767,2502412,0
6.01436,4,6011859191,2502412,0
6.02204,4,6019539209,2502412,0
6.03223,4,6029731233,2502412,0
6.0453,4,6042793263,2502412,0
6.04783,4,6045331675,2502412,0
6.06057,4,6058071705,2502412,0
6.06315,4,6060646117,2502412,0
6.06326,4,6063184529,73000,1
6.06337,4,6063292123,73000,1
6.07097,4,6068468135,2502412,0
6.07354,4,6071033547,2502412,0
6.08116,4,6078659565,2502412,0
6.08883,4,6086330583,2502412,0
6.09392,4,6091417595,2502412,0
6.09402,4,6093947007,73000,1
6.11187,4,6109369637,2502412,0
6.11472,4,6112212643,2502412,0
6.11981,4,6117308655,2502412,0
6.13003,4,6127527679,2502412,0
6.13514,4,6132632691,2502412,0
6.14529,4,6142788715,2502412,0
6.14575,4,6145676127,73000,1
6.16616,4,6163655169,2502412,0
6.17125,4,6168751181,2502412,0
6.184,4,6181500211,2502412,0
6.19165,4,6189144229,2502412,0
6.19933,4,6196824247,2502412,0
6.20952,4,6207016271,2502412,0
6.20962,4,6209545683,73000,1
6.22269,4,6220184707,2502412,0
6.22523,4,6222732119,2502412,0
6.23537,4,6232870143,2502412,0
6.24048,4,6237975155,2502412,0
6.24303,4,6240531567,2502412,0
6.25351,4,6251009591,2502412,0
6.25865,4,6256150603,2502412,0
6.26118,4,6258680015,2502412,0
6.27137,4,6268872039,2502412,0
6.2739,4,6271401451,2502412,0
6.28157,4,6279072469,2502412,0
6.28918,4,6286680487,2502412,0
6.29174,4,6289236899,2502412,0
6.29684,4,6294341911,2502412,0
6.30447,4,6301967929,2502412,0
6.30954,4,6307036941,2502412,0
6.3121,4,6309593353,2502412,0
6.31766,4,6317585777,73000,1
6.32276,4,6320258783,2502412,0
6.3355,4,6332998813,2502412,0
6.34061,4,6338103825,2502412,0
6.34569,4,6343190837,2502412,0
6.35361,4,6351111855,2502412,0
6.35616,4,6353659267,2502412,0
6.36126,4,6358755279,2502412,0
6.37149,4,6368983303,2502412,0
6.37161,4,6371539715,73000,1
6.39203,4,6389528351,2502412,0
6.39456,4,6392057763,2502412,0
6.40731,4,6404806793,2502412,0
6.41242,4,6409920805,2502412,0
6.41253,4,6412459217,73000,1
6.43069,4,6428185253,2502412,0
6.44088,4,6438377277,2502412,0
6.44614,4,6446066295,73000,1
6.45374,4,6451242307,2502412,0
6.45917,4,6456668725,2502412,0
6.46936,4,6466860749,2502412,0
6.47444,4,6471938761,2502412,0
6.48462,4,6482121785,2502412,0
6.48716,4,6484660197,2502412,0
6.49229,4,6489783209,2502412,0
6.49493,4,6494852221,73000,1
6.50274,4,6502666239,73000,1
6.54401,4,6543934741,73000,1
6.6056,4,6603093879,2502412,0
6.61324,4,6610737897,2502412,0
6.6263,4,6623799333,2502412,0
6.63649,4,6633991357,2502412,0
6.63904,4,6636538769,2502412,0
6.6441,4,6641598781,2502412,0
6.64664,4,6644137193,2502412,0
6.65684,4,6654338217,2502412,0
6.65968,4,6657180629,2502412,0
6.66483,4,6662330641,2502412,0
6.67504,4,6672540665,2502412,0
6.68013,4,6677627677,2502412,0
6.68792,4,6687846701,73000,1
6.69809,4,6695588719,2502412,0
6.70062,4,6698118131,2502412,0
6.70074,4,6700665543,73000,1
6.71089,4,6708390155,2502412,0
6.71602,4,6713513167,2502412,0
6.72619,4,6723687191,2502412,0
6.73673,4,6734228215,2502412,0
6.74183,4,6739324227,2502412,0
6.75203,4,6749525251,2502412,0
6.75472,4,6754648263,73000,1
6.7678,4,6765296287,2502412,0
6.78055,4,6778045317,2502412,0
6.79328,4,6790776347,2502412,0
6.79595,4,6795881359,73000,1
6.80103,4,6798527365,2502412,0
6.80611,4,6803605377,2502412,0
6.81131,4,6811240395,73000,1
6.81911,4,6819036413,73000,1
6.83232,4,6832249849,73000,1
6.84774,4,6847662885,73000,1
7.00192,4,6999418645,2502412,0
7.01465,4,7012149675,2502412,0
7.0274,4,7024898705,2502412,0
7.04046,4,7037960141,2502412,0
7.043,4,7040498553,2502412,0
7.05077,4,7050699577,73000,1
7.0533,4,7050797577,2502412,0
7.05583,4,7053326989,2502412,0
7.05853,4,7058459001,73000,1
7.06906,4,7066559019,2502412,0
7.07682,4,7076742043,73000,1
7.07933,4,7076831043,2502412,0
7.082,4,7081927055,73000,1
7.09731,4,7094810085,2502412,0
7.11005,4,7107550115,2502412,0
7.12279,4,7120290145,2502412,0
7.12533,4,7122828557,2502412,0
7.12802,4,7127942569,73000,1
7.13565,4,7133145581,2502412,0
7.14104,4,7138536593,2502412,0
7.14358,4,7141075005,2502412,0
7.15372,4,7151222029,2502412,0
7.15625,4,7153751441,2502412,0
7.15882,4,7156316853,2502412,0
7.1666,4,7166526877,73000,1
7.17207,4,7169566883,2502412,0
7.18224,4,7179740907,2502412,0
7.18733,4,7184827919,2502412,0
7.18745,4,7187375331,73000,1
7.19505,4,7192551937,2502412,0
7.20273,4,7200222955,2502412,0
7.21034,4,7207839973,2502412,0
7.21546,4,7212953985,2502412,0
7.22053,4,7218022997,2502412,0
7.22318,4,7223110009,73000,1
7.2259,4,7225828015,73000,1
7.2284,4,7225901015,2502412,0
7.23606,4,7233554033,2502412,0
7.24145,4,7238944451,2502412,0
7.24398,4,7241473863,2502412,0
7.25416,4,7251656887,2502412,0
7.25926,4,7256752899,2502412,0
7.26183,4,7259327311,2502412,0
7.272,4,7269501335,2502412,0
7.2774,4,7274900753,2502412,0
7.28763,4,7285128777,2502412,0
7.29273,4,7290224789,2502412,0
7.29793,4,7297859807,73000,1
7.30303,4,7300523813,2502412,0
7.30558,4,7303080225,2502412,0
7.31575,4,7313245249,2502412,0
7.32597,4,7323464273,2502412,0
7.33106,4,7328560285,2502412,0
7.3336,4,7331098697,2502412,0
7.33627,4,7336194709,73000,1
7.3442,4,7341701127,2502412,0
7.34673,4,7344230539,2502412,0
7.34687,4,7346795951,73000,1
7.35709,4,7354583563,2502412,0
7.36982,4,7367314593,2502412,0
7.37236,4,7369853005,2502412,0
7.38042,4,7380349029,73000,1
7.38298,4,7380474029,2502412,0
7.38309,4,7383021441,73000,1
7.3984,4,7395896065,2502412,0
7.41114,4,7408636095,2502412,0
7.41878,4,7416280113,2502412,0
7.42388,4,7421376125,2502412,0
7.43405,4,7431550149,2502412,0
7.43919,4,7436691161,2502412,0
7.44965,4,7447150591,2502412,0
7.45479,4,7452291603,2502412,0
7.465,4,7462492627,2502412,0
7.47006,4,7467561639,2502412,0
7.4777,4,7475196657,2502412,0
7.48309,4,7480587075,2502412,0
7.48565,4,7483143487,2502412,0
7.48575,4,7485672899,73000,1
7.5011,4,7498601523,2502412,0
7.51385,4,7511350553,2502412,0
7.5165,4,7516428565,73000,1
7.53438,4,7531877601,2502412,0
7.54201,4,7539503619,2502412,0
7.54997,4,7547469043,2502412,0
7.55761,4,7555104061,2502412,0
7.57035,4,7567844091,2502412,0
7.57549,4,7572985103,2502412,0
7.58599,4,7583490127,2502412,0
7.59618,4,7593673151,2502412,0
7.60386,4,7601353169,2502412,0
7.60396,4,7603882581,73000,1
7.62437,4,7621871217,2502412,0
7.63215,4,7632072241,73000,1
7.65287,4,7650363689,2502412,0
7.66562,4,7663112719,2502412,0
7.67836,4,7675852749,2502412,0
7.68378,4,7681279761,2502412,0
7.68631,4,7683809173,2502412,0
7.69647,4,7693965197,2502412,0
7.69902,4,7696521609,2502412,0
7.70415,4,7701644621,2502412,0
7.71436,4,7711854645,2502412,0
7.72212,4,7722046669,73000,1
7.72467,4,7722162669,2502412,0
7.72975,4,7727249681,2502412,0
7.73991,4,7737405705,2502412,0
7.74503,4,7742528717,2502412,0
7.75553,4,7753024147,2502412,0
7.76065,4,7758147159,2502412,0
7.77086,4,7768357183,2502412,0
7.77862,4,7778549207,73000,1
7.78372,4,7781213213,2502412,0
7.79421,4,7791708643,2502412,0
7.80187,4,7799370661,2502412,0
7.80693,4,7804430673,2502412,0
7.81459,4,7812083691,2502412,0
7.8248,4,7822293715,2502412,0
7.82989,4,7827389727,2502412,0
7.83244,4,7829937139,2502412,0
7.84264,4,7840138163,2502412,0
7.84771,4,7845207175,2502412,0
7.85823,4,7855729605,2502412,0
7.86076,4,7858259017,2502412,0
7.86589,4,7863391029,2502412,0
7.86853,4,7868460041,73000,1
7.87358,4,7871079047,2502412,0
7.87612,4,7873617459,2502412,0
7.87626,4,7876191871,73000,1
7.88389,4,7881386477,2502412,0
7.88691,4,7886840489,73000,1
7.89453,4,7892025501,2502412,0
7.89721,4,7897139513,73000,1
7.89984,4,7899767519,73000,1
7.91786,4,7917782561,73000,1
7.98711,4,7984603123,2502412,0
8.00017,4,7997665153,2502412,0
8.00779,4,8005291171,2502412,0
8.01542,4,8012917189,2502412,0
8.02321,4,8023136213,73000,1
8.02577,4,8023270213,2502412,0
8.03593,4,8033426237,2502412,0
8.04373,4,8043654261,73000,1
8.04897,4,8048893273,73000,1
8.05401,4,8051503279,2502412,0
8.06707,4,8064564715,2502412,0
8.07473,4,8072226733,2502412,0
8.08252,4,8082445757,73000,1
8.09304,4,8090536003,2502412,0
8.09812,4,8095614015,2502412,0
8.10833,4,8105824039,2502412,0
8.12105,4,8118546069,2502412,0
8.12619,4,8123687081,2502412,0
8.13894,4,8136436111,2502412,0
8.14912,4,8146619135,2502412,0
8.15421,4,8151706147,2502412,0
8.16469,4,8162192577,2502412,0
8.16725,4,8164748989,2502412,0
8.17234,4,8169836001,2502412,0
8.17489,4,8172383413,2502412,0
8.18507,4,8182566437,2502412,0
8.19035,4,8190273455,73000,1
8.20356,4,8203487485,73000,1
8.24695,4,8244443581,2502412,0
8.25709,4,8254590605,2502412,0
8.26221,4,8259704617,2502412,0
8.27274,4,8270236641,2502412,0
8.27542,4,8275350653,73000,1
8.29086,4,8290790689,73000,1
8.33457,4,8332068785,2502412,0
8.34473,4,8342224809,2502412,0
8.35239,4,8349886827,2502412,0
8.35999,4,8357485845,2502412,0
8.36271,4,8362635857,73000,1
8.37322,4,8370717281,2502412,0
8.37575,4,8373246693,2502412,0
8.38336,4,8380854711,2502412,0
8.38844,4,8385932723,2502412,0
8.39097,4,8388471135,2502412,0
8.40151,4,8399003159,2502412,0
8.40919,4,8406692177,2502412,0
8.41681,4,8414309195,2502412,0
8.42193,4,8419423207,2502412,0
8.43466,4,8432154237,2502412,0
8.43721,4,8434710649,2502412,0
8.44995,4,8447450679,2502412,0
8.45249,4,8449989091,2502412,0
8.46524,4,8462738121,2502412,0
8.4678,4,8465294533,2502412,0
8.47065,4,8468146539,2502412,0
8.47332,4,8473251551,73000,1
8.49122,4,8488718587,2502412,0
8.49642,4,8496344605,73000,1
8.4991,4,8499026611,73000,1
8.52503,4,8524953671,73000,1
8.53778,4,8535279695,2502412,0
8.5505,4,8547992725,2502412,0
8.55321,4,8553133737,73000,1
8.55329,4,8553213737,73000,1
8.5919,4,8589395227,2502412,0
8.60205,4,8599551251,2502412,0
8.60751,4,8605005263,2502412,0
8.61529,4,8615215287,73000,1
8.6229,4,8620400299,2502412,0
8.63564,4,8633140329,2502412,0
8.64073,4,8638227341,2502412,0
8.64329,4,8640783753,2502412,0
8.65345,4,8650948777,2502412,0
8.65618,4,8656107789,73000,1
8.67687,4,8674372237,2502412,0
8.68465,4,8684573261,73000,1
8.69999,4,8697483291,2502412,0
8.70009,4,8700012703,73000,1
8.7056,4,8705529309,73000,1
8.73619,4,8733691375,2502412,0
8.74132,4,8738814387,2502412,0
8.7515,4,8748997411,2502412,0
8.7566,4,8754093423,2502412,0
8.76179,4,8761719441,73000,1
8.77455,4,8772045465,2502412,0
8.7774,4,8774897471,2502412,0
8.78758,4,8785080495,2502412,0
8.79268,4,8790176507,2502412,0
8.79778,4,8795281519,2502412,0
8.80286,4,8800359531,2502412,0
8.81085,4,8808352549,2502412,0
8.81593,4,8813430561,2502412,0
8.82613,4,8823631585,2502412,0
8.83381,4,8831302603,2502412,0
8.84401,4,8841503627,2502412,0
8.84654,4,8844033039,2502412,0
8.85928,4,8856782069,2502412,0
8.85944,4,8859365481,73000,1
8.87729,4,8874788111,2502412,0
8.88027,4,8880197123,73000,1
8.88549,4,8885418135,73000,1
8.89823,4,8895726159,2502412,0
8.90838,4,8905873183,2502412,0
8.91093,4,8908429595,2502412,0
8.91646,4,8916386019,73000,1
8.9318,4,8929296049,2502412,0
8.93446,4,8934383061,73000,1
8.94465,4,8942152079,2502412,0
8.95242,4,8952344103,73000,1
8.96003,4,8957529115,2502412,0
8.96781,4,8967739139,73000,1
8.97547,4,8972969151,2502412,0
8.98597,4,8983464581,2502412,0
8.98864,4,8988569593,73000,1
8.99882,4,8996320611,2502412,0
9.01156,4,9009060641,2502412,0
9.01967,4,9019601665,73000,1
9.04005,4,9037544707,2502412,0
9.04261,4,9040110119,2502412,0
9.05536,4,9052859149,2502412,0
9.06811,4,9065608179,2502412,0
9.07322,4,9070713191,2502412,0
9.0784,4,9078330209,73000,1
9.09149,4,9088986639,2502412,0
9.09403,4,9091525051,2502412,0
9.10677,4,9104265081,2502412,0
9.11728,4,9114779105,2502412,0
9.12238,4,9119875117,2502412,0
9.13002,4,9127519135,2502412,0
9.13765,4,9135145153,2502412,0
9.14788,4,9145373177,2502412,0
9.15556,4,9153053195,2502412,0
9.16315,4,9160652213,2502412,0
9.16825,4,9165748225,2502412,0
9.17591,4,9173410243,2502412,0
9.18098,4,9178479255,2502412,0
9.18897,4,9186462679,2502412,0
9.19918,4,9196672703,2502412,0
9.20171,4,9199211115,2502412,0
9.2119,4,9209394139,2502412,0
9.21749,4,9217414157,73000,1
9.2251,4,9222599169,2502412,0
9.23019,4,9227686181,2502412,0
9.24039,4,9237887205,2502412,0
9.25314,4,9250636235,2502412,0
9.25328,4,9253210647,73000,1
9.26602,4,9263519265,2502412,0
9.27622,4,9273720289,2502412,0
9.28132,4,9278816301,2502412,0
9.29438,4,9291877737,2502412,0
9.29691,4,9294407149,2502412,0
9.30707,4,9304572173,2502412,0
9.31218,4,9309677185,2502412,0
9.31474,4,9312233597,2502412,0
9.3252,4,9322693621,2502412,0
9.33034,4,9327834633,2502412,0
9.33289,4,9330391045,2502412,0
9.34307,4,9340565069,2502412,0
9.34819,4,9345688081,2502412,0
9.35327,4,9350766093,2502412,0
9.36348,4,9360976117,2502412,0
9.36857,4,9366063129,2502412,0
9.37621,4,9373707147,2502412,0
9.38387,4,9381369165,2502412,0
9.38652,4,9386447177,73000,1
9.40218,4,9399678613,2502412,0
9.41236,4,9409852637,2502412,0
9.42001,4,9417505655,2502412,0
9.42793,4,9425426673,2502412,0
9.43049,4,9427992085,2502412,0
9.4306,4,9430530497,73000,1
9.44084,4,9438336109,2502412,0
9.44094,4,9440865521,73000,1
9.44345,4,9440946115,2502412,0
9.4536,4,9451102139,2502412,0
9.45616,4,9453658551,2502412,0
9.4689,4,9466398581,2502412,0
9.47163,4,9471557593,73000,1
9.48691,4,9484404623,2502412,0
9.49996,4,9497457059,2502412,0
9.50508,4,9502580071,2502412,0
9.51781,4,9515311101,2502412,0
9.52292,4,9520416113,2502412,0
9.53341,4,9530912137,2502412,0
9.53594,4,9533441549,2502412,0
9.53607,4,9535997961,73000,1
9.54369,4,9541183567,2502412,0
9.55138,4,9548881585,2502412,0
9.56413,4,9561630615,2502412,0
9.57431,4,9571804639,2502412,0
9.57941,4,9576909651,2502412,0
9.5896,4,9587101675,2502412,0
9.59232,4,9592242687,73000,1
9.60026,4,9597758105,2502412,0
9.613,4,9610498135,2502412,0
9.61809,4,9615585147,2502412,0
9.6283,4,9625795171,2502412,0
9.63114,4,9628637583,2502412,0
9.63622,4,9633715595,2502412,0
9.64639,4,9643889619,2502412,0
9.65152,4,9649021631,2502412,0
9.66174,4,9659240655,2502412,0
9.67193,4,9669423679,2502412,0
9.67719,4,9677112697,73000,1
9.6875,4,9687429721,73000,1
9.72356,4,9721054205,2502412,0
9.73658,4,9734080235,2502412,0
9.73929,4,9739212247,73000,1
9.74692,4,9744415259,2502412,0
9.74703,4,9746953671,73000,1
9.75721,4,9754705283,2502412,0
9.76229,4,9759783295,2502412,0
9.76482,4,9762321707,2502412,0
9.76988,4,9767381719,2502412,0
9.77754,4,9775034737,2502412,0
9.78266,4,9780157749,2502412,0
9.79287,4,9790367773,2502412,0
9.7954,4,9792897185,2502412,0
9.80079,4,9798287603,2502412,0
9.81097,4,9808470627,2502412,0
9.81866,4,9816159645,2502412,0
9.82646,4,9826387669,73000,1
9.82897,4,9826467669,2502412,0
9.83193,4,9831858681,73000,1
9.84981,4,9847307717,2502412,0
9.85742,4,9854915735,2502412,0
9.86508,4,9862577753,2502412,0
9.87269,4,9870185771,2502412,0
9.87541,4,9875335783,73000,1
9.89327,4,9890766819,2502412,0
9.89594,4,9895871831,73000,1
9.89602,4,9895951831,73000,1
9.92443,4,9921932297,2502412,0
9.92453,4,9924461709,73000,1
9.93215,4,9929647315,2502412,0
9.93754,4,9935038327,2502412,0
9.94774,4,9945239351,2502412,0
9.95027,4,9947768763,2502412,0
9.95537,4,9952864775,2502412,0
9.95549,4,9955412187,73000,1
9.97336,4,9970852817,2502412,0
9.98354,4,9981035841,2502412,0
9.9912,4,9988697859,2502412,0
9.99883,4,9996323877,2502412,0
10.0044,4,10004334301,73000,1
10.012,4,10009546313,2502412,0
10.0171,4,10014624325,2502412,0
10.0273,4,10024807349,2502412,0
10.0324,4,10029885361,2502412,0
10.0349,4,10032423773,2502412,0
10.0404,4,10040362791,73000,1
10.0533,4,10050751815,2502412,0
10.066,4,10063464845,2502412,0
10.0762,4,10073665869,2502412,0
10.0813,4,10078788881,2502412,0
10.089,4,10088971905,73000,1
10.0916,4,10089096905,2502412,0
10.0943,4,10094192917,73000,1
10.1126,4,10112502365,73000,1
10.1537,4,10151223455,2502412,0
10.1639,4,10161388479,2502412,0
10.169,4,10166475491,2502412,0
10.1792,4,10176649515,2502412,0
10.1843,4,10181763527,2502412,0
10.1944,4,10191946551,2502412,0
10.1997,4,10199644569,73000,1
10.205,4,10204883581,73000,1
10.2129,4,10210353999,2502412,0
10.2154,4,10212910411,2502412,0
10.2281,4,10225614441,2502412,0
10.2383,4,10235842465,2502412,0
10.2463,4,10243817483,2502412,0
10.2565,4,10254027507,2502412,0
10.2693,4,10266776537,2502412,0
10.282,4,10279525567,2502412,0
10.2846,4,10282063979,2502412,0
10.2873,4,10287177991,73000,1
10.2975,4,10294965009,2502412,0
10.3076,4,10305112033,2502412,0
10.313,4,10310529451,2502412,0
10.3207,4,10318155469,2502412,0
10.3257,4,10323233481,2502412,0
10.3283,4,10325789893,2502412,0
10.3385,4,10335990917,2502412,0
10.3436,4,10341059929,2502412,0
10.349,4,10346513347,2502412,0
10.3592,4,10356714371,2502412,0
10.3618,4,10359252783,2502412,0
10.367,4,10366905801,73000,1
10.3748,4,10374701819,73000,1
10.4028,4,10400333879,2502412,0
10.413,4,10410516903,2502412,0
10.4261,4,10423578933,2502412,0
10.4388,4,10436318963,2502412,0
10.4465,4,10443998981,2502412,0
10.457,4,10454530411,2502412,0
10.4698,4,10467270441,2502412,0
10.475,4,10474914459,73000,1
10.4801,4,10477569465,2502412,0
10.4852,4,10482665477,2502412,0
10.4904,4,10490318495,73000,1
10.4955,4,10492973501,2502412,0
10.5031,4,10500626519,2502412,0
10.5032,4,10503155931,73000,1
10.5239,4,10521438973,2502412,0
10.5341,4,10531630997,2502412,0
10.5394,4,10539320015,73000,1
10.5496,4,10547071033,2502412,0
10.5601,4,10557548463,2502412,0
10.5653,4,10565228481,73000,1
10.5703,4,10567847487,2502412,0
10.5831,4,10580596517,2502412,0
10.5857,4,10583161929,2502412,0
10.5984,4,10595874959,2502412,0
10.601,4,10598467371,2502412,0
10.6137,4,10611189401,2502412,0
10.6164,4,10616339413,73000,1
10.6371,4,10634621861,2502412,0
10.6499,4,10647370891,2502412,0
10.6553,4,10652770903,2502412,0
10.6629,4,10660405921,2502412,0
10.668,4,10665474933,2502412,0
10.6731,4,10670570945,2502412,0
10.6833,4,10680798969,2502412,0
10.6885,4,10688451987,73000,1
10.6886,4,10688576987,73000,1
10.6988,4,10696301005,2502412,0
10.6989,4,10698875417,73000,1
10.7193,4,10716828053,2502412,0
10.7248,4,10722264009,2502412,0
10.7324,4,10729863027,2502412,0
10.7325,4,10732392439,73000,1
10.7427,4,10740198051,2502412,0
10.7478,4,10745276063,2502412,0
10.7503,4,10747814475,2502412,0
10.7504,4,10750370887,73000,1
10.7609,4,10758435499,2502412,0
10.7635,4,10761000911,2502412,0
10.7687,4,10768635929,73000,1
10.7866,4,10784084965,2502412,0
10.7918,4,10791710983,73000,1
10.8071,4,10804612013,2502412,0
10.8096,4,10807141425,2502412,0
10.8097,4,10809670837,73000,1
10.8279,4,10825423873,2502412,0
10.8306,4,10830519885,73000,1
10.8484,4,10845923921,2502412,0
10.8486,4,10848480333,73000,1
10.859,4,10856499945,2502412,0
10.8616,4,10859056357,2502412,0
10.8641,4,10861585769,2502412,0
10.8666,4,10864124181,2502412,0
10.8744,4,10874289205,73000,1
10.8795,4,10877034211,2502412,0
10.8846,4,10882094223,2502412,0
10.8922,4,10889702241,2502412,0
10.8999,4,10897382259,2502412,0
10.9075,4,10905044277,2502412,0
10.9102,4,10910140289,73000,1
10.9127,4,10910229289,2502412,0
10.9229,4,10920439313,2502412,0
10.9283,4,10925820731,2502412,0
10.9284,4,10928368143,73000,1
10.9309,4,10928441143,2502412,0
10.9412,4,10938660167,2502412,0
10.9488,4,10946313185,2502412,0
10.9539,4,10951418197,2502412,0
10.9644,4,10961896221,2502412,0
10.9697,4,10969594239,73000,1
10.98,4,10979911263,73000,1
11.0234,4,11020867359,2502412,0
11.0261,4,11025990371,73000,1
11.0468,4,11044281819,2502412,0
11.0493,4,11046811231,2502412,0
11.0571,4,11057003255,73000,1
11.0622,4,11059667261,2502412,0
11.0701,4,11067578685,2502412,0
11.0752,4,11072701697,2502412,0
11.0854,4,11082884721,2502412,0
11.0879,4,11085432133,2502412,0
11.093,4,11090528145,2502412,0
11.1032,4,11100729169,2502412,0
11.1134,4,11110930193,2502412,0
11.1185,4,11116035205,2502412,0
11.1238,4,11123679223,73000,1
11.129,4,11128936235,73000,1
11.1497,4,11147210283,2502412,0
11.1599,4,11157384307,2502412,0
11.1729,4,11170446337,2502412,0
11.1755,4,11173002749,2502412,0
11.1832,4,11183176773,73000,1
11.1986,4,11196095803,2502412,0
11.2037,4,11201164815,2502412,0
11.2139,4,11211383839,2502412,0
11.2241,4,11221584863,2502412,0
11.2371,4,11234628299,2502412,0
11.2448,4,11242290317,2502412,0
11.2524,4,11249898335,2502412,0
11.2526,4,11252481747,73000,1
11.2627,4,11260242359,2502412,0
11.2682,4,11265651371,2502412,0
11.2783,4,11275843395,2502412,0
11.2835,4,11280957407,2502412,0
11.2936,4,11291122431,2502412,0
11.2962,4,11293678843,2502412,0
11.2989,4,11298783855,73000,1
11.3067,4,11306579873,73000,1
11.3321,4,11329627927,2502412,0
11.3401,4,11337602351,2502412,0
11.3402,4,11340131763,73000,1
11.3478,4,11345326369,2502412,0
11.3556,4,11355527393,73000,1
11.3712,4,11368741423,2502412,0
11.3764,4,11376358441,73000,1
11.3815,4,11379040447,2502412,0
11.3943,4,11391789477,2502412,0
11.3969,4,11396876489,73000,1
11.4099,4,11409777519,73000,1
11.451,4,11448489015,2502412,0
11.4561,4,11453576027,2502412,0
11.4637,4,11461175045,2502412,0
11.4688,4,11466289057,2502412,0
11.4767,4,11474246075,2502412,0
11.4844,4,11481863093,2502412,0
11.492,4,11489543111,2502412,0
11.4997,4,11497214129,2502412,0
11.5048,4,11502301141,2502412,0
11.515,4,11512511165,2502412,0
11.5177,4,11517625177,73000,1
11.5202,4,11517698177,2502412,0
11.5278,4,11525315195,2502412,0
11.5329,4,11530429207,2502412,0
11.538,4,11535507219,2502412,0
11.5381,4,11538045631,73000,1
11.5461,4,11543588643,2502412,0
11.5563,4,11553789667,2502412,0
11.5614,4,11558876679,2502412,0
11.5666,4,11566511697,73000,1
11.5717,4,11569193703,2502412,0
11.5742,4,11571732115,2502412,0
11.5796,4,11577113533,2502412,0
11.5872,4,11584730551,2502412,0
11.5924,4,11589862563,2502412,0
11.6026,4,11600063587,2502412,0
11.6078,4,11607734605,73000,1
11.6154,4,11612946617,2502412,0
11.6205,4,11618024629,2502412,0
11.6281,4,11625641647,2502412,0
11.6308,4,11630773659,73000,1
11.649,4,11646517101,2502412,0
11.6618,4,11659257131,2502412,0
11.6643,4,11661804543,2502412,0
11.667,4,11666900555,73000,1
11.6722,4,11672139567,73000,1
11.7133,4,11710842657,2502412,0
11.7235,4,11721016681,2502412,0
11.7286,4,11726094693,2502412,0
11.7337,4,11731208705,2502412,0
11.7439,4,11741418729,2502412,0
11.7493,4,11746827741,2502412,0
11.7595,4,11757028765,2502412,0
11.7672,4,11764681783,2502412,0
11.7748,4,11772289801,2502412,0
11.7802,4,11777716813,2502412,0
11.7904,4,11787926837,2502412,0
11.7906,4,11790483249,73000,1
11.811,4,11808471885,2502412,0
11.8161,4,11813549897,2502412,0
11.8187,4,11818636909,73000,1
11.8316,4,11831555939,73000,1
11.8727,4,11870231435,2502412,0
11.8753,4,11872769847,2502412,0
11.8883,4,11885822877,2502412,0
11.8935,4,11890963889,2502412,0
11.8986,4,11898571907,73000,1
11.9012,4,11898651907,2502412,0
11.9063,4,11903774919,2502412,0
11.9164,4,11913939943,2502412,0
11.9216,4,11919062955,2502412,0
11.9241,4,11921601367,2502412,0
11.9292,4,11926679379,2502412,0
11.9368,4,11934278397,2502412,0
11.9419,4,11939419409,2502412,0
11.9446,4,11944542421,73000,1
11.9602,4,11957728857,2502412,0
11.9653,4,11962824869,2502412,0
11.9755,4,11973007893,2502412,0
11.9836,4,11983539917,73000,1
11.9861,4,11983612917,2502412,0
11.9863,4,11986205329,73000,1
11.9964,4,11993911941,2502412,0
12.0016,4,11999052953,2502412,0
12.0117,4,12009226977,2502412,0
12.0195,4,12019437001,73000,1
12.0323,4,12029754025,2502412,0
12.045,4,12042485055,2502412,0
12.0475,4,12045041467,2502412,0
12.0556,4,12055545897,73000,1
12.0609,4,12060802909,73000,1
12.0711,4,12068553927,2502412,0
12.0788,4,12078763951,73000,1
12.097,4,12094462987,2502412,0
12.0995,4,12097001399,2502412,0
12.1046,4,12102097411,2502412,0
12.1148,4,12112280435,2502412,0
12.1199,4,12117412447,2502412,0
12.1301,4,12127604471,2502412,0
12.1352,4,12132709483,2502412,0
12.148,4,12145458513,2502412,0
12.1506,4,12150563525,73000,1
12.156,4,12153530937,2502412,0
12.1688,4,12166279967,2502412,0
12.1739,4,12171375979,2502412,0
12.174,4,12173914391,73000,1
12.1816,4,12179117997,2502412,0
12.1947,4,12192153027,2502412,0
12.1948,4,12194745439,73000,1
12.2052,4,12205081057,73000,1
12.2358,4,12233261123,2502412,0
12.2383,4,12235790535,2502412,0
12.2485,4,12245955559,2502412,0
12.2535,4,12251033571,2502412,0
12.2561,4,12253571983,2502412,0
12.2666,4,12264059007,2502412,0
12.2717,4,12269200019,2502412,0
12.2742,4,12271747431,2502412,0
12.287,4,12284496461,2502412,0
12.2975,4,12295019485,2502412,0
12.3028,4,12302690503,73000,1
12.3028,4,12302770503,73000,1
12.3055,4,12305470509,73000,1
12.3259,4,12323422551,2502412,0
12.3286,4,12328509563,73000,1
12.3362,4,12333712575,2502412,0
12.3387,4,12336241987,2502412,0
12.3515,4,12348982017,2502412,0
12.354,4,12351529429,2502412,0
12.3595,4,12359476853,73000,1
12.3621,4,12359592853,2502412,0
12.3699,4,12369793877,73000,1
12.3751,4,12375032889,73000,1
12.4062,4,12406082961,73000,1
12.4496,4,12447057057,2502412,0
12.4548,4,12454701075,73000,1
12.4624,4,12459913087,2502412,0
12.4729,4,12470427111,2502412,0
12.478,4,12475523123,2502412,0
12.4831,4,12480583135,2502412,0
12.4933,4,12490784159,2502412,0
12.4987,4,12496202171,2502412,0
12.5063,4,12503837189,2502412,0
12.5191,4,12516586219,2502412,0
12.5293,4,12526805243,2502412,0
12.5344,4,12531910255,2502412,0
12.537,4,12534448667,2502412,0
12.5396,4,12539535679,73000,1
12.5575,4,12554993715,2502412,0
12.5705,4,12568028151,2502412,0
12.5758,4,12575699169,73000,1
12.586,4,12583468187,2502412,0
12.5936,4,12591103205,2502412,0
12.6017,4,12601608229,73000,1
12.6069,4,12606847241,73000,1
12.6121,4,12612068253,73000,1
12.63,4,12627454289,2502412,0
12.6427,4,12640176319,2502412,0
12.6529,4,12650395343,2502412,0
12.658,4,12655473355,2502412,0
12.6656,4,12663135373,2502412,0
12.671,4,12668526385,2502412,0
12.6787,4,12676206403,2502412,0
12.6889,4,12686407427,2502412,0
12.694,4,12691494439,2502412,0
12.7019,4,12699433457,2502412,0
12.707,4,12704502469,2502412,0
12.7096,4,12707049881,2502412,0
12.7198,4,12717259905,2502412,0
12.7249,4,12722373917,2502412,0
12.7274,4,12724921329,2502412,0
12.7325,4,12730008341,2502412,0
12.7352,4,12735077353,73000,1
12.7505,4,12747987383,2502412,0
12.7632,4,12760718413,2502412,0
12.7658,4,12763301825,2502412,0
12.7788,4,12776318261,2502412,0
12.7865,4,12784007279,2502412,0
12.7918,4,12791678297,73000,1
12.8074,4,12804856327,2502412,0
12.815,4,12812500345,2502412,0
12.8201,4,12817560357,2502412,0
12.8303,4,12827788381,2502412,0
12.8328,4,12830317793,2502412,0
12.8456,4,12843066823,2502412,0
12.8532,4,12850728841,2502412,0
12.8634,4,12860929865,2502412,0
12.8739,4,12871416295,2502412,0
12.8765,4,12873963707,2502412,0
12.8816,4,12879068719,2502412,0
12.8918,4,12889278743,2502412,0
12.8969,4,12894356755,2502412,0
12.9045,4,12901991773,2502412,0
12.9099,4,12907409191,2502412,0
12.915,4,12912523203,2502412,0
12.9226,4,12920140221,2502412,0
12.9277,4,12925227233,2502412,0
12.938,4,12935455257,2502412,0
12.9431,4,12940560269,2502412,0
12.9533,4,12950752293,2502412,0
12.9609,4,12958414311,2502412,0
12.9661,4,12966058329,73000,1
12.9687,4,12966174329,2502412,0
12.9817,4,12979226765,2502412,0
12.9843,4,12981774177,2502412,0
12.9919,4,12989400195,2502412,0
12.9995,4,12996999213,2502412,0
13.0021,4,12999573625,2502412,0
13.0048,4,13004687637,73000,1
13.0127,4,13010230649,2502412,0
13.0178,4,13015308661,2502412,0
13.0203,4,13017838073,2502412,0
13.0281,4,13028057097,73000,1
13.0485,4,13046036139,2502412,0
13.0613,4,13058776169,2502412,0
13.074,4,13071525199,2502412,0
13.0846,4,13082047629,2502412,0
13.0922,4,13089718647,2502412,0
13.1024,4,13099892671,2502412,0
13.1129,4,13110415695,2502412,0
13.118,4,13115538707,2502412,0
13.1282,4,13125703731,2502412,0
13.1359,4,13133383749,2502412,0
13.1461,4,13143584773,2502412,0
13.1537,4,13151228791,2502412,0
13.1615,4,13161456815,73000,1
13.1717,4,13169207833,2502412,0
13.1848,4,13182260269,2502412,0
13.19,4,13189904287,73000,1
13.1976,4,13195134299,2502412,0
13.2053,4,13202769317,2502412,0
13.2158,4,13213265341,2502412,0
13.2159,4,13215794753,73000,1
13.221,4,13218486353,2502412,0
13.2286,4,13226094371,2502412,0
13.2287,4,13228632783,73000,1
13.2312,4,13228731377,2502412,0
13.2338,4,13231260789,2502412,0
13.2465,4,13244000819,2502412,0
13.2517,4,13249150831,2502412,0
13.2619,4,13259360855,2502412,0
13.2669,4,13264438867,2502412,0
13.2772,4,13274648891,2502412,0
13.2902,4,13287701327,2502412,0
13.2928,4,13290248739,2502412,0
13.3005,4,13300431763,73000,1
13.3031,4,13300565763,2502412,0
13.3161,4,13313627793,2502412,0
13.3289,4,13326349823,2502412,0
13.3314,4,13328915235,2502412,0
13.3365,4,13333993247,2502412,0
13.3467,4,13344212271,2502412,0
13.3518,4,13349290283,2502412,0
13.357,4,13356934301,73000,1
13.3698,4,13367287325,2502412,0
13.3825,4,13380018355,2502412,0
13.3905,4,13387993373,2502412,0
13.3981,4,13395619391,2502412,0
13.4083,4,13405829415,2502412,0
13.4134,4,13410916427,2502412,0
13.4188,4,13416325439,2502412,0
13.4214,4,13418863851,2502412,0
13.429,4,13426471869,2502412,0
13.4341,4,13431576881,2502412,0
13.4392,4,13436717893,2502412,0
13.447,4,13446945917,73000,1
13.4548,4,13454723935,73000,1
13.4624,4,13459890947,2502412,0
13.4675,4,13464950959,2502412,0
13.4751,4,13472612977,2502412,0
13.4827,4,13480229995,2502412,0
13.4882,4,13485674413,2502412,0
13.4908,4,13490770425,73000,1
13.5087,4,13506228461,2502412,0
13.5189,4,13516384485,2502412,0
13.5294,4,13526906915,2502412,0
13.5345,4,13531984927,2502412,0
13.537,4,13534541339,2502412,0
13.5498,4,13547272369,2502412,0
13.56,4,13557500393,2502412,0
13.5651,4,13562569405,2502412,0
13.5678,4,13567710417,73000,1
13.578,4,13575488435,2502412,0
13.5881,4,13585644459,2502412,0
13.591,4,13588505465,2502412,0
13.5961,4,13593574477,2502412,0
13.6063,4,13603757501,2502412,0
13.6088,4,13606340913,2502412,0
13.6139,4,13611418925,2502412,0
13.6165,4,13613948337,2502412,0
13.619,4,13616486749,2502412,0
13.6295,4,13626964773,2502412,0
13.632,4,13629530185,2502412,0
13.6371,4,13634644197,2502412,0
13.6474,4,13644863221,2502412,0
13.6525,4,13649950233,2502412,0
13.6627,4,13660169257,2502412,0
13.6652,4,13662698669,2502412,0
13.6703,4,13667803681,2502412,0
13.6754,4,13672863693,2502412,0
13.683,4,13680498711,2502412,0
13.6857,4,13685648723,73000,1
13.6908,4,13688276729,2502412,0
13.6988,4,13696269747,2502412,0
13.7066,4,13706479771,73000,1
13.7067,4,13706595771,73000,1
13.7453,4,13742759855,2502412,0
13.7505,4,13750385873,73000,1
13.7658,4,13763277903,2502412,0
13.7785,4,13775999933,2502412,0
13.781,4,13778538345,2502412,0
13.7888,4,13788721369,73000,1
13.8045,4,13801961805,2502412,0
13.8095,4,13807021817,2502412,0
13.8173,4,13817249841,73000,1
13.8198,4,13817338841,2502412,0
13.8278,4,13825259859,2502412,0
13.8303,4,13827798271,2502412,0
13.8328,4,13830336683,2502412,0
13.8381,4,13837980701,73000,1
13.8534,4,13850899731,2502412,0
13.8661,4,13863612761,2502412,0
13.8712,4,13868726773,2502412,0
13.8814,4,13878891797,2502412,0
13.8865,4,13884032809,2502412,0
13.897,4,13894537239,2502412,0
13.9098,4,13907268269,2502412,0
13.9123,4,13909797681,2502412,0
13.925,4,13922546711,2502412,0
13.9281,4,13928027723,73000,1
13.9282,4,13928107723,73000,1
13.9461,4,13943547759,2502412,0
13.9562,4,13953703783,2502412,0
13.9587,4,13956233195,2502412,0
13.9638,4,13961338207,2502412,0
13.9741,4,13971566231,2502412,0
13.9868,4,13984315261,2502412,0
13.9893,4,13986844673,2502412,0
13.9974,4,13997349103,73000,1
14.0128,4,14010268133,2502412,0
14.0204,4,14017876151,2502412,0
14.028,4,14025529169,2502412,0
14.0385,4,14036025193,2502412,0
14.0463,4,14046253217,73000,1
14.0488,4,14046333217,2502412,0
14.049,4,14048916629,73000,1
14.0591,4,14056623241,2502412,0
14.0617,4,14059161653,2502412,0
14.0644,4,14064293665,73000,1
14.0822,4,14079697701,2502412,0
14.0873,4,14084802713,2502412,0
14.0874,4,14087350125,73000,1
14.095,4,14092535731,2502412,0
14.0976,4,14095074143,2502412,0
14.103,4,14100464561,2502412,0
14.1031,4,14103020973,73000,1
14.1107,4,14108170579,2502412,0
14.1158,4,14113338591,2502412,0
14.126,4,14123512615,2502412,0
14.1311,4,14128635627,2502412,0
14.1365,4,14134017639,2502412,0
14.1441,4,14141625657,2502412,0
14.1493,4,14146766669,2502412,0
14.1544,4,14151853681,2502412,0
14.162,4,14159497699,2502412,0
14.1671,4,14164584711,2502412,0
14.1672,4,14167141123,73000,1
14.1748,4,14172335729,2502412,0
14.1801,4,14180015747,73000,1
14.1851,4,14182634753,2502412,0
14.1903,4,14187748765,2502412,0
14.1953,4,14192826777,2502412,0
14.2029,4,14200434795,2502412,0
14.2058,4,14203322801,2502412,0
14.2186,4,14216071831,2502412,0
14.2263,4,14223751849,2502412,0
14.2315,4,14231422867,73000,1
14.237,4,14236929879,73000,1
14.2625,4,14260040933,2502412,0
14.2753,4,14272762963,2502412,0
14.2855,4,14282981987,2502412,0
14.2931,4,14290617005,2502412,0
14.3008,4,14298261023,2502412,0
14.3038,4,14303689003,73000,1
14.3167,4,14316581033,73000,1
14.3527,4,14350215111,2502412,0
14.3554,4,14355293123,73000,1
14.3707,4,14368158153,2502412,0
14.3783,4,14375802171,2502412,0
14.3885,4,14386012195,2502412,0
14.3987,4,14396213219,2502412,0
14.4038,4,14401291231,2502412,0
14.4143,4,14411795661,2502412,0
14.4245,4,14422005685,2502412,0
14.4322,4,14429685703,2502412,0
14.4348,4,14434754715,73000,1
14.4399,4,14437409721,2502412,0
14.453,4,14450462157,2502412,0
14.4581,4,14455594169,2502412,0
14.4682,4,14465741193,2502412,0
14.4684,4,14468324605,73000,1
14.4709,4,14468432199,2502412,0
14.4811,4,14478588223,2502412,0
14.4837,4,14481153635,2502412,0
14.4964,4,14493884665,2502412,0
14.5015,4,14499007677,2502412,0
14.512,4,14509485107,2502412,0
14.5146,4,14512050519,2502412,0
14.5223,4,14522242543,73000,1
14.5377,4,14535152573,2502412,0
14.5427,4,14540230585,2502412,0
14.5506,4,14548142009,2502412,0
14.5558,4,14553265021,2502412,0
14.566,4,14563466045,2502412,0
14.5762,4,14573676069,2502412,0
14.5812,4,14578745081,2502412,0
14.5814,4,14581328493,73000,1
14.6018,4,14599326129,2502412,0
14.6149,4,14612351565,2502412,0
14.6276,4,14625100595,2502412,0
14.6329,4,14632789613,73000,1
14.638,4,14635462619,2502412,0
14.643,4,14640540631,2502412,0
14.6484,4,14645913643,2502412,0
14.656,4,14653512661,2502412,0
14.6586,4,14656078073,2502412,0
14.6611,4,14658607485,2502412,0
14.6738,4,14671347515,2502412,0
14.6765,4,14673948927,2502412,0
14.6815,4,14679026939,2502412,0
14.6917,4,14689209963,2502412,0
14.6943,4,14691775375,2502412,0
14.6994,4,14696880387,2502412,0
14.707,4,14704479405,2502412,0
14.7097,4,14709629417,73000,1
14.7253,4,14722824853,2502412,0
14.7306,4,14730477871,73000,1
14.7331,4,14730557871,2502412,0
14.7432,4,14740722895,2502412,0
14.7458,4,14743279307,2502412,0
14.7513,4,14751245325,73000,1
14.754,4,14753945331,73000,1
14.777,4,14774454379,2502412,0
14.7871,4,14784646403,2502412,0
14.7973,4,14794829427,2502412,0
14.8026,4,14802518445,73000,1
14.8153,4,14812826469,2502412,0
14.8233,4,14820830015,2502412,0
14.8335,4,14831013039,2502412,0
14.8386,4,14836109051,2502412,0
14.8488,4,14846292075,2502412,0
14.8517,4,14849161487,2502412,0
14.8569,4,14856805505,73000,1
14.8722,4,14869688535,2502412,0
14.88,4,14879880559,73000,1
14.8877,4,14887658577,73000,1
14.8904,4,14890340583,73000,1
14.893,4,14892959589,73000,1
15.0628,4,15060324791,2502412,0
15.0756,4,15073073821,2502412,0
15.0807,4,15078187833,2502412,0
15.0833,4,15083274845,73000,1
15.0884,4,15085938851,2502412,0
15.0986,4,15096121875,2502412,0
15.1037,4,15101208887,2502412,0
15.1165,4,15113957917,2502412,0
15.1217,4,15121646935,73000,1
15.1348,4,15132267365,2502412,0
15.1399,4,15137354377,2502412,0
15.1526,4,15150085407,2502412,0
15.1551,4,15152623819,2502412,0
15.1605,4,15158041831,2502412,0
15.1708,4,15168269855,2502412,0
15.1759,4,15173365867,2502412,0
15.1861,4,15183575891,2502412,0
15.1911,4,15188644903,2502412,0
15.1937,4,15191174315,2502412,0
15.2013,4,15198791333,2502412,0
15.2064,4,15203896345,2502412,0
15.2091,4,15209037357,73000,1
15.2167,4,15214240369,2502412,0
15.2298,4,15227283805,2502412,0
15.24,4,15237493829,2502412,0
15.2451,4,15242598841,2502412,0
15.2502,4,15247685853,2502412,0
15.2604,4,15257859877,2502412,0
15.2632,4,15260720289,2502412,0
15.2659,4,15265852301,73000,1
15.271,4,15268462307,2502412,0
15.276,4,15273540319,2502412,0
15.2788,4,15278690331,73000,1
15.284,4,15283929343,73000,1
15.3274,4,15324894439,2502412,0
15.3355,4,15335399463,73000,1
15.3381,4,15338054469,73000,1
15.3767,4,15374236553,2502412,0
15.3869,4,15384419577,2502412,0
15.3997,4,15397150607,2502412,0
15.4048,4,15402273619,2502412,0
15.415,4,15412474643,2502412,0
15.42,4,15417534655,2502412,0
15.4227,4,15422639667,73000,1
15.428,4,15427896679,73000,1
15.4563,4,15453841145,2502412,0
15.4614,4,15458901157,2502412,0
15.4693,4,15466831175,2502412,0
15.4744,4,15471900187,2502412,0
15.4746,4,15474483599,73000,1
15.4848,4,15482271211,2502412,0
15.4899,4,15487349223,2502412,0
15.5001,4,15497568247,2502412,0
15.5128,4,15510290277,2502412,0
15.5154,4,15512855689,2502412,0
15.5204,4,15517933701,2502412,0
15.5256,4,15525550719,73000,1
15.5362,4,15533668143,2502412,0
15.5438,4,15541312161,2502412,0
15.5514,4,15548947179,2502412,0
15.5565,4,15554034191,2502412,0
15.5567,4,15556581603,73000,1
15.5673,4,15567266221,73000,1
15.5954,4,15592898281,2502412,0
15.603,4,15600515299,2502412,0
15.6107,4,15608159317,2502412,0
15.6234,4,15620890347,2502412,0
15.626,4,15623464759,2502412,0
15.6312,4,15631099777,73000,1
15.6468,4,15644322213,2502412,0
15.6544,4,15651939231,2502412,0
15.662,4,15659547249,2502412,0
15.6646,4,15662112661,2502412,0
15.6726,4,15670051679,2502412,0
15.6802,4,15677722697,2502412,0
15.693,4,15690462727,2502412,0
15.6982,4,15698151745,73000,1
15.7035,4,15703390757,73000,1
15.7315,4,15728995817,2502412,0
15.7367,4,15736648835,73000,1
15.7523,4,15749808271,2502412,0
15.755,4,15754940283,73000,1
15.7626,4,15760116295,2502412,0
15.7757,4,15773169325,2502412,0
15.7833,4,15780840343,2502412,0
15.791,4,15788448361,2502412,0
15.7961,4,15793562373,2502412,0
15.8063,4,15803790397,2502412,0
15.819,4,15816512427,2502412,0
15.8216,4,15819077839,2502412,0
15.8243,4,15824182851,73000,1
15.8424,4,15839935293,2502412,0
15.845,4,15842464705,2502412,0
15.85,4,15847533717,2502412,0
15.8527,4,15852611729,73000,1
15.8578,4,15855293735,2502412,0
15.8705,4,15868033765,2502412,0
15.876,4,15873460777,2502412,0
15.881,4,15878529789,2502412,0
15.8912,4,15888730813,2502412,0
15.8963,4,15893835825,2502412,0
15.9016,4,15901497843,73000,1
15.9067,4,15904152849,2502412,0
15.9143,4,15911805867,2502412,0
15.9194,4,15916874879,2502412,0
15.9296,4,15927102903,2502412,0
15.9297,4,15929632315,73000,1
15.9322,4,15929730909,2502412,0
15.9348,4,15932260321,2502412,0
15.9478,4,15945321757,2502412,0
15.9504,4,15947860169,2502412,0
15.958,4,15955486187,2502412,0
15.9656,4,15963130205,2502412,0
15.9683,4,15968253217,73000,1
15.9708,4,15968333217,2502412,0
15.9759,4,15973429229,2502412,0
15.9814,4,15978855647,2502412,0
15.9915,4,15989029671,2502412,0
15.9993,4,15999257695,73000,1
16.0018,4,15999337695,2502412,0
16.0096,4,16009556719,73000,1
16.0122,4,16009690719,2502412,0
16.0174,4,16017316737,73000,1
16.0378,4,16035304779,2502412,0
16.0509,4,16048357215,2502412,0
16.051,4,16050904627,73000,1
16.0562,4,16056126233,73000,1
16.0871,4,16084628299,2502412,0
16.0872,4,16087175711,73000,1
16.1051,4,16102607341,2502412,0
16.1102,4,16107667353,2502412,0
16.1178,4,16115284371,2502412,0
16.1229,4,16120389383,2502412,0
16.1256,4,16125512395,73000,1
16.1332,4,16130733407,2502412,0
16.141,4,16140907431,73000,1
16.154,4,16151536861,2502412,0
16.1668,4,16164285891,2502412,0
16.1719,4,16169399903,2502412,0
16.1744,4,16171929315,2502412,0
16.1771,4,16176998327,73000,1
16.1851,4,16182568339,2502412,0
16.1927,4,16190176357,2502412,0
16.2003,4,16197829375,2502412,0
16.2105,4,16208021399,2502412,0
16.2131,4,16210550811,2502412,0
16.2183,4,16218221829,73000,1
16.2362,4,16233688865,2502412,0
16.2464,4,16243853889,2502412,0
16.2519,4,16251837009,73000,1
16.257,4,16254483015,2502412,0
16.2595,4,16257012427,2502412,0
16.2672,4,16264665445,2502412,0
16.2774,4,16274884469,2502412,0
16.2879,4,16285371493,2502412,0
16.2931,4,16293060511,73000,1
16.3033,4,16300829529,2502412,0
16.3086,4,16308482547,73000,1
16.3136,4,16311128553,2502412,0
16.3137,4,16313657965,73000,1
16.3316,4,16329107595,2502412,0
16.3444,4,16341856625,2502412,0
16.352,4,16349464643,2502412,0
16.3599,4,16357421661,2502412,0
16.3701,4,16367613685,2502412,0
16.3753,4,16372754697,2502412,0
16.3855,4,16382955721,2502412,0
16.3909,4,16388364139,2502412,0
16.401,4,16398547163,2502412,0
16.4061,4,16403643175,2502412,0
16.4112,4,16408721187,2502412,0
16.4139,4,16413790199,73000,1
16.419,4,16416463205,2502412,0
16.4266,4,16424116223,2502412,0
16.4319,4,16431805241,73000,1
16.4421,4,16439556259,2502412,0
16.4422,4,16442103671,73000,1
16.4603,4,16457802707,2502412,0
16.4628,4,16460332119,2502412,0
16.4756,4,16473081149,2502412,0
16.4757,4,16475673561,73000,1
16.4859,4,16483425173,2502412,0
16.4913,4,16488825185,2502412,0
16.5015,4,16498981209,2502412,0
16.504,4,16501528621,2502412,0
16.5168,4,16514268651,2502412,0
16.5219,4,16519418663,2502412,0
16.5245,4,16521948075,2502412,0
16.5296,4,16529556093,73000,1
16.5324,4,16532292099,73000,1
16.5476,4,16545121129,2502412,0
16.5554,4,16555331153,73000,1
16.5761,4,16573631601,2502412,0
16.5889,4,16586380631,2502412,0
16.5968,4,16594328649,2502412,0
16.6096,4,16607077679,2502412,0
16.6223,4,16619826709,2502412,0
16.6249,4,16622401121,2502412,0
16.6376,4,16635132151,2502412,0
16.6453,4,16642794169,2502412,0
16.6479,4,16647863181,73000,1
16.6607,4,16658198205,2502412,0
16.6636,4,16661050211,2502412,0
16.6662,4,16666155223,73000,1
16.6738,4,16671313235,2502412,0
16.679,4,16676454247,2502412,0
16.6891,4,16686646271,2502412,0
16.6943,4,16691760283,2502412,0
16.6947,4,16694602695,73000,1
16.705,4,16704937719,73000,1
16.7433,4,16740806803,2502412,0
16.7511,4,16750998827,73000,1
16.7612,4,16758731845,2502412,0
16.7666,4,16764140857,2502412,0
16.7718,4,16771766875,73000,1
16.777,4,16774457881,2502412,0
16.7822,4,16782083899,73000,1
16.7949,4,16792418923,2502412,0
16.7954,4,16795279335,73000,1
16.8157,4,16813222377,2502412,0
16.8285,4,16825962407,2502412,0
16.831,4,16828527819,2502412,0
16.8311,4,16831075231,73000,1
16.8516,4,16849054867,2502412,0
16.8643,4,16861776897,2502412,0
16.8671,4,16864646903,2502412,0
16.8697,4,16867185315,2502412,0
16.8824,4,16879925345,2502412,0
16.8851,4,16885075357,73000,1
16.8928,4,16890287369,2502412,0
16.9058,4,16903322399,2502412,0
16.9084,4,16905878811,2502412,0
16.9211,4,16918591841,2502412,0
16.9237,4,16921157253,2502412,0
16.9287,4,16926244265,2502412,0
16.9389,4,16936400289,2502412,0
16.9417,4,16941577301,73000,1
16.9595,4,16956981337,2502412,0
16.962,4,16959510749,2502412,0
16.9621,4,16962058161,73000,1
16.9676,4,16967547173,73000,1
17.0013,4,17001235251,73000,1
17.091,4,17088466861,2502412,0
17.0961,4,17093553873,2502412,0
17.1066,4,17104067897,2502412,0
17.1193,4,17116816927,2502412,0
17.1271,4,17127026951,73000,1
17.1399,4,17137352975,2502412,0
17.15,4,17147535999,2502412,0
17.1577,4,17155198017,2502412,0
17.1679,4,17165372041,2502412,0
17.173,4,17170513053,2502412,0
17.1835,4,17180991077,2502412,0
17.1886,4,17186123089,2502412,0
17.1988,4,17196270113,2502412,0
17.2013,4,17198844525,2502412,0
17.2144,4,17211888555,2502412,0
17.2169,4,17214435967,2502412,0
17.2222,4,17222097985,73000,1
17.2272,4,17224734991,2502412,0
17.2324,4,17229849003,2502412,0
17.2349,4,17232378415,2502412,0
17.2399,4,17237447427,2502412,0
17.2502,4,17247666451,2502412,0
17.2527,4,17250213863,2502412,0
17.2629,4,17260405887,2502412,0
17.2707,4,17270624911,73000,1
17.2788,4,17278715335,73000,1
17.2813,4,17278813335,2502412,0
17.2941,4,17291553365,2502412,0
17.2993,4,17299215383,73000,1
17.3069,4,17304436395,2502412,0
17.315,4,17314949825,73000,1
17.3252,4,17322673843,2502412,0
17.3277,4,17325221255,2502412,0
17.3355,4,17335404279,73000,1
17.3381,4,17335556279,2502412,0
17.3508,4,17348260309,2502412,0
17.3533,4,17350816721,2502412,0
17.366,4,17363538751,2502412,0
17.3686,4,17366095163,2502412,0
17.3737,4,17371191175,2502412,0
17.3816,4,17379120599,2502412,0
17.3867,4,17384225611,2502412,0
17.392,4,17391905629,73000,1
17.397,4,17394533635,2502412,0
17.4022,4,17399674647,2502412,0
17.4126,4,17410125671,2502412,0
17.4178,4,17415284683,2502412,0
17.4279,4,17425440707,2502412,0
17.4281,4,17428015119,73000,1
17.4485,4,17445994755,2502412,0
17.451,4,17448524167,2502412,0
17.4511,4,17451071579,73000,1
17.4613,4,17458823191,2502412,0
17.4741,4,17471572221,2502412,0
17.4766,4,17474137633,2502412,0
17.4821,4,17482076057,73000,1
17.4975,4,17494959087,2502412,0
17.5026,4,17500055099,2502412,0
17.5128,4,17510265123,2502412,0
17.5182,4,17515655541,2502412,0
17.526,4,17525883565,73000,1
17.5285,4,17525990565,2502412,0
17.5412,4,17538739595,2502412,0
17.5514,4,17548886619,2502412,0
17.5565,4,17553991631,2502412,0
17.5641,4,17561626649,2502412,0
17.5718,4,17569315667,2502412,0
17.5794,4,17576941685,2502412,0
17.5874,4,17584934109,2502412,0
17.5925,4,17589994121,2502412,0
17.6002,4,17597656139,2502412,0
17.6129,4,17610405169,2502412,0
17.6131,4,17612979581,73000,1
17.6211,4,17621071193,73000,1
17.6236,4,17621144193,2502412,0
17.6364,4,17633893223,2502412,0
17.6389,4,17636431635,2502412,0
17.644,4,17641500647,2502412,0
17.6542,4,17651728671,2502412,0
17.6644,4,17661938695,2502412,0
17.6772,4,17674651725,2502412,0
17.6824,4,17682340743,73000,1
17.698,4,17695536179,2502412,0
17.7031,4,17700614191,2502412,0
17.7133,4,17710788215,2502412,0
17.7189,4,17718781233,73000,1
17.7265,4,17724002245,2502412,0
17.7367,4,17734167269,2502412,0
17.7443,4,17741829287,2502412,0
17.7545,4,17752030311,2502412,0
17.7622,4,17759665329,2502412,0
17.7698,4,17767318347,2502412,0
17.78,4,17777510371,2502412,0
17.7827,4,17782651383,73000,1
17.7934,4,17793280813,73000,1
17.8165,4,17816382867,73000,1
17.8602,4,17857660963,2502412,0
17.8729,4,17870400993,2502412,0
17.8831,4,17880584017,2502412,0
17.8886,4,17888558441,73000,1
17.8937,4,17891213447,2502412,0
17.9014,4,17898848465,2502412,0
17.9116,4,17909058489,2502412,0
17.9166,4,17914127501,2502412,0
17.9271,4,17924641525,2502412,0
17.9323,4,17929755537,2502412,0
17.9399,4,17937363555,2502412,0
17.9424,4,17939901967,2502412,0
17.9449,4,17942431379,2502412,0
17.9526,4,17950075397,2502412,0
17.9603,4,17957773415,2502412,0
17.9654,4,17962869427,2502412,0
17.9704,4,17967938439,2502412,0
17.9781,4,17975564457,2502412,0
17.9806,4,17978129869,2502412,0
17.9857,4,17983198881,2502412,0
17.9962,4,17993694311,2502412,0
17.9987,4,17996241723,2502412,0
18.0013,4,17998807135,2502412,0
18.0064,4,18003876147,2502412,0
18.0166,4,18014104171,2502412,0
18.0191,4,18016642583,2502412,0
18.0322,4,18029695613,2502412,0
18.0348,4,18032288025,2502412,0
18.0375,4,18037384037,73000,1
18.0451,4,18042569049,2502412,0
18.0502,4,18047692061,2502412,0
18.0528,4,18052761073,73000,1
18.0632,4,18063096097,73000,1
18.0683,4,18065769103,2502412,0
18.0784,4,18075907127,2502412,0
18.0836,4,18081048139,2502412,0
18.0937,4,18091222163,2502412,0
18.0966,4,18094083169,2502412,0
18.0993,4,18099188181,73000,1
18.1069,4,18104409193,2502412,0
18.112,4,18109487205,2502412,0
18.1222,4,18119661229,2502412,0
18.1249,4,18124802241,73000,1
18.1405,4,18137962271,2502412,0
18.1406,4,18140491683,73000,1
18.1559,4,18153402307,2502412,0
18.156,4,18155931719,73000,1
18.1662,4,18163665331,2502412,0
18.1763,4,18173839355,2502412,0
18.1789,4,18176368767,2502412,0
18.1816,4,18181509779,73000,1
18.1892,4,18186676791,2502412,0
18.1893,4,18189269203,73000,1
18.1998,4,18197333221,2502412,0
18.2126,4,18210064251,2502412,0
18.2228,4,18220265275,2502412,0
18.2229,4,18222794687,73000,1
18.2254,4,18222867687,2502412,0
18.2308,4,18228303699,2502412,0
18.2309,4,18230851111,73000,1
18.2488,4,18246318741,2502412,0
18.2539,4,18251378753,2502412,0
18.254,4,18253926165,73000,1
18.2616,4,18259120771,2502412,0
18.2669,4,18266782789,73000,1
18.2719,4,18269419795,2502412,0
18.277,4,18274524807,2502412,0
18.2898,4,18287273837,2502412,0
18.2899,4,18289839249,73000,1
18.2975,4,18295015855,2502412,0
18.3029,4,18300442867,2502412,0
18.308,4,18305502879,2502412,0
18.3156,4,18313101897,2502412,0
18.3181,4,18315631309,2502412,0
18.3183,4,18318214721,73000,1
18.3208,4,18318287721,2502412,0
18.331,4,18328497745,2502412,0
18.3338,4,18331340157,2502412,0
18.3441,4,18341568181,2502412,0
18.3492,4,18346700193,2502412,0
18.3493,4,18349238605,73000,1
18.3494,4,18349337199,73000,1
18.3877,4,18385206283,2502412,0
18.3953,4,18392841301,2502412,0
18.4033,4,18400797725,2502412,0
18.4058,4,18403327137,2502412,0
18.4135,4,18410962155,2502412,0
18.4211,4,18418615173,2502412,0
18.4237,4,18421162585,2502412,0
18.4314,4,18431354609,73000,1
18.4447,4,18444604639,73000,1
18.478,4,18477880717,73000,1
18.5319,4,18529395243,2502412,0
18.532,4,18531933655,73000,1
18.5527,4,18550217291,2502412,0
18.5629,4,18560391315,2502412,0
18.568,4,18565460327,2502412,0
18.5756,4,18573131345,2502412,0
18.5859,4,18583350369,2502412,0
18.5911,4,18590994387,73000,1
18.5988,4,18598772405,73000,1
18.6349,4,18632396889,2502412,0
18.643,4,18642919913,73000,1
18.6532,4,18650688931,2502412,0
18.6583,4,18655766943,2502412,0
18.6685,4,18665949967,2502412,0
18.6711,4,18671072979,73000,1
18.6788,4,18676284991,2502412,0
18.6915,4,18689007021,2502412,0
18.6966,4,18694121033,2502412,0
18.7068,4,18704259057,2502412,0
18.7122,4,18709731069,2502412,0
18.7149,4,18714800081,73000,1
18.715,4,18714880081,73000,1
18.738,4,18735452129,2502412,0
18.7381,4,18737999541,73000,1
18.7436,4,18743489147,73000,1
18.7461,4,18743578147,2502412,0
18.7462,4,18746152559,73000,1
18.7666,4,18764141195,2502412,0
18.7794,4,18776854225,2502412,0
18.7921,4,18789603255,2502412,0
18.7998,4,18797274273,2502412,0
18.8074,4,18804882291,2502412,0
18.8128,4,18810308709,2502412,0
18.823,4,18820491733,2502412,0
18.8257,4,18825650745,73000,1
18.8435,4,18841045781,2502412,0
18.8466,4,18846481199,73000,1
18.8542,4,18851657211,2502412,0
18.8593,4,18856771223,2502412,0
18.8694,4,18866918247,2502412,0
18.872,4,18869465659,2502412,0
18.8772,4,18877136677,73000,1
18.8823,4,18879755683,2502412,0
18.8824,4,18882357095,73000,1
18.8825,4,18882455689,73000,1
18.9262,4,18923733191,2502412,0
18.9364,4,18933916215,2502412,0
18.9466,4,18944117239,2502412,0
18.9471,4,18946977651,73000,1
18.9496,4,18947075651,2502412,0
18.9598,4,18957285675,2502412,0
18.97,4,18967459699,2502412,0
18.975,4,18972546711,2502412,0
18.9776,4,18975103123,2502412,0
18.9903,4,18987834153,2502412,0
19.0006,4,18998053177,2502412,0
19.0082,4,19005724195,2502412,0
19.0187,4,19016210625,2502412,0
19.0214,4,19021351637,73000,1
19.0291,4,19026554649,2502412,0
19.0341,4,19031641661,2502412,0
19.0393,4,19039249679,73000,1
19.0474,4,19047358697,73000,1
19.073,4,19070469751,2502412,0
19.0807,4,19080661775,73000,1
19.0909,4,19088385793,2502412,0
19.0934,4,19090915205,2502412,0
19.0959,4,19093444617,2502412,0
19.1061,4,19103627641,2502412,0
19.1112,4,19108723653,2502412,0
19.1139,4,19113873665,73000,1
19.1195,4,19119425083,73000,1
19.1501,4,19147596149,2502412,0
19.1529,4,19150447561,2502412,0
19.1657,4,19163178591,2502412,0
19.1682,4,19165708003,2502412,0
19.1809,4,19178439033,2502412,0
19.1835,4,19180977445,2502412,0
19.1861,4,19183551857,2502412,0
19.1988,4,19196291887,2502412,0
19.2015,4,19201441899,73000,1
19.2198,4,19219751347,73000,1
19.225,4,19224954359,73000,1
19.2866,4,19284068497,2502412,0
19.2917,4,19289191509,2502412,0
19.3019,4,19299356533,2502412,0
19.307,4,19304470545,2502412,0
19.3172,4,19314653569,2502412,0
19.3223,4,19319776581,2502412,0
19.3252,4,19325167593,73000,1
19.3406,4,19338059623,2502412,0
19.3533,4,19350781653,2502412,0
19.3559,4,19353356065,2502412,0
19.3689,4,19366372501,2502412,0
19.3714,4,19368928913,2502412,0
19.3765,4,19374042925,2502412,0
19.3867,4,19384189949,2502412,0
19.3919,4,19389348961,2502412,0
19.392,4,19391887373,73000,1
19.4047,4,19402213991,2502412,0
19.4123,4,19409813009,2502412,0
19.4225,4,19420032033,2502412,0
19.428,4,19425449451,2502412,0
19.433,4,19430527463,2502412,0
19.4331,4,19433074875,73000,1
19.4435,4,19443428493,73000,1
19.4795,4,19477008571,2502412,0
19.4897,4,19487209595,2502412,0
19.4974,4,19494871613,2502412,0
19.5076,4,19505081637,2502412,0
19.5153,4,19515273661,73000,1
19.5281,4,19525590685,2502412,0
19.5335,4,19531008697,2502412,0
19.5386,4,19536077709,2502412,0
19.5462,4,19543703727,2502412,0
19.5488,4,19546260139,2502412,0
19.5489,4,19548789551,73000,1
19.5591,4,19556613163,2502412,0
19.5645,4,19561985581,2502412,0
19.5747,4,19572168605,2502412,0
19.5772,4,19574716017,2502412,0
19.5823,4,19579785029,2502412,0
19.5875,4,19587429047,73000,1
19.5901,4,19587563047,2502412,0
19.5926,4,19590092459,2502412,0
19.6004,4,19600284483,73000,1
19.6133,4,19613221513,73000,1
19.6314,4,19628919955,2502412,0
19.6442,4,19641650985,2502412,0
19.6544,4,19651861009,2502412,0
19.662,4,19659532027,2502412,0
19.6725,4,19670009457,2502412,0
19.6751,4,19672574869,2502412,0
19.6801,4,19677643881,2502412,0
19.6827,4,19680173293,2502412,0
19.6852,4,19682702705,2502412,0
19.6904,4,19690319723,73000,1
19.6956,4,19693064729,2502412,0
19.6957,4,19695612141,73000,1
19.7058,4,19703345753,2502412,0
19.716,4,19713519777,2502412,0
19.7211,4,19718642789,2502412,0
19.7262,4,19723720801,2502412,0
19.7289,4,19728789813,73000,1
19.7314,4,19728862813,2502412,0
19.7342,4,19731723819,2502412,0
19.7393,4,19736837831,2502412,0
19.7495,4,19747029855,2502412,0
19.7547,4,19752161867,2502412,0
19.7572,4,19754700279,2502412,0
19.7573,4,19757238691,73000,1
19.7624,4,19759849291,2502412,0
19.7654,4,19765294303,73000,1
19.773,4,19770497315,2502412,0
19.7832,4,19780716339,2502412,0
19.7909,4,19788378357,2502412,0
19.7985,4,19796004375,2502412,0
19.8087,4,19806214399,2502412,0
19.8138,4,19811292411,2502412,0
19.824,4,19821520435,2502412,0
19.8342,4,19831694459,2502412,0
19.8447,4,19842217483,2502412,0
19.8498,4,19847322495,2502412,0
19.8524,4,19849860907,2502412,0
19.8574,4,19854929919,2502412,0
19.8676,4,19865103943,2502412,0
19.8705,4,19867973355,2502412,0
19.8756,4,19873078367,2502412,0
19.8858,4,19883279391,2502412,0
19.896,4,19893498415,2502412,0
19.8961,4,19896027827,73000,1
19.8986,4,19896108421,2502412,0
19.9037,4,19901240433,2502412,0
19.9139,4,19911423457,2502412,0
19.919,4,19916519469,2502412,0
19.9216,4,19919057881,2502412,0
19.9318,4,19929276905,2502412,0
19.9345,4,19934399917,73000,1
19.9476,4,19947568353,73000,1
19.9706,4,19968095401,2502412,0
19.976,4,19973512819,2502412,0
19.9787,4,19978581831,73000,1
19.9865,4,19986377849,73000,1
19.9966,4,19994128867,2502412,0
20.0043,4,20001754885,2502412,0
20.0119,4,20009398903,2502412,0
20.0196,4,20017069921,2502412,0
20.0197,4,20019599333,73000,1
20.0223,4,20022254933,73000,1
20.0431,4,20040555381,2502412,0
20.0558,4,20053304411,2502412,0
20.0585,4,20058382423,73000,1
20.0717,4,20071614453,73000,1
20.0793,4,20076763465,2502412,0
20.0818,4,20079319877,2502412,0
20.0945,4,20092023907,2502412,0
20.0998,4,20099730925,73000,1
20.1178,4,20117727967,73000,1
20.1463,4,20146238439,73000,1
20.2334,4,20230931637,2502412,0
20.2465,4,20243966073,2502412,0
20.2516,4,20249107085,2502412,0
20.2618,4,20259272109,2502412,0
20.2745,4,20272021139,2502412,0
20.2771,4,20274577551,2502412,0
20.285,4,20282533975,2502412,0
20.2927,4,20290186993,2502412,0
20.3005,4,20300397017,73000,1
20.3158,4,20313289047,2502412,0
20.326,4,20323472071,2502412,0
20.3387,4,20336212101,2502412,0
20.3389,4,20338795513,73000,1
20.3414,4,20338868513,2502412,0
20.3519,4,20349354943,2502412,0
20.357,4,20354468955,2502412,0
20.3596,4,20359564967,73000,1
20.3647,4,20362201973,2502412,0
20.3674,4,20367342985,73000,1
20.3881,4,20385626027,2502412,0
20.3983,4,20395800051,2502412,0
20.4034,4,20400914063,2502412,0
20.4136,4,20411070087,2502412,0
20.4163,4,20416229099,73000,1
20.4265,4,20423980117,2502412,0
20.4366,4,20434136141,2502412,0
20.4418,4,20439268153,2502412,0
20.4523,4,20449790583,2502412,0
20.4575,4,20457434601,73000,1
20.4728,4,20470281631,2502412,0
20.4806,4,20480491655,73000,1
20.481,4,20480954003,73000,1
20.5116,4,20509116069,2502412,0
20.5244,4,20521856099,2502412,0
20.532,4,20529536117,2502412,0
20.5396,4,20537144135,2502412,0
20.5422,4,20539691547,2502412,0
20.5503,4,20550213977,73000,1
20.558,4,20555461989,2502412,0
20.5656,4,20563088007,2502412,0
20.5707,4,20568166019,2502412,0
20.5809,4,20578358043,2502412,0
20.5863,4,20583812055,2502412,0
20.5965,4,20593950079,2502412,0
20.6016,4,20599100091,2502412,0
20.6118,4,20609301115,2502412,0
20.6119,4,20611839527,73000,1
20.6144,4,20611912527,2502412,0
20.6169,4,20614441939,2502412,0
20.6221,4,20622076957,73000,1
20.6247,4,20622210957,2502412,0
20.6375,4,20634959987,2502412,0
20.6427,4,20642631005,73000,1
20.6583,4,20655808441,2502412,0
20.6711,4,20668557471,2502412,0
20.6762,4,20673662483,2502412,0
20.6864,4,20683872507,2502412,0
20.6994,4,20696924943,2502412,0
20.702,4,20699463355,2502412,0
20.7072,4,20707107373,73000,1
20.7123,4,20709762379,2502412,0
20.7174,4,20714867391,2502412,0
20.7276,4,20725059415,2502412,0
20.7378,4,20735251439,2502412,0
20.7428,4,20740347451,2502412,0
20.7479,4,20745434463,2502412,0
20.7556,4,20753051481,2502412,0
20.7584,4,20755903487,2502412,0
20.7661,4,20763565505,2502412,0
20.7763,4,20773784529,2502412,0
20.7815,4,20781464547,73000,1
20.7972,4,20794651577,2502412,0
20.8099,4,20807391607,2502412,0
20.8226,4,20820131637,2502412,0
20.8252,4,20822679049,2502412,0
20.8279,4,20827793061,73000,1
20.8355,4,20832951073,2502412,0
20.838,4,20835543485,2502412,0
20.8508,4,20848292515,2502412,0
20.8638,4,20861344951,2502412,0
20.8766,4,20874084981,2502412,0
20.8791,4,20876623393,2502412,0
20.8793,4,20879197805,73000,1
20.8895,4,20886976417,2502412,0
20.8925,4,20892385429,73000,1
20.9001,4,20897552441,2502412,0
20.9052,4,20902666453,2502412,0
20.9154,4,20912858477,2502412,0
20.9155,4,20915405889,73000,1
20.9207,4,20920600495,73000,1
20.9462,4,20943729549,2502412,0
20.9489,4,20948798561,73000,1
20.9541,4,20954037573,73000,1
20.9981,4,20995610075,2502412,0
21.0057,4,21003245093,2502412,0
21.0084,4,21008341105,73000,1
21.0263,4,21023772141,2502412,0
21.039,4,21036521171,2502412,0
21.0492,4,21046704195,2502412,0
21.0519,4,21051836207,73000,1
21.0726,4,21070109655,2502412,0
21.0803,4,21077753673,2502412,0
21.0879,4,21085379691,2502412,0
21.0904,4,21087918103,2502412,0
21.0931,4,21093023115,73000,1
21.1011,4,21098566127,2502412,0
21.1138,4,21111306157,2502412,0
21.1216,4,21121507181,73000,1
21.1344,4,21131860205,2502412,0
21.1471,4,21144573235,2502412,0
21.1472,4,21147147647,73000,1
21.1574,4,21154863259,2502412,0
21.1599,4,21157437671,2502412,0
21.173,4,21170490107,2502412,0
21.1755,4,21173046519,2502412,0
21.1806,4,21178115531,2502412,0
21.1807,4,21180653943,73000,1
21.1909,4,21188432555,2502412,0
21.1911,4,21190988967,73000,1
21.1911,4,21191069561,73000,1
21.2323,4,21229808651,2502412,0
21.2399,4,21237443669,2502412,0
21.2476,4,21245069687,2502412,0
21.2477,4,21247617099,73000,1
21.258,4,21257952717,73000,1
21.2736,4,21271139153,2502412,0
21.2838,4,21281313177,2502412,0
21.2889,4,21286409189,2502412,0
21.2915,4,21288956601,2502412,0
21.2916,4,21291486013,73000,1
21.3048,4,21304691637,73000,1
21.3379,4,21335419709,2502412,0
21.3405,4,21337976121,2502412,0
21.3532,4,21350689151,2502412,0
21.3583,4,21355839163,2502412,0
21.3635,4,21363447181,73000,1
21.366,4,21363527181,2502412,0
21.3716,4,21371537605,73000,1
21.3871,4,21386995641,73000,1
21.4028,4,21402730677,73000,1
21.4668,4,21466681827,73000,1
21.5697,4,21569577473,73000,1
21.647,4,21646957059,73000,1
22.3025,4,22300032425,2502412,0
22.3153,4,22312772455,2502412,0
22.3178,4,22315301867,2502412,0
22.3283,4,22325761891,2502412,0
22.3334,4,22330884903,2502412,0
22.3361,4,22335989915,73000,1
22.3515,4,22351465951,73000,1
22.3821,4,22379637017,2502412,0
22.3949,4,22392386047,2502412,0
22.4054,4,22402900071,2502412,0
22.4081,4,22408014083,73000,1
22.4259,4,22423427119,2502412,0
22.426,4,22425974531,73000,1
22.4365,4,22434012143,2502412,0
22.4443,4,22444222167,73000,1
22.4521,4,22452000185,73000,1
22.488,4,22487878269,73000,1
22.5345,4,22532016777,2502412,0
22.5396,4,22537112789,2502412,0
22.5423,4,22542181801,73000,1
22.5449,4,22544863807,73000,1
22.5577,4,22555189831,2502412,0
22.5603,4,22560258843,73000,1
22.5628,4,22560331843,2502412,0
22.5679,4,22565400855,2502412,0
22.573,4,22570514867,2502412,0
22.5806,4,22578140885,2502412,0
22.5884,4,22585847903,2502412,0
22.596,4,22593455921,2502412,0
22.6013,4,22598837339,2502412,0
22.6116,4,22609065363,2502412,0
22.6117,4,22611603775,73000,1
22.6245,4,22621975393,2502412,0
22.6375,4,22635019423,2502412,0
22.6427,4,22642672441,73000,1
22.6555,4,22652980465,2502412,0
22.6606,4,22658049477,2502412,0
22.6683,4,22668268501,73000,1
22.6735,4,22670959507,2502412,0
22.6811,4,22678558525,2502412,0
22.6887,4,22686202543,2502412,0
22.6989,4,22696430567,2502412,0
22.712,4,22709483003,2502412,0
22.7146,4,22712048415,2502412,0
22.7196,4,22717126427,2502412,0
22.7248,4,22724734445,73000,1
22.735,4,22732539463,2502412,0
22.7481,4,22745600899,2502412,0
22.7559,4,22755819923,73000,1
22.7688,4,22768720953,73000,1
22.7892,4,22786654995,2502412,0
22.7968,4,22794308013,2502412,0
22.8044,4,22801907031,2502412,0
22.8073,4,22804750037,2502412,0
22.8098,4,22807306449,2502412,0
22.8149,4,22812402461,2502412,0
22.8201,4,22820028479,73000,1
22.8254,4,22825321491,73000,1
22.841,4,22838499521,2502412,0
22.8537,4,22851239551,2502412,0
22.8614,4,22858883569,2502412,0
22.864,4,22863952581,73000,1
22.8666,4,22864068581,2502412,0
22.8743,4,22874269605,73000,1
22.8745,4,22874412605,73000,1
22.9182,4,22915690107,2502412,0
22.926,4,22925882131,73000,1
22.9387,4,22936208155,2502412,0
22.9442,4,22944128579,73000,1
22.952,4,22951906597,73000,1
22.975,4,22972460645,2502412,0
22.9877,4,22985209675,2502412,0
23.0004,4,22997922705,2502412,0
23.0055,4,23003045717,2502412,0
23.0081,4,23005575129,2502412,0
23.0186,4,23016080153,2502412,0
23.0262,4,23023742171,2502412,0
23.0313,4,23028802183,2502412,0
23.0364,4,23033907195,2502412,0
23.0469,4,23044421219,2502412,0
23.0546,4,23052101237,2502412,0
23.0597,4,23057170249,2502412,0
23.0673,4,23064823267,2502412,0
23.075,4,23072485285,2502412,0
23.0802,4,23080156303,73000,1
23.1006,4,23098144345,2502412,0
23.1057,4,23103222357,2502412,0
23.1108,4,23108282369,2502412,0
23.1188,4,23116248387,2502412,0
23.1238,4,23121326399,2502412,0
23.134,4,23131545423,2502412,0
23.1366,4,23134074835,2502412,0
23.1496,4,23147136865,2502412,0
23.1522,4,23149684277,2502412,0
23.1649,4,23162415307,2502412,0
23.1701,4,23167565319,2502412,0
23.1802,4,23177730343,2502412,0
23.1854,4,23182862355,2502412,0
23.1955,4,23193018379,2502412,0
23.2007,4,23198168391,2502412,0
23.2008,4,23200697803,73000,1
23.2189,4,23216441839,2502412,0
23.2317,4,23229181869,2502412,0
23.2369,4,23236843887,73000,1
23.2475,4,23247473911,73000,1
23.2603,4,23257763935,2502412,0
23.273,4,23270503965,2502412,0
23.2756,4,23273069377,2502412,0
23.2883,4,23285791407,2502412,0
23.2934,4,23290941419,2502412,0
23.3036,4,23301124443,2502412,0
23.3037,4,23303671855,73000,1
23.3063,4,23303752449,2502412,0
23.3164,4,23313926473,2502412,0
23.322,4,23321937491,73000,1
23.3271,4,23324601497,2502412,0
23.3398,4,23337341527,2502412,0
23.34,4,23339897939,73000,1
23.3607,4,23358163575,2502412,0
23.3658,4,23363268587,2502412,0
23.376,4,23373451611,2502412,0
23.3785,4,23375990023,2502412,0
23.3836,4,23381059035,2502412,0
23.3861,4,23383597447,2502412,0
23.3963,4,23393762471,2502412,0
23.4014,4,23398912483,2502412,0
23.404,4,23401450895,2502412,0
23.4141,4,23411624919,2502412,0
23.4193,4,23416756931,2502412,0
23.4298,4,23427252955,2502412,0
23.4299,4,23429827367,73000,1
23.43,4,23429943961,73000,1
23.4376,4,23435119973,2502412,0
23.4402,4,23437676385,2502412,0
23.4428,4,23442763397,73000,1
23.4559,4,23453402421,2502412,0
23.4585,4,23458471433,73000,1
23.4636,4,23461126439,2502412,0
23.4662,4,23463664851,2502412,0
23.4764,4,23473847875,2502412,0
23.4815,4,23478979887,2502412,0
23.4916,4,23489126911,2502412,0
23.4942,4,23491692323,2502412,0
23.4993,4,23496770335,2502412,0
23.5095,4,23506962359,2502412,0
23.5146,4,23512094371,2502412,0
23.5251,4,23522589801,2502412,0
23.5353,4,23532799825,2502412,0
23.5455,4,23543018849,2502412,0
23.5506,4,23548087861,2502412,0
23.556,4,23553469873,2502412,0
23.5585,4,23556035285,2502412,0
23.5713,4,23568784315,2502412,0
23.574,4,23573934327,73000,1
23.592,4,23591931369,73000,1
23.5996,4,23597098381,2502412,0
23.6047,4,23602203393,2502412,0
23.6149,4,23612368417,2502412,0
23.62,4,23617473429,2502412,0
23.6225,4,23620011841,2502412,0
23.6356,4,23633073871,2502412,0
23.6407,4,23638187883,2502412,0
23.6483,4,23645822901,2502412,0
23.6564,4,23656345925,73000,1
23.6589,4,23656434925,2502412,0
23.6591,4,23659009337,73000,1
23.6744,4,23671874961,2502412,0
23.682,4,23679482979,2502412,0
23.6896,4,23687135997,2502412,0
23.6949,4,23694825015,73000,1
23.6976,4,23697480021,73000,1
23.7285,4,23725981493,2502412,0
23.7361,4,23733607511,2502412,0
23.7438,4,23741260529,2502412,0
23.7514,4,23748877547,2502412,0
23.759,4,23756539565,2502412,0
23.7644,4,23761929983,2502412,0
23.7697,4,23769619001,73000,1
23.7901,4,23787616043,2502412,0
23.7902,4,23790154455,73000,1
23.8004,4,23797906067,2502412,0
23.8106,4,23808107091,2502412,0
23.8107,4,23810636503,73000,1
23.8209,4,23818397115,2502412,0
23.8234,4,23820935527,2502412,0
23.8261,4,23826031539,73000,1
23.8443,4,23841747981,2502412,0
23.8494,4,23846852993,2502412,0
23.8572,4,23857081017,73000,1
23.8728,4,23870259047,2502412,0
23.8804,4,23877867065,2502412,0
23.888,4,23885520083,2502412,0
23.8957,4,23893155101,2502412,0
23.8982,4,23895693513,2502412,0
23.9009,4,23900807525,73000,1
23.9085,4,23906010537,2502412,0
23.9112,4,23911142549,73000,1
23.9214,4,23918893567,2502412,0
23.929,4,23926510585,2502412,0
23.9294,4,23929353591,73000,1
23.932,4,23929451591,2502412,0
23.937,4,23934529603,2502412,0
23.9472,4,23944730627,2502412,0
23.9474,4,23947314039,73000,1
23.9576,4,23955074651,2502412,0
23.9681,4,23965570675,2502412,0
23.9783,4,23975789699,2502412,0
23.9861,4,23986017723,73000,1
24.0041,4,24004014765,73000,1
24.0428,4,24042744261,73000,1
24.1223,4,24119775441,2502412,0
24.1224,4,24122313853,73000,1
24.1325,4,24130029465,2502412,0
24.1351,4,24132594877,2502412,0
24.1432,4,24143081901,73000,1
24.1559,4,24153416925,2502412,0
24.1585,4,24155964337,2502412,0
24.1715,4,24168981367,2502412,0
24.1766,4,24174131379,2502412,0
24.1793,4,24179209391,73000,1
24.1946,4,24192092421,2502412,0
24.1971,4,24194639833,2502412,0
24.1998,4,24199726845,73000,1
24.2024,4,24202345851,73000,1
24.2254,4,24222908899,2502412,0
24.2279,4,24225438311,2502412,0
24.2332,4,24233082329,73000,1
24.2489,4,24248870771,73000,1
24.2695,4,24269388819,73000,1
24.3391,4,24339033571,73000,1
24.406,4,24405881727,73000,1
24.7015,4,24699039629,2502412,0
24.7117,4,24709240653,2502412,0
24.7194,4,24716902671,2502412,0
24.727,4,24724537689,2502412,0
24.7321,4,24729597701,2502412,0
24.7372,4,24734729713,2502412,0
24.7399,4,24739807725,73000,1
24.7505,4,24750473155,73000,1
24.7609,4,24760817179,73000,1
24.7892,4,24786735239,2502412,0
24.797,4,24796945263,73000,1
24.8047,4,24802166275,2502412,0
24.8072,4,24804695687,2502412,0
24.815,4,24814887711,73000,1
24.8304,4,24830318747,73000,1
24.8329,4,24830391747,2502412,0
24.8354,4,24832921159,2502412,0
24.8356,4,24835486571,73000,1
24.8382,4,24838124171,73000,1
24.8666,4,24864113637,2502412,0
24.8718,4,24871730655,73000,1
24.8743,4,24871828655,2502412,0
24.8874,4,24884890685,2502412,0
24.9001,4,24897630715,2502412,0
24.9027,4,24900187127,2502412,0
24.9129,4,24910370151,2502412,0
24.918,4,24915457163,2502412,0
24.9232,4,24923137181,73000,1
24.9309,4,24928376193,2502412,0
24.9411,4,24938568217,2502412,0
24.9538,4,24951317247,2502412,0
24.9592,4,24956717259,2502412,0
24.9593,4,24959264671,73000,1
24.967,4,24964459277,2502412,0
24.9797,4,24977208307,2502412,0
24.9823,4,24979764719,2502412,0
24.9849,4,24984860731,73000,1
25.0057,4,25003170773,2502412,0
25.0058,4,25005709185,73000,1
25.0236,4,25021122815,2502412,0
25.0364,4,25033862845,2502412,0
25.0491,4,25046611875,2502412,0
25.0622,4,25059673311,2502412,0
25.0647,4,25062202723,2502412,0
25.0698,4,25067325735,2502412,0
25.08,4,25077517759,2502412,0
25.0851,4,25082631771,2502412,0
25.0932,4,25093163795,73000,1
25.1009,4,25098348807,2502412,0
25.1136,4,25111088837,2502412,0
25.1189,4,25118777855,73000,1
25.129,4,25126546873,2502412,0
25.1366,4,25134145891,2502412,0
25.1444,4,25144373915,73000,1
25.1626,4,25160135357,2502412,0
25.1702,4,25167734375,2502412,0
25.1753,4,25172812387,2502412,0
25.1804,4,25177917399,2502412,0
25.1906,4,25188145423,2502412,0
25.2037,4,25201180453,2502412,0
25.2062,4,25203736865,2502412,0
25.214,4,25213928889,73000,1
25.2165,4,25214026889,2502412,0
25.2191,4,25216601301,2502412,0
25.2319,4,25229350331,2502412,0
25.2395,4,25236994349,2502412,0
25.2471,4,25244638367,2502412,0
25.2549,4,25254839391,73000,1
25.2575,4,25254955391,2502412,0
25.2705,4,25267998827,2502412,0
25.2833,4,25280747857,2502412,0
25.291,4,25290966881,73000,1
25.3118,4,25309267923,2502412,0
25.3168,4,25314345935,2502412,0
25.3219,4,25319441947,2502412,0
25.3271,4,25327076965,73000,1
25.3399,4,25337402989,2502412,0
25.3424,4,25339941401,2502412,0
25.3552,4,25352663431,2502412,0
25.3577,4,25355246843,2502412,0
25.3657,4,25363194267,2502412,0
25.3733,4,25370829285,2502412,0
25.3759,4,25373376697,2502412,0
25.3886,4,25386107727,2502412,0
25.3913,4,25391275739,73000,1
25.4045,4,25404444769,73000,1
25.4147,4,25412195787,2502412,0
25.4198,4,25417273799,2502412,0
25.4199,4,25419830211,73000,1
25.4303,4,25430183829,73000,1
25.4481,4,25445560865,2502412,0
25.4608,4,25458291895,2502412,0
25.4689,4,25468832325,73000,1
25.4842,4,25481733355,2502412,0
25.4869,4,25486811367,73000,1
25.4919,4,25489439373,2502412,0
25.4946,4,25494571385,73000,1
25.5052,4,25502653403,2502412,0
25.5153,4,25512800427,2502412,0
25.5204,4,25517914439,2502412,0
25.5229,4,25520443851,2502412,0
25.5331,4,25530590875,2502412,0
25.5383,4,25535749887,2502412,0
25.5408,4,25538279299,2502412,0
25.551,4,25548462323,2502412,0
25.5588,4,25558690347,73000,1
25.5719,4,25569355777,2502412,0
25.5771,4,25576981795,73000,1
25.5847,4,25582202807,2502412,0
25.5925,4,25592403831,73000,1
25.6082,4,25608129867,73000,1
25.6107,4,25608209867,2502412,0
25.6108,4,25610775279,73000,1
25.6134,4,25610864873,2502412,0
25.6235,4,25621038897,2502412,0
25.6312,4,25628700915,2502412,0
25.6414,4,25638919939,2502412,0
25.6466,4,25646545957,73000,1
25.6619,4,25659437987,2502412,0
25.675,4,25672499423,2502412,0
25.6775,4,25675046835,2502412,0
25.6851,4,25682645853,2502412,0
25.6902,4,25687723865,2502412,0
25.6904,4,25690280277,73000,1
25.7036,4,25703521901,73000,1
25.7139,4,25713820925,73000,1
25.7242,4,25724164949,73000,1
25.7781,4,25775643475,2502412,0
25.7909,4,25788383505,2502412,0
25.8011,4,25798593529,2502412,0
25.8062,4,25803689541,2502412,0
25.8193,4,25816750977,2502412,0
25.8218,4,25819298389,2502412,0
25.8345,4,25832029419,2502412,0
25.8371,4,25834594831,2502412,0
25.8449,4,25844795855,73000,1
25.8527,4,25852591873,73000,1
25.8938,4,25891312369,2502412,0
25.8965,4,25896399381,73000,1
25.8966,4,25896479381,73000,1
25.9224,4,25919903435,2502412,0
25.9351,4,25932607465,2502412,0
25.9402,4,25937739477,2502412,0
25.9403,4,25940268889,73000,1
25.9582,4,25955700519,2502412,0
25.9633,4,25960778531,2502412,0
25.9658,4,25963316943,2502412,0
25.976,4,25973454967,2502412,0
25.9785,4,25976002379,2502412,0
25.9814,4,25978872385,2502412,0
25.9865,4,25983977397,2502412,0
25.989,4,25986506809,2502412,0
25.9966,4,25994105827,2502412,0
26.0017,4,25999210839,2502412,0
26.0043,4,26001767251,2502412,0
26.0094,4,26006863263,2502412,0
26.0199,4,26017377287,2502412,0
26.0224,4,26019906699,2502412,0
26.025,4,26022472111,2502412,0
26.0352,4,26032664135,2502412,0
26.0403,4,26037751147,2502412,0
26.0505,4,26047979171,2502412,0
26.053,4,26050508583,2502412,0
26.0581,4,26055640595,2502412,0
26.0683,4,26065823619,2502412,0
26.0734,4,26070910631,2502412,0
26.0839,4,26081442061,2502412,0
26.089,4,26086538073,2502412,0
26.1018,4,26099278103,2502412,0
26.1044,4,26101861515,2502412,0
26.1045,4,26104390927,73000,1
26.1177,4,26117596551,73000,1
26.151,4,26150917629,73000,1
26.2282,4,26225704209,2502412,0
26.2358,4,26233312227,2502412,0
26.2435,4,26240965245,2502412,0
26.2511,4,26248636263,2502412,0
26.2564,4,26256289281,73000,1
26.2744,4,26274286323,73000,1
26.2901,4,26290038765,73000,1
26.3389,4,26336376873,2502412,0
26.3516,4,26349116903,2502412,0
26.3618,4,26359335927,2502412,0
26.3619,4,26361865339,73000,1
26.3696,4,26367095945,2502412,0
26.3798,4,26377296969,2502412,0
26.3849,4,26382383981,2502412,0
26.3954,4,26392924411,2502412,0
26.4005,4,26397984423,2502412,0
26.4031,4,26403071435,73000,1
26.4083,4,26405762441,2502412,0
26.421,4,26418511471,2502412,0
26.4264,4,26423910889,2502412,0
26.434,4,26431527907,2502412,0
26.4366,4,26434075319,2502412,0
26.4443,4,26444276343,73000,1
26.4495,4,26446976349,2502412,0
26.4596,4,26457141373,2502412,0
26.4647,4,26462228385,2502412,0
26.4749,4,26472402409,2502412,0
26.4751,4,26474994821,73000,1
26.4958,4,26493286863,2502412,0
26.5009,4,26498382875,2502412,0
26.506,4,26503451887,2502412,0
26.5162,4,26513679911,2502412,0
26.5267,4,26524184935,2502412,0
26.5319,4,26531846953,73000,1
26.532,4,26531926953,73000,1
26.5729,4,26570353043,2502412,0
26.578,4,26575449055,2502412,0
26.5832,4,26583084073,73000,1
26.5857,4,26583173073,2502412,0
26.5962,4,26593704503,2502412,0
26.5963,4,26596233915,73000,1
26.6065,4,26604003527,2502412,0
26.6167,4,26614222551,2502412,0
26.6243,4,26621839569,2502412,0
26.6244,4,26624368981,73000,1
26.6401,4,26637601605,2502412,0
26.6529,4,26650350635,2502412,0
26.658,4,26657976653,73000,1
26.6632,4,26660667659,2502412,0
26.6759,4,26673389689,2502412,0
26.6786,4,26678494701,73000,1
26.6939,4,26691359731,2502412,0
26.6967,4,26694220737,2502412,0
26.6968,4,26696750149,73000,1
26.6993,4,26696839743,2502412,0
26.7095,4,26706977767,2502412,0
26.7121,4,26709570179,2502412,0
26.7248,4,26722319209,2502412,0
26.7274,4,26724884621,2502412,0
26.7353,4,26732823045,2502412,0
26.743,4,26740494063,2502412,0
26.7482,4,26748147081,73000,1
26.7483,4,26748227081,73000,1
26.7713,4,26768790129,2502412,0
26.7789,4,26776416147,2502412,0
26.7816,4,26781485159,73000,1
26.7969,4,26794395189,2502412,0
26.8074,4,26804882213,2502412,0
26.8099,4,26807429625,2502412,0
26.8177,4,26817612649,73000,1
26.8305,4,26827956673,2502412,0
26.8359,4,26833365091,2502412,0
26.8384,4,26835894503,2502412,0
26.8511,4,26848634533,2502412,0
26.8537,4,26851208945,2502412,0
26.8589,4,26858816963,73000,1
26.8742,4,26871735993,2502412,0
26.8844,4,26881919017,2502412,0
26.8972,4,26894659047,2502412,0
26.8997,4,26897206459,2502412,0
26.9102,4,26907693483,2502412,0
26.9153,4,26912789495,2502412,0
26.918,4,26917921507,73000,1
26.9256,4,26923115519,2502412,0
26.9361,4,26933620543,2502412,0
26.9438,4,26941282561,2502412,0
26.9464,4,26946369573,73000,1
26.9515,4,26949015579,2502412,0
26.9516,4,26951571991,73000,1
26.9721,4,26969560627,2502412,0
26.9772,4,26974656639,2502412,0
26.9823,4,26982264657,73000,1
26.9876,4,26987521669,73000,1
27.0313,4,27028781171,2502412,0
27.0393,4,27036756189,2502412,0
27.047,4,27046966213,73000,1
27.0572,4,27054708231,2502412,0
27.0597,4,27057246643,2502412,0
27.0725,4,27069968673,2502412,0
27.0751,4,27072552085,2502412,0
27.0827,4,27080169103,2502412,0
27.0929,4,27090397127,2502412,0
27.098,4,27095484139,2502412,0
27.1056,4,27103119157,2502412,0
27.1086,4,27108546169,73000,1
27.1113,4,27111183175,73000,1
27.1449,4,27144853253,73000,1
27.173,4,27170485313,2502412,0
27.1857,4,27183234343,2502412,0
27.1908,4,27188303355,2502412,0
27.1909,4,27190850767,73000,1
27.2011,4,27198638379,2502412,0
27.2142,4,27211672815,2502412,0
27.2194,4,27219316833,73000,1
27.2219,4,27219414833,2502412,0
27.227,4,27224501845,2502412,0
27.2372,4,27234675869,2502412,0
27.2426,4,27240102881,2502412,0
27.2452,4,27242650293,2502412,0
27.2553,4,27252824317,2502412,0
27.2656,4,27263052341,2502412,0
27.2707,4,27268166353,2502412,0
27.2783,4,27275792371,2502412,0
27.286,4,27283463389,2502412,0
27.2936,4,27291089407,2502412,0
27.3012,4,27298742425,2502412,0
27.3063,4,27303829437,2502412,0
27.3143,4,27311776861,2502412,0
27.3193,4,27316845873,2502412,0
27.3219,4,27319411285,2502412,0
27.322,4,27321949697,73000,1
27.3297,4,27327153303,2502412,0
27.3347,4,27332240315,2502412,0
27.3373,4,27334805727,2502412,0
27.3424,4,27339883739,2502412,0
27.3529,4,27350379169,2502412,0
27.358,4,27355538181,2502412,0
27.3682,4,27365703205,2502412,0
27.3707,4,27368232617,2502412,0
27.3835,4,27380981647,2502412,0
27.3861,4,27383556059,2502412,0
27.3937,4,27391191077,2502412,0
27.3963,4,27396260089,73000,1
27.4117,4,27409188119,2502412,0
27.4222,4,27419684143,2502412,0
27.4273,4,27424798155,2502412,0
27.4375,4,27434954179,2502412,0
27.4426,4,27440059191,2502412,0
27.4531,4,27450582215,2502412,0
27.4633,4,27460783239,2502412,0
27.4634,4,27463312651,73000,1
27.4685,4,27465986251,2502412,0
27.4737,4,27473630269,73000,1
27.4865,4,27483956293,2502412,0
27.4992,4,27496678323,2502412,0
27.507,4,27506906347,73000,1
27.5097,4,27509606353,73000,1
27.5176,4,27515085771,2502412,0
27.5228,4,27522738789,73000,1
27.5279,4,27525393795,2502412,0
27.533,4,27530471807,2502412,0
27.5432,4,27540672831,2502412,0
27.5562,4,27553716861,2502412,0
27.5588,4,27556264273,2502412,0
27.5615,4,27561387285,73000,1
27.5793,4,27576827321,2502412,0
27.592,4,27589540351,2502412,0
27.5972,4,27594663363,2502412,0
27.5973,4,27597201775,73000,1
27.6151,4,27612606405,2502412,0
27.6181,4,27618050823,73000,1
27.6309,4,27628358847,2502412,0
27.6385,4,27635993865,2502412,0
27.6461,4,27643628883,2502412,0
27.6541,4,27651549901,2502412,0
27.6592,4,27656690913,2502412,0
27.6693,4,27666846937,2502412,0
27.6719,4,27669403349,2502412,0
27.672,4,27671959761,73000,1
27.6796,4,27677145367,2502412,0
27.6848,4,27682259379,2502412,0
27.6924,4,27689903397,2502412,0
27.6925,4,27692432809,73000,1
27.6976,4,27695097409,2502412,0
27.7028,4,27702768427,73000,1
27.7105,4,27707980439,2502412,0
27.721,4,27718448869,2502412,0
27.7235,4,27721005281,2502412,0
27.7286,4,27726101293,2502412,0
27.7337,4,27731170305,2502412,0
27.7338,4,27733699717,73000,1
27.744,4,27741505329,2502412,0
27.7441,4,27744052741,73000,1
27.7624,4,27762363377,73000,1
27.7779,4,27777803413,73000,1
27.8602,4,27857704005,2502412,0
27.8678,4,27865312023,2502412,0
27.8755,4,27872983041,2502412,0
27.8857,4,27883157065,2502412,0
27.8933,4,27890828083,2502412,0
27.901,4,27898472101,2502412,0
27.9035,4,27901010513,2502412,0
27.9086,4,27906088525,2502412,0
27.9188,4,27916280549,2502412,0
27.9239,4,27921385561,2502412,0
27.9267,4,27924228567,2502412,0
27.9293,4,27926775979,2502412,0
27.9345,4,27934383997,73000,1
27.937,4,27934517997,2502412,0
27.9421,4,27939605009,2502412,0
27.9423,4,27942179421,73000,1
27.9499,4,27947365027,2502412,0
27.9551,4,27955036045,73000,1
27.9709,4,27970807081,73000,1
27.9913,4,27988759123,2502412,0
27.9963,4,27993837135,2502412,0
28.0014,4,27998897147,2502412,0
28.0091,4,28006577165,2502412,0
28.0117,4,28011664177,73000,1
28.0194,4,28016912189,2502412,0
28.0324,4,28029946625,2502412,0
28.035,4,28032485037,2502412,0
28.0452,4,28042686061,2502412,0
28.0503,4,28047755073,2502412,0
28.0605,4,28057965097,2502412,0
28.0633,4,28060825509,2502412,0
28.0659,4,28063354921,2502412,0
28.0685,4,28068459933,73000,1
28.0712,4,28071078939,73000,1
28.0967,4,28094225993,2502412,0
28.1045,4,28104436017,73000,1
28.1249,4,28122406059,2502412,0
28.1303,4,28127805477,2502412,0
28.1405,4,28137961501,2502412,0
28.143,4,28140526913,2502412,0
28.1483,4,28148179931,73000,1
28.1639,4,28161402961,2502412,0
28.1715,4,28169019979,2502412,0
28.1791,4,28176645997,2502412,0
28.1868,4,28184317015,2502412,0
28.1944,4,28191925033,2502412,0
28.197,4,28194481445,2502412,0
28.2046,4,28202125463,2502412,0
28.2123,4,28209787481,2502412,0
28.2225,4,28219988505,2502412,0
28.233,4,28230519935,2502412,0
28.2407,4,28238181953,2502412,0
28.2483,4,28245816971,2502412,0
28.256,4,28253451989,2502412,0
28.2586,4,28258566001,73000,1
28.2717,4,28269205025,2502412,0
28.2768,4,28274265037,2502412,0
28.2846,4,28284493061,73000,1
28.2999,4,28297358091,2502412,0
28.3025,4,28302472103,73000,1
28.3102,4,28307648115,2502412,0
28.3153,4,28312762127,2502412,0
28.328,4,28325511157,2502412,0
28.3385,4,28336015587,2502412,0
28.3386,4,28338562999,73000,1
28.3591,4,28356560635,2502412,0
28.3616,4,28359090047,2502412,0
28.3643,4,28364177059,73000,1
28.3748,4,28372259077,2502412,0
28.3749,4,28374806489,73000,1
28.3953,4,28392786125,2502412,0
28.4055,4,28402951149,2502412,0
28.4105,4,28408047161,2502412,0
28.4207,4,28418221185,2502412,0
28.4259,4,28423353197,2502412,0
28.4309,4,28428431209,2502412,0
28.4336,4,28433500221,73000,1
28.4467,4,28444156651,2502412,0
28.4518,4,28449279663,2502412,0
28.462,4,28459480687,2502412,0
28.467,4,28464540699,2502412,0
28.475,4,28472488717,2502412,0
28.4827,4,28480168735,2502412,0
28.4903,4,28487803753,2502412,0
28.4904,4,28490333165,73000,1
28.4955,4,28493006765,2502412,0
28.4982,4,28498093777,73000,1
28.5033,4,28500748783,2502412,0
28.5058,4,28503278195,2502412,0
28.5109,4,28508383207,2502412,0
28.5211,4,28518593231,2502412,0
28.5338,4,28531342261,2502412,0
28.5364,4,28533871673,2502412,0
28.5418,4,28539280091,2502412,0
28.552,4,28549472115,2502412,0
28.5647,4,28562221145,2502412,0
28.5673,4,28564786557,2502412,0
28.5724,4,28569864569,2502412,0
28.5829,4,28580359999,2502412,0
28.5854,4,28582898411,2502412,0
28.5855,4,28585463823,73000,1
28.5881,4,28585571417,2502412,0
28.5983,4,28595781441,2502412,0
28.6034,4,28600877453,2502412,0
28.6136,4,28611051477,2502412,0
28.6161,4,28613598889,2502412,0
28.6288,4,28626329919,2502412,0
28.6314,4,28628922331,2502412,0
28.6445,4,28641947767,2502412,0
28.6496,4,28647088779,2502412,0
28.6547,4,28652148791,2502412,0
28.6548,4,28654678203,73000,1
28.66,4,28659935809,73000,1
28.6909,4,28688437875,2502412,0
28.7011,4,28698593899,2502412,0
28.7089,4,28708821923,73000,1
28.7217,4,28719147947,2502412,0
28.7268,4,28724252959,2502412,0
28.7344,4,28731851977,2502412,0
28.7394,4,28736938989,2502412,0
28.75,4,28747470419,2502412,0
28.7551,4,28752557431,2502412,0
28.7602,4,28757662443,2502412,0
28.7704,4,28767881467,2502412,0
28.7834,4,28780943497,2502412,0
28.7911,4,28788605515,2502412,0
28.7987,4,28796204533,2502412,0
28.804,4,28803911551,73000,1
28.8194,4,28819369587,73000,1
28.8606,4,28858081083,2502412,0
28.8733,4,28870812113,2502412,0
28.8838,4,28881344137,2502412,0
28.8889,4,28886431149,2502412,0
28.8991,4,28896587173,2502412,0
28.9016,4,28899134585,2502412,0
28.9018,4,28901690997,73000,1
28.9043,4,28901798591,2502412,0
28.9044,4,28904328003,73000,1
28.9121,4,28909549609,2502412,0
28.9248,4,28922298639,2502412,0
28.93,4,28929960657,73000,1
28.9351,4,28932633663,2502412,0
28.9428,4,28940250681,2502412,0
28.9507,4,28948189105,2502412,0
28.9558,4,28953285117,2502412,0
28.9609,4,28958381129,2502412,0
28.9685,4,28966007147,2502412,0
28.971,4,28968545559,2502412,0
28.9761,4,28973623571,2502412,0
28.9866,4,28984128595,2502412,0
28.9892,4,28986712007,2502412,0
28.9943,4,28991817019,2502412,0
28.9995,4,28999434037,73000,1
29.0123,4,29009778061,2502412,0
29.025,4,29022518091,2502412,0
29.0302,4,29027650103,2502412,0
29.0403,4,29037797127,2502412,0
29.0454,4,29042920139,2502412,0
29.048,4,29045449551,2502412,0
29.0481,4,29048005963,73000,1
29.056,4,29053512975,2502412,0
29.0688,4,29066262005,2502412,0
29.0739,4,29071394017,2502412,0
29.0791,4,29079011035,73000,1
29.0842,4,29081693041,2502412,0
29.0947,4,29092206471,2502412,0
29.0999,4,29099859489,73000,1
29.105,4,29102514495,2502412,0
29.1102,4,29110158513,73000,1
29.1153,4,29112795519,2502412,0
29.128,4,29125526549,2502412,0
29.1332,4,29130658561,2502412,0
29.1382,4,29135727573,2502412,0
29.1458,4,29143326591,2502412,0
29.1535,4,29151033609,2502412,0
29.1641,4,29161565633,2502412,0
29.1666,4,29164095045,2502412,0
29.1744,4,29174305069,73000,1
29.1822,4,29182101087,73000,1
29.1823,4,29182199087,73000,1
29.2515,4,29249011243,2502412,0
29.2646,4,29262054679,2502412,0
29.2722,4,29269707697,2502412,0
29.2798,4,29277342715,2502412,0
29.2904,4,29287856739,2502412,0
29.2955,4,29292961751,2502412,0
29.3056,4,29303144775,2502412,0
29.3133,4,29310815793,2502412,0
29.3235,4,29321007817,2502412,0
29.3262,4,29326139829,73000,1
29.3442,4,29344136871,73000,1
29.3623,4,29359844313,2502412,0
29.3751,4,29372584343,2502412,0
29.3776,4,29375122755,2502412,0
29.3904,4,29387871785,2502412,0
29.3908,4,29390759197,73000,1
29.4112,4,29408738239,2502412,0
29.4138,4,29411267651,2502412,0
29.4265,4,29423998681,2502412,0
29.4342,4,29431660699,2502412,0
29.4368,4,29436729711,73000,1
29.4393,4,29436818711,2502412,0
29.4419,4,29439375123,2502412,0
29.442,4,29441913535,73000,1
29.4445,4,29441986535,2502412,0
29.4496,4,29447073547,2502412,0
29.4573,4,29454762565,2502412,0
29.4652,4,29462718989,2502412,0
29.4729,4,29470354007,2502412,0
29.4831,4,29480564031,2502412,0
29.4907,4,29488235049,2502412,0
29.5012,4,29498740073,2502412,0
29.5114,4,29508932097,2502412,0
29.5165,4,29514001109,2502412,0
29.5191,4,29516557521,2502412,0
29.5242,4,29521653533,2502412,0
29.5318,4,29529270551,2502412,0
29.5369,4,29534402563,2502412,0
29.542,4,29539498575,2502412,0
29.5522,4,29549699599,2502412,0
29.5599,4,29557361617,2502412,0
29.5704,4,29567893047,2502412,0
29.5756,4,29575519065,73000,1
29.5883,4,29585827089,2502412,0
29.5936,4,29593498107,73000,1
29.5966,4,29596493113,73000,1
29.6222,4,29622107173,73000,1
29.7071,4,29704573771,2502412,0
29.7198,4,29717304801,2502412,0
29.7223,4,29719834213,2502412,0
29.7275,4,29724948225,2502412,0
29.7351,4,29732556243,2502412,0
29.7402,4,29737697255,2502412,0
29.7403,4,29740226667,73000,1
29.7481,4,29748041279,73000,1
29.769,4,29768889733,73000,1
29.797,4,29794503793,2502412,0
29.8101,4,29807556823,2502412,0
29.8152,4,29812670835,2502412,0
29.8253,4,29822808859,2502412,0
29.8278,4,29825338271,2502412,0
29.8331,4,29833036289,73000,1
29.846,4,29845955319,73000,1
29.8796,4,29879561803,73000,1
29.9026,4,29900070851,2502412,0
29.9079,4,29905443269,2502412,0
29.9131,4,29910548281,2502412,0
29.9156,4,29913086693,2502412,0
29.9258,4,29923305717,2502412,0
29.9309,4,29928419729,2502412,0
29.9411,4,29938575753,2502412,0
29.9463,4,29946264771,73000,1
29.9616,4,29959129801,2502412,0
29.9747,4,29972182237,2502412,0
29.9874,4,29984931267,2502412,0
29.99,4,29987460679,2502412,0
29.9925,4,29989990091,2502412,0
29.9976,4,29995104103,2502412,0
30.0081,4,30005555127,2502412,0
30.0107,4,30008156539,2502412,0
30.0132,4,30010694951,2502412,0
30.021,4,30020877975,73000,1
30.0313,4,30031275999,73000,1
30.0441,4,30041584023,2502412,0
30.0542,4,30051722047,2502412,0
30.062,4,30061950071,73000,1
30.0724,4,30072312095,73000,1
30.1138,4,30111327591,2502412,0
30.1139,4,30113875003,73000,1
30.1344,4,30131854639,2502412,0
30.1471,4,30144558669,2502412,0
30.1573,4,30154777693,2502412,0
30.1625,4,30162466711,73000,1
30.1702,4,30167678723,2502412,0
30.1832,4,30180731159,2502412,0
30.1883,4,30185809171,2502412,0
30.1985,4,30196010195,2502412,0
30.2116,4,30209072225,2502412,0
30.2117,4,30211646637,73000,1
30.2321,4,30229608273,2502412,0
30.2449,4,30242348303,2502412,0
30.25,4,30247453315,2502412,0
30.2602,4,30257663339,2502412,0
30.2678,4,30265307357,2502412,0
30.278,4,30275526381,2502412,0
30.2885,4,30286022405,2502412,0
30.2936,4,30291109417,2502412,0
30.3038,4,30301274441,2502412,0
30.3063,4,30303803853,2502412,0
30.3089,4,30306351265,2502412,0
30.3114,4,30308880677,2502412,0
30.3168,4,30314307095,2502412,0
30.322,4,30321915113,73000,1
30.3348,4,30332331137,2502412,0
30.3476,4,30345071167,2502412,0
30.3578,4,30355254191,2502412,0
30.3629,4,30360350203,2502412,0
30.3655,4,30365464215,73000,1
30.3732,4,30370676227,2502412,0
30.3784,4,30378320245,73000,1
30.3889,4,30386401669,2502412,0
30.4017,4,30399150699,2502412,0
30.4067,4,30404219711,2502412,0
30.4172,4,30414742735,2502412,0
30.4223,4,30419811747,2502412,0
30.4274,4,30424925759,2502412,0
30.4402,4,30437674789,2502412,0
30.4504,4,30447884813,2502412,0
30.4555,4,30452962825,2502412,0
30.4657,4,30463172849,2502412,0
30.4708,4,30468295861,2502412,0
30.4835,4,30481044891,2502412,0
30.4915,4,30489010909,2502412,0
30.4993,4,30499238933,73000,1
30.5069,4,30504432945,2502412,0
30.512,4,30509528957,2502412,0
30.5225,4,30519997981,2502412,0
30.5302,4,30527677999,2502412,0
30.5328,4,30532747011,73000,1
30.5456,4,30543118035,2502412,0
30.5483,4,30548205047,73000,1
30.5661,4,30563627083,2502412,0
30.5789,4,30576376113,2502412,0
30.5919,4,30589401549,2502412,0
30.597,4,30594533561,2502412,0
30.6072,4,30604698585,2502412,0
30.6123,4,30609821597,2502412,0
30.615,4,30614908609,73000,1
30.6306,4,30628095639,2502412,0
30.6333,4,30633218651,73000,1
30.6461,4,30646074681,73000,1
30.6589,4,30656391705,2502412,0
30.659,4,30658939117,73000,1
30.6719,4,30671813741,73000,1
30.7079,4,30705393225,2502412,0
30.7157,4,30715603249,73000,1
30.7289,4,30728835279,73000,1
30.729,4,30728915279,73000,1
30.8059,4,30803397859,2502412,0
30.8186,4,30816119889,2502412,0
30.8237,4,30821242901,2502412,0
30.8317,4,30829163325,2502412,0
30.8368,4,30834277337,2502412,0
30.8495,4,30847017367,2502412,0
30.8522,4,30852167379,73000,1
30.8575,4,30857388391,73000,1
30.9012,4,30898647893,2502412,0
30.9062,4,30903725905,2502412,0
30.9139,4,30911351923,2502412,0
30.9189,4,30916429935,2502412,0
30.9295,4,30926970959,2502412,0
30.9397,4,30937171983,2502412,0
30.9448,4,30942285995,2502412,0
30.955,4,30952469019,2502412,0
30.9628,4,30962697043,73000,1
30.9781,4,30975589073,2502412,0
30.9882,4,30985745097,2502412,0
30.9933,4,30990841109,2502412,0
30.9959,4,30993379521,2502412,0
31.0038,4,31001318539,2502412,0
31.0114,4,31008935557,2502412,0
31.0116,4,31011545969,73000,1
31.0141,4,31011618969,2502412,0
31.0243,4,31021837993,2502412,0
31.027,4,31026961005,73000,1
31.0351,4,31035052023,73000,1
31.0427,4,31040210035,2502412,0
31.0479,4,31047872053,73000,1
31.0506,4,31050554059,73000,1
31.094,4,31091510155,2502412,0
31.1071,4,31104553591,2502412,0
31.1096,4,31107110003,2502412,0
31.1123,4,31112179015,73000,1
31.1173,4,31114825021,2502412,0
31.1251,4,31125035045,73000,1
31.1302,4,31127717051,2502412,0
31.1407,4,31138194481,2502412,0
31.1458,4,31143299493,2502412,0
31.156,4,31153491517,2502412,0
31.1611,4,31158587529,2502412,0
31.1636,4,31161116941,2502412,0
31.1738,4,31171281965,2502412,0
31.1763,4,31173847377,2502412,0
31.1814,4,31178916389,2502412,0
31.1916,4,31189108413,2502412,0
31.1968,4,31194267425,2502412,0
31.1993,4,31196805837,2502412,0
31.2098,4,31207310267,2502412,0
31.2149,4,31212397279,2502412,0
31.2175,4,31214953691,2502412,0
31.2276,4,31225091715,2502412,0
31.2301,4,31227639127,2502412,0
31.2332,4,31233111139,73000,1
31.2408,4,31238296151,2502412,0
31.2485,4,31245958169,2502412,0
31.2563,4,31256186193,73000,1
31.2741,4,31271617229,2502412,0
31.2868,4,31284330259,2502412,0
31.297,4,31294531283,2502412,0
31.3076,4,31305062713,2502412,0
31.3178,4,31315281737,2502412,0
31.3254,4,31322898755,2502412,0
31.3305,4,31328003767,2502412,0
31.3332,4,31333108779,73000,1
31.3412,4,31338651791,2502412,0
31.3538,4,31351346821,2502412,0
31.3564,4,31353930233,2502412,0
31.3691,4,31366634263,2502412,0
31.3717,4,31369199675,2502412,0
31.3742,4,31371729087,2502412,0
31.3794,4,31379373105,73000,1
31.3924,4,31392310135,73000,1
31.4235,4,31423377613,73000,1
31.4518,4,31449304673,2502412,0
31.4569,4,31454391685,2502412,0
31.4594,4,31456921097,2502412,0
31.4595,4,31459450509,73000,1
31.4621,4,31462070109,73000,1
31.4647,4,31462204109,2502412,0
31.4774,4,31474935139,2502412,0
31.48,4,31477509551,2502412,0
31.4851,4,31482596563,2502412,0
31.4953,4,31492806587,2502412,0
31.5055,4,31502989611,2502412,0
31.5135,4,31510973035,2502412,0
31.5161,4,31516051047,73000,1
31.5265,4,31526386071,73000,1
31.5497,4,31547244119,2502412,0
31.5625,4,31559948149,2502412,0
31.5702,4,31570176173,73000,1
31.5755,4,31575415185,73000,1
31.6037,4,31603613251,73000,1
31.6606,4,31660554789,73000,1
31.7401,4,31737585375,2502412,0
31.7452,4,31742672387,2502412,0
31.7556,4,31753122817,2502412,0
31.7607,4,31758245829,2502412,0
31.7709,4,31768419853,2502412,0
31.7761,4,31773560865,2502412,0
31.7786,4,31776099277,2502412,0
31.7913,4,31788839307,2502412,0
31.7965,4,31793953319,2502412,0
31.8067,4,31804154343,2502412,0
31.8172,4,31814658773,2502412,0
31.8223,4,31819772785,2502412,0
31.8273,4,31824841797,2502412,0
31.8349,4,31832440815,2502412,0
31.8375,4,31834997227,2502412,0
31.8477,4,31845216251,2502412,0
31.8531,4,31850615669,2502412,0
31.8608,4,31858286687,2502412,0
31.8684,4,31865939705,2502412,0
31.8812,4,31878688735,2502412,0
31.8863,4,31883820747,2502412,0
31.8941,4,31894030771,73000,1
31.9017,4,31899215783,2502412,0
31.9068,4,31904293795,2502412,0
31.9119,4,31909380807,2502412,0
31.9224,4,31919921237,2502412,0
31.9275,4,31925017249,2502412,0
31.9377,4,31935200273,2502412,0
31.9428,4,31940323285,2502412,0
31.9533,4,31950819309,2502412,0
31.9584,4,31955933321,2502412,0
31.9686,4,31966116345,2502412,0
31.9712,4,31968654757,2502412,0
31.9789,4,31978837781,73000,1
31.9944,4,31994313817,73000,1
32.0406,4,32038121325,2502412,0
32.0457,4,32043235337,2502412,0
32.0562,4,32053713361,2502412,0
32.069,4,32066462391,2502412,0
32.0741,4,32071603403,2502412,0
32.0819,4,32081813427,73000,1
32.0871,4,32087007439,73000,1
32.1233,4,32123197929,73000,1
32.1797,4,32177234055,2502412,0
32.1899,4,32187417079,2502412,0
32.195,4,32192540091,2502412,0
32.2001,4,32197600103,2502412,0
32.2103,4,32207810127,2502412,0
32.2104,4,32210366539,73000,1
32.213,4,32210474133,2502412,0
32.2232,4,32220675157,2502412,0
32.2286,4,32226083575,2502412,0
32.2413,4,32238832605,2502412,0
32.2491,4,32249051629,73000,1
32.2622,4,32259672653,2502412,0
32.2698,4,32267289671,2502412,0
32.2775,4,32274951689,2502412,0
32.2827,4,32282595707,73000,1
32.293,4,32292957731,73000,1
32.3084,4,32308352767,73000,1
32.3213,4,32321253797,73000,1
32.3238,4,32321326797,2502412,0
32.3318,4,32329265221,2502412,0
32.3319,4,32331812633,73000,1
32.3447,4,32342157251,2502412,0
32.3548,4,32352322275,2502412,0
32.3575,4,32357445287,73000,1
32.3681,4,32368075311,73000,1
32.4039,4,32401360389,2502412,0
32.4064,4,32403907801,2502412,0
32.4191,4,32416602831,2502412,0
32.4217,4,32419204243,2502412,0
32.4268,4,32424264255,2502412,0
32.4373,4,32434786685,2502412,0
32.4374,4,32437343097,73000,1
32.4399,4,32437416097,2502412,0
32.445,4,32442512109,2502412,0
32.4501,4,32447572121,2502412,0
32.4577,4,32455243139,2502412,0
32.4683,4,32465757163,2502412,0
32.4759,4,32473437181,2502412,0
32.4835,4,32481045199,2502412,0
32.4861,4,32483574611,2502412,0
32.4937,4,32491236629,2502412,0
32.5014,4,32498898647,2502412,0
32.5015,4,32501464059,73000,1
32.5117,4,32509197671,2502412,0
32.5194,4,32516868689,2502412,0
32.5195,4,32519398101,73000,1
32.5351,4,32532594131,2502412,0
32.5402,4,32537690143,2502412,0
32.5503,4,32547846167,2502412,0
32.558,4,32555535185,2502412,0
32.5686,4,32566058209,2502412,0
32.5711,4,32568587621,2502412,0
32.5813,4,32578788645,2502412,0
32.5864,4,32583866657,2502412,0
32.5966,4,32594076681,2502412,0
32.6018,4,32601747699,73000,1
32.6173,4,32617205735,73000,1
32.6351,4,32632573771,2502412,0
32.6381,4,32638018783,73000,1
32.6534,4,32650865813,2502412,0
32.6636,4,32661066837,2502412,0
32.6741,4,32671580861,2502412,0
32.6843,4,32681790885,2502412,0
32.6868,4,32684320297,2502412,0
32.6945,4,32691955315,2502412,0
32.7021,4,32699572333,2502412,0
32.7046,4,32702128745,2502412,0
32.7148,4,32712329769,2502412,0
32.7199,4,32717389781,2502412,0
32.7225,4,32719964193,2502412,0
32.7327,4,32730156217,2502412,0
32.7377,4,32735243229,2502412,0
32.7433,4,32743245247,73000,1
32.7458,4,32743334247,2502412,0
32.7509,4,32748439259,2502412,0
32.7586,4,32756074277,2502412,0
32.7636,4,32761143289,2502412,0
32.7688,4,32766266301,2502412,0
32.7767,4,32774222725,2502412,0
32.7844,4,32781893743,2502412,0
32.7922,4,32792085767,73000,1
32.8075,4,32804977797,2502412,0
32.81,4,32807507209,2502412,0
32.8127,4,32812585221,73000,1
32.828,4,32825486251,2502412,0
32.8332,4,32833121269,73000,1
32.8437,4,32841202693,2502412,0
32.8515,4,32851412717,73000,1
32.8693,4,32866816753,2502412,0
32.8719,4,32869355165,2502412,0
32.8849,4,32882398601,2502412,0
32.8902,4,32890078619,73000,1
32.8952,4,32892742625,2502412,0
32.8979,4,32897838637,73000,1
32.9055,4,32903041649,2502412,0
32.9082,4,32908137661,73000,1
32.9107,4,32908210661,2502412,0
32.9158,4,32913270673,2502412,0
32.9185,4,32918402685,73000,1
32.921,4,32918491685,2502412,0
32.9288,4,32928719709,73000,1
32.9391,4,32939054733,73000,1
32.978,4,32975513223,2502412,0
32.9781,4,32978060635,73000,1
32.9883,4,32985830247,2502412,0
33.0011,4,32998552277,2502412,0
33.0063,4,33006214295,73000,1
33.0113,4,33008833301,2502412,0
33.0139,4,33011371713,2502412,0
33.0266,4,33024120743,2502412,0
33.0343,4,33031800761,2502412,0
33.0395,4,33039471779,73000,1
33.042,4,33039544779,2502412,0
33.0525,4,33050040209,2502412,0
33.0577,4,33055172221,2502412,0
33.0578,4,33057701633,73000,1
33.0756,4,33073115263,2502412,0
33.0861,4,33083620287,2502412,0
33.0912,4,33088689299,2502412,0
33.1014,4,33098908323,2502412,0
33.1065,4,33103986335,2502412,0
33.1116,4,33109109347,2502412,0
33.1167,4,33114178359,2502412,0
33.1243,4,33121795377,2502412,0
33.1269,4,33124360789,2502412,0
33.132,4,33129456801,2502412,0
33.1422,4,33139648825,2502412,0
33.1449,4,33144816837,73000,1
33.1554,4,33152889261,2502412,0
33.1655,4,33163036285,2502412,0
33.1681,4,33165601697,2502412,0
33.1783,4,33175775721,2502412,0
33.1837,4,33181175139,2502412,0
33.1862,4,33183722551,2502412,0
33.1913,4,33188809563,2502412,0
33.1989,4,33196435581,2502412,0
33.204,4,33201504593,2502412,0
33.2066,4,33204070005,2502412,0
33.2117,4,33209184017,2502412,0
33.2169,4,33216828035,73000,1
33.2194,4,33216926035,2502412,0
33.222,4,33219464447,2502412,0
33.2271,4,33224587459,2502412,0
33.2373,4,33234788483,2502412,0
33.2424,4,33239893495,2502412,0
33.2529,4,33250424925,2502412,0
33.2606,4,33258059943,2502412,0
33.2682,4,33265658961,2502412,0
33.2683,4,33268251373,73000,1
33.2891,4,33286553009,2502412,0
33.3018,4,33299284039,2502412,0
33.3069,4,33304389051,2502412,0
33.3094,4,33306918463,2502412,0
33.312,4,33309447875,2502412,0
33.3222,4,33319648899,2502412,0
33.3299,4,33329867923,73000,1
33.3301,4,33330010923,73000,1
33.3454,4,33342857953,2502412,0
33.3559,4,33353353383,2502412,0
33.3635,4,33360988401,2502412,0
33.3713,4,33371216425,73000,1
33.3869,4,33384376455,2502412,0
33.3894,4,33386923867,2502412,0
33.3946,4,33394567885,73000,1
33.3973,4,33397267891,73000,1
33.4049,4,33402434903,2502412,0
33.4151,4,33412635927,2502412,0
33.4204,4,33420306945,73000,1
33.4307,4,33430641969,73000,1
33.4718,4,33469344465,2502412,0
33.4744,4,33471873877,2502412,0
33.4846,4,33482056901,2502412,0
33.4925,4,33490031919,2502412,0
33.5002,4,33497666937,2502412,0
33.5078,4,33505319955,2502412,0
33.5181,4,33515547979,2502412,0
33.5231,4,33520607991,2502412,0
33.5282,4,33525686003,2502412,0
33.5334,4,33533375021,73000,1
33.5513,4,33548779057,2502412,0
33.5564,4,33553884069,2502412,0
33.5643,4,33561814087,2502412,0
33.5644,4,33564343499,73000,1
33.5722,4,33572158111,73000,1
33.6032,4,33600660177,2502412,0
33.6033,4,33603189589,73000,1
33.6186,4,33616100213,2502412,0
33.6238,4,33623708231,73000,1
33.6316,4,33631486249,73000,1
33.6545,4,33652031297,2502412,0
33.6676,4,33665083733,2502412,0
33.6727,4,33670188745,2502412,0
33.6803,4,33677787763,2502412,0
33.688,4,33685467781,2502412,0
33.6961,4,33696008805,73000,1
33.6986,4,33696088805,2502412,0
33.7088,4,33706298829,2502412,0
33.7115,4,33711403841,73000,1
33.7293,4,33726789877,2502412,0
33.7318,4,33729328289,2502412,0
33.7345,4,33734442301,73000,1
33.7498,4,33747307331,2502412,0
33.7576,4,33757517355,73000,1
33.7631,4,33763068773,73000,1
33.7786,4,33778490809,73000,1
33.8197,4,33817211899,2502412,0
33.8324,4,33829924929,2502412,0
33.835,4,33832454341,2502412,0
33.8477,4,33845203371,2502412,0
33.8479,4,33847795783,73000,1
33.8607,4,33860670407,73000,1
33.8865,4,33884039867,2502412,0
33.8916,4,33889144879,2502412,0
33.9021,4,33899604903,2502412,0
33.9072,4,33904745915,2502412,0
33.915,4,33914973939,73000,1
33.9354,4,33932925981,2502412,0
33.9482,4,33945657011,2502412,0
33.9509,4,33950807023,73000,1
33.9535,4,33953426029,73000,1
33.9846,4,33984538507,73000,1
33.9975,4,33997385537,73000,1
34.0697,4,34069581577,73000,1
34.1364,4,34133854727,2502412,0
34.1416,4,34141489745,73000,1
34.1466,4,34144126751,2502412,0
34.1594,4,34156866781,2502412,0
34.1619,4,34159423193,2502412,0
34.175,4,34172484629,2502412,0
34.1877,4,34185224659,2502412,0
34.1903,4,34187790071,2502412,0
34.1954,4,34192877083,2502412,0
34.1955,4,34195415495,73000,1
34.2031,4,34200592101,2502412,0
34.2086,4,34206054519,2502412,0
34.2137,4,34213662537,73000,1
34.2316,4,34229129573,2502412,0
34.2444,4,34241878603,2502412,0
34.252,4,34249504621,2502412,0
34.2572,4,34257175639,73000,1
34.2649,4,34262387651,2502412,0
34.273,4,34272910081,73000,1
34.2832,4,34280652099,2502412,0
34.2959,4,34293392129,2502412,0
34.301,4,34298497141,2502412,0
34.3115,4,34309011165,2502412,0
34.314,4,34311540577,2502412,0
34.3191,4,34316609589,2502412,0
34.3217,4,34319166001,2502412,0
34.3318,4,34329322025,2502412,0
34.337,4,34334463037,2502412,0
34.3396,4,34339568049,73000,1
34.3447,4,34342187055,2502412,0
34.3448,4,34344770467,73000,1
34.3551,4,34352549079,2502412,0
34.3652,4,34362714103,2502412,0
34.373,4,34372942127,73000,1
34.3862,4,34386155563,73000,1
34.394,4,34393915581,73000,1
34.4041,4,34401639599,2502412,0
34.4172,4,34414701629,2502412,0
34.4223,4,34419797641,2502412,0
34.4325,4,34429971665,2502412,0
34.4377,4,34437660683,73000,1
34.453,4,34450543713,2502412,0
34.4532,4,34453082125,73000,1
34.4633,4,34460788737,2502412,0
34.4658,4,34463318149,2502412,0
34.471,4,34468450161,2502412,0
34.4814,4,34478909591,2502412,0
34.484,4,34481475003,2502412,0
34.4892,4,34489146021,73000,1
34.5046,4,34502056051,2502412,0
34.5176,4,34515118081,2502412,0
34.5254,4,34525292105,73000,1
34.5356,4,34533061123,2502412,0
34.5432,4,34540714141,2502412,0
34.5534,4,34550879165,2502412,0
34.5559,4,34553426577,2502412,0
34.5585,4,34555964989,2502412,0
34.5611,4,34561070001,73000,1
34.5714,4,34568866019,2502412,0
34.579,4,34576474037,2502412,0
34.587,4,34584458055,2502412,0
34.5972,4,34594668079,2502412,0
34.6099,4,34607417109,2502412,0
34.6179,4,34615374127,2502412,0
34.6281,4,34625593151,2502412,0
34.6408,4,34638333181,2502412,0
34.641,4,34640898593,73000,1
34.6512,4,34648668205,2502412,0
34.6562,4,34653728217,2502412,0
34.6664,4,34663929241,2502412,0
34.6742,4,34674157265,73000,1
34.695,4,34692457713,2502412,0
34.7,4,34697517725,2502412,0
34.7027,4,34702604737,73000,1
34.7209,4,34718384773,2502412,0
34.7286,4,34728576797,73000,1
34.7414,4,34738884821,2502412,0
34.7415,4,34741432233,73000,1
34.7594,4,34756863863,2502412,0
34.7646,4,34764489881,73000,1
34.78,4,34779947917,73000,1
34.811,4,34808449389,2502412,0
34.8214,4,34818909413,2502412,0
34.8239,4,34821438825,2502412,0
34.829,4,34826525837,2502412,0
34.8392,4,34836708861,2502412,0
34.8418,4,34839301273,2502412,0
34.8494,4,34846936291,2502412,0
34.8571,4,34854589309,2502412,0
34.8622,4,34859694321,2502412,0
34.8674,4,34867320339,73000,1
34.8802,4,34877664363,2502412,0
34.8854,4,34885317381,73000,1
34.8909,4,34890868799,73000,1
34.891,4,34890948799,73000,1
34.9628,4,34960326961,2502412,0
34.9704,4,34967943979,2502412,0
34.9731,4,34973057991,73000,1
34.9756,4,34973130991,2502412,0
34.9782,4,34975669403,2502412,0
34.9834,4,34983340421,73000,1
34.9885,4,34986004427,2502412,0
34.9915,4,34991386439,73000,1
35.0042,4,35001730463,2502412,0
35.0169,4,35014434493,2502412,0
35.0249,4,35022427511,2502412,0
35.03,4,35027487523,2502412,0
35.0351,4,35032592535,2502412,0
35.0453,4,35042793559,2502412,0
35.053,4,35050482577,2502412,0
35.0632,4,35060647601,2502412,0
35.0759,4,35073396631,2502412,0
35.0784,4,35075926043,2502412,0
35.0862,4,35086145067,73000,1
35.0913,4,35088845073,2502412,0
35.1018,4,35099314097,2502412,0
35.1045,4,35104455109,73000,1
35.107,4,35104528109,2502412,0
35.1146,4,35112136127,2502412,0
35.1199,4,35119834145,73000,1
35.125,4,35122453151,2502412,0
35.1329,4,35130436575,2502412,0
35.1356,4,35135505587,73000,1
35.1483,4,35145840611,2502412,0
35.1611,4,35158580641,2502412,0
35.1636,4,35161128053,2502412,0
35.1689,4,35168781071,73000,1
35.1739,4,35171409077,2502412,0
35.1841,4,35181628101,2502412,0
35.1868,4,35186760113,73000,1
35.2,4,35199946549,73000,1
35.2076,4,35205140561,2502412,0
35.2154,4,35215350585,73000,1
35.2362,4,35233651627,2502412,0
35.2388,4,35238738639,73000,1
35.2466,4,35246516657,73000,1
35.2874,4,35284924747,2502412,0
35.3005,4,35297959183,2502412,0
35.3107,4,35308160207,2502412,0
35.3234,4,35320909237,2502412,0
35.3311,4,35328571255,2502412,0
35.334,4,35333952673,73000,1
35.3417,4,35339182685,2502412,0
35.3493,4,35346808703,2502412,0
35.3595,4,35357018727,2502412,0
35.3622,4,35362150739,73000,1
35.3776,4,35377563775,73000,1
35.3829,4,35382784787,73000,1
35.4499,4,35447361343,2502412,0
35.45,4,35449908755,73000,1
35.4601,4,35457642367,2502412,0
35.4628,4,35462765379,73000,1
35.4832,4,35480735421,2502412,0
35.4884,4,35488361439,73000,1
35.5012,4,35498705463,2502412,0
35.5142,4,35511740493,2502412,0
35.527,4,35524480523,2502412,0
35.5295,4,35527027935,2502412,0
35.5321,4,35529575347,2502412,0
35.5426,4,35540053371,2502412,0
35.5477,4,35545158383,2502412,0
35.5579,4,35555377407,2502412,0
35.5656,4,35563048425,2502412,0
35.5732,4,35570665443,2502412,0
35.5783,4,35575761455,2502412,0
35.5834,4,35580875467,2502412,0
35.5884,4,35585944479,2502412,0
35.5961,4,35593561497,2502412,0
35.6012,4,35598702509,2502412,0
35.6037,4,35601240921,2502412,0
35.6143,4,35611763945,2502412,0
35.627,4,35624512975,2502412,0
35.6296,4,35627051387,2502412,0
35.6297,4,35629616799,73000,1
35.6378,4,35637726411,73000,1
35.6479,4,35645441429,2502412,0
35.6607,4,35658181459,2502412,0
35.6633,4,35660755871,2502412,0
35.6634,4,35663285283,73000,1
35.6659,4,35663358283,2502412,0
35.6684,4,35665887695,2502412,0
35.671,4,35670965707,73000,1
35.6761,4,35673575713,2502412,0
35.6812,4,35678743725,2502412,0
35.6838,4,35681282137,2502412,0
35.694,4,35691465161,2502412,0
35.6991,4,35696588173,2502412,0
35.7072,4,35707128603,73000,1
35.7276,4,35725089645,2502412,0
35.7327,4,35730185657,2502412,0
35.7431,4,35740645681,2502412,0
35.7457,4,35743202093,2502412,0
35.7585,4,35755951123,2502412,0
35.7612,4,35761110135,73000,1
35.7739,4,35771418159,2502412,0
35.7791,4,35779071177,73000,1
35.7893,4,35786804195,2502412,0
35.7944,4,35791918207,2502412,0
35.7971,4,35796987219,73000,1
35.8127,4,35810191655,2502412,0
35.8254,4,35822922685,2502412,0
35.828,4,35825452097,2502412,0
35.8381,4,35835644121,2502412,0
35.8436,4,35841071133,2502412,0
35.8538,4,35851272157,2502412,0
35.8589,4,35856368169,2502412,0
35.859,4,35858924581,73000,1
35.8743,4,35871808205,2502412,0
35.8819,4,35879416223,2502412,0
35.887,4,35884512235,2502412,0
35.8972,4,35894686259,2502412,0
35.8998,4,35897269671,2502412,0
35.9128,4,35910295107,2502412,0
35.9155,4,35915463119,73000,1
35.9231,4,35920621131,2502412,0
35.9359,4,35933370161,2502412,0
35.9384,4,35935926573,2502412,0
35.9435,4,35941022585,2502412,0
35.9464,4,35943864997,2502412,0
35.949,4,35948934009,73000,1
35.9643,4,35961835039,2502412,0
35.9645,4,35964409451,73000,1
35.9823,4,35979814081,2502412,0
35.985,4,35984928093,73000,1
35.9875,4,35985008093,2502412,0
35.9951,4,35992634111,2502412,0
36.0028,4,36000296129,2502412,0
36.013,4,36010479153,2502412,0
36.0159,4,36013349159,2502412,0
36.0211,4,36020993177,73000,1
36.0238,4,36023693183,73000,1
36.0288,4,36026321189,2502412,0
36.0364,4,36033938207,2502412,0
36.0495,4,36046991237,2502412,0
36.0521,4,36049574649,2502412,0
36.0648,4,36062269679,2502412,0
36.07,4,36069976697,73000,1
36.0751,4,36072613703,2502412,0
36.0853,4,36082805727,2502412,0
36.0904,4,36087901739,2502412,0
36.0982,4,36098111763,73000,1
36.106,4,36105889781,73000,1
36.1137,4,36113649799,73000,1
36.1962,4,36196125397,73000,1
36.3376,4,36335130607,2502412,0
36.3377,4,36337660019,73000,1
36.3479,4,36345429631,2502412,0
36.361,4,36358482661,2502412,0
36.3637,4,36363587673,73000,1
36.3739,4,36371347691,2502412,0
36.384,4,36381539715,2502412,0
36.3917,4,36389183733,2502412,0
36.4019,4,36399393757,2502412,0
36.4046,4,36404507769,73000,1
36.4098,4,36409719781,73000,1
36.4458,4,36443335265,2502412,0
36.4535,4,36450952283,2502412,0
36.4588,4,36456343295,2502412,0
36.464,4,36461457307,2502412,0
36.4741,4,36471631331,2502412,0
36.4767,4,36474160743,2502412,0
36.4869,4,36484370767,2502412,0
36.4946,4,36492068785,2502412,0
36.5022,4,36499685803,2502412,0
36.5073,4,36504763815,2502412,0
36.5175,4,36514991839,2502412,0
36.5202,4,36520114851,73000,1
36.5358,4,36533292287,2502412,0
36.5359,4,36535821699,73000,1
36.5435,4,36541016305,2502412,0
36.5512,4,36548651323,2502412,0
36.5588,4,36556313341,2502412,0
36.5644,4,36564287765,73000,1
36.5669,4,36564360765,2502412,0
36.572,4,36569483777,2502412,0
36.5822,4,36579666801,2502412,0
36.5872,4,36584744813,2502412,0
36.5949,4,36592388831,2502412,0
36.5976,4,36597511843,73000,1
36.6078,4,36605271861,2502412,0
36.6129,4,36610376873,2502412,0
36.6205,4,36617984891,2502412,0
36.6232,4,36623107903,73000,1
36.6337,4,36631189327,2502412,0
36.6388,4,36636267339,2502412,0
36.6413,4,36638805751,2502412,0
36.6489,4,36646404769,2502412,0
36.6566,4,36654111787,2502412,0
36.6647,4,36664643811,73000,1
36.6749,4,36672385829,2502412,0
36.6851,4,36682568853,2502412,0
36.6927,4,36690230871,2502412,0
36.6953,4,36692769283,2502412,0
36.7029,4,36700377301,2502412,0
36.708,4,36705473313,2502412,0
36.7131,4,36710569325,2502412,0
36.7156,4,36713116737,2502412,0
36.7233,4,36720751755,2502412,0
36.7284,4,36725856767,2502412,0
36.7338,4,36731274185,2502412,0
36.744,4,36741475209,2502412,0
36.7441,4,36744040621,73000,1
36.762,4,36759472251,2502412,0
36.7675,4,36767447269,73000,1
36.7854,4,36782860305,2502412,0
36.7879,4,36785398717,2502412,0
36.7906,4,36790485729,73000,1
36.8008,4,36798254747,2502412,0
36.8109,4,36808437771,2502412,0
36.8186,4,36816090789,2502412,0
36.8237,4,36821150801,2502412,0
36.8313,4,36828821819,2502412,0
36.8393,4,36836830015,2502412,0
36.8444,4,36841917027,2502412,0
36.8495,4,36847004039,2502412,0
36.8572,4,36854657057,2502412,0
36.8653,4,36865198081,73000,1
36.8729,4,36870410093,2502412,0
36.873,4,36872939505,73000,1
36.8934,4,36890928141,2502412,0
36.8935,4,36893457553,73000,1
36.8986,4,36896104153,2502412,0
36.9038,4,36903757171,73000,1
36.9116,4,36911535189,73000,1
36.9295,4,36926950225,2502412,0
36.9399,4,36937436655,2502412,0
36.9426,4,36942550667,73000,1
36.9528,4,36950319685,2502412,0
36.963,4,36960484709,2502412,0
36.971,4,36968468727,2502412,0
36.9837,4,36981208757,2502412,0
36.9915,4,36991436781,73000,1
37.0043,4,37001753805,2502412,0
37.017,4,37014493835,2502412,0
37.0248,4,37024712859,73000,1
37.0429,4,37040420301,2502412,0
37.048,4,37045516313,2502412,0
37.0558,4,37055735337,73000,1
37.0741,4,37074045379,73000,1
37.0947,4,37094590427,73000,1
37.1176,4,37115099475,2502412,0
37.1252,4,37122716493,2502412,0
37.1277,4,37125245905,2502412,0
37.1354,4,37132907923,2502412,0
37.1434,4,37140882347,2502412,0
37.1461,4,37145978359,73000,1
37.1486,4,37146076359,2502412,0
37.1487,4,37148614771,73000,1
37.164,4,37161489395,2502412,0
37.1691,4,37166576407,2502412,0
37.1796,4,37177081431,2502412,0
37.1923,4,37189830461,2502412,0
37.1976,4,37197519479,73000,1
37.1977,4,37197592479,73000,1
37.236,4,37233479563,2502412,0
37.249,4,37246540999,2502412,0
37.2618,4,37259290029,2502412,0
37.2643,4,37261828441,2502412,0
37.2745,4,37272020465,2502412,0
37.2799,4,37277419883,2502412,0
37.2825,4,37279967295,2502412,0
37.2851,4,37285027307,73000,1
37.2902,4,37287709313,2502412,0
37.2953,4,37292778325,2502412,0
37.2978,4,37295325737,2502412,0
37.3055,4,37302960755,2502412,0
37.3131,4,37310604773,2502412,0
37.3157,4,37313179185,2502412,0
37.3209,4,37320823203,73000,1
37.3362,4,37333724233,2502412,0
37.3493,4,37346776669,2502412,0
37.3595,4,37356968693,2502412,0
37.3596,4,37359516105,73000,1
37.3699,4,37369869723,73000,1
37.3881,4,37385595759,2502412,0
37.3882,4,37388125171,73000,1
37.3984,4,37395894783,2502412,0
37.4111,4,37408625813,2502412,0
37.4239,4,37421374843,2502412,0
37.4341,4,37431557867,2502412,0
37.4393,4,37439255885,73000,1
37.4444,4,37441901891,2502412,0
37.4575,4,37454954327,2502412,0
37.4625,4,37460032339,2502412,0
37.4727,4,37470233363,2502412,0
37.478,4,37477922381,73000,1
37.4936,4,37491100411,2502412,0
37.5012,4,37498735429,2502412,0
37.5038,4,37501264841,2502412,0
37.5064,4,37506324853,73000,1
37.5117,4,37511608865,73000,1
37.5397,4,37537213925,2502412,0
37.5449,4,37544857943,73000,1
37.55,4,37547494949,2502412,0
37.5555,4,37555469967,73000,1
37.5632,4,37560690979,2502412,0
37.5658,4,37565768991,73000,1
37.5866,4,37584070033,2502412,0
37.5943,4,37594271057,73000,1
37.597,4,37596944063,73000,1
37.6201,4,37620028117,73000,1
37.6871,4,37684604673,2502412,0
37.6897,4,37689673685,73000,1
37.7051,4,37702565715,2502412,0
37.7178,4,37715305745,2502412,0
37.7203,4,37717844157,2502412,0
37.7254,4,37722913169,2502412,0
37.733,4,37730530187,2502412,0
37.7382,4,37735653199,2502412,0
37.7484,4,37745872223,2502412,0
37.7563,4,37753846647,2502412,0
37.7665,4,37764038671,2502412,0
37.7743,4,37774266695,73000,1
37.795,4,37792540737,2502412,0
37.8027,4,37800184755,2502412,0
37.8105,4,37810412779,73000,1
37.8283,4,37825825815,2502412,0
37.8309,4,37828355227,2502412,0
37.8436,4,37841068257,2502412,0
37.8461,4,37843615669,2502412,0
37.8488,4,37848747681,73000,1
37.8619,4,37859386111,2502412,0
37.8697,4,37869596135,73000,1
37.8799,4,37877356153,2502412,0
37.88,4,37879894565,73000,1
37.8981,4,37895612195,2502412,0
37.9058,4,37903274213,2502412,0
37.9134,4,37910864231,2502412,0
37.9159,4,37913402643,2502412,0
37.9186,4,37918525655,73000,1
37.9365,4,37933974691,2502412,0
37.9492,4,37946696721,2502412,0
37.9543,4,37951819733,2502412,0
37.9594,4,37956897745,2502412,0
37.9673,4,37964818763,2502412,0
37.9699,4,37967357175,2502412,0
37.9775,4,37975046193,2502412,0
37.9878,4,37985256217,2502412,0
37.9903,4,37987785629,2502412,0
38.0008,4,37998272653,2502412,0
38.0085,4,38005961671,2502412,0
38.0161,4,38013623689,2502412,0
38.0238,4,38021258707,2502412,0
38.0314,4,38028884725,2502412,0
38.0339,4,38031432137,2502412,0
38.0467,4,38044181167,2502412,0
38.0493,4,38046755579,2502412,0
38.062,4,38059477609,2502412,0
38.07,4,38067479627,2502412,0
38.0776,4,38075087645,2502412,0
38.0853,4,38082749663,2502412,0
38.0905,4,38090429681,73000,1
38.1061,4,38103607711,2502412,0
38.1137,4,38111224729,2502412,0
38.1214,4,38118886747,2502412,0
38.129,4,38126512765,2502412,0
38.1341,4,38131626777,2502412,0
38.1392,4,38136713789,2502412,0
38.1494,4,38146905813,2502412,0
38.1519,4,38149435225,2502412,0
38.1545,4,38151964637,2502412,0
38.1596,4,38157051649,2502412,0
38.1701,4,38167574079,2502412,0
38.1726,4,38170130491,2502412,0
38.1779,4,38177783509,73000,1
38.1855,4,38183022521,2502412,0
38.1957,4,38193223545,2502412,0
38.2062,4,38203737569,2502412,0
38.219,4,38216477599,2502412,0
38.2266,4,38224139617,2502412,0
38.2369,4,38234349641,2502412,0
38.2419,4,38239418653,2502412,0
38.242,4,38241975065,73000,1
38.2471,4,38244612665,2502412,0
38.2522,4,38249708677,2502412,0
38.2624,4,38259882701,2502412,0
38.2678,4,38265336119,2502412,0
38.278,4,38275510143,2502412,0
38.2908,4,38288259173,2502412,0
38.2935,4,38293400185,73000,1
38.2936,4,38293498185,73000,1
38.3322,4,38329680269,2502412,0
38.3348,4,38334767281,73000,1
38.3528,4,38352764323,73000,1
38.3604,4,38357940335,2502412,0
38.3735,4,38370992771,2502412,0
38.376,4,38373540183,2502412,0
38.3862,4,38383705207,2502412,0
38.3913,4,38388828219,2502412,0
38.3964,4,38393915231,2502412,0
38.4044,4,38401863249,2502412,0
38.412,4,38409525267,2502412,0
38.4196,4,38417142285,2502412,0
38.4224,4,38422283297,73000,1
38.4352,4,38435166327,73000,1
38.4739,4,38471347817,2502412,0
38.4815,4,38478955835,2502412,0
38.4942,4,38491704865,2502412,0
38.4969,4,38496845877,73000,1
38.5045,4,38502021889,2502412,0
38.5101,4,38510014313,73000,1
38.5305,4,38527984355,2502412,0
38.5383,4,38538194379,73000,1
38.5587,4,38556173421,2502412,0
38.5638,4,38561260433,2502412,0
38.5714,4,38568877451,2502412,0
38.5768,4,38574294869,2502412,0
38.587,4,38584513893,2502412,0
38.5997,4,38597235923,2502412,0
38.6078,4,38607776947,73000,1
38.6131,4,38613024959,73000,1
38.6309,4,38628419995,2502412,0
38.6387,4,38638630019,73000,1
38.6591,4,38656609061,2502412,0
38.6718,4,38669331091,2502412,0
38.6798,4,38677305515,2502412,0
38.6875,4,38684949533,2502412,0
38.6925,4,38690045545,2502412,0
38.7003,4,38700273569,73000,1
38.7108,4,38708328587,2502412,0
38.7236,4,38721059617,2502412,0
38.7287,4,38726173629,2502412,0
38.7338,4,38731260641,2502412,0
38.744,4,38741452665,2502412,0
38.7542,4,38751653689,2502412,0
38.7567,4,38754183101,2502412,0
38.7568,4,38756739513,73000,1
38.767,4,38764536125,2502412,0
38.7721,4,38769614137,2502412,0
38.7772,4,38774692149,2502412,0
38.7877,4,38785206173,2502412,0
38.7878,4,38787762585,73000,1
38.8057,4,38803203215,2502412,0
38.8112,4,38811169233,73000,1
38.8241,4,38824052263,73000,1
38.8445,4,38842013305,2502412,0
38.8472,4,38847109317,73000,1
38.8676,4,38865088359,2502412,0
38.8803,4,38877819389,2502412,0
38.8884,4,38888360413,73000,1
38.9037,4,38901225443,2502412,0
38.9113,4,38908842461,2502412,0
38.9193,4,38916817479,2502412,0
38.927,4,38924470497,2502412,0
38.9346,4,38932105515,2502412,0
38.9423,4,38939767533,2502412,0
38.9499,4,38947411551,2502412,0
38.9577,4,38957639575,73000,1
38.9755,4,38973034611,2502412,0
38.9781,4,38975564023,2502412,0
38.9911,4,38988616459,2502412,0
38.9963,4,38993748471,2502412,0
39.0014,4,39001374489,73000,1
39.0065,4,39004047495,2502412,0
39.0167,4,39014221519,2502412,0
39.0247,4,39022222943,2502412,0
39.0323,4,39029821961,2502412,0
39.04,4,39037501979,2502412,0
39.0502,4,39047703003,2502412,0
39.0527,4,39050241415,2502412,0
39.0629,4,39060433439,2502412,0
39.068,4,39065547451,2502412,0
39.0731,4,39070625463,2502412,0
39.0807,4,39078242481,2502412,0
39.0859,4,39083374493,2502412,0
39.0913,4,39088765505,2502412,0
39.0989,4,39096373523,2502412,0
39.1066,4,39104062541,2502412,0
39.1142,4,39111706559,2502412,0
39.1169,4,39116829571,73000,1
39.1274,4,39124911589,2502412,0
39.1325,4,39130007601,2502412,0
39.1401,4,39137615619,2502412,0
39.1452,4,39142729631,2502412,0
39.1503,4,39147816643,2502412,0
39.1504,4,39150355055,73000,1
39.1531,4,39153019655,73000,1
39.1837,4,39181208721,2502412,0
39.1888,4,39186313733,2502412,0
39.2019,4,39199375763,2502412,0
39.2044,4,39201923175,2502412,0
39.2095,4,39207010187,2502412,0
39.2171,4,39214600205,2502412,0
39.2222,4,39219732217,2502412,0
39.2327,4,39230227647,2502412,0
39.2353,4,39232766059,2502412,0
39.2404,4,39237898071,2502412,0
39.2431,4,39242985083,73000,1
39.2481,4,39245586089,2502412,0
39.2532,4,39250745101,2502412,0
39.2634,4,39260919125,2502412,0
39.266,4,39263466537,2502412,0
39.2787,4,39276215567,2502412,0
39.2864,4,39283904585,2502412,0
39.2944,4,39291864009,2502412,0
39.3071,4,39304613039,2502412,0
39.3122,4,39309727051,2502412,0
39.32,4,39319937075,73000,1
39.3305,4,39327992093,2502412,0
39.3382,4,39335654111,2502412,0
39.3434,4,39343307129,73000,1
39.3561,4,39353633153,2502412,0
39.3689,4,39366382183,2502412,0
39.3741,4,39374008201,73000,1
39.3766,4,39374097201,2502412,0
39.3843,4,39381768219,2502412,0
39.3924,4,39392290649,73000,1
39.4128,4,39410269691,2502412,0
39.418,4,39417895709,73000,1
39.4286,4,39428561733,73000,1
39.4414,4,39438869757,2502412,0
39.4515,4,39449034781,2502412,0
39.4566,4,39454139793,2502412,0
39.4668,4,39464322817,2502412,0
39.4719,4,39469409829,2502412,0
39.477,4,39474514841,2502412,0
39.4771,4,39477053253,73000,1
39.4848,4,39482274859,2502412,0
39.495,4,39492466883,2502412,0
39.503,4,39500450901,2502412,0
39.5131,4,39510642925,2502412,0
39.5133,4,39513181337,73000,1
39.5209,4,39518393943,2502412,0
39.526,4,39523489955,2502412,0
39.539,4,39536542985,2502412,0
39.5492,4,39546735009,2502412,0
39.5543,4,39551831021,2502412,0
39.5646,4,39562059045,2502412,0
39.5773,4,39574808075,2502412,0
39.5901,4,39587548105,2502412,0
39.5926,4,39590077517,2502412,0
39.5927,4,39592642929,73000,1
39.5952,4,39592723523,2502412,0
39.6057,4,39603218953,2502412,0
39.6083,4,39605757365,2502412,0
39.6108,4,39608286777,2502412,0
39.6159,4,39613364789,2502412,0
39.6261,4,39623574813,2502412,0
39.6286,4,39626131225,2502412,0
39.6341,4,39631549237,2502412,0
39.6443,4,39641768261,2502412,0
39.6494,4,39646873273,2502412,0
39.6596,4,39657074297,2502412,0
39.6647,4,39662161309,2502412,0
39.6749,4,39672353333,2502412,0
39.6799,4,39677440345,2502412,0
39.6851,4,39682554357,2502412,0
39.6952,4,39692737381,2502412,0
39.6978,4,39695266793,2502412,0
39.7008,4,39700711211,73000,1
39.7161,4,39713567241,2502412,0
39.7188,4,39718690253,73000,1
39.7291,4,39729025277,73000,1
39.7423,4,39742203307,73000,1
39.8243,4,39821781899,2502412,0
39.8244,4,39824329311,73000,1
39.8295,4,39826966911,2502412,0
39.84,4,39837480935,2502412,0
39.8451,4,39842558947,2502412,0
39.8452,4,39845115359,73000,1
39.8554,4,39852902971,2502412,0
39.858,4,39857962983,73000,1
39.8709,4,39870873013,73000,1
39.8888,4,39886277049,2502412,0
39.8938,4,39891346061,2502412,0
39.8989,4,39896433073,2502412,0
39.899,4,39898971485,73000,1
39.9173,4,39914751521,2502412,0
39.9274,4,39924934545,2502412,0
39.9405,4,39937978575,2502412,0
39.9483,4,39948197599,73000,1
39.951,4,39950888605,73000,1
39.9638,4,39963735635,73000,1
40.0203,4,40017798167,2502412,0
40.0305,4,40027990191,2502412,0
40.0356,4,40033059203,2502412,0
40.0406,4,40038146215,2502412,0
40.0512,4,40048677645,2502412,0
40.0537,4,40051207057,2502412,0
40.0639,4,40061408081,2502412,0
40.0717,4,40071627105,73000,1
40.0896,4,40087076141,2502412,0
40.1023,4,40099807171,2502412,0
40.1128,4,40110329601,2502412,0
40.1179,4,40115407613,2502412,0
40.118,4,40117964025,73000,1
40.1335,4,40133422655,73000,1
40.1411,4,40138616667,2502412,0
40.1491,4,40146555685,2502412,0
40.1567,4,40154181703,2502412,0
40.1643,4,40161843721,2502412,0
40.1669,4,40164373133,2502412,0
40.1745,4,40172008151,2502412,0
40.1822,4,40179661169,2502412,0
40.1898,4,40187305187,2502412,0
40.1923,4,40189843599,2502412,0
40.1976,4,40197523617,73000,1
40.2027,4,40200160623,2502412,0
40.2104,4,40210370647,73000,1
40.2211,4,40221036077,73000,1
40.2441,4,40241563125,2502412,0
40.2545,4,40252031555,2502412,0
40.2571,4,40254560967,2502412,0
40.2598,4,40259683979,73000,1
40.2776,4,40275097015,2502412,0
40.2827,4,40280211027,2502412,0
40.2905,4,40290421051,73000,1
40.2956,4,40293067057,2502412,0
40.3083,4,40305807087,2502412,0
40.3139,4,40313790511,73000,1
40.3266,4,40324116535,2502412,0
40.3394,4,40336865565,2502412,0
40.3524,4,40349927595,2502412,0
40.3551,4,40355032607,73000,1
40.3755,4,40373020649,2502412,0
40.3857,4,40383203673,2502412,0
40.3959,4,40393377697,2502412,0
40.4036,4,40401057715,2502412,0
40.4062,4,40406117727,73000,1
40.4139,4,40411356739,2502412,0
40.4218,4,40419304163,2502412,0
40.4294,4,40426930181,2502412,0
40.432,4,40429486593,2502412,0
40.4396,4,40437121611,2502412,0
40.4473,4,40444783629,2502412,0
40.4552,4,40452740647,2502412,0
40.4578,4,40455270059,2502412,0
40.4629,4,40460348071,2502412,0
40.4679,4,40465444083,2502412,0
40.4705,4,40467973495,2502412,0
40.4781,4,40475635513,2502412,0
40.4858,4,40483324531,2502412,0
40.4934,4,40490914549,2502412,0
40.496,4,40493461961,2502412,0
40.5011,4,40498548973,2502412,0
40.5036,4,40501078385,2502412,0
40.5087,4,40506174397,2502412,0
40.5189,4,40516384421,2502412,0
40.5294,4,40526925445,2502412,0
40.532,4,40529454857,2502412,0
40.5447,4,40542203887,2502412,0
40.5473,4,40544778299,2502412,0
40.5498,4,40547307711,2502412,0
40.5577,4,40555237729,2502412,0
40.5603,4,40557776141,2502412,0
40.5705,4,40567995165,2502412,0
40.5807,4,40578223189,2502412,0
40.5935,4,40590963219,2502412,0
40.5986,4,40596068231,2502412,0
40.5987,4,40598615643,73000,1
40.6115,4,40608951261,2502412,0
40.6191,4,40616577279,2502412,0
40.6221,4,40621985697,73000,1
40.6297,4,40627170709,2502412,0
40.6298,4,40629745121,73000,1
40.6502,4,40647733757,2502412,0
40.6633,4,40660750787,2502412,0
40.6634,4,40663334199,73000,1
40.6788,4,40678756829,73000,1
40.6892,4,40689091853,73000,1
40.7198,4,40717280919,2502412,0
40.7277,4,40725219343,2502412,0
40.7379,4,40735420367,2502412,0
40.7481,4,40745630391,2502412,0
40.7562,4,40756135415,73000,1
40.7741,4,40771593451,2502412,0
40.7843,4,40781767475,2502412,0
40.7893,4,40786845487,2502412,0
40.7996,4,40797073511,2502412,0
40.7997,4,40799602923,73000,1
40.81,4,40809956541,73000,1
40.8178,4,40817716559,73000,1
40.8538,4,40851287043,2502412,0
40.8618,4,40859271061,2502412,0
40.8694,4,40866870079,2502412,0
40.877,4,40874532097,2502412,0
40.8847,4,40882176115,2502412,0
40.8872,4,40884705527,2502412,0
40.8873,4,40887261939,73000,1
40.8899,4,40887351533,2502412,0
40.8949,4,40892411545,2502412,0
40.9026,4,40900091563,2502412,0
40.9103,4,40907762581,2502412,0
40.9181,4,40917990605,73000,1
40.9338,4,40933743047,73000,1
40.9544,4,40954279095,73000,1
40.9827,4,40980188155,2502412,0
40.9878,4,40985284167,2502412,0
40.9903,4,40987813579,2502412,0
40.9954,4,40992882591,2502412,0
40.9955,4,40995430003,73000,1
41.0032,4,41000678609,2502412,0
41.0083,4,41005756621,2502412,0
41.0108,4,41008286033,2502412,0
41.021,4,41018460057,2502412,0
41.0235,4,41020989469,2502412,0
41.0286,4,41026085481,2502412,0
41.0311,4,41028641893,2502412,0
41.034,4,41031484899,2502412,0
41.0416,4,41039074917,2502412,0
41.0467,4,41044179929,2502412,0
41.0519,4,41049347941,2502412,0
41.0595,4,41056955959,2502412,0
41.0646,4,41062096971,2502412,0
41.0751,4,41072628401,2502412,0
41.0804,4,41080290419,73000,1
41.0854,4,41082945425,2502412,0
41.0905,4,41088014437,2502412,0
41.1007,4,41098224461,2502412,0
41.1084,4,41105877479,2502412,0
41.1186,4,41116069503,2502412,0
41.1211,4,41118598915,2502412,0
41.1313,4,41128763939,2502412,0
41.1367,4,41134181357,2502412,0
41.1418,4,41139295369,2502412,0
41.152,4,41149523393,2502412,0
41.1622,4,41159697417,2502412,0
41.1673,4,41164784429,2502412,0
41.1701,4,41167626841,2502412,0
41.1804,4,41177854865,2502412,0
41.1805,4,41180384277,73000,1
41.183,4,41180491871,2502412,0
41.1932,4,41190665895,2502412,0
41.1959,4,41195815907,73000,1
41.2061,4,41203566925,2502412,0
41.2163,4,41213749949,2502412,0
41.2214,4,41218863961,2502412,0
41.2291,4,41229073985,73000,1
41.2396,4,41237128409,2502412,0
41.2422,4,41239675821,2502412,0
41.2549,4,41252415851,2502412,0
41.2551,4,41254981263,73000,1
41.2576,4,41255070857,2502412,0
41.2577,4,41257600269,73000,1
41.2679,4,41265378881,2502412,0
41.2809,4,41278440317,2502412,0
41.2937,4,41291189347,2502412,0
41.2988,4,41296276359,2502412,0
41.3064,4,41303902377,2502412,0
41.3091,4,41309025389,73000,1
41.3167,4,41314210401,2502412,0
41.3193,4,41316766813,2502412,0
41.3194,4,41319305225,73000,1
41.3296,4,41327065837,2502412,0
41.3377,4,41337579267,73000,1
41.353,4,41350462297,2502412,0
41.3555,4,41353000709,2502412,0
41.3606,4,41358069721,2502412,0
41.3708,4,41368252745,2502412,0
41.3738,4,41373715163,73000,1
41.3891,4,41386553193,2502412,0
41.3967,4,41394215211,2502412,0
41.4043,4,41401832229,2502412,0
41.4069,4,41404370641,2502412,0
41.412,4,41409457653,2502412,0
41.4221,4,41419640677,2502412,0
41.4299,4,41427347695,2502412,0
41.4325,4,41432416707,73000,1
41.4456,4,41443073137,2502412,0
41.4507,4,41448169149,2502412,0
41.4585,4,41458379173,73000,1
41.4792,4,41476653215,2502412,0
41.4818,4,41481767227,73000,1
41.4896,4,41489545245,73000,1
41.5153,4,41515186305,73000,1
41.5462,4,41543651777,2502412,0
41.5487,4,41546199189,2502412,0
41.5614,4,41558939219,2502412,0
41.5691,4,41566619237,2502412,0
41.5822,4,41579681267,2502412,0
41.5898,4,41587316285,2502412,0
41.5975,4,41594969303,2502412,0
41.6051,4,41602631321,2502412,0
41.6179,4,41615380351,2502412,0
41.623,4,41620467363,2502412,0
41.6332,4,41630659387,2502412,0
41.6333,4,41633215799,73000,1
41.6461,4,41643551417,2502412,0
41.6465,4,41646403423,73000,1
41.649,4,41646476423,2502412,0
41.6566,4,41654111441,2502412,0
41.6617,4,41659207453,2502412,0
41.6644,4,41664321465,73000,1
41.672,4,41669542477,2502412,0
41.6771,4,41674611489,2502412,0
41.6772,4,41677158901,73000,1
41.6928,4,41690337525,2502412,0
41.6954,4,41692866937,2502412,0
41.7005,4,41697953949,2502412,0
41.7107,4,41708163973,2502412,0
41.7134,4,41713286985,73000,1
41.721,4,41718462997,2502412,0
41.7287,4,41728673021,73000,1
41.7365,4,41736451039,73000,1
41.77,4,41767518517,2502412,0
41.7751,4,41772596529,2502412,0
41.7856,4,41783092553,2502412,0
41.7881,4,41785639965,2502412,0
41.8009,4,41798361995,2502412,0
41.806,4,41803503007,2502412,0
41.8061,4,41806041419,73000,1
41.8165,4,41816395037,73000,1
41.8343,4,41831808073,2502412,0
41.8394,4,41836868085,2502412,0
41.847,4,41844494103,2502412,0
41.8524,4,41849884521,2502412,0
41.8575,4,41854989533,2502412,0
41.8651,4,41862606551,2502412,0
41.8676,4,41865135963,2502412,0
41.8753,4,41872833981,2502412,0
41.8779,4,41875363393,2502412,0
41.8858,4,41883284411,2502412,0
41.8909,4,41888407423,2502412,0
41.896,4,41893521435,2502412,0
41.9037,4,41901174453,2502412,0
41.9088,4,41906261465,2502412,0
41.919,4,41916480489,2502412,0
41.9241,4,41921594501,2502412,0
41.9292,4,41926663513,2502412,0
41.9344,4,41934325531,73000,1
41.9395,4,41936998537,2502412,0
41.9471,4,41944624555,2502412,0
41.9602,4,41957676991,2502412,0
41.9653,4,41962782003,2502412,0
41.9754,4,41972947027,2502412,0
41.978,4,41975494439,2502412,0
41.9807,4,41980626451,73000,1
41.9989,4,41996361487,2502412,0
42.0065,4,42004014505,2502412,0
42.0167,4,42014206529,2502412,0
42.0245,4,42024434553,73000,1
42.0296,4,42027098559,2502412,0
42.0398,4,42037272583,2502412,0
42.0449,4,42042377595,2502412,0
42.0579,4,42055430031,2502412,0
42.0605,4,42057968443,2502412,0
42.0683,4,42068178467,73000,1
42.0759,4,42073390479,2502412,0
42.0886,4,42086139509,2502412,0
42.0941,4,42091556927,2502412,0
42.1042,4,42101712951,2502412,0
42.1119,4,42109401969,2502412,0
42.1197,4,42119620993,73000,1
42.1375,4,42135043029,2502412,0
42.1452,4,42142669047,2502412,0
42.1478,4,42147747059,73000,1
42.1635,4,42160969495,2502412,0
42.1762,4,42173718525,2502412,0
42.1864,4,42183901549,2502412,0
42.1915,4,42189015561,2502412,0
42.2046,4,42202067997,2502412,0
42.2071,4,42204606409,2502412,0
42.2149,4,42214816433,73000,1
42.2201,4,42220037445,73000,1
42.2533,4,42250783517,2502412,0
42.2609,4,42258418535,2502412,0
42.2665,4,42266402553,73000,1
42.2767,4,42274153571,2502412,0
42.2768,4,42276700983,73000,1
42.2794,4,42279356583,73000,1
42.2845,4,42282002589,2502412,0
42.2896,4,42287080601,2502412,0
42.2926,4,42292489613,73000,1
42.3079,4,42305363643,2502412,0
42.3206,4,42318085673,2502412,0
42.3259,4,42325783691,73000,1
42.3413,4,42341223727,73000,1
42.354,4,42351522751,2502412,0
42.3616,4,42359139769,2502412,0
42.3646,4,42364557781,73000,1
42.3774,4,42374901805,2502412,0
42.385,4,42382500823,2502412,0
42.3926,4,42390144841,2502412,0
42.3982,4,42398146859,73000,1
42.4009,4,42400819865,73000,1
42.4059,4,42403429871,2502412,0
42.4085,4,42405977283,2502412,0
42.4135,4,42411037295,2502412,0
42.4161,4,42413566707,2502412,0
42.4162,4,42416105119,73000,1
42.429,4,42426485737,2502412,0
42.4366,4,42434102755,2502412,0
42.4443,4,42441755773,2502412,0
42.4468,4,42444285185,2502412,0
42.4469,4,42446814597,73000,1
42.4519,4,42449425197,2502412,0
42.4596,4,42457132215,2502412,0
42.4701,4,42467636645,2502412,0
42.4753,4,42472750657,2502412,0
42.4828,4,42480340675,2502412,0
42.4854,4,42482888087,2502412,0
42.4931,4,42490559105,2502412,0
42.501,4,42498498123,2502412,0
42.5036,4,42501063535,2502412,0
42.5112,4,42508707553,2502412,0
42.5189,4,42516360571,2502412,0
42.5239,4,42521447583,2502412,0
42.5342,4,42531648607,2502412,0
42.5418,4,42539310625,2502412,0
42.5495,4,42546963643,2502412,0
42.552,4,42549493055,2502412,0
42.5596,4,42557110073,2502412,0
42.5673,4,42564799091,2502412,0
42.5752,4,42572747109,2502412,0
42.5778,4,42575294521,2502412,0
42.5854,4,42582929539,2502412,0
42.5931,4,42590555557,2502412,0
42.6007,4,42598208575,2502412,0
42.6036,4,42601086987,2502412,0
42.6086,4,42606146999,2502412,0
42.6137,4,42611225011,2502412,0
42.6139,4,42613790423,73000,1
42.6189,4,42616410023,2502412,0
42.6266,4,42624108041,2502412,0
42.6343,4,42631761059,2502412,0
42.6394,4,42636848071,2502412,0
42.6446,4,42644492089,73000,1
42.6447,4,42644626089,73000,1
42.6808,4,42678250573,2502412,0
42.6884,4,42685849591,2502412,0
42.6909,4,42688379003,2502412,0
42.696,4,42693466015,2502412,0
42.6987,4,42698589027,73000,1
42.6987,4,42698662027,73000,1
42.7039,4,42701380033,2502412,0
42.7093,4,42706770451,2502412,0
42.7195,4,42716962475,2502412,0
42.7245,4,42722040487,2502412,0
42.7271,4,42724578899,2502412,0
42.7347,4,42732186917,2502412,0
42.7374,4,42737318929,73000,1
42.745,4,42742530941,2502412,0
42.7578,4,42755270971,2502412,0
42.763,4,42762968989,73000,1
42.7812,4,42778712431,2502412,0
42.7863,4,42783781443,2502412,0
42.7939,4,42791380461,2502412,0
42.7964,4,42793918873,2502412,0
42.8015,4,42799014885,2502412,0
42.812,4,42809510909,2502412,0
42.8197,4,42817217927,2502412,0
42.8273,4,42824843945,2502412,0
42.835,4,42832505963,2502412,0
42.8427,4,42840158981,2502412,0
42.8477,4,42845236993,2502412,0
42.8579,4,42855420017,2502412,0
42.8605,4,42857976429,2502412,0
42.8656,4,42863081441,2502412,0
42.8761,4,42873576871,2502412,0
42.8788,4,42878726883,73000,1
42.8966,4,42894121919,2502412,0
42.9043,4,42901783937,2502412,0
42.9098,4,42909758955,73000,1
42.9149,4,42912413961,2502412,0
42.9201,4,42920057979,73000,1
42.9381,4,42938055021,73000,1
42.9535,4,42953459057,73000,1
42.9795,4,42979439523,73000,1
42.9999,4,42997400565,2502412,0
43.013,4,43010453595,2502412,0
43.0232,4,43020654619,2502412,0
43.0258,4,43025768631,73000,1
43.0437,4,43041190667,2502412,0
43.0564,4,43053921697,2502412,0
43.0666,4,43064131721,2502412,0
43.0717,4,43069200733,2502412,0
43.0742,4,43071739145,2502412,0
43.0744,4,43074286557,73000,1
43.0849,4,43082350575,2502412,0
43.0951,4,43092551599,2502412,0
43.1003,4,43100249617,73000,1
43.1105,4,43108018635,2502412,0
43.1236,4,43121080665,2502412,0
43.1288,4,43128724683,73000,1
43.1339,4,43131388689,2502412,0
43.1365,4,43136448701,73000,1
43.1493,4,43146792725,2502412,0
43.1544,4,43151861737,2502412,0
43.1645,4,43162035761,2502412,0
43.1697,4,43167149773,2502412,0
43.1799,4,43177368797,2502412,0
43.1878,4,43185334221,2502412,0
43.1905,4,43190394233,73000,1
43.1956,4,43193058239,2502412,0
43.1981,4,43195587651,2502412,0
43.2008,4,43200701663,73000,1
43.2164,4,43213897693,2502412,0
43.2291,4,43226628723,2502412,0
43.2419,4,43239368753,2502412,0
43.2444,4,43241898165,2502412,0
43.2469,4,43244436577,2502412,0
43.2597,4,43257176607,2502412,0
43.2623,4,43259751019,2502412,0
43.2648,4,43262298431,2502412,0
43.2699,4,43267367443,2502412,0
43.28,4,43277541467,2502412,0
43.2855,4,43283012885,2502412,0
43.2906,4,43288081897,2502412,0
43.2932,4,43293159909,73000,1
43.2958,4,43293275909,2502412,0
43.3034,4,43300946927,2502412,0
43.3036,4,43303485339,73000,1
43.3218,4,43319247969,2502412,0
43.3345,4,43331978999,2502412,0
43.3472,4,43344728029,2502412,0
43.3498,4,43347266441,2502412,0
43.36,4,43357449465,2502412,0
43.3625,4,43359978877,2502412,0
43.365,4,43362508289,2502412,0
43.3703,4,43370188307,73000,1
43.3755,4,43375445319,73000,1
43.3831,4,43380639331,2502412,0
43.3962,4,43393700767,2502412,0
43.409,4,43406449797,2502412,0
43.4115,4,43408988209,2502412,0
43.4245,4,43422005239,2502412,0
43.4322,4,43429712257,2502412,0
43.445,4,43442461287,2502412,0
43.4476,4,43447548299,73000,1
43.4605,4,43460458329,73000,1
43.494,4,43491507807,2502412,0
43.5016,4,43499133825,2502412,0
43.5144,4,43511882855,2502412,0
43.5225,4,43522405879,73000,1
43.5252,4,43525096885,73000,1
43.5583,4,43555824957,2502412,0
43.5685,4,43566007981,2502412,0
43.571,4,43568537393,2502412,0
43.5812,4,43578747417,2502412,0
43.589,4,43588957441,73000,1
43.5945,4,43591951853,2502412,0
43.6046,4,43602125877,2502412,0
43.6073,4,43607239889,73000,1
43.6252,4,43622652925,2502412,0
43.6306,4,43628052343,2502412,0
43.6407,4,43638217367,2502412,0
43.6458,4,43643322379,2502412,0
43.6561,4,43653550403,2502412,0
43.6637,4,43661194421,2502412,0
43.6713,4,43668829439,2502412,0
43.6715,4,43671385851,73000,1
43.6816,4,43679146463,2502412,0
43.6842,4,43681684875,2502412,0
43.6893,4,43686771887,2502412,0
43.6948,4,43694701311,73000,1
43.6973,4,43694790311,2502412,0
43.6999,4,43697355723,2502412,0
43.7126,4,43710095753,2502412,0
43.7153,4,43715245765,73000,1
43.736,4,43733546807,2502412,0
43.7411,4,43738624819,2502412,0
43.7539,4,43751373849,2502412,0
43.7564,4,43753903261,2502412,0
43.764,4,43761529279,2502412,0
43.7717,4,43769173297,2502412,0
43.7718,4,43771747709,73000,1
43.777,4,43776969315,73000,1
43.8132,4,43813159805,73000,1
43.8647,4,43864665925,73000,1
43.9573,4,43954776541,2502412,0
43.97,4,43967525571,2502412,0
43.9751,4,43972621583,2502412,0
43.9853,4,43982831607,2502412,0
43.9981,4,43995571637,2502412,0
44.0086,4,44006094067,2502412,0
44.0138,4,44013765085,73000,1
44.0291,4,44026630115,2502412,0
44.0292,4,44029168527,73000,1
44.0448,4,44042347151,2502412,0
44.045,4,44044894563,73000,1
44.0603,4,44057751187,2502412,0
44.0629,4,44062856199,73000,1
44.0731,4,44070616217,2502412,0
44.0809,4,44080817241,73000,1
44.0912,4,44091152265,73000,1
44.1324,4,44129863761,2502412,0
44.1375,4,44134950773,2502412,0
44.148,4,44145464203,2502412,0
44.153,4,44150542215,2502412,0
44.1583,4,44158195233,73000,1
44.1712,4,44171105263,73000,1
44.1865,4,44183952293,2502412,0
44.1941,4,44191596311,2502412,0
44.2017,4,44199204329,2502412,0
44.2097,4,44207196753,2502412,0
44.2098,4,44209735165,73000,1
44.2149,4,44212354765,2502412,0
44.2201,4,44220052783,73000,1
44.2304,4,44230360807,73000,1
44.2486,4,44246095843,2502412,0
44.2562,4,44253730861,2502412,0
44.2639,4,44261392879,2502412,0
44.2766,4,44274132909,2502412,0
44.2869,4,44284351933,2502412,0
44.297,4,44294543957,2502412,0
44.3101,4,44307587393,2502412,0
44.3127,4,44310152805,2502412,0
44.3177,4,44315239817,2502412,0
44.3279,4,44325431841,2502412,0
44.3305,4,44327961253,2502412,0
44.3435,4,44341014283,2502412,0
44.3487,4,44346155295,2502412,0
44.3588,4,44356338319,2502412,0
44.3639,4,44361434331,2502412,0
44.369,4,44366530343,2502412,0
44.3691,4,44369068755,73000,1
44.3794,4,44376856367,2502412,0
44.3896,4,44387057391,2502412,0
44.3998,4,44397258415,2502412,0
44.4074,4,44404911433,2502412,0
44.4179,4,44415424863,2502412,0
44.4307,4,44428173893,2502412,0
44.4409,4,44438374917,2502412,0
44.441,4,44440913329,73000,1
44.4515,4,44448968941,2502412,0
44.4516,4,44451543353,73000,1
44.4541,4,44451616353,2502412,0
44.4592,4,44456712365,2502412,0
44.4668,4,44464329383,2502412,0
44.4745,4,44471991401,2502412,0
44.4821,4,44479635419,2502412,0
44.4898,4,44487297437,2502412,0
44.4975,4,44494950455,2502412,0
44.5051,4,44502594473,2502412,0
44.5127,4,44510220491,2502412,0
44.5132,4,44513108497,73000,1
44.5234,4,44520886515,2502412,0
44.5285,4,44525955527,2502412,0
44.531,4,44528484939,2502412,0
44.5412,4,44538649963,2502412,0
44.5463,4,44543799975,2502412,0
44.5568,4,44554295405,2502412,0
44.5645,4,44561957423,2502412,0
44.5671,4,44567035435,73000,1
44.5799,4,44577361459,2502412,0
44.5875,4,44585014477,2502412,0
44.5928,4,44592685495,73000,1
44.5978,4,44595331501,2502412,0
44.608,4,44605532525,2502412,0
44.6132,4,44613167543,73000,1
44.6315,4,44631476991,73000,1
44.6494,4,44646917027,2502412,0
44.6573,4,44654828451,2502412,0
44.66,4,44659942463,73000,1
44.6676,4,44665145475,2502412,0
44.6754,4,44675346499,73000,1
44.6882,4,44685681523,2502412,0
44.6934,4,44693334541,73000,1
44.7138,4,44711304583,2502412,0
44.7243,4,44721818013,2502412,0
44.7345,4,44731992037,2502412,0
44.7423,4,44742211061,73000,1
44.7424,4,44742345061,73000,1
44.7835,4,44781039151,2502412,0
44.7912,4,44788692169,2502412,0
44.799,4,44798911193,73000,1
44.8066,4,44804096205,2502412,0
44.8193,4,44816845235,2502412,0
44.8273,4,44824820253,2502412,0
44.8349,4,44832437271,2502412,0
44.8375,4,44834993683,2502412,0
44.8427,4,44842655701,73000,1
44.8584,4,44855860731,2502412,0
44.8711,4,44868564761,2502412,0
44.8738,4,44873705773,73000,1
44.8865,4,44884031797,2502412,0
44.8943,4,44894223821,73000,1
44.9071,4,44904549845,2502412,0
44.9123,4,44912184863,73000,1
44.9124,4,44912282863,73000,1
44.9358,4,44935679323,73000,1
44.959,4,44956501371,2502412,0
44.9717,4,44969241401,2502412,0
44.9719,4,44971824813,73000,1
44.977,4,44974471413,2502412,0
44.9846,4,44982097431,2502412,0
44.9847,4,44984644843,73000,1
44.9872,4,44984725437,2502412,0
44.9923,4,44989812449,2502412,0
44.9999,4,44997447467,2502412,0
45.0076,4,45005145485,2502412,0
45.0204,4,45017885515,2502412,0
45.0205,4,45020450927,73000,1
45.026,4,45025966939,73000,1
45.0698,4,45067254035,2502412,0
45.0774,4,45074889053,2502412,0
45.0901,4,45087611083,2502412,0
45.0927,4,45090149495,2502412,0
45.0952,4,45092705907,2502412,0
45.0979,4,45097792919,73000,1
45.1055,4,45102968931,2502412,0
45.1081,4,45105561343,2502412,0
45.1208,4,45118310373,2502412,0
45.1339,4,45131371809,2502412,0
45.134,4,45133937221,73000,1
45.1391,4,45136565821,2502412,0
45.1467,4,45144218839,2502412,0
45.1544,4,45151862857,2502412,0
45.1649,4,45162394881,2502412,0
45.17,4,45167481893,2502412,0
45.1802,4,45177673917,2502412,0
45.1829,4,45182796929,73000,1
45.1982,4,45195670959,2502412,0
45.2008,4,45200757971,73000,1
45.211,4,45208508989,2502412,0
45.2137,4,45213614001,73000,1
45.2318,4,45229339443,2502412,0
45.242,4,45239513467,2502412,0
45.2446,4,45242051879,2502412,0
45.2497,4,45247147891,2502412,0
45.2548,4,45254773909,73000,1
45.2625,4,45260030921,2502412,0
45.2705,4,45267951345,2502412,0
45.273,4,45270507757,2502412,0
45.2781,4,45275567769,2502412,0
45.2831,4,45280645781,2502412,0
45.2908,4,45288343799,2502412,0
45.2959,4,45293403811,2502412,0
45.3061,4,45303613835,2502412,0
45.3063,4,45306188247,73000,1
45.3165,4,45313957859,2502412,0
45.319,4,45316496271,2502412,0
45.3317,4,45329236301,2502412,0
45.3448,4,45342289331,2502412,0
45.3474,4,45344863743,2502412,0
45.355,4,45352498761,2502412,0
45.3626,4,45360097779,2502412,0
45.3706,4,45368099797,2502412,0
45.3731,4,45370647209,2502412,0
45.3808,4,45378273227,2502412,0
45.3884,4,45385935245,2502412,0
45.3987,4,45396163269,2502412,0
45.4088,4,45406328293,2502412,0
45.4141,4,45414026311,73000,1
45.4217,4,45419220323,2502412,0
45.4269,4,45426855341,73000,1
45.427,4,45426971341,73000,1
45.4296,4,45427060341,2502412,0
45.4401,4,45437555771,2502412,0
45.4528,4,45450295801,2502412,0
45.4554,4,45452861213,2502412,0
45.463,4,45460505231,2502412,0
45.4631,4,45463034643,73000,1
45.4813,4,45478815273,2502412,0
45.4915,4,45488980297,2502412,0
45.4966,4,45494076309,2502412,0
45.4967,4,45496623721,73000,1
45.5043,4,45501782327,2502412,0
45.5094,4,45506896339,2502412,0
45.5119,4,45509425751,2502412,0
45.5145,4,45511955163,2502412,0
45.5247,4,45522174187,2502412,0
45.5323,4,45529845205,2502412,0
45.5349,4,45532374617,2502412,0
45.5428,4,45540313041,2502412,0
45.5505,4,45547957059,2502412,0
45.553,4,45550486471,2502412,0
45.5607,4,45558157489,2502412,0
45.5683,4,45565801507,2502412,0
45.5709,4,45568366919,2502412,0
45.5814,4,45578880349,2502412,0
45.5916,4,45589090373,2502412,0
45.5967,4,45594159385,2502412,0
45.6069,4,45604360409,2502412,0
45.612,4,45609483421,2502412,0
45.6171,4,45614552433,2502412,0
45.6247,4,45622196451,2502412,0
45.6324,4,45629876469,2502412,0
45.635,4,45634945481,73000,1
45.6375,4,45635025481,2502412,0
45.6401,4,45637563893,2502412,0
45.6482,4,45648095917,73000,1
45.6609,4,45658439941,2502412,0
45.6687,4,45668631965,73000,1
45.6712,4,45668711965,2502412,0
45.6768,4,45676713389,73000,1
45.6948,4,45694710431,73000,1
45.7305,4,45727986509,2502412,0
45.7381,4,45735630527,2502412,0
45.7487,4,45746152957,2502412,0
45.7588,4,45756344981,2502412,0
45.759,4,45758883393,73000,1
45.764,4,45761538993,2502412,0
45.7642,4,45764077405,73000,1
45.7798,4,45777256029,2502412,0
45.7823,4,45779785441,2502412,0
45.7824,4,45782332853,73000,1
45.7849,4,45782413447,2502412,0
45.785,4,45784951859,73000,1
45.7954,4,45795323477,73000,1
45.8313,4,45831183561,73000,1
45.9161,4,45913641159,2502412,0
45.9238,4,45921276177,2502412,0
45.9314,4,45928929195,2502412,0
45.9416,4,45939121219,2502412,0
45.9443,4,45944235231,73000,1
45.9444,4,45944308231,73000,1
45.9469,4,45944388231,2502412,0
45.96,4,45957450261,2502412,0
45.9651,4,45962573273,2502412,0
45.9752,4,45972729297,2502412,0
45.9778,4,45975285709,2502412,0
45.9858,4,45983251727,2502412,0
45.9934,4,45990931745,2502412,0
46.0062,4,46003653775,2502412,0
46.0087,4,46006192187,2502412,0
46.0164,4,46013854205,2502412,0
46.024,4,46021507223,2502412,0
46.0317,4,46029169241,2502412,0
46.0343,4,46034238253,73000,1
46.0369,4,46034363253,2502412,0
46.0446,4,46044555277,73000,1
46.0471,4,46044644277,2502412,0
46.0552,4,46055166707,73000,1
46.0705,4,46068042737,2502412,0
46.0782,4,46075686755,2502412,0
46.0863,4,46083759773,2502412,0
46.0888,4,46086298185,2502412,0
46.0964,4,46093924203,2502412,0
46.1092,4,46106673233,2502412,0
46.1194,4,46116874257,2502412,0
46.1219,4,46119412669,2502412,0
46.127,4,46124517681,2502412,0
46.1321,4,46129586693,2502412,0
46.1322,4,46132125105,73000,1
46.1372,4,46134744705,2502412,0
46.1398,4,46137283117,2502412,0
46.1475,4,46144954135,2502412,0
46.1554,4,46152928559,2502412,0
46.1605,4,46158024571,2502412,0
46.1707,4,46168225595,2502412,0
46.176,4,46175923613,73000,1
46.1811,4,46178569619,2502412,0
46.1865,4,46183960631,2502412,0
46.1866,4,46186499043,73000,1
46.1995,4,46199391667,73000,1
46.2224,4,46219909715,2502412,0
46.2225,4,46222448127,73000,1
46.2353,4,46232756745,2502412,0
46.2455,4,46242957769,2502412,0
46.2505,4,46248017781,2502412,0
46.253,4,46250547193,2502412,0
46.2636,4,46261079217,2502412,0
46.2687,4,46266148229,2502412,0
46.2738,4,46271271241,2502412,0
46.2814,4,46278924259,2502412,0
46.2895,4,46289465283,73000,1
46.305,4,46304923319,73000,1
46.333,4,46330546379,2502412,0
46.3408,4,46340738403,73000,1
46.3433,4,46340818403,2502412,0
46.3459,4,46343365815,2502412,0
46.351,4,46348452827,2502412,0
46.3614,4,46358930257,2502412,0
46.3667,4,46366628275,73000,1
46.3718,4,46369274281,2502412,0
46.3796,4,46379484305,73000,1
46.3898,4,46387253323,2502412,0
46.4028,4,46400296759,2502412,0
46.4105,4,46407949777,2502412,0
46.4207,4,46418168801,2502412,0
46.4257,4,46423246813,2502412,0
46.4283,4,46425785225,2502412,0
46.4385,4,46435968249,2502412,0
46.4436,4,46441073261,2502412,0
46.4461,4,46443602673,2502412,0
46.4563,4,46453803697,2502412,0
46.4617,4,46459230115,2502412,0
46.4643,4,46461759527,2502412,0
46.4744,4,46471933551,2502412,0
46.4796,4,46477056563,2502412,0
46.4821,4,46479594975,2502412,0
46.4923,4,46489768999,2502412,0
46.4977,4,46495186417,2502412,0
46.5002,4,46497724829,2502412,0
46.5029,4,46502820841,73000,1
46.5054,4,46502909841,2502412,0
46.5105,4,46507978853,2502412,0
46.5156,4,46513119865,2502412,0
46.5232,4,46520745883,2502412,0
46.5234,4,46523293295,73000,1
46.5285,4,46525975895,2502412,0
46.5412,4,46538724925,2502412,0
46.5489,4,46546377943,2502412,0
46.5565,4,46554039961,2502412,0
46.5696,4,46567101397,2502412,0
46.5723,4,46572197409,73000,1
46.5876,4,46585062439,2502412,0
46.6006,4,46598124469,2502412,0
46.6134,4,46610873499,2502412,0
46.6236,4,46621092523,2502412,0
46.6288,4,46628763541,73000,1
46.639,4,46636532559,2502412,0
46.6391,4,46639061971,73000,1
46.6467,4,46644247577,2502412,0
46.657,4,46654448601,2502412,0
46.6596,4,46659562613,73000,1
46.6676,4,46665078031,2502412,0
46.6778,4,46675261055,2502412,0
46.6854,4,46682914073,2502412,0
46.6905,4,46687992085,2502412,0
46.701,4,46698533109,2502412,0
46.7037,4,46703638121,73000,1
46.7114,4,46708850133,2502412,0
46.7241,4,46721590163,2502412,0
46.7343,4,46731782187,2502412,0
46.737,4,46736896199,73000,1
46.7446,4,46742063211,2502412,0
46.7548,4,46752282235,2502412,0
46.7599,4,46757378247,2502412,0
46.76,4,46759907659,73000,1
46.7807,4,46778217701,2502412,0
46.7884,4,46785870719,2502412,0
46.7986,4,46796062743,2502412,0
46.8116,4,46809115179,2502412,0
46.8141,4,46811644591,2502412,0
46.8243,4,46821836615,2502412,0
46.8295,4,46826950627,2502412,0
46.8371,4,46834594645,2502412,0
46.8448,4,46842256663,2502412,0
46.8473,4,46844795075,2502412,0
46.8575,4,46854987099,2502412,0
46.8625,4,46860047111,2502412,0
46.8651,4,46862630523,2502412,0
46.8782,4,46875673959,2502412,0
46.8808,4,46878248371,2502412,0
46.8935,4,46890997401,2502412,0
46.8961,4,46893553813,2502412,0
46.8987,4,46898640825,73000,1
46.9145,4,46914411861,73000,1
46.9528,4,46950253945,2502412,0
46.9529,4,46952783357,73000,1
46.9632,4,46963127975,73000,1
46.9813,4,46978844417,2502412,0
46.989,4,46986470435,2502412,0
46.9915,4,46988999847,2502412,0
46.9991,4,46996607865,2502412,0
47.0017,4,46999155277,2502412,0
47.0096,4,47007130295,2502412,0
47.0123,4,47012226307,73000,1
47.02,4,47017456319,2502412,0
47.0201,4,47020021731,73000,1
47.0252,4,47022650331,2502412,0
47.0328,4,47030294349,2502412,0
47.043,4,47040513373,2502412,0
47.0457,4,47045618385,73000,1
47.0507,4,47048228391,2502412,0
47.0533,4,47050757803,2502412,0
47.0635,4,47060967827,2502412,0
47.0687,4,47068656845,73000,1
47.0895,4,47086948293,2502412,0
47.1022,4,47099679323,2502412,0
47.1076,4,47105088335,2502412,0
47.1178,4,47115280359,2502412,0
47.1254,4,47122942377,2502412,0
47.1307,4,47130613395,73000,1
47.1409,4,47138382413,2502412,0
47.1536,4,47151113443,2502412,0
47.1664,4,47163862473,2502412,0
47.1745,4,47174393903,73000,1
47.1847,4,47182153921,2502412,0
47.1872,4,47184683333,2502412,0
47.1999,4,47197405363,2502412,0
47.205,4,47202519375,2502412,0
47.2051,4,47205075787,73000,1
47.2157,4,47213167399,2502412,0
47.2183,4,47218263411,73000,1
47.226,4,47223457423,2502412,0
47.2337,4,47233658447,73000,1
47.2363,4,47233756447,2502412,0
47.249,4,47246505477,2502412,0
47.2541,4,47251610489,2502412,0
47.2643,4,47261793513,2502412,0
47.2719,4,47269446531,2502412,0
47.2801,4,47279986961,73000,1
47.2929,4,47292860991,73000,1
47.3291,4,47329034075,73000,1
47.3752,4,47375131183,73000,1
47.5476,4,47545053391,2502412,0
47.5477,4,47547609803,73000,1
47.5681,4,47565571439,2502412,0
47.5706,4,47568100851,2502412,0
47.5757,4,47573187863,2502412,0
47.5862,4,47583716003,2502412,0
47.5913,4,47588812015,2502412,0
47.5989,4,47596447033,2502412,0
47.6066,4,47604118051,2502412,0
47.6092,4,47606656463,2502412,0
47.6118,4,47611734475,73000,1
47.6275,4,47624957505,2502412,0
47.6377,4,47635149529,2502412,0
47.6427,4,47640209541,2502412,0
47.6478,4,47645314553,2502412,0
47.6555,4,47652958571,2502412,0
47.6582,4,47658081583,73000,1
47.6658,4,47663302595,2502412,0
47.6785,4,47676033625,2502412,0
47.6837,4,47681147637,2502412,0
47.6892,4,47689086061,73000,1
47.7045,4,47701987091,2502412,0
47.7172,4,47714736121,2502412,0
47.7303,4,47727798151,2502412,0
47.733,4,47732912163,73000,1
47.7432,4,47740663181,2502412,0
47.7533,4,47750837205,2502412,0
47.7636,4,47761056229,2502412,0
47.7686,4,47766116241,2502412,0
47.7713,4,47771248253,73000,1
47.7868,4,47786706289,73000,1
47.8151,4,47812641755,2502412,0
47.8228,4,47820276773,2502412,0
47.8358,4,47833338209,2502412,0
47.8409,4,47838434221,2502412,0
47.8486,4,47846069239,2502412,0
47.8537,4,47851174251,2502412,0
47.8639,4,47861393275,2502412,0
47.8666,4,47866498287,73000,1
47.887,4,47884468329,2502412,0
47.8975,4,47894972759,2502412,0
47.9053,4,47905182783,73000,1
47.9257,4,47923170825,2502412,0
47.9336,4,47931109249,2502412,0
47.9337,4,47933656661,73000,1
47.9388,4,47936276261,2502412,0
47.9439,4,47941381273,2502412,0
47.949,4,47946468285,2502412,0
47.9592,4,47956660309,2502412,0
47.9643,4,47961801321,2502412,0
47.9745,4,47971993345,2502412,0
47.9872,4,47984733375,2502412,0
47.9898,4,47987289787,2502412,0
47.9925,4,47992385799,73000,1
48.0081,4,48005572235,2502412,0
48.0208,4,48018321265,2502412,0
48.0259,4,48023426277,2502412,0
48.0364,4,48033922301,2502412,0
48.0415,4,48039027313,2502412,0
48.0442,4,48044123325,73000,1
48.0518,4,48049308337,2502412,0
48.0571,4,48056979355,73000,1
48.0725,4,48072437391,73000,1
48.0983,4,48095797851,2502412,0
48.1034,4,48100902863,2502412,0
48.1085,4,48105962875,2502412,0
48.1187,4,48116154899,2502412,0
48.1238,4,48121259911,2502412,0
48.1343,4,48131800935,2502412,0
48.1445,4,48141992959,2502412,0
48.1496,4,48147106971,2502412,0
48.1574,4,48157307995,73000,1
48.1778,4,48175296037,2502412,0
48.1905,4,48188036067,2502412,0
48.1958,4,48195707085,73000,1
48.2139,4,48211441527,2502412,0
48.2241,4,48221624551,2502412,0
48.2322,4,48232147575,73000,1
48.2347,4,48232227575,2502412,0
48.2373,4,48234765987,2502412,0
48.2398,4,48237295399,2502412,0
48.2476,4,48247487423,73000,1
48.2579,4,48257858447,73000,1
48.2707,4,48268157471,2502412,0
48.2834,4,48280888501,2502412,0
48.2859,4,48283426913,2502412,0
48.2886,4,48288540925,73000,1
48.2962,4,48293743937,2502412,0
48.3043,4,48304266367,73000,1
48.3069,4,48304382367,2502412,0
48.3196,4,48317131397,2502412,0
48.3247,4,48322209409,2502412,0
48.3349,4,48332392433,2502412,0
48.343,4,48342932863,73000,1
48.3533,4,48353276887,73000,1
48.3942,4,48391684977,2502412,0
48.4018,4,48399301995,2502412,0
48.4098,4,48407267419,2502412,0
48.415,4,48414920437,73000,1
48.4277,4,48425237461,2502412,0
48.4328,4,48430315473,2502412,0
48.4433,4,48440829497,2502412,0
48.4484,4,48445934509,2502412,0
48.4561,4,48453560527,2502412,0
48.4611,4,48458647539,2502412,0
48.4663,4,48463752551,2502412,0
48.4739,4,48471396569,2502412,0
48.479,4,48476483581,2502412,0
48.4841,4,48481588593,2502412,0
48.4892,4,48486666605,2502412,0
48.4968,4,48494301623,2502412,0
48.4993,4,48496840035,2502412,0
48.5044,4,48501909047,2502412,0
48.507,4,48504456459,2502412,0
48.5149,4,48512422477,2502412,0
48.52,4,48517500489,2502412,0
48.5227,4,48522668501,73000,1
48.5435,4,48540978543,2502412,0
48.5562,4,48553709573,2502412,0
48.5613,4,48558823585,2502412,0
48.5715,4,48569015609,2502412,0
48.5817,4,48579207633,2502412,0
48.5842,4,48581737045,2502412,0
48.592,4,48591947069,73000,1
48.5946,4,48592072069,2502412,0
48.6073,4,48604794099,2502412,0
48.6098,4,48607332511,2502412,0
48.6128,4,48612759523,73000,1
48.623,4,48620546541,2502412,0
48.6231,4,48623075953,73000,1
48.6333,4,48630800565,2502412,0
48.6384,4,48635923577,2502412,0
48.6463,4,48643844595,2502412,0
48.654,4,48651497613,2502412,0
48.6593,4,48659177631,73000,1
48.672,4,48669494655,2502412,0
48.6847,4,48682225685,2502412,0
48.6873,4,48684773097,2502412,0
48.6975,4,48694956121,2502412,0
48.7025,4,48700025133,2502412,0
48.7077,4,48705166145,2502412,0
48.7182,4,48715661575,2502412,0
48.7183,4,48718226987,73000,1
48.7184,4,48718343581,73000,1
48.7235,4,48720953587,2502412,0
48.7286,4,48726067599,2502412,0
48.7337,4,48731154611,2502412,0
48.7363,4,48736223623,73000,1
48.7414,4,48738905629,2502412,0
48.7545,4,48751967659,2502412,0
48.7672,4,48764716689,2502412,0
48.7697,4,48767246101,2502412,0
48.78,4,48777456125,2502412,0
48.785,4,48782525137,2502412,0
48.7852,4,48785108549,73000,1
48.7877,4,48785181549,2502412,0
48.7878,4,48787728961,73000,1
48.7905,4,48790384561,73000,1
48.8164,4,48816374027,73000,1
48.8653,4,48862775135,2502412,0
48.878,4,48875515165,2502412,0
48.8781,4,48878062577,73000,1
48.8782,4,48878143171,73000,1
48.9037,4,48901236225,2502412,0
48.9039,4,48903783637,73000,1
48.9091,4,48908978243,73000,1
48.9248,4,48924730685,73000,1
48.9249,4,48924828685,73000,1
49.0562,4,49056155397,73000,1
49.3648,4,49364709335,73000,1
49.912,4,49909515637,2502412,0
49.9222,4,49919716661,2502412,0
49.9324,4,49929908685,2502412,0
49.9401,4,49937570703,2502412,0
49.9506,4,49948066727,2502412,0
49.9557,4,49953153739,2502412,0
49.9659,4,49963381763,2502412,0
49.9789,4,49976443793,2502412,0
49.9815,4,49978991205,2502412,0
49.9942,4,49991740235,2502412,0
49.9968,4,49994278647,2502412,0
50.0095,4,50007009677,2502412,0
50.0097,4,50009593089,73000,1
50.0251,4,50025024719,73000,1
50.046,4,50045882173,73000,1
50.0947,4,50092247281,2502412,0
50.1024,4,50099900299,2502412,0
50.11,4,50107508317,2502412,0
50.1177,4,50115197335,2502412,0
50.1253,4,50122832353,2502412,0
50.128,4,50127928365,73000,1
50.1305,4,50128017365,2502412,0
50.1381,4,50135634383,2502412,0
50.1458,4,50143305401,2502412,0
50.1563,4,50153837425,2502412,0
50.1665,4,50164029449,2502412,0
50.1742,4,50171691467,2502412,0
50.1821,4,50179621485,2502412,0
50.1847,4,50182159897,2502412,0
50.1899,4,50189839915,73000,1
50.195,4,50192476921,2502412,0
50.1975,4,50195024333,2502412,0
50.2026,4,50200093345,2502412,0
50.2128,4,50210294369,2502412,0
50.2129,4,50212850781,73000,1
50.2155,4,50212949375,2502412,0
50.2232,4,50223168399,73000,1
50.2387,4,50238608435,73000,1
50.2619,4,50259429889,2502412,0
50.2747,4,50272178919,2502412,0
50.2798,4,50277274931,2502412,0
50.2828,4,50282692349,73000,1
50.2904,4,50287913361,2502412,0
50.3006,4,50298087385,2502412,0
50.3057,4,50303174397,2502412,0
50.3082,4,50305721809,2502412,0
50.3134,4,50313347827,73000,1
50.316,4,50313454827,2502412,0
50.321,4,50318541839,2502412,0
50.3287,4,50326194857,2502412,0
50.3314,4,50331299869,73000,1
50.3339,4,50331379869,2502412,0
50.339,4,50336484881,2502412,0
50.3441,4,50341553893,2502412,0
50.352,4,50349537317,2502412,0
50.3598,4,50359765341,73000,1
50.37,4,50367516359,2502412,0
50.3751,4,50372612371,2502412,0
50.3856,4,50383117395,2502412,0
50.3934,4,50393336419,73000,1
50.3959,4,50393425419,2502412,0
50.401,4,50398530431,2502412,0
50.4061,4,50403599443,2502412,0
50.4086,4,50406128855,2502412,0
50.4188,4,50416329879,2502412,0
50.4215,4,50421470891,73000,1
50.4319,4,50431787915,73000,1
50.4628,4,50460289387,2502412,0
50.4704,4,50467915405,2502412,0
50.4806,4,50478107429,2502412,0
50.4857,4,50483230441,2502412,0
50.4861,4,50486072853,73000,1
50.5066,4,50504051895,2502412,0
50.5091,4,50506590307,2502412,0
50.5218,4,50519321337,2502412,0
50.5244,4,50521850749,2502412,0
50.5269,4,50524389161,2502412,0
50.5294,4,50526936573,2502412,0
50.5371,4,50534553591,2502412,0
50.5447,4,50542242609,2502412,0
50.5474,4,50547356621,73000,1
50.5656,4,50563091063,2502412,0
50.5708,4,50570744081,73000,1
50.5759,4,50573381087,2502412,0
50.5784,4,50575919499,2502412,0
50.5836,4,50583563517,73000,1
50.5993,4,50596782027,2502412,0
50.6071,4,50606992051,73000,1
50.6225,4,50622423087,73000,1
50.6611,4,50658595577,2502412,0
50.6637,4,50663673589,73000,1
50.6663,4,50663771589,2502412,0
50.6739,4,50671424607,2502412,0
50.6766,4,50676493619,73000,1
50.6948,4,50692264655,2502412,0
50.7075,4,50705004685,2502412,0
50.7177,4,50715196709,2502412,0
50.7254,4,50722849727,2502412,0
50.7356,4,50733050751,2502412,0
50.7458,4,50743260775,2502412,0
50.7484,4,50748374787,73000,1
50.7616,4,50761570223,73000,1
50.7769,4,50774435253,2502412,0
50.7821,4,50782070271,73000,1
50.8029,4,50800371313,2502412,0
50.8156,4,50813120343,2502412,0
50.8207,4,50818189355,2502412,0
50.8232,4,50820727767,2502412,0
50.8334,4,50830928791,2502412,0
50.8412,4,50841147815,73000,1
50.8591,4,50856596851,2502412,0
50.8721,4,50869640287,2502412,0
50.8798,4,50877266305,2502412,0
50.89,4,50887485329,2502412,0
50.9005,4,50898008353,2502412,0
50.9107,4,50908209377,2502412,0
50.9209,4,50918392401,2502412,0
50.9236,4,50923524413,73000,1
50.9312,4,50928727425,2502412,0
50.944,4,50941467455,2502412,0
50.9567,4,50954216485,2502412,0
50.9644,4,50961878503,2502412,0
50.9749,4,50972392527,2502412,0
50.9776,4,50977506539,73000,1
50.9826,4,50980134545,2502412,0
50.9853,4,50985248557,73000,1
50.9957,4,50995583581,73000,1
51.0087,4,51006186605,2502412,0
51.0214,4,51018935635,2502412,0
51.0215,4,51021474047,73000,1
51.0369,4,51034348671,2502412,0
51.047,4,51044540695,2502412,0
51.0523,4,51052211713,73000,1
51.0573,4,51054821719,2502412,0
51.0599,4,51057378131,2502412,0
51.0625,4,51062474143,73000,1
51.0782,4,51075669579,2502412,0
51.086,4,51085879603,73000,1
51.0885,4,51085952603,2502412,0
51.091,4,51088482015,2502412,0
51.0961,4,51093578027,2502412,0
51.0962,4,51096107439,73000,1
51.1016,4,51099067039,2502412,0
51.1092,4,51106702057,2502412,0
51.1117,4,51109240469,2502412,0
51.1168,4,51114336481,2502412,0
51.127,4,51124537505,2502412,0
51.1347,4,51132217523,2502412,0
51.1372,4,51134746935,2502412,0
51.1449,4,51142354953,2502412,0
51.15,4,51147459965,2502412,0
51.1501,4,51150007377,73000,1
51.1526,4,51150132971,2502412,0
51.1629,4,51160351995,2502412,0
51.1709,4,51170874425,73000,1
51.1862,4,51183739455,2502412,0
51.199,4,51196479485,2502412,0
51.2015,4,51199026897,2502412,0
51.2094,4,51206947321,2502412,0
51.2145,4,51212043333,2502412,0
51.2196,4,51217112345,2502412,0
51.2222,4,51219686757,2502412,0
51.2324,4,51229896781,2502412,0
51.2375,4,51235001793,2502412,0
51.2451,4,51242645811,2502412,0
51.2502,4,51247732823,2502412,0
51.2553,4,51252828835,2502412,0
51.263,4,51260481853,2502412,0
51.2681,4,51265559865,2502412,0
51.2786,4,51276091295,2502412,0
51.2837,4,51281169307,2502412,0
51.2939,4,51291379331,2502412,0
51.299,4,51296466343,2502412,0
51.3069,4,51304432361,2502412,0
51.312,4,51309519373,2502412,0
51.3171,4,51314624385,2502412,0
51.3224,4,51322277403,73000,1
51.3275,4,51324950409,2502412,0
51.3325,4,51330037421,2502412,0
51.3402,4,51337654439,2502412,0
51.3453,4,51342759451,2502412,0
51.3555,4,51352951475,2502412,0
51.358,4,51355480887,2502412,0
51.3682,4,51365699911,2502412,0
51.3762,4,51373674335,2502412,0
51.3864,4,51383866359,2502412,0
51.3916,4,51391555377,73000,1
51.3967,4,51394201383,2502412,0
51.4097,4,51407245413,2502412,0
51.4174,4,51414916431,2502412,0
51.4251,4,51422551449,2502412,0
51.4327,4,51430213467,2502412,0
51.4354,4,51435282479,73000,1
51.443,4,51440530491,2502412,0
51.4482,4,51448165509,73000,1
51.4533,4,51450802515,2502412,0
51.4558,4,51453340927,2502412,0
51.466,4,51463532951,2502412,0
51.4738,4,51473760975,73000,1
51.4819,4,51481851399,73000,1
51.505,4,51504944453,73000,1
51.564,4,51561537585,2502412,0
51.5691,4,51566624597,2502412,0
51.5692,4,51569154009,73000,1
51.5874,4,51584916045,2502412,0
51.5976,4,51595081069,2502412,0
51.6001,4,51597619481,2502412,0
51.6052,4,51602679493,2502412,0
51.6077,4,51605217905,2502412,0
51.6182,4,51615713929,2502412,0
51.6234,4,51620881941,2502412,0
51.6336,4,51631064965,2502412,0
51.6387,4,51636178977,2502412,0
51.6488,4,51646344001,2502412,0
51.6565,4,51654015019,2502412,0
51.6618,4,51661686037,73000,1
51.6668,4,51664323043,2502412,0
51.6796,4,51677072073,2502412,0
51.685,4,51682481085,2502412,0
51.6901,4,51687568097,2502412,0
51.7003,4,51697760121,2502412,0
51.7054,4,51702856133,2502412,0
51.7159,4,51713379157,2502412,0
51.7235,4,51721032175,2502412,0
51.7286,4,51726110187,2502412,0
51.7362,4,51733745205,2502412,0
51.7439,4,51741425223,2502412,0
51.7516,4,51749087241,2502412,0
51.7592,4,51756731259,2502412,0
51.7669,4,51764357277,2502412,0
51.7694,4,51766904689,2502412,0
51.7772,4,51777105713,73000,1
51.7852,4,51782666131,2502412,0
51.7979,4,51795388161,2502412,0
51.8081,4,51805607185,2502412,0
51.8132,4,51810703197,2502412,0
51.8211,4,51818633215,2502412,0
51.8288,4,51826295233,2502412,0
51.8364,4,51833921251,2502412,0
51.8417,4,51841619269,73000,1
51.8469,4,51846840281,73000,1
51.875,4,51872463341,2502412,0
51.8826,4,51880107359,2502412,0
51.8907,4,51890629789,73000,1
51.9085,4,51906042825,2502412,0
51.9216,4,51919095855,2502412,0
51.9242,4,51921652267,2502412,0
51.9243,4,51924181679,73000,1
51.9269,4,51926837279,73000,1
51.9524,4,51949921333,2502412,0
51.955,4,51952450745,2502412,0
51.9677,4,51965181775,2502412,0
51.9728,4,51970313787,2502412,0
51.983,4,51980487811,2502412,0
51.9855,4,51983026223,2502412,0
51.991,4,51988452641,2502412,0
51.996,4,51993530653,2502412,0
52.0037,4,52001174671,2502412,0
52.0089,4,52008872689,73000,1
52.0166,4,52014075701,2502412,0
52.0271,4,52024580725,2502412,0
52.0373,4,52034772749,2502412,0
52.0425,4,52042443767,73000,1
52.0629,4,52060431809,2502412,0
52.0707,4,52070623833,73000,1
52.0732,4,52070721833,2502412,0
52.0758,4,52073251245,2502412,0
52.0859,4,52083425269,2502412,0
52.0911,4,52088548281,2502412,0
52.0966,4,52096487299,73000,1
52.1119,4,52109397329,2502412,0
52.1246,4,52122137359,2502412,0
52.1251,4,52124997771,73000,1
52.1301,4,52127625777,2502412,0
52.1352,4,52132712789,2502412,0
52.1403,4,52137790801,2502412,0
52.1479,4,52145443819,2502412,0
52.153,4,52150521831,2502412,0
52.1556,4,52153051243,2502412,0
52.1582,4,52158174255,73000,1
52.1635,4,52163431267,73000,1
52.197,4,52194471745,2502412,0
52.2021,4,52199567757,2502412,0
52.2148,4,52212307787,2502412,0
52.2174,4,52214864199,2502412,0
52.2304,4,52227917229,2502412,0
52.2306,4,52230482641,73000,1
52.2408,4,52238252253,2502412,0
52.2509,4,52248435277,2502412,0
52.2587,4,52258645301,73000,1
52.2612,4,52258718301,2502412,0
52.2663,4,52263823313,2502412,0
52.2714,4,52268892325,2502412,0
52.2816,4,52279111349,2502412,0
52.2841,4,52281640761,2502412,0
52.2892,4,52286709773,2502412,0
52.2943,4,52291796785,2502412,0
52.2972,4,52294648791,2502412,0
52.2973,4,52297178203,73000,1
52.3075,4,52304992815,2502412,0
52.3151,4,52312636833,2502412,0
52.3253,4,52322846857,2502412,0
52.3358,4,52333342881,2502412,0
52.3435,4,52341004899,2502412,0
52.3512,4,52348657917,2502412,0
52.3588,4,52356283935,2502412,0
52.364,4,52363972953,73000,1
52.3691,4,52366600959,2502412,0
52.3717,4,52369148371,2502412,0
52.3818,4,52379340395,2502412,0
52.3896,4,52389568419,73000,1
52.4054,4,52405311861,73000,1
52.4232,4,52420733897,2502412,0
52.4337,4,52431220921,2502412,0
52.4439,4,52441421945,2502412,0
52.4516,4,52449074963,2502412,0
52.4517,4,52451622375,73000,1
52.4569,4,52456843981,73000,1
52.4952,4,52492713065,2502412,0
52.5003,4,52497773077,2502412,0
52.5108,4,52508269101,2502412,0
52.5159,4,52513365113,2502412,0
52.5211,4,52521027131,73000,1
52.5262,4,52523709137,2502412,0
52.5313,4,52528796149,2502412,0
52.5418,4,52539274173,2502412,0
52.5469,4,52544397185,2502412,0
52.552,4,52549466197,2502412,0
52.5596,4,52557128215,2502412,0
52.5647,4,52562197227,2502412,0
52.5672,4,52564726639,2502412,0
52.5723,4,52569822651,2502412,0
52.5724,4,52572352063,73000,1
52.5878,4,52585289687,2502412,0
52.598,4,52595472711,2502412,0
52.6031,4,52600550723,2502412,0
52.6136,4,52611055747,2502412,0
52.6212,4,52618735765,2502412,0
52.634,4,52631484795,2502412,0
52.642,4,52639450813,2502412,0
52.6497,4,52649660837,73000,1
52.6523,4,52649767837,2502412,0
52.6548,4,52652297249,2502412,0
52.6599,4,52657366261,2502412,0
52.6701,4,52667594285,2502412,0
52.6777,4,52675238303,2502412,0
52.6828,4,52680307315,2502412,0
52.6905,4,52687951333,2502412,0
52.693,4,52690489745,2502412,0
52.6981,4,52695567757,2502412,0
52.7032,4,52700654769,2502412,0
52.7111,4,52708620193,2502412,0
52.7188,4,52716309211,2502412,0
52.7239,4,52721396223,2502412,0
52.729,4,52726465235,2502412,0
52.7342,4,52734136253,73000,1
52.7499,4,52747350283,2502412,0
52.7549,4,52752437295,2502412,0
52.7677,4,52765186325,2502412,0
52.7753,4,52772812343,2502412,0
52.7779,4,52775350755,2502412,0
52.7829,4,52780428767,2502412,0
52.7931,4,52790620791,2502412,0
52.7933,4,52793204203,73000,1
52.7958,4,52793277203,2502412,0
52.7983,4,52795815615,2502412,0
52.8088,4,52806329045,2502412,0
52.8191,4,52816557069,2502412,0
52.8269,4,52826785093,73000,1
52.8371,4,52834554111,2502412,0
52.8424,4,52839927123,2502412,0
52.8526,4,52850128147,2502412,0
52.8527,4,52852675559,73000,1
52.8553,4,52852748559,2502412,0
52.8655,4,52862958583,2502412,0
52.8707,4,52870638601,73000,1
52.8759,4,52875850613,73000,1
52.899,4,52898952667,73000,1
52.9609,4,52958424211,2502412,0
52.9711,4,52968580235,2502412,0
52.9736,4,52971109647,2502412,0
52.9787,4,52976214659,2502412,0
52.9812,4,52978744071,2502412,0
52.989,4,52988972095,73000,1
53.0095,4,53006960137,2502412,0
53.0125,4,53012377555,73000,1
53.0201,4,53017562567,2502412,0
53.0328,4,53030311597,2502412,0
53.0354,4,53032868009,2502412,0
53.043,4,53040494027,2502412,0
53.0431,4,53043032439,73000,1
53.0536,4,53051115051,2502412,0
53.0589,4,53058786069,73000,1
53.0742,4,53071669099,2502412,0
53.0843,4,53081834123,2502412,0
53.0894,4,53086930135,2502412,0
53.092,4,53089459547,2502412,0
53.0946,4,53094537559,73000,1
53.1048,4,53102342577,2502412,0
53.1049,4,53104871989,73000,1
53.1231,4,53120625025,2502412,0
53.1359,4,53133374055,2502412,0
53.1486,4,53146114085,2502412,0
53.1567,4,53156654515,73000,1
53.1746,4,53172058551,2502412,0
53.1772,4,53177172563,73000,1
53.1951,4,53192594599,2502412,0
53.2078,4,53205316629,2502412,0
53.2104,4,53207873041,2502412,0
53.2234,4,53220916477,2502412,0
53.226,4,53223472889,2502412,0
53.2261,4,53226020301,73000,1
53.2286,4,53226109895,2502412,0
53.2338,4,53233735913,73000,1
53.2365,4,53236453919,73000,1
53.265,4,53264964985,73000,1
53.3293,4,53329228541,73000,1
53.3986,4,53396067697,2502412,0
53.4038,4,53403702715,73000,1
53.414,4,53411471733,2502412,0
53.427,4,53424497169,2502412,0
53.4296,4,53427053581,2502412,0
53.4348,4,53434706599,73000,1
53.4552,4,53452703641,2502412,0
53.458,4,53455546053,2502412,0
53.4607,4,53460615065,73000,1
53.4608,4,53460722065,73000,1
53.4788,4,53478737107,73000,1
53.4915,4,53489045131,2502412,0
53.5017,4,53499210155,2502412,0
53.5068,4,53504288167,2502412,0
53.5095,4,53509411179,73000,1
53.5145,4,53512039185,2502412,0
53.5171,4,53514577597,2502412,0
53.5247,4,53522230615,2502412,0
53.5327,4,53530205633,2502412,0
53.5403,4,53537840651,2502412,0
53.5429,4,53540388063,2502412,0
53.548,4,53545448075,2502412,0
53.5532,4,53553119093,73000,1
53.5664,4,53566373027,73000,1
53.5996,4,53597128099,2502412,0
53.6124,4,53609877129,2502412,0
53.62,4,53617503147,2502412,0
53.628,4,53625468571,2502412,0
53.6356,4,53633121589,2502412,0
53.6433,4,53640756607,2502412,0
53.651,4,53650975631,73000,1
53.6536,4,53651055631,2502412,0
53.6587,4,53656169643,2502412,0
53.6717,4,53669222079,2502412,0
53.6819,4,53679432103,2502412,0
53.6897,4,53689642127,73000,1
53.6898,4,53689767127,73000,1
53.7102,4,53707737169,2502412,0
53.723,4,53720468199,2502412,0
53.7281,4,53725573211,2502412,0
53.7336,4,53733512229,73000,1
53.7463,4,53743838253,2502412,0
53.7514,4,53748934265,2502412,0
53.7565,4,53754021277,2502412,0
53.767,4,53764517301,2502412,0
53.7696,4,53767055713,2502412,0
53.7723,4,53772178725,73000,1
53.7723,4,53772258725,73000,1
53.7775,4,53774949731,2502412,0
53.7902,4,53787698761,2502412,0
53.7929,4,53792794773,73000,1
53.8107,4,53808207809,2502412,0
53.8108,4,53810755221,73000,1
53.8312,4,53828734857,2502412,0
53.8392,4,53836673875,2502412,0
53.8444,4,53844344893,73000,1
53.8521,4,53849556905,2502412,0
53.8571,4,53854634917,2502412,0
53.8676,4,53865130941,2502412,0
53.8753,4,53872783959,2502412,0
53.8829,4,53880436977,2502412,0
53.8931,4,53890638001,2502412,0
53.8982,4,53895707013,2502412,0
53.9084,4,53905935037,2502412,0
53.9161,4,53913597055,2502412,0
53.9212,4,53918675067,2502412,0
53.9314,4,53928885091,2502412,0
53.9419,4,53939389521,2502412,0
53.9495,4,53947042539,2502412,0
53.9598,4,53957261563,2502412,0
53.9703,4,53967757587,2502412,0
53.9753,4,53972844599,2502412,0
53.9856,4,53983063623,2502412,0
53.9906,4,53988132635,2502412,0
53.9932,4,53990680047,2502412,0
54.0034,4,54000872071,2502412,0
54.0059,4,54003401483,2502412,0
54.011,4,54008488495,2502412,0
54.0162,4,54016150513,73000,1
54.029,4,54026512537,2502412,0
54.042,4,54039546973,2502412,0
54.0422,4,54042121385,73000,1
54.0524,4,54049872997,2502412,0
54.0576,4,54057535015,73000,1
54.0707,4,54068156039,2502412,0
54.0809,4,54078357063,2502412,0
54.0885,4,54085992081,2502412,0
54.0936,4,54091079093,2502412,0
54.1038,4,54101289117,2502412,0
54.1114,4,54108942135,2502412,0
54.1217,4,54119152159,2502412,0
54.1243,4,54124257171,73000,1
54.1294,4,54126867177,2502412,0
54.137,4,54134538195,2502412,0
54.145,4,54142495213,2502412,0
54.1501,4,54147582225,2502412,0
54.1603,4,54157774249,2502412,0
54.1655,4,54165463267,73000,1
54.1706,4,54168073273,2502412,0
54.176,4,54173490691,2502412,0
54.1862,4,54183664715,2502412,0
54.1939,4,54191353733,2502412,0
54.2015,4,54199006751,2502412,0
54.2092,4,54206659769,2502412,0
54.2168,4,54214294787,2502412,0
54.2244,4,54221938805,2502412,0
54.2322,4,54232166829,73000,1
54.2453,4,54242796259,2502412,0
54.258,4,54255536289,2502412,0
54.2582,4,54258092701,73000,1
54.2632,4,54260712301,2502412,0
54.2683,4,54265808313,2502412,0
54.2788,4,54276295337,2502412,0
54.2865,4,54283975355,2502412,0
54.2943,4,54294203379,73000,1
54.307,4,54304529403,2502412,0
54.3198,4,54317260433,2502412,0
54.33,4,54327470457,2502412,0
54.3352,4,54335114475,73000,1
54.3457,4,54343195899,2502412,0
54.3559,4,54353396923,2502412,0
54.3635,4,54361040941,2502412,0
54.3636,4,54363570353,73000,1
54.3844,4,54381871989,2502412,0
54.392,4,54389507007,2502412,0
54.3998,4,54399735031,73000,1
54.4177,4,54415148067,2502412,0
54.4253,4,54422783085,2502412,0
54.4305,4,54430454103,73000,1
54.4512,4,54448745551,2502412,0
54.4565,4,54456398569,73000,1
54.4743,4,54471829605,2502412,0
54.4848,4,54482325629,2502412,0
54.4976,4,54495056659,2502412,0
54.5001,4,54497613071,2502412,0
54.5052,4,54502691083,2502412,0
54.5079,4,54507787095,73000,1
54.5257,4,54523236131,2502412,0
54.5283,4,54525774543,2502412,0
54.5385,4,54535957567,2502412,0
54.5436,4,54541053579,2502412,0
54.5541,4,54551576009,2502412,0
54.5668,4,54564325039,2502412,0
54.5719,4,54569430051,2502412,0
54.5746,4,54574526063,73000,1
54.5797,4,54577172069,2502412,0
54.5851,4,54582554081,2502412,0
54.5876,4,54585110493,2502412,0
54.5927,4,54590179505,2502412,0
54.6029,4,54600398529,2502412,0
54.6054,4,54602927941,2502412,0
54.6105,4,54608032953,2502412,0
54.6207,4,54618215977,2502412,0
54.6209,4,54620790389,73000,1
54.6362,4,54633674013,2502412,0
54.6464,4,54643866037,2502412,0
54.6543,4,54651837009,2502412,0
54.6569,4,54654366421,2502412,0
54.6671,4,54664558445,2502412,0
54.6748,4,54672256463,2502412,0
54.6824,4,54679864481,2502412,0
54.6852,4,54682724893,2502412,0
54.6929,4,54690368911,2502412,0
54.7031,4,54700596935,2502412,0
54.7109,4,54710806959,73000,1
54.7262,4,54723689989,2502412,0
54.7338,4,54731307007,2502412,0
54.744,4,54741517031,2502412,0
54.7491,4,54746586043,2502412,0
54.7596,4,54757117473,2502412,0
54.7698,4,54767336497,2502412,0
54.7749,4,54772432509,2502412,0
54.7851,4,54782615533,2502412,0
54.788,4,54785475945,2502412,0
54.7881,4,54788005357,73000,1
54.806,4,54803472987,2502412,0
54.8187,4,54816213017,2502412,0
54.8238,4,54821291029,2502412,0
54.834,4,54831501053,2502412,0
54.8467,4,54844241083,2502412,0
54.8493,4,54846779495,2502412,0
54.8572,4,54854735919,2502412,0
54.8649,4,54862370937,2502412,0
54.8725,4,54870041955,2502412,0
54.8802,4,54877685973,2502412,0
54.8853,4,54882781985,2502412,0
54.8932,4,54890730003,2502412,0
54.9035,4,54900958027,2502412,0
54.9137,4,54911159051,2502412,0
54.9239,4,54921369075,2502412,0
54.9317,4,54931579099,73000,1
54.9521,4,54949558141,2502412,0
54.96,4,54957505565,2502412,0
54.9678,4,54967733589,73000,1
54.9781,4,54978068613,73000,1
55.0015,4,55001456667,73000,1
55.0374,4,55037325751,73000,1
55.0939,4,55091379283,2502412,0
55.1044,4,55101865713,2502412,0
55.1146,4,55112066737,2502412,0
55.1198,4,55119737755,73000,1
55.1199,4,55119835755,73000,1
55.1507,4,55150599827,73000,1
55.2126,4,55210071371,2502412,0
55.2152,4,55215149383,73000,1
55.2229,4,55220361395,2502412,0
55.2305,4,55227987413,2502412,0
55.2382,4,55235649431,2502412,0
55.2509,4,55248398461,2502412,0
55.256,4,55253485473,2502412,0
55.2641,4,55264025903,73000,1
55.2768,4,55274333927,2502412,0
55.287,4,55284534951,2502412,0
55.2947,4,55292178969,2502412,0
55.3026,4,55300126987,2502412,0
55.3052,4,55302656399,2502412,0
55.3154,4,55312857423,2502412,0
55.323,4,55320528441,2502412,0
55.3308,4,55330747465,73000,1
55.3385,4,55335950477,2502412,0
55.3461,4,55343585495,2502412,0
55.3537,4,55351220513,2502412,0
55.3564,4,55356325525,73000,1
55.3615,4,55358971531,2502412,0
55.3666,4,55364049543,2502412,0
55.3695,4,55369476555,73000,1
55.3721,4,55369549555,2502412,0
55.3823,4,55379777579,2502412,0
55.3875,4,55387448597,73000,1
55.3953,4,55395226615,73000,1
55.416,4,55413482657,2502412,0
55.4287,4,55426231687,2502412,0
55.4338,4,55431345699,2502412,0
55.444,4,55441501723,2502412,0
55.4466,4,55444058135,2502412,0
55.4518,4,55451720153,73000,1
55.4519,4,55451809153,73000,1
55.4544,4,55451916153,2502412,0
55.4646,4,55462117177,2502412,0
55.4726,4,55470073601,2502412,0
55.4804,4,55480301625,73000,1
55.4855,4,55482956631,2502412,0
55.4905,4,55488025643,2502412,0
55.4956,4,55493103655,2502412,0
55.4981,4,55495633067,2502412,0
55.5037,4,55503599085,73000,1
55.5062,4,55503679085,2502412,0
55.5113,4,55508757097,2502412,0
55.5114,4,55511349509,73000,1
55.519,4,55516535115,2502412,0
55.5216,4,55519073527,2502412,0
55.5243,4,55524187539,73000,1
55.5447,4,55542166581,2502412,0
55.5523,4,55549819599,2502412,0
55.5625,4,55560020623,2502412,0
55.5677,4,55567673641,73000,1
55.5728,4,55570328647,2502412,0
55.5784,4,55578285665,73000,1
55.5835,4,55580958671,2502412,0
55.5887,4,55588584689,73000,1
55.604,4,55601449719,2502412,0
55.6145,4,55611954149,2502412,0
55.6221,4,55619589167,2502412,0
55.6298,4,55627251185,2502412,0
55.6323,4,55629780597,2502412,0
55.6349,4,55634858609,73000,1
55.6528,4,55650316645,2502412,0
55.6579,4,55655394657,2502412,0
55.663,4,55660481669,2502412,0
55.6631,4,55663011081,73000,1
55.6789,4,55678800117,73000,1
55.6814,4,55678873117,2502412,0
55.6916,4,55689074141,2502412,0
55.6967,4,55694152153,2502412,0
55.7069,4,55704362177,2502412,0
55.7148,4,55712327601,2502412,0
55.7225,4,55719971619,2502412,0
55.7301,4,55727606637,2502412,0
55.7352,4,55732702649,2502412,0
55.7454,4,55742912673,2502412,0
55.7455,4,55745451085,73000,1
55.7557,4,55753229697,2502412,0
55.7659,4,55763421721,2502412,0
55.7736,4,55771074739,2502412,0
55.779,4,55776456157,2502412,0
55.7892,4,55786648181,2502412,0
55.7943,4,55791771193,2502412,0
55.8045,4,55801990217,2502412,0
55.8124,4,55809929235,2502412,0
55.8201,4,55817600253,2502412,0
55.8277,4,55825226271,2502412,0
55.8354,4,55832870289,2502412,0
55.8406,4,55840550307,73000,1
55.8457,4,55843178313,2502412,0
55.8559,4,55853388337,2502412,0
55.8586,4,55858502349,73000,1
55.8688,4,55866262367,2502412,0
55.8818,4,55879323803,2502412,0
55.887,4,55886976821,73000,1
55.8921,4,55889622827,2502412,0
55.8973,4,55897275845,73000,1
55.9,4,55899948851,73000,1
55.9102,4,55907690869,2502412,0
55.9127,4,55910220281,2502412,0
55.9131,4,55913062693,73000,1
55.9233,4,55920813711,2502412,0
55.931,4,55928475729,2502412,0
55.936,4,55933535741,2502412,0
55.9463,4,55943763765,2502412,0
55.959,4,55956512795,2502412,0
55.9616,4,55959069207,2502412,0
55.9717,4,55969243231,2502412,0
55.9743,4,55971772643,2502412,0
55.9795,4,55979443661,73000,1
55.982,4,55979516661,2502412,0
55.99,4,55987509679,2502412,0
55.9977,4,55995171697,2502412,0
56.0003,4,56000249709,73000,1
56.0132,4,56013150739,73000,1
56.0468,4,56046775817,73000,1
56.1292,4,56126676409,2502412,0
56.1419,4,56139425439,2502412,0
56.1496,4,56147060457,2502412,0
56.1572,4,56154713475,2502412,0
56.1597,4,56157242887,2502412,0
56.1624,4,56162329899,73000,1
56.1675,4,56164984905,2502412,0
56.1702,4,56170107917,73000,1
56.1829,4,56180415941,2502412,0
56.191,4,56190938371,73000,1
56.2063,4,56203812401,2502412,0
56.2165,4,56213986425,2502412,0
56.227,4,56224518449,2502412,0
56.2321,4,56229614461,2502412,0
56.2372,4,56234683473,2502412,0
56.2474,4,56244893497,2502412,0
56.2526,4,56252573515,73000,1
56.2628,4,56260324533,2502412,0
56.2629,4,56262871945,73000,1
56.2731,4,56270605557,2502412,0
56.2732,4,56273170969,73000,1
56.2891,4,56288995005,73000,1
56.3328,4,56330273101,2502412,0
56.3455,4,56343022131,2502412,0
56.3507,4,56350675149,73000,1
56.3609,4,56358444167,2502412,0
56.3686,4,56366061185,2502412,0
56.3788,4,56376262209,2502412,0
56.3839,4,56381349221,2502412,0
56.392,4,56391889651,73000,1
56.4023,4,56402242675,73000,1
56.446,4,56443502771,2502412,0
56.4536,4,56451128789,2502412,0
56.4587,4,56456206801,2502412,0
56.4614,4,56461320813,73000,1
56.4742,4,56471655837,2502412,0
56.4792,4,56476715849,2502412,0
56.4894,4,56486934873,2502412,0
56.5,4,56497457303,2502412,0
56.5102,4,56507658327,2502412,0
56.5103,4,56510196739,73000,1
56.5179,4,56515382345,2502412,0
56.523,4,56520505357,2502412,0
56.5361,4,56533558387,2502412,0
56.5362,4,56536123799,73000,1
56.5464,4,56543893411,2502412,0
56.5566,4,56554049435,2502412,0
56.5617,4,56559172447,2502412,0
56.5667,4,56564241459,2502412,0
56.5694,4,56569319471,73000,1
56.5772,4,56577133489,73000,1
56.5823,4,56579761495,2502412,0
56.5899,4,56587405513,2502412,0
56.5979,4,56595370937,2502412,0
56.598,4,56597909349,73000,1
56.6082,4,56605678961,2502412,0
56.6184,4,56615861985,2502412,0
56.6286,4,56626072009,2502412,0
56.629,4,56628914421,73000,1
56.6494,4,56646911463,2502412,0
56.6572,4,56657121487,73000,1
56.675,4,56672543523,2502412,0
56.6777,4,56677639535,73000,1
56.693,4,56690495565,2502412,0
56.7061,4,56703548001,2502412,0
56.7088,4,56708680013,73000,1
56.7266,4,56724093049,2502412,0
56.7345,4,56732041067,2502412,0
56.7448,4,56742260091,2502412,0
56.7498,4,56747347103,2502412,0
56.76,4,56757512127,2502412,0
56.7653,4,56765201145,73000,1
56.7704,4,56767874151,2502412,0
56.778,4,56775482169,2502412,0
56.7856,4,56783144187,2502412,0
56.7933,4,56790779205,2502412,0
56.8009,4,56798423223,2502412,0
56.8114,4,56808946247,2502412,0
56.8217,4,56819156271,2502412,0
56.8267,4,56824225283,2502412,0
56.832,4,56831896301,73000,1
56.8399,4,56837421313,2502412,0
56.8527,4,56850170343,2502412,0
56.8654,4,56862910373,2502412,0
56.8705,4,56868033385,2502412,0
56.8757,4,56875659403,73000,1
56.8911,4,56888569433,2502412,0
56.9012,4,56898743457,2502412,0
56.9038,4,56901272869,2502412,0
56.9092,4,56906672881,2502412,0
56.9143,4,56911750893,2502412,0
56.9219,4,56919412911,2502412,0
56.9272,4,56927092929,73000,1
56.9378,4,56937731953,73000,1
56.9737,4,56973601037,73000,1
57.0071,4,57004641515,2502412,0
57.0124,4,57012303533,73000,1
57.0278,4,57027752569,73000,1
57.0303,4,57027825569,2502412,0
57.0408,4,57038330593,2502412,0
57.0536,4,57051070623,2502412,0
57.0537,4,57053645035,73000,1
57.0562,4,57053725629,2502412,0
57.0589,4,57058803641,73000,1
57.0665,4,57064024653,2502412,0
57.0691,4,57066554065,2502412,0
57.0792,4,57076746089,2502412,0
57.0869,4,57084399107,2502412,0
57.0947,4,57094627131,73000,1
57.1049,4,57102387149,2502412,0
57.105,4,57104925561,73000,1
57.1257,4,57123217603,2502412,0
57.1258,4,57125756015,73000,1
57.1335,4,57130950621,2502412,0
57.1465,4,57143994651,2502412,0
57.1516,4,57149117663,2502412,0
57.1618,4,57159309687,2502412,0
57.1669,4,57164405699,2502412,0
57.1771,4,57174606723,2502412,0
57.1899,4,57187355753,2502412,0
57.1975,4,57195017771,2502412,0
57.2028,4,57202688789,73000,1
57.2133,4,57210761213,2502412,0
57.2183,4,57215839225,2502412,0
57.2285,4,57226004249,2502412,0
57.2311,4,57228560661,2502412,0
57.2361,4,57233629673,2502412,0
57.2387,4,57236177085,2502412,0
57.2413,4,57241255097,73000,1
57.2467,4,57244232103,2502412,0
57.2469,4,57246788515,73000,1
57.2571,4,57254567127,2502412,0
57.2648,4,57264768151,73000,1
57.2752,4,57275121175,73000,1
57.2956,4,57293073217,2502412,0
57.3007,4,57298151229,2502412,0
57.3109,4,57308352253,2502412,0
57.3163,4,57313751671,2502412,0
57.3265,4,57323961695,2502412,0
57.3342,4,57334171719,73000,1
57.3393,4,57336835725,2502412,0
57.3444,4,57341904737,2502412,0
57.3523,4,57349843755,2502412,0
57.3549,4,57352391167,2502412,0
57.355,4,57354920579,73000,1
57.3652,4,57362681191,2502412,0
57.3703,4,57367813203,2502412,0
57.3805,4,57377978227,2502412,0
57.383,4,57380543639,2502412,0
57.3883,4,57388187657,73000,1
57.3986,4,57398531681,73000,1
57.4219,4,57419380135,2502412,0
57.432,4,57429545159,2502412,0
57.4348,4,57434677171,73000,1
57.4555,4,57452951213,2502412,0
57.4605,4,57458047225,2502412,0
57.4707,4,57468221249,2502412,0
57.4809,4,57478440273,2502412,0
57.4937,4,57491189303,2502412,0
57.4938,4,57493745715,73000,1
57.5067,4,57506647339,73000,1
57.5351,4,57532564805,2502412,0
57.5402,4,57537660817,2502412,0
57.5427,4,57540190229,2502412,0
57.5508,4,57550722253,73000,1
57.5637,4,57563614283,73000,1
57.579,4,57576461313,2502412,0
57.5815,4,57579008725,2502412,0
57.5842,4,57584086737,73000,1
57.602,4,57599544773,2502412,0
57.6097,4,57607152791,2502412,0
57.6173,4,57614769809,2502412,0
57.6229,4,57622780233,73000,1
57.6279,4,57625399239,2502412,0
57.6357,4,57635627263,73000,1
57.6382,4,57635716263,2502412,0
57.6408,4,57638263675,2502412,0
57.6485,4,57648446699,73000,1
57.651,4,57648526699,2502412,0
57.6536,4,57651074111,2502412,0
57.6666,4,57664126547,2502412,0
57.6692,4,57666664959,2502412,0
57.6717,4,57669239371,2502412,0
57.6819,4,57679395395,2502412,0
57.687,4,57684482407,2502412,0
57.6895,4,57687029819,2502412,0
57.6921,4,57689586231,2502412,0
57.6972,4,57694664243,2502412,0
57.7048,4,57702290261,2502412,0
57.7125,4,57709988279,2502412,0
57.715,4,57712535691,2502412,0
57.7227,4,57720170709,2502412,0
57.7332,4,57730711733,2502412,0
57.7383,4,57735798745,2502412,0
57.7384,4,57738328157,73000,1
57.7486,4,57746106769,2502412,0
57.7537,4,57751193781,2502412,0
57.7667,4,57764246811,2502412,0
57.7744,4,57771917829,2502412,0
57.7771,4,57776995841,73000,1
57.7796,4,57777102841,2502412,0
57.7847,4,57782189853,2502412,0
57.7874,4,57787285865,73000,1
57.7924,4,57789922871,2502412,0
57.7975,4,57795036883,2502412,0
57.8077,4,57805210907,2502412,0
57.8179,4,57815429931,2502412,0
57.818,4,57817968343,73000,1
57.8337,4,57831182373,2502412,0
57.8363,4,57836269385,73000,1
57.8364,4,57836358385,73000,1
57.8573,4,57857243433,73000,1
57.9444,4,57941927037,2502412,0
57.9445,4,57944465449,73000,1
57.9598,4,57957331073,2502412,0
57.9703,4,57967826503,2502412,0
57.9754,4,57972913515,2502412,0
57.9806,4,57980575533,73000,1
57.9832,4,57980648533,2502412,0
57.9883,4,57985789545,2502412,0
57.9934,4,57990849557,2502412,0
58.0036,4,58001077581,2502412,0
58.0061,4,58003606993,2502412,0
58.0062,4,58006136405,73000,1
58.0089,4,58008792005,73000,1
58.0268,4,58024250041,2502412,0
58.0398,4,58037311477,2502412,0
58.0474,4,58044937495,2502412,0
58.0527,4,58052608513,73000,1
58.0577,4,58055236519,2502412,0
58.0628,4,58060341531,2502412,0
58.0733,4,58070818961,2502412,0
58.081,4,58078507979,2502412,0
58.0912,4,58088709003,2502412,0
58.1039,4,58101440033,2502412,0
58.1091,4,58106554045,2502412,0
58.1192,4,58116728069,2502412,0
58.1244,4,58121860081,2502412,0
58.1245,4,58124389493,73000,1
58.1297,4,58129620099,73000,1
58.1378,4,58137710523,73000,1
58.1481,4,58148018547,73000,1
58.3099,4,58307436325,2502412,0
58.3227,4,58320149355,2502412,0
58.3252,4,58322678767,2502412,0
58.3354,4,58332888791,2502412,0
58.3408,4,58338288803,2502412,0
58.351,4,58348498827,2502412,0
58.3535,4,58351028239,2502412,0
58.3586,4,58356115251,2502412,0
58.3612,4,58358671663,2502412,0
58.3693,4,58369194687,73000,1
58.3718,4,58369310687,2502412,0
58.3744,4,58371858099,2502412,0
58.3871,4,58384589129,2502412,0
58.3947,4,58392242147,2502412,0
58.4024,4,58399886165,2502412,0
58.41,4,58407521183,2502412,0
58.4153,4,58415219201,73000,1
58.4178,4,58415299201,2502412,0
58.4306,4,58428048231,2502412,0
58.4332,4,58433153243,73000,1
58.4463,4,58443773673,2502412,0
58.4464,4,58446312085,73000,1
58.4489,4,58446385085,2502412,0
58.4514,4,58448941497,2502412,0
58.4565,4,58454001509,2502412,0
58.4592,4,58459088521,73000,1
58.4643,4,58461797527,2502412,0
58.4644,4,58464326939,73000,1
58.4669,4,58464407533,2502412,0
58.4696,4,58469503545,73000,1
58.475,4,58472480551,2502412,0
58.4775,4,58475009963,2502412,0
58.4903,4,58487758993,2502412,0
58.5005,4,58497960017,2502412,0
58.5006,4,58500498429,73000,1
58.5185,4,58515957059,2502412,0
58.5237,4,58523610077,73000,1
58.5262,4,58523690077,2502412,0
58.5314,4,58531334095,73000,1
58.5339,4,58531432095,2502412,0
58.5416,4,58539067113,2502412,0
58.547,4,58544458125,2502412,0
58.5521,4,58549554137,2502412,0
58.5623,4,58559755161,2502412,0
58.5673,4,58564833173,2502412,0
58.5779,4,58575365197,2502412,0
58.5831,4,58583054215,73000,1
58.5856,4,58583127215,2502412,0
58.5882,4,58585656627,2502412,0
58.5984,4,58595866651,2502412,0
58.6034,4,58600926663,2502412,0
58.6036,4,58603501075,73000,1
58.6114,4,58611297687,73000,1
58.6165,4,58613952693,2502412,0
58.6191,4,58619030705,73000,1
58.6294,4,58629356729,73000,1
58.6476,4,58645082171,2502412,0
58.6554,4,58655292195,73000,1
58.6758,4,58673271237,2502412,0
58.6838,4,58683771021,73000,1
58.6864,4,58683869021,2502412,0
58.6991,4,58696600051,2502412,0
58.7017,4,58699174463,2502412,0
58.7144,4,58711887493,2502412,0
58.7195,4,58717019505,2502412,0
58.7271,4,58724636523,2502412,0
58.7322,4,58729696535,2502412,0
58.7348,4,58732252947,2502412,0
58.7398,4,58737330959,2502412,0
58.7504,4,58747864009,2502412,0
58.7581,4,58755562027,2502412,0
58.7657,4,58763188045,2502412,0
58.7682,4,58765717457,2502412,0
58.7733,4,58770804469,2502412,0
58.7813,4,58778752487,2502412,0
58.7864,4,58783893499,2502412,0
58.794,4,58791528517,2502412,0
58.7991,4,58796597529,2502412,0
58.8042,4,58801693541,2502412,0
58.8067,4,58804222953,2502412,0
58.8144,4,58811857971,2502412,0
58.8195,4,58816962983,2502412,0
58.8245,4,58822040995,2502412,0
58.8271,4,58824615407,2502412,0
58.8272,4,58827153819,73000,1
58.8374,4,58834923431,2502412,0
58.84,4,58837479843,2502412,0
58.8425,4,58840009255,2502412,0
58.848,4,58847956679,73000,1
58.8532,4,58850647685,2502412,0
58.8582,4,58855725697,2502412,0
58.866,4,58865953721,73000,1
58.8789,4,58878827751,73000,1
58.8945,4,58891996781,2502412,0
58.9023,4,58902188805,73000,1
58.9074,4,58904852811,2502412,0
58.91,4,58909939823,73000,1
58.9202,4,58917699841,2502412,0
58.9279,4,58925352859,2502412,0
58.938,4,58935526883,2502412,0
58.9482,4,58945745907,2502412,0
58.9536,4,58951118325,2502412,0
58.9638,4,58961337349,2502412,0
58.9715,4,58969008367,2502412,0
58.9766,4,58974086379,2502412,0
58.9816,4,58979146391,2502412,0
58.9896,4,58987103409,2502412,0
58.9921,4,58989641821,2502412,0
58.9972,4,58994728833,2502412,0
59.0023,4,58999815845,2502412,0
59.01,4,59007477863,2502412,0
59.0177,4,59015157881,2502412,0
59.0253,4,59022783899,2502412,0
59.0279,4,59025349311,2502412,0
59.038,4,59035532335,2502412,0
59.0408,4,59040682347,73000,1
59.0511,4,59051008371,73000,1
59.0536,4,59051081371,2502412,0
59.0615,4,59059047389,2502412,0
59.0692,4,59066673407,2502412,0
59.0768,4,59074344425,2502412,0
59.0899,4,59087379455,2502412,0
59.0924,4,59089917867,2502412,0
59.095,4,59092465279,2502412,0
59.1051,4,59102639303,2502412,0
59.1103,4,59107753315,2502412,0
59.1104,4,59110318727,73000,1
59.118,4,59115504333,2502412,0
59.1257,4,59123175351,2502412,0
59.1333,4,59130783369,2502412,0
59.136,4,59135915381,73000,1
59.1488,4,59146250405,2502412,0
59.1592,4,59156727835,2502412,0
59.1643,4,59161832847,2502412,0
59.1694,4,59166910859,2502412,0
59.1721,4,59171988871,73000,1
59.1797,4,59177245883,2502412,0
59.185,4,59184898901,73000,1
59.2006,4,59198076931,2502412,0
59.2082,4,59205684949,2502412,0
59.2158,4,59213346967,2502412,0
59.2235,4,59221017985,2502412,0
59.2311,4,59228626003,2502412,0
59.2388,4,59236288021,2502412,0
59.249,4,59246489045,2502412,0
59.2567,4,59254160063,2502412,0
59.2672,4,59264655493,2502412,0
59.2774,4,59274865517,2502412,0
59.2825,4,59279970529,2502412,0
59.2901,4,59287587547,2502412,0
59.298,4,59295535565,2502412,0
59.3057,4,59303197583,2502412,0
59.3082,4,59305735995,2502412,0
59.3159,4,59313353013,2502412,0
59.3184,4,59315909425,2502412,0
59.3286,4,59326119449,2502412,0
59.3338,4,59331251461,2502412,0
59.3465,4,59344000491,2502412,0
59.3541,4,59351644509,2502412,0
59.3543,4,59354182921,73000,1
59.3724,4,59369944957,2502412,0
59.3852,4,59382684987,2502412,0
59.3928,4,59390320005,2502412,0
59.3982,4,59395737423,2502412,0
59.411,4,59408477453,2502412,0
59.4161,4,59413600465,2502412,0
59.4263,4,59423774489,2502412,0
59.4314,4,59428870501,2502412,0
59.4365,4,59433966513,2502412,0
59.4441,4,59441583531,2502412,0
59.4518,4,59449272549,2502412,0
59.462,4,59459491573,2502412,0
59.4699,4,59467439591,2502412,0
59.475,4,59472508603,2502412,0
59.4852,4,59482718627,2502412,0
59.4954,4,59492937651,2502412,0
59.4983,4,59495780063,2502412,0
59.5059,4,59503424081,2502412,0
59.5136,4,59511068099,2502412,0
59.5161,4,59513615511,2502412,0
59.5263,4,59523816535,2502412,0
59.5365,4,59534035559,2502412,0
59.5391,4,59536564971,2502412,0
59.5443,4,59544217989,73000,1
59.5468,4,59544297989,2502412,0
59.5519,4,59549403001,2502412,0
59.5595,4,59557047019,2502412,0
59.5646,4,59562116031,2502412,0
59.5726,4,59570109049,2502412,0
59.5778,4,59577771067,73000,1
59.5803,4,59577844067,2502412,0
59.5855,4,59582949079,2502412,0
59.5957,4,59593159103,2502412,0
59.5982,4,59595697515,2502412,0
59.6087,4,59606192945,2502412,0
59.6114,4,59611333957,73000,1
59.6217,4,59621659981,73000,1
59.6498,4,59647274041,2502412,0
59.6525,4,59652379053,73000,1
59.6551,4,59655016059,73000,1
59.6552,4,59655150059,73000,1
59.699,4,59698975567,73000,1
59.7967,4,59794218195,2502412,0
59.8072,4,59804705219,2502412,0
59.8099,4,59809828231,73000,1
59.81,4,59809917231,73000,1
59.8178,4,59817695249,73000,1
59.8228,4,59820314255,2502412,0
59.8279,4,59825383267,2502412,0
59.8357,4,59835611291,73000,1
59.8408,4,59838284297,2502412,0
59.851,4,59848458321,2502412,0
59.8587,4,59858668345,73000,1
59.8715,4,59868985369,2502412,0
59.8845,4,59882047399,2502412,0
59.8872,4,59887161411,73000,1
59.895,4,59894939429,73000,1
59.9208,4,59918318483,2502412,0
59.9259,4,59923396495,2502412,0
59.9361,4,59933570519,2502412,0
59.9386,4,59936108931,2502412,0
59.9488,4,59946318955,2502412,0
59.959,4,59956546979,2502412,0
59.9641,4,59961633991,2502412,0
59.9642,4,59964172403,73000,1
59.9668,4,59964252997,2502412,0
59.9744,4,59971897015,2502412,0
59.9849,4,59982429039,2502412,0
59.99,4,59987525051,2502412,0
59.9952,4,59995169069,73000,1
60.0005,4,60000417081,73000,1
60.0238,4,60021248129,2502412,0
60.0264,4,60026353141,73000,1
60.0291,4,60028990147,73000,1
60.0598,4,60059754219,73000,1
60.0935,4,60093387703,73000,1
60.2604,4,60257910493,2502412,0
60.268,4,60265536511,2502412,0
60.2682,4,60268083923,73000,1
60.2708,4,60270739523,73000,1
60.2967,4,60294153983,2502412,0
60.3017,4,60299231995,2502412,0
60.3119,4,60309442019,2502412,0
60.3149,4,60314851031,73000,1
60.3225,4,60320027043,2502412,0
60.3303,4,60330246067,73000,1
60.3432,4,60343147097,73000,1
60.3559,4,60353437121,2502412,0
60.356,4,60355975533,73000,1
60.3611,4,60358622133,2502412,0
60.3687,4,60366239151,2502412,0
60.3764,4,60373874169,2502412,0
60.3789,4,60376439581,2502412,0
60.3869,4,60384369005,2502412,0
60.387,4,60386925417,73000,1
60.3972,4,60394713029,2502412,0
60.4048,4,60402339047,2502412,0
60.4125,4,60410001065,2502412,0
60.4205,4,60417949083,2502412,0
60.4281,4,60425611101,2502412,0
60.4358,4,60433255119,2502412,0
60.4359,4,60435811531,73000,1
60.4537,4,60451234161,2502412,0
60.4563,4,60453763573,2502412,0
60.4614,4,60458859585,2502412,0
60.464,4,60463937597,73000,1
60.4819,4,60479377633,2502412,0
60.482,4,60481943045,73000,1
60.4871,4,60484571645,2502412,0
60.495,4,60492510663,2502412,0
60.5027,4,60500181681,2502412,0
60.5103,4,60507843699,2502412,0
60.5154,4,60512903711,2502412,0
60.5259,4,60523426735,2502412,0
60.5286,4,60528549747,73000,1
60.5441,4,60543998783,73000,1
60.5721,4,60569603843,2502412,0
60.5849,4,60582352873,2502412,0
60.5874,4,60584882285,2502412,0
60.5955,4,60595404715,73000,1
60.6134,4,60610862751,2502412,0
60.6235,4,60621036775,2502412,0
60.6264,4,60623879187,2502412,0
60.6291,4,60628984199,73000,1
60.6418,4,60639319223,2502412,0
60.6469,4,60644379235,2502412,0
60.652,4,60649484247,2502412,0
60.6521,4,60652013659,73000,1
60.6725,4,60670011295,2502412,0
60.675,4,60672540707,2502412,0
60.6777,4,60677636719,73000,1
60.6828,4,60680264725,2502412,0
60.6904,4,60687944743,2502412,0
60.6984,4,60695874167,2502412,0
60.7035,4,60700952179,2502412,0
60.7111,4,60708623197,2502412,0
60.7188,4,60716285215,2502412,0
60.7267,4,60724233233,2502412,0
60.7318,4,60729311245,2502412,0
60.742,4,60739521269,2502412,0
60.7523,4,60749749293,2502412,0
60.7625,4,60759968317,2502412,0
60.7752,4,60772699347,2502412,0
60.7778,4,60775255759,2502412,0
60.7879,4,60785429783,2502412,0
60.793,4,60790525795,2502412,0
60.801,4,60798491813,2502412,0
60.8061,4,60803551825,2502412,0
60.8088,4,60808701837,73000,1
60.8138,4,60811329843,2502412,0
60.8215,4,60818973861,2502412,0
60.832,4,60829496885,2502412,0
60.8371,4,60834583897,2502412,0
60.8473,4,60844793921,2502412,0
60.8551,4,60855021945,73000,1
60.8654,4,60865347969,73000,1
60.8884,4,60885857017,2502412,0
60.9014,4,60898909453,2502412,0
60.9016,4,60901492865,73000,1
60.9118,4,60909262477,2502412,0
60.917,4,60916888495,73000,1
60.9326,4,60930075525,2502412,0
60.9351,4,60932613937,2502412,0
60.9378,4,60937691949,73000,1
60.9428,4,60940319955,2502412,0
60.948,4,60945451967,2502412,0
60.9557,4,60955643991,73000,1
60.9736,4,60971084027,2502412,0
60.9812,4,60978719045,2502412,0
60.994,4,60991468075,2502412,0
61.0045,4,61001972505,2502412,0
61.0097,4,61009652523,73000,1
61.0173,4,61014846535,2502412,0
61.0275,4,61025038559,2502412,0
61.0356,4,61035570583,73000,1
61.0434,4,61043348601,73000,1
61.0766,4,61074076673,2502412,0
61.0842,4,61081729691,2502412,0
61.0944,4,61091912715,2502412,0
61.0995,4,61097026727,2502412,0
61.11,4,61107540157,2502412,0
61.1177,4,61115184175,2502412,0
61.1228,4,61120253187,2502412,0
61.1304,4,61127906205,2502412,0
61.1409,4,61138420229,2502412,0
61.1435,4,61140976641,2502412,0
61.1485,4,61146036653,2502412,0
61.1562,4,61153671671,2502412,0
61.1639,4,61161360689,2502412,0
61.1715,4,61168986707,2502412,0
61.1766,4,61174091719,2502412,0
61.1868,4,61184301743,2502412,0
61.1919,4,61189415755,2502412,0
61.1944,4,61191945167,2502412,0
61.1995,4,61197014179,2502412,0
61.2075,4,61204961603,2502412,0
61.2127,4,61212668621,73000,1
61.2307,4,61230665663,73000,1
61.2591,4,61256610723,2502412,0
61.2642,4,61261688735,2502412,0
61.2744,4,61271862759,2502412,0
61.2769,4,61274392171,2502412,0
61.277,4,61276948583,73000,1
61.2821,4,61279595183,2502412,0
61.2872,4,61284664195,2502412,0
61.2948,4,61292344213,2502412,0
61.3051,4,61302563237,2502412,0
61.313,4,61310511255,2502412,0
61.3207,4,61318182273,2502412,0
61.3283,4,61325790291,2502412,0
61.3359,4,61333425309,2502412,0
61.3385,4,61335999721,2502412,0
61.3464,4,61343920145,2502412,0
61.3541,4,61351609163,2502412,0
61.3566,4,61354138575,2502412,0
61.3617,4,61359216587,2502412,0
61.3693,4,61366842605,2502412,0
61.377,4,61374522623,2502412,0
61.3847,4,61382184641,2502412,0
61.3898,4,61387271653,2502412,0
61.3924,4,61392376665,73000,1
61.4001,4,61397570677,2502412,0
61.4106,4,61408084107,2502412,0
61.4157,4,61413198119,2502412,0
61.4284,4,61425929149,2502412,0
61.4362,4,61436157173,73000,1
61.4418,4,61441700185,73000,1
61.4545,4,61451999209,2502412,0
61.4546,4,61454528621,73000,1
61.475,4,61472517257,2502412,0
61.4828,4,61482718281,73000,1
61.4955,4,61493035305,2502412,0
61.4982,4,61498140317,73000,1
61.5033,4,61500759323,2502412,0
61.5109,4,61508394341,2502412,0
61.5138,4,61511255347,2502412,0
61.5214,4,61518881365,2502412,0
61.5291,4,61526561383,2502412,0
61.5316,4,61529090795,2502412,0
61.5443,4,61541839825,2502412,0
61.5472,4,61544709237,2502412,0
61.5599,4,61557440267,2502412,0
61.5625,4,61559969679,2502412,0
61.565,4,61562499091,2502412,0
61.5752,4,61572700115,2502412,0
61.5804,4,61577859127,2502412,0
61.5931,4,61590599157,2502412,0
61.5956,4,61593146569,2502412,0
61.6007,4,61598215581,2502412,0
61.6109,4,61608398605,2502412,0
61.6165,4,61616409029,73000,1
61.6344,4,61631849065,2502412,0
61.637,4,61636927077,73000,1
61.6447,4,61642148089,2502412,0
61.6577,4,61655210119,2502412,0
61.6629,4,61662845137,73000,1
61.6757,4,61673162161,2502412,0
61.6833,4,61680797179,2502412,0
61.6909,4,61688441197,2502412,0
61.6962,4,61696112215,73000,1
61.7166,4,61714091257,2502412,0
61.7245,4,61722039275,2502412,0
61.7296,4,61727117287,2502412,0
61.7347,4,61732195299,2502412,0
61.7423,4,61739830317,2502412,0
61.75,4,61747528335,2502412,0
61.7606,4,61758050765,2502412,0
61.7656,4,61763137777,2502412,0
61.7733,4,61770772795,2502412,0
61.7783,4,61775841807,2502412,0
61.7834,4,61780946819,2502412,0
61.7911,4,61788581837,2502412,0
61.7962,4,61793686849,2502412,0
61.8064,4,61803914873,2502412,0
61.8166,4,61814106897,2502412,0
61.8246,4,61822090321,2502412,0
61.8348,4,61832273345,2502412,0
61.8349,4,61834829757,73000,1
61.8451,4,61842617369,2502412,0
61.8556,4,61853086393,2502412,0
61.8634,4,61863314417,73000,1
61.8787,4,61876179447,2502412,0
61.8788,4,61878735859,73000,1
61.8864,4,61883912465,2502412,0
61.8992,4,61896661495,2502412,0
61.9068,4,61904332513,2502412,0
61.9145,4,61911958531,2502412,0
61.9195,4,61917036543,2502412,0
61.92,4,61919906549,73000,1
61.9276,4,61925100561,2502412,0
61.9277,4,61927647973,73000,1
61.9456,4,61943106603,2502412,0
61.9507,4,61948166615,2502412,0
61.9532,4,61950696027,2502412,0
61.9586,4,61956077445,2502412,0
61.9688,4,61966305469,2502412,0
61.9739,4,61971437481,2502412,0
61.9816,4,61979054499,2502412,0
61.9892,4,61986716517,2502412,0
62.002,4,61999465547,2502412,0
62.0096,4,62007118565,2502412,0
62.0147,4,62012187577,2502412,0
62.0172,4,62014716989,2502412,0
62.0277,4,62025230419,2502412,0
62.0303,4,62027768831,2502412,0
62.038,4,62035448849,2502412,0
62.0482,4,62045658873,2502412,0
62.0532,4,62050745885,2502412,0
62.0638,4,62061250909,2502412,0
62.0714,4,62068921927,2502412,0
62.074,4,62071451339,2502412,0
62.0816,4,62079059357,2502412,0
62.0893,4,62086748375,2502412,0
62.0918,4,62089286787,2502412,0
62.102,4,62099469811,2502412,0
62.1045,4,62102008223,2502412,0
62.1122,4,62109670241,2502412,0
62.1224,4,62119889265,2502412,0
62.1329,4,62130384695,2502412,0
62.1354,4,62132914107,2502412,0
62.1482,4,62145663137,2502412,0
62.1507,4,62148237549,2502412,0
62.1588,4,62158742573,73000,1
62.169,4,62166520591,2502412,0
62.1716,4,62169050003,2502412,0
62.1717,4,62171579415,73000,1
62.1742,4,62171669009,2502412,0
62.182,4,62181897033,73000,1
62.1973,4,62194762063,2502412,0
62.21,4,62207511093,2502412,0
62.2126,4,62210058505,2502412,0
62.2227,4,62220214529,2502412,0
62.2307,4,62228215953,2502412,0
62.2384,4,62235850971,2502412,0
62.2434,4,62240937983,2502412,0
62.2536,4,62251130007,2502412,0
62.2563,4,62256271019,73000,1
62.2721,4,62272006055,73000,1
62.2772,4,62274652061,2502412,0
62.2873,4,62284835085,2502412,0
62.2899,4,62287373497,2502412,0
62.3026,4,62300113527,2502412,0
62.3051,4,62302642939,2502412,0
62.3128,4,62310304957,2502412,0
62.323,4,62320532981,2502412,0
62.3282,4,62328176999,73000,1
62.3336,4,62331144411,2502412,0
62.3414,4,62341363435,73000,1
62.3618,4,62359342477,2502412,0
62.3699,4,62369838501,73000,1
62.3724,4,62369936501,2502412,0
62.3777,4,62377589519,73000,1
62.393,4,62390463549,2502412,0
62.3931,4,62393010961,73000,1
62.3932,4,62393100555,73000,1
62.4212,4,62418723615,2502412,0
62.4238,4,62421262027,2502412,0
62.4368,4,62434314463,2502412,0
62.4394,4,62436879875,2502412,0
62.4521,4,62449610905,2502412,0
62.4523,4,62452194317,73000,1
62.4624,4,62459936929,2502412,0
62.4626,4,62462493341,73000,1
62.473,4,62470530953,2502412,0
62.4783,4,62478201971,73000,1
62.4936,4,62491058001,2502412,0
62.4961,4,62493614413,2502412,0
62.5088,4,62506336443,2502412,0
62.5114,4,62508874855,2502412,0
62.5241,4,62521614885,2502412,0
62.5266,4,62524144297,2502412,0
62.5318,4,62529267309,2502412,0
62.5372,4,62534657727,2502412,0
62.5424,4,62542346745,73000,1
62.5449,4,62542426745,2502412,0
62.5552,4,62552654769,2502412,0
62.5679,4,62565385799,2502412,0
62.5759,4,62573351223,2502412,0
62.5861,4,62583570247,2502412,0
62.5887,4,62588666259,73000,1
62.6066,4,62604097295,2502412,0
62.6118,4,62611732313,73000,1
62.6143,4,62611805313,2502412,0
62.6194,4,62616928325,2502412,0
62.627,4,62624545343,2502412,0
62.6321,4,62629623355,2502412,0
62.6427,4,62640154785,2502412,0
62.6478,4,62645277797,2502412,0
62.6504,4,62650364809,73000,1
62.6683,4,62665795845,2502412,0
62.6788,4,62676300869,2502412,0
62.6839,4,62681387881,2502412,0
62.6941,4,62691597905,2502412,0
62.7043,4,62701807929,2502412,0
62.7119,4,62709442947,2502412,0
62.7247,4,62722191977,2502412,0
62.7273,4,62724766389,2502412,0
62.7325,4,62732392407,73000,1
62.7375,4,62735011413,2502412,0
62.7401,4,62737594825,2502412,0
62.7531,4,62750620855,2502412,0
62.7634,4,62760848879,2502412,0
62.7659,4,62763378291,2502412,0
62.771,4,62768492303,2502412,0
62.7815,4,62778970327,2502412,0
62.7866,4,62784075339,2502412,0
62.7968,4,62794294363,2502412,0
62.807,4,62804513387,2502412,0
62.8198,4,62817262417,2502412,0
62.8274,4,62824915435,2502412,0
62.8402,4,62837655465,2502412,0
62.8483,4,62848195895,73000,1
62.8663,4,62866192937,73000,1
62.8819,4,62879370967,2502412,0
62.8844,4,62881900379,2502412,0
62.8946,4,62892074403,2502412,0
62.9022,4,62899745421,2502412,0
62.9099,4,62907398439,2502412,0
62.9175,4,62915033457,2502412,0
62.9253,4,62925261481,73000,1
62.9254,4,62925368481,73000,1
62.9642,4,62964097977,73000,1
63.013,4,63010481085,2502412,0
63.0155,4,63013010497,2502412,0
63.0182,4,63018088509,73000,1
63.0335,4,63030980539,2502412,0
63.0387,4,63038624557,73000,1
63.0569,4,63054376999,2502412,0
63.0645,4,63061985017,2502412,0
63.0721,4,63069647035,2502412,0
63.0827,4,63080152059,2502412,0
63.0878,4,63085266071,2502412,0
63.098,4,63095467095,2502412,0
63.1031,4,63100563107,2502412,0
63.1132,4,63110737131,2502412,0
63.1134,4,63113302543,73000,1
63.1338,4,63131282179,2502412,0
63.1339,4,63133838591,73000,1
63.1492,4,63146704215,2502412,0
63.1597,4,63157200239,2502412,0
63.1673,4,63164844257,2502412,0
63.175,4,63172479275,2502412,0
63.1855,4,63183020299,2502412,0
63.1906,4,63188107311,2502412,0
63.2008,4,63198299335,2502412,0
63.2059,4,63203395347,2502412,0
63.2086,4,63208491359,73000,1
63.2213,4,63218826383,2502412,0
63.229,4,63226470401,2502412,0
63.2366,4,63234105419,2502412,0
63.2444,4,63244324443,73000,1
63.2626,4,63260067885,2502412,0
63.2627,4,63262606297,73000,1
63.2756,4,63275480921,73000,1
63.3014,4,63298886975,2502412,0
63.3116,4,63309078999,2502412,0
63.3192,4,63316714017,2502412,0
63.3269,4,63324358035,2502412,0
63.3371,4,63334550059,2502412,0
63.3449,4,63344778083,73000,1
63.355,4,63352538101,2502412,0
63.363,4,63360477119,2502412,0
63.3682,4,63368148137,73000,1
63.3784,4,63375917155,2502412,0
63.3861,4,63383561173,2502412,0
63.3914,4,63388943185,2502412,0
63.3965,4,63394030197,2502412,0
63.4042,4,63401683215,2502412,0
63.4144,4,63411884239,2502412,0
63.4169,4,63414413651,2502412,0
63.4222,4,63422084669,73000,1
63.4298,4,63427323681,2502412,0
63.4325,4,63432401693,73000,1
63.4401,4,63437604705,2502412,0
63.4477,4,63445230723,2502412,0
63.4554,4,63452883741,2502412,0
63.4608,4,63458283753,2502412,0
63.4684,4,63465918771,2502412,0
63.4737,4,63473607789,73000,1
63.4787,4,63476244795,2502412,0
63.4839,4,63481349807,2502412,0
63.4969,4,63494384837,2502412,0
63.502,4,63499498849,2502412,0
63.5096,4,63507115867,2502412,0
63.5149,4,63514813885,73000,1
63.5174,4,63514893885,2502412,0
63.5225,4,63519953897,2502412,0
63.5301,4,63527624915,2502412,0
63.5403,4,63537834939,2502412,0
63.548,4,63545487957,2502412,0
63.5506,4,63550565969,73000,1
63.5587,4,63558674393,73000,1
63.5919,4,63589429465,2502412,0
63.5948,4,63592271877,2502412,0
63.6075,4,63604975907,2502412,0
63.6152,4,63612655925,2502412,0
63.6228,4,63620317943,2502412,0
63.6255,4,63625404955,73000,1
63.628,4,63625477955,2502412,0
63.6356,4,63633112973,2502412,0
63.6381,4,63635642385,2502412,0
63.6458,4,63643313403,2502412,0
63.6485,4,63648400415,73000,1
63.6613,4,63658762439,2502412,0
63.6641,4,63661614445,2502412,0
63.6717,4,63669231463,2502412,0
63.6768,4,63674291475,2502412,0
63.6819,4,63679360487,2502412,0
63.6844,4,63681916899,2502412,0
63.687,4,63684464311,2502412,0
63.6946,4,63692099329,2502412,0
63.7026,4,63700100753,2502412,0
63.7102,4,63707744771,2502412,0
63.7104,4,63710301183,73000,1
63.7206,4,63718061795,2502412,0
63.7282,4,63725732813,2502412,0
63.7333,4,63730801825,2502412,0
63.7385,4,63738445843,73000,1
63.7564,4,63753903879,2502412,0
63.7669,4,63764408309,2502412,0
63.7771,4,63774582333,2502412,0
63.7823,4,63782262351,73000,1
63.8031,4,63800563393,2502412,0
63.8158,4,63813303423,2502412,0
63.8209,4,63818381435,2502412,0
63.8287,4,63828609459,73000,1
63.8338,4,63831282465,2502412,0
63.8465,4,63844013495,2502412,0
63.8517,4,63851666513,73000,1
63.8568,4,63854303519,2502412,0
63.8594,4,63856859931,2502412,0
63.8724,4,63869912367,2502412,0
63.8852,4,63882661397,2502412,0
63.8879,4,63887784409,73000,1
63.9035,4,63900962439,2502412,0
63.9085,4,63906031451,2502412,0
63.9187,4,63916232475,2502412,0
63.9239,4,63921355487,2502412,0
63.924,4,63923884899,73000,1
63.9444,4,63941873535,2502412,0
63.9445,4,63944420947,73000,1
63.9649,4,63962400583,2502412,0
63.965,4,63964938995,73000,1
63.9832,4,63980665031,2502412,0
63.9882,4,63985734043,2502412,0
63.9908,4,63988281455,2502412,0
63.996,4,63995907473,73000,1
64.0091,4,64006564497,2502412,0
64.0142,4,64011651509,2502412,0
64.0192,4,64016738521,2502412,0
64.0193,4,64019267933,73000,1
64.027,4,64024489539,2502412,0
64.0271,4,64027036951,73000,1
64.0347,4,64032231557,2502412,0
64.0398,4,64037291569,2502412,0
64.0399,4,64039874981,73000,1
64.0604,4,64057872617,2502412,0
64.0681,4,64068055641,73000,1
64.0838,4,64081260077,2502412,0
64.0888,4,64086320089,2502412,0
64.0964,4,64093946107,2502412,0
64.0966,4,64096502519,73000,1
64.1071,4,64104594131,2502412,0
64.1123,4,64112247149,73000,1
64.1225,4,64120016167,2502412,0
64.1277,4,64127669185,73000,1
64.1457,4,64145666227,73000,1
64.1738,4,64171271287,2502412,0
64.1843,4,64181776311,2502412,0
64.1919,4,64189438329,2502412,0
64.197,4,64194516341,2502412,0
64.2021,4,64199576353,2502412,0
64.2046,4,64202105765,2502412,0
64.2151,4,64212646789,2502412,0
64.2203,4,64217769801,2502412,0
64.2279,4,64225413819,2502412,0
64.228,4,64227943231,73000,1
64.2409,4,64240853855,73000,1
64.2588,4,64256275891,2502412,0
64.2715,4,64269024921,2502412,0
64.282,4,64279502351,2502412,0
64.2846,4,64282049763,2502412,0
64.2872,4,64287154775,73000,1
64.2974,4,64294932793,2502412,0
64.3001,4,64300019805,73000,1
64.3157,4,64313196015,2502412,0
64.3182,4,64315743427,2502412,0
64.3233,4,64320821439,2502412,0
64.3285,4,64328465457,73000,1
64.3464,4,64343932493,2502412,0
64.3592,4,64356672523,2502412,0
64.3617,4,64359219935,2502412,0
64.3745,4,64371968965,2502412,0
64.3826,4,64382509395,73000,1
64.3955,4,64395383425,73000,1
64.398,4,64395472425,2502412,0
64.4107,4,64408212455,2502412,0
64.4163,4,64416186879,73000,1
64.4239,4,64421407891,2502412,0
64.424,4,64423937303,73000,1
64.4316,4,64429140909,2502412,0
64.4418,4,64439323933,2502412,0
64.4419,4,64441853345,73000,1
64.4547,4,64452215963,2502412,0
64.4675,4,64464964993,2502412,0
64.4802,4,64477714023,2502412,0
64.4933,4,64490776053,2502412,0
64.4984,4,64495863065,2502412,0
64.5009,4,64498392477,2502412,0
64.506,4,64503452489,2502412,0
64.5086,4,64508539501,73000,1
64.5111,4,64508612501,2502412,0
64.5136,4,64511141913,2502412,0
64.5167,4,64516613331,73000,1
64.5269,4,64524409349,2502412,0
64.5347,4,64534619373,73000,1
64.5449,4,64542352391,2502412,0
64.5551,4,64552553415,2502412,0
64.5601,4,64557622427,2502412,0
64.5627,4,64560160839,2502412,0
64.5652,4,64562690251,2502412,0
64.5728,4,64570316269,2502412,0
64.5805,4,64577978287,2502412,0
64.583,4,64580534699,2502412,0
64.5859,4,64583377705,2502412,0
64.5884,4,64585916117,2502412,0
64.6012,4,64598656147,2502412,0
64.6037,4,64601230559,2502412,0
64.6115,4,64611440583,73000,1
64.6246,4,64622088607,2502412,0
64.6324,4,64632289631,73000,1
64.6401,4,64640067649,73000,1
64.6631,4,64660576697,2502412,0
64.6656,4,64663106109,2502412,0
64.6682,4,64665653521,2502412,0
64.6809,4,64678366551,2502412,0
64.6834,4,64680913963,2502412,0
64.6836,4,64683497375,73000,1
64.6942,4,64694154399,73000,1
64.7226,4,64720072459,2502412,0
64.7302,4,64727725477,2502412,0
64.743,4,64740474507,2502412,0
64.7532,4,64750693531,2502412,0
64.7583,4,64755771543,2502412,0
64.7685,4,64765963567,2502412,0
64.7712,4,64771086579,73000,1
64.7865,4,64783960609,2502412,0
64.7894,4,64789369027,73000,1
64.8073,4,64804791063,2502412,0
64.8149,4,64812417081,2502412,0
64.8255,4,64822949105,2502412,0
64.8305,4,64828036117,2502412,0
64.8382,4,64835671135,2502412,0
64.8458,4,64843306153,2502412,0
64.8535,4,64850968171,2502412,0
64.8662,4,64863717201,2502412,0
64.8688,4,64866264613,2502412,0
64.8764,4,64873908631,2502412,0
64.884,4,64881534649,2502412,0
64.892,4,64889509073,2502412,0
64.8973,4,64897207091,73000,1
64.9049,4,64902401103,2502412,0
64.91,4,64907488115,2502412,0
64.9202,4,64917662139,2502412,0
64.9256,4,64923107151,2502412,0
64.9308,4,64930733169,73000,1
64.9436,4,64941068193,2502412,0
64.9486,4,64946128205,2502412,0
64.9537,4,64951224217,2502412,0
64.9538,4,64953762629,73000,1
64.9666,4,64964107247,2502412,0
64.9717,4,64969176259,2502412,0
64.9819,4,64979368283,2502412,0
64.9895,4,64987030301,2502412,0
64.9921,4,64989568713,2502412,0
65.0051,4,65002612743,2502412,0
65.0077,4,65005178155,2502412,0
65.0204,4,65017918185,2502412,0
65.023,4,65020465597,2502412,0
65.0255,4,65023004009,2502412,0
65.036,4,65033499439,2502412,0
65.0411,4,65038559451,2502412,0
65.0438,4,65043727463,73000,1
65.0515,4,65048957475,2502412,0
65.0592,4,65059140499,73000,1
65.072,4,65069457523,2502412,0
65.0796,4,65077101541,2502412,0
65.0872,4,65084745559,2502412,0
65.0949,4,65092389577,2502412,0
65.103,4,65102930601,73000,1
65.1209,4,65118370637,2502412,0
65.1339,4,65131432667,2502412,0
65.1441,4,65141597691,2502412,0
65.1466,4,65144127103,2502412,0
65.1519,4,65151798121,73000,1
65.1698,4,65167256157,2502412,0
65.1748,4,65172325169,2502412,0
65.1749,4,65174854581,73000,1
65.1825,4,65180022187,2502412,0
65.1876,4,65185136199,2502412,0
65.1979,4,65195364223,2502412,0
65.1983,4,65198216229,73000,1
65.2009,4,65200871235,73000,1
65.2164,4,65216320271,73000,1
65.2448,4,65242265331,2502412,0
65.2498,4,65247334343,2502412,0
65.2576,4,65257562367,73000,1
65.2653,4,65262756379,2502412,0
65.273,4,65272957403,73000,1
65.2909,4,65288397439,2502412,0
65.304,4,65301455009,2502412,0
65.3141,4,65311629033,2502412,0
65.3167,4,65314158445,2502412,0
65.3219,4,65321856463,73000,1
65.3376,4,65335061493,2502412,0
65.3452,4,65342687511,2502412,0
65.3503,4,65347756523,2502412,0
65.3605,4,65357966547,2502412,0
65.3656,4,65363053559,2502412,0
65.3657,4,65365600971,73000,1
65.3836,4,65381068601,2502412,0
65.3862,4,65386137613,73000,1
65.3989,4,65396445637,2502412,0
65.4044,4,65401863055,2502412,0
65.4146,4,65412073079,2502412,0
65.4197,4,65417160091,2502412,0
65.4223,4,65422247103,73000,1
65.438,4,65435470133,2502412,0
65.4507,4,65448219163,2502412,0
65.4533,4,65450748575,2502412,0
65.4609,4,65458365593,2502412,0
65.4659,4,65463425605,2502412,0
65.471,4,65468512617,2502412,0
65.4761,4,65473626629,2502412,0
65.4762,4,65476165041,73000,1
65.4813,4,65478820641,2502412,0
65.4864,4,65483925653,2502412,0
65.4917,4,65491587671,73000,1
65.4993,4,65496817683,2502412,0
65.5074,4,65507340113,73000,1
65.5125,4,65509986119,2502412,0
65.5126,4,65512515531,73000,1
65.5178,4,65517728137,73000,1
65.5305,4,65528036161,2502412,0
65.5436,4,65541089191,2502412,0
65.5513,4,65548751209,2502412,0
65.5614,4,65558934233,2502412,0
65.5691,4,65566605251,2502412,0
65.5793,4,65576815275,2502412,0
65.592,4,65589546305,2502412,0
65.6022,4,65599747329,2502412,0
65.6023,4,65602276741,73000,1
65.6079,4,65607828753,73000,1
65.613,4,65610492759,2502412,0
65.6182,4,65618127777,73000,1
65.6311,4,65631028807,73000,1
65.6647,4,65664635885,73000,1
65.7238,4,65721265033,2502412,0
65.7288,4,65726334045,2502412,0
65.7341,4,65733996063,73000,1
65.7446,4,65742078081,2502412,0
65.7522,4,65749704099,2502412,0
65.7575,4,65757384117,73000,1
65.7676,4,65765135135,2502412,0
65.7804,4,65777884165,2502412,0
65.7931,4,65790606195,2502412,0
65.7984,4,65798295213,73000,1
65.8087,4,65808612237,73000,1
65.8345,4,65832026697,2502412,0
65.8447,4,65842191721,2502412,0
65.8502,4,65850175145,73000,1
65.8579,4,65855387157,2502412,0
65.8681,4,65865588181,2502412,0
65.8783,4,65875762205,2502412,0
65.8834,4,65880876217,2502412,0
65.8961,4,65893598247,2502412,0
65.9039,4,65903826271,73000,1
65.917,4,65914455701,2502412,0
65.9247,4,65924656725,73000,1
65.9427,4,65942653767,73000,1
65.9813,4,65978826851,2502412,0
65.984,4,65983904863,73000,1
65.9892,4,65989143875,73000,1
66.0253,4,66022759359,2502412,0
66.033,4,66032933383,73000,1
66.0355,4,66033006383,2502412,0
66.0406,4,66038138395,2502412,0
66.0457,4,66043198407,2502412,0
66.0537,4,66051164425,2502412,0
66.0564,4,66056278437,73000,1
66.0667,4,66066622461,73000,1
66.1101,4,66107569557,2502412,0
66.1152,4,66112665569,2502412,0
66.1282,4,66125718005,2502412,0
66.1308,4,66128274417,2502412,0
66.1384,4,66135900435,2502412,0
66.146,4,66143544453,2502412,0
66.1487,4,66148658465,73000,1
66.1541,4,66151608471,2502412,0
66.1618,4,66159279489,2502412,0
66.1644,4,66164357501,73000,1
66.1823,4,66179815537,2502412,0
66.1925,4,66190007561,2502412,0
66.2052,4,66202729591,2502412,0
66.213,4,66212948615,73000,1
66.2155,4,66213037615,2502412,0
66.2211,4,66221021039,73000,1
66.2263,4,66226251051,73000,1
66.2649,4,66262415135,2502412,0
66.2776,4,66275128165,2502412,0
66.2802,4,66277702577,2502412,0
66.2878,4,66285319595,2502412,0
66.2955,4,66292990613,2502412,0
66.2956,4,66295529025,73000,1
66.3032,4,66300714631,2502412,0
66.3083,4,66305774643,2502412,0
66.316,4,66313454661,2502412,0
66.321,4,66318514673,2502412,0
66.3266,4,66326525097,73000,1
66.3267,4,66326632097,73000,1
66.3498,4,66349752151,73000,1
66.3525,4,66352389157,73000,1
66.3708,4,66370681199,73000,1
66.4065,4,66403984277,2502412,0
66.4116,4,66409062289,2502412,0
66.4117,4,66411591701,73000,1
66.4193,4,66416795307,2502412,0
66.4194,4,66419342719,73000,1
66.4245,4,66421989319,2502412,0
66.4326,4,66432520749,73000,1
66.4378,4,66437750761,73000,1
66.443,4,66442926773,73000,1
66.4765,4,66474012845,2502412,0
66.4892,4,66486725875,2502412,0
66.4918,4,66489273287,2502412,0
66.4994,4,66496899305,2502412,0
66.5019,4,66499428717,2502412,0
66.5046,4,66504497729,73000,1
66.5199,4,66517443759,2502412,0
66.525,4,66522521771,2502412,0
66.533,4,66530460195,2502412,0
66.5355,4,66532989607,2502412,0
66.5406,4,66538076619,2502412,0
66.5508,4,66548286643,2502412,0
66.5559,4,66553418655,2502412,0
66.5664,4,66563878679,2502412,0
66.5665,4,66566471091,73000,1
66.5691,4,66566560685,2502412,0
66.5692,4,66569099097,73000,1
66.5794,4,66576877709,2502412,0
66.582,4,66581964721,73000,1
66.5845,4,66582037721,2502412,0
66.5896,4,66587115733,2502412,0
66.5922,4,66589663145,2502412,0
66.5974,4,66597307163,73000,1
66.6025,4,66599980169,2502412,0
66.6152,4,66612720199,2502412,0
66.6229,4,66620391217,2502412,0
66.628,4,66625451229,2502412,0
66.6334,4,66630868647,2502412,0
66.6436,4,66641078671,2502412,0
66.6487,4,66646147683,2502412,0
66.6563,4,66653809701,2502412,0
66.664,4,66661471719,2502412,0
66.6668,4,66664323131,2502412,0
66.6694,4,66666852543,2502412,0
66.6821,4,66679592573,2502412,0
66.6846,4,66682121985,2502412,0
66.6872,4,66684660397,2502412,0
66.6949,4,66694870421,73000,1
66.7078,4,66705259445,2502412,0
66.7128,4,66710328457,2502412,0
66.7179,4,66715397469,2502412,0
66.7255,4,66722996487,2502412,0
66.7281,4,66725570899,2502412,0
66.7362,4,66736093329,73000,1
66.7489,4,66746419353,2502412,0
66.7617,4,66759159383,2502412,0
66.7697,4,66767152401,2502412,0
66.7773,4,66774751419,2502412,0
66.78,4,66779892431,73000,1
66.7876,4,66785068443,2502412,0
66.7927,4,66790200455,2502412,0
66.7928,4,66792729867,73000,1
66.803,4,66800490479,2502412,0
66.8132,4,66810700503,2502412,0
66.8183,4,66815796515,2502412,0
66.8285,4,66825988539,2502412,0
66.8361,4,66833632557,2502412,0
66.8467,4,66844164581,2502412,0
66.8493,4,66849260593,73000,1
66.8672,4,66864691629,2502412,0
66.8777,4,66875187653,2502412,0
66.8828,4,66880283665,2502412,0
66.888,4,66887909683,73000,1
66.8905,4,66888016683,2502412,0
66.9007,4,66898217707,2502412,0
66.9109,4,66908427731,2502412,0
66.9187,4,66918655755,73000,1
66.924,4,66923885767,73000,1
66.9447,4,66942150215,2502412,0
66.9523,4,66949785233,2502412,0
66.9625,4,66959995257,2502412,0
66.9677,4,66967630275,73000,1
66.9757,4,66973164287,2502412,0
66.9833,4,66980799305,2502412,0
66.9935,4,66990991329,2502412,0
66.9986,4,66996096341,2502412,0
67.0013,4,67001192353,73000,1
67.0089,4,67006395365,2502412,0
67.0165,4,67014039383,2502412,0
67.0218,4,67021719401,73000,1
67.0372,4,67037132437,73000,1
67.0605,4,67057989891,2502412,0
67.0682,4,67068163915,73000,1
67.0813,4,67078793939,2502412,0
67.0889,4,67086437957,2502412,0
67.0992,4,67096647981,2502412,0
67.1069,4,67106876005,73000,1
67.1274,4,67124864047,2502412,0
67.1375,4,67135020071,2502412,0
67.1426,4,67140089083,2502412,0
67.1455,4,67142950089,2502412,0
67.148,4,67145488501,2502412,0
67.1607,4,67158228531,2502412,0
67.1633,4,67160784943,2502412,0
67.1685,4,67168455961,73000,1
67.1736,4,67171101967,2502412,0
67.1761,4,67173631379,2502412,0
67.1842,4,67184144809,73000,1
67.197,4,67194488833,2502412,0
67.1995,4,67197027245,2502412,0
67.2122,4,67209731275,2502412,0
67.215,4,67214890287,73000,1
67.2328,4,67230330323,2502412,0
67.243,4,67240486347,2502412,0
67.2431,4,67243015759,73000,1
67.2538,4,67253708783,73000,1
67.2639,4,67261423801,2502412,0
67.2767,4,67274154831,2502412,0
67.2847,4,67282147849,2502412,0
67.2923,4,67289809867,2502412,0
67.2999,4,67297444885,2502412,0
67.3127,4,67310193915,2502412,0
67.3152,4,67312723327,2502412,0
67.323,4,67322942351,73000,1
67.3409,4,67338373387,2502412,0
67.341,4,67340929799,73000,1
67.3486,4,67346097405,2502412,0
67.3516,4,67351542417,73000,1
67.3644,4,67361859441,2502412,0
67.3771,4,67374599471,2502412,0
67.3876,4,67385077495,2502412,0
67.3927,4,67390209507,2502412,0
67.3978,4,67395278519,2502412,0
67.4054,4,67402895537,2502412,0
67.4105,4,67408009549,2502412,0
67.413,4,67410538961,2502412,0
67.4157,4,67415643973,73000,1
67.4234,4,67420891985,2502412,0
67.4285,4,67425960997,2502412,0
67.4361,4,67433578015,2502412,0
67.4438,4,67441249033,2502412,0
67.4514,4,67448920051,2502412,0
67.4595,4,67459425075,73000,1
67.4723,4,67469751099,2502412,0
67.4853,4,67482813129,2502412,0
67.488,4,67487927141,73000,1
67.4956,4,67493121153,2502412,0
67.4958,4,67495677565,73000,1
67.5085,4,67505986183,2502412,0
67.5187,4,67516178207,2502412,0
67.5237,4,67521247219,2502412,0
67.534,4,67531457243,2502412,0
67.5365,4,67534004655,2502412,0
67.5416,4,67539073667,2502412,0
67.5441,4,67541612079,2502412,0
67.5517,4,67549220097,2502412,0
67.5571,4,67554629109,2502412,0
67.5648,4,67562318127,2502412,0
67.5724,4,67569944145,2502412,0
67.5726,4,67572536557,73000,1
67.5804,4,67580333169,73000,1
67.6191,4,67619063259,73000,1
67.6498,4,67647252325,2502412,0
67.6577,4,67655181749,2502412,0
67.6653,4,67662807767,2502412,0
67.6679,4,67665355179,2502412,0
67.6755,4,67672990197,2502412,0
67.6832,4,67680670215,2502412,0
67.6912,4,67691175239,73000,1
67.704,4,67701483263,2502412,0
67.7116,4,67709136281,2502412,0
67.7192,4,67716744299,2502412,0
67.7245,4,67724451317,73000,1
67.7272,4,67727133323,73000,1
67.7476,4,67745058365,2502412,0
67.7527,4,67750163377,2502412,0
67.7632,4,67760667807,2502412,0
67.771,4,67770877831,73000,1
67.7736,4,67773568837,73000,1
67.8148,4,67812280927,2502412,0
67.8226,4,67822490951,73000,1
67.8303,4,67830268969,73000,1
67.8456,4,67843106999,2502412,0
67.8533,4,67850751017,2502412,0
67.8534,4,67853289429,73000,1
67.856,4,67855945029,73000,1
67.8926,4,67892488081,73000,1
67.9335,4,67933453177,73000,1
67.9696,4,67967068661,2502412,0
67.9746,4,67972137673,2502412,0
67.9798,4,67979763691,73000,1
67.9824,4,67979897691,2502412,0
67.9926,4,67990071715,2502412,0
67.998,4,67995462727,2502412,0
67.9981,4,67998037139,73000,1
68.0109,4,68008372757,2502412,0
68.0185,4,68015980775,2502412,0
68.0237,4,68023660793,73000,1
68.0392,4,68039109829,73000,1
68.0701,4,68067575301,2502412,0
68.0728,4,68072689313,73000,1
68.0831,4,68083015337,73000,1
68.1191,4,68116613415,2502412,0
68.1268,4,68124257433,2502412,0
68.1344,4,68131856451,2502412,0
68.1369,4,68134403863,2502412,0
68.1497,4,68147152893,2502412,0
68.1522,4,68149682305,2502412,0
68.1573,4,68154823317,2502412,0
68.1675,4,68164997341,2502412,0
68.1731,4,68173008359,73000,1
68.191,4,68188448395,2502412,0
68.196,4,68193508407,2502412,0
68.2041,4,68204049431,73000,1
68.217,4,68216914461,73000,1
68.2425,4,68240007515,2502412,0
68.2476,4,68245085527,2502412,0
68.2552,4,68252693545,2502412,0
68.2553,4,68255258957,73000,1
68.2579,4,68255357551,2502412,0
68.2605,4,68260453563,73000,1
68.2762,4,68273648999,2502412,0
68.2812,4,68278736011,2502412,0
68.2914,4,68288928035,2502412,0
68.2965,4,68294042047,2502412,0
68.2992,4,68299120059,73000,1
68.3071,4,68304645071,2502412,0
68.3173,4,68314846095,2502412,0
68.3224,4,68319933107,2502412,0
68.3326,4,68330143131,2502412,0
68.3328,4,68332690543,73000,1
68.3455,4,68343026161,2502412,0
68.3583,4,68355766191,2502412,0
68.3685,4,68365949215,2502412,0
68.3686,4,68368505627,73000,1
68.3741,4,68374012639,73000,1
68.3793,4,68379251651,73000,1
68.4308,4,68430739771,73000,1
68.4359,4,68433403777,2502412,0
68.4461,4,68443586801,2502412,0
68.4563,4,68453769825,2502412,0
68.4614,4,68458883837,2502412,0
68.469,4,68466509855,2502412,0
68.477,4,68474493279,2502412,0
68.4897,4,68487215309,2502412,0
68.4948,4,68492347321,2502412,0
68.505,4,68502539345,2502412,0
68.513,4,68510505363,2502412,0
68.5207,4,68518167381,2502412,0
68.5208,4,68520696793,73000,1
68.5335,4,68531023411,2502412,0
68.5437,4,68541215435,2502412,0
68.5515,4,68551407459,73000,1
68.5566,4,68554089465,2502412,0
68.5693,4,68566838495,2502412,0
68.5719,4,68569367907,2502412,0
68.572,4,68571897319,73000,1
68.5799,4,68577368331,2502412,0
68.5824,4,68579924743,2502412,0
68.5875,4,68585002755,2502412,0
68.5926,4,68590098767,2502412,0
68.5927,4,68592637179,73000,1
68.5978,4,68595292779,2502412,0
68.6055,4,68602963797,2502412,0
68.6135,4,68610947815,2502412,0
68.6236,4,68621130839,2502412,0
68.6287,4,68626235851,2502412,0
68.6314,4,68631331863,73000,1
68.6492,4,68646744899,2502412,0
68.6569,4,68654406917,2502412,0
68.6671,4,68664607941,2502412,0
68.6773,4,68674790965,2502412,0
68.6827,4,68680208383,2502412,0
68.6929,4,68690418407,2502412,0
68.6956,4,68695532419,73000,1
68.7034,4,68703310437,73000,1
68.7139,4,68711365455,2502412,0
68.714,4,68713903867,73000,1
68.7319,4,68729379497,2502412,0
68.7344,4,68731926909,2502412,0
68.7345,4,68734474321,73000,1
68.7448,4,68742261933,2502412,0
68.7474,4,68747348945,73000,1
68.755,4,68752488957,2502412,0
68.7575,4,68755027369,2502412,0
68.7601,4,68757574781,2502412,0
68.7728,4,68770287811,2502412,0
68.7753,4,68772817223,2502412,0
68.7779,4,68775436635,2502412,0
68.7909,4,68788444071,2502412,0
68.7936,4,68791063483,2502412,0
68.7937,4,68793592895,73000,1
68.8064,4,68803919513,2502412,0
68.8115,4,68808997525,2502412,0
68.822,4,68819511549,2502412,0
68.8271,4,68824598561,2502412,0
68.8347,4,68832233579,2502412,0
68.8373,4,68834771991,2502412,0
68.8425,4,68842434009,73000,1
68.8604,4,68857901045,2502412,0
68.8731,4,68870632075,2502412,0
68.8733,4,68873188487,73000,1
68.8914,4,68888896523,2502412,0
68.8941,4,68894019535,73000,1
68.9119,4,68909423571,2502412,0
68.9199,4,68917380589,2502412,0
68.9301,4,68927599613,2502412,0
68.9403,4,68937791637,2502412,0
68.9428,4,68940321049,2502412,0
68.948,4,68947965067,73000,1
68.9531,4,68950638073,2502412,0
68.9558,4,68955743085,73000,1
68.966,4,68963494103,2502412,0
68.9762,4,68973695127,2502412,0
68.9813,4,68978755139,2502412,0
68.9918,4,68989268569,2502412,0
69.0045,4,69002017599,2502412,0
69.0097,4,69007149611,2502412,0
69.0198,4,69017296635,2502412,0
69.0227,4,69020157047,2502412,0
69.0252,4,69022704459,2502412,0
69.0379,4,69035417489,2502412,0
69.0405,4,69038045901,2502412,0
69.0533,4,69050749931,2502412,0
69.0585,4,69058447949,73000,1
69.0612,4,69061129955,73000,1
69.0613,4,69061227955,73000,1
69.0689,4,69066403967,2502412,0
69.074,4,69071481979,2502412,0
69.0765,4,69074020391,2502412,0
69.0867,4,69084158415,2502412,0
69.0922,4,69089647833,2502412,0
69.1023,4,69099794857,2502412,0
69.1074,4,69104944869,2502412,0
69.1101,4,69110013881,73000,1
69.1203,4,69117800899,2502412,0
69.1282,4,69125739917,2502412,0
69.141,4,69138488947,2502412,0
69.1537,4,69151237977,2502412,0
69.1589,4,69156360989,2502412,0
69.1667,4,69166580013,73000,1
69.1795,4,69179454043,73000,1
69.2155,4,69213033527,2502412,0
69.2232,4,69220695545,2502412,0
69.2288,4,69228678969,73000,1
69.2389,4,69236411987,2502412,0
69.2391,4,69238977399,73000,1
69.2492,4,69246711011,2502412,0
69.257,4,69256903035,73000,1
69.2597,4,69259612041,73000,1
69.2623,4,69262222047,73000,1
69.288,4,69287890107,73000,1
69.3447,4,69342229639,2502412,0
69.3575,4,69354960669,2502412,0
69.3626,4,69360101681,2502412,0
69.3753,4,69372841711,2502412,0
69.3779,4,69375398123,2502412,0
69.383,4,69380458135,2502412,0
69.3931,4,69390641159,2502412,0
69.3986,4,69396085577,2502412,0
69.4062,4,69403693595,2502412,0
69.4089,4,69408834607,73000,1
69.4141,4,69414073619,73000,1
69.4503,4,69450210703,73000,1
69.4992,4,69499159223,73000,1
69.5198,4,69519731271,73000,1
69.5533,4,69550781343,2502412,0
69.5635,4,69560964367,2502412,0
69.5762,4,69573695397,2502412,0
69.5813,4,69578818409,2502412,0
69.5915,4,69589010433,2502412,0
69.5966,4,69594115445,2502412,0
69.6017,4,69599184457,2502412,0
69.6097,4,69607150475,2502412,0
69.6224,4,69619890505,2502412,0
69.6302,4,69630109529,73000,1
69.6433,4,69640775553,2502412,0
69.6485,4,69648410571,73000,1
69.6563,4,69656188589,73000,1
69.6817,4,69679236643,2502412,0
69.6945,4,69691967673,2502412,0
69.697,4,69694542085,2502412,0
69.6996,4,69697080497,2502412,0
69.7026,4,69702479915,73000,1
69.7102,4,69707682927,2502412,0
69.7229,4,69720431957,2502412,0
69.7357,4,69733180987,2502412,0
69.7362,4,69736086399,73000,1
69.749,4,69748960429,73000,1
69.7669,4,69764391465,2502412,0
69.777,4,69774538489,2502412,0
69.7796,4,69777067901,2502412,0
69.7847,4,69782172913,2502412,0
69.7872,4,69784711325,2502412,0
69.7974,4,69794912349,2502412,0
69.7999,4,69797441761,2502412,0
69.805,4,69802510773,2502412,0
69.8155,4,69813024797,2502412,0
69.8181,4,69815554209,2502412,0
69.8206,4,69818137621,2502412,0
69.8257,4,69823233633,2502412,0
69.8359,4,69833407657,2502412,0
69.8413,4,69838843669,2502412,0
69.8515,4,69849026693,2502412,0
69.8541,4,69851583105,2502412,0
69.8592,4,69856670117,2502412,0
69.8617,4,69859208529,2502412,0
69.8719,4,69869409553,2502412,0
69.8772,4,69877098571,73000,1
69.8848,4,69882328583,2502412,0
69.895,4,69892511607,2502412,0
69.9002,4,69900155625,73000,1
69.9158,4,69913315061,2502412,0
69.9209,4,69918420073,2502412,0
69.9235,4,69920958485,2502412,0
69.9336,4,69931114509,2502412,0
69.9361,4,69933643921,2502412,0
69.9387,4,69936173333,2502412,0
69.9441,4,69941573345,2502412,0
69.9543,4,69951801369,2502412,0
69.9569,4,69954366781,2502412,0
69.9696,4,69967106811,2502412,0
69.9722,4,69969654223,2502412,0
69.9773,4,69974768235,2502412,0
69.9824,4,69982376253,73000,1
69.9978,4,69995322283,2502412,0
70.008,4,70005460307,2502412,0
70.016,4,70013461731,2502412,0
70.0161,4,70015991143,73000,1
70.0187,4,70018673743,73000,1
70.0393,4,70039227791,73000,1
70.1191,4,70116553377,2502412,0
70.1216,4,70119082789,2502412,0
70.1268,4,70126726807,73000,1
70.1397,4,70139645837,73000,1
70.1732,4,70170695909,2502412,0
70.1784,4,70178303927,73000,1
70.1809,4,70178383927,2502412,0
70.186,4,70183506939,2502412,0
70.1911,4,70188584951,2502412,0
70.1987,4,70196228969,2502412,0
70.1988,4,70198776381,73000,1
70.2039,4,70201422981,2502412,0
70.2142,4,70211651005,2502412,0
70.2246,4,70222147029,2502412,0
70.2297,4,70227243041,2502412,0
70.2399,4,70237444065,2502412,0
70.2451,4,70242567077,2502412,0
70.248,4,70247949089,73000,1
70.2635,4,70263425125,73000,1
70.3043,4,70301824215,2502412,0
70.3171,4,70314555245,2502412,0
70.3199,4,70317398251,2502412,0
70.3226,4,70322494263,73000,1
70.3276,4,70325140269,2502412,0
70.3327,4,70330245281,2502412,0
70.343,4,70340464305,2502412,0
70.356,4,70353490335,2502412,0
70.3586,4,70356055747,2502412,0
70.3611,4,70358585159,2502412,0
70.3738,4,70371289189,2502412,0
70.3763,4,70373836601,2502412,0
70.3815,4,70378986613,2502412,0
70.3816,4,70381516025,73000,1
70.3918,4,70389285637,2502412,0
70.3919,4,70391851049,73000,1
70.4021,4,70399620661,2502412,0
70.4022,4,70402150073,73000,1
70.4123,4,70409822685,2502412,0
70.4175,4,70414954697,2502412,0
70.428,4,70425477127,2502412,0
70.4356,4,70433121145,2502412,0
70.4433,4,70440783163,2502412,0
70.4484,4,70445852175,2502412,0
70.4588,4,70456330199,2502412,0
70.4614,4,70458877611,2502412,0
70.4691,4,70466557629,2502412,0
70.4767,4,70474165647,2502412,0
70.4768,4,70476767059,73000,1
70.4819,4,70479404659,2502412,0
70.4896,4,70487075677,2502412,0
70.5023,4,70499788707,2502412,0
70.5025,4,70502381119,73000,1
70.5229,4,70520369755,2502412,0
70.5359,4,70533404785,2502412,0
70.536,4,70535970197,73000,1
70.5488,4,70546287815,2502412,0
70.5539,4,70551356827,2502412,0
70.5568,4,70556729839,73000,1
70.5569,4,70556863839,73000,1
70.5672,4,70564650857,2502412,0
70.5748,4,70572267875,2502412,0
70.585,4,70582477899,2502412,0
70.5952,4,70592687923,2502412,0
70.6079,4,70605391953,2502412,0
70.6105,4,70607948365,2502412,0
70.6157,4,70615610383,73000,1
70.6208,4,70618256389,2502412,0
70.6262,4,70623689003,2502412,0
70.6364,4,70633899027,2502412,0
70.6491,4,70646630057,2502412,0
70.6518,4,70651771069,73000,1
70.6623,4,70659844087,2502412,0
70.6725,4,70669991111,2502412,0
70.6751,4,70672565523,2502412,0
70.6827,4,70680191541,2502412,0
70.688,4,70687889559,73000,1
70.6981,4,70695631577,2502412,0
70.6983,4,70698187989,73000,1
70.6984,4,70698277583,73000,1
70.7085,4,70706037601,2502412,0
70.7187,4,70716238625,2502412,0
70.7318,4,70729255061,2502412,0
70.7343,4,70731820473,2502412,0
70.7395,4,70739473491,73000,1
70.7447,4,70742164497,2502412,0
70.7574,4,70754850527,2502412,0
70.7599,4,70757388939,2502412,0
70.7679,4,70765372363,2502412,0
70.7755,4,70772962381,2502412,0
70.778,4,70775500793,2502412,0
70.7807,4,70780650805,73000,1
70.7911,4,70791012829,73000,1
70.8166,4,70814060883,2502412,0
70.8191,4,70816617295,2502412,0
70.8192,4,70819155707,73000,1
70.8294,4,70826898319,2502412,0
70.8348,4,70832316331,2502412,0
70.8399,4,70837385343,2502412,0
70.8424,4,70839914755,2502412,0
70.845,4,70844974767,73000,1
70.8478,4,70847692773,73000,1
70.8712,4,70871098827,73000,1
70.9558,4,70953288425,2502412,0
70.9634,4,70960905443,2502412,0
70.9713,4,70968835461,2502412,0
70.979,4,70976506479,2502412,0
70.9866,4,70984123497,2502412,0
70.9943,4,70991812515,2502412,0
71.0045,4,71002013539,2502412,0
71.0147,4,71012196563,2502412,0
71.0198,4,71017292575,2502412,0
71.0199,4,71019848987,73000,1
71.0252,4,71025079593,73000,1
71.0663,4,71063809089,2502412,0
71.0793,4,71076843525,2502412,0
71.0846,4,71084514543,73000,1
71.0896,4,71087142549,2502412,0
71.0974,4,71097343573,73000,1
71.1102,4,71107696597,2502412,0
71.1229,4,71120400627,2502412,0
71.1307,4,71130619651,73000,1
71.1489,4,71146381093,2502412,0
71.1567,4,71156591117,73000,1
71.1774,4,71174892159,2502412,0
71.1876,4,71185075183,2502412,0
71.1901,4,71187604595,2502412,0
71.1902,4,71190134007,73000,1
71.2106,4,71208104643,2502412,0
71.2234,4,71220853673,2502412,0
71.2259,4,71223383085,2502412,0
71.226,4,71225966497,73000,1
71.2362,4,71233691109,2502412,0
71.2387,4,71236229521,2502412,0
71.2468,4,71246743545,73000,1
71.2596,4,71257078569,2502412,0
71.2647,4,71262192581,2502412,0
71.2648,4,71264721993,73000,1
71.2779,4,71275361611,2502412,0
71.2881,4,71285562635,2502412,0
71.2983,4,71295754659,2502412,0
71.3035,4,71303416677,73000,1
71.3138,4,71313724701,73000,1
71.3317,4,71329155737,2502412,0
71.3318,4,71331694149,73000,1
71.3318,4,71331767149,73000,1
71.35,4,71347537591,2502412,0
71.3576,4,71355136609,2502412,0
71.3704,4,71367885639,2502412,0
71.3729,4,71370415051,2502412,0
71.3755,4,71372962463,2502412,0
71.3783,4,71375804875,2502412,0
71.3809,4,71378352287,2502412,0
71.3936,4,71391092317,2502412,0
71.3962,4,71393648729,2502412,0
71.3989,4,71398780741,73000,1
71.4064,4,71403929753,2502412,0
71.4092,4,71409097765,73000,1
71.4219,4,71419405789,2502412,0
71.4346,4,71432145819,2502412,0
71.4423,4,71439762837,2502412,0
71.4504,4,71450303267,73000,1
71.4631,4,71460638291,2502412,0
71.4708,4,71468282309,2502412,0
71.4813,4,71478796333,2502412,0
71.4864,4,71483865345,2502412,0
71.4865,4,71486421757,73000,1
71.5069,4,71504419393,2502412,0
71.5145,4,71512045411,2502412,0
71.5196,4,71517132423,2502412,0
71.5298,4,71527324447,2502412,0
71.5376,4,71537543471,73000,1
71.5402,4,71537686471,2502412,0
71.5457,4,71545624895,73000,1
71.561,4,71558516925,2502412,0
71.5637,4,71563594937,73000,1
71.5689,4,71568824949,73000,1
71.5791,4,71576557967,2502412,0
71.5921,4,71589601403,2502412,0
71.5946,4,71592139815,2502412,0
71.6074,4,71604879845,2502412,0
71.6099,4,71607427257,2502412,0
71.6227,4,71620176287,2502412,0
71.6253,4,71622750699,2502412,0
71.6278,4,71625280111,2502412,0
71.6405,4,71637966141,2502412,0
71.643,4,71640495553,2502412,0
71.6456,4,71643114965,2502412,0
71.6586,4,71656113401,2502412,0
71.6612,4,71658678813,2502412,0
71.6637,4,71661226225,2502412,0
71.6639,4,71663791637,73000,1
71.674,4,71671489249,2502412,0
71.6767,4,71676675261,73000,1
71.6794,4,71679294267,73000,1
71.718,4,71715503351,2502412,0
71.7256,4,71723093369,2502412,0
71.7282,4,71725649781,2502412,0
71.7409,4,71738371811,2502412,0
71.746,4,71743521823,2502412,0
71.7565,4,71754026253,2502412,0
71.7616,4,71759122265,2502412,0
71.7617,4,71761669677,73000,1
71.7745,4,71772005295,2502412,0
71.7823,4,71782206319,73000,1
71.8004,4,71797923355,2502412,0
71.803,4,71800470767,2502412,0
71.8106,4,71808096785,2502412,0
71.8132,4,71813156797,73000,1
71.8157,4,71813229797,2502412,0
71.8183,4,71815840209,2502412,0
71.826,4,71823448227,2502412,0
71.8336,4,71831146245,2502412,0
71.8413,4,71838790263,2502412,0
71.8439,4,71843850275,73000,1
71.8441,4,71844002275,73000,1
71.8519,4,71851780293,73000,1
71.8623,4,71859807717,2502412,0
71.8649,4,71862364129,2502412,0
71.8776,4,71875059159,2502412,0
71.8827,4,71880209171,2502412,0
71.8882,4,71888130189,73000,1
71.8907,4,71888203189,2502412,0
71.8933,4,71890759601,2502412,0
71.8958,4,71893316013,2502412,0
71.9009,4,71898376025,2502412,0
71.9111,4,71908595049,2502412,0
71.9136,4,71911142461,2502412,0
71.9162,4,71913680873,2502412,0
71.9213,4,71918758885,2502412,0
71.9315,4,71928977909,2502412,0
71.934,4,71931534321,2502412,0
71.9417,4,71939169339,2502412,0
71.9493,4,71946768357,2502412,0
71.9519,4,71949351769,2502412,0
71.9598,4,71957308193,2502412,0
71.9674,4,71964925211,2502412,0
71.97,4,71967490623,2502412,0
71.9778,4,71977700647,73000,1
71.9829,4,71980409653,2502412,0
71.9934,4,71990887677,2502412,0
72.0011,4,71998549695,2502412,0
72.0063,4,72006220713,73000,1
72.0192,4,72019094743,73000,1
72.0269,4,72026854761,73000,1
72.032,4,72029491767,2502412,0
72.0396,4,72037126785,2502412,0
72.0473,4,72044788803,2502412,0
72.0603,4,72057814239,2502412,0
72.063,4,72062955251,73000,1
72.0809,4,72078377287,2502412,0
72.0834,4,72080915699,2502412,0
72.0886,4,72088541717,73000,1
72.094,4,72091464723,2502412,0
72.0966,4,72094057135,2502412,0
72.1043,4,72104222159,73000,1
72.1069,4,72104374159,2502412,0
72.1196,4,72117069189,2502412,0
72.1221,4,72119607601,2502412,0
72.1272,4,72124721613,2502412,0
72.1375,4,72134949637,2502412,0
72.1502,4,72147689667,2502412,0
72.1579,4,72155351685,2502412,0
72.1658,4,72163317109,2502412,0
72.171,4,72170970127,73000,1
72.1839,4,72183871157,73000,1
72.1865,4,72183951157,2502412,0
72.1915,4,72189020169,2502412,0
72.1945,4,72194393181,73000,1
72.2098,4,72207321211,2502412,0
72.22,4,72217477235,2502412,0
72.2278,4,72227687259,73000,1
72.2303,4,72227767259,2502412,0
72.2379,4,72235447277,2502412,0
72.2432,4,72243118295,73000,1
72.2561,4,72255992325,73000,1
72.2819,4,72279361785,2502412,0
72.2895,4,72287005803,2502412,0
72.2921,4,72292074815,73000,1
72.2977,4,72297653827,73000,1
72.313,4,72310473857,2502412,0
72.3156,4,72313048269,2502412,0
72.3233,4,72323204293,73000,1
72.331,4,72328461305,2502412,0
72.3386,4,72336060323,2502412,0
72.3462,4,72343740341,2502412,0
72.3565,4,72353950365,2502412,0
72.3642,4,72364160389,73000,1
72.3772,4,72374681027,2502412,0
72.3899,4,72387430057,2502412,0
72.3925,4,72390004469,2502412,0
72.3976,4,72395082481,2502412,0
72.4081,4,72405613911,2502412,0
72.4106,4,72408143323,2502412,0
72.4133,4,72413239335,73000,1
72.4288,4,72428706371,73000,1
72.4621,4,72462000449,73000,1
72.488,4,72487962915,73000,1
72.6499,4,72647389693,2502412,0
72.6576,4,72657545717,73000,1
72.673,4,72670455747,2502412,0
72.681,4,72680969771,73000,1
72.6964,4,72696373807,73000,1
72.7224,4,72722354867,73000,1
72.7251,4,72725018873,73000,1
72.8997,4,72897167087,2502412,0
72.8998,4,72899741499,73000,1
72.9205,4,72918043135,2502412,0
72.9256,4,72923103147,2502412,0
72.9358,4,72933268171,2502412,0
72.9409,4,72938391183,2502412,0
72.9511,4,72948592207,2502412,0
72.9588,4,72956254225,2502412,0
72.9715,4,72969003255,2502412,0
72.9791,4,72976629273,2502412,0
72.9845,4,72982047285,2502412,0
72.9871,4,72984576697,2502412,0
72.9972,4,72994741721,2502412,0
72.9998,4,72997271133,2502412,0
73.0023,4,72999800545,2502412,0
73.01,4,73007489563,2502412,0
73.018,4,73015455581,2502412,0
73.0207,4,73020587593,73000,1
73.0335,4,73033461623,73000,1
73.0463,4,73043751647,2502412,0
73.0488,4,73046281059,2502412,0
73.0489,4,73048855471,73000,1
73.0591,4,73056598083,2502412,0
73.0718,4,73069329113,2502412,0
73.0744,4,73071867525,2502412,0
73.0769,4,73074396937,2502412,0
73.0795,4,73076953349,2502412,0
73.082,4,73079482761,2502412,0
73.095,4,73092508791,2502412,0
73.0975,4,73095047203,2502412,0
73.1003,4,73100224215,73000,1
73.1105,4,73108002233,2502412,0
73.121,4,73118498257,2502412,0
73.1237,4,73123612269,73000,1
73.1364,4,73133929293,2502412,0
73.1441,4,73141564311,2502412,0
73.1568,4,73154286341,2502412,0
73.1645,4,73161957359,2502412,0
73.1697,4,73169637377,73000,1
73.1824,4,73179945401,2502412,0
73.1879,4,73187874825,73000,1
73.2007,4,73198218849,2502412,0
73.2135,4,73210967879,2502412,0
73.2265,4,73224020909,2502412,0
73.2316,4,73229134921,2502412,0
73.2418,4,73239326945,2502412,0
73.2546,4,73252057975,2502412,0
73.2623,4,73262276999,73000,1
73.2802,4,73277735035,2502412,0
73.2878,4,73285334053,2502412,0
73.2908,4,73290770065,73000,1
73.2985,4,73295955077,2502412,0
73.3036,4,73301078089,2502412,0
73.3086,4,73306147101,2502412,0
73.3163,4,73313791119,2502412,0
73.3293,4,73326844149,2502412,0
73.337,4,73334524167,2502412,0
73.3447,4,73342168185,2502412,0
73.3448,4,73344724597,73000,1
73.3601,4,73357599221,2502412,0
73.3602,4,73360137633,73000,1
73.3705,4,73370446251,73000,1
73.3731,4,73370562251,2502412,0
73.3858,4,73383311281,2502412,0
73.3989,4,73396363717,2502412,0
73.4066,4,73406555741,73000,1
73.4224,4,73422335777,73000,1
73.4275,4,73424972783,2502412,0
73.4402,4,73437721813,2502412,0
73.4529,4,73450443843,2502412,0
73.4606,4,73458114861,2502412,0
73.4682,4,73465713879,2502412,0
73.4709,4,73470863891,73000,1
73.4734,4,73470936891,2502412,0
73.4811,4,73478589909,2502412,0
73.4838,4,73483703921,73000,1
73.502,4,73499474363,2502412,0
73.5072,4,73507100381,73000,1
73.5099,4,73509782387,73000,1
73.5227,4,73522638417,73000,1
73.5587,4,73556227495,2502412,0
73.5638,4,73561323507,2502412,0
73.574,4,73571506531,2502412,0
73.5791,4,73576602543,2502412,0
73.5792,4,73579158955,73000,1
73.5974,4,73594875991,2502412,0
73.6052,4,73605086015,73000,1
73.6077,4,73605193015,2502412,0
73.6153,4,73612837033,2502412,0
73.6231,4,73623065057,73000,1
73.6311,4,73628572069,2502412,0
73.6387,4,73636216087,2502412,0
73.6515,4,73648965117,2502412,0
73.654,4,73651503529,2502412,0
73.6592,4,73659165547,73000,1
73.6721,4,73672057577,73000,1
73.6981,4,73698020043,73000,1
73.7367,4,73734175127,2502412,0
73.7393,4,73739271139,73000,1
73.7497,4,73749597163,73000,1
73.7649,4,73762444193,2502412,0
73.77,4,73767540205,2502412,0
73.7701,4,73770069617,73000,1
73.7728,4,73772689217,73000,1
73.7753,4,73772778217,2502412,0
73.7778,4,73775307629,2502412,0
73.7805,4,73780448641,73000,1
73.7881,4,73785633653,2502412,0
73.7907,4,73788190065,2502412,0
73.7958,4,73793268077,2502412,0
73.8013,4,73801197501,73000,1
73.809,4,73806472513,2502412,0
73.8217,4,73819221543,2502412,0
73.8295,4,73829431567,73000,1
73.8374,4,73834920579,2502412,0
73.8502,4,73847669609,2502412,0
73.8578,4,73855340627,2502412,0
73.8655,4,73862957645,2502412,0
73.8706,4,73868062657,2502412,0
73.8758,4,73875697675,73000,1
73.8783,4,73875804675,2502412,0
73.8809,4,73878352087,2502412,0
73.8834,4,73880881499,2502412,0
73.8961,4,73893594529,2502412,0
73.8987,4,73896159941,2502412,0
73.9012,4,73898734353,2502412,0
73.9067,4,73906673371,73000,1
73.912,4,73911939383,73000,1
73.9404,4,73937857443,2502412,0
73.9429,4,73940404855,2502412,0
73.9556,4,73953126885,2502412,0
73.9582,4,73955656297,2502412,0
73.9607,4,73958212709,2502412,0
73.9734,4,73970916739,2502412,0
73.976,4,73973455151,2502412,0
73.9785,4,73975993563,2502412,0
73.9838,4,73983691581,73000,1
73.994,4,73991487599,2502412,0
74.0018,4,74001697623,73000,1
74.0201,4,74020007071,73000,1
74.0587,4,74056171155,2502412,0
74.0663,4,74063797173,2502412,0
74.0689,4,74068857185,73000,1
74.0843,4,74081776215,2502412,0
74.0844,4,74084314627,73000,1
74.0946,4,74092066239,2502412,0
74.0971,4,74094595651,2502412,0
74.0996,4,74097125063,2502412,0
74.1127,4,74110186499,2502412,0
74.1153,4,74112751911,2502412,0
74.1179,4,74117829923,73000,1
74.1334,4,74133296959,73000,1
74.1566,4,74154119007,2502412,0
74.1642,4,74161736025,2502412,0
74.1668,4,74164265437,2502412,0
74.1795,4,74177005467,2502412,0
74.1821,4,74179570879,2502412,0
74.1872,4,74184675891,2502412,0
74.1973,4,74194840915,2502412,0
74.205,4,74202538933,2502412,0
74.2156,4,74213061363,2502412,0
74.2257,4,74223226387,2502412,0
74.2334,4,74230906405,2502412,0
74.241,4,74238496423,2502412,0
74.2438,4,74241338835,2502412,0
74.2515,4,74249009853,2502412,0
74.2541,4,74251548265,2502412,0
74.2616,4,74259147283,2502412,0
74.2643,4,74261757695,2502412,0
74.2719,4,74269392713,2502412,0
74.2744,4,74271931125,2502412,0
74.2745,4,74274460537,73000,1
74.2849,4,74284823155,73000,1
74.3079,4,74305377203,2502412,0
74.3159,4,74315854633,73000,1
74.3185,4,74315997633,2502412,0
74.3211,4,74321075645,73000,1
74.3366,4,74336524681,73000,1
74.3726,4,74370113759,2502412,0
74.3751,4,74372643171,2502412,0
74.3827,4,74380242189,2502412,0
74.3904,4,74387913207,2502412,0
74.393,4,74390451619,2502412,0
74.4032,4,74400661643,2502412,0
74.4083,4,74405766655,2502412,0
74.4162,4,74413714079,2502412,0
74.4213,4,74418819091,2502412,0
74.4315,4,74428984115,2502412,0
74.434,4,74431540527,2502412,0
74.4468,4,74444271557,2502412,0
74.4548,4,74452281981,2502412,0
74.4625,4,74459952999,2502412,0
74.4701,4,74467570017,2502412,0
74.4777,4,74475187035,2502412,0
74.4803,4,74477752447,2502412,0
74.4828,4,74480281859,2502412,0
74.4904,4,74487898877,2502412,0
74.4981,4,74495587895,2502412,0
74.5006,4,74498117307,2502412,0
74.5059,4,74505788325,73000,1
74.5215,4,74518965761,2502412,0
74.5291,4,74526627779,2502412,0
74.5292,4,74529157191,73000,1
74.5446,4,74542058815,2502412,0
74.5526,4,74552536839,73000,1
74.5604,4,74560314857,73000,1
74.5629,4,74560412857,2502412,0
74.5757,4,74573161887,2502412,0
74.5782,4,74575718299,2502412,0
74.5909,4,74588422329,2502412,0
74.5935,4,74591005741,2502412,0
74.6062,4,74603700771,2502412,0
74.6088,4,74606302183,2502412,0
74.6164,4,74613919201,2502412,0
74.6244,4,74621920625,2502412,0
74.632,4,74629537643,2502412,0
74.6397,4,74637199661,2502412,0
74.6525,4,74649948691,2502412,0
74.6553,4,74652818103,2502412,0
74.6554,4,74655356515,73000,1
74.6656,4,74663090127,2502412,0
74.6734,4,74673300151,73000,1
74.6887,4,74686210181,2502412,0
74.6989,4,74696375205,2502412,0
74.7116,4,74709124235,2502412,0
74.7247,4,74722176671,2502412,0
74.7272,4,74724733083,2502412,0
74.74,4,74737464113,2502412,0
74.7425,4,74740047525,2502412,0
74.7556,4,74753100555,2502412,0
74.7582,4,74755665967,2502412,0
74.7659,4,74765830991,73000,1
74.7685,4,74765964991,2502412,0
74.7762,4,74776148015,73000,1
74.7917,4,74791615051,73000,1
74.8277,4,74825203535,2502412,0
74.8404,4,74837925565,2502412,0
74.843,4,74840508977,2502412,0
74.8557,4,74853222007,2502412,0
74.8586,4,74856109419,2502412,0
74.8714,4,74868858449,2502412,0
74.879,4,74876520467,2502412,0
74.8892,4,74886730491,2502412,0
74.8943,4,74891799503,2502412,0
74.9019,4,74899434521,2502412,0
74.9021,4,74901990933,73000,1
74.9123,4,74909796545,2502412,0
74.9175,4,74917422563,73000,1
74.9176,4,74917495563,73000,1
74.9538,4,74953713053,73000,1
74.9593,4,74959238065,73000,1
75.08,4,75077475747,2502412,0
75.0927,4,75090188777,2502412,0
75.0979,4,75097859795,73000,1
75.103,4,75100523801,2502412,0
75.1157,4,75113218831,2502412,0
75.1183,4,75115811243,2502412,0
75.131,4,75128506273,2502412,0
75.1339,4,75131376279,2502412,0
75.1415,4,75139029297,2502412,0
75.1491,4,75146646315,2502412,0
75.1568,4,75154344333,2502412,0
75.1621,4,75162024351,73000,1
75.1752,4,75172654375,2502412,0
75.1803,4,75180262393,73000,1
75.1829,4,75180360393,2502412,0
75.1956,4,75193091423,2502412,0
75.1982,4,75195665835,2502412,0
75.2007,4,75198204247,2502412,0
75.2034,4,75203282259,73000,1
75.2212,4,75218731295,2502412,0
75.2239,4,75223836307,73000,1
75.2265,4,75226455313,73000,1
75.2525,4,75252453779,73000,1
75.2577,4,75257665791,73000,1
75.2784,4,75275939833,2502412,0
75.2811,4,75281026845,73000,1
75.2964,4,75293891875,2502412,0
75.3091,4,75306613905,2502412,0
75.3142,4,75311736917,2502412,0
75.3168,4,75314266329,2502412,0
75.327,4,75324458353,2502412,0
75.3346,4,75332120371,2502412,0
75.335,4,75334972377,73000,1
75.3452,4,75342741395,2502412,0
75.3529,4,75350358413,2502412,0
75.358,4,75355472425,2502412,0
75.3681,4,75365637449,2502412,0
75.371,4,75368524861,2502412,0
75.3837,4,75381246891,2502412,0
75.3863,4,75383821303,2502412,0
75.399,4,75396534333,2502412,0
75.4016,4,75399072745,2502412,0
75.4041,4,75401629157,2502412,0
75.4092,4,75406734169,2502412,0
75.4119,4,75411812181,73000,1
75.4169,4,75414431187,2502412,0
75.4195,4,75416969599,2502412,0
75.422,4,75419517011,2502412,0
75.4271,4,75424640023,2502412,0
75.4373,4,75434814047,2502412,0
75.4378,4,75437738053,73000,1
75.448,4,75445480071,2502412,0
75.4556,4,75453142089,2502412,0
75.4659,4,75463352113,2502412,0
75.4714,4,75471291131,73000,1
75.4841,4,75481626155,2502412,0
75.4969,4,75494348185,2502412,0
75.4994,4,75496922597,2502412,0
75.5046,4,75504557615,73000,1
75.5175,4,75517476645,73000,1
75.5379,4,75535428687,2502412,0
75.551,4,75548481123,2502412,0
75.5587,4,75558673147,73000,1
75.5715,4,75568990171,2502412,0
75.574,4,75571546583,2502412,0
75.5871,4,75584554019,2502412,0
75.5922,4,75589713031,2502412,0
75.5973,4,75594773043,2502412,0
75.6075,4,75604992067,2502412,0
75.6177,4,75615193091,2502412,0
75.6202,4,75617740503,2502412,0
75.6255,4,75625384521,73000,1
75.6305,4,75628021527,2502412,0
75.6356,4,75633144539,2502412,0
75.6408,4,75640752557,73000,1
75.6463,4,75643773969,2502412,0
75.6513,4,75648833981,2502412,0
75.659,4,75656450999,2502412,0
75.6641,4,75661565011,2502412,0
75.6691,4,75666634023,2502412,0
75.6771,4,75674591041,2502412,0
75.6822,4,75679705053,2502412,0
75.6924,4,75689915077,2502412,0
75.6977,4,75697595095,73000,1
75.7131,4,75713044131,73000,1
75.7183,4,75718256143,73000,1
75.7955,4,75793033723,2502412,0
75.8083,4,75805782753,2502412,0
75.8159,4,75813408771,2502412,0
75.821,4,75818504783,2502412,0
75.8312,4,75828687807,2502412,0
75.8337,4,75831217219,2502412,0
75.8364,4,75836358231,73000,1
75.8495,4,75846996661,2502412,0
75.8571,4,75854604679,2502412,0
75.8648,4,75862275697,2502412,0
75.8724,4,75869946715,2502412,0
75.8855,4,75882972745,2502412,0
75.888,4,75885520157,2502412,0
75.8931,4,75890616169,2502412,0
75.9033,4,75900826193,2502412,0
75.9084,4,75905931205,2502412,0
75.9135,4,75911009217,2502412,0
75.9211,4,75918644235,2502412,0
75.9288,4,75926297253,2502412,0
75.9365,4,75933950271,2502412,0
75.9442,4,75944160295,73000,1
75.9468,4,75944267295,2502412,0
75.9598,4,75957328731,2502412,0
75.9625,4,75962451743,73000,1
75.9804,4,75977855779,2502412,0
75.9829,4,75980403191,2502412,0
75.9959,4,75993428627,2502412,0
75.9985,4,75996012039,2502412,0
76.0061,4,76003629057,2502412,0
76.0138,4,76011291075,2502412,0
76.0214,4,76018935093,2502412,0
76.024,4,76021473505,2502412,0
76.0318,4,76031692529,73000,1
76.0343,4,76031765529,2502412,0
76.0419,4,76039445547,2502412,0
76.047,4,76044514559,2502412,0
76.0575,4,76055009989,2502412,0
76.0652,4,76062699007,2502412,0
76.0754,4,76072909031,2502412,0
76.0856,4,76083110055,2502412,0
76.0886,4,76088527473,73000,1
76.0962,4,76093694485,2502412,0
76.0987,4,76096232897,2502412,0
76.1065,4,76106424921,73000,1
76.1193,4,76116750945,2502412,0
76.1218,4,76119316357,2502412,0
76.1294,4,76126942375,2502412,0
76.1371,4,76134604393,2502412,0
76.1447,4,76142239411,2502412,0
76.155,4,76152458435,2502412,0
76.1655,4,76162954459,2502412,0
76.1732,4,76173164483,73000,1
76.1836,4,76183535507,73000,1
76.2147,4,76214594579,73000,1
76.2427,4,76240190639,2502412,0
76.2479,4,76247861657,73000,1
76.2662,4,76266171105,73000,1
76.2713,4,76268790111,2502412,0
76.2764,4,76273895123,2502412,0
76.2816,4,76281503141,73000,1
76.2947,4,76292151165,2502412,0
76.2972,4,76294689577,2502412,0
76.2997,4,76297218989,2502412,0
76.3125,4,76309968019,2502412,0
76.3202,4,76317648037,2502412,0
76.3278,4,76325274055,2502412,0
76.3354,4,76332918073,2502412,0
76.3407,4,76340616091,73000,1
76.3509,4,76348376109,2502412,0
76.3639,4,76361428545,2502412,0
76.369,4,76366524557,2502412,0
76.3792,4,76376671581,2502412,0
76.3817,4,76379227993,2502412,0
76.3948,4,76392272023,2502412,0
76.3973,4,76394837435,2502412,0
76.4,4,76399960447,73000,1
76.4128,4,76410295471,2502412,0
76.4154,4,76415355483,73000,1
76.4309,4,76430822519,73000,1
76.4771,4,76474621027,2502412,0
76.4824,4,76482292045,73000,1
76.498,4,76495452075,2502412,0
76.5057,4,76505653099,73000,1
76.5135,4,76513431117,73000,1
76.5569,4,76554387213,2502412,0
76.5595,4,76556952625,2502412,0
76.565,4,76564891049,73000,1
76.57,4,76567492055,2502412,0
76.5777,4,76575190073,2502412,0
76.5855,4,76585418097,73000,1
76.5931,4,76590630109,2502412,0
76.5987,4,76598578127,73000,1
76.6139,4,76611443157,2502412,0
76.6267,4,76624183187,2502412,0
76.6268,4,76626757599,73000,1
76.6472,4,76644728235,2502412,0
76.6498,4,76647257647,2502412,0
76.655,4,76654892665,73000,1
76.6706,4,76668097101,2502412,0
76.6833,4,76680819131,2502412,0
76.6859,4,76683348543,2502412,0
76.6884,4,76685904955,2502412,0
76.7015,4,76698948985,2502412,0
76.7066,4,76704080997,2502412,0
76.7118,4,76711698015,73000,1
76.7143,4,76711832015,2502412,0
76.7271,4,76724563045,2502412,0
76.7347,4,76732225063,2502412,0
76.7449,4,76742435087,2502412,0
76.7551,4,76752636111,2502412,0
76.7602,4,76757714123,2502412,0
76.7707,4,76768236553,2502412,0
76.7784,4,76775889571,2502412,0
76.7861,4,76783560589,2502412,0
76.7938,4,76793734613,73000,1
76.8069,4,76804391637,2502412,0
76.8146,4,76814565661,73000,1
76.8274,4,76824927685,2502412,0
76.8402,4,76837649715,2502412,0
76.8427,4,76840197127,2502412,0
76.8554,4,76852946157,2502412,0
76.8631,4,76860599175,2502412,0
76.8736,4,76871121605,2502412,0
76.8838,4,76881304629,2502412,0
76.8839,4,76883861041,73000,1
76.8941,4,76891639653,2502412,0
76.8943,4,76894178065,73000,1
76.9074,4,76907365689,73000,1
76.9431,4,76940623767,2502412,0
76.9559,4,76953372797,2502412,0
76.9585,4,76955956209,2502412,0
76.9712,4,76968678239,2502412,0
76.9793,4,76979200669,73000,1
76.9818,4,76979334669,2502412,0
76.9845,4,76984421681,73000,1
76.9921,4,76989642693,2502412,0
77.0049,4,77002364723,2502412,0
77.0129,4,77012869747,73000,1
77.0181,4,77015560753,2502412,0
77.0232,4,77023168771,73000,1
77.0258,4,77023248771,2502412,0
77.031,4,77030937789,73000,1
77.0388,4,77038715807,73000,1
77.0439,4,77041361813,2502412,0
77.0566,4,77054110843,2502412,0
77.0593,4,77059206855,73000,1
77.08,4,77077498303,2502412,0
77.0827,4,77082585315,73000,1
77.1005,4,77098016351,2502412,0
77.1056,4,77103085363,2502412,0
77.1135,4,77110997381,2502412,0
77.1212,4,77118677399,2502412,0
77.1314,4,77128905423,2502412,0
77.1416,4,77139070447,2502412,0
77.1441,4,77141635859,2502412,0
77.1569,4,77154384889,2502412,0
77.1646,4,77162055907,2502412,0
77.1773,4,77174804937,2502412,0
77.1803,4,77180204949,73000,1
77.183,4,77182886955,73000,1
77.1957,4,77193203979,2502412,0
77.2033,4,77200793997,2502412,0
77.2058,4,77203341409,2502412,0
77.206,4,77205897821,73000,1
77.2086,4,77208553421,73000,1
77.2447,4,77242169499,2502412,0
77.2523,4,77249822517,2502412,0
77.26,4,77257457535,2502412,0
77.2625,4,77260004947,2502412,0
77.2676,4,77265082959,2502412,0
77.2728,4,77272708977,73000,1
77.2859,4,77283410407,2502412,0
77.2884,4,77285939819,2502412,0
77.3012,4,77298670849,2502412,0
77.3037,4,77301218261,2502412,0
77.3063,4,77303756673,2502412,0
77.3143,4,77314225697,73000,1
77.3168,4,77314332697,2502412,0
77.3245,4,77322021715,2502412,0
77.3246,4,77324551127,73000,1
77.3297,4,77327152727,2502412,0
77.3348,4,77332284739,2502412,0
77.3349,4,77334823151,73000,1
77.3401,4,77340071757,73000,1
77.381,4,77378497847,2502412,0
77.3864,4,77383879265,2502412,0
77.3966,4,77394053289,2502412,0
77.4042,4,77401715307,2502412,0
77.4119,4,77409350325,2502412,0
77.4145,4,77414464337,73000,1
77.4225,4,77419953349,2502412,0
77.425,4,77422500761,2502412,0
77.4301,4,77427605773,2502412,0
77.4402,4,77437743797,2502412,0
77.4454,4,77442911809,2502412,0
77.4556,4,77453067833,2502412,0
77.4633,4,77460756851,2502412,0
77.4709,4,77468427869,2502412,0
77.4785,4,77476044887,2502412,0
77.4838,4,77483733905,73000,1
77.4994,4,77496911341,2502412,0
77.507,4,77504528359,2502412,0
77.5147,4,77512172377,2502412,0
77.5252,4,77522713401,2502412,0
77.5303,4,77527773413,2502412,0
77.5379,4,77535444431,2502412,0
77.5507,4,77548184461,2502412,0
77.5532,4,77550731873,2502412,0
77.5583,4,77555818885,2502412,0
77.5685,4,77566028909,2502412,0
77.5736,4,77571115921,2502412,0
77.5787,4,77576211933,2502412,0
77.5889,4,77586439957,2502412,0
77.5994,4,77596944981,2502412,0
77.5996,4,77599492393,73000,1
77.6123,4,77609828011,2502412,0
77.6228,4,77620297035,2502412,0
77.6279,4,77625420047,2502412,0
77.6381,4,77635621071,2502412,0
77.6508,4,77648334101,2502412,0
77.656,4,77653475113,2502412,0
77.6638,4,77663694137,73000,1
77.6663,4,77663774137,2502412,0
77.6765,4,77673975161,2502412,0
77.6817,4,77681628179,73000,1
77.6898,4,77689718603,73000,1
77.7076,4,77705140639,2502412,0
77.7178,4,77715287663,2502412,0
77.7258,4,77723271681,2502412,0
77.7334,4,77730924699,2502412,0
77.7462,4,77743673729,2502412,0
77.7589,4,77756413759,2502412,0
77.7666,4,77764084777,2502412,0
77.7742,4,77771683795,2502412,0
77.7819,4,77779372813,2502412,0
77.7895,4,77787025831,2502412,0
77.7921,4,77789564243,2502412,0
77.8,4,77797512261,2502412,0
77.8025,4,77800041673,2502412,0
77.8102,4,77807721691,2502412,0
77.8179,4,77815374709,2502412,0
77.826,4,77825906733,73000,1
77.8363,4,77836232757,73000,1
77.8516,4,77849061787,2502412,0
77.8567,4,77854166799,2502412,0
77.8568,4,77856705211,73000,1
77.8644,4,77861890817,2502412,0
77.8721,4,77869561835,2502412,0
77.8797,4,77877214853,2502412,0
77.8925,4,77889963883,2502412,0
77.9055,4,77903016319,2502412,0
77.9106,4,77908130331,2502412,0
77.9208,4,77918313355,2502412,0
77.9259,4,77923409367,2502412,0
77.9364,4,77933914391,2502412,0
77.9441,4,77941585409,2502412,0
77.9517,4,77949211427,2502412,0
77.9594,4,77956864445,2502412,0
77.962,4,77961951457,73000,1
77.9748,4,77972295481,2502412,0
77.98,4,77979957499,73000,1
77.9979,4,77995397535,2502412,0
78.0009,4,78000788547,73000,1
78.0009,4,78000861547,73000,1
78.0035,4,78000986547,2502412,0
78.0112,4,78011160571,73000,1
78.0138,4,78011303571,2502412,0
78.0265,4,78024043601,2502412,0
78.0396,4,78037105631,2502412,0
78.0523,4,78049836661,2502412,0
78.0525,4,78052420073,73000,1
78.0627,4,78060189685,2502412,0
78.0754,4,78072929715,2502412,0
78.0882,4,78085651745,2502412,0
78.0907,4,78088190157,2502412,0
78.0932,4,78090728569,2502412,0
78.0983,4,78095806581,2502412,0
78.1088,4,78106320011,2502412,0
78.1139,4,78111443023,2502412,0
78.1242,4,78121662047,2502412,0
78.1268,4,78126767059,73000,1
78.145,4,78142493095,2502412,0
78.1501,4,78147580107,2502412,0
78.1602,4,78157745131,2502412,0
78.1679,4,78165434149,2502412,0
78.1756,4,78173069167,2502412,0
78.1883,4,78185809197,2502412,0
78.1934,4,78190932209,2502412,0
78.2039,4,78201391639,2502412,0
78.2065,4,78203975051,2502412,0
78.2192,4,78216715081,2502412,0
78.2218,4,78219289493,2502412,0
78.2269,4,78224358505,2502412,0
78.2374,4,78234881529,2502412,0
78.2401,4,78240004541,73000,1
78.2427,4,78242623547,73000,1
78.281,4,78278519631,2502412,0
78.2912,4,78288702655,2502412,0
78.2939,4,78293807667,73000,1
78.3015,4,78299010679,2502412,0
78.312,4,78309533109,2502412,0
78.3248,4,78322264139,2502412,0
78.33,4,78329935157,73000,1
78.3507,4,78348227199,2502412,0
78.3584,4,78355862217,2502412,0
78.366,4,78363515235,2502412,0
78.3762,4,78373716259,2502412,0
78.3864,4,78383890283,2502412,0
78.3915,4,78388995295,2502412,0
78.3967,4,78396630313,73000,1
78.402,4,78401896325,73000,1
78.407,4,78404497331,2502412,0
78.41,4,78409942343,73000,1
78.4176,4,78415145355,2502412,0
78.4202,4,78417674767,2502412,0
78.4279,4,78427839791,73000,1
78.4461,4,78443619827,2502412,0
78.4537,4,78451227845,2502412,0
78.4588,4,78456332857,2502412,0
78.469,4,78466533881,2502412,0
78.4716,4,78469081293,2502412,0
78.4793,4,78479264317,73000,1
78.4846,4,78484530329,73000,1
78.5026,4,78502509371,73000,1
78.5182,4,78515677807,2502412,0
78.5234,4,78523321825,73000,1
78.5363,4,78536222855,73000,1
78.5572,4,78557096039,73000,1
78.5725,4,78569961069,2502412,0
78.5852,4,78582701099,2502412,0
78.5979,4,78595441129,2502412,0
78.6006,4,78600564141,73000,1
78.6214,4,78618864589,2502412,0
78.6341,4,78631613619,2502412,0
78.6393,4,78639230637,73000,1
78.65,4,78649914661,73000,1
78.6908,4,78688295751,2502412,0
78.6935,4,78693400763,73000,1
78.7113,4,78708831799,2502412,0
78.7244,4,78721857235,2502412,0
78.7295,4,78726980247,2502412,0
78.7397,4,78737163271,2502412,0
78.7473,4,78744816289,2502412,0
78.7477,4,78747667701,73000,1
78.7528,4,78750268707,2502412,0
78.7605,4,78757966725,2502412,0
78.7657,4,78765646743,73000,1
78.7785,4,78775963767,2502412,0
78.7886,4,78786146791,2502412,0
78.7937,4,78791215803,2502412,0
78.7988,4,78796302815,2502412,0
78.8064,4,78803946833,2502412,0
78.8141,4,78811626851,2502412,0
78.8246,4,78822140281,2502412,0
78.8348,4,78832305305,2502412,0
78.8399,4,78837446317,2502412,0
78.8501,4,78847647341,2502412,0
78.8555,4,78853037759,2502412,0
78.8557,4,78855585171,73000,1
78.8685,4,78868459795,73000,1
78.8915,4,78888986843,2502412,0
78.894,4,78891525255,2502412,0
78.9017,4,78899160273,2502412,0
78.9093,4,78906804291,2502412,0
78.917,4,78914457309,2502412,0
78.9275,4,78924988739,2502412,0
78.9326,4,78930066751,2502412,0
78.9428,4,78940276775,2502412,0
78.9429,4,78942824187,73000,1
78.9587,4,78958604817,73000,1
78.9893,4,78986775883,2502412,0
78.9918,4,78989314295,2502412,0
79.0046,4,79002063325,2502412,0
79.0047,4,79004619737,73000,1
79.0149,4,79012371349,2502412,0
79.015,4,79014918761,73000,1
79.0255,4,79022991779,2502412,0
79.0382,4,79035686809,2502412,0
79.0433,4,79040818821,2502412,0
79.0535,4,79050983845,2502412,0
79.0615,4,79058976269,2502412,0
79.0691,4,79066629287,2502412,0
79.0717,4,79069158699,2502412,0
79.0718,4,79071697111,73000,1
79.0819,4,79079430723,2502412,0
79.0871,4,79084562735,2502412,0
79.0972,4,79094727759,2502412,0
79.1049,4,79102407777,2502412,0
79.1126,4,79110051795,2502412,0
79.1152,4,79115156807,73000,1
79.1229,4,79120386819,2502412,0
79.1359,4,79133430849,2502412,0
79.1436,4,79141074867,2502412,0
79.1488,4,79148754885,73000,1
79.1645,4,79164471921,73000,1
79.1851,4,79185043969,73000,1
79.1878,4,79187680975,73000,1
79.36,4,79359883189,73000,1
79.5039,4,79501419925,2502412,0
79.5115,4,79509009943,2502412,0
79.514,4,79511539355,2502412,0
79.5218,4,79521758379,73000,1
79.54,4,79537537821,2502412,0
79.5401,4,79540076233,73000,1
79.5554,4,79552923857,2502412,0
79.5685,4,79565976887,2502412,0
79.5711,4,79568551299,2502412,0
79.5837,4,79581246329,2502412,0
79.5889,4,79586405341,2502412,0
79.5991,4,79596579365,2502412,0
79.6043,4,79604259383,73000,1
79.612,4,79609480395,2502412,0
79.6222,4,79619672419,2502412,0
79.6349,4,79632376449,2502412,0
79.6405,4,79640387467,73000,1
79.6455,4,79642997473,2502412,0
79.6506,4,79648129485,2502412,0
79.6634,4,79660878515,2502412,0
79.6685,4,79665965527,2502412,0
79.6764,4,79673921951,2502412,0
79.6815,4,79679017963,2502412,0
79.6917,4,79689200987,2502412,0
79.6968,4,79694332999,2502412,0
79.707,4,79704498023,2502412,0
79.7147,4,79712169041,2502412,0
79.7223,4,79719822059,2502412,0
79.7274,4,79724909071,2502412,0
79.7376,4,79735074095,2502412,0
79.7404,4,79737926101,2502412,0
79.743,4,79740491513,2502412,0
79.7557,4,79753204543,2502412,0
79.7582,4,79755733955,2502412,0
79.7608,4,79758263367,2502412,0
79.7685,4,79765952385,2502412,0
79.7764,4,79773918403,2502412,0
79.779,4,79776465815,2502412,0
79.7841,4,79781552827,2502412,0
79.7943,4,79791780851,2502412,0
79.8019,4,79799442869,2502412,0
79.8096,4,79807050887,2502412,0
79.8172,4,79814712905,2502412,0
79.8197,4,79817242317,2502412,0
79.8274,4,79824895335,2502412,0
79.835,4,79832539353,2502412,0
79.843,4,79840540777,2502412,0
79.8481,4,79845609789,2502412,0
79.8583,4,79855828813,2502412,0
79.8636,4,79863490831,73000,1
79.8738,4,79871259849,2502412,0
79.8817,4,79879216273,2502412,0
79.8944,4,79891920303,2502412,0
79.897,4,79894494715,2502412,0
79.9022,4,79902138733,73000,1
79.9226,4,79920135775,2502412,0
79.9302,4,79927734793,2502412,0
79.9379,4,79935423811,2502412,0
79.9459,4,79943380235,2502412,0
79.9536,4,79953572259,73000,1
79.9666,4,79966491289,73000,1
79.9823,4,79982235325,73000,1
80.0436,4,80041081463,2502412,0
80.0566,4,80054115899,2502412,0
80.0694,4,80066855929,2502412,0
80.0746,4,80074535947,73000,1
80.0852,4,80085156971,73000,1
80.0903,4,80087820977,2502412,0
80.1005,4,80097977001,2502412,0
80.1082,4,80105648019,2502412,0
80.1158,4,80113301037,2502412,0
80.121,4,80120963055,73000,1
80.1363,4,80133828085,2502412,0
80.1494,4,80146898003,2502412,0
80.1621,4,80159638033,2502412,0
80.1623,4,80162239445,73000,1
80.1752,4,80175114069,73000,1
80.1908,4,80188301099,2502412,0
80.1909,4,80190830511,73000,1
80.201,4,80198546123,2502412,0
80.2038,4,80203678135,73000,1
80.2216,4,80219082171,2502412,0
80.2343,4,80231813201,2502412,0
80.2369,4,80234369613,2502412,0
80.2496,4,80247100643,2502412,0
80.2525,4,80249970649,2502412,0
80.2577,4,80257632667,73000,1
80.2628,4,80260314673,2502412,0
80.2653,4,80262844085,2502412,0
80.2704,4,80267913097,2502412,0
80.2806,4,80278051121,2502412,0
80.2831,4,80280634533,2502412,0
80.2962,4,80293677969,2502412,0
80.2987,4,80296216381,2502412,0
80.3064,4,80303896399,2502412,0
80.314,4,80311531417,2502412,0
80.3192,4,80316654429,2502412,0
80.3242,4,80321714441,2502412,0
80.3268,4,80324252853,2502412,0
80.3344,4,80331905871,2502412,0
80.3395,4,80337001883,2502412,0
80.342,4,80339531295,2502412,0
80.3421,4,80342060707,73000,1
80.3447,4,80342177301,2502412,0
80.3523,4,80349803319,2502412,0
80.3552,4,80352664325,2502412,0
80.3603,4,80357751337,2502412,0
80.3705,4,80367979361,2502412,0
80.3756,4,80373102373,2502412,0
80.3858,4,80383321397,2502412,0
80.3938,4,80391268821,2502412,0
80.4014,4,80398885839,2502412,0
80.4039,4,80401442251,2502412,0
80.4116,4,80409086269,2502412,0
80.4117,4,80411615681,73000,1
80.4219,4,80419394293,2502412,0
80.4295,4,80427011311,2502412,0
80.4372,4,80434682329,2502412,0
80.4474,4,80444910353,2502412,0
80.4525,4,80449979365,2502412,0
80.4526,4,80452526777,73000,1
80.4606,4,80458060789,2502412,0
80.4607,4,80460590201,73000,1
80.4659,4,80465820807,73000,1
80.4917,4,80489208861,2502412,0
80.4995,4,80499418885,73000,1
80.5097,4,80507178903,2502412,0
80.5122,4,80509708315,2502412,0
80.5223,4,80519846339,2502412,0
80.5275,4,80524987351,2502412,0
80.5376,4,80535143375,2502412,0
80.5428,4,80540293387,2502412,0
80.5479,4,80545371399,2502412,0
80.5555,4,80552997417,2502412,0
80.5609,4,80558414835,2502412,0
80.566,4,80563501847,2502412,0
80.5736,4,80571145865,2502412,0
80.5789,4,80578843883,73000,1
80.5945,4,80591994913,2502412,0
80.597,4,80594542325,2502412,0
80.5996,4,80597089737,2502412,0
80.6072,4,80604697755,2502412,0
80.6148,4,80612314773,2502412,0
80.615,4,80614934185,73000,1
80.6177,4,80617589785,73000,1
80.6534,4,80650910863,2502412,0
80.6664,4,80663927299,2502412,0
80.6716,4,80669050311,2502412,0
80.6817,4,80679197335,2502412,0
80.6843,4,80681780747,2502412,0
80.6973,4,80694815777,2502412,0
80.6999,4,80697363189,2502412,0
80.7,4,80699946601,73000,1
80.7204,4,80717935237,2502412,0
80.7332,4,80730684267,2502412,0
80.7459,4,80743424297,2502412,0
80.7512,4,80751095315,73000,1
80.7618,4,80761715745,73000,1
80.7694,4,80766936757,2502412,0
80.777,4,80774535775,2502412,0
80.7796,4,80777092187,2502412,0
80.7848,4,80784745205,73000,1
80.7899,4,80787436211,2502412,0
80.7954,4,80795375229,73000,1
80.8005,4,80798039235,2502412,0
80.8133,4,80810752265,2502412,0
80.8184,4,80815866277,2502412,0
80.8209,4,80818395689,2502412,0
80.8311,4,80828605713,2502412,0
80.8439,4,80841354743,2502412,0
80.8566,4,80854094773,2502412,0
80.8592,4,80856669185,2502412,0
80.8722,4,80869703621,2502412,0
80.8724,4,80872296033,73000,1
80.8928,4,80890275669,2502412,0
80.9058,4,80903337699,2502412,0
80.9109,4,80908415711,2502412,0
80.9134,4,80910945123,2502412,0
80.9236,4,80921092147,2502412,0
80.9261,4,80923621559,2502412,0
80.9287,4,80926195971,2502412,0
80.9414,4,80938918001,2502412,0
80.944,4,80941519413,2502412,0
80.9441,4,80944075825,73000,1
80.9492,4,80946704425,2502412,0
80.9568,4,80954330443,2502412,0
80.9646,4,80964558467,73000,1
80.9726,4,80970109885,2502412,0
80.9854,4,80982858915,2502412,0
80.993,4,80990511933,2502412,0
80.9981,4,80995571945,2502412,0
81.0035,4,81000980957,2502412,0
81.0111,4,81008570975,2502412,0
81.0136,4,81011145387,2502412,0
81.0138,4,81013692799,73000,1
81.0239,4,81021435411,2502412,0
81.0265,4,81024009823,2502412,0
81.0291,4,81026548235,2502412,0
81.0341,4,81031617247,2502412,0
81.0443,4,81041818271,2502412,0
81.0496,4,81049516289,73000,1
81.0547,4,81052153295,2502412,0
81.0599,4,81059815313,73000,1
81.065,4,81062452319,2502412,0
81.078,4,81075513755,2502412,0
81.0807,4,81080636767,73000,1
81.0833,4,81083255773,73000,1
81.1168,4,81114323845,2502412,0
81.1194,4,81116853257,2502412,0
81.1219,4,81119400669,2502412,0
81.1295,4,81127017687,2502412,0
81.1372,4,81134679705,2502412,0
81.1449,4,81142359723,2502412,0
81.1525,4,81150003741,2502412,0
81.1602,4,81157656759,2502412,0
81.1628,4,81162716771,73000,1
81.1705,4,81167973783,2502412,0
81.1835,4,81181026219,2502412,0
81.1963,4,81193775249,2502412,0
81.2068,4,81204307273,2502412,0
81.2119,4,81209385285,2502412,0
81.2221,4,81219577309,2502412,0
81.2248,4,81224700321,73000,1
81.23,4,81229930333,73000,1
81.2427,4,81240229357,2502412,0
81.2555,4,81252960387,2502412,0
81.2657,4,81263170411,2502412,0
81.2762,4,81273647841,2502412,0
81.2838,4,81281336859,2502412,0
81.2891,4,81289007877,73000,1
81.2941,4,81291626883,2502412,0
81.3018,4,81299270901,2502412,0
81.3097,4,81307236919,2502412,0
81.3173,4,81314835937,2502412,0
81.3199,4,81317365349,2502412,0
81.325,4,81322488361,2502412,0
81.3352,4,81332680385,2502412,0
81.3378,4,81335263797,2502412,0
81.3404,4,81340359809,73000,1
81.3583,4,81355808845,2502412,0
81.3659,4,81363434863,2502412,0
81.3736,4,81371060881,2502412,0
81.3815,4,81379044305,2502412,0
81.3918,4,81389254329,2502412,0
81.4019,4,81399428353,2502412,0
81.4021,4,81401993765,73000,1
81.4126,4,81410067377,2502412,0
81.4253,4,81422807407,2502412,0
81.4279,4,81425372819,2502412,0
81.4406,4,81438076849,2502412,0
81.4484,4,81448304873,73000,1
81.4587,4,81458675897,73000,1
81.5,4,81499953399,73000,1
81.5233,4,81520775447,2502412,0
81.5335,4,81530967471,2502412,0
81.5385,4,81536045483,2502412,0
81.5488,4,81546273507,2502412,0
81.5489,4,81548802919,73000,1
81.5565,4,81553970525,2502412,0
81.5592,4,81559120537,73000,1
81.5668,4,81564341549,2502412,0
81.5746,4,81574497573,73000,1
81.5771,4,81574631573,2502412,0
81.5798,4,81579718585,73000,1
81.5903,4,81587791009,2502412,0
81.5904,4,81590329421,73000,1
81.6083,4,81605752051,2502412,0
81.6159,4,81613378069,2502412,0
81.6163,4,81616229481,73000,1
81.6316,4,81629094511,2502412,0
81.6317,4,81631668923,73000,1
81.6368,4,81634297523,2502412,0
81.6444,4,81641932541,2502412,0
81.6572,4,81654681571,2502412,0
81.6624,4,81662361589,73000,1
81.6675,4,81664980595,2502412,0
81.6802,4,81677720625,2502412,0
81.6828,4,81680313037,2502412,0
81.6959,4,81693375067,2502412,0
81.7086,4,81706124097,2502412,0
81.7112,4,81708662509,2502412,0
81.7192,4,81719149533,73000,1
81.732,4,81729484557,2502412,0
81.7347,4,81734607569,73000,1
81.7423,4,81739828581,2502412,0
81.7474,4,81744897593,2502412,0
81.75,4,81749975605,73000,1
81.7654,4,81762885635,2502412,0
81.7781,4,81775589665,2502412,0
81.7912,4,81788651101,2502412,0
81.7937,4,81791234513,2502412,0
81.7988,4,81796294525,2502412,0
81.8015,4,81801381537,73000,1
81.8091,4,81806629549,2502412,0
81.8193,4,81816821573,2502412,0
81.8273,4,81824777997,2502412,0
81.8349,4,81832404015,2502412,0
81.8375,4,81834960427,2502412,0
81.8451,4,81842586445,2502412,0
81.8477,4,81847655457,73000,1
81.8503,4,81847816457,2502412,0
81.8579,4,81855424475,2502412,0
81.8581,4,81857980887,73000,1
81.8759,4,81873430517,2502412,0
81.8861,4,81883604541,2502412,0
81.8915,4,81889012959,2502412,0
81.9017,4,81899177983,2502412,0
81.907,4,81906885001,73000,1
81.9223,4,81919750031,2502412,0
81.9353,4,81932775467,2502412,0
81.9405,4,81940473485,73000,1
81.9534,4,81953374515,73000,1
81.9559,4,81953447515,2502412,0
81.9661,4,81963639539,2502412,0
81.9714,4,81971292557,73000,1
81.9843,4,81984193587,73000,1
82.0075,4,82005024041,2502412,0
82.0203,4,82017755071,2502412,0
82.0307,4,82028242095,2502412,0
82.0333,4,82030798507,2502412,0
82.0384,4,82035885519,2502412,0
82.0486,4,82046059543,2502412,0
82.0537,4,82051182555,2502412,0
82.0639,4,82061410579,2502412,0
82.0717,4,82071593603,73000,1
82.0896,4,82087051639,2502412,0
82.0975,4,82094981063,2502412,0
82.1051,4,82102643081,2502412,0
82.1052,4,82105172493,73000,1
82.1206,4,82118083117,2502412,0
82.1257,4,82123152129,2502412,0
82.1362,4,82133665559,2502412,0
82.1489,4,82146405589,2502412,0
82.1515,4,82148953001,2502412,0
82.1567,4,82156597019,73000,1
82.172,4,82169453049,2502412,0
82.1796,4,82177115067,2502412,0
82.1849,4,82184795085,73000,1
82.2005,4,82197972521,2502412,0
82.2132,4,82210721551,2502412,0
82.2185,4,82218383569,73000,1
82.2235,4,82221002575,2502412,0
82.2261,4,82223549987,2502412,0
82.234,4,82231489005,2502412,0
82.2365,4,82234018417,2502412,0
82.2366,4,82236556829,73000,1
82.2391,4,82236637423,2502412,0
82.2493,4,82246811447,2502412,0
82.2519,4,82249358859,2502412,0
82.257,4,82254490871,2502412,0
82.2672,4,82264664895,2502412,0
82.2697,4,82267194307,2502412,0
82.2748,4,82272335319,2502412,0
82.285,4,82282500343,2502412,0
82.2927,4,82290207361,2502412,0
82.2953,4,82295267373,73000,1
82.2979,4,82295356373,2502412,0
82.306,4,82305897397,73000,1
82.3085,4,82306022397,2502412,0
82.3111,4,82308560809,2502412,0
82.3187,4,82316168827,2502412,0
82.3263,4,82323839845,2502412,0
82.3289,4,82326369257,2502412,0
82.3419,4,82339422287,2502412,0
82.3496,4,82347102305,2502412,0
82.3598,4,82357312329,2502412,0
82.3625,4,82362408341,73000,1
82.3779,4,82377857377,73000,1
82.4114,4,82408906855,2502412,0
82.419,4,82416505873,2502412,0
82.4243,4,82424194891,73000,1
82.4269,4,82426876897,73000,1
82.4374,4,82434904915,2502412,0
82.44,4,82437452327,2502412,0
82.445,4,82442530339,2502412,0
82.4553,4,82452749363,2502412,0
82.468,4,82465480393,2502412,0
82.4807,4,82478229423,2502412,0
82.4833,4,82480776835,2502412,0
82.486,4,82485890847,73000,1
82.4936,4,82491084859,2502412,0
82.4961,4,82493641271,2502412,0
82.4987,4,82496170683,2502412,0
82.5037,4,82501230695,2502412,0
82.5042,4,82504082701,73000,1
82.5144,4,82511887719,2502412,0
82.5169,4,82514426131,2502412,0
82.522,4,82519486143,2502412,0
82.5246,4,82524555155,73000,1
82.5374,4,82534944179,2502412,0
82.5454,4,82542873603,2502412,0
82.5532,4,82553101627,73000,1
82.5686,4,82568550663,73000,1
82.5687,4,82568639663,73000,1
82.6484,4,82645947249,2502412,0
82.651,4,82648494661,2502412,0
82.6537,4,82653599673,73000,1
82.6639,4,82661377691,2502412,0
82.6689,4,82666446703,2502412,0
82.6765,4,82674045721,2502412,0
82.6791,4,82676593133,2502412,0
82.6868,4,82684264151,2502412,0
82.6944,4,82691881169,2502412,0
82.697,4,82694455581,2502412,0
82.71,4,82707517017,2502412,0
82.7153,4,82715206035,73000,1
82.7306,4,82728098065,2502412,0
82.7437,4,82741151095,2502412,0
82.7463,4,82746247107,73000,1
82.7618,4,82761696143,73000,1
82.7847,4,82782205191,2502412,0
82.7898,4,82787274203,2502412,0
82.7924,4,82792343215,73000,1
82.795,4,82792468215,2502412,0
82.8,4,82797528227,2502412,0
82.8051,4,82802642239,2502412,0
82.8157,4,82813182669,2502412,0
82.8208,4,82818251681,2502412,0
82.8233,4,82820781093,2502412,0
82.8259,4,82825850105,73000,1
82.8387,4,82836194129,2502412,0
82.8412,4,82838732541,2502412,0
82.8438,4,82841279953,2502412,0
82.8517,4,82849209377,2502412,0
82.8594,4,82856889395,2502412,0
82.8646,4,82864560413,73000,1
82.8697,4,82867215419,2502412,0
82.8775,4,82877389443,73000,1
82.88,4,82877487443,2502412,0
82.8877,4,82885149461,2502412,0
82.8903,4,82890209473,73000,1
82.9056,4,82903128503,2502412,0
82.9161,4,82913623933,2502412,0
82.9212,4,82918728945,2502412,0
82.9314,4,82928866969,2502412,0
82.9339,4,82931432381,2502412,0
82.9416,4,82939085399,2502412,0
82.9496,4,82947060417,2502412,0
82.9548,4,82954731435,73000,1
82.9626,4,82962509453,73000,1
82.9677,4,82965155459,2502412,0
82.9804,4,82977886489,2502412,0
82.9931,4,82990608519,2502412,0
83.0008,4,82998288537,2502412,0
83.011,4,83008507561,2502412,0
83.0215,4,83019002991,2502412,0
83.0342,4,83031734021,2502412,0
83.037,4,83036884033,73000,1
83.0527,4,83052646069,73000,1
83.0552,4,83052726069,2502412,0
83.0654,4,83062873093,2502412,0
83.073,4,83070544111,2502412,0
83.0807,4,83078152129,2502412,0
83.0832,4,83080690541,2502412,0
83.0909,4,83088370559,2502412,0
83.091,4,83090899971,73000,1
83.0986,4,83096130577,2502412,0
83.1088,4,83106295601,2502412,0
83.1139,4,83111409613,2502412,0
83.1165,4,83113957025,2502412,0
83.127,4,83124471049,2502412,0
83.1397,4,83137220079,2502412,0
83.1423,4,83139767491,2502412,0
83.1448,4,83142305903,2502412,0
83.1449,4,83144844315,73000,1
83.1476,4,83147481915,73000,1
83.1837,4,83181160993,2502412,0
83.1964,4,83193865023,2502412,0
83.1965,4,83196448435,73000,1
83.2067,4,83204209047,2502412,0
83.2144,4,83214374071,73000,1
83.2301,4,83227596507,2502412,0
83.2352,4,83232665519,2502412,0
83.2454,4,83242875543,2502412,0
83.2559,4,83253353567,2502412,0
83.2584,4,83255882979,2502412,0
83.2609,4,83258430391,2502412,0
83.2736,4,83271143421,2502412,0
83.2762,4,83273690833,2502412,0
83.2787,4,83276229245,2502412,0
83.2814,4,83281370257,73000,1
83.2891,4,83286627269,2502412,0
83.2943,4,83294253287,73000,1
83.3021,4,83302031305,73000,1
83.3174,4,83314860335,2502412,0
83.3175,4,83317434747,73000,1
83.328,4,83325471765,2502412,0
83.3407,4,83338211795,2502412,0
83.3434,4,83343352807,73000,1
83.351,4,83348519819,2502412,0
83.3536,4,83351094231,2502412,0
83.359,4,83356476243,2502412,0
83.3616,4,83361554255,73000,1
83.3617,4,83361627255,73000,1
83.3745,4,83372007279,2502412,0
83.3872,4,83384711309,2502412,0
83.3925,4,83392409327,73000,1
83.3976,4,83395055333,2502412,0
83.4028,4,83402708351,73000,1
83.4104,4,83407920363,2502412,0
83.4206,4,83418112387,2502412,0
83.4336,4,83431146823,2502412,0
83.4362,4,83433730235,2502412,0
83.449,4,83446479265,2502412,0
83.4542,4,83454132283,73000,1
83.47,4,83469894319,73000,1
83.5006,4,83498083385,2502412,0
83.5007,4,83500612797,73000,1
83.5109,4,83508355409,2502412,0
83.521,4,83518538433,2502412,0
83.5236,4,83521067845,2502412,0
83.5366,4,83534111281,2502412,0
83.5392,4,83536721693,2502412,0
83.5419,4,83541799705,73000,1
83.5495,4,83546993717,2502412,0
83.5547,4,83554664735,73000,1
83.5704,4,83567869765,2502412,0
83.5831,4,83580609795,2502412,0
83.5857,4,83583148207,2502412,0
83.5883,4,83588226219,73000,1
83.5959,4,83593375231,2502412,0
83.5984,4,83595922643,2502412,0
83.601,4,83598488055,2502412,0
83.6137,4,83611192085,2502412,0
83.6163,4,83613802497,2502412,0
83.6215,4,83621446515,73000,1
83.632,4,83629536939,2502412,0
83.6373,4,83637198957,73000,1
83.6399,4,83639853963,73000,1
83.6578,4,83655266999,2502412,0
83.6683,4,83665781023,2502412,0
83.6734,4,83670850035,2502412,0
83.6835,4,83681042059,2502412,0
83.6963,4,83693791089,2502412,0
83.6989,4,83696356501,2502412,0
83.7116,4,83709096531,2502412,0
83.7193,4,83716758549,2502412,0
83.7269,4,83724357567,2502412,0
83.7294,4,83726913979,2502412,0
83.7348,4,83732331397,2502412,0
83.745,4,83742541421,2502412,0
83.7527,4,83750203439,2502412,0
83.7604,4,83757856457,2502412,0
83.7605,4,83760403869,73000,1
83.7812,4,83778705505,2502412,0
83.7939,4,83791409535,2502412,0
83.7991,4,83796550547,2502412,0
83.8092,4,83806742571,2502412,0
83.8169,4,83814386589,2502412,0
83.8245,4,83821985607,2502412,0
83.8322,4,83829665625,2502412,0
83.8402,4,83837658049,2502412,0
83.8428,4,83842745061,73000,1
83.8453,4,83842843061,2502412,0
83.853,4,83850496079,2502412,0
83.8606,4,83858131097,2502412,0
83.8607,4,83860669509,73000,1
83.8658,4,83863271109,2502412,0
83.8659,4,83865872521,73000,1
83.8867,4,83884174157,2502412,0
83.8868,4,83886721569,73000,1
83.8869,4,83886811163,73000,1
83.8971,4,83894580181,2502412,0
83.9072,4,83904718205,2502412,0
83.915,4,83914946229,73000,1
83.9278,4,83925299253,2502412,0
83.9329,4,83930377265,2502412,0
83.9358,4,83935767683,73000,1
83.9359,4,83935840683,73000,1
83.9538,4,83951316719,2502412,0
83.9614,4,83958942737,2502412,0
83.964,4,83961472149,2502412,0
83.9691,4,83966550161,2502412,0
83.9695,4,83969392573,73000,1
83.972,4,83969465573,2502412,0
83.9745,4,83972012985,2502412,0
83.9821,4,83979621003,2502412,0
83.9847,4,83982159415,2502412,0
83.9872,4,83984688827,2502412,0
83.9873,4,83987263239,73000,1
83.9899,4,83987361833,2502412,0
83.99,4,83989891245,73000,1
83.9977,4,83995175851,2502412,0
84.0028,4,84000262863,2502412,0
84.0078,4,84005331875,2502412,0
84.0155,4,84013002893,2502412,0
84.0282,4,84025733923,2502412,0
84.0308,4,84028290335,2502412,0
84.0333,4,84030828747,2502412,0
84.0384,4,84035897759,2502412,0
84.0438,4,84041288771,2502412,0
84.0514,4,84048896789,2502412,0
84.054,4,84051462201,2502412,0
84.0616,4,84059142219,2502412,0
84.0693,4,84066786237,2502412,0
84.0749,4,84074797255,73000,1
84.0902,4,84087689285,2502412,0
84.1029,4,84100384315,2502412,0
84.1081,4,84108073333,73000,1
84.1234,4,84120938363,2502412,0
84.1236,4,84123494775,73000,1
84.139,4,84138899405,73000,1
84.1726,4,84172550889,73000,1
84.1986,4,84198513949,73000,1
84.2499,4,84247426469,2502412,0
84.2576,4,84255070487,2502412,0
84.2652,4,84262678505,2502412,0
84.2679,4,84267810517,73000,1
84.2811,4,84280997547,73000,1
84.3067,4,84306665607,73000,1
84.3734,4,84370938163,2502412,0
84.3814,4,84378868181,2502412,0
84.389,4,84386521199,2502412,0
84.4017,4,84399243229,2502412,0
84.4019,4,84401844641,73000,1
84.4097,4,84409623253,73000,1
84.4198,4,84417338271,2502412,0
84.4276,4,84427530295,73000,1
84.4404,4,84437883319,2502412,0
84.4534,4,84450908755,2502412,0
84.4662,4,84463648785,2502412,0
84.4687,4,84466223197,2502412,0
84.4815,4,84478954227,2502412,0
84.4869,4,84484389645,2502412,0
84.492,4,84489458657,2502412,0
84.4996,4,84497102675,2502412,0
84.5023,4,84502225687,73000,1
84.51,4,84507464699,2502412,0
84.5227,4,84520150729,2502412,0
84.5303,4,84527830747,2502412,0
84.5406,4,84538049771,2502412,0
84.5507,4,84548241795,2502412,0
84.5587,4,84556207813,2502412,0
84.5613,4,84561267825,73000,1
84.5615,4,84561419825,73000,1
84.5768,4,84574284855,2502412,0
84.5844,4,84581901873,2502412,0
84.5925,4,84592415303,73000,1
84.6104,4,84607864339,2502412,0
84.6231,4,84620604369,2502412,0
84.6333,4,84630814393,2502412,0
84.6435,4,84641015417,2502412,0
84.6486,4,84646093429,2502412,0
84.6591,4,84656606859,2502412,0
84.6642,4,84661729871,2502412,0
84.6693,4,84666798883,2502412,0
84.6769,4,84674442901,2502412,0
84.69,4,84687495931,2502412,0
84.6926,4,84690052343,2502412,0
84.6951,4,84692599755,2502412,0
84.6976,4,84695129167,2502412,0
84.7104,4,84707869197,2502412,0
84.7181,4,84715558215,2502412,0
84.7257,4,84723166233,2502412,0
84.7333,4,84730846251,2502412,0
84.741,4,84738517269,2502412,0
84.7437,4,84743595281,73000,1
84.7513,4,84748816293,2502412,0
84.7643,4,84761832729,2502412,0
84.7669,4,84764416141,2502412,0
84.7696,4,84769503153,73000,1
84.7825,4,84782377183,73000,1
84.8159,4,84813436255,2502412,0
84.8185,4,84815965667,2502412,0
84.821,4,84818513079,2502412,0
84.8261,4,84823573091,2502412,0
84.8362,4,84833720115,2502412,0
84.8414,4,84838897127,2502412,0
84.8516,4,84849062151,2502412,0
84.8567,4,84854203163,2502412,0
84.8622,4,84862132587,73000,1
84.8647,4,84862230587,2502412,0
84.8725,4,84872449611,73000,1
84.8751,4,84872574611,2502412,0
84.8828,4,84882748635,73000,1
84.8879,4,84885376641,2502412,0
84.8904,4,84887933053,2502412,0
84.9009,4,84898419483,2502412,0
84.906,4,84903488495,2502412,0
84.9111,4,84908629507,2502412,0
84.9162,4,84913689519,2502412,0
84.9239,4,84921360537,2502412,0
84.929,4,84926465549,2502412,0
84.934,4,84931525561,2502412,0
84.9417,4,84939214579,2502412,0
84.9444,4,84944310591,73000,1
84.9469,4,84944408591,2502412,0
84.9597,4,84957157621,2502412,0
84.9601,4,84960027627,73000,1
84.9677,4,84965221639,2502412,0
84.9703,4,84967751051,2502412,0
84.9804,4,84977943075,2502412,0
84.9882,4,84988162099,73000,1
84.9884,4,84988305099,73000,1
84.9909,4,84988385099,2502412,0
85.0039,4,85001447129,2502412,0
85.0116,4,85009064147,2502412,0
85.0192,4,85016726165,2502412,0
85.0294,4,85026927189,2502412,0
85.0422,4,85039676219,2502412,0
85.0423,4,85042250631,73000,1
85.0448,4,85042331225,2502412,0
85.055,4,85052505249,2502412,0
85.0601,4,85057628261,2502412,0
85.0655,4,85063009679,2502412,0
85.0706,4,85068069691,2502412,0
85.0757,4,85073156703,2502412,0
85.0782,4,85075695115,2502412,0
85.0833,4,85080782127,2502412,0
85.086,4,85085896139,73000,1
85.1016,4,85099137169,2502412,0
85.1018,4,85101684581,73000,1
85.1172,4,85117098211,73000,1
85.1555,4,85152958295,2502412,0
85.1581,4,85158036307,73000,1
85.1658,4,85163257319,2502412,0
85.1686,4,85166100325,2502412,0
85.1813,4,85178831355,2502412,0
85.189,4,85186493373,2502412,0
85.1941,4,85191589385,2502412,0
85.2046,4,85202130409,2502412,0
85.2047,4,85204659821,73000,1
85.2073,4,85204758415,2502412,0
85.2174,4,85214914439,2502412,0
85.22,4,85217470851,2502412,0
85.2276,4,85225114869,2502412,0
85.2352,4,85232731887,2502412,0
85.2378,4,85235288299,2502412,0
85.248,4,85245498323,2502412,0
85.2557,4,85253178341,2502412,0
85.2609,4,85260822359,73000,1
85.2685,4,85266043371,2502412,0
85.269,4,85268895377,73000,1
85.2843,4,85281751407,2502412,0
85.2868,4,85284307819,2502412,0
85.2995,4,85297011849,2502412,0
85.3025,4,85302474861,73000,1
85.3102,4,85307686873,2502412,0
85.3178,4,85315303891,2502412,0
85.3255,4,85322974909,2502412,0
85.3382,4,85335696939,2502412,0
85.3434,4,85343376957,73000,1
85.3536,4,85351136975,2502412,0
85.3613,4,85358762993,2502412,0
85.3665,4,85366434011,73000,1
85.3823,4,85382195453,73000,1
85.4001,4,85397581489,2502412,0
85.408,4,85405538507,2502412,0
85.4157,4,85413182525,2502412,0
85.4182,4,85415720937,2502412,0
85.426,4,85425912961,73000,1
85.4388,4,85436274985,2502412,0
85.4464,4,85443901003,2502412,0
85.454,4,85451500021,2502412,0
85.4566,4,85454083433,2502412,0
85.4642,4,85461691451,2502412,0
85.4719,4,85469362469,2502412,0
85.4747,4,85472214475,2502412,0
85.4849,4,85482406499,2502412,0
85.485,4,85484935911,73000,1
85.4875,4,85485016505,2502412,0
85.4901,4,85487590917,2502412,0
85.5003,4,85497764941,2502412,0
85.5083,4,85505784959,2502412,0
85.5185,4,85515958983,2502412,0
85.5236,4,85521081995,2502412,0
85.5363,4,85533831025,2502412,0
85.5389,4,85536360437,2502412,0
85.5465,4,85543986455,2502412,0
85.5516,4,85549064467,2502412,0
85.5541,4,85551602879,2502412,0
85.5643,4,85561821903,2502412,0
85.567,4,85566971915,73000,1
85.5696,4,85567051915,2502412,0
85.5775,4,85574972339,2502412,0
85.5826,4,85580077351,2502412,0
85.5877,4,85585155363,2502412,0
85.5903,4,85590260375,73000,1
85.6057,4,85603170405,2502412,0
85.6187,4,85616214435,2502412,0
85.6214,4,85621337447,73000,1
85.6393,4,85636750483,2502412,0
85.652,4,85649499513,2502412,0
85.6545,4,85652028925,2502412,0
85.6673,4,85664750955,2502412,0
85.6698,4,85667280367,2502412,0
85.6723,4,85669845779,2502412,0
85.675,4,85674950791,73000,1
85.6832,4,85683077215,73000,1
85.6907,4,85688244227,2502412,0
85.7009,4,85698436251,2502412,0
85.706,4,85703514263,2502412,0
85.7165,4,85714037287,2502412,0
85.7216,4,85719106299,2502412,0
85.7318,4,85729334323,2502412,0
85.7344,4,85731863735,2502412,0
85.742,4,85739534753,2502412,0
85.7522,4,85749726777,2502412,0
85.7573,4,85754831789,2502412,0
85.76,4,85759927801,73000,1
85.7703,4,85770262825,73000,1
85.778,4,85775465837,2502412,0
85.7809,4,85780856255,73000,1
85.786,4,85783511261,2502412,0
85.7911,4,85788589273,2502412,0
85.7987,4,85796206291,2502412,0
85.7989,4,85798780703,73000,1
85.8142,4,85811682327,2502412,0
85.8272,4,85824725763,2502412,0
85.8274,4,85827282175,73000,1
85.8452,4,85842722805,2502412,0
85.8554,4,85852905829,2502412,0
85.8579,4,85855435241,2502412,0
85.863,4,85860522253,2502412,0
85.8732,4,85870705277,2502412,0
85.8809,4,85878385295,2502412,0
85.8888,4,85886341719,2502412,0
85.899,4,85896533743,2502412,0
85.9041,4,85901629755,2502412,0
85.9119,4,85911839779,73000,1
85.9277,4,85927610815,73000,1
85.9634,4,85960913893,2502412,0
85.9761,4,85973626923,2502412,0
85.9787,4,85976165335,2502412,0
85.9842,4,85984139759,73000,1
85.9893,4,85986749765,2502412,0
85.997,4,85994447783,2502412,0
86.0046,4,86002109801,2502412,0
86.0148,4,86012283825,2502412,0
86.0202,4,86017683837,2502412,0
86.0227,4,86020240249,2502412,0
86.0355,4,86032953279,2502412,0
86.038,4,86035500691,2502412,0
86.0431,4,86040623703,2502412,0
86.0482,4,86045683715,2502412,0
86.0533,4,86050752727,2502412,0
86.0583,4,86055821739,2502412,0
86.0609,4,86058405151,2502412,0
86.0636,4,86063510163,73000,1
86.0712,4,86068713175,2502412,0
86.0789,4,86076402193,2502412,0
86.0865,4,86084028211,2502412,0
86.0894,4,86086880217,2502412,0
86.1021,4,86099620247,2502412,0
86.1073,4,86104761259,2502412,0
86.1151,4,86114980283,73000,1
86.1255,4,86123035301,2502412,0
86.1357,4,86133218325,2502412,0
86.1408,4,86138278337,2502412,0
86.1434,4,86140852749,2502412,0
86.1535,4,86151035773,2502412,0
86.1588,4,86158733791,73000,1
86.1664,4,86163945803,2502412,0
86.1792,4,86176676833,2502412,0
86.1922,4,86189738269,2502412,0
86.1948,4,86192267681,2502412,0
86.2075,4,86204998711,2502412,0
86.2101,4,86207600123,2502412,0
86.2152,4,86212669135,2502412,0
86.2256,4,86223138159,2502412,0
86.2282,4,86225676571,2502412,0
86.2307,4,86228232983,2502412,0
86.2384,4,86235886001,2502412,0
86.246,4,86243530019,2502412,0
86.2487,4,86248662031,73000,1
86.2564,4,86253901043,2502412,0
86.2691,4,86266596073,2502412,0
86.2768,4,86274276091,2502412,0
86.2844,4,86281902109,2502412,0
86.287,4,86284449521,2502412,0
86.2895,4,86286978933,2502412,0
86.2974,4,86294899357,2502412,0
86.2999,4,86297446769,2502412,0
86.3076,4,86305072787,2502412,0
86.3101,4,86307629199,2502412,0
86.3152,4,86312734211,2502412,0
86.3229,4,86320378229,2502412,0
86.3309,4,86328389247,2502412,0
86.3335,4,86333476259,73000,1
86.3386,4,86336113265,2502412,0
86.3388,4,86338678677,73000,1
86.3413,4,86338751677,2502412,0
86.3514,4,86348943701,2502412,0
86.3516,4,86351518113,73000,1
86.3617,4,86359242725,2502412,0
86.3694,4,86366913743,2502412,0
86.3771,4,86374557761,2502412,0
86.3898,4,86387297791,2502412,0
86.3923,4,86389845203,2502412,0
86.3953,4,86395271621,73000,1
86.4031,4,86403067639,73000,1
86.4315,4,86428994699,2502412,0
86.434,4,86431533111,2502412,0
86.4417,4,86439159129,2502412,0
86.4467,4,86444219141,2502412,0
86.4569,4,86454447165,2502412,0
86.4646,4,86462136183,2502412,0
86.4697,4,86467205195,2502412,0
86.4773,4,86474831213,2502412,0
86.485,4,86482502231,2502412,0
86.4902,4,86490155249,73000,1
86.4928,4,86490262249,2502412,0
86.4978,4,86495340261,2502412,0
86.4983,4,86498201267,73000,1
86.5059,4,86503404279,2502412,0
86.5136,4,86511048297,2502412,0
86.5213,4,86521276321,73000,1
86.529,4,86526479333,2502412,0
86.542,4,86539504769,2502412,0
86.5445,4,86542043181,2502412,0
86.5497,4,86547157193,2502412,0
86.5547,4,86552226205,2502412,0
86.56,4,86559915223,73000,1
86.5703,4,86570259247,73000,1
86.6089,4,86606422737,2502412,0
86.614,4,86611491749,2502412,0
86.6242,4,86621683773,2502412,0
86.6267,4,86624222185,2502412,0
86.6294,4,86629327197,73000,1
86.6426,4,86642523227,73000,1
86.6604,4,86657945263,2502412,0
86.6655,4,86663014275,2502412,0
86.6757,4,86673233299,2502412,0
86.6885,4,86685982329,2502412,0
86.6961,4,86693635347,2502412,0
86.7041,4,86701600771,2502412,0
86.7143,4,86711810795,2502412,0
86.7271,4,86724559825,2502412,0
86.7297,4,86729664837,73000,1
86.748,4,86747974879,73000,1
86.7837,4,86781241957,2502412,0
86.7889,4,86786355969,2502412,0
86.7991,4,86796556993,2502412,0
86.8121,4,86809618429,2502412,0
86.8198,4,86817262447,2502412,0
86.8274,4,86824888465,2502412,0
86.8299,4,86827444877,2502412,0
86.843,4,86840479907,2502412,0
86.8456,4,86843081319,2502412,0
86.8457,4,86845610731,73000,1
86.8558,4,86853335343,2502412,0
86.8635,4,86861015361,2502412,0
86.8662,4,86866084373,73000,1
86.874,4,86873880391,73000,1
86.9071,4,86904608463,2502412,0
86.91,4,86907469469,2502412,0
86.9126,4,86912565481,73000,1
86.9254,4,86922900505,2502412,0
86.933,4,86930526523,2502412,0
86.9357,4,86935622535,73000,1
86.9513,4,86948809565,2502412,0
86.9565,4,86956471583,73000,1
86.9744,4,86971911619,2502412,0
86.9771,4,86976989631,73000,1
86.9821,4,86979608637,2502412,0
86.9898,4,86987270655,2502412,0
86.9899,4,86989809067,73000,1
87.0078,4,87005258697,2502412,0
87.0182,4,87015736721,2502412,0
87.0259,4,87023398739,2502412,0
87.0361,4,87033572763,2502412,0
87.0441,4,87041565781,2502412,0
87.0543,4,87051775805,2502412,0
87.0645,4,87061976829,2502412,0
87.0721,4,87069620847,2502412,0
87.0798,4,87077264865,2502412,0
87.085,4,87084926883,73000,1
87.0977,4,87095234907,2502412,0
87.1028,4,87100312919,2502412,0
87.1054,4,87102860331,2502412,0
87.1109,4,87110798755,73000,1
87.1262,4,87123681785,2502412,0
87.1389,4,87136430815,2502412,0
87.1469,4,87144405833,2502412,0
87.1545,4,87152022851,2502412,0
87.1622,4,87159693869,2502412,0
87.1675,4,87167382887,73000,1
87.1776,4,87175124905,2502412,0
87.1878,4,87185307929,2502412,0
87.1929,4,87190376941,2502412,0
87.2031,4,87200595965,2502412,0
87.2133,4,87210823989,2502412,0
87.2264,4,87223886019,2502412,0
87.2289,4,87226433431,2502412,0
87.2391,4,87236616455,2502412,0
87.2497,4,87247148479,2502412,0
87.2624,4,87259897509,2502412,0
87.2701,4,87267559527,2502412,0
87.2803,4,87277769551,2502412,0
87.2904,4,87287943575,2502412,0
87.2931,4,87293075587,73000,1
87.3008,4,87298251599,2502412,0
87.3033,4,87300799011,2502412,0
87.3058,4,87303328423,2502412,0
87.3136,4,87313502447,73000,1
87.3161,4,87313609447,2502412,0
87.3191,4,87319063459,73000,1
87.3244,4,87324293471,73000,1
87.3448,4,87342254513,2502412,0
87.3578,4,87355298543,2502412,0
87.3655,4,87362951561,2502412,0
87.3732,4,87373170585,73000,1
87.3911,4,87388610621,2502412,0
87.3962,4,87393679633,2502412,0
87.3963,4,87396209045,73000,1
87.4066,4,87406553663,73000,1
87.4091,4,87406626663,2502412,0
87.4193,4,87416827687,2502412,0
87.4273,4,87424802705,2502412,0
87.44,4,87437515735,2502412,0
87.4502,4,87447734759,2502412,0
87.4556,4,87453116177,2502412,0
87.4607,4,87458230189,2502412,0
87.4633,4,87460759601,2502412,0
87.4659,4,87465837613,73000,1
87.471,4,87468483619,2502412,0
87.4761,4,87473588631,2502412,0
87.4863,4,87483780655,2502412,0
87.4888,4,87486328067,2502412,0
87.4941,4,87494008085,73000,1
87.5017,4,87499247097,2502412,0
87.5069,4,87506864115,73000,1
87.512,4,87509528121,2502412,0
87.5201,4,87520059551,73000,1
87.5303,4,87527783569,2502412,0
87.5405,4,87537984593,2502412,0
87.5507,4,87548203617,2502412,0
87.5561,4,87553576629,2502412,0
87.5586,4,87556115041,2502412,0
87.5664,4,87566343065,73000,1
87.5819,4,87581810101,73000,1
87.5922,4,87592118125,73000,1
87.6385,4,87635961633,2502412,0
87.6512,4,87648665663,2502412,0
87.6539,4,87653797675,73000,1
87.6669,4,87664427699,2502412,0
87.6797,4,87677167729,2502412,0
87.6873,4,87684784747,2502412,0
87.695,4,87692464765,2502412,0
87.7052,4,87702674789,2502412,0
87.7154,4,87712875813,2502412,0
87.7284,4,87725937249,2502412,0
87.7412,4,87738668279,2502412,0
87.7488,4,87746339297,2502412,0
87.7539,4,87751408309,2502412,0
87.759,4,87756531321,2502412,0
87.762,4,87761921739,73000,1
87.7647,4,87764585745,73000,1
87.7723,4,87769815757,2502412,0
87.785,4,87782546787,2502412,0
87.7927,4,87790172805,2502412,0
87.8003,4,87797825823,2502412,0
87.8106,4,87808053847,2502412,0
87.8208,4,87818263871,2502412,0
87.8284,4,87825907889,2502412,0
87.8365,4,87836439913,73000,1
87.8569,4,87854418955,2502412,0
87.8649,4,87862348973,2502412,0
87.8726,4,87872576997,73000,1
87.8777,4,87875232003,2502412,0
87.8905,4,87887954033,2502412,0
87.9032,4,87900703063,2502412,0
87.9058,4,87903286475,2502412,0
87.9185,4,87916008505,2502412,0
87.9236,4,87921131517,2502412,0
87.9341,4,87931590947,2502412,0
87.9366,4,87934147359,2502412,0
87.9417,4,87939243371,2502412,0
87.9443,4,87941772783,2502412,0
87.9493,4,87946841795,2502412,0
87.9596,4,87957069819,2502412,0
87.9701,4,87967614015,2502412,0
87.9752,4,87972719027,2502412,0
87.9854,4,87982911051,2502412,0
87.9856,4,87985494463,73000,1
87.9957,4,87993237075,2502412,0
87.9983,4,87995802487,2502412,0
88.011,4,88008515517,2502412,0
88.0212,4,88018734541,2502412,0
88.0263,4,88023794553,2502412,0
88.0368,4,88034334983,2502412,0
88.0419,4,88039439995,2502412,0
88.0497,4,88049650019,73000,1
88.0625,4,88059958043,2502412,0
88.0706,4,88070481067,73000,1
88.0731,4,88070597067,2502412,0
88.0858,4,88083346097,2502412,0
88.0884,4,88085875509,2502412,0
88.0909,4,88088404921,2502412,0
88.1036,4,88101117951,2502412,0
88.1062,4,88103701363,2502412,0
88.1189,4,88116432393,2502412,0
88.1215,4,88118997805,2502412,0
88.1266,4,88124093817,2502412,0
88.1317,4,88129153829,2502412,0
88.1396,4,88137128253,2502412,0
88.1473,4,88144790271,2502412,0
88.1549,4,88152425289,2502412,0
88.1626,4,88160087307,2502412,0
88.1706,4,88168062325,2502412,0
88.1833,4,88180802355,2502412,0
88.1859,4,88183358767,2502412,0
88.1911,4,88191002785,73000,1
88.2064,4,88203903815,2502412,0
88.2192,4,88216652845,2502412,0
88.2242,4,88221739857,2502412,0
88.237,4,88234488887,2502412,0
88.2398,4,88237340893,2502412,0
88.245,4,88244966911,73000,1
88.2578,4,88255319935,2502412,0
88.2706,4,88268068965,2502412,0
88.2836,4,88281121401,2502412,0
88.2887,4,88286226413,2502412,0
88.2938,4,88291295425,2502412,0
88.3014,4,88298921443,2502412,0
88.3065,4,88304035455,2502412,0
88.3116,4,88309122467,2502412,0
88.3192,4,88316739485,2502412,0
88.3218,4,88319268897,2502412,0
88.3243,4,88321825309,2502412,0
88.3296,4,88329505327,73000,1
88.3373,4,88334762339,2502412,0
88.3428,4,88342691763,73000,1
88.3453,4,88342771763,2502412,0
88.358,4,88355520793,2502412,0
88.3682,4,88365739817,2502412,0
88.3788,4,88376262841,2502412,0
88.3864,4,88383924859,2502412,0
88.3992,4,88396655889,2502412,0
88.4069,4,88406874913,73000,1
88.4147,4,88414652931,73000,1
88.4249,4,88422403949,2502412,0
88.4377,4,88435152979,2502412,0
88.4427,4,88440239991,2502412,0
88.4482,4,88445649003,2502412,0
88.4558,4,88453257021,2502412,0
88.4609,4,88458398033,2502412,0
88.4736,4,88471138063,2502412,0
88.4791,4,88476574075,2502412,0
88.4893,4,88486766099,2502412,0
88.492,4,88491880111,73000,1
88.5098,4,88507293147,2502412,0
88.52,4,88517476171,2502412,0
88.525,4,88522545183,2502412,0
88.5302,4,88527668195,2502412,0
88.5404,4,88537887219,2502412,0
88.5483,4,88545843643,2502412,0
88.556,4,88553460661,2502412,0
88.5561,4,88556035073,73000,1
88.5663,4,88563813685,2502412,0
88.5791,4,88576562715,2502412,0
88.5795,4,88579423127,73000,1
88.5845,4,88582042133,2502412,0
88.5922,4,88589650151,2502412,0
88.5998,4,88597339169,2502412,0
88.6075,4,88605001187,2502412,0
88.6151,4,88612645205,2502412,0
88.6228,4,88620298223,2502412,0
88.6229,4,88622836635,73000,1
88.6331,4,88630606247,2502412,0
88.6356,4,88633144659,2502412,0
88.6487,4,88646206095,2502412,0
88.6614,4,88658946125,2502412,0
88.664,4,88661484537,2502412,0
88.6717,4,88671676561,73000,1
88.6769,4,88674367567,2502412,0
88.6873,4,88684845591,2502412,0
88.6875,4,88687411003,73000,1
88.7028,4,88700294627,2502412,0
88.7155,4,88713034657,2502412,0
88.7181,4,88715564069,2502412,0
88.7283,4,88725765093,2502412,0
88.7385,4,88735948117,2502412,0
88.741,4,88738495529,2502412,0
88.7461,4,88743573541,2502412,0
88.7566,4,88754086971,2502412,0
88.7591,4,88756643383,2502412,0
88.7719,4,88769374413,2502412,0
88.7745,4,88771957825,2502412,0
88.7875,4,88785010855,2502412,0
88.7901,4,88787558267,2502412,0
88.8028,4,88800307297,2502412,0
88.8106,4,88810526321,73000,1
88.8132,4,88810651321,2502412,0
88.8208,4,88818268339,2502412,0
88.8284,4,88825876357,2502412,0
88.8309,4,88828414769,2502412,0
88.8335,4,88830962181,2502412,0
88.8462,4,88843711211,2502412,0
88.8488,4,88846294623,2502412,0
88.8567,4,88854233047,2502412,0
88.8644,4,88861868065,2502412,0
88.872,4,88869530083,2502412,0
88.8747,4,88874626095,73000,1
88.8773,4,88874760095,2502412,0
88.8849,4,88882377113,2502412,0
88.8905,4,88890378537,73000,1
88.8956,4,88895572549,73000,1
88.9186,4,88916117597,2502412,0
88.9237,4,88921186609,2502412,0
88.9339,4,88931351633,2502412,0
88.939,4,88936492645,2502412,0
88.9442,4,88944109663,73000,1
88.9469,4,88946818669,73000,1
88.9626,4,88962562111,73000,1
89.0242,4,89021676249,2502412,0
89.0369,4,89034416279,2502412,0
89.0371,4,89037008691,73000,1
89.0473,4,89044778303,2502412,0
89.0603,4,89057803739,2502412,0
89.0655,4,89065474757,73000,1
89.0834,4,89080914793,2502412,0
89.0835,4,89083444205,73000,1
89.089,4,89088972003,73000,1
89.1147,4,89114604063,73000,1
89.1276,4,89127496093,73000,1
89.2227,4,89220163715,2502412,0
89.2303,4,89227780733,2502412,0
89.2328,4,89230310145,2502412,0
89.2354,4,89232848557,2502412,0
89.2431,4,89243040581,73000,1
89.2508,4,89248297593,2502412,0
89.2584,4,89255932611,2502412,0
89.2586,4,89258480023,73000,1
89.2793,4,89276754065,2502412,0
89.2818,4,89279283477,2502412,0
89.2843,4,89281812889,2502412,0
89.292,4,89289447907,2502412,0
89.2999,4,89297368925,2502412,0
89.3024,4,89299925337,2502412,0
89.3101,4,89307623355,2502412,0
89.3178,4,89315285373,2502412,0
89.3305,4,89328025403,2502412,0
89.3331,4,89330590815,2502412,0
89.3382,4,89335668827,2502412,0
89.3434,4,89343285845,73000,1
89.3561,4,89353629869,2502412,0
89.3587,4,89356177281,2502412,0
89.3717,4,89369220717,2502412,0
89.3794,4,89376900735,2502412,0
89.387,4,89384508753,2502412,0
89.3947,4,89392179771,2502412,0
89.3972,4,89394709183,2502412,0
89.4052,4,89402683607,2502412,0
89.4053,4,89405222019,73000,1
89.4155,4,89412982631,2502412,0
89.4181,4,89415548043,2502412,0
89.4257,4,89423156061,2502412,0
89.4307,4,89428225073,2502412,0
89.4384,4,89435905091,2502412,0
89.4461,4,89443549109,2502412,0
89.4511,4,89448618121,2502412,0
89.4536,4,89451147533,2502412,0
89.4587,4,89456243545,2502412,0
89.4693,4,89466756975,2502412,0
89.4718,4,89469313387,2502412,0
89.4769,4,89474409399,2502412,0
89.4845,4,89482044417,2502412,0
89.4896,4,89487131429,2502412,0
89.4947,4,89492245441,2502412,0
89.5027,4,89500202459,2502412,0
89.5054,4,89505343471,73000,1
89.5182,4,89515678495,2502412,0
89.5283,4,89525834519,2502412,0
89.5411,4,89538583549,2502412,0
89.5463,4,89546272567,73000,1
89.554,4,89551484579,2502412,0
89.5616,4,89559101597,2502412,0
89.5617,4,89561631009,73000,1
89.5644,4,89564322609,73000,1
89.5928,4,89590249075,2502412,0
89.6004,4,89597902093,2502412,0
89.6085,4,89608443117,73000,1
89.6161,4,89613646129,2502412,0
89.6212,4,89618733141,2502412,0
89.6213,4,89621262553,73000,1
89.6341,4,89631598171,2502412,0
89.6417,4,89639215189,2502412,0
89.6545,4,89651955219,2502412,0
89.6597,4,89659644237,73000,1
89.6753,4,89672803673,2502412,0
89.6778,4,89675333085,2502412,0
89.6831,4,89682995103,73000,1
89.6881,4,89685641109,2502412,0
89.6958,4,89693303127,2502412,0
89.7034,4,89700902145,2502412,0
89.7063,4,89703798557,2502412,0
89.719,4,89716538587,2502412,0
89.7216,4,89719085999,2502412,0
89.7243,4,89724191011,73000,1
89.7319,4,89729367023,2502412,0
89.7395,4,89737047041,2502412,0
89.7472,4,89744664059,2502412,0
89.7473,4,89747238471,73000,1
89.7601,4,89757565089,2502412,0
89.7702,4,89767721113,2502412,0
89.7756,4,89773138531,2502412,0
89.7783,4,89778243543,73000,1
89.7936,4,89791117573,2502412,0
89.8064,4,89803866603,2502412,0
89.8092,4,89806727015,2502412,0
89.8118,4,89809265427,2502412,0
89.8194,4,89816873445,2502412,0
89.8244,4,89821942457,2502412,0
89.8295,4,89827020469,2502412,0
89.8321,4,89829549881,2502412,0
89.8346,4,89832079293,2502412,0
89.8423,4,89839750311,2502412,0
89.8499,4,89847394329,2502412,0
89.8525,4,89850004741,2502412,0
89.8627,4,89860187765,2502412,0
89.8678,4,89865292777,2502412,0
89.8704,4,89867849189,2502412,0
89.8808,4,89878335619,2502412,0
89.8861,4,89886033637,73000,1
89.9039,4,89901437673,2502412,0
89.9119,4,89909403691,2502412,0
89.9221,4,89919604715,2502412,0
89.9323,4,89929814739,2502412,0
89.9374,4,89934901751,2502412,0
89.9476,4,89945066775,2502412,0
89.9527,4,89950180787,2502412,0
89.9578,4,89955276799,2502412,0
89.9654,4,89962938817,2502412,0
89.9705,4,89968016829,2502412,0
89.981,4,89978530259,2502412,0
89.9938,4,89991279289,2502412,0
89.9939,4,89993871701,73000,1
89.999,4,89996500301,2502412,0
90.0068,4,90006719325,73000,1
90.0275,4,90025020367,2502412,0
90.0353,4,90035221391,73000,1
90.0404,4,90037858397,2502412,0
90.0429,4,90040387809,2502412,0
90.0455,4,90045456821,73000,1
90.0506,4,90048120827,2502412,0
90.0608,4,90058303851,2502412,0
90.061,4,90060878263,73000,1
90.0814,4,90078848899,2502412,0
90.0842,4,90081718905,2502412,0
90.0893,4,90086787917,2502412,0
90.0944,4,90091856929,2502412,0
90.102,4,90099455947,2502412,0
90.1045,4,90102021359,2502412,0
90.1096,4,90107126371,2502412,0
90.1097,4,90109673783,73000,1
90.1279,4,90125436413,2502412,0
90.1305,4,90127974825,2502412,0
90.1432,4,90140696855,2502412,0
90.1485,4,90148403873,73000,1
90.1563,4,90156181891,73000,1
90.1717,4,90171612927,73000,1
90.231,4,90228500465,2502412,0
90.2337,4,90233614477,73000,1
90.2439,4,90241374495,2502412,0
90.2541,4,90251566519,2502412,0
90.2617,4,90259210537,2502412,0
90.2745,4,90271959567,2502412,0
90.277,4,90274488979,2502412,0
90.2846,4,90282114997,2502412,0
90.2926,4,90290081015,2502412,0
90.3002,4,90297716033,2502412,0
90.3028,4,90300272445,2502412,0
90.313,4,90310473469,2502412,0
90.3181,4,90315551481,2502412,0
90.3209,4,90318411893,2502412,0
90.3235,4,90320968305,2502412,0
90.3362,4,90333690335,2502412,0
90.3414,4,90338849347,2502412,0
90.3515,4,90349005371,2502412,0
90.3592,4,90356694389,2502412,0
90.3668,4,90364338407,2502412,0
90.3695,4,90369434419,73000,1
90.3873,4,90384847455,2502412,0
90.3878,4,90387735461,73000,1
90.3903,4,90387815461,2502412,0
90.3954,4,90392875473,2502412,0
90.403,4,90400546491,2502412,0
90.4132,4,90410738515,2502412,0
90.4183,4,90415807527,2502412,0
90.4237,4,90421243539,2502412,0
90.4339,4,90431426563,2502412,0
90.439,4,90436531575,2502412,0
90.4467,4,90444166593,2502412,0
90.4517,4,90449244605,2502412,0
90.4543,4,90451801017,2502412,0
90.4568,4,90454330429,2502412,0
90.4619,4,90459390441,2502412,0
90.4721,4,90469600465,2502412,0
90.4723,4,90472210877,73000,1
90.4824,4,90479935489,2502412,0
90.485,4,90482518901,2502412,0
90.4981,4,90495580337,2502412,0
90.5108,4,90508311367,2502412,0
90.5185,4,90515982385,2502412,0
90.5264,4,90523912403,2502412,0
90.5291,4,90529035415,73000,1
90.547,4,90544457451,2502412,0
90.5597,4,90557188481,2502412,0
90.5699,4,90567407505,2502412,0
90.575,4,90572503517,2502412,0
90.5826,4,90580147535,2502412,0
90.5903,4,90587809553,2502412,0
90.5957,4,90593199971,2502412,0
90.6009,4,90600843989,73000,1
90.6086,4,90606083001,2502412,0
90.6213,4,90618823031,2502412,0
90.6269,4,90626816049,73000,1
90.6319,4,90629435055,2502412,0
90.6396,4,90637061073,2502412,0
90.6421,4,90639599485,2502412,0
90.6446,4,90642137897,2502412,0
90.6548,4,90652320921,2502412,0
90.6599,4,90657425933,2502412,0
90.6625,4,90659973345,2502412,0
90.6677,4,90667626363,73000,1
90.6779,4,90675431381,2502412,0
90.6907,4,90688162411,2502412,0
90.6958,4,90693249423,2502412,0
90.7039,4,90703790447,73000,1
90.7192,4,90716655477,2502412,0
90.7322,4,90729717507,2502412,0
90.7373,4,90734822519,2502412,0
90.7424,4,90739891531,2502412,0
90.7526,4,90750092555,2502412,0
90.7628,4,90760320579,2502412,0
90.7655,4,90765425591,73000,1
90.7859,4,90783404633,2502412,0
90.7935,4,90791021651,2502412,0
90.7986,4,90796117663,2502412,0
90.8042,4,90804083681,73000,1
90.8195,4,90816957711,2502412,0
90.8297,4,90827149735,2502412,0
90.8402,4,90837681165,2502412,0
90.8478,4,90845298183,2502412,0
90.8503,4,90847827595,2502412,0
90.858,4,90855480613,2502412,0
90.8656,4,90863124631,2502412,0
90.8733,4,90870795649,2502412,0
90.8809,4,90878412667,2502412,0
90.886,4,90883544679,2502412,0
90.8861,4,90886074091,73000,1
90.894,4,90893888703,73000,1
90.9097,4,90909632145,73000,1
90.9432,4,90940682217,2502412,0
90.9533,4,90950847241,2502412,0
90.9535,4,90953403653,73000,1
90.9638,4,90963748271,73000,1
90.9741,4,90974056295,73000,1
91.0566,4,91056513893,73000,1
91.2337,4,91231246113,2502412,0
91.2363,4,91233802525,2502412,0
91.2494,4,91246864555,2502412,0
91.2521,4,91251978567,73000,1
91.2725,4,91269957609,2502412,0
91.2751,4,91275044621,73000,1
91.2829,4,91282822639,73000,1
91.3033,4,91300783681,2502412,0
91.3058,4,91303313093,2502412,0
91.3189,4,91316356529,2502412,0
91.3265,4,91324009547,2502412,0
91.3316,4,91329114559,2502412,0
91.3418,4,91339297583,2502412,0
91.3472,4,91344742001,2502412,0
91.3499,4,91349820013,73000,1
91.35,4,91349900013,73000,1
91.3525,4,91349980013,2502412,0
91.3576,4,91355121025,2502412,0
91.3678,4,91365304049,2502412,0
91.373,4,91372975067,73000,1
91.3832,4,91380744085,2502412,0
91.396,4,91393484115,2502412,0
91.3985,4,91396022527,2502412,0
91.4062,4,91403648545,2502412,0
91.4141,4,91411622969,2502412,0
91.4219,4,91421850993,73000,1
91.4297,4,91429629011,73000,1
91.4683,4,91465775095,2502412,0
91.4708,4,91468322507,2502412,0
91.4836,4,91481071537,2502412,0
91.4963,4,91493793567,2502412,0
91.4988,4,91496340979,2502412,0
91.499,4,91498906391,73000,1
91.5197,4,91517189433,2502412,0
91.5273,4,91524833451,2502412,0
91.5351,4,91535061475,73000,1
91.5559,4,91553362517,2502412,0
91.5609,4,91558422529,2502412,0
91.5662,4,91566084547,73000,1
91.5738,4,91571287559,2502412,0
91.579,4,91578949577,73000,1
91.5994,4,91596937619,2502412,0
91.6122,4,91609668649,2502412,0
91.6147,4,91612207061,2502412,0
91.6201,4,91617588479,2502412,0
91.6303,4,91627789503,2502412,0
91.6354,4,91632912515,2502412,0
91.6432,4,91643131539,73000,1
91.6614,4,91658857575,2502412,0
91.669,4,91666492593,2502412,0
91.6766,4,91674136611,2502412,0
91.6817,4,91679232623,2502412,0
91.6868,4,91684319635,2502412,0
91.6945,4,91691963653,2502412,0
91.7021,4,91699607671,2502412,0
91.7097,4,91707233689,2502412,0
91.7174,4,91714913707,2502412,0
91.728,4,91725454137,2502412,0
91.7381,4,91735628161,2502412,0
91.7509,4,91748377191,2502412,0
91.7565,4,91756379209,73000,1
91.7717,4,91769244239,2502412,0
91.7768,4,91774340251,2502412,0
91.7871,4,91784550275,2502412,0
91.7998,4,91797281305,2502412,0
91.81,4,91807482329,2502412,0
91.8151,4,91812551341,2502412,0
91.823,4,91820534765,2502412,0
91.8307,4,91828214783,2502412,0
91.8383,4,91835831801,2502412,0
91.8409,4,91838370213,2502412,0
91.841,4,91840899625,73000,1
91.8435,4,91840972625,2502412,0
91.8486,4,91846095637,2502412,0
91.8541,4,91854070655,73000,1
91.8694,4,91866935685,2502412,0
91.8772,4,91877145709,73000,1
91.89,4,91887498733,2502412,0
91.8952,4,91895124751,73000,1
91.9004,4,91900354763,73000,1
91.9183,4,91915767799,2502412,0
91.9313,4,91928784235,2502412,0
91.9314,4,91931376647,73000,1
91.9443,4,91944251271,73000,1
91.9468,4,91944324271,2502412,0
91.9519,4,91949429283,2502412,0
91.965,4,91962482313,2502412,0
91.9701,4,91967587325,2502412,0
91.9803,4,91977761349,2502412,0
91.9804,4,91980326761,73000,1
91.9907,4,91990671379,73000,1
91.9983,4,91995847391,2502412,0
92.0111,4,92008596421,2502412,0
92.0138,4,92013710433,73000,1
92.0163,4,92013783433,2502412,0
92.0214,4,92018852445,2502412,0
92.0265,4,92023966457,2502412,0
92.0344,4,92031896475,2502412,0
92.0395,4,92037001487,2502412,0
92.0472,4,92044663505,2502412,0
92.0524,4,92052325523,73000,1
92.0682,4,92068096559,73000,1
92.0758,4,92073299571,2502412,0
92.086,4,92083464595,2502412,0
92.0887,4,92088587607,73000,1
92.1039,4,92101443637,2502412,0
92.109,4,92106539649,2502412,0
92.1117,4,92111626661,73000,1
92.1296,4,92127075697,2502412,0
92.1401,4,92137553721,2502412,0
92.1451,4,92142613733,2502412,0
92.1477,4,92145161145,2502412,0
92.1553,4,92152805163,2502412,0
92.163,4,92160503181,2502412,0
92.166,4,92165902599,73000,1
92.1736,4,92171123611,2502412,0
92.1813,4,92178758629,2502412,0
92.1915,4,92188959653,2502412,0
92.1916,4,92191498065,73000,1
92.212,4,92209495701,2502412,0
92.2222,4,92219687725,2502412,0
92.2247,4,92222217137,2502412,0
92.2298,4,92227277149,2502412,0
92.2403,4,92237773173,2502412,0
92.2428,4,92240329585,2502412,0
92.253,4,92250539609,2502412,0
92.2581,4,92255644621,2502412,0
92.2607,4,92258183033,2502412,0
92.2712,4,92268688057,2502412,0
92.2765,4,92276386075,73000,1
92.2817,4,92281616087,73000,1
92.3072,4,92304673141,2502412,0
92.3148,4,92312317159,2502412,0
92.3225,4,92319961177,2502412,0
92.3301,4,92327596195,2502412,0
92.3381,4,92335570619,2502412,0
92.3457,4,92343187637,2502412,0
92.3534,4,92350858655,2502412,0
92.3612,4,92361086679,73000,1
92.3717,4,92369168697,2502412,0
92.3767,4,92374228709,2502412,0
92.3794,4,92379306721,73000,1
92.3819,4,92379379721,2502412,0
92.3872,4,92387086739,73000,1
92.4001,4,92399987769,73000,1
92.4104,4,92410295793,73000,1
92.4438,4,92441345271,2502412,0
92.4515,4,92448953289,2502412,0
92.454,4,92451491701,2502412,0
92.4565,4,92454030113,2502412,0
92.4617,4,92461674131,73000,1
92.4642,4,92461747131,2502412,0
92.4723,4,92469767149,2502412,0
92.4824,4,92479932173,2502412,0
92.4876,4,92485064185,2502412,0
92.4954,4,92495283209,73000,1
92.5057,4,92505609233,73000,1
92.5443,4,92541781723,2502412,0
92.557,4,92554521753,2502412,0
92.5621,4,92559608765,2502412,0
92.5723,4,92569764789,2502412,0
92.5803,4,92577766213,2502412,0
92.5804,4,92580295625,73000,1
92.5882,4,92588092237,73000,1
92.6266,4,92626509327,73000,1
92.686,4,92683462105,2502412,0
92.6961,4,92693645129,2502412,0
92.7014,4,92701298147,73000,1
92.7167,4,92714172177,2502412,0
92.7268,4,92724346201,2502412,0
92.7345,4,92732017219,2502412,0
92.7426,4,92742548649,73000,1
92.7528,4,92750272667,2502412,0
92.7553,4,92752838079,2502412,0
92.7604,4,92757907091,2502412,0
92.7706,4,92768108115,2502412,0
92.7837,4,92781170145,2502412,0
92.7864,4,92786302157,73000,1
92.7991,4,92796610181,2502412,0
92.8068,4,92804263199,2502412,0
92.8144,4,92811898217,2502412,0
92.8271,4,92824647247,2502412,0
92.8349,4,92834875271,73000,1
92.8375,4,92834948271,2502412,0
92.8451,4,92842610289,2502412,0
92.8455,4,92845462295,73000,1
92.8557,4,92853213313,2502412,0
92.8685,4,92865962343,2502412,0
92.871,4,92868509755,2502412,0
92.8762,4,92876153773,73000,1
92.8816,4,92879130779,2502412,0
92.8944,4,92891879809,2502412,0
92.8995,4,92896984821,2502412,0
92.9021,4,92902062833,73000,1
92.9072,4,92904699839,2502412,0
92.9097,4,92907247251,2502412,0
92.9225,4,92919996281,2502412,0
92.9302,4,92927667299,2502412,0
92.9354,4,92935338317,73000,1
92.9537,4,92953647765,73000,1
92.9846,4,92982122831,2502412,0
92.9974,4,92994853861,2502412,0
92.9975,4,92997437273,73000,1
93.0001,4,93000074873,73000,1
93.0257,4,93023158927,2502412,0
93.0309,4,93030811945,73000,1
93.031,4,93030891945,73000,1
93.0544,4,93054333405,73000,1
93.0646,4,93062084423,2502412,0
93.0722,4,93069692441,2502412,0
93.0774,4,93077372459,73000,1
93.0854,4,93082879471,2502412,0
93.093,4,93090523489,2502412,0
93.1007,4,93098158507,2502412,0
93.1083,4,93105820525,2502412,0
93.1159,4,93113428543,2502412,0
93.1161,4,93116011955,73000,1
93.1263,4,93123763567,2502412,0
93.1288,4,93126319979,2502412,0
93.1366,4,93136485003,73000,1
93.1493,4,93146838027,2502412,0
93.1495,4,93149385439,73000,1
93.1599,4,93157440457,2502412,0
93.1727,4,93170171487,2502412,0
93.1803,4,93177842505,2502412,0
93.1934,4,93190904535,2502412,0
93.201,4,93198539553,2502412,0
93.2036,4,93201086965,2502412,0
93.2163,4,93213835995,2502412,0
93.2189,4,93216410407,2502412,0
93.2316,4,93229105437,2502412,0
93.2369,4,93236812455,73000,1
93.2576,4,93255112903,2502412,0
93.2627,4,93260172915,2502412,0
93.2729,4,93270382939,2502412,0
93.2756,4,93275478951,73000,1
93.2781,4,93275558951,2502412,0
93.2806,4,93278106363,2502412,0
93.2807,4,93280644775,73000,1
93.2912,4,93288682387,2502412,0
93.2965,4,93296389405,73000,1
93.3015,4,93299035411,2502412,0
93.3143,4,93311757441,2502412,0
93.3195,4,93319446459,73000,1
93.3246,4,93322074465,2502412,0
93.3348,4,93332275489,2502412,0
93.3399,4,93337380501,2502412,0
93.3475,4,93345006519,2502412,0
93.3528,4,93352704537,73000,1
93.3684,4,93365881973,2502412,0
93.3811,4,93378631003,2502412,0
93.3864,4,93386293021,73000,1
93.4045,4,93402010057,2502412,0
93.4097,4,93409672075,73000,1
93.4226,4,93422537105,73000,1
93.4252,4,93422653105,2502412,0
93.4253,4,93425182517,73000,1
93.4456,4,93443144153,2502412,0
93.4458,4,93445700565,73000,1
93.451,4,93450877171,73000,1
93.4536,4,93453568177,73000,1
93.5334,4,93530920763,2502412,0
93.5461,4,93543633793,2502412,0
93.5487,4,93546208205,2502412,0
93.5563,4,93553816223,2502412,0
93.5564,4,93556354635,73000,1
93.567,4,93564463653,2502412,0
93.5746,4,93572098671,2502412,0
93.5822,4,93579742689,2502412,0
93.5899,4,93587386707,2502412,0
93.595,4,93592473719,2502412,0
93.598,4,93597891137,73000,1
93.6107,4,93608217161,2502412,0
93.6158,4,93613322173,2502412,0
93.6236,4,93623505197,73000,1
93.6261,4,93623578197,2502412,0
93.6286,4,93626143609,2502412,0
93.6414,4,93638874639,2502412,0
93.6415,4,93641467051,73000,1
93.6517,4,93649200663,2502412,0
93.6644,4,93661940693,2502412,0
93.67,4,93669933711,73000,1
93.6751,4,93672579717,2502412,0
93.6828,4,93682771741,73000,1
93.6956,4,93693079765,2502412,0
93.7086,4,93706132795,2502412,0
93.7112,4,93708662207,2502412,0
93.7137,4,93711209619,2502412,0
93.7264,4,93723940649,2502412,0
93.7316,4,93729090661,2502412,0
93.7418,4,93739282685,2502412,0
93.7445,4,93744405697,73000,1
93.7572,4,93754722721,2502412,0
93.7648,4,93762321739,2502412,0
93.7704,4,93770323163,73000,1
93.7857,4,93783206193,2502412,0
93.7933,4,93790832211,2502412,0
93.7934,4,93793361623,73000,1
93.7985,4,93795999223,2502412,0
93.8015,4,93801426235,73000,1
93.8091,4,93806629247,2502412,0
93.8142,4,93811734259,2502412,0
93.8193,4,93816803271,2502412,0
93.8295,4,93827031295,2502412,0
93.8346,4,93832100307,2502412,0
93.8371,4,93834629719,2502412,0
93.8473,4,93844839743,2502412,0
93.8576,4,93855058767,2502412,0
93.8627,4,93860154779,2502412,0
93.8708,4,93870695209,73000,1
93.8911,4,93888638251,2502412,0
93.8937,4,93891185663,2502412,0
93.9067,4,93904220693,2502412,0
93.9093,4,93906786105,2502412,0
93.922,4,93919535135,2502412,0
93.9247,4,93924667147,73000,1
93.9426,4,93940089183,2502412,0
93.9553,4,93952829213,2502412,0
93.9604,4,93957934225,2502412,0
93.9706,4,93968108249,2502412,0
93.976,4,93973517261,2502412,0
93.9862,4,93983727285,2502412,0
93.9913,4,93988841297,2502412,0
94.0015,4,93999024321,2502412,0
94.0095,4,94006999339,2502412,0
94.0171,4,94014634357,2502412,0
94.0198,4,94019739369,73000,1
94.0199,4,94019846369,73000,1
94.025,4,94022501375,2502412,0
94.0377,4,94035223405,2502412,0
94.0403,4,94037797817,2502412,0
94.0454,4,94042866829,2502412,0
94.0556,4,94053049853,2502412,0
94.0607,4,94058163865,2502412,0
94.0632,4,94060693277,2502412,0
94.0734,4,94070876301,2502412,0
94.0762,4,94073728307,2502412,0
94.0788,4,94076266719,2502412,0
94.0839,4,94081353731,2502412,0
94.094,4,94091536755,2502412,0
94.0992,4,94096695767,2502412,0
94.1097,4,94107191791,2502412,0
94.1175,4,94117410815,73000,1
94.1303,4,94127763839,2502412,0
94.1304,4,94130293251,73000,1
94.1431,4,94140610869,2502412,0
94.1533,4,94150757893,2502412,0
94.1558,4,94153314305,2502412,0
94.1609,4,94158383317,2502412,0
94.1711,4,94168566341,2502412,0
94.1762,4,94173698353,2502412,0
94.179,4,94176541359,2502412,0
94.1892,4,94186742383,2502412,0
94.1943,4,94191829395,2502412,0
94.1996,4,94199491413,73000,1
94.2152,4,94212714443,2502412,0
94.2254,4,94222870467,2502412,0
94.2332,4,94233098491,73000,1
94.2485,4,94245999521,2502412,0
94.2613,4,94258748551,2502412,0
94.2715,4,94268949575,2502412,0
94.2716,4,94271478987,73000,1
94.2821,4,94279579005,2502412,0
94.2948,4,94292301035,2502412,0
94.2973,4,94294839447,2502412,0
94.2999,4,94297377859,2502412,0
94.3126,4,94310126889,2502412,0
94.3155,4,94312978301,2502412,0
94.318,4,94315525713,2502412,0
94.3282,4,94325681737,2502412,0
94.3359,4,94333388755,2502412,0
94.3437,4,94343607779,73000,1
94.3641,4,94361559821,2502412,0
94.3743,4,94371751845,2502412,0
94.3819,4,94379422863,2502412,0
94.3899,4,94387361881,2502412,0
94.395,4,94392466893,2502412,0
94.4051,4,94402640917,2502412,0
94.4103,4,94407763929,2502412,0
94.4182,4,94415711947,2502412,0
94.4258,4,94423337965,2502412,0
94.4361,4,94433565989,2502412,0
94.4412,4,94438671001,2502412,0
94.4539,4,94451402031,2502412,0
94.4641,4,94461621055,2502412,0
94.4692,4,94466681067,2502412,0
94.4693,4,94469273479,73000,1
94.4769,4,94474441085,2502412,0
94.4822,4,94482139103,73000,1
94.4852,4,94485097515,73000,1
94.4979,4,94495387539,2502412,0
94.498,4,94497961951,73000,1
94.5133,4,94510818575,2502412,0
94.5213,4,94518775593,2502412,0
94.5214,4,94521314005,73000,1
94.5215,4,94521403599,73000,1
94.5394,4,94536861635,2502412,0
94.5521,4,94549583665,2502412,0
94.5572,4,94554679677,2502412,0
94.5673,4,94564835701,2502412,0
94.5701,4,94569994713,73000,1
94.5829,4,94582859743,73000,1
94.6113,4,94608813209,2502412,0
94.6165,4,94616475227,73000,1
94.6321,4,94629644257,2502412,0
94.6323,4,94632182669,73000,1
94.6475,4,94645039293,2502412,0
94.6501,4,94647586705,2502412,0
94.6527,4,94652673717,73000,1
94.6706,4,94668086753,2502412,0
94.6833,4,94680826783,2502412,0
94.6913,4,94688810207,2502412,0
94.699,4,94696481225,2502412,0
94.7117,4,94709203255,2502412,0
94.7143,4,94711759667,2502412,0
94.7144,4,94714307079,73000,1
94.7274,4,94724946697,2502412,0
94.7402,4,94737695727,2502412,0
94.7504,4,94747860751,2502412,0
94.7606,4,94758079775,2502412,0
94.7607,4,94760609187,73000,1
94.7658,4,94763282787,2502412,0
94.7684,4,94768369799,73000,1
94.7838,4,94781270829,2502412,0
94.7918,4,94791757259,73000,1
94.7971,4,94796996271,73000,1
94.8022,4,94799651277,2502412,0
94.8148,4,94812346307,2502412,0
94.8174,4,94814893719,2502412,0
94.8305,4,94827955749,2502412,0
94.833,4,94830485161,2502412,0
94.8355,4,94833014573,2502412,0
94.8381,4,94835552985,2502412,0
94.8406,4,94838100397,2502412,0
94.8533,4,94850822427,2502412,0
94.8559,4,94853405839,2502412,0
94.8611,4,94861076857,73000,1
94.8662,4,94863695863,2502412,0
94.8687,4,94866234275,2502412,0
94.874,4,94873914293,73000,1
94.8767,4,94876614299,73000,1
94.9229,4,94920421807,2502412,0
94.9308,4,94928342825,2502412,0
94.9334,4,94930872237,2502412,0
94.9359,4,94933419649,2502412,0
94.9411,4,94941072667,73000,1
94.949,4,94948886685,73000,1
94.9823,4,94982207763,73000,1
95.0647,4,95064674361,73000,1
95.2318,4,95231744563,73000,1
95.4093,4,95406807783,2502412,0
95.4171,4,95416999807,73000,1
95.4298,4,95427325831,2502412,0
95.4324,4,95429873243,2502412,0
95.4454,4,95442890273,2502412,0
95.4507,4,95450588291,73000,1
95.4583,4,95455809303,2502412,0
95.4685,4,95465974327,2502412,0
95.4787,4,95476175351,2502412,0
95.4839,4,95483855369,73000,1
95.4915,4,95489040381,2502412,0
95.4993,4,95499241405,73000,1
95.5044,4,95501914411,2502412,0
95.5045,4,95504452823,73000,1
95.507,4,95504525823,2502412,0
95.5124,4,95509907835,2502412,0
95.5175,4,95514967847,2502412,0
95.5226,4,95520081859,2502412,0
95.5302,4,95527743877,2502412,0
95.5379,4,95535432895,2502412,0
95.5484,4,95545928919,2502412,0
95.5535,4,95551024931,2502412,0
95.5586,4,95556102943,2502412,0
95.5662,4,95563710961,2502412,0
95.5688,4,95566285373,2502412,0
95.5764,4,95573947391,2502412,0
95.5841,4,95581582409,2502412,0
95.5917,4,95589235427,2502412,0
95.5943,4,95591782839,2502412,0
95.6019,4,95599435857,2502412,0
95.6125,4,95609949287,2502412,0
95.6201,4,95617620305,2502412,0
95.6303,4,95627794329,2502412,0
95.643,4,95640543359,2502412,0
95.6512,4,95651083789,73000,1
95.6692,4,95669080831,73000,1
95.6998,4,95697269897,2502412,0
95.7048,4,95702338909,2502412,0
95.7125,4,95709982927,2502412,0
95.7204,4,95717939945,2502412,0
95.7281,4,95725610963,2502412,0
95.7357,4,95733236981,2502412,0
95.746,4,95743456005,2502412,0
95.7513,4,95748828423,2502412,0
95.7566,4,95756517441,73000,1
95.7721,4,95771984477,73000,1
95.8154,4,95812940573,2502412,0
95.8234,4,95820888591,2502412,0
95.8235,4,95823427003,73000,1
95.826,4,95823500003,2502412,0
95.8336,4,95831135021,2502412,0
95.8387,4,95836231033,2502412,0
95.8414,4,95841354045,73000,1
95.8596,4,95857089081,2502412,0
95.8698,4,95867281105,2502412,0
95.875,4,95874961123,73000,1
95.8827,4,95880173135,2502412,0
95.8828,4,95882711547,73000,1
95.893,4,95890481159,2502412,0
95.898,4,95895541171,2502412,0
95.9082,4,95905742195,2502412,0
95.9108,4,95908271607,2502412,0
95.9159,4,95913367619,2502412,0
95.9212,4,95918740037,2502412,0
95.9289,4,95926402055,2502412,0
95.934,4,95931516067,2502412,0
95.9442,4,95941726091,2502412,0
95.9498,4,95949727003,73000,1
95.9651,4,95962628033,2502412,0
95.9779,4,95975377063,2502412,0
95.9881,4,95985560087,2502412,0
95.9932,4,95990656099,2502412,0
96.0034,4,96000875123,2502412,0
96.0035,4,96003404535,73000,1
96.006,4,96003494129,2502412,0
96.0162,4,96013659153,2502412,0
96.0187,4,96016197565,2502412,0
96.0216,4,96019058571,2502412,0
96.0268,4,96026711589,73000,1
96.0447,4,96042178625,2502412,0
96.0523,4,96049795643,2502412,0
96.0577,4,96055195061,2502412,0
96.0578,4,96057742473,73000,1
96.068,4,96065485085,2502412,0
96.0682,4,96068077497,73000,1
96.0861,4,96086075133,73000,1
96.1041,4,96104054175,73000,1
96.1377,4,96137660659,73000,1
96.2456,4,96243131311,2502412,0
96.2584,4,96255862341,2502412,0
96.2588,4,96258731753,73000,1
96.2792,4,96276692795,2502412,0
96.2868,4,96284336813,2502412,0
96.2919,4,96289396825,2502412,0
96.2996,4,96297058843,2502412,0
96.3098,4,96307277867,2502412,0
96.3174,4,96314930885,2502412,0
96.3252,4,96325149909,73000,1
96.3434,4,96340857351,2502412,0
96.3485,4,96345971363,2502412,0
96.3511,4,96351049375,73000,1
96.3668,4,96364254405,2502412,0
96.3795,4,96376994435,2502412,0
96.3871,4,96384647453,2502412,0
96.3948,4,96392300471,2502412,0
96.4,4,96399953489,73000,1
96.4051,4,96402617495,2502412,0
96.4178,4,96415330525,2502412,0
96.4204,4,96417877937,2502412,0
96.4334,4,96430939373,2502412,0
96.4336,4,96433522785,73000,1
96.4463,4,96443840403,2502412,0
96.4565,4,96454005427,2502412,0
96.459,4,96456534839,2502412,0
96.4721,4,96469596869,2502412,0
96.4747,4,96472180281,2502412,0
96.4848,4,96482336305,2502412,0
96.49,4,96487468317,2502412,0
96.4925,4,96489997729,2502412,0
96.5052,4,96502710759,2502412,0
96.5078,4,96505258171,2502412,0
96.5129,4,96510381183,2502412,0
96.523,4,96520546207,2502412,0
96.5282,4,96525687219,2502412,0
96.5312,4,96531086637,73000,1
96.549,4,96546544673,2502412,0
96.5491,4,96549074085,73000,1
96.5542,4,96551693685,2502412,0
96.5593,4,96556798697,2502412,0
96.562,4,96561894709,73000,1
96.575,4,96572533733,2502412,0
96.5827,4,96580150751,2502412,0
96.5903,4,96587794769,2502412,0
96.598,4,96595474787,2502412,0
96.6057,4,96605666811,73000,1
96.6185,4,96615992835,2502412,0
96.6236,4,96621079847,2502412,0
96.6338,4,96631271871,2502412,0
96.6417,4,96639237889,2502412,0
96.6418,4,96641776301,73000,1
96.6597,4,96657225931,2502412,0
96.6702,4,96667694955,2502412,0
96.6753,4,96672799967,2502412,0
96.6778,4,96675338379,2502412,0
96.6881,4,96685557403,2502412,0
96.6958,4,96695758427,73000,1
96.7035,4,96700979439,2502412,0
96.7111,4,96708623457,2502412,0
96.7187,4,96716240475,2502412,0
96.7264,4,96723911493,2502412,0
96.7315,4,96728989505,2502412,0
96.737,4,96736945929,73000,1
96.7421,4,96739636935,2502412,0
96.7523,4,96749837959,2502412,0
96.7651,4,96762550989,2502412,0
96.7702,4,96767683001,2502412,0
96.7731,4,96773073419,73000,1
96.7782,4,96775746425,2502412,0
96.791,4,96788477455,2502412,0
96.7986,4,96796130473,2502412,0
96.8063,4,96803756491,2502412,0
96.8088,4,96806303903,2502412,0
96.8113,4,96808842315,2502412,0
96.8166,4,96816486333,73000,1
96.8217,4,96819177339,2502412,0
96.8242,4,96821715751,2502412,0
96.837,4,96834455781,2502412,0
96.8449,4,96842421205,2502412,0
96.85,4,96847481217,2502412,0
96.8602,4,96857709241,2502412,0
96.8653,4,96862796253,2502412,0
96.8704,4,96867883265,2502412,0
96.8783,4,96875831283,2502412,0
96.886,4,96883484301,2502412,0
96.8861,4,96886058713,73000,1
96.8886,4,96886139307,2502412,0
96.8887,4,96888668719,73000,1
96.8914,4,96891315319,73000,1
96.9144,4,96911905367,2502412,0
96.9145,4,96914434779,73000,1
96.9223,4,96922213391,73000,1
96.9634,4,96960936051,2502412,0
96.9736,4,96971119075,2502412,0
96.9842,4,96981650505,2502412,0
96.9918,4,96989285523,2502412,0
96.9994,4,96996920541,2502412,0
97.0021,4,97002016553,73000,1
97.0072,4,97004689559,2502412,0
97.0174,4,97014899583,2502412,0
97.0301,4,97027639613,2502412,0
97.0327,4,97030169025,2502412,0
97.0352,4,97032698437,2502412,0
97.0433,4,97043202867,73000,1
97.0561,4,97053591891,2502412,0
97.0688,4,97066286921,2502412,0
97.0713,4,97068834333,2502412,0
97.0794,4,97079348357,73000,1
97.0922,4,97089701381,2502412,0
97.0998,4,97097336399,2502412,0
97.1075,4,97104989417,2502412,0
97.1151,4,97112633435,2502412,0
97.1178,4,97117702447,73000,1
97.1307,4,97130630477,73000,1
97.1464,4,97146373919,73000,1
97.1903,4,97190200021,73000,1
97.2055,4,97203038051,2502412,0
97.2106,4,97208143063,2502412,0
97.2208,4,97218344087,2502412,0
97.2234,4,97220873499,2502412,0
97.2235,4,97223402911,73000,1
97.2388,4,97236304535,2502412,0
97.2414,4,97241373547,73000,1
97.2598,4,97259682995,73000,1
97.2933,4,97290751067,2502412,0
97.3009,4,97298377085,2502412,0
97.301,4,97300915497,73000,1
97.3061,4,97303571097,2502412,0
97.3137,4,97311206115,2502412,0
97.3214,4,97318850133,2502412,0
97.329,4,97326512151,2502412,0
97.3368,4,97336740175,73000,1
97.347,4,97344500193,2502412,0
97.3495,4,97347029605,2502412,0
97.3549,4,97352402023,2502412,0
97.3625,4,97360037041,2502412,0
97.3677,4,97365151053,2502412,0
97.3753,4,97372786071,2502412,0
97.383,4,97380466089,2502412,0
97.3884,4,97385857009,2502412,0
97.3986,4,97396085033,2502412,0
97.4088,4,97406295057,2502412,0
97.4215,4,97419044087,2502412,0
97.4241,4,97421582499,2502412,0
97.4317,4,97429208517,2502412,0
97.4394,4,97436888535,2502412,0
97.4496,4,97447071559,2502412,0
97.4497,4,97449600971,73000,1
97.4522,4,97449726565,2502412,0
97.4602,4,97457656583,2502412,0
97.4704,4,97467884607,2502412,0
97.4806,4,97478076631,2502412,0
97.4857,4,97483190643,2502412,0
97.4911,4,97488563061,2502412,0
97.4937,4,97493641073,73000,1
97.4988,4,97496314079,2502412,0
97.4989,4,97498870491,73000,1
97.5066,4,97504083097,2502412,0
97.5118,4,97511736115,73000,1
97.5168,4,97514346121,2502412,0
97.5194,4,97516884533,2502412,0
97.5321,4,97529624563,2502412,0
97.5347,4,97532171975,2502412,0
97.5374,4,97537303987,73000,1
97.5399,4,97537376987,2502412,0
97.5476,4,97545066005,2502412,0
97.5556,4,97555561435,73000,1
97.5582,4,97555650435,2502412,0
97.5607,4,97558197847,2502412,0
97.5734,4,97570928877,2502412,0
97.5736,4,97573521289,73000,1
97.5814,4,97581299901,73000,1
97.6276,4,97625108003,2502412,0
97.6354,4,97635318027,73000,1
97.6483,4,97648183057,73000,1
97.6741,4,97671597517,2502412,0
97.6792,4,97676666529,2502412,0
97.6894,4,97686849553,2502412,0
97.6948,4,97692267565,2502412,0
97.705,4,97702477589,2502412,0
97.7152,4,97712651613,2502412,0
97.7204,4,97720340631,73000,1
97.7383,4,97735780667,2502412,0
97.7459,4,97743388685,2502412,0
97.7535,4,97751041703,2502412,0
97.764,4,97761537133,2502412,0
97.7743,4,97771756157,2502412,0
97.7793,4,97776834169,2502412,0
97.7819,4,97779372581,2502412,0
97.7844,4,97781910993,2502412,0
97.792,4,97789528011,2502412,0
97.7974,4,97794919023,2502412,0
97.8026,4,97800069035,2502412,0
97.8128,4,97810279059,2502412,0
97.8129,4,97812808471,73000,1
97.8308,4,97828276101,2502412,0
97.841,4,97838468125,2502412,0
97.8488,4,97848687149,73000,1
97.8695,4,97866978597,2502412,0
97.8822,4,97879718627,2502412,0
97.895,4,97892449657,2502412,0
97.8978,4,97895327003,2502412,0
97.8979,4,97897874415,73000,1
97.9005,4,97897955009,2502412,0
97.9106,4,97908111033,2502412,0
97.9132,4,97910667445,2502412,0
97.9157,4,97913241857,2502412,0
97.9259,4,97923415881,2502412,0
97.9311,4,97928565893,2502412,0
97.9387,4,97936191911,2502412,0
97.9489,4,97946419935,2502412,0
97.9591,4,97956620959,2502412,0
97.9722,4,97969655395,2502412,0
97.9774,4,97977344413,73000,1
97.9876,4,97985104431,2502412,0
97.9928,4,97992766449,73000,1
98.0136,4,98011049491,2502412,0
98.0212,4,98018684509,2502412,0
98.0288,4,98026346527,2502412,0
98.039,4,98036520551,2502412,0
98.0417,4,98041652563,73000,1
98.0519,4,98049403581,2502412,0
98.0647,4,98062152611,2502412,0
98.0676,4,98067570029,73000,1
98.0701,4,98067643029,2502412,0
98.0752,4,98072712041,2502412,0
98.0753,4,98075241453,73000,1
98.083,4,98080472059,2502412,0
98.0831,4,98083019471,73000,1
98.0984,4,98095930095,2502412,0
98.0985,4,98098459507,73000,1
98.1143,4,98114186137,73000,1
98.1321,4,98129608173,2502412,0
98.1449,4,98142357203,2502412,0
98.1525,4,98150010221,2502412,0
98.1603,4,98160202245,73000,1
98.1679,4,98165423257,2502412,0
98.1759,4,98173388681,2502412,0
98.1835,4,98180996699,2502412,0
98.1911,4,98188640717,2502412,0
98.1962,4,98193745729,2502412,0
98.1988,4,98196275141,2502412,0
98.2093,4,98206798165,2502412,0
98.2144,4,98211885177,2502412,0
98.2246,4,98222086201,2502412,0
98.2297,4,98227200213,2502412,0
98.2322,4,98229729625,2502412,0
98.2398,4,98237346643,2502412,0
98.2449,4,98242442655,2502412,0
98.2552,4,98252670679,2502412,0
98.2603,4,98257757691,2502412,0
98.2705,4,98267976715,2502412,0
98.2759,4,98273403133,2502412,0
98.2835,4,98281020151,2502412,0
98.2861,4,98283549563,2502412,0
98.2937,4,98291220581,2502412,0
98.2964,4,98296307593,73000,1
98.3095,4,98306964617,2502412,0
98.3171,4,98314599635,2502412,0
98.3273,4,98324791659,2502412,0
98.33,4,98329923671,73000,1
98.3454,4,98345336707,73000,1
98.3582,4,98355653731,2502412,0
98.3659,4,98365836755,73000,1
98.3685,4,98365970755,2502412,0
98.3789,4,98376439185,2502412,0
98.3841,4,98381562197,2502412,0
98.3893,4,98389188215,73000,1
98.3944,4,98391861221,2502412,0
98.4021,4,98402044245,73000,1
98.4203,4,98417806281,2502412,0
98.4331,4,98430555311,2502412,0
98.4407,4,98438163329,2502412,0
98.4458,4,98443268341,2502412,0
98.456,4,98453451365,2502412,0
98.4587,4,98458601377,73000,1
98.4665,4,98466379395,73000,1
98.4872,4,98484661843,2502412,0
98.4948,4,98492269861,2502412,0
98.4999,4,98497347873,2502412,0
98.5,4,98499904285,73000,1
98.5102,4,98507664897,2502412,0
98.5181,4,98515630321,2502412,0
98.5258,4,98523283339,2502412,0
98.5385,4,98536014369,2502412,0
98.5438,4,98543703387,73000,1
98.5567,4,98556604417,73000,1
98.567,4,98566912441,73000,1
98.5877,4,98585194889,2502412,0
98.5979,4,98595386913,2502412,0
98.603,4,98600455925,2502412,0
98.6131,4,98610638949,2502412,0
98.6187,4,98618640373,73000,1
98.6238,4,98621268379,2502412,0
98.6263,4,98623806791,2502412,0
98.639,4,98636528821,2502412,0
98.6392,4,98639139233,73000,1
98.6596,4,98657109869,2502412,0
98.6723,4,98669822899,2502412,0
98.6749,4,98672379311,2502412,0
98.6879,4,98685413747,2502412,0
98.6931,4,98690563759,2502412,0
98.6932,4,98693093171,73000,1
98.6984,4,98698323777,73000,1
98.7217,4,98719172825,2502412,0
98.7318,4,98729319849,2502412,0
98.7369,4,98734442861,2502412,0
98.7395,4,98736972273,2502412,0
98.7496,4,98747128297,2502412,0
98.7548,4,98752251309,2502412,0
98.765,4,98762470333,2502412,0
98.7651,4,98765026745,73000,1
98.7804,4,98777901369,2502412,0
98.7909,4,98788405799,2502412,0
98.8011,4,98798597823,2502412,0
98.8036,4,98801145235,2502412,0
98.8037,4,98803674647,73000,1
98.8064,4,98806330247,73000,1
98.8299,4,98829781301,73000,1
98.9069,4,98906802887,73000,1
99.0331,4,99033042587,73000,1
99.1126,4,99110064173,2502412,0
99.1202,4,99117708191,2502412,0
99.1333,4,99130770221,2502412,0
99.1384,4,99135857233,2502412,0
99.1462,4,99146085257,73000,1
99.1512,4,99148713263,2502412,0
99.1538,4,99151278675,2502412,0
99.1665,4,99164018705,2502412,0
99.1667,4,99166584117,73000,1
99.1667,4,99166673711,73000,1
99.1977,4,99195184183,2502412,0
99.2078,4,99205340207,2502412,0
99.2104,4,99207905619,2502412,0
99.2182,4,99218088643,73000,1
99.2312,4,99228727667,2502412,0
99.2314,4,99231302079,73000,1
99.2518,4,99249254715,2502412,0
99.2645,4,99261994745,2502412,0
99.2647,4,99264578157,73000,1
99.2672,4,99264658751,2502412,0
99.2698,4,99269736763,73000,1
99.2877,4,99285185799,2502412,0
99.2929,4,99292811817,73000,1
99.2959,4,99295815229,73000,1
99.3396,4,99337084325,2502412,0
99.3472,4,99344728343,2502412,0
99.3574,4,99354902367,2502412,0
99.3625,4,99359962379,2502412,0
99.3676,4,99365085391,2502412,0
99.3701,4,99367614803,2502412,0
99.3702,4,99370144215,73000,1
99.3753,4,99372781815,2502412,0
99.3754,4,99375311227,73000,1
99.3781,4,99378038827,73000,1
99.3959,4,99393442863,2502412,0
99.3989,4,99398869281,73000,1
99.4015,4,99398949281,2502412,0
99.4067,4,99406620299,73000,1
99.4169,4,99414353317,2502412,0
99.4195,4,99419467329,73000,1
99.4351,4,99432636359,2502412,0
99.4404,4,99440298377,73000,1
99.4608,4,99458286419,2502412,0
99.4709,4,99468433443,2502412,0
99.4786,4,99476113461,2502412,0
99.4914,4,99488862491,2502412,0
99.4939,4,99491409903,2502412,0
99.4966,4,99496478915,73000,1
99.5021,4,99502048333,73000,1
99.5046,4,99502121333,2502412,0
99.5148,4,99512313357,2502412,0
99.5226,4,99522541381,73000,1
99.5251,4,99522639381,2502412,0
99.5278,4,99527708393,73000,1
99.5303,4,99527824393,2502412,0
99.5354,4,99532893405,2502412,0
99.5459,4,99543433835,2502412,0
99.546,4,99545963247,73000,1
99.5613,4,99558837871,2502412,0
99.5664,4,99563906883,2502412,0
99.5741,4,99571550901,2502412,0
99.5817,4,99579203919,2502412,0
99.5868,4,99584290931,2502412,0
99.5944,4,99591934949,2502412,0
99.6021,4,99599623967,2502412,0
99.6022,4,99602153379,73000,1
99.6023,4,99602242973,73000,1
99.6154,4,99612881403,2502412,0
99.623,4,99620507421,2502412,0
99.6307,4,99628169439,2502412,0
99.6357,4,99633229451,2502412,0
99.6412,4,99638665463,2502412,0
99.6539,4,99651405493,2502412,0
99.6566,4,99656537505,73000,1
99.6642,4,99661722517,2502412,0
99.677,4,99674471547,2502412,0
99.6846,4,99682133565,2502412,0
99.6899,4,99689804583,73000,1
99.7001,4,99697573601,2502412,0
99.7131,4,99710635037,2502412,0
99.7259,4,99723375067,2502412,0
99.7386,4,99736115097,2502412,0
99.7491,4,99746628527,2502412,0
99.7593,4,99756838551,2502412,0
99.767,4,99764500569,2502412,0
99.7721,4,99769578581,2502412,0
99.7771,4,99774638593,2502412,0
99.7848,4,99782300611,2502412,0
99.7899,4,99787414623,2502412,0
99.795,4,99792483635,2502412,0
99.8026,4,99800100653,2502412,0
99.8053,4,99805259665,73000,1
99.8078,4,99805332665,2502412,0
99.8184,4,99815873689,2502412,0
99.8286,4,99826065713,2502412,0
99.8337,4,99831161725,2502412,0
99.8338,4,99833709137,73000,1
99.8443,4,99841782749,2502412,0
99.8545,4,99851965773,2502412,0
99.857,4,99854522185,2502412,0
99.8698,4,99867253215,2502412,0
99.875,4,99874942233,73000,1
99.8827,4,99880154245,2502412,0
99.8879,4,99887780263,73000,1
99.8982,4,99898142287,73000,1
99.9344,4,99934287777,73000,1
99.95,4,99947474807,2502412,0
99.9525,4,99950004219,2502412,0
99.9653,4,99962753249,2502412,0
99.9679,4,99967858261,73000,1
99.9832,4,99980723291,2502412,0
99.996,4,99993472321,2502412,0
100.001,4,99998577333,2502412,0
100.001,4,100001106745,73000,1
100.019,4,100016868781,2502412,0
100.024,4,100021937793,2502412,0
100.025,4,100024476205,73000,1
100.037,4,100034802823,2502412,0
100.042,4,100039871835,2502412,0
100.047,4,100044949847,2502412,0
100.055,4,100052924271,2502412,0
100.061,4,100060613289,73000,1
100.071,4,100068337307,2502412,0
100.073,4,100070866719,2502412,0
100.086,4,100083597749,2502412,0
100.089,4,100086154161,2502412,0
100.094,4,100091268173,2502412,0
100.099,4,100096328185,2502412,0
100.106,4,100103972203,2502412,0
100.112,4,100109104215,2502412,0
100.122,4,100119590645,2502412,0
100.125,4,100122147057,2502412,0
100.132,4,100132348081,73000,1
100.135,4,100132421081,2502412,0
100.138,4,100135022493,2502412,0
100.145,4,100145187517,73000,1
100.148,4,100145294517,2502412,0
100.153,4,100153277941,73000,1
100.171,4,100168708977,2502412,0
100.181,4,100178910001,2502412,0
100.194,4,100191650031,2502412,0
100.197,4,100194206443,2502412,0
100.204,4,100201823461,2502412,0
100.212,4,100209494479,2502412,0
100.22,4,100217432903,2502412,0
100.228,4,100225076921,2502412,0
100.233,4,100230172933,2502412,0
100.235,4,100235277945,73000,1
100.254,4,100251039981,2502412,0
100.264,4,100261223005,2502412,0
100.269,4,100266319017,2502412,0
100.279,4,100276529041,2502412,0
100.282,4,100279058453,2502412,0
100.287,4,100284127465,2502412,0
100.287,4,100286674877,73000,1
100.294,4,100291833483,2502412,0
100.297,4,100294425895,2502412,0
100.307,4,100304608919,2502412,0
100.312,4,100309731931,2502412,0
100.317,4,100317375949,73000,1
100.323,4,100320334361,2502412,0
100.33,4,100327996379,2502412,0
100.338,4,100335604397,2502412,0
100.341,4,100338169809,2502412,0
100.353,4,100350900839,2502412,0
100.361,4,100358893263,2502412,0
100.369,4,100366519281,2502412,0
100.377,4,100374190299,2502412,0
100.382,4,100381870317,73000,1
100.402,4,100399813359,2502412,0
100.405,4,100402351771,2502412,0
100.41,4,100407447783,2502412,0
100.413,4,100412525795,73000,1
100.418,4,100415153801,2502412,0
100.423,4,100420285813,2502412,0
100.433,4,100430772837,2502412,0
100.433,4,100433356249,73000,1
100.436,4,100433454843,2502412,0
100.439,4,100438532855,73000,1
100.449,4,100446310873,2502412,0
100.451,4,100451388885,73000,1
100.465,4,100462018909,2502412,0
100.47,4,100469680927,73000,1
100.475,4,100474910939,73000,1
100.485,4,100482661957,2502412,0
100.498,4,100495392987,2502412,0
100.503,4,100500479999,2502412,0
100.508,4,100508142017,73000,1
100.513,4,100513354029,73000,1
100.537,4,100534184483,2502412,0
100.539,4,100536722895,2502412,0
100.542,4,100539252307,2502412,0
100.554,4,100551965337,2502412,0
100.56,4,100557115349,2502412,0
100.57,4,100567646779,2502412,0
100.575,4,100572724791,2502412,0
100.575,4,100575263203,73000,1
100.586,4,100585607821,73000,1
100.616,4,100613787887,2502412,0
100.624,4,100621440905,2502412,0
100.624,4,100623970317,73000,1
100.632,4,100632079335,73000,1
100.658,4,100657693395,73000,1
100.74,4,100740195993,73000,1
100.812,4,100809538155,2502412,0
100.815,4,100812094567,2502412,0
100.827,4,100824798597,2502412,0
100.832,4,100829930609,2502412,0
100.841,4,100840471633,73000,1
100.851,4,100848222651,2502412,0
100.858,4,100855857669,2502412,0
100.871,4,100868919699,2502412,0
100.879,4,100876572717,2502412,0
100.887,4,100884225735,2502412,0
100.894,4,100891842753,2502412,0
100.894,4,100894417165,73000,1
100.905,4,100902204777,2502412,0
100.915,4,100912360801,2502412,0
100.915,4,100914890213,73000,1
100.925,4,100922668825,2502412,0
100.928,4,100927791837,73000,1
100.938,4,100935873261,2502412,0
100.951,4,100948577291,2502412,0
100.956,4,100953700303,2502412,0
100.961,4,100958769315,2502412,0
100.972,4,100969283339,2502412,0
100.982,4,100979484363,2502412,0
100.985,4,100982022775,2502412,0
100.987,4,100984552187,2502412,0
100.992,4,100989639199,2502412,0
101.002,4,100999822223,2502412,0
101.007,4,101004954235,2502412,0
101.008,4,101007510647,73000,1
101.013,4,101012741253,73000,1
101.057,4,101054018755,2502412,0
101.067,4,101064201779,2502412,0
101.069,4,101069315791,73000,1
101.069,4,101069388791,73000,1
101.088,4,101087653045,73000,1
101.131,4,101128600141,2502412,0
101.142,4,101139104571,2502412,0
101.152,4,101149323595,2502412,0
101.159,4,101156949613,2502412,0
101.167,4,101164575631,2502412,0
101.17,4,101167132043,2502412,0
101.178,4,101175071061,2502412,0
101.185,4,101182688079,2502412,0
101.188,4,101187847091,73000,1
101.196,4,101193059103,2502412,0
101.198,4,101198164115,73000,1
101.216,4,101213568151,2502412,0
101.224,4,101221221169,2502412,0
101.231,4,101228820187,2502412,0
101.234,4,101231403599,2502412,0
101.237,4,101236481611,73000,1
101.247,4,101247156041,73000,1
101.273,4,101270222095,2502412,0
101.273,4,101272778507,73000,1
101.275,4,101272851507,2502412,0
101.286,4,101283382937,2502412,0
101.291,4,101288460949,2502412,0
101.293,4,101290990361,2502412,0
101.299,4,101296059373,2502412,0
101.299,4,101298588785,73000,1
101.314,4,101311535409,2502412,0
101.327,4,101324230439,2502412,0
101.334,4,101331910457,2502412,0
101.342,4,101339563475,2502412,0
101.342,4,101342101887,73000,1
101.353,4,101350147905,2502412,0
101.358,4,101355261917,2502412,0
101.368,4,101365453941,2502412,0
101.368,4,101368010353,73000,1
101.371,4,101368090947,2502412,0
101.376,4,101375725965,73000,1
101.389,4,101388966995,73000,1
101.41,4,101409494043,73000,1
101.451,4,101450762545,73000,1
101.474,4,101471298593,2502412,0
101.481,4,101478924611,2502412,0
101.492,4,101489447041,2502412,0
101.497,4,101494543053,2502412,0
101.505,4,101502151071,2502412,0
101.507,4,101507283083,73000,1
101.515,4,101512504095,2502412,0
101.523,4,101520139113,2502412,0
101.533,4,101530340137,2502412,0
101.538,4,101537984155,73000,1
101.551,4,101548604585,2502412,0
101.554,4,101551160997,2502412,0
101.566,4,101563865027,2502412,0
101.569,4,101566430439,2502412,0
101.569,4,101568995851,73000,1
101.585,4,101582192475,2502412,0
101.597,4,101594932505,2502412,0
101.6,4,101597470917,2502412,0
101.605,4,101602530929,2502412,0
101.61,4,101610192947,73000,1
101.616,4,101615458959,73000,1
101.657,4,101654152455,2502412,0
101.659,4,101656690867,2502412,0
101.672,4,101669421897,2502412,0
101.675,4,101674553909,73000,1
101.682,4,101679711921,2502412,0
101.685,4,101682250333,2502412,0
101.688,4,101687685751,73000,1
101.701,4,101698020775,2502412,0
101.711,4,101708212799,2502412,0
101.721,4,101718377823,2502412,0
101.723,4,101720943235,2502412,0
101.726,4,101726039247,73000,1
101.744,4,101741461283,2502412,0
101.747,4,101746575295,73000,1
101.767,4,101764875743,2502412,0
101.778,4,101775049767,2502412,0
101.785,4,101782702785,2502412,0
101.793,4,101790668803,2502412,0
101.798,4,101795746815,2502412,0
101.808,4,101805938839,2502412,0
101.814,4,101811052851,2502412,0
101.819,4,101818678869,73000,1
101.834,4,101831597899,2502412,0
101.844,4,101841789923,2502412,0
101.849,4,101846858935,2502412,0
101.86,4,101857354365,2502412,0
101.868,4,101865025383,2502412,0
101.875,4,101872651401,2502412,0
101.878,4,101875180813,2502412,0
101.89,4,101887929843,2502412,0
101.893,4,101890790255,2502412,0
101.896,4,101893346667,2502412,0
101.901,4,101898433679,2502412,0
101.906,4,101903502691,2502412,0
101.911,4,101911209709,73000,1
101.924,4,101921544733,2502412,0
101.934,4,101931700757,2502412,0
101.942,4,101939371775,2502412,0
101.95,4,101949590799,73000,1
101.968,4,101965307241,2502412,0
101.973,4,101972969259,73000,1
101.991,4,101988409295,2502412,0
101.996,4,101993782307,2502412,0
102.007,4,102004001331,2502412,0
102.019,4,102016750361,2502412,0
102.024,4,102024394379,73000,1
102.027,4,102024474379,2502412,0
102.032,4,102029588391,2502412,0
102.037,4,102034657403,2502412,0
102.047,4,102044885427,2502412,0
102.058,4,102055095451,2502412,0
102.066,4,102065612015,73000,1
102.078,4,102075956039,2502412,0
102.086,4,102083573057,2502412,0
102.089,4,102088651069,73000,1
102.094,4,102091333075,2502412,0
102.099,4,102099280499,73000,1
102.117,4,102114720535,2502412,0
102.127,4,102124921559,2502412,0
102.138,4,102135095583,2502412,0
102.143,4,102140218595,2502412,0
102.153,4,102150401619,2502412,0
102.161,4,102160611643,73000,1
102.161,4,102160754643,73000,1
102.192,4,102189211115,2502412,0
102.2,4,102199734139,73000,1
102.213,4,102210078163,2502412,0
102.22,4,102217704181,2502412,0
102.233,4,102230453211,2502412,0
102.243,4,102240663235,2502412,0
102.253,4,102250855259,2502412,0
102.261,4,102261065283,73000,1
102.269,4,102266598701,2502412,0
102.282,4,102279338731,2502412,0
102.29,4,102287009749,2502412,0
102.3,4,102297183773,2502412,0
102.305,4,102302583191,2502412,0
102.308,4,102305121603,2502412,0
102.313,4,102312765621,73000,1
102.321,4,102318022633,2502412,0
102.328,4,102328223657,73000,1
102.333,4,102330869663,2502412,0
102.333,4,102333399075,73000,1
102.351,4,102348830705,2502412,0
102.359,4,102356447723,2502412,0
102.369,4,102366666747,2502412,0
102.377,4,102377198771,73000,1
102.38,4,102377296771,2502412,0
102.387,4,102384904789,2502412,0
102.395,4,102392575807,2502412,0
102.398,4,102397644819,73000,1
102.413,4,102410876849,2502412,0
102.418,4,102415945861,2502412,0
102.426,4,102426164885,73000,1
102.434,4,102431376897,2502412,0
102.434,4,102433915309,73000,1
102.452,4,102449319939,2502412,0
102.457,4,102454406951,2502412,0
102.462,4,102459484963,2502412,0
102.462,4,102462023375,73000,1
102.475,4,102475237405,73000,1
102.509,4,102508880483,73000,1
102.519,4,102519188507,73000,1
102.684,4,102681162697,2502412,0
102.696,4,102693893727,2502412,0
102.701,4,102698980739,2502412,0
102.707,4,102704049751,2502412,0
102.715,4,102712015769,2502412,0
102.722,4,102719659787,2502412,0
102.725,4,102722189199,2502412,0
102.727,4,102724727611,2502412,0
102.732,4,102729823623,2502412,0
102.743,4,102740015647,2502412,0
102.745,4,102742608059,2502412,0
102.753,4,102752791083,73000,1
102.761,4,102758039095,2502412,0
102.773,4,102770770125,2502412,0
102.776,4,102773317537,2502412,0
102.781,4,102781282961,73000,1
102.792,4,102789051979,2502412,0
102.797,4,102796695997,73000,1
102.813,4,102812458033,73000,1
102.828,4,102825296063,2502412,0
102.833,4,102830356075,2502412,0
102.833,4,102832930487,73000,1
102.838,4,102838125093,73000,1
102.838,4,102838268093,73000,1
102.885,4,102882075601,2502412,0
102.897,4,102894815631,2502412,0
102.902,4,102899902643,2502412,0
102.908,4,102907564661,73000,1
102.913,4,102910210667,2502412,0
102.916,4,102913053079,2502412,0
102.928,4,102925793109,2502412,0
102.933,4,102930925121,2502412,0
102.944,4,102941108145,2502412,0
102.951,4,102948779163,2502412,0
102.961,4,102958971187,2502412,0
102.962,4,102961518599,73000,1
102.979,4,102976941229,2502412,0
102.985,4,102984915653,73000,1
103.003,4,103000337689,2502412,0
103.016,4,103013086719,2502412,0
103.024,4,103021043143,2502412,0
103.031,4,103028705161,2502412,0
103.034,4,103033783173,73000,1
103.047,4,103044118197,2502412,0
103.059,4,103056849227,2502412,0
103.062,4,103059387639,2502412,0
103.067,4,103067049657,73000,1
103.077,4,103074791675,2502412,0
103.083,4,103082462693,73000,1
103.088,4,103085448105,2502412,0
103.096,4,103095613129,73000,1
103.098,4,103095720129,2502412,0
103.101,4,103098267541,2502412,0
103.103,4,103103345553,73000,1
103.106,4,103103418553,2502412,0
103.114,4,103111080571,2502412,0
103.122,4,103119046589,2502412,0
103.124,4,103121576001,2502412,0
103.132,4,103129202019,2502412,0
103.134,4,103131740431,2502412,0
103.142,4,103139384449,2502412,0
103.144,4,103141922861,2502412,0
103.152,4,103149611879,2502412,0
103.157,4,103157273897,73000,1
103.162,4,103159937903,2502412,0
103.175,4,103172641933,2502412,0
103.18,4,103177773945,2502412,0
103.191,4,103188251375,2502412,0
103.196,4,103193374387,2502412,0
103.201,4,103198452399,2502412,0
103.206,4,103206123417,73000,1
103.209,4,103208796423,73000,1
103.227,4,103224531459,2502412,0
103.237,4,103234714483,2502412,0
103.247,4,103244897507,2502412,0
103.255,4,103252568525,2502412,0
103.265,4,103262733549,2502412,0
103.27,4,103270422567,73000,1
103.276,4,103273041573,2502412,0
103.278,4,103275615985,2502412,0
103.291,4,103288347015,2502412,0
103.304,4,103301400045,2502412,0
103.312,4,103309071063,2502412,0
103.319,4,103316715081,2502412,0
103.322,4,103319244493,2502412,0
103.335,4,103332297523,2502412,0
103.337,4,103334853935,2502412,0
103.345,4,103342506953,2502412,0
103.353,4,103350114971,2502412,0
103.358,4,103355246983,2502412,0
103.368,4,103365475007,2502412,0
103.378,4,103375658031,2502412,0
103.386,4,103385886055,73000,1
103.402,4,103399054491,2502412,0
103.404,4,103401583903,2502412,0
103.409,4,103406679915,2502412,0
103.419,4,103416871939,2502412,0
103.422,4,103419428351,2502412,0
103.43,4,103427376369,2502412,0
103.437,4,103434984387,2502412,0
103.445,4,103442691405,2502412,0
103.455,4,103452901429,2502412,0
103.46,4,103457979441,2502412,0
103.471,4,103468189465,2502412,0
103.476,4,103473258477,2502412,0
103.481,4,103480938495,73000,1
103.484,4,103481018495,2502412,0
103.494,4,103491237519,2502412,0
103.499,4,103496655009,2502412,0
103.509,4,103506847033,2502412,0
103.512,4,103511961045,73000,1
103.522,4,103519730063,2502412,0
103.533,4,103530217087,2502412,0
103.538,4,103535313099,2502412,0
103.548,4,103545505123,2502412,0
103.556,4,103553167141,2502412,0
103.561,4,103560838159,73000,1
103.564,4,103563493165,73000,1
103.574,4,103571235183,2502412,0
103.584,4,103581427207,2502412,0
103.594,4,103591619231,2502412,0
103.6,4,103599602655,73000,1
103.615,4,103612449685,2502412,0
103.628,4,103625189715,2502412,0
103.633,4,103630634727,2502412,0
103.643,4,103640844751,2502412,0
103.656,4,103653593781,2502412,0
103.669,4,103666333811,2502412,0
103.671,4,103668872223,2502412,0
103.677,4,103676525241,73000,1
103.682,4,103681773253,73000,1
103.695,4,103692072277,2502412,0
103.708,4,103705115713,2502412,0
103.71,4,103710211725,73000,1
103.723,4,103720519749,2502412,0
103.726,4,103723076161,2502412,0
103.739,4,103736120191,2502412,0
103.746,4,103743782209,2502412,0
103.754,4,103751408227,2502412,0
103.756,4,103753973639,2502412,0
103.764,4,103764156663,73000,1
103.767,4,103764263663,2502412,0
103.772,4,103769377675,2502412,0
103.782,4,103779524699,2502412,0
103.785,4,103782099111,2502412,0
103.797,4,103794821141,2502412,0
103.8,4,103799980153,73000,1
103.816,4,103815741595,73000,1
103.821,4,103818360601,2502412,0
103.828,4,103825986619,2502412,0
103.837,4,103836509643,73000,1
103.849,4,103846835667,2502412,0
103.857,4,103857027691,73000,1
103.87,4,103867344715,2502412,0
103.87,4,103869910127,73000,1
103.883,4,103880218745,2502412,0
103.89,4,103887835763,2502412,0
103.895,4,103892940775,2502412,0
103.901,4,103898000787,2502412,0
103.903,4,103903105799,73000,1
103.914,4,103913771229,73000,1
103.927,4,103924061253,2502412,0
103.94,4,103937123283,2502412,0
103.94,4,103939706695,73000,1
103.96,4,103957668331,2502412,0
103.973,4,103970408361,2502412,0
103.978,4,103978079379,73000,1
103.988,4,103985839397,2502412,0
104.001,4,103998579427,2502412,0
104.004,4,104001117839,2502412,0
104.012,4,104009056263,2502412,0
104.019,4,104016727281,2502412,0
104.027,4,104024398299,2502412,0
104.035,4,104032015317,2502412,0
104.042,4,104039954335,2502412,0
104.045,4,104042510747,2502412,0
104.053,4,104050136765,2502412,0
104.06,4,104057843783,2502412,0
104.073,4,104070583813,2502412,0
104.073,4,104073149225,73000,1
104.078,4,104075768825,2502412,0
104.088,4,104085987849,2502412,0
104.099,4,104096170873,2502412,0
104.104,4,104101284885,2502412,0
104.114,4,104111771315,2502412,0
104.127,4,104124520345,2502412,0
104.13,4,104129661357,73000,1
104.132,4,104129741357,2502412,0
104.14,4,104137340375,2502412,0
104.142,4,104139905787,2502412,0
104.148,4,104145296205,2502412,0
104.153,4,104150365217,2502412,0
104.155,4,104152912629,2502412,0
104.163,4,104160547647,2502412,0
104.166,4,104163113059,2502412,0
104.173,4,104170748077,2502412,0
104.173,4,104173313489,73000,1
104.178,4,104175978089,2502412,0
104.181,4,104178525501,2502412,0
104.194,4,104191256531,2502412,0
104.201,4,104198927549,2502412,0
104.212,4,104209137573,2502412,0
104.217,4,104214519585,2502412,0
104.222,4,104222199603,73000,1
104.227,4,104224836609,2502412,0
104.23,4,104227366021,2502412,0
104.238,4,104235001039,2502412,0
104.245,4,104242654057,2502412,0
104.253,4,104250610481,2502412,0
104.256,4,104253139893,2502412,0
104.258,4,104258253905,73000,1
104.258,4,104258360905,73000,1
104.284,4,104281444959,2502412,0
104.286,4,104283974371,2502412,0
104.289,4,104286530783,2502412,0
104.302,4,104299234813,2502412,0
104.304,4,104301818225,2502412,0
104.31,4,104309471243,73000,1
104.31,4,104309551243,73000,1
104.323,4,104320225673,2502412,0
104.325,4,104325312685,73000,1
104.343,4,104340707721,2502412,0
104.351,4,104348682739,2502412,0
104.361,4,104358892763,2502412,0
104.372,4,104369093787,2502412,0
104.382,4,104379276811,2502412,0
104.382,4,104381806223,73000,1
104.395,4,104392168841,2502412,0
104.407,4,104404872871,2502412,0
104.41,4,104407429283,2502412,0
104.423,4,104420481719,2502412,0
104.426,4,104423038131,2502412,0
104.438,4,104435769161,2502412,0
104.441,4,104438334573,2502412,0
104.448,4,104445978591,2502412,0
104.451,4,104451360603,73000,1
104.454,4,104451503603,2502412,0
104.467,4,104464252633,2502412,0
104.474,4,104471896651,2502412,0
104.482,4,104479531669,2502412,0
104.49,4,104487184687,2502412,0
104.49,4,104489732099,73000,1
104.5,4,104497492711,2502412,0
104.503,4,104500031123,2502412,0
104.51,4,104507657141,2502412,0
104.515,4,104512744153,2502412,0
104.526,4,104523248583,2502412,0
104.531,4,104528389595,2502412,0
104.539,4,104538617619,73000,1
104.549,4,104546350637,2502412,0
104.557,4,104556864661,73000,1
104.559,4,104556953661,2502412,0
104.562,4,104559501073,2502412,0
104.567,4,104567145091,73000,1
104.578,4,104577480115,73000,1
104.596,4,104595459157,73000,1
104.616,4,104616022205,73000,1
104.642,4,104639391665,2502412,0
104.645,4,104644469677,73000,1
104.65,4,104647133683,2502412,0
104.66,4,104657629707,2502412,0
104.665,4,104662743719,2502412,0
104.67,4,104670360737,73000,1
104.678,4,104675608749,2502412,0
104.688,4,104685800773,2502412,0
104.694,4,104693435791,73000,1
104.712,4,104711432833,73000,1
104.724,4,104721740857,2502412,0
104.727,4,104724601863,2502412,0
104.735,4,104732218881,2502412,0
104.742,4,104739889899,2502412,0
104.745,4,104742419311,2502412,0
104.753,4,104750054329,2502412,0
104.761,4,104758029347,2502412,0
104.768,4,104765682365,2502412,0
104.776,4,104773299383,2502412,0
104.783,4,104780979401,2502412,0
104.786,4,104786048413,73000,1
104.794,4,104791278425,2502412,0
104.804,4,104801479449,2502412,0
104.814,4,104811671473,2502412,0
104.819,4,104816758485,2502412,0
104.827,4,104824393503,2502412,0
104.835,4,104832368521,2502412,0
104.845,4,104842578545,2502412,0
104.848,4,104845116957,2502412,0
104.85,4,104847646369,2502412,0
104.85,4,104850175781,73000,1
104.86,4,104857936393,2502412,0
104.863,4,104860832805,2502412,0
104.871,4,104868440823,2502412,0
104.879,4,104876093841,2502412,0
104.881,4,104881207853,73000,1
104.899,4,104896638889,2502412,0
104.902,4,104899168301,2502412,0
104.907,4,104906812319,73000,1
104.922,4,104919686349,2502412,0
104.935,4,104932747785,2502412,0
104.943,4,104940400803,2502412,0
104.953,4,104950619827,2502412,0
104.953,4,104953149239,73000,1
104.966,4,104963788857,2502412,0
104.974,4,104973998881,73000,1
104.982,4,104979174893,2502412,0
104.989,4,104986836911,2502412,0
104.997,4,104994435929,2502412,0
105,4,104997019341,2502412,0
105.007,4,105004645359,2502412,0
105.01,4,105009723371,73000,1
105.018,4,105017537389,73000,1
105.033,4,105030732825,2502412,0
105.041,4,105040933849,73000,1
105.051,4,105051259873,73000,1
105.062,4,105061567897,73000,1
105.113,4,105113056017,73000,1
105.25,4,105249514147,73000,1
105.411,4,105408931925,2502412,0
105.417,4,105414009937,2502412,0
105.429,4,105426758967,2502412,0
105.434,4,105434402985,73000,1
105.448,4,105445059415,2502412,0
105.45,4,105447588827,2502412,0
105.463,4,105460292857,2502412,0
105.47,4,105467972875,2502412,0
105.478,4,105475938893,2502412,0
105.484,4,105481025905,2502412,0
105.489,4,105488660923,73000,1
105.491,4,105488785923,2502412,0
105.497,4,105496438941,73000,1
105.512,4,105511887977,73000,1
105.517,4,105517099989,73000,1
105.579,4,105576553533,2502412,0
105.584,4,105581631545,2502412,0
105.594,4,105591805569,2502412,0
105.597,4,105594343981,2502412,0
105.599,4,105596891393,2502412,0
105.61,4,105607065417,2502412,0
105.612,4,105612233429,73000,1
105.633,4,105630185471,2502412,0
105.635,4,105632732883,2502412,0
105.648,4,105645776319,2502412,0
105.656,4,105653438337,2502412,0
105.664,4,105661073355,2502412,0
105.671,4,105668744373,2502412,0
105.674,4,105673813385,73000,1
105.682,4,105679347397,2502412,0
105.692,4,105689557421,2502412,0
105.702,4,105699749445,2502412,0
105.707,4,105704854457,2502412,0
105.71,4,105707383869,2502412,0
105.72,4,105717575893,2502412,0
105.72,4,105720123305,73000,1
105.723,4,105720239899,2502412,0
105.733,4,105730413923,2502412,0
105.746,4,105743162953,2502412,0
105.751,4,105751164377,73000,1
105.767,4,105764029407,2502412,0
105.779,4,105776751437,2502412,0
105.785,4,105782187449,2502412,0
105.795,4,105792397473,2502412,0
105.808,4,105805128503,2502412,0
105.808,4,105807711915,73000,1
105.808,4,105807801509,73000,1
105.818,4,105815570527,2502412,0
105.828,4,105825762551,2502412,0
105.833,4,105833406569,73000,1
105.844,4,105841175587,2502412,0
105.851,4,105848774605,2502412,0
105.862,4,105859306629,2502412,0
105.865,4,105864438641,73000,1
105.875,4,105872162659,2502412,0
105.88,4,105879833677,73000,1
105.885,4,105882819683,2502412,0
105.888,4,105887897695,73000,1
105.901,4,105900762725,73000,1
105.924,4,105923873779,73000,1
105.926,4,105923946779,2502412,0
105.934,4,105931590797,2502412,0
105.947,4,105944312827,2502412,0
105.952,4,105949444839,2502412,0
105.962,4,105959940863,2502412,0
105.968,4,105965027875,2502412,0
105.968,4,105967584287,73000,1
105.986,4,105983015917,2502412,0
105.988,4,105985876329,2502412,0
105.994,4,105993502347,73000,1
105.999,4,105996166353,2502412,0
106.001,4,105998713765,2502412,0
106.011,4,106008869789,2502412,0
106.019,4,106016549807,2502412,0
106.027,4,106024175825,2502412,0
106.034,4,106031855843,2502412,0
106.045,4,106042038867,2502412,0
106.052,4,106052248891,73000,1
106.071,4,106068001333,2502412,0
106.078,4,106075627351,2502412,0
106.086,4,106083280369,2502412,0
106.094,4,106093821393,73000,1
106.104,4,106104147417,73000,1
106.122,4,106119560453,2502412,0
106.135,4,106132309483,2502412,0
106.14,4,106137387495,2502412,0
106.147,4,106144995513,2502412,0
106.153,4,106152702531,73000,1
106.171,4,106171011979,73000,1
106.197,4,106194373033,2502412,0
106.205,4,106204583057,73000,1
106.225,4,106222571099,2502412,0
106.235,4,106232763123,2502412,0
106.241,4,106240443141,73000,1
106.246,4,106245637153,73000,1
106.264,4,106261371595,2502412,0
106.277,4,106274111625,2502412,0
106.284,4,106281773643,2502412,0
106.292,4,106289417661,2502412,0
106.3,4,106297392085,2502412,0
106.305,4,106305036103,73000,1
106.326,4,106323024145,2502412,0
106.333,4,106330623163,2502412,0
106.341,4,106338276181,2502412,0
106.348,4,106345938199,2502412,0
106.356,4,106353591217,2502412,0
106.364,4,106361529641,2502412,0
106.369,4,106366634653,2502412,0
106.379,4,106376835677,2502412,0
106.384,4,106381931689,2502412,0
106.39,4,106387018701,2502412,0
106.398,4,106395002719,2502412,0
106.405,4,106402628737,2502412,0
106.408,4,106405176149,2502412,0
106.415,4,106415395173,73000,1
106.418,4,106415484173,2502412,0
106.428,4,106425703197,2502412,0
106.436,4,106433329215,2502412,0
106.446,4,106443548239,2502412,0
106.451,4,106451219257,73000,1
106.472,4,106469519705,2502412,0
106.477,4,106477145723,73000,1
106.482,4,106479800729,2502412,0
106.485,4,106482330141,2502412,0
106.492,4,106489956159,2502412,0
106.5,4,106497913177,2502412,0
106.503,4,106503027189,73000,1
106.511,4,106508257201,2502412,0
106.521,4,106518422225,2502412,0
106.529,4,106526084243,2502412,0
106.531,4,106528613655,2502412,0
106.541,4,106538805679,2502412,0
106.554,4,106551554709,2502412,0
106.564,4,106561773733,2502412,0
106.57,4,106567209151,2502412,0
106.58,4,106577365175,2502412,0
106.585,4,106582461187,2502412,0
106.595,4,106592671211,2502412,0
106.6,4,106597803223,2502412,0
106.613,4,106610828659,2502412,0
106.621,4,106621056683,73000,1
106.624,4,106621172683,2502412,0
106.636,4,106633912713,2502412,0
106.639,4,106636460125,2502412,0
106.644,4,106644095143,73000,1
106.659,4,106656987173,2502412,0
106.67,4,106667161197,2502412,0
106.673,4,106672606209,73000,1
106.675,4,106672686209,2502412,0
106.683,4,106680294227,2502412,0
106.688,4,106685390239,2502412,0
106.69,4,106687928651,2502412,0
106.696,4,106695581669,73000,1
106.701,4,106700847681,73000,1
106.724,4,106721678729,2502412,0
106.732,4,106729304747,2502412,0
106.734,4,106731834159,2502412,0
106.742,4,106739460177,2502412,0
106.75,4,106747149195,2502412,0
106.755,4,106752218207,2502412,0
106.76,4,106759862225,73000,1
106.762,4,106759987225,2502412,0
106.77,4,106770179249,73000,1
106.783,4,106780835679,2502412,0
106.796,4,106793548709,2502412,0
106.801,4,106798671721,2502412,0
106.806,4,106803740733,2502412,0
106.817,4,106814254163,2502412,0
106.824,4,106821907181,2502412,0
106.83,4,106829587199,73000,1
106.848,4,106845018235,2502412,0
106.86,4,106857758265,2502412,0
106.863,4,106860296677,2502412,0
106.876,4,106873313113,2502412,0
106.884,4,106881002131,2502412,0
106.889,4,106888682149,73000,1
106.904,4,106901547179,2502412,0
106.917,4,106914600209,2502412,0
106.925,4,106922262227,2502412,0
106.932,4,106929888245,2502412,0
106.943,4,106940107269,2502412,0
106.953,4,106950308293,2502412,0
106.953,4,106952846705,73000,1
106.966,4,106965739329,73000,1
106.981,4,106978898765,2502412,0
106.989,4,106989090789,73000,1
106.994,4,106994329801,73000,1
106.997,4,106994402801,2502412,0
107.005,4,107004612825,73000,1
107.02,4,107017808855,2502412,0
107.028,4,107025434873,2502412,0
107.036,4,107033069891,2502412,0
107.041,4,107040740909,73000,1
107.056,4,107053605939,2502412,0
107.069,4,107066327969,2502412,0
107.071,4,107068884381,2502412,0
107.077,4,107076537399,73000,1
107.085,4,107082088817,2502412,0
107.09,4,107089705835,73000,1
107.108,4,107107702877,73000,1
107.131,4,107128551925,2502412,0
107.144,4,107141291955,2502412,0
107.146,4,107146405967,73000,1
107.167,4,107164394009,2502412,0
107.177,4,107174550033,2502412,0
107.18,4,107177079445,2502412,0
107.188,4,107185053869,2502412,0
107.198,4,107195272893,2502412,0
107.203,4,107200359905,2502412,0
107.213,4,107210551929,2502412,0
107.224,4,107221083953,2502412,0
107.229,4,107226170965,2502412,0
107.239,4,107236371989,2502412,0
107.244,4,107241468001,2502412,0
107.254,4,107251669025,2502412,0
107.262,4,107259331043,2502412,0
107.275,4,107272080073,2502412,0
107.277,4,107274609485,2502412,0
107.285,4,107282271503,2502412,0
107.293,4,107290237521,2502412,0
107.3,4,107297872539,2502412,0
107.303,4,107300401951,2502412,0
107.308,4,107305479963,2502412,0
107.318,4,107315653987,2502412,0
107.321,4,107318550399,2502412,0
107.326,4,107323655411,2502412,0
107.334,4,107331263429,2502412,0
107.341,4,107338943447,2502412,0
107.344,4,107341481859,2502412,0
107.354,4,107351700883,2502412,0
107.362,4,107359344901,2502412,0
107.369,4,107366979919,2502412,0
107.375,4,107374659937,73000,1
107.393,4,107392978021,73000,1
107.401,4,107400738039,73000,1
107.414,4,107411028063,2502412,0
107.427,4,107424081093,2502412,0
107.432,4,107429177105,2502412,0
107.442,4,107439378129,2502412,0
107.45,4,107449606153,73000,1
107.455,4,107454836165,73000,1
107.48,4,107477893219,2502412,0
107.485,4,107482989231,2502412,0
107.493,4,107490918655,2502412,0
107.501,4,107498589673,2502412,0
107.506,4,107503676685,2502412,0
107.516,4,107513886709,2502412,0
107.521,4,107518973721,2502412,0
107.532,4,107529478151,2502412,0
107.535,4,107532016563,2502412,0
107.547,4,107544747593,2502412,0
107.55,4,107547331005,2502412,0
107.563,4,107560053035,2502412,0
107.568,4,107567751053,73000,1
107.578,4,107578068077,73000,1
107.581,4,107578184077,2502412,0
107.588,4,107585801095,2502412,0
107.596,4,107593766519,2502412,0
107.604,4,107603958543,73000,1
107.617,4,107614275567,2502412,0
107.617,4,107616840979,73000,1
107.627,4,107624878591,2502412,0
107.63,4,107630001603,73000,1
107.63,4,107630090603,73000,1
107.645,4,107642982633,2502412,0
107.658,4,107655686663,2502412,0
107.661,4,107660818675,73000,1
107.676,4,107673674705,2502412,0
107.681,4,107678779717,2502412,0
107.694,4,107691519747,2502412,0
107.694,4,107694398753,73000,1
107.715,4,107712350795,2502412,0
107.722,4,107719994813,2502412,0
107.723,4,107722533225,73000,1
107.733,4,107730615837,2502412,0
107.746,4,107743364867,2502412,0
107.748,4,107745894279,2502412,0
107.749,4,107748441691,73000,1
107.751,4,107751106291,73000,1
107.787,4,107784427369,2502412,0
107.797,4,107794922799,2502412,0
107.805,4,107802557817,2502412,0
107.805,4,107805087229,73000,1
107.818,4,107815440847,2502412,0
107.831,4,107828475877,2502412,0
107.834,4,107833607889,73000,1
107.841,4,107838792901,2502412,0
107.846,4,107843888913,2502412,0
107.857,4,107854089937,2502412,0
107.864,4,107864290961,73000,1
107.88,4,107877191991,2502412,0
107.89,4,107887375015,2502412,0
107.9,4,107897870445,2502412,0
107.9,4,107900399857,73000,1
107.903,4,107900472857,2502412,0
107.906,4,107903047269,2502412,0
107.913,4,107913239293,73000,1
107.916,4,107913373293,2502412,0
107.929,4,107926122323,2502412,0
107.931,4,107928660735,2502412,0
107.932,4,107931512147,73000,1
107.939,4,107939308165,73000,1
107.97,4,107967452231,2502412,0
107.983,4,107980192261,2502412,0
107.99,4,107987863279,2502412,0
107.993,4,107992941291,73000,1
108.001,4,107998180303,2502412,0
108.006,4,108006155321,73000,1
108.022,4,108019011351,2502412,0
108.024,4,108024089363,73000,1
108.027,4,108024178363,2502412,0
108.029,4,108026707775,2502412,0
108.037,4,108034646793,2502412,0
108.045,4,108042344811,2502412,0
108.053,4,108052536835,73000,1
108.055,4,108052670835,2502412,0
108.063,4,108060287853,2502412,0
108.07,4,108067931871,2502412,0
108.076,4,108073009883,2502412,0
108.078,4,108075539295,2502412,0
108.088,4,108085740319,2502412,0
108.088,4,108088296731,73000,1
108.091,4,108088404325,2502412,0
108.093,4,108090933737,2502412,0
108.104,4,108101116761,2502412,0
108.106,4,108103959767,2502412,0
108.117,4,108114169791,2502412,0
108.122,4,108119274803,2502412,0
108.124,4,108121804215,2502412,0
108.135,4,108132005239,2502412,0
108.14,4,108137396251,2502412,0
108.15,4,108147624275,2502412,0
108.16,4,108157852299,2502412,0
108.16,4,108160381711,73000,1
108.163,4,108163064311,73000,1
108.196,4,108193810383,2502412,0
108.206,4,108203984407,2502412,0
108.212,4,108209393419,2502412,0
108.217,4,108214471431,2502412,0
108.22,4,108217000843,2502412,0
108.227,4,108224626861,2502412,0
108.23,4,108229758873,73000,1
108.237,4,108234961885,2502412,0
108.24,4,108237813297,2502412,0
108.243,4,108240360709,2502412,0
108.246,4,108245447721,73000,1
108.253,4,108250632733,2502412,0
108.256,4,108253216145,2502412,0
108.268,4,108265965175,2502412,0
108.279,4,108276157199,2502412,0
108.284,4,108281235211,2502412,0
108.286,4,108283782623,2502412,0
108.289,4,108288878635,73000,1
108.297,4,108294090647,2502412,0
108.302,4,108299204659,2502412,0
108.307,4,108304273671,2502412,0
108.317,4,108314796695,2502412,0
108.322,4,108319874707,2502412,0
108.333,4,108330084731,2502412,0
108.333,4,108332641143,73000,1
108.353,4,108350951779,2502412,0
108.364,4,108361152803,2502412,0
108.374,4,108371326827,2502412,0
108.379,4,108376431839,2502412,0
108.381,4,108378961251,2502412,0
108.392,4,108389135275,2502412,0
108.397,4,108394258287,2502412,0
108.402,4,108399345299,2502412,0
108.409,4,108406971317,2502412,0
108.417,4,108414973335,2502412,0
108.428,4,108425183359,2502412,0
108.433,4,108430261371,2502412,0
108.443,4,108440462395,2502412,0
108.448,4,108445879813,2502412,0
108.459,4,108456080837,2502412,0
108.464,4,108463742855,73000,1
108.479,4,108476625885,2502412,0
108.492,4,108489347915,2502412,0
108.5,4,108499557939,73000,1
108.502,4,108499637939,2502412,0
108.505,4,108502185351,2502412,0
108.507,4,108504732763,2502412,0
108.52,4,108517776199,2502412,0
108.528,4,108528004223,73000,1
108.541,4,108538312247,2502412,0
108.546,4,108543426259,2502412,0
108.556,4,108553885689,2502412,0
108.559,4,108556451101,2502412,0
108.567,4,108564104119,2502412,0
108.574,4,108571703137,2502412,0
108.577,4,108574232549,2502412,0
108.577,4,108576833961,73000,1
108.59,4,108587178579,2502412,0
108.6,4,108597379603,2502412,0
108.608,4,108605014621,2502412,0
108.615,4,108612613639,2502412,0
108.621,4,108618058651,2502412,0
108.631,4,108628232675,2502412,0
108.633,4,108633382687,73000,1
108.652,4,108649135723,2502412,0
108.652,4,108651665135,73000,1
108.664,4,108661973753,2502412,0
108.677,4,108674722783,2502412,0
108.677,4,108677270195,73000,1
108.683,4,108682482801,73000,1
108.698,4,108695347831,2502412,0
108.708,4,108705530855,2502412,0
108.716,4,108713165873,2502412,0
108.726,4,108723697303,2502412,0
108.734,4,108731314321,2502412,0
108.741,4,108738967339,2502412,0
108.749,4,108746647357,2502412,0
108.755,4,108754613375,73000,1
108.77,4,108767460405,2502412,0
108.775,4,108772565417,2502412,0
108.778,4,108777652429,73000,1
108.793,4,108790553459,2502412,0
108.796,4,108795640471,73000,1
108.808,4,108805957495,2502412,0
108.816,4,108813556513,2502412,0
108.824,4,108821548937,2502412,0
108.832,4,108829192955,2502412,0
108.837,4,108836854973,73000,1
108.847,4,108844614991,2502412,0
108.855,4,108852572009,2502412,0
108.855,4,108855110421,73000,1
108.866,4,108865455039,73000,1
108.896,4,108896201111,73000,1
108.968,4,108965891679,2502412,0
108.974,4,108973544697,73000,1
108.986,4,108983861721,2502412,0
108.997,4,108994044745,2502412,0
109.007,4,109004227769,2502412,0
109.012,4,109009305781,2502412,0
109.019,4,109016967799,2502412,0
109.025,4,109022036811,2502412,0
109.03,4,109027445823,2502412,0
109.035,4,109032541835,2502412,0
109.04,4,109037610847,2502412,0
109.045,4,109042706859,2502412,0
109.05,4,109050413877,73000,1
109.069,4,109066148913,2502412,0
109.071,4,109071262925,73000,1
109.089,4,109086684961,2502412,0
109.102,4,109099406991,2502412,0
109.115,4,109112156021,2502412,0
109.117,4,109114721433,2502412,0
109.13,4,109127782869,2502412,0
109.14,4,109137983893,2502412,0
109.146,4,109143061905,2502412,0
109.151,4,109148166917,2502412,0
109.158,4,109155801935,2502412,0
109.164,4,109161174947,2502412,0
109.166,4,109163758359,2502412,0
109.171,4,109168818371,2502412,0
109.174,4,109171365783,2502412,0
109.179,4,109176434795,2502412,0
109.187,4,109184087813,2502412,0
109.192,4,109189192825,2502412,0
109.194,4,109191758237,2502412,0
109.204,4,109201923261,2502412,0
109.207,4,109204488673,2502412,0
109.21,4,109209620685,73000,1
109.217,4,109214850697,2502412,0
109.223,4,109222485715,73000,1
109.238,4,109235681151,2502412,0
109.251,4,109248412181,2502412,0
109.264,4,109261152211,2502412,0
109.272,4,109269135635,2502412,0
109.284,4,109281884665,2502412,0
109.285,4,109284441077,73000,1
109.29,4,109287051677,2502412,0
109.297,4,109294704695,2502412,0
109.305,4,109302393713,2502412,0
109.318,4,109315115743,2502412,0
109.32,4,109317645155,2502412,0
109.325,4,109322750167,2502412,0
109.336,4,109333263597,2502412,0
109.341,4,109338377609,2502412,0
109.343,4,109340907021,2502412,0
109.351,4,109351126045,73000,1
109.364,4,109361461069,2502412,0
109.377,4,109374513505,2502412,0
109.38,4,109379609517,73000,1
109.385,4,109382228523,2502412,0
109.39,4,109387324535,2502412,0
109.4,4,109397543559,2502412,0
109.41,4,109407735583,2502412,0
109.418,4,109415406601,2502412,0
109.426,4,109423014619,2502412,0
109.428,4,109425553031,2502412,0
109.439,4,109436084461,2502412,0
109.439,4,109438613873,73000,1
109.454,4,109451524497,2502412,0
109.467,4,109464246527,2502412,0
109.47,4,109467097939,2502412,0
109.48,4,109477289963,2502412,0
109.483,4,109482439975,73000,1
109.501,4,109500437017,73000,1
109.524,4,109523512071,73000,1
109.544,4,109541794519,2502412,0
109.557,4,109554534549,2502412,0
109.565,4,109562160567,2502412,0
109.57,4,109570153585,73000,1
109.586,4,109583009615,2502412,0
109.588,4,109585566027,2502412,0
109.601,4,109598270057,2502412,0
109.601,4,109600871469,73000,1
109.603,4,109600952063,2502412,0
109.609,4,109606012075,2502412,0
109.619,4,109616240099,2502412,0
109.629,4,109626423123,2502412,0
109.637,4,109636642147,73000,1
109.64,4,109639645559,73000,1
109.67,4,109667825625,2502412,0
109.678,4,109675755643,2502412,0
109.683,4,109680860655,2502412,0
109.683,4,109683390067,73000,1
109.694,4,109691186679,2502412,0
109.706,4,109703908709,2502412,0
109.712,4,109709013721,2502412,0
109.722,4,109719187745,2502412,0
109.724,4,109721717157,2502412,0
109.724,4,109724282569,73000,1
109.735,4,109732025181,2502412,0
109.74,4,109737157193,2502412,0
109.75,4,109747625623,2502412,0
109.753,4,109750155035,2502412,0
109.76,4,109757835053,2502412,0
109.768,4,109765443071,2502412,0
109.771,4,109767999483,2502412,0
109.776,4,109775992501,73000,1
109.781,4,109778674507,2502412,0
109.784,4,109783761519,73000,1
109.804,4,109801749561,2502412,0
109.812,4,109809357579,2502412,0
109.82,4,109817001597,2502412,0
109.827,4,109824645615,2502412,0
109.832,4,109829723627,2502412,0
109.842,4,109839951651,2502412,0
109.843,4,109842481063,73000,1
109.843,4,109842561657,73000,1
109.866,4,109863390051,2502412,0
109.879,4,109876425081,2502412,0
109.882,4,109881557093,73000,1
109.889,4,109886715105,2502412,0
109.892,4,109889244517,2502412,0
109.894,4,109891791929,2502412,0
109.899,4,109896878941,2502412,0
109.91,4,109907034965,2502412,0
109.915,4,109912220977,2502412,0
109.925,4,109922395001,2502412,0
109.93,4,109927518013,2502412,0
109.938,4,109935126031,2502412,0
109.943,4,109940222043,2502412,0
109.951,4,109950762473,73000,1
109.961,4,109961124497,73000,1
110.002,4,109999827587,2502412,0
110.015,4,110012576617,2502412,0
110.018,4,110015115029,2502412,0
110.023,4,110022750047,73000,1
110.028,4,110025423053,2502412,0
110.033,4,110030510065,2502412,0
110.043,4,110040702089,2502412,0
110.051,4,110048667513,2502412,0
110.064,4,110061416543,2502412,0
110.069,4,110069096561,73000,1
110.079,4,110076820579,2502412,0
110.082,4,110079367991,2502412,0
110.095,4,110092411427,2502412,0
110.097,4,110094967839,2502412,0
110.11,4,110107716869,2502412,0
110.113,4,110110255281,2502412,0
110.113,4,110112820693,73000,1
110.121,4,110120617305,73000,1
110.151,4,110148770371,2502412,0
110.154,4,110151613377,2502412,0
110.167,4,110164335407,2502412,0
110.17,4,110169494419,73000,1
110.175,4,110172113425,2502412,0
110.185,4,110182332449,2502412,0
110.193,4,110190279873,2502412,0
110.195,4,110195384885,73000,1
110.198,4,110195482885,2502412,0
110.211,4,110208231915,2502412,0
110.219,4,110218459939,73000,1
110.221,4,110221105945,73000,1
110.252,4,110251888017,73000,1
110.34,4,110339441627,73000,1
110.383,4,110380737129,2502412,0
110.388,4,110385806141,2502412,0
110.394,4,110393744565,73000,1
110.396,4,110393842565,2502412,0
110.404,4,110401513583,2502412,0
110.412,4,110411732607,73000,1
110.419,4,110416944619,2502412,0
110.43,4,110427109643,2502412,0
110.435,4,110432223655,2502412,0
110.447,4,110444954685,2502412,0
110.455,4,110455173709,73000,1
110.458,4,110455307709,2502412,0
110.471,4,110468324739,2502412,0
110.473,4,110470899151,2502412,0
110.478,4,110475968163,2502412,0
110.489,4,110486124187,2502412,0
110.491,4,110488671599,2502412,0
110.494,4,110491514011,2502412,0
110.504,4,110501724035,2502412,0
110.509,4,110506856047,2502412,0
110.522,4,110519605077,2502412,0
110.532,4,110529815101,2502412,0
110.535,4,110534947113,73000,1
110.555,4,110552917155,2502412,0
110.563,4,110563412585,73000,1
110.569,4,110568651597,73000,1
110.602,4,110602285675,73000,1
110.623,4,110620228717,2502412,0
110.635,4,110632977747,2502412,0
110.643,4,110640621765,2502412,0
110.651,4,110648265783,2502412,0
110.651,4,110650822195,73000,1
110.661,4,110658591807,2502412,0
110.674,4,110671644243,2502412,0
110.677,4,110674182655,2502412,0
110.679,4,110676712067,2502412,0
110.692,4,110689434097,2502412,0
110.695,4,110691999509,2502412,0
110.702,4,110699956527,2502412,0
110.71,4,110707627545,2502412,0
110.723,4,110720367575,2502412,0
110.725,4,110722923987,2502412,0
110.728,4,110728019999,73000,1
110.741,4,110740903029,73000,1
110.761,4,110758873071,2502412,0
110.774,4,110771934507,2502412,0
110.78,4,110777048519,2502412,0
110.787,4,110787231543,73000,1
110.8,4,110797870567,2502412,0
110.813,4,110810601597,2502412,0
110.818,4,110818281615,73000,1
110.834,4,110831164645,2502412,0
110.841,4,110841338669,73000,1
110.854,4,110851655693,2502412,0
110.857,4,110854194105,2502412,0
110.864,4,110864377129,73000,1
110.87,4,110867380541,2502412,0
110.87,4,110869918953,73000,1
110.872,4,110869991953,2502412,0
110.88,4,110877599971,2502412,0
110.885,4,110882713983,2502412,0
110.895,4,110892906007,2502412,0
110.898,4,110895462419,2502412,0
110.911,4,110908515449,2502412,0
110.921,4,110918743473,2502412,0
110.926,4,110923857485,2502412,0
110.939,4,110936588515,2502412,0
110.947,4,110946807539,73000,1
110.962,4,110962265575,73000,1
110.991,4,110990776047,73000,1
111.047,4,111044803173,2502412,0
111.057,4,111054995197,2502412,0
111.063,4,111060100209,2502412,0
111.076,4,111073161645,2502412,0
111.078,4,111075727057,2502412,0
111.086,4,111083344075,2502412,0
111.096,4,111093572099,2502412,0
111.101,4,111101207117,73000,1
111.114,4,111111846141,2502412,0
111.127,4,111124568171,2502412,0
111.127,4,111127160583,73000,1
111.148,4,111145131219,2502412,0
111.153,4,111150209231,2502412,0
111.163,4,111160383255,2502412,0
111.168,4,111168072273,73000,1
111.186,4,111183815715,2502412,0
111.194,4,111191432733,2502412,0
111.199,4,111196492745,2502412,0
111.202,4,111201633757,73000,1
111.215,4,111214829787,73000,1
111.223,4,111220032799,2502412,0
111.228,4,111227694817,73000,1
111.23,4,111227767817,2502412,0
111.235,4,111235411835,73000,1
111.251,4,111250869871,73000,1
111.29,4,111287033361,2502412,0
111.3,4,111297225385,2502412,0
111.305,4,111304878403,73000,1
111.321,4,111318083433,2502412,0
111.326,4,111323152445,2502412,0
111.333,4,111333371469,73000,1
111.354,4,111351359511,2502412,0
111.367,4,111364054541,2502412,0
111.369,4,111366619953,2502412,0
111.382,4,111379663389,2502412,0
111.385,4,111382246801,2502412,0
111.397,4,111394950831,2502412,0
111.4,4,111397543243,2502412,0
111.413,4,111410283273,2502412,0
111.421,4,111418239697,2502412,0
111.428,4,111425901715,2502412,0
111.441,4,111438641745,2502412,0
111.449,4,111448851769,73000,1
111.452,4,111451542775,73000,1
111.452,4,111451631775,73000,1
111.475,4,111474733829,73000,1
111.547,4,111544397397,2502412,0
111.552,4,111549484409,2502412,0
111.562,4,111559685433,2502412,0
111.57,4,111567329451,2502412,0
111.572,4,111569858863,2502412,0
111.58,4,111580077887,73000,1
111.598,4,111595821329,2502412,0
111.603,4,111600917341,2502412,0
111.611,4,111611136365,73000,1
111.619,4,111616321377,2502412,0
111.624,4,111621729795,2502412,0
111.627,4,111626816807,73000,1
111.637,4,111637160831,73000,1
111.673,4,111670472909,2502412,0
111.681,4,111678089927,2502412,0
111.688,4,111685724945,2502412,0
111.694,4,111693708963,73000,1
111.714,4,111711688005,2502412,0
111.727,4,111724750035,2502412,0
111.73,4,111727279447,2502412,0
111.737,4,111734914465,2502412,0
111.748,4,111745124489,2502412,0
111.753,4,111750247501,2502412,0
111.761,4,111760430525,73000,1
111.763,4,111760510525,2502412,0
111.766,4,111763066937,2502412,0
111.778,4,111775797967,2502412,0
111.781,4,111778327379,2502412,0
111.786,4,111786007397,73000,1
111.797,4,111794106821,2502412,0
111.807,4,111804298845,2502412,0
111.812,4,111809385857,2502412,0
111.812,4,111811915269,73000,1
111.83,4,111827677899,2502412,0
111.84,4,111837869923,2502412,0
111.848,4,111845513941,2502412,0
111.856,4,111853175959,2502412,0
111.866,4,111863349983,2502412,0
111.874,4,111871021001,2502412,0
111.884,4,111881186025,2502412,0
111.891,4,111888866043,2502412,0
111.899,4,111896814061,2502412,0
111.912,4,111909554091,2502412,0
111.917,4,111914677103,2502412,0
111.92,4,111917206515,2502412,0
111.928,4,111925127533,2502412,0
111.928,4,111927656945,73000,1
111.93,4,111927764539,2502412,0
111.935,4,111932869551,2502412,0
111.946,4,111943079575,2502412,0
111.953,4,111950750593,2502412,0
111.959,4,111958430611,73000,1
111.964,4,111963624623,73000,1
111.976,4,111973941647,2502412,0
111.982,4,111981585665,73000,1
111.995,4,111994799101,73000,1
112,4,111999975113,73000,1
112.085,4,112082147305,2502412,0
112.095,4,112092312329,2502412,0
112.1,4,112097738747,2502412,0
112.11,4,112107903771,2502412,0
112.116,4,112113026783,2502412,0
112.126,4,112123209807,2502412,0
112.131,4,112128296819,2502412,0
112.134,4,112131175231,2502412,0
112.136,4,112136253243,73000,1
112.147,4,112144058261,2502412,0
112.157,4,112154232285,2502412,0
112.165,4,112164433309,73000,1
112.167,4,112164567309,2502412,0
112.177,4,112174723333,2502412,0
112.182,4,112179801345,2502412,0
112.185,4,112182366757,2502412,0
112.188,4,112187444769,73000,1
112.193,4,112190081775,2502412,0
112.198,4,112195195787,2502412,0
112.208,4,112205691217,2502412,0
112.211,4,112208229629,2502412,0
112.213,4,112213361641,73000,1
112.221,4,112218546653,2502412,0
112.226,4,112223633665,2502412,0
112.229,4,112226190077,2502412,0
112.242,4,112239243107,2502412,0
112.247,4,112244366119,2502412,0
112.257,4,112254531143,2502412,0
112.262,4,112259636155,2502412,0
112.265,4,112262174567,2502412,0
112.267,4,112264703979,2502412,0
112.277,4,112274878003,2502412,0
112.285,4,112282585021,2502412,0
112.293,4,112292804045,73000,1
112.306,4,112303433475,2502412,0
112.314,4,112313634499,73000,1
112.329,4,112326490529,2502412,0
112.335,4,112334465547,73000,1
112.347,4,112347330577,73000,1
112.348,4,112347455577,73000,1
112.399,4,112396073691,2502412,0
112.412,4,112409135127,2502412,0
112.424,4,112421875157,2502412,0
112.427,4,112424413569,2502412,0
112.429,4,112426951981,2502412,0
112.442,4,112439969011,2502412,0
112.445,4,112442543423,2502412,0
112.448,4,112445072835,2502412,0
112.46,4,112457812865,2502412,0
112.468,4,112465510883,2502412,0
112.476,4,112473127901,2502412,0
112.483,4,112480798919,2502412,0
112.486,4,112483328331,2502412,0
112.499,4,112496077361,2502412,0
112.506,4,112503766379,2502412,0
112.512,4,112511723397,73000,1
112.527,4,112524570427,2502412,0
112.53,4,112527099839,2502412,0
112.543,4,112540161869,2502412,0
112.545,4,112542745281,2502412,0
112.55,4,112550371299,73000,1
112.566,4,112563236329,2502412,0
112.568,4,112565792741,2502412,0
112.573,4,112570861753,2502412,0
112.584,4,112581035777,2502412,0
112.589,4,112586185789,2502412,0
112.599,4,112596332813,2502412,0
112.602,4,112601491825,73000,1
112.609,4,112606712837,2502412,0
112.61,4,112609555843,73000,1
112.62,4,112617315861,2502412,0
112.633,4,112630037891,2502412,0
112.64,4,112640247915,73000,1
112.656,4,112653461945,2502412,0
112.666,4,112663617969,2502412,0
112.666,4,112666183381,73000,1
112.679,4,112676509999,2502412,0
112.689,4,112686711023,2502412,0
112.694,4,112691780035,2502412,0
112.704,4,112701963059,2502412,0
112.715,4,112712494489,2502412,0
112.72,4,112720174507,73000,1
112.728,4,112725368519,2502412,0
112.741,4,112738099549,2502412,0
112.743,4,112740646961,2502412,0
112.751,4,112751151391,73000,1
112.764,4,112761477415,2502412,0
112.767,4,112764042827,2502412,0
112.772,4,112771668845,73000,1
112.787,4,112784569875,2502412,0
112.8,4,112797291905,2502412,0
112.813,4,112810031935,2502412,0
112.815,4,112812874941,2502412,0
112.818,4,112815413353,2502412,0
112.831,4,112828153383,2502412,0
112.831,4,112830772795,73000,1
112.841,4,112838524407,2502412,0
112.849,4,112849020431,73000,1
112.867,4,112864460467,2502412,0
112.872,4,112872122485,73000,1
112.885,4,112882439509,2502412,0
112.895,4,112892631533,2502412,0
112.895,4,112895160945,73000,1
112.9,4,112900355551,73000,1
112.906,4,112905594563,73000,1
112.932,4,112929000023,2502412,0
112.944,4,112941704053,2502412,0
112.949,4,112946818065,2502412,0
112.96,4,112957322495,2502412,0
112.963,4,112962445507,73000,1
112.97,4,112970223525,73000,1
113.016,4,113013718627,2502412,0
113.022,4,113019136045,2502412,0
113.034,4,113031885075,2502412,0
113.042,4,113039529093,2502412,0
113.05,4,113047173111,2502412,0
113.063,4,113060217141,2502412,0
113.068,4,113067906159,73000,1
113.078,4,113075675177,2502412,0
113.086,4,113083301195,2502412,0
113.093,4,113090927213,2502412,0
113.101,4,113098616231,2502412,0
113.109,4,113108799255,73000,1
113.125,4,113122003691,2502412,0
113.132,4,113132213715,73000,1
113.153,4,113150192757,2502412,0
113.158,4,113158140181,73000,1
113.163,4,113160768187,2502412,0
113.166,4,113163315599,2502412,0
113.173,4,113170950617,2502412,0
113.181,4,113178585635,2502412,0
113.184,4,113181133047,2502412,0
113.196,4,113193882077,2502412,0
113.197,4,113196474489,73000,1
113.214,4,113211879119,2502412,0
113.225,4,113222392549,2502412,0
113.233,4,113230036567,2502412,0
113.245,4,113242767597,2502412,0
113.248,4,113245333009,2502412,0
113.261,4,113258359039,2502412,0
113.263,4,113260906451,2502412,0
113.271,4,113268577469,2502412,0
113.276,4,113273637481,2502412,0
113.281,4,113278760493,2502412,0
113.291,4,113288952517,2502412,0
113.297,4,113296650535,73000,1
113.315,4,113312081571,2502412,0
113.328,4,113325098007,2502412,0
113.33,4,113327654419,2502412,0
113.33,4,113330210831,73000,1
113.348,4,113345633461,2502412,0
113.348,4,113348162873,73000,1
113.358,4,113355923485,2502412,0
113.364,4,113363906909,73000,1
113.367,4,113366552915,73000,1
113.397,4,113397334987,73000,1
113.408,4,113405050005,2502412,0
113.42,4,113417799035,2502412,0
113.42,4,113420373447,73000,1
113.436,4,113433551477,2502412,0
113.446,4,113443743501,2502412,0
113.456,4,113453917525,2502412,0
113.459,4,113456473937,2502412,0
113.472,4,113469508967,2502412,0
113.477,4,113474640979,2502412,0
113.477,4,113477179391,73000,1
113.487,4,113484958003,2502412,0
113.493,4,113490027015,2502412,0
113.5,4,113497680033,2502412,0
113.503,4,113502776045,73000,1
113.521,4,113518189081,2502412,0
113.526,4,113523303093,2502412,0
113.539,4,113536364529,2502412,0
113.541,4,113538902941,2502412,0
113.552,4,113549094965,2502412,0
113.557,4,113554163977,2502412,0
113.567,4,113564678001,2502412,0
113.572,4,113569810013,2502412,0
113.575,4,113572339425,2502412,0
113.58,4,113577399437,2502412,0
113.588,4,113585016455,2502412,0
113.59,4,113587590867,2502412,0
113.595,4,113592686879,2502412,0
113.605,4,113602878903,2502412,0
113.606,4,113605471315,73000,1
113.616,4,113613249927,2502412,0
113.628,4,113625989957,2502412,0
113.636,4,113633937381,2502412,0
113.647,4,113644147405,2502412,0
113.652,4,113649243417,2502412,0
113.659,4,113656860435,2502412,0
113.667,4,113664531453,2502412,0
113.675,4,113672496877,2502412,0
113.675,4,113675044289,73000,1
113.685,4,113682822901,2502412,0
113.698,4,113695535931,2502412,0
113.706,4,113703206949,2502412,0
113.713,4,113710832967,2502412,0
113.719,4,113718512985,73000,1
113.739,4,113736813433,2502412,0
113.747,4,113747014457,73000,1
113.752,4,113749651463,2502412,0
113.752,4,113752180875,73000,1
113.755,4,113752297469,2502412,0
113.765,4,113762462493,2502412,0
113.771,4,113770464511,73000,1
113.773,4,113773110517,73000,1
113.801,4,113801308583,73000,1
113.866,4,113863051133,2502412,0
113.873,4,113870972151,2502412,0
113.884,4,113881182175,2502412,0
113.889,4,113888826193,73000,1
113.907,4,113906823235,73000,1
113.94,4,113937578307,2502412,0
113.941,4,113940439313,73000,1
113.961,4,113958418355,2502412,0
113.964,4,113963505367,73000,1
113.982,4,113981815409,73000,1
113.984,4,113981895409,2502412,0
113.995,4,113992087433,2502412,0
114,4,113997165445,2502412,0
114.007,4,114007393469,73000,1
114.015,4,114012596481,2502412,0
114.023,4,114022779505,73000,1
114.025,4,114022913505,2502412,0
114.038,4,114035617535,2502412,0
114.041,4,114038173947,2502412,0
114.054,4,114051235383,2502412,0
114.066,4,114063975413,2502412,0
114.069,4,114069116425,73000,1
114.08,4,114077198443,2502412,0
114.085,4,114082258455,2502412,0
114.093,4,114092486479,73000,1
114.1,4,114097680491,2502412,0
114.113,4,114110420521,2502412,0
114.116,4,114115543533,73000,1
114.133,4,114130974569,2502412,0
114.136,4,114133503981,2502412,0
114.144,4,114143981411,73000,1
114.157,4,114156909441,73000,1
114.165,4,114162085453,2502412,0
114.17,4,114167172465,2502412,0
114.18,4,114177704489,2502412,0
114.185,4,114182782501,2502412,0
114.19,4,114187860513,2502412,0
114.198,4,114195468531,2502412,0
114.201,4,114197997943,2502412,0
114.203,4,114200563355,2502412,0
114.216,4,114213303385,2502412,0
114.218,4,114215850797,2502412,0
114.221,4,114218434209,2502412,0
114.224,4,114223512221,73000,1
114.241,4,114238970257,2502412,0
114.242,4,114241517669,73000,1
114.252,4,114249563687,2502412,0
114.255,4,114252120099,2502412,0
114.267,4,114264833129,2502412,0
114.278,4,114275052153,2502412,0
114.283,4,114280461165,2502412,0
114.286,4,114282999577,2502412,0
114.293,4,114290616595,2502412,0
114.301,4,114298260613,2502412,0
114.306,4,114303392625,2502412,0
114.316,4,114313593649,2502412,0
114.321,4,114318680661,2502412,0
114.331,4,114328863685,2502412,0
114.334,4,114331438097,2502412,0
114.339,4,114336498109,2502412,0
114.342,4,114339036521,2502412,0
114.352,4,114349531951,2502412,0
114.355,4,114352070363,2502412,0
114.357,4,114354608775,2502412,0
114.36,4,114359740787,73000,1
114.368,4,114364997799,2502412,0
114.38,4,114377710829,2502412,0
114.393,4,114390763859,2502412,0
114.396,4,114393293271,2502412,0
114.403,4,114400955289,2502412,0
114.411,4,114408590307,2502412,0
114.416,4,114413713319,2502412,0
114.421,4,114418782331,2502412,0
114.429,4,114426399349,2502412,0
114.431,4,114428973761,2502412,0
114.444,4,114441713791,2502412,0
114.447,4,114446872803,73000,1
114.463,4,114462634245,73000,1
114.499,4,114498780329,73000,1
114.547,4,114544868437,2502412,0
114.553,4,114552521455,73000,1
114.563,4,114560584879,2502412,0
114.576,4,114573324909,2502412,0
114.589,4,114586073939,2502412,0
114.591,4,114588934351,2502412,0
114.604,4,114601656381,2502412,0
114.607,4,114604203793,2502412,0
114.614,4,114611865811,2502412,0
114.622,4,114619500829,2502412,0
114.625,4,114622030241,2502412,0
114.632,4,114629692259,2502412,0
114.635,4,114634770271,73000,1
114.645,4,114642575289,2502412,0
114.658,4,114655315319,2502412,0
114.663,4,114660742331,2502412,0
114.666,4,114665829343,73000,1
114.674,4,114671005355,2502412,0
114.681,4,114678676373,2502412,0
114.686,4,114683745385,2502412,0
114.697,4,114694268409,2502412,0
114.704,4,114701939427,2502412,0
114.715,4,114712131451,2502412,0
114.72,4,114717236463,2502412,0
114.722,4,114719765875,2502412,0
114.732,4,114729939899,2502412,0
114.738,4,114737646917,73000,1
114.753,4,114753095953,73000,1
114.756,4,114753175953,2502412,0
114.766,4,114763680383,2502412,0
114.779,4,114776420413,2502412,0
114.787,4,114784064431,2502412,0
114.787,4,114786602843,73000,1
114.792,4,114789258443,2502412,0
114.8,4,114797223867,2502412,0
114.807,4,114804831885,2502412,0
114.81,4,114809963897,73000,1
114.815,4,114812600903,2502412,0
114.825,4,114822819927,2502412,0
114.833,4,114830445945,2502412,0
114.835,4,114832993357,2502412,0
114.841,4,114838062369,2502412,0
114.846,4,114843149381,2502412,0
114.848,4,114845678793,2502412,0
114.848,4,114848208205,73000,1
114.864,4,114861449235,2502412,0
114.867,4,114866563247,73000,1
114.884,4,114881976283,2502412,0
114.895,4,114892159307,2502412,0
114.905,4,114902681737,2502412,0
114.91,4,114907759749,2502412,0
114.915,4,114912837761,2502412,0
114.921,4,114920517779,73000,1
114.926,4,114923181785,2502412,0
114.928,4,114925720197,2502412,0
114.933,4,114930798209,2502412,0
114.944,4,114941008233,2502412,0
114.956,4,114953739263,2502412,0
114.964,4,114961410281,2502412,0
114.972,4,114969376299,2502412,0
114.982,4,114979568323,2502412,0
114.987,4,114984655335,2502412,0
114.99,4,114987193747,2502412,0
115,4,114997689771,2502412,0
115.008,4,115005387789,2502412,0
115.021,4,115018136819,2502412,0
115.031,4,115028337843,2502412,0
115.036,4,115033415855,2502412,0
115.046,4,115043634879,2502412,0
115.059,4,115056365909,2502412,0
115.061,4,115058904321,2502412,0
115.067,4,115066887745,73000,1
115.082,4,115079779775,2502412,0
115.095,4,115092519805,2502412,0
115.108,4,115105572835,2502412,0
115.111,4,115108120247,2502412,0
115.113,4,115110667659,2502412,0
115.116,4,115115745671,73000,1
115.129,4,115126089695,2502412,0
115.136,4,115133742713,2502412,0
115.146,4,115143916737,2502412,0
115.147,4,115146446149,73000,1
115.149,4,115146535743,2502412,0
115.157,4,115156763767,73000,1
115.175,4,115172525209,2502412,0
115.178,4,115177594221,73000,1
115.193,4,115190486251,2502412,0
115.196,4,115193015663,2502412,0
115.198,4,115198093675,73000,1
115.206,4,115203609687,2502412,0
115.216,4,115213792711,2502412,0
115.224,4,115224020735,73000,1
115.242,4,115239460771,2502412,0
115.25,4,115247086789,2502412,0
115.25,4,115249643201,73000,1
115.26,4,115257394813,2502412,0
115.265,4,115265056831,73000,1
115.276,4,115273129255,2502412,0
115.283,4,115280746273,2502412,0
115.291,4,115288399291,2502412,0
115.301,4,115298627315,2502412,0
115.314,4,115311689345,2502412,0
115.317,4,115314227757,2502412,0
115.327,4,115324428781,2502412,0
115.337,4,115334620805,2502412,0
115.342,4,115342300823,73000,1
115.347,4,115344919829,2502412,0
115.353,4,115350033841,2502412,0
115.365,4,115362782871,2502412,0
115.365,4,115365348283,73000,1
115.376,4,115373367301,2502412,0
115.378,4,115375950713,2502412,0
115.384,4,115381019725,2502412,0
115.394,4,115391175749,2502412,0
115.399,4,115396334761,2502412,0
115.404,4,115403951779,73000,1
115.415,4,115412051797,2502412,0
115.425,4,115422252821,2502412,0
115.433,4,115432471845,73000,1
115.453,4,115450459887,2502412,0
115.463,4,115460651911,2502412,0
115.463,4,115463181323,73000,1
115.479,4,115476368353,2502412,0
115.489,4,115486569377,2502412,0
115.494,4,115491656389,2502412,0
115.502,4,115499264407,2502412,0
115.512,4,115509805431,2502412,0
115.52,4,115517467449,2502412,0
115.528,4,115525093467,2502412,0
115.533,4,115530207479,2502412,0
115.538,4,115535285491,2502412,0
115.543,4,115540363503,2502412,0
115.551,4,115548034521,2502412,0
115.551,4,115550572933,73000,1
115.561,4,115558378545,2502412,0
115.569,4,115568543569,73000,1
115.571,4,115568632569,2502412,0
115.576,4,115573746581,2502412,0
115.587,4,115584260011,2502412,0
115.589,4,115586789423,2502412,0
115.594,4,115591858435,2502412,0
115.605,4,115602068459,2502412,0
115.607,4,115604606871,2502412,0
115.62,4,115617659901,2502412,0
115.623,4,115620189313,2502412,0
115.628,4,115627878331,73000,1
115.633,4,115630515337,2502412,0
115.641,4,115638186355,2502412,0
115.648,4,115645839373,2502412,0
115.656,4,115653474391,2502412,0
115.659,4,115656003803,2502412,0
115.666,4,115663620821,2502412,0
115.669,4,115666168233,2502412,0
115.674,4,115671255245,2502412,0
115.679,4,115678908263,73000,1
115.692,4,115689600693,2502412,0
115.705,4,115702304723,2502412,0
115.705,4,115704897135,73000,1
115.718,4,115718086015,73000,1
115.734,4,115733517051,73000,1
115.739,4,115736136057,2502412,0
115.744,4,115743798075,73000,1
115.751,4,115748974087,2502412,0
115.759,4,115756636105,2502412,0
115.767,4,115764253123,2502412,0
115.774,4,115771924141,2502412,0
115.777,4,115774453553,2502412,0
115.787,4,115784975983,2502412,0
115.793,4,115792629001,73000,1
115.813,4,115810617043,2502412,0
115.816,4,115816044055,73000,1
115.831,4,115828900085,2502412,0
115.839,4,115836508103,2502412,0
115.842,4,115839037515,2502412,0
115.844,4,115841566927,2502412,0
115.852,4,115849219945,2502412,0
115.857,4,115854288957,2502412,0
115.862,4,115859384969,2502412,0
115.864,4,115861923381,2502412,0
115.875,4,115872151405,2502412,0
115.88,4,115877274417,2502412,0
115.882,4,115879803829,2502412,0
115.888,4,115885203247,2502412,0
115.895,4,115892820265,2502412,0
115.895,4,115895358677,73000,1
115.898,4,115895475271,2502412,0
115.903,4,115903155289,73000,1
115.908,4,115905846295,2502412,0
115.921,4,115918872325,2502412,0
115.924,4,115923995337,73000,1
115.932,4,115929198349,2502412,0
115.937,4,115934285361,2502412,0
115.937,4,115936814773,73000,1
115.947,4,115944584385,2502412,0
115.95,4,115949680397,73000,1
115.965,4,115962545427,2502412,0
115.97,4,115970198445,73000,1
115.975,4,115972826451,2502412,0
115.978,4,115975364863,2502412,0
115.991,4,115988426299,2502412,0
115.991,4,115991009711,73000,1
116.001,4,115998761323,2502412,0
116.009,4,116006387341,2502412,0
116.017,4,116014022359,2502412,0
116.019,4,116016569771,2502412,0
116.027,4,116024526789,2502412,0
116.035,4,116032197807,2502412,0
116.047,4,116044919837,2502412,0
116.053,4,116050051849,2502412,0
116.058,4,116055111861,2502412,0
116.065,4,116062755879,2502412,0
116.073,4,116070435897,2502412,0
116.078,4,116075495909,2502412,0
116.083,4,116080555921,2502412,0
116.086,4,116083085333,2502412,0
116.088,4,116085659745,2502412,0
116.096,4,116093607169,2502412,0
116.104,4,116101278187,2502412,0
116.109,4,116106383199,2502412,0
116.119,4,116116575223,2502412,0
116.124,4,116121707235,2502412,0
116.137,4,116134768671,2502412,0
116.147,4,116144978695,2502412,0
116.155,4,116152613713,2502412,0
116.155,4,116155152125,73000,1
116.166,4,116165487743,73000,1
116.168,4,116165603743,2502412,0
116.168,4,116168133155,73000,1
116.186,4,116183537785,2502412,0
116.191,4,116191199803,73000,1
116.199,4,116196733221,2502412,0
116.207,4,116204350239,2502412,0
116.214,4,116211976257,2502412,0
116.225,4,116222186281,2502412,0
116.235,4,116232717711,2502412,0
116.243,4,116240361729,2502412,0
116.256,4,116253101759,2502412,0
116.256,4,116255685171,73000,1
116.266,4,116263418783,2502412,0
116.274,4,116271071801,2502412,0
116.276,4,116276140813,73000,1
116.284,4,116281388825,2502412,0
116.292,4,116289032843,2502412,0
116.305,4,116302076279,2502412,0
116.31,4,116307190291,2502412,0
116.312,4,116312268303,73000,1
116.325,4,116325187333,73000,1
116.333,4,116333260351,73000,1
116.395,4,116394663495,73000,1
116.464,4,116461779057,2502412,0
116.474,4,116471962081,2502412,0
116.48,4,116477085093,2502412,0
116.49,4,116487259117,2502412,0
116.5,4,116497469141,2502412,0
116.508,4,116508010165,73000,1
116.526,4,116523414201,2502412,0
116.528,4,116525952613,2502412,0
116.534,4,116531039625,2502412,0
116.539,4,116536421043,2502412,0
116.547,4,116544056061,2502412,0
116.549,4,116546621473,2502412,0
116.562,4,116559352503,2502412,0
116.567,4,116564493515,2502412,0
116.567,4,116567031927,73000,1
116.58,4,116577358545,2502412,0
116.587,4,116584993563,2502412,0
116.595,4,116595194587,73000,1
116.598,4,116595274587,2502412,0
116.603,4,116600388599,2502412,0
116.608,4,116605770611,2502412,0
116.611,4,116610848623,73000,1
116.613,4,116610937623,2502412,0
116.621,4,116618617641,2502412,0
116.631,4,116628836665,2502412,0
116.639,4,116639377689,73000,1
116.65,4,116647110707,2502412,0
116.652,4,116649658119,2502412,0
116.657,4,116657293137,73000,1
116.673,4,116672760173,73000,1
116.696,4,116693269221,2502412,0
116.706,4,116703782651,2502412,0
116.711,4,116711417669,73000,1
116.722,4,116721779693,73000,1
116.743,4,116740035735,2502412,0
116.753,4,116750218759,2502412,0
116.758,4,116755287771,2502412,0
116.76,4,116757844183,2502412,0
116.771,4,116768036207,2502412,0
116.776,4,116773159219,2502412,0
116.778,4,116778255231,73000,1
116.786,4,116786051249,73000,1
116.809,4,116806872703,2502412,0
116.814,4,116811941715,2502412,0
116.825,4,116822133739,2502412,0
116.83,4,116827238751,2502412,0
116.835,4,116832316763,2502412,0
116.843,4,116840282781,2502412,0
116.848,4,116847980799,73000,1
116.851,4,116848053799,2502412,0
116.856,4,116853140811,2502412,0
116.863,4,116860757829,2502412,0
116.871,4,116868437847,2502412,0
116.879,4,116876063865,2502412,0
116.886,4,116883716883,2502412,0
116.886,4,116886273295,73000,1
116.902,4,116901740925,73000,1
116.92,4,116917457367,2502412,0
116.923,4,116922553379,73000,1
116.943,4,116940532421,2502412,0
116.956,4,116953593857,2502412,0
116.956,4,116956141269,73000,1
116.959,4,116956214269,2502412,0
116.961,4,116958743681,2502412,0
116.971,4,116968926705,2502412,0
116.974,4,116971474117,2502412,0
116.979,4,116976561129,2502412,0
116.987,4,116984196147,2502412,0
116.989,4,116986725559,2502412,0
116.992,4,116989263971,2502412,0
116.992,4,116991793383,73000,1
117.002,4,116999616995,2502412,0
117.005,4,117002173407,2502412,0
117.018,4,117015189843,2502412,0
117.025,4,117022878861,2502412,0
117.033,4,117030477879,2502412,0
117.036,4,117033034291,2502412,0
117.049,4,117046087321,2502412,0
117.051,4,117051246333,73000,1
117.064,4,117061563357,2502412,0
117.072,4,117069171375,2502412,0
117.084,4,117081920405,2502412,0
117.092,4,117089600423,2502412,0
117.1,4,117097217441,2502412,0
117.1,4,117099791853,73000,1
117.11,4,117110136471,73000,1
117.118,4,117115642889,2502412,0
117.131,4,117128355919,2502412,0
117.136,4,117133478931,2502412,0
117.146,4,117143679955,2502412,0
117.159,4,117156741391,2502412,0
117.159,4,117159306803,73000,1
117.18,4,117177259439,2502412,0
117.185,4,117184921457,73000,1
117.2,4,117197786487,2502412,0
117.206,4,117205439505,73000,1
117.211,4,117208103511,2502412,0
117.211,4,117210641923,73000,1
117.213,4,117213279523,73000,1
117.239,4,117236666983,2502412,0
117.252,4,117249711013,2502412,0
117.255,4,117252240425,2502412,0
117.26,4,117259920443,73000,1
117.273,4,117272839473,73000,1
117.314,4,117311220563,2502412,0
117.322,4,117319167987,2502412,0
117.329,4,117326839005,2502412,0
117.337,4,117334456023,2502412,0
117.345,4,117342082041,2502412,0
117.352,4,117349744059,2502412,0
117.355,4,117352586471,2502412,0
117.365,4,117362805495,2502412,0
117.37,4,117367874507,2502412,0
117.373,4,117370430919,2502412,0
117.381,4,117378047937,2502412,0
117.386,4,117383152949,2502412,0
117.386,4,117385700361,73000,1
117.396,4,117393496973,2502412,0
117.404,4,117403724997,73000,1
117.406,4,117403822997,2502412,0
117.417,4,117414006021,2502412,0
117.422,4,117419102033,2502412,0
117.432,4,117429625057,2502412,0
117.44,4,117437251075,2502412,0
117.447,4,117444904093,2502412,0
117.46,4,117457957123,2502412,0
117.463,4,117460495535,2502412,0
117.476,4,117473235565,2502412,0
117.478,4,117475791977,2502412,0
117.481,4,117478330389,2502412,0
117.488,4,117485956407,2502412,0
117.491,4,117488485819,2502412,0
117.499,4,117496111837,2502412,0
117.506,4,117503809855,2502412,0
117.512,4,117511507873,73000,1
117.532,4,117529763321,2502412,0
117.535,4,117532328733,2502412,0
117.54,4,117537388745,2502412,0
117.55,4,117547616769,2502412,0
117.555,4,117555269787,73000,1
117.571,4,117568438817,2502412,0
117.584,4,117581178847,2502412,0
117.586,4,117583753259,2502412,0
117.594,4,117591370277,2502412,0
117.602,4,117599050295,2502412,0
117.607,4,117604110307,2502412,0
117.617,4,117614293331,2502412,0
117.62,4,117619443343,73000,1
117.627,4,117624601355,2502412,0
117.633,4,117632603373,73000,1
117.648,4,117645495403,2502412,0
117.661,4,117658518003,2502412,0
117.664,4,117661065415,2502412,0
117.669,4,117666152427,2502412,0
117.671,4,117668681839,2502412,0
117.676,4,117676298857,73000,1
117.679,4,117676450857,2502412,0
117.684,4,117681564869,2502412,0
117.694,4,117691774893,2502412,0
117.702,4,117701966917,73000,1
117.72,4,117719963959,73000,1
117.731,4,117728027383,2502412,0
117.731,4,117730556795,73000,1
117.743,4,117740901413,2502412,0
117.746,4,117745988425,73000,1
117.759,4,117758853455,73000,1
117.777,4,117777145497,73000,1
117.798,4,117797708545,73000,1
117.862,4,117861972101,73000,1
117.988,4,117985609795,2502412,0
117.993,4,117990714807,2502412,0
118.006,4,118003427837,2502412,0
118.009,4,118006002249,2502412,0
118.014,4,118011080261,2502412,0
118.024,4,118021263285,2502412,0
118.026,4,118023810697,2502412,0
118.034,4,118031454715,2502412,0
118.039,4,118036836133,2502412,0
118.047,4,118044516151,2502412,0
118.047,4,118047054563,73000,1
118.05,4,118047127563,2502412,0
118.052,4,118049665975,2502412,0
118.052,4,118052204387,73000,1
118.06,4,118057416993,2502412,0
118.065,4,118065097011,73000,1
118.07,4,118067761017,2502412,0
118.076,4,118073151435,2502412,0
118.081,4,118078220447,2502412,0
118.091,4,118088439471,2502412,0
118.099,4,118096083489,2502412,0
118.106,4,118103727507,2502412,0
118.114,4,118111407525,2502412,0
118.116,4,118113936937,2502412,0
118.124,4,118124119961,73000,1
118.127,4,118124244961,2502412,0
118.132,4,118129340973,2502412,0
118.132,4,118131870385,73000,1
118.15,4,118147614421,2502412,0
118.153,4,118150152833,2502412,0
118.165,4,118162856863,2502412,0
118.168,4,118165431275,2502412,0
118.176,4,118175936299,73000,1
118.181,4,118181193311,73000,1
118.204,4,118204295365,73000,1
118.235,4,118232475431,2502412,0
118.238,4,118235004843,2502412,0
118.251,4,118248012279,2502412,0
118.253,4,118250586691,2502412,0
118.266,4,118263308721,2502412,0
118.268,4,118265838133,2502412,0
118.271,4,118268376545,2502412,0
118.273,4,118270950957,2502412,0
118.281,4,118278880381,2502412,0
118.289,4,118286497399,2502412,0
118.292,4,118289080811,2502412,0
118.294,4,118291628223,2502412,0
118.302,4,118299272241,2502412,0
118.309,4,118306898259,2502412,0
118.312,4,118309481671,2502412,0
118.32,4,118317098689,2502412,0
118.327,4,118324778707,2502412,0
118.33,4,118327317119,2502412,0
118.33,4,118329855531,73000,1
118.338,4,118337670143,73000,1
118.34,4,118340307149,73000,1
118.374,4,118373940633,73000,1
118.544,4,118541011429,2502412,0
118.546,4,118546080441,73000,1
118.559,4,118556718871,2502412,0
118.562,4,118559266283,2502412,0
118.575,4,118572015313,2502412,0
118.577,4,118574553725,2502412,0
118.588,4,118585031749,2502412,0
118.595,4,118592711767,2502412,0
118.603,4,118600328785,2502412,0
118.613,4,118610556809,2502412,0
118.618,4,118618236827,73000,1
118.626,4,118623421839,2502412,0
118.634,4,118631065857,2502412,0
118.639,4,118638709875,73000,1
118.644,4,118641382881,2502412,0
118.652,4,118651905311,73000,1
118.662,4,118659665329,2502412,0
118.675,4,118672369359,2502412,0
118.677,4,118674952771,2502412,0
118.683,4,118680012783,2502412,0
118.693,4,118690517213,2502412,0
118.696,4,118693055625,2502412,0
118.698,4,118695603037,2502412,0
118.711,4,118708316067,2502412,0
118.714,4,118713493079,73000,1
118.726,4,118726358109,73000,1
118.762,4,118759991593,2502412,0
118.773,4,118770174617,2502412,0
118.785,4,118782905647,2502412,0
118.788,4,118785775059,2502412,0
118.791,4,118788313471,2502412,0
118.791,4,118790842883,73000,1
118.801,4,118798567495,2502412,0
118.806,4,118806274513,73000,1
118.811,4,118808902519,2502412,0
118.814,4,118814025531,73000,1
118.822,4,118819192543,2502412,0
118.834,4,118831941573,2502412,0
118.842,4,118842169597,73000,1
118.847,4,118844851603,2502412,0
118.847,4,118847381015,73000,1
118.858,4,118855445033,2502412,0
118.871,4,118868194063,2502412,0
118.881,4,118878368087,2502412,0
118.889,4,118888909111,73000,1
118.892,4,118888998111,2502412,0
118.894,4,118894121123,73000,1
118.912,4,118909534159,2502412,0
118.925,4,118922265189,2502412,0
118.925,4,118924848601,73000,1
118.935,4,118932618213,2502412,0
118.943,4,118942783237,73000,1
118.961,4,118961092685,73000,1
118.966,4,118966313697,73000,1
119.043,4,119040831123,2502412,0
119.051,4,119048457141,2502412,0
119.064,4,119061518577,2502412,0
119.072,4,119069180595,2502412,0
119.079,4,119076824613,2502412,0
119.079,4,119079354025,73000,1
119.084,4,119081982625,2502412,0
119.085,4,119084557037,73000,1
119.095,4,119092612649,2502412,0
119.103,4,119102822673,73000,1
119.111,4,119110600691,73000,1
119.144,4,119141337763,2502412,0
119.146,4,119143894175,2502412,0
119.154,4,119154059199,73000,1
119.167,4,119164733629,2502412,0
119.18,4,119177437659,2502412,0
119.185,4,119182569671,2502412,0
119.193,4,119192788695,73000,1
119.195,4,119192868695,2502412,0
119.201,4,119198259113,2502412,0
119.203,4,119200788525,2502412,0
119.206,4,119205857537,73000,1
119.221,4,119218794567,2502412,0
119.226,4,119223854579,2502412,0
119.234,4,119234082603,73000,1
119.244,4,119244408627,73000,1
119.275,4,119272901099,2502412,0
119.283,4,119280527117,2502412,0
119.291,4,119288189135,2502412,0
119.298,4,119295797153,2502412,0
119.301,4,119298675565,2502412,0
119.309,4,119306292583,2502412,0
119.316,4,119313990601,2502412,0
119.322,4,119319068613,2502412,0
119.327,4,119326703631,73000,1
119.34,4,119337074655,2502412,0
119.352,4,119349787685,2502412,0
119.355,4,119352317097,2502412,0
119.36,4,119357422109,2502412,0
119.365,4,119362482121,2502412,0
119.368,4,119367872539,73000,1
119.373,4,119370563545,2502412,0
119.383,4,119380791569,2502412,0
119.388,4,119385869581,2502412,0
119.399,4,119396043605,2502412,0
119.404,4,119401470617,2502412,0
119.414,4,119411671641,2502412,0
119.417,4,119414228053,2502412,0
119.424,4,119421863071,2502412,0
119.432,4,119429543089,2502412,0
119.445,4,119442274119,2502412,0
119.447,4,119444803531,2502412,0
119.453,4,119452465549,73000,1
119.463,4,119460252567,2502412,0
119.473,4,119470747997,2502412,0
119.478,4,119478392015,73000,1
119.491,4,119488745039,2502412,0
119.504,4,119501807069,2502412,0
119.51,4,119509442087,73000,1
119.515,4,119512052093,2502412,0
119.517,4,119514599505,2502412,0
119.53,4,119527339535,2502412,0
119.535,4,119535037553,73000,1
119.553,4,119550477589,2502412,0
119.566,4,119563208619,2502412,0
119.576,4,119573722049,2502412,0
119.576,4,119576269461,73000,1
119.592,4,119589153085,2502412,0
119.604,4,119601884115,2502412,0
119.607,4,119604744527,2502412,0
119.607,4,119607273939,73000,1
119.618,4,119615016551,2502412,0
119.625,4,119622669569,2502412,0
119.625,4,119625234981,73000,1
119.646,4,119643214617,2502412,0
119.648,4,119645762029,2502412,0
119.648,4,119648291441,73000,1
119.654,4,119653468047,73000,1
119.685,4,119684598525,73000,1
119.746,4,119743730663,2502412,0
119.754,4,119751365681,2502412,0
119.754,4,119753904093,73000,1
119.754,4,119753984687,73000,1
119.769,4,119766894717,2502412,0
119.777,4,119777417147,73000,1
119.783,4,119780063153,2502412,0
119.793,4,119790246177,2502412,0
119.798,4,119797890195,73000,1
119.814,4,119811095225,2502412,0
119.821,4,119818712243,2502412,0
119.824,4,119823826255,73000,1
119.829,4,119826472261,2502412,0
119.837,4,119836691285,73000,1
119.847,4,119844460303,2502412,0
119.855,4,119852068321,2502412,0
119.862,4,119862296345,73000,1
119.878,4,119875170375,2502412,0
119.891,4,119888204811,2502412,0
119.896,4,119893318823,2502412,0
119.896,4,119895857235,73000,1
119.914,4,119911619865,2502412,0
119.927,4,119924359895,2502412,0
119.927,4,119926916307,73000,1
119.937,4,119934631919,2502412,0
119.937,4,119937215331,73000,1
119.947,4,119944939943,2502412,0
119.95,4,119947487355,2502412,0
119.953,4,119950016767,2502412,0
119.965,4,119962747797,2502412,0
119.968,4,119965277209,2502412,0
119.97,4,119967842621,2502412,0
119.973,4,119970372033,2502412,0
119.978,4,119978007051,73000,1
119.984,4,119981037463,2502412,0
119.986,4,119983566875,2502412,0
119.999,4,119996279905,2502412,0
119.999,4,119998872317,73000,1
120.009,4,120006578929,2502412,0
120.014,4,120011710941,2502412,0
120.02,4,120017092359,2502412,0
120.03,4,120027293383,2502412,0
120.04,4,120037512407,2502412,0
120.045,4,120042590419,2502412,0
120.055,4,120052764443,2502412,0
120.058,4,120055320855,2502412,0
120.06,4,120057859267,2502412,0
120.073,4,120070581297,2502412,0
120.076,4,120073191709,2502412,0
120.089,4,120086244145,2502412,0
120.096,4,120093897163,2502412,0
120.107,4,120104116187,2502412,0
120.112,4,120111751205,73000,1
120.115,4,120114442211,73000,1
120.133,4,120130177247,2502412,0
120.145,4,120142881277,2502412,0
120.148,4,120145437689,2502412,0
120.156,4,120155620713,73000,1
120.158,4,120155693713,2502412,0
120.161,4,120158223125,2502412,0
120.161,4,120160824537,73000,1
120.171,4,120168603149,2502412,0
120.174,4,120171132561,2502412,0
120.179,4,120178758579,73000,1
120.184,4,120181368585,2502412,0
120.186,4,120183915997,2502412,0
120.192,4,120189343009,2502412,0
120.202,4,120199553033,2502412,0
120.207,4,120204667045,2502412,0
120.207,4,120207196457,73000,1
120.225,4,120222959087,2502412,0
120.233,4,120230576105,2502412,0
120.241,4,120238220123,2502412,0
120.253,4,120250960153,2502412,0
120.259,4,120256092165,2502412,0
120.266,4,120263700183,2502412,0
120.271,4,120268778195,2502412,0
120.279,4,120276458213,2502412,0
120.284,4,120281518225,2502412,0
120.292,4,120289510649,2502412,0
120.302,4,120299720673,2502412,0
120.307,4,120304807685,2502412,0
120.313,4,120312451703,73000,1
120.315,4,120312558703,2502412,0
120.326,4,120323072727,2502412,0
120.331,4,120328132739,2502412,0
120.331,4,120330725151,73000,1
120.351,4,120348722787,2502412,0
120.364,4,120361453817,2502412,0
120.372,4,120369106835,2502412,0
120.379,4,120376741853,2502412,0
120.379,4,120379298265,73000,1
120.395,4,120395042301,73000,1
120.395,4,120395167301,73000,1
120.416,4,120413137343,2502412,0
120.421,4,120420763361,73000,1
120.426,4,120423749367,2502412,0
120.434,4,120431366385,2502412,0
120.442,4,120439019403,2502412,0
120.447,4,120444097415,2502412,0
120.449,4,120449193427,73000,1
120.454,4,120451857433,2502412,0
120.462,4,120459501451,2502412,0
120.47,4,120467163469,2502412,0
120.47,4,120469692881,73000,1
120.48,4,120477417493,2502412,0
120.482,4,120479955905,2502412,0
120.485,4,120482521317,2502412,0
120.498,4,120495528753,2502412,0
120.501,4,120498076165,2502412,0
120.503,4,120500668577,2502412,0
120.516,4,120513381607,2502412,0
120.518,4,120515920019,2502412,0
120.527,4,120526461043,73000,1
120.537,4,120534248061,2502412,0
120.542,4,120539308073,2502412,0
120.544,4,120541873485,2502412,0
120.552,4,120549490503,2502412,0
120.56,4,120557134521,2502412,0
120.57,4,120567362545,2502412,0
120.575,4,120572449557,2502412,0
120.583,4,120582668581,73000,1
120.596,4,120595891017,73000,1
120.627,4,120624080083,2502412,0
120.64,4,120637133113,2502412,0
120.647,4,120647352137,73000,1
120.665,4,120665349179,73000,1
120.686,4,120683310221,2502412,0
120.699,4,120696059251,2502412,0
120.701,4,120698911257,2502412,0
120.714,4,120711615287,2502412,0
120.722,4,120719295305,2502412,0
120.732,4,120729505329,2502412,0
120.743,4,120740009759,2502412,0
120.748,4,120745114771,2502412,0
120.758,4,120755324795,2502412,0
120.758,4,120757863207,73000,1
120.773,4,120770737831,2502412,0
120.786,4,120783477861,2502412,0
120.794,4,120791148879,2502412,0
120.799,4,120796217891,2502412,0
120.807,4,120804156315,2502412,0
120.807,4,120806685727,73000,1
120.822,4,120819623351,2502412,0
120.832,4,120829788375,2502412,0
120.843,4,120840302399,2502412,0
120.848,4,120845371411,2502412,0
120.856,4,120853033429,2502412,0
120.861,4,120858111441,2502412,0
120.861,4,120860649853,73000,1
120.868,4,120865871459,2502412,0
120.876,4,120873524477,2502412,0
120.884,4,120881177495,2502412,0
120.891,4,120888857513,2502412,0
120.904,4,120901597543,2502412,0
120.91,4,120907006555,2502412,0
120.92,4,120917162579,2502412,0
120.927,4,120924851597,2502412,0
120.932,4,120929920609,2502412,0
120.938,4,120937920009,73000,1
120.948,4,120945716027,2502412,0
120.958,4,120955917051,2502412,0
120.971,4,120968648081,2502412,0
120.974,4,120973771093,73000,1
120.981,4,120978992105,2502412,0
120.994,4,120991741135,2502412,0
121.002,4,120999358153,2502412,0
121.007,4,121007350577,73000,1
121.012,4,121009978583,2502412,0
121.018,4,121015056595,2502412,0
121.028,4,121025248619,2502412,0
121.038,4,121035476643,2502412,0
121.043,4,121040876061,2502412,0
121.051,4,121048493079,2502412,0
121.059,4,121056182097,2502412,0
121.071,4,121068931127,2502412,0
121.079,4,121076575145,2502412,0
121.087,4,121084228163,2502412,0
121.094,4,121091854181,2502412,0
121.099,4,121096968193,2502412,0
121.105,4,121102037205,2502412,0
121.108,4,121107436623,73000,1
121.113,4,121110127629,2502412,0
121.115,4,121112657041,2502412,0
121.125,4,121122831065,2502412,0
121.131,4,121130529083,73000,1
121.146,4,121143716113,2502412,0
121.149,4,121146245525,2502412,0
121.156,4,121156419549,73000,1
121.162,4,121159110555,2502412,0
121.167,4,121164179567,2502412,0
121.174,4,121171787585,2502412,0
121.182,4,121179476603,2502412,0
121.187,4,121184545615,2502412,0
121.192,4,121189632627,2502412,0
121.195,4,121194746639,73000,1
121.197,4,121194835639,2502412,0
121.202,4,121199913651,2502412,0
121.213,4,121210454081,2502412,0
121.215,4,121212992493,2502412,0
121.223,4,121220609511,2502412,0
121.231,4,121228298529,2502412,0
121.236,4,121233367541,2502412,0
121.241,4,121238463553,2502412,0
121.246,4,121243863565,2502412,0
121.251,4,121248950577,2502412,0
121.259,4,121256612595,2502412,0
121.267,4,121266840619,73000,1
121.28,4,121277148643,2502412,0
121.282,4,121279696055,2502412,0
121.295,4,121292445085,2502412,0
121.3,4,121297550097,2502412,0
121.31,4,121307733121,2502412,0
121.316,4,121313159539,2502412,0
121.326,4,121323333563,2502412,0
121.326,4,121325907975,73000,1
121.346,4,121343896611,2502412,0
121.359,4,121356931047,2502412,0
121.362,4,121359496459,2502412,0
121.375,4,121372200489,2502412,0
121.375,4,121374810901,73000,1
121.39,4,121390224531,73000,1
121.408,4,121405646567,2502412,0
121.411,4,121408175979,2502412,0
121.413,4,121413244991,73000,1
121.427,4,121426485427,73000,1
121.465,4,121462624039,2502412,0
121.473,4,121472834063,73000,1
121.475,4,121472907063,2502412,0
121.478,4,121478048075,73000,1
121.478,4,121478137075,73000,1
121.493,4,121490993105,2502412,0
121.496,4,121493522517,2502412,0
121.499,4,121496069929,2502412,0
121.511,4,121508773959,2502412,0
121.514,4,121511375371,2502412,0
121.519,4,121519322795,73000,1
121.525,4,121522013801,2502412,0
121.535,4,121532169825,2502412,0
121.535,4,121534699237,73000,1
121.543,4,121542495849,73000,1
121.581,4,121578677933,2502412,0
121.586,4,121583737945,2502412,0
121.596,4,121593929969,2502412,0
121.604,4,121601591987,2502412,0
121.609,4,121606687999,2502412,0
121.619,4,121616853023,2502412,0
121.622,4,121619750029,2502412,0
121.63,4,121627385047,2502412,0
121.63,4,121629914459,73000,1
121.638,4,121637729071,73000,1
121.674,4,121671309149,2502412,0
121.676,4,121673838561,2502412,0
121.679,4,121678952573,73000,1
121.687,4,121684164585,2502412,0
121.699,4,121696886615,2502412,0
121.707,4,121704557633,2502412,0
121.712,4,121709626645,2502412,0
121.717,4,121714722657,2502412,0
121.717,4,121717279069,73000,1
121.728,4,121727954093,73000,1
121.736,4,121735714111,73000,1
121.792,4,121792334243,73000,1
121.962,4,121959733649,2502412,0
121.962,4,121962272061,73000,1
121.97,4,121967466667,2502412,0
121.98,4,121977667691,2502412,0
121.985,4,121982754703,2502412,0
121.99,4,121987841715,2502412,0
121.998,4,121995458733,2502412,0
122.003,4,122000581745,2502412,0
122.003,4,122003120157,73000,1
122.021,4,122018596787,2502412,0
122.021,4,122021126199,73000,1
122.032,4,122029172217,2502412,0
122.039,4,122039373241,73000,1
122.055,4,122054831277,73000,1
122.06,4,122057450283,2502412,0
122.068,4,122067964307,73000,1
122.071,4,122068037307,2502412,0
122.076,4,122073160319,2502412,0
122.086,4,122083334343,2502412,0
122.091,4,122088466355,2502412,0
122.101,4,122098640379,2502412,0
122.109,4,122108859403,73000,1
122.122,4,122121769433,73000,1
122.153,4,122150270905,2502412,0
122.16,4,122157878923,2502412,0
122.165,4,122162956935,2502412,0
122.174,4,122173497365,73000,1
122.176,4,122173577365,2502412,0
122.179,4,122178709377,73000,1
122.184,4,122183939389,73000,1
122.204,4,122201891431,2502412,0
122.212,4,122209517449,2502412,0
122.22,4,122217170467,2502412,0
122.227,4,122224823485,2502412,0
122.235,4,122232422503,2502412,0
122.235,4,122235328509,73000,1
122.256,4,122253298551,2502412,0
122.258,4,122258412563,73000,1
122.264,4,122261031569,2502412,0
122.274,4,122271554593,2502412,0
122.279,4,122276632605,2502412,0
122.284,4,122281728617,2502412,0
122.284,4,122284276029,73000,1
122.305,4,122302264665,2502412,0
122.317,4,122314995695,2502412,0
122.32,4,122317570107,2502412,0
122.333,4,122330292137,2502412,0
122.335,4,122332839549,2502412,0
122.336,4,122335725003,73000,1
122.356,4,122353722045,2502412,0
122.364,4,122361348063,2502412,0
122.372,4,122369278081,2502412,0
122.377,4,122374392093,2502412,0
122.387,4,122384620117,2502412,0
122.395,4,122392246135,2502412,0
122.402,4,122399854153,2502412,0
122.41,4,122407543171,2502412,0
122.418,4,122415178189,2502412,0
122.418,4,122417743601,73000,1
122.436,4,122433166231,2502412,0
122.441,4,122438538649,2502412,0
122.444,4,122441104061,2502412,0
122.449,4,122448730079,73000,1
122.454,4,122451358085,2502412,0
122.456,4,122453923497,2502412,0
122.464,4,122461567515,2502412,0
122.467,4,122464096927,2502412,0
122.467,4,122466626339,73000,1
122.469,4,122469326939,73000,1
122.503,4,122502970017,73000,1
122.508,4,122505625023,2502412,0
122.521,4,122518320053,2502412,0
122.526,4,122523452065,2502412,0
122.526,4,122525981477,73000,1
122.539,4,122536317095,2502412,0
122.539,4,122538846507,73000,1
122.542,4,122541823513,73000,1
122.573,4,122570012579,2502412,0
122.586,4,122583074609,2502412,0
122.593,4,122590709627,2502412,0
122.601,4,122598353645,2502412,0
122.614,4,122611102675,2502412,0
122.616,4,122613650087,2502412,0
122.624,4,122623842111,73000,1
122.637,4,122634213135,2502412,0
122.65,4,122647220571,2502412,0
122.655,4,122654909589,73000,1
122.663,4,122662687607,73000,1
122.686,4,122686102661,73000,1
122.704,4,122704081703,73000,1
122.843,4,122840173427,2502412,0
122.851,4,122850695857,73000,1
122.861,4,122858464875,2502412,0
122.861,4,122860994287,73000,1
122.874,4,122871311905,2502412,0
122.881,4,122878910923,2502412,0
122.889,4,122886903347,2502412,0
122.89,4,122889432759,73000,1
122.9,4,122897202371,2502412,0
122.912,4,122909951401,2502412,0
122.913,4,122912507813,73000,1
122.918,4,122915163413,2502412,0
122.93,4,122927885443,2502412,0
122.943,4,122940634473,2502412,0
122.943,4,122943226885,73000,1
122.948,4,122948403491,73000,1
122.988,4,122987463987,73000,1
123.041,4,123038648107,2502412,0
123.054,4,123051379137,2502412,0
123.062,4,123059363155,2502412,0
123.075,4,123072112185,2502412,0
123.085,4,123082322209,2502412,0
123.093,4,123090270227,2502412,0
123.095,4,123095384239,73000,1
123.108,4,123105719263,2502412,0
123.118,4,123115911287,2502412,0
123.131,4,123128624317,2502412,0
123.134,4,123133765329,73000,1
123.141,4,123138941341,2502412,0
123.147,4,123144046353,2502412,0
123.157,4,123154265377,2502412,0
123.165,4,123162204395,2502412,0
123.172,4,123169848413,2502412,0
123.172,4,123172404825,73000,1
123.185,4,123182731443,2502412,0
123.196,4,123193223015,2502412,0
123.196,4,123195779427,73000,1
123.206,4,123203504039,2502412,0
123.209,4,123206051451,2502412,0
123.209,4,123208616863,73000,1
123.224,4,123224048493,73000,1
123.258,4,123257690977,73000,1
123.281,4,123278200025,2502412,0
123.286,4,123285862043,73000,1
123.307,4,123304127085,2502412,0
123.309,4,123306674497,2502412,0
123.312,4,123309203909,2502412,0
123.317,4,123314263921,2502412,0
123.322,4,123321889939,73000,1
123.33,4,123327173951,2502412,0
123.337,4,123337374975,73000,1
123.35,4,123347691999,2502412,0
123.36,4,123357875023,2502412,0
123.368,4,123368416047,73000,1
123.379,4,123376158065,2502412,0
123.384,4,123383811083,73000,1
123.389,4,123386466089,2502412,0
123.402,4,123399528119,2502412,0
123.41,4,123409720143,73000,1
123.43,4,123427708185,2502412,0
123.435,4,123432768197,2502412,0
123.438,4,123437891209,73000,1
123.451,4,123448226233,2502412,0
123.456,4,123455879251,73000,1
123.474,4,123471595693,2502412,0
123.479,4,123476691705,2502412,0
123.489,4,123486874729,2502412,0
123.494,4,123491952741,2502412,0
123.497,4,123494518153,2502412,0
123.51,4,123507579589,2502412,0
123.515,4,123512684601,2502412,0
123.525,4,123522858625,2502412,0
123.533,4,123530538643,2502412,0
123.541,4,123538173661,2502412,0
123.543,4,123540703073,2502412,0
123.556,4,123553443103,2502412,0
123.558,4,123555972515,2502412,0
123.561,4,123558528927,2502412,0
123.574,4,123571590363,2502412,0
123.584,4,123581818387,2502412,0
123.595,4,123592028411,2502412,0
123.595,4,123594566823,73000,1
123.597,4,123594656417,2502412,0
123.603,4,123600047429,2502412,0
123.61,4,123610275453,73000,1
123.621,4,123620637477,73000,1
123.662,4,123659045567,2502412,0
123.669,4,123666974991,2502412,0
123.675,4,123672035003,2502412,0
123.682,4,123679706021,2502412,0
123.687,4,123684793033,2502412,0
123.698,4,123695012057,2502412,0
123.708,4,123705544081,2502412,0
123.721,4,123718293111,2502412,0
123.721,4,123720849523,73000,1
123.731,4,123728565135,2502412,0
123.731,4,123731148547,73000,1
123.747,4,123744005171,2502412,0
123.747,4,123746543583,73000,1
123.752,4,123749190183,2502412,0
123.764,4,123761930213,2502412,0
123.767,4,123764459625,2502412,0
123.77,4,123769886043,73000,1
123.778,4,123775071055,2502412,0
123.783,4,123780194067,2502412,0
123.793,4,123790377091,2502412,0
123.798,4,123795473103,2502412,0
123.809,4,123806005127,2502412,0
123.814,4,123811092139,2502412,0
123.819,4,123818718157,73000,1
123.821,4,123818798157,2502412,0
123.824,4,123821354569,2502412,0
123.827,4,123826468581,73000,1
123.834,4,123831635593,2502412,0
123.834,4,123834237005,73000,1
123.839,4,123839413611,73000,1
123.878,4,123875613101,2502412,0
123.891,4,123888353131,2502412,0
123.893,4,123890882543,2502412,0
123.904,4,123901083567,2502412,0
123.904,4,123903612979,73000,1
123.912,4,123909138585,2502412,0
123.919,4,123916791603,2502412,0
123.919,4,123919330015,73000,1
123.925,4,123922003615,2502412,0
123.937,4,123934725645,2502412,0
123.94,4,123937264057,2502412,0
123.945,4,123942360069,2502412,0
123.955,4,123952588093,2502412,0
123.96,4,123957675105,2502412,0
123.965,4,123965301123,73000,1
123.978,4,123975939553,2502412,0
123.979,4,123978513965,73000,1
123.989,4,123986229577,2502412,0
123.994,4,123991343589,2502412,0
124.004,4,124001544613,2502412,0
124.012,4,124009510631,2502412,0
124.017,4,124017181649,73000,1
124.02,4,124017261649,2502412,0
124.025,4,124022330661,2502412,0
124.027,4,124024869073,2502412,0
124.03,4,124029938085,73000,1
124.038,4,124035195097,2502412,0
124.04,4,124037724509,2502412,0
124.045,4,124042784521,2502412,0
124.05,4,124047844533,2502412,0
124.053,4,124050409945,2502412,0
124.058,4,124055469957,2502412,0
124.061,4,124060592969,73000,1
124.066,4,124063247975,2502412,0
124.071,4,124068388987,2502412,0
124.081,4,124078902417,2502412,0
124.094,4,124091642447,2502412,0
124.099,4,124099313465,73000,1
124.11,4,124107073483,2502412,0
124.118,4,124115020907,2502412,0
124.12,4,124117550319,2502412,0
124.13,4,124127733343,2502412,0
124.136,4,124135431361,73000,1
124.143,4,124140616373,2502412,0
124.148,4,124145712385,2502412,0
124.151,4,124148241797,2502412,0
124.151,4,124150771209,73000,1
124.164,4,124163672833,73000,1
124.19,4,124189644299,73000,1
124.195,4,124192272305,2502412,0
124.205,4,124202455329,2502412,0
124.21,4,124207560341,2502412,0
124.213,4,124210098753,2502412,0
124.213,4,124212941165,73000,1
124.226,4,124225851195,73000,1
124.251,4,124248917249,2502412,0
124.259,4,124259109273,73000,1
124.277,4,124274558309,2502412,0
124.288,4,124285053739,2502412,0
124.293,4,124292697757,73000,1
124.308,4,124308155793,73000,1
124.316,4,124313358805,2502412,0
124.329,4,124326402241,2502412,0
124.331,4,124328949653,2502412,0
124.344,4,124341680683,2502412,0
124.349,4,124346794695,2502412,0
124.357,4,124354438713,2502412,0
124.365,4,124362082731,2502412,0
124.367,4,124364612143,2502412,0
124.38,4,124377361173,2502412,0
124.388,4,124385344597,2502412,0
124.396,4,124392997615,2502412,0
124.403,4,124400623633,2502412,0
124.413,4,124410833657,2502412,0
124.418,4,124415938669,2502412,0
124.426,4,124423886093,2502412,0
124.434,4,124431512111,2502412,0
124.442,4,124439201129,2502412,0
124.444,4,124444270141,73000,1
124.462,4,124459728177,2502412,0
124.47,4,124467363195,2502412,0
124.48,4,124477555219,2502412,0
124.483,4,124482687231,73000,1
124.501,4,124498403673,2502412,0
124.511,4,124508604697,2502412,0
124.519,4,124516248715,2502412,0
124.521,4,124518787127,2502412,0
124.534,4,124531848563,2502412,0
124.547,4,124544597593,2502412,0
124.56,4,124557346623,2502412,0
124.568,4,124565026641,2502412,0
124.575,4,124572679659,2502412,0
124.58,4,124577757671,2502412,0
124.583,4,124582853683,73000,1
124.599,4,124596031119,2502412,0
124.611,4,124608780149,2502412,0
124.614,4,124611336561,2502412,0
124.621,4,124618962579,2502412,0
124.629,4,124626919003,2502412,0
124.632,4,124629484415,2502412,0
124.642,4,124639658439,2502412,0
124.647,4,124644781451,2502412,0
124.655,4,124654982475,73000,1
124.66,4,124657664481,2502412,0
124.663,4,124662742493,73000,1
124.668,4,124665352499,2502412,0
124.673,4,124670466511,2502412,0
124.683,4,124680658535,2502412,0
124.686,4,124683205947,2502412,0
124.691,4,124688283959,2502412,0
124.701,4,124698806983,2502412,0
124.714,4,124711556013,2502412,0
124.717,4,124714112425,2502412,0
124.73,4,124727174455,2502412,0
124.732,4,124729712867,2502412,0
124.745,4,124742452897,2502412,0
124.748,4,124745045309,2502412,0
124.76,4,124757749339,2502412,0
124.768,4,124765438357,2502412,0
124.776,4,124775657381,73000,1
124.783,4,124780833393,2502412,0
124.786,4,124783389805,2502412,0
124.799,4,124796451241,2502412,0
124.802,4,124799007653,2502412,0
124.812,4,124809163677,2502412,0
124.817,4,124814304689,2502412,0
124.83,4,124827339719,2502412,0
124.84,4,124837549743,2502412,0
124.845,4,124842636755,2502412,0
124.858,4,124855385785,2502412,0
124.868,4,124865604809,2502412,0
124.873,4,124870664821,2502412,0
124.876,4,124873248233,2502412,0
124.888,4,124885988263,2502412,0
124.891,4,124888535675,2502412,0
124.899,4,124896483099,2502412,0
124.909,4,124906711123,2502412,0
124.919,4,124916903147,2502412,0
124.925,4,124922017159,2502412,0
124.93,4,124929947177,73000,1
124.933,4,124930054177,2502412,0
124.938,4,124935141189,2502412,0
124.948,4,124945324213,2502412,0
124.956,4,124953004231,2502412,0
124.956,4,124955542643,73000,1
124.961,4,124958162243,2502412,0
124.963,4,124960718655,2502412,0
124.971,4,124970919679,73000,1
124.974,4,124971026679,2502412,0
124.984,4,124981227703,2502412,0
124.989,4,124986323715,2502412,0
124.994,4,124991410727,2502412,0
125.002,4,124999349151,2502412,0
125.01,4,125007038169,2502412,0
125.017,4,125014664187,2502412,0
125.027,4,125024883211,2502412,0
125.03,4,125027412623,2502412,0
125.035,4,125032794635,2502412,0
125.043,4,125040447653,2502412,0
125.048,4,125045516665,2502412,0
125.051,4,125048073077,2502412,0
125.053,4,125053169089,73000,1
125.053,4,125053294089,73000,1
125.071,4,125068734125,2502412,0
125.076,4,125073839137,2502412,0
125.086,4,125083995161,2502412,0
125.092,4,125089127173,2502412,0
125.105,4,125102179609,2502412,0
125.107,4,125104736021,2502412,0
125.12,4,125117485051,2502412,0
125.125,4,125122590063,2502412,0
125.13,4,125130207081,73000,1
125.135,4,125132898087,2502412,0
125.148,4,125145950523,2502412,0
125.151,4,125151055535,73000,1
125.169,4,125166486571,2502412,0
125.174,4,125174112589,73000,1
125.195,4,125192100631,2502412,0
125.202,4,125199744649,2502412,0
125.21,4,125207674073,2502412,0
125.218,4,125215345091,2502412,0
125.223,4,125220423103,2502412,0
125.233,4,125230651127,2502412,0
125.238,4,125235720139,2502412,0
125.239,4,125238589551,73000,1
125.246,4,125243792563,2502412,0
125.256,4,125253984587,2502412,0
125.262,4,125261664605,73000,1
125.264,4,125261737605,2502412,0
125.269,4,125266797617,2502412,0
125.272,4,125269336029,2502412,0
125.282,4,125279555053,2502412,0
125.285,4,125284705065,73000,1
125.305,4,125302675107,2502412,0
125.318,4,125315710137,2502412,0
125.331,4,125328459167,2502412,0
125.331,4,125331051579,73000,1
125.336,4,125336228185,73000,1
125.367,4,125367341257,73000,1
125.419,4,125418837783,73000,1
125.527,4,125524272435,2502412,0
125.537,4,125534464459,2502412,0
125.537,4,125537002871,73000,1
125.542,4,125542233477,73000,1
125.553,4,125550315495,2502412,0
125.558,4,125557932513,73000,1
125.576,4,125573372549,2502412,0
125.589,4,125586112579,2502412,0
125.594,4,125593792597,73000,1
125.614,4,125611744639,2502412,0
125.62,4,125619719657,73000,1
125.64,4,125637698699,2502412,0
125.651,4,125648203723,2502412,0
125.661,4,125658422747,2502412,0
125.666,4,125663509759,2502412,0
125.674,4,125673728783,73000,1
125.684,4,125681452801,2502412,0
125.692,4,125689114819,2502412,0
125.699,4,125696731837,2502412,0
125.702,4,125699288249,2502412,0
125.71,4,125709480273,73000,1
125.712,4,125709587273,2502412,0
125.72,4,125720109703,73000,1
125.728,4,125725330715,2502412,0
125.736,4,125735540739,73000,1
125.746,4,125745866763,73000,1
125.785,4,125782039847,2502412,0
125.792,4,125789647865,2502412,0
125.797,4,125794734877,2502412,0
125.807,4,125804935901,2502412,0
125.813,4,125810067913,2502412,0
125.826,4,125823102349,2502412,0
125.831,4,125830782367,73000,1
125.846,4,125843647397,2502412,0
125.854,4,125854152421,73000,1
125.862,4,125861930439,73000,1
125.88,4,125879909481,73000,1
125.926,4,125926318995,73000,1
126.055,4,126052200695,2502412,0
126.057,4,126054730107,2502412,0
126.06,4,126057572519,2502412,0
126.068,4,126067746543,73000,1
126.083,4,126080683573,2502412,0
126.096,4,126093432603,2502412,0
126.106,4,126103624627,2502412,0
126.114,4,126111259645,2502412,0
126.119,4,126118939663,73000,1
126.13,4,126127003087,2502412,0
126.142,4,126139716117,2502412,0
126.147,4,126144839129,2502412,0
126.152,4,126149917141,2502412,0
126.16,4,126157829159,2502412,0
126.165,4,126162952171,2502412,0
126.168,4,126168075183,73000,1
126.176,4,126173305195,2502412,0
126.186,4,126183461219,2502412,0
126.189,4,126186008631,2502412,0
126.194,4,126191113643,2502412,0
126.204,4,126201296667,2502412,0
126.209,4,126208985685,73000,1
126.214,4,126211595691,2502412,0
126.222,4,126221823715,73000,1
126.227,4,126227375133,73000,1
126.245,4,126242797169,2502412,0
126.255,4,126252971193,2502412,0
126.261,4,126258058205,2502412,0
126.268,4,126265996629,2502412,0
126.274,4,126271110641,2502412,0
126.279,4,126278763659,73000,1
126.294,4,126294230695,73000,1
126.31,4,126309661731,73000,1
126.32,4,126317385749,2502412,0
126.325,4,126322481761,2502412,0
126.335,4,126332950191,2502412,0
126.343,4,126340639209,2502412,0
126.353,4,126350849233,2502412,0
126.364,4,126361032257,2502412,0
126.374,4,126371545687,2502412,0
126.382,4,126379207705,2502412,0
126.384,4,126381737117,2502412,0
126.394,4,126391920141,2502412,0
126.4,4,126397052153,2502412,0
126.41,4,126407235177,2502412,0
126.415,4,126412349189,2502412,0
126.422,4,126419957207,2502412,0
126.433,4,126430185231,2502412,0
126.441,4,126438124249,2502412,0
126.446,4,126443229261,2502412,0
126.456,4,126453448285,2502412,0
126.464,4,126461101303,2502412,0
126.464,4,126463630715,73000,1
126.474,4,126471722327,2502412,0
126.474,4,126474260739,73000,1
126.485,4,126482030351,2502412,0
126.487,4,126487099363,73000,1
126.505,4,126502539399,2502412,0
126.513,4,126510174417,2502412,0
126.52,4,126517809435,2502412,0
126.528,4,126525453453,2502412,0
126.528,4,126528018865,73000,1
126.549,4,126546301907,2502412,0
126.551,4,126551415919,73000,1
126.554,4,126554043925,73000,1
126.557,4,126554150925,2502412,0
126.564,4,126561785943,2502412,0
126.57,4,126569778961,73000,1
126.59,4,126587731003,2502412,0
126.593,4,126592845015,73000,1
126.593,4,126592934015,73000,1
126.611,4,126610931057,73000,1
126.647,4,126644537541,2502412,0
126.66,4,126657259571,2502412,0
126.662,4,126659833983,2502412,0
126.67,4,126670312007,73000,1
126.678,4,126675560019,2502412,0
126.686,4,126683177037,2502412,0
126.696,4,126693378061,2502412,0
126.701,4,126698447073,2502412,0
126.703,4,126700994485,2502412,0
126.711,4,126708629503,2502412,0
126.716,4,126713707515,2502412,0
126.721,4,126718839527,2502412,0
126.729,4,126726483545,2502412,0
126.734,4,126731570557,2502412,0
126.739,4,126736693569,2502412,0
126.752,4,126749737599,2502412,0
126.755,4,126752303011,2502412,0
126.768,4,126765034041,2502412,0
126.77,4,126770175053,73000,1
126.783,4,126780805077,2502412,0
126.791,4,126788422095,2502412,0
126.799,4,126796057113,2502412,0
126.806,4,126803692131,2502412,0
126.814,4,126811363149,2502412,0
126.821,4,126818989167,2502412,0
126.822,4,126821572579,73000,1
126.842,4,126839570215,2502412,0
126.847,4,126844952227,2502412,0
126.858,4,126855135251,2502412,0
126.863,4,126860258263,2502412,0
126.863,4,126862787675,73000,1
126.876,4,126873114293,2502412,0
126.876,4,126875965705,73000,1
126.881,4,126878575711,2502412,0
126.881,4,126881150123,73000,1
126.902,4,126899120759,2502412,0
126.907,4,126906782777,73000,1
126.912,4,126909428783,2502412,0
126.917,4,126917081801,73000,1
126.93,4,126927389825,2502412,0
126.938,4,126935042843,2502412,0
126.948,4,126945529273,2502412,0
126.956,4,126953200291,2502412,0
126.966,4,126963401315,2502412,0
126.971,4,126971045333,73000,1
126.987,4,126986816369,73000,1
127.02,4,127020137447,73000,1
127.103,4,127102604045,73000,1
127.151,4,127148968559,2502412,0
127.159,4,127159160583,73000,1
127.175,4,127172061613,2502412,0
127.188,4,127185123643,2502412,0
127.198,4,127195324667,2502412,0
127.205,4,127202950685,2502412,0
127.208,4,127205480097,2502412,0
127.221,4,127218229127,2502412,0
127.228,4,127225900145,2502412,0
127.241,4,127238640175,2502412,0
127.244,4,127241169587,2502412,0
127.251,4,127248822605,2502412,0
127.252,4,127251674611,73000,1
127.265,4,127262018635,2502412,0
127.27,4,127267078647,2502412,0
127.28,4,127277279671,2502412,0
127.283,4,127282429683,73000,1
127.293,4,127290466701,2502412,0
127.301,4,127300676725,73000,1
127.311,4,127311038749,73000,1
127.314,4,127313675755,73000,1
127.329,4,127326522785,2502412,0
127.332,4,127329052197,2502412,0
127.337,4,127334130209,2502412,0
127.347,4,127344358233,2502412,0
127.352,4,127352011251,73000,1
127.365,4,127362631681,2502412,0
127.375,4,127372823705,2502412,0
127.38,4,127377892717,2502412,0
127.391,4,127388415741,2502412,0
127.396,4,127396113759,73000,1
127.406,4,127403873777,2502412,0
127.414,4,127414047801,73000,1
127.424,4,127424409825,73000,1
127.458,4,127458016309,73000,1
127.525,4,127522262459,2502412,0
127.527,4,127524791871,2502412,0
127.53,4,127527321283,2502412,0
127.537,4,127534956301,2502412,0
127.543,4,127540016313,2502412,0
127.543,4,127542545725,73000,1
127.555,4,127552944343,2502412,0
127.568,4,127565987779,2502412,0
127.579,4,127576197803,2502412,0
127.584,4,127581320815,2502412,0
127.589,4,127586380827,2502412,0
127.594,4,127591771839,2502412,0
127.602,4,127599406857,2502412,0
127.61,4,127607095875,2502412,0
127.617,4,127614730893,2502412,0
127.62,4,127617278305,2502412,0
127.633,4,127630018335,2502412,0
127.64,4,127637698353,2502412,0
127.648,4,127645297371,2502412,0
127.651,4,127650438383,73000,1
127.658,4,127655668395,2502412,0
127.671,4,127668729831,2502412,0
127.679,4,127678912855,73000,1
127.697,4,127697222897,73000,1
127.713,4,127710105927,2502412,0
127.718,4,127715174939,2502412,0
127.725,4,127725393963,73000,1
127.728,4,127725473963,2502412,0
127.731,4,127728003375,2502412,0
127.733,4,127730532787,2502412,0
127.741,4,127738158805,2502412,0
127.743,4,127740697217,2502412,0
127.751,4,127748350235,2502412,0
127.759,4,127756030253,2502412,0
127.764,4,127761108265,2502412,0
127.774,4,127771595289,2502412,0
127.777,4,127774160701,2502412,0
127.782,4,127779247713,2502412,0
127.789,4,127786873731,2502412,0
127.789,4,127789403143,73000,1
127.8,4,127797521755,2502412,0
127.803,4,127802653767,73000,1
127.821,4,127818057803,2502412,0
127.828,4,127825710821,2502412,0
127.838,4,127835884845,2502412,0
127.846,4,127843555863,2502412,0
127.859,4,127856304893,2502412,0
127.859,4,127858861305,73000,1
127.864,4,127861498905,2502412,0
127.869,4,127866898323,2502412,0
127.874,4,127871967335,2502412,0
127.877,4,127877054347,73000,1
127.88,4,127877143347,2502412,0
127.882,4,127879690759,2502412,0
127.885,4,127882220171,2502412,0
127.887,4,127887325183,73000,1
127.906,4,127903105219,2502412,0
127.913,4,127910749237,2502412,0
127.926,4,127923498267,2502412,0
127.926,4,127926054679,73000,1
127.941,4,127938911303,2502412,0
127.947,4,127944016315,2502412,0
127.952,4,127949085327,2502412,0
127.954,4,127954154339,73000,1
127.967,4,127967100369,73000,1
127.996,4,127993044835,2502412,0
128.009,4,128006088865,2502412,0
128.019,4,128016280889,2502412,0
128.024,4,128021376901,2502412,0
128.034,4,128031577925,2502412,0
128.039,4,128036682937,2502412,0
128.039,4,128039230349,73000,1
128.055,4,128052113973,2502412,0
128.067,4,128064854003,2502412,0
128.075,4,128072801427,2502412,0
128.086,4,128083002451,2502412,0
128.091,4,128088116463,2502412,0
128.098,4,128095742481,2502412,0
128.103,4,128100802493,2502412,0
128.109,4,128106237911,2502412,0
128.119,4,128116438935,2502412,0
128.124,4,128121561947,2502412,0
128.127,4,128124091359,2502412,0
128.134,4,128134274383,73000,1
128.147,4,128144600407,2502412,0
128.15,4,128147129819,2502412,0
128.15,4,128149695231,73000,1
128.16,4,128157464843,2502412,0
128.16,4,128160012255,73000,1
128.181,4,128178313297,2502412,0
128.194,4,128191053327,2502412,0
128.199,4,128196131339,2502412,0
128.206,4,128203748357,2502412,0
128.212,4,128209165775,2502412,0
128.219,4,128219384799,73000,1
128.222,4,128222075805,73000,1
128.25,4,128250273871,73000,1
128.302,4,128299204391,2502412,0
128.307,4,128304273403,2502412,0
128.315,4,128312203421,2502412,0
128.32,4,128319901439,73000,1
128.322,4,128319974439,2502412,0
128.328,4,128325070451,2502412,0
128.335,4,128332705469,2502412,0
128.345,4,128342933493,2502412,0
128.348,4,128345462905,2502412,0
128.351,4,128350558917,73000,1
128.358,4,128355770929,2502412,0
128.368,4,128365980953,2502412,0
128.379,4,128376163977,2502412,0
128.387,4,128384147995,2502412,0
128.387,4,128386677407,73000,1
128.4,4,128397004025,2502412,0
128.412,4,128409753055,2502412,0
128.425,4,128422814491,2502412,0
128.428,4,128425343903,2502412,0
128.428,4,128427891315,73000,1
128.431,4,128430555915,73000,1
128.436,4,128433210921,2502412,0
128.436,4,128435749333,73000,1
128.441,4,128438395933,2502412,0
128.449,4,128446012951,2502412,0
128.456,4,128453692969,2502412,0
128.464,4,128463884993,73000,1
128.482,4,128482194441,73000,1
128.518,4,128515819519,2502412,0
128.528,4,128525984543,2502412,0
128.534,4,128531098555,2502412,0
128.544,4,128541254579,2502412,0
128.551,4,128548943597,2502412,0
128.559,4,128556578615,2502412,0
128.562,4,128559117027,2502412,0
128.567,4,128566779045,73000,1
128.585,4,128582549487,2502412,0
128.598,4,128595289517,2502412,0
128.611,4,128608038547,2502412,0
128.618,4,128615986565,2502412,0
128.626,4,128623648583,2502412,0
128.631,4,128628726595,2502412,0
128.639,4,128636370613,2502412,0
128.647,4,128644041631,2502412,0
128.654,4,128651649649,2502412,0
128.654,4,128654233061,73000,1
128.659,4,128656861661,2502412,0
128.662,4,128659400073,2502412,0
128.67,4,128667017091,2502412,0
128.675,4,128672131103,2502412,0
128.68,4,128677200115,2502412,0
128.688,4,128685165539,2502412,0
128.69,4,128687712951,2502412,0
128.698,4,128697931975,73000,1
128.708,4,128708311999,73000,1
128.75,4,128747024089,2502412,0
128.762,4,128759746119,2502412,0
128.762,4,128762320531,73000,1
128.78,4,128777725161,2502412,0
128.793,4,128790786597,2502412,0
128.796,4,128795909609,73000,1
128.809,4,128808783639,73000,1
128.819,4,128816525657,2502412,0
128.832,4,128829578687,2502412,0
128.837,4,128834665699,2502412,0
128.837,4,128837195111,73000,1
128.847,4,128844964723,2502412,0
128.858,4,128855183747,2502412,0
128.868,4,128865384771,2502412,0
128.873,4,128873028789,73000,1
128.876,4,128873144789,2502412,0
128.888,4,128885884819,2502412,0
128.891,4,128891311237,73000,1
128.899,4,128896496249,2502412,0
128.907,4,128906697273,73000,1
128.914,4,128911927285,2502412,0
128.922,4,128919544303,2502412,0
128.935,4,128932606333,2502412,0
128.938,4,128935180745,2502412,0
128.95,4,128947893775,2502412,0
128.958,4,128955564793,2502412,0
128.966,4,128963208811,2502412,0
128.966,4,128965765223,73000,1
128.971,4,128968402823,2502412,0
128.971,4,128970941235,73000,1
128.986,4,128983833859,2502412,0
128.992,4,128991790283,73000,1
129.005,4,129002098307,2502412,0
129.015,4,129012299331,2502412,0
129.022,4,129019916349,2502412,0
129.025,4,129022454761,2502412,0
129.028,4,129025297173,2502412,0
129.033,4,129030384185,2502412,0
129.043,4,129040558209,2502412,0
129.048,4,129045717221,2502412,0
129.058,4,129055882245,2502412,0
129.064,4,129063589263,73000,1
129.069,4,129066244269,2502412,0
129.081,4,129078975299,2502412,0
129.094,4,129091724329,2502412,0
129.097,4,129094594335,2502412,0
129.11,4,129107343365,2502412,0
129.115,4,129112448377,2502412,0
129.123,4,129122676401,73000,1
129.141,4,129140986443,73000,1
129.146,4,129143605449,2502412,0
129.149,4,129146134861,2502412,0
129.159,4,129156317885,2502412,0
129.164,4,129161422897,2502412,0
129.167,4,129166500909,73000,1
129.174,4,129174296927,73000,1
129.187,4,129184613951,2502412,0
129.2,4,129197666387,2502412,0
129.208,4,129205310405,2502412,0
129.218,4,129215520429,2502412,0
129.223,4,129220589441,2502412,0
129.226,4,129223136853,2502412,0
129.228,4,129228205865,73000,1
129.234,4,129231173871,2502412,0
129.244,4,129241383895,2502412,0
129.247,4,129246524907,73000,1
129.259,4,129259389937,73000,1
129.262,4,129259478937,2502412,0
129.267,4,129264565949,2502412,0
129.277,4,129274730973,2502412,0
129.282,4,129279844985,2502412,0
129.29,4,129287480003,2502412,0
129.3,4,129297708027,2502412,0
129.303,4,129300551033,2502412,0
129.311,4,129308186051,2502412,0
129.311,4,129310742463,73000,1
129.316,4,129313398063,2502412,0
129.324,4,129321042081,2502412,0
129.324,4,129323598493,73000,1
129.344,4,129341891129,2502412,0
129.352,4,129352083153,73000,1
129.355,4,129354774159,73000,1
129.383,4,129380379219,2502412,0
129.396,4,129393119249,2502412,0
129.406,4,129403641679,2502412,0
129.411,4,129408755691,2502412,0
129.421,4,129418938715,2502412,0
129.429,4,129426609733,2502412,0
129.435,4,129434557751,73000,1
129.437,4,129437248757,73000,1
129.465,4,129462889817,2502412,0
129.47,4,129467958829,2502412,0
129.478,4,129478177853,73000,1
129.481,4,129478257853,2502412,0
129.483,4,129480787265,2502412,0
129.486,4,129485874277,73000,1
129.491,4,129488484283,2502412,0
129.496,4,129493634295,2502412,0
129.499,4,129498712307,73000,1
129.514,4,129511916743,2502412,0
129.52,4,129517003755,2502412,0
129.53,4,129527150779,2502412,0
129.532,4,129529698191,2502412,0
129.532,4,129532263603,73000,1
129.54,4,129540391215,73000,1
129.551,4,129548115233,2502412,0
129.558,4,129555750251,2502412,0
129.566,4,129563412269,2502412,0
129.569,4,129568499281,73000,1
129.571,4,129568579281,2502412,0
129.576,4,129573657293,2502412,0
129.581,4,129581337311,73000,1
129.584,4,129581417311,2502412,0
129.586,4,129583955723,2502412,0
129.594,4,129591590741,2502412,0
129.602,4,129599270759,2502412,0
129.602,4,129601800171,73000,1
129.61,4,129609909189,73000,1
129.641,4,129640959261,73000,1
129.674,4,129671723333,2502412,0
129.677,4,129674252745,2502412,0
129.677,4,129676782157,73000,1
129.695,4,129692204787,2502412,0
129.7,4,129699866805,73000,1
129.713,4,129713044241,73000,1
129.741,4,129738685301,2502412,0
129.747,4,129744067313,2502412,0
129.752,4,129749154325,2502412,0
129.754,4,129751683737,2502412,0
129.757,4,129756770749,73000,1
129.759,4,129756843749,2502412,0
129.767,4,129764496767,2502412,0
129.772,4,129769637779,2502412,0
129.78,4,129777263797,2502412,0
129.787,4,129784952815,2502412,0
129.798,4,129795162839,2502412,0
129.798,4,129797692251,73000,1
129.818,4,129815985015,2502412,0
129.821,4,129818523427,2502412,0
129.824,4,129821061839,2502412,0
129.836,4,129833765869,2502412,0
129.844,4,129841463887,2502412,0
129.847,4,129844306299,2502412,0
129.854,4,129851932317,2502412,0
129.865,4,129862160341,2502412,0
129.872,4,129869831359,2502412,0
129.88,4,129880050383,73000,1
129.885,4,129885244395,73000,1
129.919,4,129916329873,2502412,0
129.932,4,129929024903,2502412,0
129.939,4,129936704921,2502412,0
129.944,4,129941764933,2502412,0
129.95,4,129949757951,73000,1
129.955,4,129952403957,2502412,0
129.96,4,129957490969,2502412,0
129.973,4,129970230999,2502412,0
129.978,4,129977920017,73000,1
129.981,4,129980602023,73000,1
130.022,4,130019277519,2502412,0
130.03,4,130029487543,73000,1
130.037,4,130034708555,2502412,0
130.037,4,130037246967,73000,1
130.042,4,130039866567,2502412,0
130.05,4,130047528585,2502412,0
130.058,4,130055467009,2502412,0
130.06,4,130057996421,2502412,0
130.073,4,130070745451,2502412,0
130.076,4,130073283863,2502412,0
130.076,4,130075876275,73000,1
130.086,4,130086220893,73000,1
130.094,4,130091423905,2502412,0
130.094,4,130093953317,73000,1
130.102,4,130101731929,73000,1
130.13,4,130130242401,73000,1
130.205,4,130202168569,2502412,0
130.205,4,130204697981,73000,1
130.215,4,130212458593,2502412,0
130.225,4,130222927023,2502412,0
130.226,4,130225501435,73000,1
130.228,4,130225591029,2502412,0
130.238,4,130235774053,2502412,0
130.246,4,130243436071,2502412,0
130.254,4,130251044089,2502412,0
130.256,4,130253886501,2502412,0
130.259,4,130256424913,2502412,0
130.269,4,130266634937,2502412,0
130.274,4,130271748949,2502412,0
130.282,4,130279410967,2502412,0
130.29,4,130287063985,2502412,0
130.297,4,130294708003,2502412,0
130.305,4,130302361021,2502412,0
130.31,4,130307457033,2502412,0
130.32,4,130317667057,2502412,0
130.328,4,130328180487,73000,1
130.341,4,130341090517,73000,1
130.375,4,130372140589,2502412,0
130.387,4,130384880619,2502412,0
130.392,4,130389958631,2502412,0
130.4,4,130400186655,73000,1
130.416,4,130413078685,2502412,0
130.429,4,130426095121,2502412,0
130.436,4,130436314145,73000,1
130.454,4,130454311187,73000,1
130.475,4,130475187235,73000,1
130.557,4,130554747827,2502412,0
130.562,4,130559843839,2502412,0
130.565,4,130562686251,2502412,0
130.578,4,130575435281,2502412,0
130.58,4,130577973693,2502412,0
130.591,4,130588165717,2502412,0
130.591,4,130590722129,73000,1
130.601,4,130598491741,2502412,0
130.604,4,130601039153,2502412,0
130.616,4,130613770183,2502412,0
130.619,4,130616344595,2502412,0
130.626,4,130623952613,2502412,0
130.634,4,130631945037,2502412,0
130.642,4,130639571055,2502412,0
130.647,4,130647260073,73000,1
130.65,4,130649915079,73000,1
130.686,4,130683522157,2502412,0
130.691,4,130688609169,2502412,0
130.701,4,130698810193,2502412,0
130.704,4,130703915205,73000,1
130.712,4,130709082217,2502412,0
130.722,4,130719292241,2502412,0
130.727,4,130724388253,2502412,0
130.737,4,130734901683,2502412,0
130.742,4,130739970695,2502412,0
130.745,4,130742536107,2502412,0
130.758,4,130755285137,2502412,0
130.76,4,130757859549,2502412,0
130.773,4,130770876579,2502412,0
130.776,4,130773423991,2502412,0
130.778,4,130775953403,2502412,0
130.789,4,130786145427,2502412,0
130.794,4,130791205439,2502412,0
130.796,4,130793761851,2502412,0
130.806,4,130803980875,2502412,0
130.807,4,130806528287,73000,1
130.809,4,130806601287,2502412,0
130.812,4,130809130699,2502412,0
130.812,4,130811732111,73000,1
130.822,4,130819483723,2502412,0
130.825,4,130822040135,2502412,0
130.825,4,130824587547,73000,1
130.835,4,130832348159,2502412,0
130.845,4,130842844183,2502412,0
130.853,4,130853072207,73000,1
130.871,4,130871382249,73000,1
130.907,4,130904685327,2502412,0
130.915,4,130914859351,73000,1
130.917,4,130914984351,2502412,0
130.93,4,130927715381,2502412,0
130.933,4,130930271793,2502412,0
130.943,4,130940740223,2502412,0
130.948,4,130945863235,2502412,0
130.956,4,130953498253,2502412,0
130.961,4,130961187271,73000,1
130.98,4,130979497313,73000,1
130.982,4,130979570313,2502412,0
130.982,4,130982108725,73000,1
131,4,130997504355,2502412,0
131,4,131000078767,73000,1
131.021,4,131018022403,2502412,0
131.026,4,131023127415,2502412,0
131.036,4,131033346439,2502412,0
131.041,4,131038415451,2502412,0
131.044,4,131041267457,2502412,0
131.054,4,131051477481,2502412,0
131.059,4,131059139499,73000,1
131.064,4,131061794505,2502412,0
131.077,4,131074847535,2502412,0
131.09,4,131087587565,2502412,0
131.103,4,131100336595,2502412,0
131.108,4,131108025613,73000,1
131.113,4,131110671619,2502412,0
131.121,4,131118315637,2502412,0
131.126,4,131125986655,73000,1
131.131,4,131128614661,2502412,0
131.139,4,131136258679,2502412,0
131.141,4,131141354691,73000,1
131.149,4,131146852109,2502412,0
131.152,4,131149417521,2502412,0
131.155,4,131154504533,73000,1
131.16,4,131157123539,2502412,0
131.162,4,131162273551,73000,1
131.167,4,131164892557,2502412,0
131.175,4,131172563575,2502412,0
131.18,4,131177944993,2502412,0
131.188,4,131185571011,2502412,0
131.196,4,131193251029,2502412,0
131.203,4,131200886047,2502412,0
131.208,4,131205973059,2502412,0
131.209,4,131208520471,73000,1
131.229,4,131226509107,2502412,0
131.237,4,131236710131,73000,1
131.25,4,131247366561,2502412,0
131.255,4,131252444573,2502412,0
131.265,4,131262609597,2502412,0
131.268,4,131265175009,2502412,0
131.281,4,131278219039,2502412,0
131.283,4,131280748451,2502412,0
131.286,4,131283304863,2502412,0
131.288,4,131288400875,73000,1
131.296,4,131293639887,2502412,0
131.299,4,131298735899,73000,1
131.317,4,131314157935,2502412,0
131.324,4,131321792953,2502412,0
131.334,4,131331993977,2502412,0
131.345,4,131342168001,2502412,0
131.35,4,131347603419,2502412,0
131.358,4,131355220437,2502412,0
131.363,4,131360289449,2502412,0
131.365,4,131362854861,2502412,0
131.376,4,131373037885,2502412,0
131.381,4,131378169897,2502412,0
131.384,4,131381012309,2502412,0
131.391,4,131388647327,2502412,0
131.391,4,131391176739,73000,1
131.391,4,131391275333,73000,1
131.427,4,131424641411,2502412,0
131.437,4,131434797435,2502412,0
131.442,4,131439929447,2502412,0
131.45,4,131447537465,2502412,0
131.455,4,131452946477,2502412,0
131.458,4,131455475889,2502412,0
131.463,4,131460553901,2502412,0
131.466,4,131465658913,73000,1
131.471,4,131468358919,2502412,0
131.473,4,131470888331,2502412,0
131.486,4,131483923361,2502412,0
131.487,4,131486524773,73000,1
131.499,4,131499399397,73000,1
131.505,4,131502036403,2502412,0
131.517,4,131514767433,2502412,0
131.523,4,131522438451,73000,1
131.53,4,131530216469,73000,1
131.561,4,131561265947,73000,1
131.626,4,131623000091,2502412,0
131.631,4,131628069103,2502412,0
131.641,4,131638261127,2502412,0
131.648,4,131645914145,2502412,0
131.656,4,131653531163,2502412,0
131.664,4,131661515181,2502412,0
131.672,4,131669141199,2502412,0
131.674,4,131674273211,73000,1
131.682,4,131679485223,2502412,0
131.695,4,131692529253,2502412,0
131.698,4,131697661265,73000,1
131.705,4,131702873277,2502412,0
131.718,4,131715613307,2502412,0
131.731,4,131728344337,2502412,0
131.733,4,131730873749,2502412,0
131.736,4,131735996761,73000,1
131.744,4,131743792779,73000,1
131.767,4,131764614233,2502412,0
131.775,4,131772249251,2502412,0
131.785,4,131782441275,2502412,0
131.79,4,131787555287,2502412,0
131.793,4,131790397699,2502412,0
131.798,4,131798023717,73000,1
131.803,4,131800687723,2502412,0
131.806,4,131803244135,2502412,0
131.813,4,131813418159,73000,1
131.816,4,131813525159,2502412,0
131.824,4,131821187177,2502412,0
131.829,4,131826247189,2502412,0
131.834,4,131833927207,73000,1
131.852,4,131849349243,2502412,0
131.857,4,131854454255,2502412,0
131.867,4,131864967685,2502412,0
131.875,4,131872611703,2502412,0
131.883,4,131880264721,2502412,0
131.89,4,131887881739,2502412,0
131.898,4,131895838757,2502412,0
131.906,4,131903518775,2502412,0
131.919,4,131916267805,2502412,0
131.929,4,131926486829,2502412,0
131.939,4,131936669853,2502412,0
131.944,4,131944340871,73000,1
131.96,4,131959789907,73000,1
132.001,4,131998814403,2502412,0
132.009,4,132009024427,73000,1
132.022,4,132021898457,73000,1
132.037,4,132037329493,73000,1
132.12,4,132119796091,73000,1
132.246,4,132243120785,2502412,0
132.246,4,132245650197,73000,1
132.259,4,132258560821,73000,1
132.277,4,132274295263,2502412,0
132.29,4,132287044293,2502412,0
132.292,4,132289573705,2502412,0
132.302,4,132299729729,2502412,0
132.308,4,132305120147,2502412,0
132.313,4,132310252159,2502412,0
132.32,4,132317869177,2502412,0
132.328,4,132325567195,2502412,0
132.338,4,132335741219,2502412,0
132.341,4,132338297631,2502412,0
132.354,4,132351046661,2502412,0
132.361,4,132361256685,73000,1
132.361,4,132361399685,73000,1
132.395,4,132392449163,2502412,0
132.408,4,132405502193,2502412,0
132.418,4,132415694217,2502412,0
132.428,4,132425886241,2502412,0
132.439,4,132436096265,2502412,0
132.444,4,132441174277,2502412,0
132.446,4,132443703689,2502412,0
132.454,4,132453931713,73000,1
132.459,4,132456622719,2502412,0
132.464,4,132461682731,2502412,0
132.474,4,132471901755,2502412,0
132.487,4,132484936785,2502412,0
132.493,4,132490050797,2502412,0
132.498,4,132495119809,2502412,0
132.505,4,132502727827,2502412,0
132.511,4,132508172839,2502412,0
132.521,4,132518382863,2502412,0
132.531,4,132528592887,2502412,0
132.536,4,132533661899,2502412,0
132.541,4,132541341917,73000,1
132.542,4,132541439917,73000,1
132.564,4,132561984965,2502412,0
132.575,4,132572167989,2502412,0
132.58,4,132577558407,2502412,0
132.58,4,132580132819,73000,1
132.598,4,132595555449,2502412,0
132.603,4,132600624461,2502412,0
132.611,4,132608268479,2502412,0
132.616,4,132613649897,2502412,0
132.621,4,132618745909,2502412,0
132.624,4,132621275321,2502412,0
132.631,4,132628928339,2502412,0
132.639,4,132636572357,2502412,0
132.642,4,132639110769,2502412,0
132.649,4,132646781787,2502412,0
132.657,4,132654425805,2502412,0
132.662,4,132659548817,2502412,0
132.667,4,132664617829,2502412,0
132.672,4,132672306847,73000,1
132.675,4,132672379847,2502412,0
132.68,4,132677466859,2502412,0
132.685,4,132682866871,2502412,0
132.696,4,132693085895,2502412,0
132.696,4,132695633307,73000,1
132.706,4,132703393919,2502412,0
132.708,4,132705941331,2502412,0
132.719,4,132716441015,2502412,0
132.729,4,132726642039,2502412,0
132.734,4,132734322057,73000,1
132.75,4,132747187087,2502412,0
132.762,4,132759936117,2502412,0
132.773,4,132770128141,2502412,0
132.78,4,132777799159,2502412,0
132.791,4,132788277183,2502412,0
132.796,4,132795966201,73000,1
132.806,4,132803726219,2502412,0
132.809,4,132806255631,2502412,0
132.809,4,132808785043,73000,1
132.825,4,132821999667,2502412,0
132.83,4,132827068679,2502412,0
132.84,4,132837233703,2502412,0
132.847,4,132844922721,2502412,0
132.855,4,132852539739,2502412,0
132.858,4,132855087151,2502412,0
132.86,4,132857616563,2502412,0
132.868,4,132865242581,2502412,0
132.875,4,132872931599,2502412,0
132.878,4,132875479011,2502412,0
132.881,4,132880557023,73000,1
132.889,4,132886099441,2502412,0
132.894,4,132891186453,2502412,0
132.901,4,132901414477,73000,1
132.922,4,132919688519,2502412,0
132.93,4,132929880543,73000,1
132.945,4,132945338579,73000,1
132.961,4,132958194609,2502412,0
132.973,4,132970925639,2502412,0
132.986,4,132983674669,2502412,0
132.992,4,132989110681,2502412,0
132.997,4,132994179693,2502412,0
133.004,4,133001841711,2502412,0
133.012,4,133009494729,2502412,0
133.02,4,133017129747,2502412,0
133.028,4,133025095171,2502412,0
133.033,4,133030164183,2502412,0
133.04,4,133037826201,2502412,0
133.046,4,133045488219,73000,1
133.048,4,133045561219,2502412,0
133.051,4,133050702231,73000,1
133.066,4,133066151267,73000,1
133.087,4,133084121309,2502412,0
133.092,4,133089502727,2502412,0
133.102,4,133099712751,2502412,0
133.107,4,133107356769,73000,1
133.123,4,133120203799,2502412,0
133.123,4,133123091211,73000,1
133.138,4,133135947241,2502412,0
133.144,4,133143609259,73000,1
133.156,4,133153917283,2502412,0
133.167,4,133164100307,2502412,0
133.169,4,133166638719,2502412,0
133.182,4,133179351749,2502412,0
133.184,4,133181917161,2502412,0
133.19,4,133187013173,2502412,0
133.2,4,133197508603,2502412,0
133.203,4,133200038015,2502412,0
133.213,4,133210257039,2502412,0
133.22,4,133217946057,2502412,0
133.228,4,133225867075,2502412,0
133.233,4,133230963087,2502412,0
133.236,4,133233501499,2502412,0
133.244,4,133241136517,2502412,0
133.249,4,133246223529,2502412,0
133.254,4,133251310541,2502412,0
133.256,4,133253875953,2502412,0
133.259,4,133256405365,2502412,0
133.267,4,133266606389,73000,1
133.282,4,133279543419,2502412,0
133.292,4,133289699443,2502412,0
133.3,4,133297683461,2502412,0
133.308,4,133305309479,2502412,0
133.315,4,133312953497,2502412,0
133.326,4,133323181521,2502412,0
133.336,4,133333676951,2502412,0
133.341,4,133338790963,2502412,0
133.341,4,133341329375,73000,1
133.359,4,133356752005,2502412,0
133.372,4,133369492035,2502412,0
133.375,4,133372057447,2502412,0
133.375,4,133374595859,73000,1
133.375,4,133374685453,73000,1
133.393,4,133390125489,2502412,0
133.398,4,133398081913,73000,1
133.411,4,133408389937,2502412,0
133.419,4,133416033955,2502412,0
133.424,4,133421102967,2502412,0
133.432,4,133429077985,2502412,0
133.437,4,133436749003,73000,1
133.457,4,133454737045,2502412,0
133.465,4,133462372063,2502412,0
133.478,4,133475121093,2502412,0
133.48,4,133480235105,73000,1
133.488,4,133485411117,2502412,0
133.493,4,133490516129,2502412,0
133.503,4,133500984559,2502412,0
133.506,4,133503522971,2502412,0
133.511,4,133508645983,2502412,0
133.514,4,133511175395,2502412,0
133.524,4,133521385419,2502412,0
133.524,4,133523932831,73000,1
133.527,4,133526606431,73000,1
133.542,4,133539802461,2502412,0
133.555,4,133552515491,2502412,0
133.56,4,133560195509,73000,1
133.576,4,133573051539,2502412,0
133.588,4,133585791569,2502412,0
133.591,4,133588365981,2502412,0
133.601,4,133598522005,2502412,0
133.612,4,133609063029,2502412,0
133.619,4,133616734047,2502412,0
133.624,4,133624378065,73000,1
133.64,4,133637574095,2502412,0
133.653,4,133650278125,2502412,0
133.661,4,133660506149,73000,1
133.663,4,133660604149,2502412,0
133.671,4,133668248167,2502412,0
133.681,4,133678467191,2502412,0
133.691,4,133688668215,2502412,0
133.696,4,133693746227,2502412,0
133.707,4,133704250657,2502412,0
133.72,4,133716999687,2502412,0
133.73,4,133727218711,2502412,0
133.738,4,133737759735,73000,1
133.74,4,133737848735,2502412,0
133.748,4,133745492753,2502412,0
133.753,4,133750570765,2502412,0
133.758,4,133755639777,2502412,0
133.763,4,133760717789,2502412,0
133.768,4,133765831801,2502412,0
133.773,4,133770900813,2502412,0
133.781,4,133778562831,2502412,0
133.786,4,133783667843,2502412,0
133.791,4,133788763855,2502412,0
133.801,4,133798982879,2502412,0
133.809,4,133806948303,2502412,0
133.817,4,133817176327,73000,1
133.833,4,133830050357,2502412,0
133.835,4,133835146369,73000,1
133.843,4,133840653381,2502412,0
133.851,4,133848297399,2502412,0
133.856,4,133853357411,2502412,0
133.861,4,133861037429,73000,1
133.871,4,133868824447,2502412,0
133.884,4,133881555477,2502412,0
133.884,4,133884111889,73000,1
133.905,4,133902100525,2502412,0
133.91,4,133907481943,2502412,0
133.915,4,133912541955,2502412,0
133.923,4,133920212973,2502412,0
133.93,4,133927856991,2502412,0
133.938,4,133935519009,2502412,0
133.949,4,133946051033,2502412,0
133.954,4,133951138045,2502412,0
133.964,4,133961312069,2502412,0
133.969,4,133966408081,2502412,0
133.979,4,133976600105,2502412,0
133.989,4,133986819129,2502412,0
133.994,4,133991924141,2502412,0
134.002,4,133999550159,2502412,0
134.01,4,134007176177,2502412,0
134.018,4,134015178195,2502412,0
134.018,4,134017716607,73000,1
134.02,4,134020399207,73000,1
134.036,4,134033264237,2502412,0
134.043,4,134040890255,2502412,0
134.046,4,134046298673,73000,1
134.049,4,134046378673,2502412,0
134.057,4,134054013691,2502412,0
134.062,4,134059127703,2502412,0
134.069,4,134066753721,2502412,0
134.077,4,134074424739,2502412,0
134.085,4,134082068757,2502412,0
134.09,4,134087155769,2502412,0
134.092,4,134089694181,2502412,0
134.097,4,134094781193,2502412,0
134.107,4,134104955217,2502412,0
134.113,4,134110105229,2502412,0
134.123,4,134120637253,2502412,0
134.136,4,134133350283,2502412,0
134.141,4,134138482295,2502412,0
134.149,4,134146403313,2502412,0
134.149,4,134148932725,73000,1
134.159,4,134156729337,2502412,0
134.167,4,134164391355,2502412,0
134.18,4,134177140385,2502412,0
134.187,4,134184775403,2502412,0
134.192,4,134189862415,2502412,0
134.197,4,134194967427,2502412,0
134.203,4,134200027439,2502412,0
134.208,4,134205096451,2502412,0
134.213,4,134210183463,2502412,0
134.215,4,134212748875,2502412,0
134.221,4,134220732893,73000,1
134.221,4,134220830893,73000,1
134.241,4,134238836935,2502412,0
134.254,4,134251898965,2502412,0
134.267,4,134264647995,2502412,0
134.275,4,134274876019,73000,1
134.28,4,134277513025,2502412,0
134.283,4,134282627037,73000,1
134.283,4,134282716037,73000,1
134.283,4,134282796037,73000,1
134.355,4,134352504605,2502412,0
134.358,4,134357618617,73000,1
134.358,4,134357707617,73000,1
134.396,4,134393549701,2502412,0
134.404,4,134403750725,73000,1
134.406,4,134403875725,2502412,0
134.409,4,134406405137,2502412,0
134.409,4,134408934549,73000,1
134.419,4,134416677161,2502412,0
134.427,4,134424652179,2502412,0
134.435,4,134432305197,2502412,0
134.437,4,134437392209,73000,1
134.44,4,134437472209,2502412,0
134.443,4,134440010621,2502412,0
134.45,4,134447663639,2502412,0
134.458,4,134455620657,2502412,0
134.466,4,134463273675,2502412,0
134.473,4,134470917693,2502412,0
134.476,4,134473456105,2502412,0
134.484,4,134481091123,2502412,0
134.491,4,134488771141,2502412,0
134.494,4,134493840153,73000,1
134.509,4,134506750183,2502412,0
134.519,4,134516924207,2502412,0
134.528,4,134527446637,73000,1
134.54,4,134540356667,73000,1
134.564,4,134561187715,2502412,0
134.574,4,134571379739,2502412,0
134.579,4,134576448751,2502412,0
134.587,4,134584092769,2502412,0
134.594,4,134591736787,2502412,0
134.602,4,134599380805,2502412,0
134.604,4,134601937217,2502412,0
134.612,4,134609572235,2502412,0
134.62,4,134617225253,2502412,0
134.622,4,134619781665,2502412,0
134.622,4,134622311077,73000,1
134.628,4,134625252083,2502412,0
134.635,4,134632905101,2502412,0
134.638,4,134635434513,2502412,0
134.646,4,134643078531,2502412,0
134.653,4,134650740549,2502412,0
134.661,4,134658715567,2502412,0
134.669,4,134666350585,2502412,0
134.671,4,134668897997,2502412,0
134.682,4,134679090021,2502412,0
134.687,4,134684213033,2502412,0
134.699,4,134696962063,2502412,0
134.702,4,134699500475,2502412,0
134.707,4,134707153493,73000,1
134.715,4,134712392505,2502412,0
134.715,4,134714921917,73000,1
134.733,4,134730674953,2502412,0
134.746,4,134743378983,2502412,0
134.748,4,134745944395,2502412,0
134.754,4,134751022407,2502412,0
134.764,4,134761518431,2502412,0
134.764,4,134764092843,73000,1
134.779,4,134776976467,2502412,0
134.792,4,134789707497,2502412,0
134.792,4,134792263909,73000,1
134.81,4,134807704539,2502412,0
134.823,4,134820444569,2502412,0
134.826,4,134825540581,73000,1
134.834,4,134831055009,2502412,0
134.834,4,134833611421,73000,1
134.836,4,134833684421,2502412,0
134.844,4,134841319439,2502412,0
134.846,4,134843875851,2502412,0
134.859,4,134856606881,2502412,0
134.862,4,134859145293,2502412,0
134.865,4,134862005705,2502412,0
134.877,4,134874754735,2502412,0
134.88,4,134879913747,73000,1
134.885,4,134885143759,73000,1
134.916,4,134913314825,2502412,0
134.926,4,134923488849,2502412,0
134.929,4,134928620861,73000,1
134.929,4,134928709861,73000,1
134.934,4,134931650273,2502412,0
134.944,4,134941860297,2502412,0
134.952,4,134949477315,2502412,0
134.955,4,134952006727,2502412,0
134.957,4,134954563139,2502412,0
134.97,4,134967589169,2502412,0
134.973,4,134970208581,2502412,0
134.978,4,134975268593,2502412,0
134.988,4,134985424617,2502412,0
134.991,4,134988026029,2502412,0
134.996,4,134993104041,2502412,0
134.998,4,134998191053,73000,1
135.006,4,135003439065,2502412,0
135.011,4,135008517077,2502412,0
135.014,4,135013586089,73000,1
135.021,4,135018834101,2502412,0
135.034,4,135031574131,2502412,0
135.042,4,135039549149,2502412,0
135.055,4,135052298179,2502412,0
135.057,4,135054845591,2502412,0
135.07,4,135067898621,2502412,0
135.075,4,135072994633,2502412,0
135.078,4,135075524045,2502412,0
135.088,4,135085734069,2502412,0
135.098,4,135095926093,2502412,0
135.104,4,135101013105,2502412,0
135.106,4,135103560517,2502412,0
135.111,4,135111195535,73000,1
135.127,4,135124114565,2502412,0
135.137,4,135134279589,2502412,0
135.142,4,135139715601,2502412,0
135.147,4,135147341619,73000,1
135.163,4,135160251649,2502412,0
135.168,4,135165311661,2502412,0
135.178,4,135175789685,2502412,0
135.181,4,135178364097,2502412,0
135.189,4,135188547121,73000,1
135.191,4,135188690121,2502412,0
135.204,4,135201430151,2502412,0
135.204,4,135203986563,73000,1
135.212,4,135211765175,73000,1
135.235,4,135232274223,2502412,0
135.245,4,135242778653,2502412,0
135.25,4,135247847665,2502412,0
135.255,4,135252943677,2502412,0
135.266,4,135263144701,2502412,0
135.276,4,135273676725,2502412,0
135.279,4,135278790737,73000,1
135.297,4,135294194773,2502412,0
135.307,4,135304386797,2502412,0
135.315,4,135314614821,73000,1
135.32,4,135317287827,2502412,0
135.32,4,135319817239,73000,1
135.34,4,135337787875,2502412,0
135.348,4,135348283899,73000,1
135.364,4,135363741935,73000,1
135.405,4,135405011031,73000,1
135.48,4,135477249605,2502412,0
135.482,4,135479779017,2502412,0
135.495,4,135492501047,2502412,0
135.495,4,135495111459,73000,1
135.5,4,135500288065,73000,1
135.539,4,135538723155,73000,1
135.552,4,135551927591,73000,1
135.657,4,135654823237,2502412,0
135.663,4,135662476255,73000,1
135.673,4,135670218273,2502412,0
135.678,4,135677871291,73000,1
135.686,4,135685962309,73000,1
135.719,4,135719283387,73000,1
135.75,4,135747436453,2502412,0
135.758,4,135755402471,2502412,0
135.771,4,135768151501,2502412,0
135.778,4,135775795519,2502412,0
135.783,4,135780882531,2502412,0
135.794,4,135791413961,2502412,0
135.807,4,135804162991,2502412,0
135.809,4,135806719403,2502412,0
135.822,4,135819441433,2502412,0
135.825,4,135822015845,2502412,0
135.837,4,135834764875,2502412,0
135.84,4,135837303287,2502412,0
135.853,4,135850034317,2502412,0
135.855,4,135852904323,2502412,0
135.868,4,135865653353,2502412,0
135.876,4,135873324371,2502412,0
135.876,4,135875853783,73000,1
135.881,4,135878509383,2502412,0
135.887,4,135886484401,73000,1
135.892,4,135889148407,2502412,0
135.899,4,135899322431,73000,1
135.902,4,135899456431,2502412,0
135.915,4,135912178461,2502412,0
135.915,4,135914743873,73000,1
135.928,4,135927618497,73000,1
135.953,4,135950693551,2502412,0
135.966,4,135963727987,2502412,0
135.969,4,135966266399,2502412,0
135.979,4,135976458423,2502412,0
135.984,4,135981590435,2502412,0
135.997,4,135994625465,2502412,0
135.997,4,135997217877,73000,1
136.007,4,136004987489,2502412,0
136.02,4,136017718519,2502412,0
136.033,4,136030449549,2502412,0
136.043,4,136040659573,2502412,0
136.048,4,136045746585,2502412,0
136.051,4,136048293997,2502412,0
136.064,4,136061346433,2502412,0
136.069,4,136069035451,73000,1
136.084,4,136081891481,2502412,0
136.092,4,136092405505,73000,1
136.095,4,136092478505,2502412,0
136.098,4,136095007917,2502412,0
136.103,4,136100130929,2502412,0
136.113,4,136110295953,2502412,0
136.115,4,136112825365,2502412,0
136.12,4,136117957377,2502412,0
136.131,4,136128167401,2502412,0
136.136,4,136133263413,2502412,0
136.146,4,136143437437,2502412,0
136.151,4,136148569449,2502412,0
136.161,4,136158770473,2502412,0
136.169,4,136166736491,2502412,0
136.172,4,136171805503,73000,1
136.18,4,136177026515,2502412,0
136.187,4,136184670533,2502412,0
136.192,4,136189757545,2502412,0
136.198,4,136197714563,73000,1
136.2,4,136200423569,73000,1
136.218,4,136218402611,73000,1
136.236,4,136233779647,2502412,0
136.236,4,136236354059,73000,1
136.247,4,136244123671,2502412,0
136.252,4,136249183683,2502412,0
136.252,4,136251722095,73000,1
136.27,4,136267493131,2502412,0
136.275,4,136272562143,2502412,0
136.285,4,136282727167,2502412,0
136.293,4,136292955191,73000,1
136.301,4,136298489203,2502412,0
136.314,4,136311238233,2502412,0
136.321,4,136318873251,2502412,0
136.324,4,136321402663,2502412,0
136.332,4,136329055681,2502412,0
136.339,4,136336690699,2502412,0
136.347,4,136344343717,2502412,0
136.355,4,136352032735,2502412,0
136.362,4,136359658753,2502412,0
136.373,4,136370181183,2502412,0
136.38,4,136377816201,2502412,0
136.391,4,136388035225,2502412,0
136.396,4,136393113237,2502412,0
136.401,4,136398522249,2502412,0
136.409,4,136406166267,2502412,0
136.409,4,136408695679,73000,1
136.414,4,136411378279,2502412,0
136.422,4,136419004297,2502412,0
136.424,4,136424091309,73000,1
136.427,4,136426782315,73000,1
136.471,4,136468059817,2502412,0
136.473,4,136470589229,2502412,0
136.481,4,136478233247,2502412,0
136.488,4,136485868265,2502412,0
136.496,4,136493530283,2502412,0
136.509,4,136506574313,2502412,0
136.514,4,136511697325,2502412,0
136.524,4,136521916349,2502412,0
136.525,4,136524445761,73000,1
136.535,4,136532233373,2502412,0
136.54,4,136539859391,73000,1
136.543,4,136542541397,73000,1
136.571,4,136571051869,73000,1
136.612,4,136609772959,2502412,0
136.625,4,136622485989,2502412,0
136.635,4,136632687013,2502412,0
136.64,4,136637801025,2502412,0
136.643,4,136642888037,73000,1
136.658,4,136655762067,2502412,0
136.671,4,136668502097,2502412,0
136.676,4,136673919515,2502412,0
136.687,4,136684093539,2502412,0
136.692,4,136689207551,2502412,0
136.694,4,136691754963,2502412,0
136.704,4,136701919987,2502412,0
136.705,4,136704458399,73000,1
136.707,4,136704547993,2502412,0
136.718,4,136715088423,2502412,0
136.725,4,136722768441,2502412,0
136.73,4,136727837453,2502412,0
136.738,4,136735454471,2502412,0
136.746,4,136743134489,2502412,0
136.756,4,136753353513,2502412,0
136.761,4,136758431525,2502412,0
136.761,4,136760978937,73000,1
136.782,4,136779288979,2502412,0
136.795,4,136792029009,2502412,0
136.802,4,136799664027,2502412,0
136.81,4,136807648045,2502412,0
136.818,4,136817867069,73000,1
136.836,4,136833271105,2502412,0
136.846,4,136843463129,2502412,0
136.856,4,136853673153,2502412,0
136.866,4,136863892177,2502412,0
136.871,4,136868961189,2502412,0
136.877,4,136876944613,73000,1
136.89,4,136887279637,2502412,0
136.9,4,136897453661,2502412,0
136.905,4,136902531673,2502412,0
136.908,4,136905079085,2502412,0
136.918,4,136915539109,2502412,0
136.921,4,136918077521,2502412,0
136.926,4,136923227533,2502412,0
136.931,4,136928287545,2502412,0
136.933,4,136933365557,73000,1
136.936,4,136936092563,73000,1
136.939,4,136936181563,2502412,0
136.946,4,136943807581,2502412,0
136.954,4,136951442599,2502412,0
136.962,4,136959095617,2502412,0
136.969,4,136966748635,2502412,0
136.974,4,136971826647,2502412,0
136.979,4,136976931659,2502412,0
136.985,4,136982331671,2502412,0
136.995,4,136992550695,2502412,0
137.003,4,137000212713,2502412,0
137.003,4,137002742125,73000,1
137.016,4,137013381743,2502412,0
137.021,4,137018477755,2502412,0
137.029,4,137026094773,2502412,0
137.036,4,137033774791,2502412,0
137.044,4,137041400809,2502412,0
137.046,4,137043939221,2502412,0
137.054,4,137051583239,2502412,0
137.059,4,137059263257,73000,1
137.08,4,137077251299,2502412,0
137.085,4,137085216723,73000,1
137.096,4,137095542747,73000,1
137.124,4,137121496807,2502412,0
137.137,4,137134218837,2502412,0
137.147,4,137144410861,2502412,0
137.152,4,137149479873,2502412,0
137.16,4,137157150891,2502412,0
137.17,4,137167369915,2502412,0
137.175,4,137175013933,73000,1
137.178,4,137175129933,2502412,0
137.183,4,137180189945,2502412,0
137.186,4,137185607363,73000,1
137.196,4,137193394381,2502412,0
137.203,4,137200993399,2502412,0
137.206,4,137203531811,2502412,0
137.211,4,137211202829,73000,1
137.214,4,137213902835,73000,1
137.224,4,137221966853,2502412,0
137.237,4,137234670883,2502412,0
137.245,4,137242341901,2502412,0
137.252,4,137249994919,2502412,0
137.26,4,137257629937,2502412,0
137.27,4,137267839961,2502412,0
137.281,4,137278040985,2502412,0
137.288,4,137285694003,2502412,0
137.294,4,137291067015,2502412,0
137.304,4,137301277039,2502412,0
137.309,4,137308975057,73000,1
137.325,4,137322153087,2502412,0
137.337,4,137334893117,2502412,0
137.342,4,137339971129,2502412,0
137.348,4,137345076141,2502412,0
137.36,4,137357825171,2502412,0
137.363,4,137360381583,2502412,0
137.376,4,137373130613,2502412,0
137.378,4,137375687025,2502412,0
137.383,4,137380747037,2502412,0
137.394,4,137391215467,2502412,0
137.396,4,137393780879,2502412,0
137.399,4,137398912891,73000,1
137.404,4,137401531897,2502412,0
137.409,4,137406600909,2502412,0
137.412,4,137409130321,2502412,0
137.414,4,137411704733,2502412,0
137.425,4,137422182757,2502412,0
137.43,4,137427296769,2502412,0
137.435,4,137434985787,73000,1
137.438,4,137435058787,2502412,0
137.44,4,137440208799,73000,1
137.451,4,137450534823,73000,1
137.471,4,137471061871,73000,1
137.507,4,137504686355,2502412,0
137.515,4,137514851379,73000,1
137.523,4,137522629397,73000,1
137.536,4,137533241421,2502412,0
137.543,4,137540894439,2502412,0
137.556,4,137553643469,2502412,0
137.561,4,137558730481,2502412,0
137.566,4,137563835493,2502412,0
137.574,4,137571470511,2502412,0
137.582,4,137579150529,2502412,0
137.589,4,137586758547,2502412,0
137.597,4,137594696971,2502412,0
137.6,4,137597235383,2502412,0
137.608,4,137607463407,73000,1
137.613,4,137612720419,73000,1
137.649,4,137646309497,2502412,0
137.651,4,137651423509,73000,1
137.669,4,137669420551,73000,1
137.695,4,137695070611,73000,1
137.749,4,137746871137,2502412,0
137.757,4,137757072161,73000,1
137.762,4,137759718167,2502412,0
137.762,4,137762247579,73000,1
137.775,4,137772556197,2502412,0
137.78,4,137777661209,2502412,0
137.79,4,137787826233,2502412,0
137.795,4,137792922245,2502412,0
137.806,4,137803435675,2502412,0
137.811,4,137808549687,2502412,0
137.824,4,137821280717,2502412,0
137.826,4,137823819129,2502412,0
137.834,4,137834342153,73000,1
137.85,4,137849818189,73000,1
137.86,4,137857569207,2502412,0
137.868,4,137865177225,2502412,0
137.87,4,137867724637,2502412,0
137.878,4,137875341655,2502412,0
137.886,4,137883003673,2502412,0
137.888,4,137885551085,2502412,0
137.898,4,137895743109,2502412,0
137.898,4,137898272521,73000,1
137.911,4,137908965545,2502412,0
137.912,4,137911503957,73000,1
137.93,4,137929501593,73000,1
137.953,4,137950323641,2502412,0
137.963,4,137960506665,2502412,0
137.976,4,137973255695,2502412,0
137.983,4,137980917713,2502412,0
137.991,4,137988561731,2502412,0
138.004,4,138001292761,2502412,0
138.007,4,138004162767,2502412,0
138.009,4,138009267779,73000,1
138.017,4,138014443791,2502412,0
138.022,4,138022132809,73000,1
138.04,4,138037885845,2502412,0
138.043,4,138042963857,73000,1
138.053,4,138050723875,2502412,0
138.061,4,138058367893,2502412,0
138.063,4,138060897305,2502412,0
138.066,4,138065975317,73000,1
138.071,4,138068612323,2502412,0
138.074,4,138073762335,73000,1
138.094,4,138091750377,2502412,0
138.104,4,138101906401,2502412,0
138.105,4,138104435813,73000,1
138.107,4,138104516407,2502412,0
138.11,4,138107386413,2502412,0
138.112,4,138109915825,2502412,0
138.123,4,138120080849,2502412,0
138.125,4,138122619261,2502412,0
138.13,4,138127715273,2502412,0
138.13,4,138130307685,73000,1
138.149,4,138146061315,2502412,0
138.156,4,138156271339,73000,1
138.172,4,138169154369,2502412,0
138.172,4,138171692781,73000,1
138.177,4,138176869387,73000,1
138.21,4,138207963865,2502412,0
138.218,4,138218137889,73000,1
138.231,4,138231047919,73000,1
138.234,4,138233675925,73000,1
138.283,4,138282625039,73000,1
138.408,4,138405958733,2502412,0
138.416,4,138413924157,2502412,0
138.424,4,138421523175,2502412,0
138.427,4,138424088587,2502412,0
138.432,4,138429166599,2502412,0
138.442,4,138439340623,2502412,0
138.445,4,138444517635,73000,1
138.463,4,138460234671,2502412,0
138.465,4,138462773083,2502412,0
138.468,4,138465311495,2502412,0
138.468,4,138467840907,73000,1
138.476,4,138475655519,73000,1
138.501,4,138498712573,2502412,0
138.506,4,138506374591,73000,1
138.527,4,138524630039,2502412,0
138.53,4,138527186451,2502412,0
138.537,4,138534803469,2502412,0
138.537,4,138537341881,73000,1
138.551,4,138550592505,73000,1
138.561,4,138558325523,2502412,0
138.568,4,138565960541,2502412,0
138.574,4,138571020553,2502412,0
138.581,4,138578691571,2502412,0
138.589,4,138586335589,2502412,0
138.597,4,138594006607,2502412,0
138.607,4,138604180631,2502412,0
138.614,4,138611842649,2502412,0
138.622,4,138619790073,2502412,0
138.633,4,138630000097,2502412,0
138.64,4,138637671115,2502412,0
138.645,4,138642740127,2502412,0
138.656,4,138653254151,2502412,0
138.658,4,138655792563,2502412,0
138.669,4,138666011587,2502412,0
138.681,4,138678751617,2502412,0
138.694,4,138691500647,2502412,0
138.697,4,138694066059,2502412,0
138.702,4,138699153071,2502412,0
138.712,4,138709336095,2502412,0
138.717,4,138714468107,2502412,0
138.727,4,138724963537,2502412,0
138.735,4,138732616555,2502412,0
138.743,4,138740269573,2502412,0
138.756,4,138753331603,2502412,0
138.761,4,138761002621,73000,1
138.766,4,138763675627,2502412,0
138.779,4,138776379657,2502412,0
138.787,4,138786598681,73000,1
138.805,4,138804595723,73000,1
138.828,4,138825462177,2502412,0
138.841,4,138838157207,2502412,0
138.846,4,138843280219,2502412,0
138.856,4,138853481243,2502412,0
138.859,4,138858907661,73000,1
138.862,4,138861535667,73000,1
138.864,4,138861608667,2502412,0
138.867,4,138866749679,73000,1
138.885,4,138884746721,73000,1
138.923,4,138920561805,2502412,0
138.926,4,138923127217,2502412,0
138.939,4,138936162247,2502412,0
138.946,4,138946381271,73000,1
138.965,4,138962134307,2502412,0
138.972,4,138969760325,2502412,0
138.975,4,138972298737,2502412,0
138.988,4,138985029767,2502412,0
138.99,4,138987604179,2502412,0
138.99,4,138990151591,73000,1
138.993,4,138990224591,2502412,0
138.995,4,138992754003,2502412,0
139.005,4,139002937027,2502412,0
139.011,4,139010644045,73000,1
139.026,4,139023500075,2502412,0
139.034,4,139031456499,2502412,0
139.042,4,139039082517,2502412,0
139.044,4,139041638929,2502412,0
139.054,4,139051821953,2502412,0
139.059,4,139056917965,2502412,0
139.07,4,139067449989,2502412,0
139.08,4,139077660013,2502412,0
139.085,4,139082747025,2502412,0
139.09,4,139087852037,2502412,0
139.101,4,139098035061,2502412,0
139.111,4,139108254085,2502412,0
139.116,4,139113341097,2502412,0
139.126,4,139123542121,2502412,0
139.129,4,139126071533,2502412,0
139.134,4,139131461951,2502412,0
139.139,4,139136566963,2502412,0
139.147,4,139144201981,2502412,0
139.149,4,139146749393,2502412,0
139.157,4,139154429411,2502412,0
139.165,4,139162082429,2502412,0
139.178,4,139175143865,2502412,0
139.18,4,139177691277,2502412,0
139.188,4,139185308295,2502412,0
139.193,4,139192997313,73000,1
139.213,4,139210976355,2502412,0
139.216,4,139216054367,73000,1
139.229,4,139228964397,73000,1
139.271,4,139270554899,73000,1
139.322,4,139321730019,73000,1
139.345,4,139342560473,2502412,0
139.353,4,139350204491,2502412,0
139.358,4,139357884509,73000,1
139.379,4,139376140551,2502412,0
139.386,4,139383802569,2502412,0
139.397,4,139394012593,2502412,0
139.402,4,139399072605,2502412,0
139.407,4,139406752623,73000,1
139.415,4,139414548641,73000,1
139.417,4,139414621641,2502412,0
139.417,4,139417160053,73000,1
139.43,4,139427468671,2502412,0
139.438,4,139435112689,2502412,0
139.441,4,139440512701,73000,1
139.448,4,139445751713,2502412,0
139.453,4,139453377731,73000,1
139.471,4,139468808767,2502412,0
139.472,4,139471660179,73000,1
139.48,4,139479438197,73000,1
139.508,4,139505070257,2502412,0
139.508,4,139507608669,73000,1
139.528,4,139525570305,2502412,0
139.531,4,139528117717,2502412,0
139.541,4,139538273741,2502412,0
139.549,4,139546275759,2502412,0
139.559,4,139556476783,2502412,0
139.572,4,139569216813,2502412,0
139.58,4,139579753021,73000,1
139.582,4,139579826021,2502412,0
139.585,4,139582400433,2502412,0
139.587,4,139584938845,2502412,0
139.593,4,139590007857,2502412,0
139.603,4,139600181881,2502412,0
139.605,4,139602765293,2502412,0
139.611,4,139610427311,73000,1
139.626,4,139623292341,2502412,0
139.633,4,139630945359,2502412,0
139.636,4,139636023371,73000,1
139.649,4,139646688801,2502412,0
139.654,4,139651766813,2502412,0
139.659,4,139656835825,2502412,0
139.667,4,139664443843,2502412,0
139.669,4,139666982255,2502412,0
139.675,4,139672087267,2502412,0
139.685,4,139682609697,2502412,0
139.69,4,139690316715,73000,1
139.701,4,139698085733,2502412,0
139.708,4,139708286757,73000,1
139.711,4,139708384757,2502412,0
139.711,4,139710914169,73000,1
139.716,4,139713542769,2502412,0
139.724,4,139723752793,73000,1
139.729,4,139726434799,2502412,0
139.739,4,139736617823,2502412,0
139.742,4,139739147235,2502412,0
139.755,4,139752208671,2502412,0
139.757,4,139754756083,2502412,0
139.76,4,139757294495,2502412,0
139.773,4,139770007525,2502412,0
139.775,4,139772608937,2502412,0
139.783,4,139783086961,73000,1
139.801,4,139798544997,2502412,0
139.804,4,139801074409,2502412,0
139.811,4,139808691427,2502412,0
139.821,4,139818910451,2502412,0
139.829,4,139826581469,2502412,0
139.837,4,139834189487,2502412,0
139.844,4,139841878505,2502412,0
139.855,4,139852391935,2502412,0
139.86,4,139857487947,2502412,0
139.868,4,139867706971,73000,1
139.889,4,139886008013,2502412,0
139.889,4,139888537425,73000,1
139.901,4,139898846043,2502412,0
139.912,4,139909011067,2502412,0
139.919,4,139919230091,73000,1
139.932,4,139929583115,2502412,0
139.945,4,139942323145,2502412,0
139.947,4,139944852557,2502412,0
139.953,4,139952799981,73000,1
139.958,4,139955409987,2502412,0
139.966,4,139963108005,2502412,0
139.971,4,139968168017,2502412,0
139.981,4,139978396041,2502412,0
139.981,4,139980934453,73000,1
139.986,4,139983876053,2502412,0
139.989,4,139986414465,2502412,0
139.997,4,139994076483,2502412,0
140.007,4,140004295507,2502412,0
140.009,4,140009400519,73000,1
140.015,4,140014630531,73000,1
140.022,4,140019815543,2502412,0
140.035,4,140032564573,2502412,0
140.048,4,140045286603,2502412,0
140.056,4,140053270027,2502412,0
140.063,4,140060941045,2502412,0
140.071,4,140071124069,73000,1
140.079,4,140078902087,73000,1
140.082,4,140079009087,2502412,0
140.087,4,140086957105,73000,1
140.1,4,140097265129,2502412,0
140.11,4,140107466153,2502412,0
140.115,4,140115137171,73000,1
140.136,4,140133125213,2502412,0
140.141,4,140138194225,2502412,0
140.146,4,140143263237,2502412,0
140.156,4,140153803667,2502412,0
140.161,4,140158863679,2502412,0
140.169,4,140166534697,2502412,0
140.174,4,140174196715,73000,1
140.179,4,140176833721,2502412,0
140.192,4,140189886751,2502412,0
140.195,4,140192416163,2502412,0
140.208,4,140205165193,2502412,0
140.218,4,140215393217,2502412,0
140.223,4,140220516229,2502412,0
140.233,4,140230681253,2502412,0
140.236,4,140233210665,2502412,0
140.241,4,140238333677,2502412,0
140.246,4,140243402689,2502412,0
140.256,4,140253585713,2502412,0
140.264,4,140261587731,2502412,0
140.269,4,140269267749,73000,1
140.285,4,140282132779,2502412,0
140.293,4,140290044797,2502412,0
140.295,4,140292583209,2502412,0
140.303,4,140300218227,2502412,0
140.31,4,140307844245,2502412,0
140.313,4,140313003257,73000,1
140.321,4,140320799275,73000,1
140.336,4,140336230311,73000,1
140.411,4,140408459885,2502412,0
140.421,4,140418660909,2502412,0
140.429,4,140426286927,2502412,0
140.436,4,140433921945,2502412,0
140.444,4,140441592963,2502412,0
140.452,4,140449200981,2502412,0
140.459,4,140456880999,2502412,0
140.462,4,140462271417,73000,1
140.467,4,140464953423,2502412,0
140.47,4,140470049435,73000,1
140.485,4,140482896465,2502412,0
140.493,4,140490549483,2502412,0
140.501,4,140498470501,2502412,0
140.504,4,140501053913,2502412,0
140.509,4,140506113925,2502412,0
140.519,4,140516314949,2502412,0
140.521,4,140518889361,2502412,0
140.526,4,140523967373,2502412,0
140.537,4,140534159397,2502412,0
140.539,4,140539300409,73000,1
140.547,4,140544476421,2502412,0
140.56,4,140557225451,2502412,0
140.562,4,140559781863,2502412,0
140.575,4,140572843299,2502412,0
140.583,4,140580505317,2502412,0
140.591,4,140590724341,73000,1
140.609,4,140606432377,2502412,0
140.617,4,140614085395,2502412,0
140.624,4,140621693413,2502412,0
140.627,4,140624240825,2502412,0
140.635,4,140634459849,73000,1
140.637,4,140634593849,2502412,0
140.642,4,140639680861,2502412,0
140.647,4,140644749873,2502412,0
140.655,4,140652411891,2502412,0
140.66,4,140657498903,2502412,0
140.663,4,140662594915,73000,1
140.673,4,140670694339,2502412,0
140.673,4,140673223751,73000,1
140.681,4,140678418357,2502412,0
140.684,4,140683523369,73000,1
140.696,4,140693911393,2502412,0
140.702,4,140699311405,2502412,0
140.71,4,140709521429,73000,1
140.712,4,140709628429,2502412,0
140.715,4,140712157841,2502412,0
140.72,4,140717226853,2502412,0
140.72,4,140719765265,73000,1
140.722,4,140719838265,2502412,0
140.722,4,140722376677,73000,1
140.738,4,140735287301,2502412,0
140.743,4,140740383313,2502412,0
140.746,4,140745470325,73000,1
140.748,4,140748152331,73000,1
140.751,4,140748225331,2502412,0
140.756,4,140753312343,2502412,0
140.766,4,140763522367,2502412,0
140.769,4,140768939785,73000,1
140.774,4,140771576791,2502412,0
140.779,4,140776672803,2502412,0
140.784,4,140781741815,2502412,0
140.789,4,140789421833,73000,1
140.797,4,140794633845,2502412,0
140.8,4,140799738857,73000,1
140.808,4,140805218869,2502412,0
140.813,4,140810332881,2502412,0
140.815,4,140815419893,73000,1
140.831,4,140830886929,73000,1
140.851,4,140848820971,2502412,0
140.851,4,140851386383,73000,1
140.872,4,140869339019,2502412,0
140.885,4,140882401049,2502412,0
140.89,4,140890072067,73000,1
140.911,4,140908373109,2502412,0
140.919,4,140916017127,2502412,0
140.924,4,140921086139,2502412,0
140.934,4,140931260163,2502412,0
140.944,4,140941488187,2502412,0
140.947,4,140944017599,2502412,0
140.949,4,140949140611,73000,1
140.959,4,140956918629,2502412,0
140.972,4,140969667659,2502412,0
140.985,4,140982720689,2502412,0
140.988,4,140985268101,2502412,0
140.99,4,140990355113,73000,1
140.998,4,140995576125,2502412,0
141.006,4,141003202143,2502412,0
141.009,4,141008601561,73000,1
141.014,4,141013849573,73000,1
141.039,4,141036942627,2502412,0
141.052,4,141049655657,2502412,0
141.057,4,141054769669,2502412,0
141.067,4,141064925693,2502412,0
141.073,4,141070066705,2502412,0
141.078,4,141075439123,2502412,0
141.08,4,141077968535,2502412,0
141.088,4,141085585553,2502412,0
141.093,4,141090699565,2502412,0
141.098,4,141095777577,2502412,0
141.106,4,141103484595,2502412,0
141.116,4,141113989619,2502412,0
141.119,4,141119121631,73000,1
141.132,4,141129429655,2502412,0
141.142,4,141139630679,2502412,0
141.147,4,141147274697,73000,1
141.155,4,141155052715,73000,1
141.191,4,141188668199,2502412,0
141.204,4,141201381229,2502412,0
141.214,4,141211904253,2502412,0
141.219,4,141216973265,2502412,0
141.22,4,141219556677,73000,1
141.235,4,141234997307,73000,1
141.273,4,141273414397,73000,1
141.33,4,141327789929,2502412,0
141.343,4,141340529959,2502412,0
141.346,4,141343068371,2502412,0
141.353,4,141350685389,2502412,0
141.358,4,141358374407,73000,1
141.376,4,141373805443,2502412,0
141.382,4,141381440461,73000,1
141.397,4,141397201903,73000,1
141.413,4,141410048933,2502412,0
141.421,4,141420562957,73000,1
141.426,4,141423226963,2502412,0
141.436,4,141433400987,2502412,0
141.446,4,141443602011,2502412,0
141.451,4,141448680023,2502412,0
141.456,4,141453785035,2502412,0
141.466,4,141463977059,2502412,0
141.472,4,141469100071,2502412,0
141.477,4,141474178083,2502412,0
141.484,4,141481786101,2502412,0
141.487,4,141487249113,73000,1
141.495,4,141492461125,2502412,0
141.498,4,141497566137,73000,1
141.505,4,141502733149,2502412,0
141.51,4,141507820161,2502412,0
141.513,4,141510376573,2502412,0
141.523,4,141520845597,2502412,0
141.528,4,141525932609,2502412,0
141.539,4,141536160633,2502412,0
141.541,4,141538708045,2502412,0
141.551,4,141548918069,2502412,0
141.559,4,141556598087,2502412,0
141.572,4,141569338117,2502412,0
141.574,4,141571894529,2502412,0
141.587,4,141584616559,2502412,0
141.598,4,141595139583,2502412,0
141.6,4,141600271595,73000,1
141.621,4,141618250637,2502412,0
141.629,4,141628746067,73000,1
141.649,4,141646725109,2502412,0
141.657,4,141656935133,73000,1
141.665,4,141662156145,2502412,0
141.677,4,141674896175,2502412,0
141.678,4,141677443587,73000,1
141.696,4,141693196623,2502412,0
141.706,4,141703352647,2502412,0
141.714,4,141713580671,73000,1
141.729,4,141726776701,2502412,0
141.734,4,141731854713,2502412,0
141.745,4,141742028737,2502412,0
141.747,4,141744558149,2502412,0
141.752,4,141749654161,2502412,0
141.76,4,141757289179,2502412,0
141.765,4,141762394191,2502412,0
141.775,4,141772595215,2502412,0
141.778,4,141777745227,73000,1
141.785,4,141782912239,2502412,0
141.791,4,141788008251,2502412,0
141.791,4,141790564663,73000,1
141.799,4,141796062675,2502412,0
141.804,4,141801158687,2502412,0
141.809,4,141806245699,2502412,0
141.819,4,141816446723,2502412,0
141.829,4,141826978747,2502412,0
141.84,4,141837188771,2502412,0
141.847,4,141844850789,2502412,0
141.855,4,141852476807,2502412,0
141.863,4,141862704831,73000,1
141.881,4,141880701873,73000,1
141.924,4,141921961375,2502412,0
141.935,4,141932475399,2502412,0
141.94,4,141940119417,73000,1
141.945,4,141945349429,73000,1
141.963,4,141960771465,2502412,0
141.963,4,141963300877,73000,1
141.976,4,141976175501,73000,1
141.997,4,141997041955,73000,1
142.048,4,142045964069,2502412,0
142.059,4,142056147093,2502412,0
142.064,4,142061234105,2502412,0
142.066,4,142063763517,2502412,0
142.074,4,142073973541,73000,1
142.082,4,142081769559,73000,1
142.089,4,142086963571,2502412,0
142.1,4,142097164595,2502412,0
142.108,4,142107696619,73000,1
142.11,4,142110351625,73000,1
142.128,4,142128330667,73000,1
142.216,4,142213336271,2502412,0
142.229,4,142226085301,2502412,0
142.231,4,142231199313,73000,1
142.252,4,142249500355,2502412,0
142.265,4,142262240385,2502412,0
142.275,4,142272432409,2502412,0
142.283,4,142280076427,2502412,0
142.293,4,142290286451,2502412,0
142.298,4,142295364463,2502412,0
142.306,4,142303026481,2502412,0
142.313,4,142310983499,2502412,0
142.324,4,142321202523,2502412,0
142.329,4,142326262535,2502412,0
142.339,4,142336490559,2502412,0
142.339,4,142339341971,73000,1
142.352,4,142349667995,2502412,0
142.355,4,142352197407,2502412,0
142.36,4,142359850425,73000,1
142.365,4,142362469431,2502412,0
142.368,4,142365025843,2502412,0
142.375,4,142372651861,2502412,0
142.383,4,142380322879,2502412,0
142.391,4,142390550903,73000,1
142.409,4,142406267345,2502412,0
142.414,4,142413929363,73000,1
142.432,4,142429360399,2502412,0
142.439,4,142436977417,2502412,0
142.45,4,142447508847,2502412,0
142.45,4,142450038259,73000,1
142.46,4,142457798871,2502412,0
142.468,4,142465442889,2502412,0
142.476,4,142475661913,73000,1
142.486,4,142483421931,2502412,0
142.499,4,142496161961,2502412,0
142.501,4,142498691373,2502412,0
142.506,4,142503805385,2502412,0
142.517,4,142514309815,2502412,0
142.525,4,142524537839,73000,1
142.527,4,142524610839,2502412,0
142.532,4,142529733851,2502412,0
142.537,4,142534802863,2502412,0
142.548,4,142545298887,2502412,0
142.55,4,142547846299,2502412,0
142.563,4,142560586329,2502412,0
142.566,4,142563178741,2502412,0
142.578,4,142575927771,2502412,0
142.581,4,142578475183,2502412,0
142.594,4,142591206213,2502412,0
142.606,4,142603955243,2502412,0
142.617,4,142614486673,2502412,0
142.622,4,142619555685,2502412,0
142.627,4,142624660697,2502412,0
142.635,4,142632295715,2502412,0
142.638,4,142637427727,73000,1
142.643,4,142640064733,2502412,0
142.646,4,142645482745,73000,1
142.658,4,142655790769,2502412,0
142.661,4,142658338181,2502412,0
142.674,4,142671060211,2502412,0
142.679,4,142678749229,73000,1
142.689,4,142686518247,2502412,0
142.692,4,142691596259,73000,1
142.704,4,142701940283,2502412,0
142.712,4,142709548301,2502412,0
142.72,4,142717513725,2502412,0
142.723,4,142722609737,73000,1
142.735,4,142732935761,2502412,0
142.743,4,142740579779,2502412,0
142.746,4,142743109191,2502412,0
142.746,4,142745638603,73000,1
142.759,4,142758862227,73000,1
142.774,4,142771727257,2502412,0
142.779,4,142779362275,73000,1
142.797,4,142797359317,73000,1
142.813,4,142810233347,2502412,0
142.823,4,142820710777,2502412,0
142.823,4,142823240189,73000,1
142.836,4,142833584807,2502412,0
142.849,4,142846324837,2502412,0
142.857,4,142854290261,2502412,0
142.857,4,142856819673,73000,1
142.865,4,142862041279,2502412,0
142.87,4,142867128291,2502412,0
142.877,4,142877347315,73000,1
142.89,4,142890221345,73000,1
142.908,4,142905643381,2502412,0
142.916,4,142913278399,2502412,0
142.924,4,142921225823,2502412,0
142.926,4,142926312835,73000,1
142.942,4,142939213865,2502412,0
142.949,4,142946830883,2502412,0
142.955,4,142952239895,2502412,0
142.963,4,142962458919,73000,1
142.981,4,142980455961,73000,1
143.003,4,143000992009,2502412,0
143.014,4,143011157033,2502412,0
143.019,4,143016271045,2502412,0
143.021,4,143018800457,2502412,0
143.024,4,143024191469,73000,1
143.032,4,143029394481,2502412,0
143.037,4,143037074499,73000,1
143.045,4,143042295511,2502412,0
143.045,4,143044824923,73000,1
143.066,4,143063117559,2502412,0
143.073,4,143070743577,2502412,0
143.076,4,143075848589,73000,1
143.078,4,143075928589,2502412,0
143.089,4,143086129613,2502412,0
143.099,4,143096339637,2502412,0
143.104,4,143101426649,2502412,0
143.107,4,143106531661,73000,1
143.109,4,143106604661,2502412,0
143.117,4,143114275679,2502412,0
143.13,4,143127328115,2502412,0
143.138,4,143134999133,2502412,0
143.14,4,143140077145,73000,1
143.151,4,143150448169,73000,1
143.151,4,143150537169,73000,1
143.184,4,143181587241,2502412,0
143.197,4,143194336271,2502412,0
143.199,4,143196865683,2502412,0
143.21,4,143207057707,2502412,0
143.217,4,143214710725,2502412,0
143.225,4,143222363743,2502412,0
143.23,4,143230329167,73000,1
143.233,4,143230409167,2502412,0
143.238,4,143235514179,2502412,0
143.243,4,143243149197,73000,1
143.246,4,143243247197,2502412,0
143.251,4,143250918215,73000,1
143.269,4,143266662251,2502412,0
143.279,4,143276863275,2502412,0
143.279,4,143279392687,73000,1
143.285,4,143282039287,2502412,0
143.292,4,143292258311,73000,1
143.308,4,143305123341,2502412,0
143.313,4,143310192353,2502412,0
143.313,4,143312748765,73000,1
143.32,4,143317916371,2502412,0
143.328,4,143325605389,2502412,0
143.339,4,143336101413,2502412,0
143.346,4,143343763431,2502412,0
143.354,4,143351407449,2502412,0
143.362,4,143359033467,2502412,0
143.364,4,143361884879,2502412,0
143.372,4,143369546897,2502412,0
143.38,4,143379765921,73000,1
143.4,4,143397753963,2502412,0
143.405,4,143402840975,2502412,0
143.41,4,143407909987,2502412,0
143.411,4,143410448399,73000,1
143.416,4,143413067999,2502412,0
143.418,4,143415606411,2502412,0
143.423,4,143420693423,2502412,0
143.428,4,143425807435,2502412,0
143.431,4,143431206853,73000,1
143.447,4,143444116883,2502412,0
143.449,4,143449230895,73000,1
143.47,4,143467531937,2502412,0
143.478,4,143477732961,73000,1
143.478,4,143477839961,73000,1
143.486,4,143483006973,2502412,0
143.486,4,143485572385,73000,1
143.493,4,143490739991,2502412,0
143.498,4,143495818003,2502412,0
143.501,4,143500941015,73000,1
143.506,4,143503578021,2502412,0
143.514,4,143511249039,2502412,0
143.519,4,143518893057,73000,1
143.54,4,143537184505,2502412,0
143.54,4,143539722917,73000,1
143.558,4,143555154547,2502412,0
143.563,4,143562816565,73000,1
143.579,4,143578551601,73000,1
143.602,4,143599078649,2502412,0
143.609,4,143609270673,73000,1
143.62,4,143617030691,2502412,0
143.63,4,143627222715,2502412,0
143.635,4,143632309727,2502412,0
143.643,4,143642850751,73000,1
143.648,4,143645514757,2502412,0
143.658,4,143655679781,2502412,0
143.668,4,143665889805,2502412,0
143.676,4,143673837229,2502412,0
143.684,4,143681481247,2502412,0
143.692,4,143689152265,2502412,0
143.699,4,143696778283,2502412,0
143.699,4,143699334695,73000,1
143.704,4,143701972295,2502412,0
143.707,4,143704519707,2502412,0
143.71,4,143709606719,73000,1
143.728,4,143725073755,2502412,0
143.733,4,143732708773,73000,1
143.748,4,143745895209,2502412,0
143.753,4,143750973221,2502412,0
143.764,4,143761165245,2502412,0
143.771,4,143768827263,2502412,0
143.782,4,143779340693,2502412,0
143.784,4,143781870105,2502412,0
143.79,4,143789514123,73000,1
143.802,4,143799849147,2502412,0
143.805,4,143804954159,73000,1
143.808,4,143805034159,2502412,0
143.813,4,143810094171,2502412,0
143.818,4,143815217183,2502412,0
143.828,4,143825409207,2502412,0
143.828,4,143827947619,73000,1
143.836,4,143835744231,73000,1
143.859,4,143856601685,2502412,0
143.872,4,143869350715,2502412,0
143.885,4,143882412745,2502412,0
143.898,4,143895143775,2502412,0
143.903,4,143900248787,2502412,0
143.911,4,143910476811,73000,1
143.931,4,143928464853,2502412,0
143.944,4,143941186883,2502412,0
143.952,4,143951709907,73000,1
143.959,4,143956930919,2502412,0
143.962,4,143962008931,73000,1
143.983,4,143980300973,2502412,0
143.988,4,143985378985,2502412,0
143.998,4,143995571009,2502412,0
144.003,4,144003260027,73000,1
144.009,4,144008490039,73000,1
144.055,4,144052297547,2502412,0
144.065,4,144062489571,2502412,0
144.065,4,144065027983,73000,1
144.073,4,144070213589,2502412,0
144.081,4,144080754613,73000,1
144.081,4,144080888613,73000,1
144.101,4,144098858655,2502412,0
144.109,4,144106475673,2502412,0
144.117,4,144114128691,2502412,0
144.124,4,144124329715,73000,1
144.127,4,144124427715,2502412,0
144.14,4,144137176745,2502412,0
144.142,4,144139724157,2502412,0
144.155,4,144152758593,2502412,0
144.161,4,144160447611,73000,1
144.166,4,144163120617,2502412,0
144.173,4,144170737635,2502412,0
144.184,4,144181251659,2502412,0
144.194,4,144191461683,2502412,0
144.199,4,144196530695,2502412,0
144.207,4,144204174713,2502412,0
144.214,4,144211854731,2502412,0
144.222,4,144222073755,73000,1
144.227,4,144227276767,73000,1
144.25,4,144247794815,2502412,0
144.263,4,144260856845,2502412,0
144.271,4,144268509863,2502412,0
144.279,4,144276162881,2502412,0
144.284,4,144284128899,73000,1
144.287,4,144284208899,2502412,0
144.299,4,144296957929,2502412,0
144.307,4,144304628947,2502412,0
144.312,4,144309697959,2502412,0
144.322,4,144319925983,2502412,0
144.333,4,144330136007,2502412,0
144.345,4,144342858037,2502412,0
144.356,4,144353389467,2502412,0
144.364,4,144361051485,2502412,0
144.374,4,144371261509,2502412,0
144.382,4,144381453533,73000,1
144.397,4,144397215569,73000,1
144.418,4,144417742617,73000,1
144.472,4,144471814149,73000,1
144.572,4,144569586783,2502412,0
144.575,4,144574691795,73000,1
144.595,4,144592992837,2502412,0
144.608,4,144605732867,2502412,0
144.611,4,144608262279,2502412,0
144.621,4,144618436303,2502412,0
144.631,4,144628664327,2502412,0
144.631,4,144631193739,73000,1
144.634,4,144631319333,2502412,0
144.647,4,144644068363,2502412,0
144.654,4,144654269387,73000,1
144.657,4,144654342387,2502412,0
144.659,4,144656880799,2502412,0
144.662,4,144659741805,2502412,0
144.667,4,144664819817,2502412,0
144.675,4,144672427835,2502412,0
144.68,4,144677514847,2502412,0
144.685,4,144682646859,2502412,0
144.696,4,144693169883,2502412,0
144.706,4,144703397907,2502412,0
144.709,4,144708520919,73000,1
144.729,4,144726481961,2502412,0
144.729,4,144729038373,73000,1
144.744,4,144741903997,2502412,0
144.757,4,144754644027,2502412,0
144.763,4,144762627451,73000,1
144.781,4,144778040487,2502412,0
144.793,4,144790789517,2502412,0
144.806,4,144803851547,2502412,0
144.809,4,144806380959,2502412,0
144.819,4,144816581983,2502412,0
144.829,4,144826801007,2502412,0
144.84,4,144837011031,2502412,0
144.845,4,144844664049,73000,1
144.85,4,144847337055,2502412,0
144.86,4,144857502079,2502412,0
144.865,4,144862571091,2502412,0
144.868,4,144865423097,2502412,0
144.876,4,144875642121,73000,1
144.883,4,144880881133,2502412,0
144.896,4,144893630163,2502412,0
144.904,4,144901569181,2502412,0
144.909,4,144906665193,2502412,0
144.914,4,144914309211,73000,1
144.927,4,144924662235,2502412,0
144.937,4,144934836259,2502412,0
144.942,4,144939923271,2502412,0
144.95,4,144947558289,2502412,0
144.955,4,144952654301,2502412,0
144.96,4,144960325319,73000,1
144.963,4,144962998325,73000,1
145.007,4,145004570827,2502412,0
145.01,4,145009684839,73000,1
145.025,4,145022540869,2502412,0
145.028,4,145027654881,73000,1
145.033,4,145030273887,2502412,0
145.04,4,145037944905,2502412,0
145.051,4,145048127929,2502412,0
145.058,4,145055780947,2502412,0
145.063,4,145060849959,2502412,0
145.069,4,145068842383,73000,1
145.071,4,145068922383,2502412,0
145.077,4,145076584401,73000,1
145.084,4,145081796413,2502412,0
145.097,4,145094545443,2502412,0
145.105,4,145102484461,2502412,0
145.11,4,145107589473,2502412,0
145.12,4,145117808497,2502412,0
145.13,4,145127991521,2502412,0
145.136,4,145133105533,2502412,0
145.146,4,145143270557,2502412,0
145.151,4,145148366569,2502412,0
145.161,4,145158567593,2502412,0
145.161,4,145161124005,73000,1
145.161,4,145161258599,73000,1
145.169,4,145166452611,2502412,0
145.169,4,145168982023,73000,1
145.182,4,145182196053,73000,1
145.213,4,145213255125,73000,1
145.28,4,145277536681,2502412,0
145.293,4,145290240711,2502412,0
145.295,4,145292770123,2502412,0
145.298,4,145295308535,2502412,0
145.305,4,145302943553,2502412,0
145.313,4,145310900571,2502412,0
145.321,4,145318598589,2502412,0
145.326,4,145323658601,2502412,0
145.331,4,145328754613,2502412,0
145.339,4,145336398631,2502412,0
145.347,4,145344069649,2502412,0
145.352,4,145351740667,73000,1
145.367,4,145367189703,73000,1
145.408,4,145405910199,2502412,0
145.416,4,145413840217,2502412,0
145.422,4,145421511235,73000,1
145.422,4,145421600235,73000,1
145.447,4,145444702289,2502412,0
145.447,4,145447240701,73000,1
145.45,4,145449878301,73000,1
145.452,4,145449951301,2502412,0
145.463,4,145460170325,2502412,0
145.47,4,145467805343,2502412,0
145.478,4,145475449361,2502412,0
145.481,4,145478292367,2502412,0
145.483,4,145480821779,2502412,0
145.483,4,145483351191,73000,1
145.488,4,145485970791,2502412,0
145.494,4,145491093803,2502412,0
145.499,4,145496180815,2502412,0
145.501,4,145498719227,2502412,0
145.504,4,145501257639,2502412,0
145.514,4,145511798663,2502412,0
145.522,4,145519460681,2502412,0
145.53,4,145529688705,73000,1
145.543,4,145542589735,73000,1
145.581,4,145578413819,2502412,0
145.586,4,145586388837,73000,1
145.592,4,145589034843,2502412,0
145.597,4,145594112855,2502412,0
145.599,4,145596642267,2502412,0
145.612,4,145609382297,2502412,0
145.614,4,145611956709,2502412,0
145.625,4,145622443139,2502412,0
145.63,4,145627503151,2502412,0
145.638,4,145635192169,2502412,0
145.645,4,145642845187,2502412,0
145.65,4,145647932199,2502412,0
145.661,4,145658151223,2502412,0
145.673,4,145670891253,2502412,0
145.676,4,145673420665,2502412,0
145.689,4,145686482101,2502412,0
145.692,4,145689047513,2502412,0
145.692,4,145691603925,73000,1
145.71,4,145707035555,2502412,0
145.723,4,145720097585,2502412,0
145.735,4,145732846615,2502412,0
145.74,4,145737924627,2502412,0
145.751,4,145748125651,2502412,0
145.753,4,145753266663,73000,1
145.764,4,145761026681,2502412,0
145.771,4,145768643699,2502412,0
145.779,4,145776278717,2502412,0
145.779,4,145778844129,73000,1
145.797,4,145794588165,2502412,0
145.81,4,145807319195,2502412,0
145.815,4,145812433207,2502412,0
145.823,4,145822947231,73000,1
145.838,4,145835830261,2502412,0
145.844,4,145843465279,73000,1
145.844,4,145843581279,73000,1
145.851,4,145848766291,2502412,0
145.856,4,145853853303,2502412,0
145.864,4,145864063327,73000,1
145.869,4,145869293339,73000,1
145.9,4,145897785811,2502412,0
145.91,4,145907986835,2502412,0
145.911,4,145910516247,73000,1
145.929,4,145926278877,2502412,0
145.934,4,145931347889,2502412,0
145.937,4,145936434901,73000,1
145.939,4,145936507901,2502412,0
145.949,4,145946735925,2502412,0
145.949,4,145949274337,73000,1
145.96,4,145959618955,73000,1
145.99,4,145987799021,2502412,0
145.993,4,145990642027,2502412,0
145.993,4,145993171439,73000,1
146.014,4,146011169075,2502412,0
146.019,4,146016256087,2502412,0
146.027,4,146026779111,73000,1
146.037,4,146034548129,2502412,0
146.047,4,146044740153,2502412,0
146.055,4,146052402171,2502412,0
146.063,4,146060010189,2502412,0
146.07,4,146067663207,2502412,0
146.075,4,146072759219,2502412,0
146.085,4,146082969243,2502412,0
146.088,4,146085507655,2502412,0
146.093,4,146090585667,2502412,0
146.098,4,146095985679,2502412,0
146.109,4,146106204703,2502412,0
146.111,4,146108743115,2502412,0
146.121,4,146118926139,2502412,0
146.127,4,146124022151,2502412,0
146.134,4,146131987575,2502412,0
146.142,4,146139658593,2502412,0
146.152,4,146149886617,2502412,0
146.163,4,146160060641,2502412,0
146.17,4,146167722659,2502412,0
146.178,4,146177950683,73000,1
146.181,4,146180605689,73000,1
146.207,4,146204002149,2502412,0
146.219,4,146216751179,2502412,0
146.224,4,146221838191,2502412,0
146.23,4,146229777209,73000,1
146.245,4,146245244245,73000,1
146.278,4,146275972317,2502412,0
146.279,4,146278510729,73000,1
146.296,4,146293951359,2502412,0
146.302,4,146299332777,2502412,0
146.312,4,146309524801,2502412,0
146.315,4,146312054213,2502412,0
146.322,4,146319725231,2502412,0
146.332,4,146329917255,2502412,0
146.338,4,146335325673,2502412,0
146.34,4,146337864085,2502412,0
146.351,4,146348056109,2502412,0
146.356,4,146353152121,2502412,0
146.366,4,146363353145,2502412,0
146.371,4,146368467157,2502412,0
146.374,4,146373563169,73000,1
146.379,4,146378811181,73000,1
146.386,4,146383978193,2502412,0
146.392,4,146389074205,2502412,0
146.397,4,146394152217,2502412,0
146.407,4,146404638647,2502412,0
146.412,4,146412336665,73000,1
146.423,4,146420105683,2502412,0
146.428,4,146425174695,2502412,0
146.438,4,146435697719,2502412,0
146.443,4,146443368737,73000,1
146.456,4,146453676761,2502412,0
146.456,4,146456215173,73000,1
146.464,4,146461400779,2502412,0
146.469,4,146469062797,73000,1
146.474,4,146471717803,2502412,0
146.477,4,146474247215,2502412,0
146.489,4,146486978245,2502412,0
146.495,4,146492101257,2502412,0
146.505,4,146502596687,2502412,0
146.51,4,146507701699,2502412,0
146.515,4,146512770711,2502412,0
146.523,4,146520432729,2502412,0
146.531,4,146528094747,2502412,0
146.536,4,146533163759,2502412,0
146.536,4,146536006171,73000,1
146.549,4,146546386195,2502412,0
146.549,4,146548915607,73000,1
146.567,4,146566913243,73000,1
146.598,4,146597659315,73000,1
146.649,4,146646902835,2502412,0
146.657,4,146654519853,2502412,0
146.667,4,146664729877,2502412,0
146.667,4,146667268289,73000,1
146.667,4,146667375883,73000,1
146.668,4,146667491883,73000,1
146.706,4,146703333967,2502412,0
146.711,4,146708724385,2502412,0
146.716,4,146713811397,2502412,0
146.724,4,146721437415,2502412,0
146.729,4,146726515427,2502412,0
146.732,4,146729080839,2502412,0
146.737,4,146734176851,2502412,0
146.747,4,146744708875,2502412,0
146.755,4,146752361893,2502412,0
146.765,4,146762571917,2502412,0
146.775,4,146772763941,2502412,0
146.788,4,146785512971,2502412,0
146.791,4,146788042383,2502412,0
146.803,4,146800791413,2502412,0
146.811,4,146808471431,2502412,0
146.816,4,146813862443,2502412,0
146.821,4,146818940455,2502412,0
146.822,4,146821505867,73000,1
146.829,4,146826700473,2502412,0
146.834,4,146831796485,2502412,0
146.837,4,146834325897,2502412,0
146.842,4,146839421909,2502412,0
146.852,4,146849917933,2502412,0
146.855,4,146852492345,2502412,0
146.863,4,146860136363,2502412,0
146.87,4,146867744381,2502412,0
146.873,4,146870273793,2502412,0
146.88,4,146877944811,2502412,0
146.883,4,146880474223,2502412,0
146.888,4,146885552235,2502412,0
146.891,4,146890702247,73000,1
146.898,4,146895932259,2502412,0
146.904,4,146901028271,2502412,0
146.909,4,146906097283,2502412,0
146.919,4,146916637713,2502412,0
146.924,4,146921706725,2502412,0
146.934,4,146931925749,2502412,0
146.947,4,146944978779,2502412,0
146.958,4,146955179803,2502412,0
146.963,4,146962859821,73000,1
146.983,4,146980838863,2502412,0
146.996,4,146993578893,2502412,0
146.999,4,146998683905,73000,1
147.019,4,147016984353,2502412,0
147.027,4,147024619371,2502412,0
147.04,4,147037359401,2502412,0
147.045,4,147042473413,2502412,0
147.053,4,147050394431,2502412,0
147.061,4,147058074449,2502412,0
147.066,4,147063143461,2502412,0
147.076,4,147073353485,2502412,0
147.086,4,147083563509,2502412,0
147.091,4,147088650521,2502412,0
147.096,4,147093737533,2502412,0
147.101,4,147098815545,2502412,0
147.106,4,147103875557,2502412,0
147.112,4,147109007569,2502412,0
147.117,4,147114085581,2502412,0
147.122,4,147119503593,2502412,0
147.13,4,147127183611,2502412,0
147.135,4,147132243623,2502412,0
147.142,4,147139914641,2502412,0
147.148,4,147145019653,2502412,0
147.148,4,147147549065,73000,1
147.158,4,147155658677,2502412,0
147.168,4,147165841701,2502412,0
147.174,4,147173503719,73000,1
147.179,4,147176158725,2502412,0
147.189,4,147186332749,2502412,0
147.194,4,147191455761,2502412,0
147.197,4,147196533773,73000,1
147.202,4,147199179779,2502412,0
147.212,4,147209380803,2502412,0
147.22,4,147217051821,2502412,0
147.22,4,147219894827,73000,1
147.235,4,147235334863,73000,1
147.256,4,147256201911,73000,1
147.338,4,147335780503,2502412,0
147.346,4,147343415521,2502412,0
147.354,4,147351032539,2502412,0
147.362,4,147358998557,2502412,0
147.369,4,147366633575,2502412,0
147.377,4,147374313593,2502412,0
147.377,4,147376852005,73000,1
147.382,4,147379516605,2502412,0
147.392,4,147389699629,2502412,0
147.402,4,147399909653,2502412,0
147.41,4,147407580671,2502412,0
147.415,4,147412649683,2502412,0
147.415,4,147415179095,73000,1
147.423,4,147420391701,2502412,0
147.423,4,147422948113,73000,1
147.434,4,147431030131,2502412,0
147.446,4,147443752161,2502412,0
147.446,4,147446335573,73000,1
147.459,4,147456957191,2502412,0
147.462,4,147459486603,2502412,0
147.472,4,147469642627,2502412,0
147.48,4,147477331645,2502412,0
147.493,4,147490080675,2502412,0
147.495,4,147492610087,2502412,0
147.508,4,147505359117,2502412,0
147.51,4,147507897529,2502412,0
147.513,4,147510435941,2502412,0
147.518,4,147515513953,2502412,0
147.526,4,147523157971,2502412,0
147.534,4,147531141395,2502412,0
147.539,4,147536228407,2502412,0
147.541,4,147538757819,2502412,0
147.551,4,147548976843,2502412,0
147.557,4,147554099855,2502412,0
147.57,4,147567143885,2502412,0
147.572,4,147569700297,2502412,0
147.582,4,147579883321,2502412,0
147.587,4,147584943333,2502412,0
147.593,4,147590084345,2502412,0
147.603,4,147600258369,2502412,0
147.605,4,147602832781,2502412,0
147.618,4,147615572811,2502412,0
147.623,4,147620695823,2502412,0
147.629,4,147628634247,73000,1
147.641,4,147638996271,2502412,0
147.649,4,147646613289,2502412,0
147.657,4,147656832313,73000,1
147.675,4,147672576349,2502412,0
147.683,4,147680193367,2502412,0
147.69,4,147687819385,2502412,0
147.698,4,147695481403,2502412,0
147.706,4,147703125421,2502412,0
147.713,4,147710796439,2502412,0
147.721,4,147718431457,2502412,0
147.726,4,147723518469,2502412,0
147.737,4,147734058899,2502412,0
147.742,4,147739127911,2502412,0
147.749,4,147746771929,2502412,0
147.757,4,147754451947,2502412,0
147.762,4,147759520959,2502412,0
147.77,4,147767477977,2502412,0
147.78,4,147777688001,2502412,0
147.785,4,147782811013,2502412,0
147.795,4,147792994037,2502412,0
147.803,4,147800656055,2502412,0
147.811,4,147808264073,2502412,0
147.818,4,147815935091,2502412,0
147.826,4,147823570109,2502412,0
147.837,4,147834101539,2502412,0
147.842,4,147839197551,2502412,0
147.847,4,147844275563,2502412,0
147.852,4,147849353575,2502412,0
147.857,4,147857024593,73000,1
147.86,4,147857113593,2502412,0
147.862,4,147862245605,73000,1
147.87,4,147867770617,2502412,0
147.878,4,147875387635,2502412,0
147.88,4,147877917047,2502412,0
147.888,4,147885534065,2502412,0
147.891,4,147890657077,73000,1
147.901,4,147898453095,2502412,0
147.914,4,147911202125,2502412,0
147.916,4,147916298137,73000,1
147.921,4,147918953143,2502412,0
147.924,4,147924049155,73000,1
147.942,4,147939774597,2502412,0
147.945,4,147942322009,2502412,0
147.958,4,147955071039,2502412,0
147.965,4,147965272063,73000,1
147.968,4,147965379063,2502412,0
147.978,4,147975875087,2502412,0
147.983,4,147980989099,2502412,0
147.996,4,147993738129,2502412,0
147.999,4,147996285541,2502412,0
148.012,4,148009016571,2502412,0
148.022,4,148019217595,2502412,0
148.027,4,148024331607,2502412,0
148.027,4,148026870019,73000,1
148.037,4,148034621631,2502412,0
148.04,4,148037178043,2502412,0
148.048,4,148045108061,2502412,0
148.053,4,148050168073,2502412,0
148.058,4,148055309085,2502412,0
148.068,4,148065501109,2502412,0
148.076,4,148073476127,2502412,0
148.081,4,148078545139,2502412,0
148.089,4,148086207157,2502412,0
148.096,4,148093869175,2502412,0
148.104,4,148101477193,2502412,0
148.109,4,148106600205,2502412,0
148.119,4,148116801229,2502412,0
148.124,4,148121906241,2502412,0
148.132,4,148129532259,2502412,0
148.14,4,148137203277,2502412,0
148.15,4,148147725707,2502412,0
148.153,4,148150255119,2502412,0
148.158,4,148155342131,2502412,0
148.168,4,148165543155,2502412,0
148.179,4,148176066179,2502412,0
148.179,4,148178595591,73000,1
148.181,4,148178676185,2502412,0
148.186,4,148183790197,2502412,0
148.191,4,148188850209,2502412,0
148.199,4,148196503227,2502412,0
148.202,4,148199032639,2502412,0
148.209,4,148206712657,2502412,0
148.217,4,148214347675,2502412,0
148.219,4,148216886087,2502412,0
148.227,4,148224521105,2502412,0
148.235,4,148232228123,2502412,0
148.248,4,148245271559,2502412,0
148.25,4,148250394571,73000,1
148.258,4,148255579583,2502412,0
148.261,4,148258117995,2502412,0
148.271,4,148268292019,2502412,0
148.276,4,148273433031,2502412,0
148.286,4,148283910461,2502412,0
148.289,4,148286448873,2502412,0
148.294,4,148291517885,2502412,0
148.297,4,148294083297,2502412,0
148.307,4,148304284321,2502412,0
148.309,4,148309425333,73000,1
148.33,4,148327377375,2502412,0
148.343,4,148340126405,2502412,0
148.351,4,148350657835,73000,1
148.351,4,148350791835,73000,1
148.361,4,148358533853,2502412,0
148.374,4,148371255883,2502412,0
148.379,4,148379239901,73000,1
148.382,4,148379312901,2502412,0
148.389,4,148386983919,2502412,0
148.392,4,148392061931,73000,1
148.4,4,148397273943,2502412,0
148.405,4,148402360955,2502412,0
148.415,4,148412570979,2502412,0
148.425,4,148422790003,2502412,0
148.43,4,148427859015,2502412,0
148.435,4,148432946027,2502412,0
148.443,4,148440608045,2502412,0
148.448,4,148445686057,2502412,0
148.456,4,148453643075,2502412,0
148.464,4,148461323093,2502412,0
148.464,4,148463852505,73000,1
148.477,4,148474188123,2502412,0
148.482,4,148479257135,2502412,0
148.492,4,148489761565,2502412,0
148.495,4,148492299977,2502412,0
148.502,4,148499934995,2502412,0
148.51,4,148507570013,2502412,0
148.513,4,148510126425,2502412,0
148.52,4,148517770443,2502412,0
148.531,4,148527998467,2502412,0
148.536,4,148533094479,2502412,0
148.541,4,148538172491,2502412,0
148.546,4,148543241503,2502412,0
148.548,4,148548346515,73000,1
148.551,4,148548471515,2502412,0
148.551,4,148551314521,73000,1
148.562,4,148559110539,2502412,0
148.564,4,148561639951,2502412,0
148.577,4,148574370981,2502412,0
148.59,4,148587433011,2502412,0
148.59,4,148590016423,73000,1
148.595,4,148595202029,73000,1
148.623,4,148620852089,2502412,0
148.631,4,148628478107,2502412,0
148.639,4,148636122125,2502412,0
148.649,4,148646341149,2502412,0
148.654,4,148651428161,2502412,0
148.664,4,148661951185,2502412,0
148.67,4,148669604203,73000,1
148.672,4,148669702203,2502412,0
148.685,4,148682451233,2502412,0
148.688,4,148687878245,73000,1
148.708,4,148705857287,2502412,0
148.719,4,148716058311,2502412,0
148.721,4,148721154323,73000,1
148.734,4,148734028353,73000,1
148.754,4,148751989395,2502412,0
148.765,4,148762502825,2502412,0
148.773,4,148770164843,2502412,0
148.783,4,148780347867,2502412,0
148.793,4,148790870891,2502412,0
148.798,4,148795930903,2502412,0
148.801,4,148798460315,2502412,0
148.804,4,148800998727,2502412,0
148.811,4,148808633745,2502412,0
148.811,4,148811172157,73000,1
148.816,4,148813818757,2502412,0
148.819,4,148816393169,2502412,0
148.827,4,148824046187,2502412,0
148.837,4,148834247211,2502412,0
148.842,4,148841927229,73000,1
148.858,4,148857688671,73000,1
148.889,4,148888434743,73000,1
148.95,4,148950150887,73000,1
149.097,4,149094262035,2502412,0
149.11,4,149107296471,2502412,0
149.117,4,149114940489,2502412,0
149.125,4,149122566507,2502412,0
149.128,4,149125104919,2502412,0
149.133,4,149130191931,2502412,0
149.138,4,149135287943,2502412,0
149.148,4,149145515967,2502412,0
149.156,4,149153168985,2502412,0
149.161,4,149158228997,2502412,0
149.169,4,149166203421,2502412,0
149.171,4,149168732833,2502412,0
149.174,4,149173828845,73000,1
149.184,4,149181633863,2502412,0
149.192,4,149189268881,2502412,0
149.197,4,149196921899,73000,1
149.213,4,149210117929,2502412,0
149.223,4,149220282953,2502412,0
149.228,4,149225405965,2502412,0
149.228,4,149227935377,73000,1
149.246,4,149243376007,2502412,0
149.246,4,149245923419,73000,1
149.251,4,149248543019,2502412,0
149.254,4,149251072431,2502412,0
149.259,4,149256141443,2502412,0
149.266,4,149263794461,2502412,0
149.277,4,149274325891,2502412,0
149.279,4,149276882303,2502412,0
149.287,4,149284508321,2502412,0
149.295,4,149292125339,2502412,0
149.3,4,149297266351,2502412,0
149.305,4,149302648009,2502412,0
149.313,4,149310283027,2502412,0
149.318,4,149315424039,2502412,0
149.326,4,149323059057,2502412,0
149.331,4,149328137069,2502412,0
149.336,4,149333251081,2502412,0
149.346,4,149343434105,2502412,0
149.351,4,149348557117,2502412,0
149.361,4,149358776141,2502412,0
149.374,4,149371828009,2502412,0
149.385,4,149382038033,2502412,0
149.395,4,149392266057,2502412,0
149.402,4,149399910075,2502412,0
149.415,4,149412971511,2502412,0
149.418,4,149415536923,2502412,0
149.428,4,149425710947,2502412,0
149.433,4,149430842959,2502412,0
149.439,4,149438468977,73000,1
149.456,4,149453918013,2502412,0
149.467,4,149464092037,2502412,0
149.472,4,149472075461,73000,1
149.475,4,149474757467,73000,1
149.48,4,149477376473,2502412,0
149.49,4,149487577497,2502412,0
149.495,4,149492637509,2502412,0
149.503,4,149500299527,2502412,0
149.508,4,149505708539,2502412,0
149.513,4,149510795551,2502412,0
149.518,4,149515864563,2502412,0
149.523,4,149520933575,2502412,0
149.526,4,149523462987,2502412,0
149.534,4,149531134005,2502412,0
149.539,4,149536230017,2502412,0
149.544,4,149541299029,2502412,0
149.546,4,149543837441,2502412,0
149.554,4,149551499459,2502412,0
149.562,4,149559206477,2502412,0
149.574,4,149571955507,2502412,0
149.577,4,149574825513,2502412,0
149.588,4,149584999537,2502412,0
149.593,4,149590086549,2502412,0
149.595,4,149592615961,2502412,0
149.603,4,149600268979,2502412,0
149.611,4,149608279997,2502412,0
149.621,4,149618463021,2502412,0
149.629,4,149626125039,2502412,0
149.639,4,149636299063,2502412,0
149.649,4,149646518087,2502412,0
149.654,4,149651578099,2502412,0
149.664,4,149661797123,2502412,0
149.669,4,149666911135,2502412,0
149.68,4,149677406565,2502412,0
149.685,4,149682493577,2502412,0
149.688,4,149685058989,2502412,0
149.698,4,149695215013,2502412,0
149.703,4,149700320025,2502412,0
149.706,4,149705452037,73000,1
149.708,4,149705525037,2502412,0
149.711,4,149710943049,73000,1
149.714,4,149711023049,2502412,0
149.714,4,149713597461,73000,1
149.732,4,149729020091,2502412,0
149.737,4,149734125103,2502412,0
149.749,4,149746874133,2502412,0
149.76,4,149757066157,2502412,0
149.772,4,149769815187,2502412,0
149.777,4,149774902199,2502412,0
149.788,4,149785433629,2502412,0
149.793,4,149790493641,2502412,0
149.796,4,149793032053,2502412,0
149.796,4,149795597465,73000,1
149.808,4,149805951083,2502412,0
149.811,4,149811029095,73000,1
149.829,4,149826782131,2502412,0
149.839,4,149836974155,2502412,0
149.842,4,149842070167,73000,1
149.855,4,149852378191,2502412,0
149.86,4,149857456203,2502412,0
149.868,4,149865091221,2502412,0
149.873,4,149870160233,2502412,0
149.88,4,149877831251,2502412,0
149.888,4,149888371681,73000,1
149.899,4,149896140699,2502412,0
149.904,4,149901236711,2502412,0
149.916,4,149913985741,2502412,0
149.919,4,149919403159,73000,1
149.927,4,149924624171,2502412,0
149.93,4,149929702183,73000,1
149.937,4,149934914195,2502412,0
149.943,4,149942549213,73000,1
149.958,4,149955414243,2502412,0
149.966,4,149963058261,2502412,0
149.976,4,149973268285,2502412,0
149.976,4,149975797697,73000,1
149.981,4,149981028303,73000,1
150.02,4,150017504793,2502412,0
150.033,4,150030253823,2502412,0
150.04,4,150037897841,2502412,0
150.045,4,150042975853,2502412,0
150.053,4,150050601871,2502412,0
150.061,4,150058290889,2502412,0
150.066,4,150063350901,2502412,0
150.071,4,150068446913,2502412,0
150.081,4,150078674937,2502412,0
150.089,4,150086640361,2502412,0
150.097,4,150094266379,2502412,0
150.104,4,150101928397,2502412,0
150.107,4,150104457809,2502412,0
150.115,4,150112101827,2502412,0
150.123,4,150120094845,2502412,0
150.123,4,150122624257,73000,1
150.135,4,150132959875,2502412,0
150.148,4,150145708905,2502412,0
150.158,4,150155900929,2502412,0
150.166,4,150166128953,73000,1
150.169,4,150166201953,2502412,0
150.174,4,150173854971,73000,1
150.187,4,150184162995,2502412,0
150.197,4,150194676425,2502412,0
150.202,4,150199754437,2502412,0
150.212,4,150209964461,2502412,0
150.223,4,150220174485,2502412,0
150.228,4,150225564903,2502412,0
150.231,4,150230687915,73000,1
150.236,4,150235908927,73000,1
150.279,4,150276883023,2502412,0
150.29,4,150287048047,2502412,0
150.295,4,150292483465,2502412,0
150.3,4,150297543477,2502412,0
150.31,4,150307744501,2502412,0
150.32,4,150317963525,2502412,0
150.326,4,150323041537,2502412,0
150.328,4,150325883949,2502412,0
150.341,4,150338632979,2502412,0
150.344,4,150343782991,73000,1
150.346,4,150343855991,2502412,0
150.357,4,150354066015,2502412,0
150.362,4,150361719033,73000,1
150.375,4,150372063057,2502412,0
150.38,4,150377132069,2502412,0
150.39,4,150387333093,2502412,0
150.398,4,150395289517,2502412,0
150.405,4,150402933535,2502412,0
150.411,4,150410595553,73000,1
150.426,4,150423451583,2502412,0
150.428,4,150425989995,2502412,0
150.429,4,150428850407,73000,1
150.434,4,150431469413,2502412,0
150.442,4,150439113431,2502412,0
150.449,4,150446784449,2502412,0
150.457,4,150454455467,2502412,0
150.47,4,150467186497,2502412,0
150.472,4,150469733909,2502412,0
150.48,4,150477359927,2502412,0
150.485,4,150482437939,2502412,0
150.493,4,150490108957,2502412,0
150.498,4,150498092381,73000,1
150.516,4,150513532417,2502412,0
150.521,4,150521185435,73000,1
150.542,4,150539486477,2502412,0
150.542,4,150542015889,73000,1
150.55,4,150547192495,2502412,0
150.555,4,150552288507,2502412,0
150.565,4,150562489531,2502412,0
150.573,4,150570151549,2502412,0
150.583,4,150580352573,2502412,0
150.596,4,150593083603,2502412,0
150.599,4,150598528021,73000,1
150.606,4,150603722033,2502412,0
150.611,4,150608818045,2502412,0
150.624,4,150621567075,2502412,0
150.635,4,150632063099,2502412,0
150.645,4,150642273123,2502412,0
150.65,4,150647396135,2502412,0
150.66,4,150657579159,2502412,0
150.665,4,150662675171,2502412,0
150.675,4,150672849195,2502412,0
150.68,4,150677990207,2502412,0
150.688,4,150688182231,73000,1
150.701,4,150698526255,2502412,0
150.709,4,150706447273,2502412,0
150.717,4,150714118291,2502412,0
150.727,4,150724301315,2502412,0
150.729,4,150729424327,73000,1
150.73,4,150729513327,73000,1
150.74,4,150737586345,2502412,0
150.743,4,150740115757,2502412,0
150.75,4,150747732775,2502412,0
150.755,4,150752792787,2502412,0
150.76,4,150757906799,2502412,0
150.771,4,150768134823,2502412,0
150.776,4,150775805841,73000,1
150.789,4,150786122865,2502412,0
150.801,4,150798853895,2502412,0
150.807,4,150804271313,2502412,0
150.812,4,150811915331,73000,1
150.825,4,150822250355,2502412,0
150.827,4,150827355367,73000,1
150.848,4,150845629409,2502412,0
150.861,4,150858378439,2502412,0
150.866,4,150863483451,2502412,0
150.874,4,150873702475,73000,1
150.884,4,150881435493,2502412,0
150.894,4,150891627517,2502412,0
150.897,4,150896759529,73000,1
150.918,4,150915032977,2502412,0
150.925,4,150922667995,2502412,0
150.935,4,150932887019,2502412,0
150.946,4,150943374043,2502412,0
150.951,4,150948470055,2502412,0
150.951,4,150951026467,73000,1
150.959,4,150958823079,73000,1
150.961,4,150958896079,2502412,0
150.972,4,150969088103,2502412,0
150.979,4,150976732121,2502412,0
150.989,4,150986942145,2502412,0
150.995,4,150992020157,2502412,0
150.997,4,150994549569,2502412,0
151.002,4,151002202587,73000,1
151.02,4,151017964029,2502412,0
151.033,4,151030704059,2502412,0
151.036,4,151033269471,2502412,0
151.041,4,151038338483,2502412,0
151.041,4,151041180895,73000,1
151.049,4,151046347907,2502412,0
151.054,4,151051506919,2502412,0
151.064,4,151061707943,2502412,0
151.069,4,151066794955,2502412,0
151.074,4,151071872967,2502412,0
151.082,4,151079525985,2502412,0
151.09,4,151087179003,2502412,0
151.097,4,151094814021,2502412,0
151.105,4,151105042045,73000,1
151.118,4,151118255481,73000,1
151.159,4,151156976571,2502412,0
151.167,4,151164584589,2502412,0
151.175,4,151174812613,73000,1
151.19,4,151187704643,2502412,0
151.195,4,151192764655,2502412,0
151.198,4,151195294067,2502412,0
151.205,4,151202902085,2502412,0
151.206,4,151205440497,73000,1
151.219,4,151216124521,2502412,0
151.224,4,151223777539,73000,1
151.229,4,151226450545,2502412,0
151.242,4,151239199575,2502412,0
151.242,4,151241737987,73000,1
151.252,4,151249811599,2502412,0
151.255,4,151252341011,2502412,0
151.26,4,151259967029,73000,1
151.263,4,151260047029,2502412,0
151.268,4,151265116041,2502412,0
151.27,4,151270257053,73000,1
151.278,4,151275487065,2502412,0
151.291,4,151288218095,2502412,0
151.298,4,151295862113,2502412,0
151.298,4,151298400525,73000,1
151.306,4,151303613131,2502412,0
151.316,4,151313796155,2502412,0
151.324,4,151324337179,73000,1
151.335,4,151332106197,2502412,0
151.342,4,151339741215,2502412,0
151.345,4,151342270627,2502412,0
151.355,4,151352757651,2502412,0
151.358,4,151355296063,2502412,0
151.363,4,151360410075,2502412,0
151.371,4,151368036093,2502412,0
151.378,4,151375716111,2502412,0
151.383,4,151380803123,2502412,0
151.388,4,151385890135,2502412,0
151.396,4,151393543153,2502412,0
151.404,4,151401205171,2502412,0
151.411,4,151411424195,73000,1
151.432,4,151429715643,2502412,0
151.437,4,151434793655,2502412,0
151.45,4,151447542685,2502412,0
151.455,4,151452942697,2502412,0
151.463,4,151460586715,2502412,0
151.473,4,151470814739,2502412,0
151.484,4,151481033763,2502412,0
151.496,4,151493764793,2502412,0
151.501,4,151498878805,2502412,0
151.509,4,151506495823,2502412,0
151.514,4,151511600835,2502412,0
151.519,4,151516687847,2502412,0
151.525,4,151522078265,2502412,0
151.53,4,151527138277,2502412,0
151.537,4,151534827295,2502412,0
151.545,4,151542480313,2502412,0
151.55,4,151550169331,73000,1
151.571,4,151568470373,2502412,0
151.584,4,151581219403,2502412,0
151.594,4,151591402427,2502412,0
151.596,4,151593931839,2502412,0
151.602,4,151601584857,73000,1
151.614,4,151611919881,2502412,0
151.619,4,151616988893,2502412,0
151.625,4,151622397311,2502412,0
151.635,4,151632580335,2502412,0
151.64,4,151637685347,2502412,0
151.645,4,151642781359,2502412,0
151.645,4,151645310771,73000,1
151.661,4,151658534395,2502412,0
151.664,4,151661063807,2502412,0
151.676,4,151673785837,2502412,0
151.681,4,151678917849,2502412,0
151.692,4,151689082873,2502412,0
151.702,4,151699310897,2502412,0
151.707,4,151706981915,73000,1
151.722,4,151719846945,2502412,0
151.728,4,151725246363,2502412,0
151.738,4,151735429387,2502412,0
151.743,4,151740543399,2502412,0
151.756,4,151753292429,2502412,0
151.758,4,151755821841,2502412,0
151.764,4,151761230259,2502412,0
151.774,4,151771431283,2502412,0
151.782,4,151779084301,2502412,0
151.784,4,151781613713,2502412,0
151.789,4,151789284731,73000,1
151.8,4,151797053749,2502412,0
151.805,4,151802140761,2502412,0
151.812,4,151812359785,73000,1
151.823,4,151820128803,2502412,0
151.836,4,151833172239,2502412,0
151.848,4,151845912269,2502412,0
151.856,4,151853574287,2502412,0
151.864,4,151864106311,73000,1
151.869,4,151869336323,73000,1
151.898,4,151897534389,73000,1
151.905,4,151902710401,2502412,0
151.905,4,151905239813,73000,1
151.921,4,151920689443,73000,1
151.923,4,151920762443,2502412,0
151.928,4,151925849455,2502412,0
151.931,4,151928378867,2502412,0
151.941,4,151938874891,2502412,0
151.944,4,151941404303,2502412,0
151.949,4,151946482315,2502412,0
151.954,4,151951596327,2502412,0
151.957,4,151956683339,73000,1
151.964,4,151961940351,2502412,0
151.978,4,151975001787,2502412,0
151.98,4,151977549199,2502412,0
151.988,4,151985157217,2502412,0
151.993,4,151990253229,2502412,0
151.998,4,151995322241,2502412,0
152.008,4,152005550265,2502412,0
152.013,4,152010655277,2502412,0
152.021,4,152018299295,2502412,0
152.026,4,152023404307,2502412,0
152.036,4,152033917737,2502412,0
152.042,4,152039004749,2502412,0
152.044,4,152041534161,2502412,0
152.047,4,152044063573,2502412,0
152.057,4,152054246597,2502412,0
152.062,4,152059333609,2502412,0
152.065,4,152064492621,73000,1
152.07,4,152067451627,2502412,0
152.075,4,152072547639,2502412,0
152.083,4,152082757663,73000,1
152.096,4,152093083687,2502412,0
152.103,4,152100709705,2502412,0
152.113,4,152110928729,2502412,0
152.119,4,152115997741,2502412,0
152.129,4,152126216765,2502412,0
152.134,4,152131312777,2502412,0
152.144,4,152141817801,2502412,0
152.147,4,152146931813,73000,1
152.152,4,152149586819,2502412,0
152.165,4,152162317849,2502412,0
152.17,4,152167744861,2502412,0
152.178,4,152177963885,73000,1
152.188,4,152185714903,2502412,0
152.196,4,152193349921,2502412,0
152.201,4,152198409933,2502412,0
152.211,4,152208619957,2502412,0
152.221,4,152218847981,2502412,0
152.232,4,152229058005,2502412,0
152.237,4,152234145017,2502412,0
152.245,4,152242075035,2502412,0
152.25,4,152247171047,2502412,0
152.26,4,152257399071,2502412,0
152.265,4,152262486083,2502412,0
152.265,4,152265042495,73000,1
152.283,4,152280787125,2502412,0
152.296,4,152293536155,2502412,0
152.304,4,152301180173,2502412,0
152.306,4,152303709585,2502412,0
152.319,4,152316458615,2502412,0
152.322,4,152319015027,2502412,0
152.332,4,152329189051,2502412,0
152.332,4,152331745463,73000,1
152.334,4,152331835057,2502412,0
152.337,4,152334382469,2502412,0
152.35,4,152347443905,2502412,0
152.355,4,152352548917,2502412,0
152.36,4,152360210935,73000,1
152.376,4,152373406965,2502412,0
152.384,4,152381050983,2502412,0
152.389,4,152386119995,2502412,0
152.399,4,152396294019,2502412,0
152.401,4,152398859431,2502412,0
152.404,4,152403964443,73000,1
152.412,4,152409194455,2502412,0
152.417,4,152414272467,2502412,0
152.422,4,152419341479,2502412,0
152.429,4,152426985497,2502412,0
152.435,4,152432081509,2502412,0
152.442,4,152439725527,2502412,0
152.448,4,152445143539,2502412,0
152.458,4,152455326563,2502412,0
152.463,4,152460413575,2502412,0
152.466,4,152465545587,73000,1
152.479,4,152476193611,2502412,0
152.486,4,152483801629,2502412,0
152.491,4,152488897641,2502412,0
152.502,4,152499125665,2502412,0
152.514,4,152511874695,2502412,0
152.517,4,152514413107,2502412,0
152.527,4,152524587131,2502412,0
152.532,4,152529674143,2502412,0
152.535,4,152532239555,2502412,0
152.537,4,152534768967,2502412,0
152.542,4,152539837979,2502412,0
152.55,4,152547758403,2502412,0
152.555,4,152552845415,2502412,0
152.558,4,152555401827,2502412,0
152.566,4,152563090845,2502412,0
152.573,4,152570734863,2502412,0
152.576,4,152573264275,2502412,0
152.578,4,152575820687,2502412,0
152.586,4,152583750111,2502412,0
152.594,4,152591430129,2502412,0
152.602,4,152599110147,2502412,0
152.609,4,152606772165,2502412,0
152.614,4,152611841177,2502412,0
152.614,4,152614370589,73000,1
152.622,4,152619574195,2502412,0
152.63,4,152627245213,2502412,0
152.638,4,152637464237,73000,1
152.64,4,152637537237,2502412,0
152.643,4,152640075649,2502412,0
152.645,4,152645162661,73000,1
152.645,4,152645278661,73000,1
152.661,4,152658465097,2502412,0
152.669,4,152668675121,73000,1
152.682,4,152679318003,2502412,0
152.695,4,152692067033,2502412,0
152.705,4,152702277057,2502412,0
152.705,4,152704815469,73000,1
152.708,4,152707471069,73000,1
152.718,4,152715231087,2502412,0
152.73,4,152727971117,2502412,0
152.738,4,152735633135,2502412,0
152.746,4,152743259153,2502412,0
152.754,4,152751242577,2502412,0
152.764,4,152761461601,2502412,0
152.777,4,152774201631,2502412,0
152.785,4,152782158649,2502412,0
152.792,4,152789775667,2502412,0
152.797,4,152794889679,2502412,0
152.805,4,152802524697,2502412,0
152.815,4,152812752721,2502412,0
152.82,4,152817839733,2502412,0
152.823,4,152820369145,2502412,0
152.823,4,152822898557,73000,1
152.825,4,152822979151,2502412,0
152.836,4,152833189175,2502412,0
152.841,4,152838294187,2502412,0
152.843,4,152843417199,73000,1
152.851,4,152848638211,2502412,0
152.854,4,152851481217,2502412,0
152.867,4,152864230247,2502412,0
152.879,4,152876970277,2502412,0
152.885,4,152882084289,2502412,0
152.895,4,152892561719,2502412,0
152.9,4,152897702731,2502412,0
152.905,4,152905328749,73000,1
152.906,4,152905462749,73000,1
152.936,4,152933669815,2502412,0
152.949,4,152946382845,2502412,0
152.951,4,152948912257,2502412,0
152.954,4,152951441669,2502412,0
152.962,4,152959398687,2502412,0
152.97,4,152967024705,2502412,0
152.97,4,152969626117,73000,1
152.988,4,152985057747,2502412,0
152.993,4,152990466165,2502412,0
153.003,4,153000640189,2502412,0
153.013,4,153010850213,2502412,0
153.021,4,153018503231,2502412,0
153.034,4,153031252261,2502412,0
153.036,4,153033808673,2502412,0
153.049,4,153046557703,2502412,0
153.049,4,153049123115,73000,1
153.054,4,153051751715,2502412,0
153.06,4,153057133133,2502412,0
153.065,4,153062247145,2502412,0
153.077,4,153074987175,2502412,0
153.083,4,153080101187,2502412,0
153.093,4,153090597211,2502412,0
153.096,4,153095729223,73000,1
153.114,4,153111133259,2502412,0
153.116,4,153116247271,73000,1
153.119,4,153118884277,73000,1
153.134,4,153134333313,73000,1
153.147,4,153147216343,73000,1
153.278,4,153275958455,2502412,0
153.284,4,153281036467,2502412,0
153.291,4,153288671485,2502412,0
153.299,4,153296628503,2502412,0
153.309,4,153306838527,2502412,0
153.315,4,153314518545,73000,1
153.322,4,153319712557,2502412,0
153.335,4,153332452587,2502412,0
153.345,4,153342662611,2502412,0
153.353,4,153352881635,73000,1
153.355,4,153352979635,2502412,0
153.369,4,153366041071,2502412,0
153.374,4,153373703089,73000,1
153.384,4,153381463107,2502412,0
153.384,4,153384001519,73000,1
153.405,4,153402294155,2502412,0
153.418,4,153415043185,2502412,0
153.428,4,153425235209,2502412,0
153.436,4,153435445233,73000,1
153.448,4,153445789257,2502412,0
153.458,4,153455954281,2502412,0
153.469,4,153466476711,2502412,0
153.482,4,153479225741,2502412,0
153.482,4,153481782153,73000,1
153.5,4,153497213783,2502412,0
153.503,4,153500056195,2502412,0
153.51,4,153510257219,73000,1
153.523,4,153520583243,2502412,0
153.523,4,153523121655,73000,1
153.533,4,153530873267,2502412,0
153.533,4,153533420679,73000,1
153.539,4,153536040279,2502412,0
153.546,4,153543702297,2502412,0
153.556,4,153553885321,2502412,0
153.567,4,153564104345,2502412,0
153.575,4,153572069769,2502412,0
153.585,4,153582288793,2502412,0
153.592,4,153589914811,2502412,0
153.6,4,153597558829,2502412,0
153.603,4,153600097241,2502412,0
153.616,4,153613149677,2502412,0
153.626,4,153623368701,2502412,0
153.636,4,153633587725,2502412,0
153.641,4,153638656737,2502412,0
153.644,4,153643779749,73000,1
153.651,4,153648973761,2502412,0
153.657,4,153654087773,2502412,0
153.662,4,153661713791,73000,1
153.669,4,153666943803,2502412,0
153.672,4,153672343221,73000,1
153.688,4,153685217251,2502412,0
153.695,4,153692852269,2502412,0
153.708,4,153705914299,2502412,0
153.711,4,153708452711,2502412,0
153.716,4,153716114729,73000,1
153.732,4,153731554765,73000,1
153.762,4,153762327837,73000,1
153.798,4,153795925321,2502412,0
153.806,4,153803533339,2502412,0
153.806,4,153806411751,73000,1
153.809,4,153809066757,73000,1
153.845,4,153842360835,2502412,0
153.848,4,153847474847,73000,1
153.85,4,153847547847,2502412,0
153.855,4,153852625859,2502412,0
153.865,4,153862853883,2502412,0
153.873,4,153870479901,2502412,0
153.876,4,153873018313,2502412,0
153.879,4,153878427325,73000,1
153.896,4,153893867361,2502412,0
153.904,4,153904077385,73000,1
153.907,4,153904157385,2502412,0
153.915,4,153914689409,73000,1
153.925,4,153922458427,2502412,0
153.938,4,153935189457,2502412,0
153.943,4,153942869475,73000,1
153.948,4,153945488481,2502412,0
153.951,4,153948026893,2502412,0
153.953,4,153950556305,2502412,0
153.956,4,153955661317,73000,1
153.976,4,153973658359,2502412,0
153.979,4,153976187771,2502412,0
153.987,4,153984135789,2502412,0
153.994,4,153991779807,2502412,0
153.997,4,153994336219,2502412,0
154.01,4,154007067249,2502412,0
154.012,4,154009641661,2502412,0
154.02,4,154020137091,73000,1
154.033,4,154030490115,2502412,0
154.046,4,154043203145,2502412,0
154.051,4,154048317157,2502412,0
154.061,4,154058491181,2502412,0
154.064,4,154061029593,2502412,0
154.069,4,154066143605,2502412,0
154.079,4,154076344629,2502412,0
154.087,4,154086876059,73000,1
154.089,4,154086949059,2502412,0
154.097,4,154097177083,73000,1
154.11,4,154107512107,2502412,0
154.12,4,154117996015,2502412,0
154.121,4,154120534427,73000,1
154.134,4,154133472051,73000,1
154.151,4,154148867087,2502412,0
154.159,4,154156502105,2502412,0
154.167,4,154164164123,2502412,0
154.172,4,154169233135,2502412,0
154.174,4,154171762547,2502412,0
154.185,4,154182248977,2502412,0
154.19,4,154187389989,2502412,0
154.193,4,154192486001,73000,1
154.2,4,154197716013,2502412,0
154.21,4,154207917037,2502412,0
154.218,4,154215856055,2502412,0
154.223,4,154220925067,2502412,0
154.226,4,154223454479,2502412,0
154.234,4,154231107497,2502412,0
154.241,4,154238769515,2502412,0
154.246,4,154243865527,2502412,0
154.254,4,154251518545,2502412,0
154.259,4,154256596557,2502412,0
154.264,4,154261674569,2502412,0
154.264,4,154264248981,73000,1
154.277,4,154274602599,2502412,0
154.285,4,154282219617,2502412,0
154.295,4,154292742641,2502412,0
154.303,4,154300377659,2502412,0
154.311,4,154308021677,2502412,0
154.318,4,154315683695,2502412,0
154.331,4,154328745131,2502412,0
154.336,4,154336416149,73000,1
154.339,4,154339098155,73000,1
154.38,4,154377470245,2502412,0
154.385,4,154382575257,2502412,0
154.388,4,154387965675,73000,1
154.398,4,154395752693,2502412,0
154.408,4,154405935717,2502412,0
154.419,4,154416118741,2502412,0
154.421,4,154418648153,2502412,0
154.429,4,154429179583,73000,1
154.434,4,154431870589,2502412,0
154.442,4,154439478607,2502412,0
154.447,4,154444565619,2502412,0
154.452,4,154449643631,2502412,0
154.457,4,154457314649,73000,1
154.463,4,154460005655,2502412,0
154.473,4,154470188679,2502412,0
154.473,4,154472727091,73000,1
154.488,4,154485601715,2502412,0
154.493,4,154490983133,2502412,0
154.504,4,154501184157,2502412,0
154.511,4,154508837175,2502412,0
154.514,4,154511366587,2502412,0
154.522,4,154519001605,2502412,0
154.529,4,154526940623,2502412,0
154.532,4,154529515035,2502412,0
154.532,4,154532062447,73000,1
154.537,4,154534682047,2502412,0
154.54,4,154539787059,73000,1
154.542,4,154539930059,2502412,0
154.55,4,154550122083,73000,1
154.558,4,154555334095,2502412,0
154.566,4,154565544119,73000,1
154.568,4,154565624119,2502412,0
154.571,4,154568153531,2502412,0
154.578,4,154575788549,2502412,0
154.581,4,154578326961,2502412,0
154.588,4,154585952979,2502412,0
154.596,4,154593963403,2502412,0
154.607,4,154604155427,2502412,0
154.607,4,154606684839,73000,1
154.617,4,154614472451,2502412,0
154.63,4,154627534481,2502412,0
154.638,4,154635178499,2502412,0
154.645,4,154642804517,2502412,0
154.65,4,154647900529,2502412,0
154.656,4,154655562547,73000,1
154.663,4,154660792559,2502412,0
154.676,4,154673532589,2502412,0
154.676,4,154676089001,73000,1
154.684,4,154681256607,2502412,0
154.691,4,154688927625,2502412,0
154.692,4,154691457037,73000,1
154.705,4,154704689067,73000,1
154.707,4,154704769067,2502412,0
154.717,4,154714952091,2502412,0
154.72,4,154717481503,2502412,0
154.728,4,154725107521,2502412,0
154.736,4,154733090945,2502412,0
154.741,4,154738168957,2502412,0
154.743,4,154740698369,2502412,0
154.748,4,154748342387,73000,1
154.766,4,154763818423,2502412,0
154.779,4,154776567453,2502412,0
154.784,4,154781645465,2502412,0
154.787,4,154786750477,73000,1
154.797,4,154794537495,2502412,0
154.805,4,154802458513,2502412,0
154.813,4,154810084531,2502412,0
154.815,4,154812631943,2502412,0
154.828,4,154825371973,2502412,0
154.83,4,154827928385,2502412,0
154.841,4,154838441815,2502412,0
154.846,4,154843501827,2502412,0
154.849,4,154846058239,2502412,0
154.854,4,154851154251,2502412,0
154.864,4,154861346275,2502412,0
154.866,4,154863929687,2502412,0
154.871,4,154868989699,2502412,0
154.882,4,154879217723,2502412,0
154.884,4,154884340735,73000,1
154.892,4,154889525747,2502412,0
154.9,4,154897169765,2502412,0
154.908,4,154907710789,73000,1
154.913,4,154910347795,2502412,0
154.916,4,154915461807,73000,1
154.923,4,154923239825,73000,1
154.926,4,154923319825,2502412,0
154.939,4,154936372855,2502412,0
154.949,4,154946555879,2502412,0
154.949,4,154949112291,73000,1
154.959,4,154956872903,2502412,0
154.962,4,154959411315,2502412,0
154.967,4,154964489327,2502412,0
154.977,4,154974681351,2502412,0
154.985,4,154982352369,2502412,0
154.99,4,154987412381,2502412,0
154.99,4,154989950793,73000,1
155.003,4,155003200823,73000,1
155.006,4,155005837829,73000,1
155.067,4,155064987967,2502412,0
155.078,4,155075188991,2502412,0
155.08,4,155080285003,73000,1
155.091,4,155088045021,2502412,0
155.103,4,155100785051,2502412,0
155.114,4,155111316481,2502412,0
155.121,4,155118978499,2502412,0
155.132,4,155129161523,2502412,0
155.137,4,155134239535,2502412,0
155.145,4,155144779965,73000,1
155.15,4,155147443971,2502412,0
155.16,4,155157617995,2502412,0
155.163,4,155162741007,73000,1
155.17,4,155167917019,2502412,0
155.173,4,155170482431,2502412,0
155.186,4,155183231461,2502412,0
155.198,4,155195971491,2502412,0
155.209,4,155206484921,2502412,0
155.214,4,155211598933,2502412,0
155.217,4,155216685945,73000,1
155.227,4,155227029969,73000,1
155.243,4,155240207999,2502412,0
155.25,4,155247825017,2502412,0
155.253,4,155250354429,2502412,0
155.258,4,155255414441,2502412,0
155.263,4,155260519453,2502412,0
155.273,4,155270738477,2502412,0
155.278,4,155275852489,2502412,0
155.291,4,155288601519,2502412,0
155.291,4,155291175931,73000,1
155.309,4,155306580561,2502412,0
155.317,4,155314537579,2502412,0
155.317,4,155317075991,73000,1
155.327,4,155324863603,2502412,0
155.338,4,155335019627,2502412,0
155.343,4,155340142639,2502412,0
155.356,4,155353204075,2502412,0
155.366,4,155363405099,2502412,0
155.376,4,155373597123,2502412,0
155.384,4,155383825147,73000,1
155.397,4,155394133171,2502412,0
155.409,4,155406873201,2502412,0
155.417,4,155414856625,2502412,0
155.428,4,155425039649,2502412,0
155.435,4,155432692667,2502412,0
155.44,4,155437770679,2502412,0
155.451,4,155448311703,2502412,0
155.458,4,155455955721,2502412,0
155.471,4,155468695751,2502412,0
155.474,4,155471252163,2502412,0
155.487,4,155484001193,2502412,0
155.492,4,155489115205,2502412,0
155.502,4,155499289229,2502412,0
155.507,4,155504403241,2502412,0
155.509,4,155506932653,2502412,0
155.518,4,155517464083,73000,1
155.52,4,155517553083,2502412,0
155.523,4,155520082495,2502412,0
155.533,4,155530274519,2502412,0
155.543,4,155540484543,2502412,0
155.543,4,155543022955,73000,1
155.561,4,155558794585,2502412,0
155.569,4,155566438603,2502412,0
155.572,4,155571516615,73000,1
155.582,4,155581860639,73000,1
155.584,4,155581933639,2502412,0
155.592,4,155589577657,2502412,0
155.602,4,155599760681,2502412,0
155.605,4,155602290093,2502412,0
155.61,4,155607377105,2502412,0
155.62,4,155617917535,2502412,0
155.626,4,155623004547,2502412,0
155.628,4,155625542959,2502412,0
155.636,4,155635770983,73000,1
155.649,4,155648976013,73000,1
155.675,4,155674626073,73000,1
155.682,4,155679793085,2502412,0
155.685,4,155682331497,2502412,0
155.688,4,155687427509,73000,1
155.705,4,155702858545,2502412,0
155.718,4,155715589575,2502412,0
155.721,4,155718459581,2502412,0
155.723,4,155720988993,2502412,0
155.736,4,155733729023,2502412,0
155.736,4,155736321435,73000,1
155.742,4,155741507041,73000,1
155.762,4,155759799083,2502412,0
155.767,4,155764868095,2502412,0
155.772,4,155769973107,2502412,0
155.778,4,155775033119,2502412,0
155.78,4,155780138131,73000,1
155.785,4,155785404143,73000,1
155.821,4,155818716221,2502412,0
155.827,4,155826655239,73000,1
155.834,4,155831867251,2502412,0
155.842,4,155839484269,2502412,0
155.85,4,155847146287,2502412,0
155.858,4,155855094305,2502412,0
155.865,4,155862738323,2502412,0
155.873,4,155870391341,2502412,0
155.873,4,155872929753,73000,1
155.881,4,155878151359,2502412,0
155.886,4,155883211371,2502412,0
155.891,4,155888334383,2502412,0
155.898,4,155895960401,2502412,0
155.906,4,155903604419,2502412,0
155.909,4,155906160831,2502412,0
155.911,4,155911247843,73000,1
155.916,4,155913893849,2502412,0
155.927,4,155924425279,2502412,0
155.93,4,155929530291,73000,1
155.942,4,155939865315,2502412,0
155.945,4,155944952327,73000,1
155.95,4,155947571333,2502412,0
155.955,4,155952649345,2502412,0
155.961,4,155958076357,2502412,0
155.971,4,155968304381,2502412,0
155.979,4,155978496405,73000,1
155.991,4,155988813429,2502412,0
156.004,4,156001544459,2502412,0
156.012,4,156009206477,2502412,0
156.019,4,156016877495,2502412,0
156.032,4,156029920931,2502412,0
156.035,4,156032486343,2502412,0
156.048,4,156045208373,2502412,0
156.05,4,156047782785,2502412,0
156.063,4,156060799815,2502412,0
156.069,4,156068497833,73000,1
156.074,4,156071161839,2502412,0
156.081,4,156078787857,2502412,0
156.089,4,156086422875,2502412,0
156.099,4,156096632899,2502412,0
156.104,4,156101728911,2502412,0
156.114,4,156111911935,2502412,0
156.12,4,156119600953,73000,1
156.122,4,156122255959,73000,1
156.13,4,156130328383,73000,1
156.205,4,156202254551,2502412,0
156.207,4,156204801963,2502412,0
156.22,4,156217532993,2502412,0
156.223,4,156220080405,2502412,0
156.228,4,156225167417,2502412,0
156.238,4,156235698847,2502412,0
156.246,4,156245899871,73000,1
156.251,4,156248572877,2502412,0
156.259,4,156258773901,73000,1
156.259,4,156258880901,73000,1
156.262,4,156261517907,73000,1
156.275,4,156272147931,2502412,0
156.287,4,156284869961,2502412,0
156.29,4,156287408373,2502412,0
156.303,4,156300157403,2502412,0
156.31,4,156307819421,2502412,0
156.315,4,156312888433,2502412,0
156.32,4,156317975445,2502412,0
156.331,4,156328203469,2502412,0
156.336,4,156333593887,2502412,0
156.339,4,156336150299,2502412,0
156.344,4,156343785317,73000,1
156.349,4,156346485323,2502412,0
156.354,4,156354120341,73000,1
156.359,4,156356784347,2502412,0
156.364,4,156361862359,2502412,0
156.375,4,156372340383,2502412,0
156.378,4,156377481395,73000,1
156.383,4,156382711407,73000,1
156.385,4,156385348413,73000,1
156.39,4,156387976419,2502412,0
156.398,4,156398177443,73000,1
156.411,4,156408485467,2502412,0
156.419,4,156416138485,2502412,0
156.421,4,156421216497,73000,1
156.434,4,156434135527,73000,1
156.437,4,156434208527,2502412,0
156.45,4,156447261557,2502412,0
156.457,4,156454905575,2502412,0
156.465,4,156462558593,2502412,0
156.47,4,156467627605,2502412,0
156.476,4,156473063023,2502412,0
156.486,4,156483264047,2502412,0
156.491,4,156490935065,73000,1
156.506,4,156503791095,2502412,0
156.519,4,156516531125,2502412,0
156.524,4,156521654137,2502412,0
156.537,4,156534403167,2502412,0
156.542,4,156539837009,2502412,0
156.55,4,156547508027,2502412,0
156.563,4,156560257057,2502412,0
156.568,4,156565353069,2502412,0
156.576,4,156573283087,2502412,0
156.586,4,156583502111,2502412,0
156.589,4,156588607123,73000,1
156.596,4,156593801135,2502412,0
156.604,4,156601472153,2502412,0
156.612,4,156609080171,2502412,0
156.617,4,156616778189,73000,1
156.637,4,156634766231,2502412,0
156.65,4,156647782667,2502412,0
156.661,4,156658001691,2502412,0
156.666,4,156663106703,2502412,0
156.679,4,156676150733,2502412,0
156.681,4,156678680145,2502412,0
156.684,4,156683803157,73000,1
156.689,4,156689051169,73000,1
156.699,4,156696802187,2502412,0
156.705,4,156704428205,73000,1
156.71,4,156707056211,2502412,0
156.715,4,156714727229,73000,1
156.72,4,156717400235,2502412,0
156.733,4,156730104265,2502412,0
156.735,4,156732633677,2502412,0
156.738,4,156735199089,2502412,0
156.748,4,156745676519,2502412,0
156.753,4,156750772531,2502412,0
156.761,4,156758434549,2502412,0
156.769,4,156766123567,2502412,0
156.776,4,156773731585,2502412,0
156.784,4,156781706009,2502412,0
156.787,4,156784235421,2502412,0
156.799,4,156796975451,2502412,0
156.802,4,156799567863,2502412,0
156.815,4,156812289893,2502412,0
156.817,4,156814846305,2502412,0
156.823,4,156822490323,73000,1
156.843,4,156840487365,2502412,0
156.851,4,156848434789,2502412,0
156.851,4,156850982201,73000,1
156.869,4,156866413831,2502412,0
156.879,4,156876605855,2502412,0
156.887,4,156884553279,2502412,0
156.895,4,156892188297,2502412,0
156.9,4,156899886315,73000,1
156.91,4,156907637333,2502412,0
156.915,4,156912724345,2502412,0
156.918,4,156917802357,73000,1
156.926,4,156925598375,73000,1
156.944,4,156941011411,2502412,0
156.952,4,156951533841,73000,1
156.954,4,156951631841,2502412,0
156.964,4,156961787865,2502412,0
156.967,4,156964317277,2502412,0
156.969,4,156966864689,2502412,0
156.975,4,156974508707,73000,1
156.982,4,156979765719,2502412,0
156.995,4,156992818155,2502412,0
157.003,4,157000444173,2502412,0
157.013,4,157010663197,2502412,0
157.016,4,157015759209,73000,1
157.023,4,157020953221,2502412,0
157.026,4,157023482633,2502412,0
157.034,4,157033701657,73000,1
157.036,4,157033808657,2502412,0
157.049,4,157046548687,2502412,0
157.052,4,157049409693,2502412,0
157.06,4,157057026711,2502412,0
157.065,4,157062113723,2502412,0
157.072,4,157069775741,2502412,0
157.077,4,157074862753,2502412,0
157.088,4,157085394777,2502412,0
157.098,4,157095613801,2502412,0
157.111,4,157108362831,2502412,0
157.121,4,157118581855,2502412,0
157.129,4,157126207873,2502412,0
157.131,4,157128737285,2502412,0
157.141,4,157138938309,2502412,0
157.147,4,157144016321,2502412,0
157.152,4,157149139333,2502412,0
157.16,4,157157078351,2502412,0
157.167,4,157164749369,2502412,0
157.172,4,157172420387,73000,1
157.185,4,157182728411,2502412,0
157.191,4,157188145829,2502412,0
157.201,4,157198310853,2502412,0
157.211,4,157208538877,2502412,0
157.216,4,157216209895,73000,1
157.224,4,157221403907,2502412,0
157.234,4,157231595931,2502412,0
157.242,4,157239257949,2502412,0
157.249,4,157246892967,2502412,0
157.252,4,157251970979,73000,1
157.273,4,157270280427,2502412,0
157.281,4,157280490451,73000,1
157.296,4,157293695481,2502412,0
157.301,4,157298755493,2502412,0
157.311,4,157308965517,2502412,0
157.314,4,157311494929,2502412,0
157.327,4,157324243959,2502412,0
157.334,4,157331896977,2502412,0
157.34,4,157339576995,73000,1
157.36,4,157357859443,2502412,0
157.368,4,157368051467,73000,1
157.386,4,157383482503,2502412,0
157.392,4,157391457521,73000,1
157.41,4,157409454563,73000,1
157.425,4,157422301593,2502412,0
157.43,4,157429954611,73000,1
157.45,4,157447942653,2502412,0
157.456,4,157453002665,2502412,0
157.456,4,157455541077,73000,1
157.464,4,157463650095,73000,1
157.482,4,157479063131,2502412,0
157.492,4,157491785161,73000,1
157.505,4,157502355027,2502412,0
157.507,4,157504884439,2502412,0
157.515,4,157515085463,73000,1
157.53,4,157527986493,2502412,0
157.541,4,157538187517,2502412,0
157.548,4,157545822535,2502412,0
157.556,4,157553430553,2502412,0
157.561,4,157558544565,2502412,0
157.572,4,157569085589,2502412,0
157.584,4,157581825619,2502412,0
157.595,4,157592026643,2502412,0
157.597,4,157594869055,2502412,0
157.597,4,157597398467,73000,1
157.608,4,157607788085,73000,1
157.618,4,157618096109,73000,1
157.698,4,157695135695,2502412,0
157.711,4,157708197131,2502412,0
157.718,4,157715823149,2502412,0
157.721,4,157718352561,2502412,0
157.729,4,157728571585,73000,1
157.741,4,157738906609,2502412,0
157.749,4,157746523627,2502412,0
157.759,4,157756733651,2502412,0
157.764,4,157761820663,2502412,0
157.772,4,157769777087,2502412,0
157.772,4,157772306499,73000,1
157.783,4,157780085111,2502412,0
157.783,4,157782641523,73000,1
157.79,4,157787845129,2502412,0
157.798,4,157798064153,73000,1
157.806,4,157803562165,2502412,0
157.814,4,157813772189,73000,1
157.816,4,157813845189,2502412,0
157.821,4,157818932201,2502412,0
157.824,4,157821488613,2502412,0
157.834,4,157831662637,2502412,0
157.839,4,157836794649,2502412,0
157.849,4,157846986673,2502412,0
157.855,4,157852046685,2502412,0
157.857,4,157854612097,2502412,0
157.86,4,157857141509,2502412,0
157.86,4,157859670921,73000,1
157.875,4,157872893951,2502412,0
157.878,4,157875423363,2502412,0
157.883,4,157883076381,73000,1
157.888,4,157888297393,73000,1
157.912,4,157909146441,2502412,0
157.924,4,157921877471,2502412,0
157.935,4,157932069495,2502412,0
157.94,4,157937147507,2502412,0
157.945,4,157942261519,2502412,0
157.952,4,157949896537,2502412,0
157.963,4,157960115561,2502412,0
157.965,4,157962644973,2502412,0
157.976,4,157973158403,2502412,0
157.976,4,157975696815,73000,1
157.976,4,157975822409,73000,1
157.984,4,157981025421,2502412,0
157.994,4,157991217445,2502412,0
158.007,4,158004279475,2502412,0
158.02,4,158017028505,2502412,0
158.027,4,158027256529,73000,1
158.03,4,158027336529,2502412,0
158.032,4,158029892941,2502412,0
158.045,4,158042614971,2502412,0
158.05,4,158050303989,73000,1
158.066,4,158063178019,2502412,0
158.076,4,158073673449,2502412,0
158.076,4,158076202861,73000,1
158.089,4,158086529479,2502412,0
158.094,4,158091634491,2502412,0
158.099,4,158099260509,73000,1
158.11,4,158107351527,2502412,0
158.115,4,158112438539,2502412,0
158.128,4,158125178569,2502412,0
158.13,4,158127752981,2502412,0
158.14,4,158137909005,2502412,0
158.146,4,158143005017,2502412,0
158.156,4,158153215041,2502412,0
158.161,4,158160904059,73000,1
158.174,4,158171221083,2502412,0
158.179,4,158176602501,2502412,0
158.189,4,158186785525,2502412,0
158.197,4,158194456543,2502412,0
158.207,4,158204648567,2502412,0
158.213,4,158210057579,2502412,0
158.223,4,158220267603,2502412,0
158.228,4,158225363615,2502412,0
158.238,4,158235546639,2502412,0
158.246,4,158243217657,2502412,0
158.256,4,158253427681,2502412,0
158.261,4,158258514693,2502412,0
158.266,4,158266149711,73000,1
158.282,4,158279363147,2502412,0
158.287,4,158286998165,73000,1
158.29,4,158287096165,2502412,0
158.295,4,158292192177,2502412,0
158.3,4,158297261189,2502412,0
158.307,4,158304887207,2502412,0
158.313,4,158310001219,2502412,0
158.315,4,158315418637,73000,1
158.316,4,158315507637,73000,1
158.323,4,158320746649,2502412,0
158.328,4,158325806661,2502412,0
158.339,4,158336016685,2502412,0
158.344,4,158343696703,73000,1
158.362,4,158359109739,2502412,0
158.374,4,158371858769,2502412,0
158.377,4,158374388181,2502412,0
158.382,4,158379475193,2502412,0
158.39,4,158387405211,2502412,0
158.398,4,158395085229,2502412,0
158.41,4,158407834259,2502412,0
158.415,4,158412948271,2502412,0
158.421,4,158420895695,73000,1
158.431,4,158428673713,2502412,0
158.436,4,158433742725,2502412,0
158.446,4,158443943749,2502412,0
158.449,4,158449084761,73000,1
158.467,4,158464488797,2502412,0
158.472,4,158469566809,2502412,0
158.482,4,158479758833,2502412,0
158.488,4,158485158251,2502412,0
158.498,4,158495368275,2502412,0
158.503,4,158500455287,2502412,0
158.513,4,158510665311,2502412,0
158.524,4,158521205015,2502412,0
158.526,4,158526310027,73000,1
158.529,4,158526390027,2502412,0
158.534,4,158531495039,2502412,0
158.542,4,158539130057,2502412,0
158.544,4,158541659469,2502412,0
158.549,4,158549348487,73000,1
158.56,4,158557135505,2502412,0
158.565,4,158564761523,73000,1
158.573,4,158572539541,73000,1
158.575,4,158572646541,2502412,0
158.578,4,158577724553,73000,1
158.588,4,158585805977,2502412,0
158.601,4,158598546007,2502412,0
158.611,4,158608747031,2502412,0
158.616,4,158613843043,2502412,0
158.627,4,158624321067,2502412,0
158.629,4,158626868479,2502412,0
158.637,4,158634512497,2502412,0
158.637,4,158637050909,73000,1
158.652,4,158649952533,2502412,0
158.665,4,158662701563,2502412,0
158.668,4,158665230975,2502412,0
158.68,4,158677980005,2502412,0
158.683,4,158683112017,73000,1
158.699,4,158696280453,2502412,0
158.701,4,158701394465,73000,1
158.709,4,158706588477,2502412,0
158.719,4,158716771501,2502412,0
158.727,4,158724746519,2502412,0
158.727,4,158727284931,73000,1
158.735,4,158732479537,2502412,0
158.74,4,158737575549,2502412,0
158.748,4,158745210567,2502412,0
158.753,4,158752899585,73000,1
158.768,4,158768321621,73000,1
158.779,4,158776063639,2502412,0
158.786,4,158783716657,2502412,0
158.794,4,158794248087,73000,1
158.802,4,158799433099,2502412,0
158.812,4,158809625123,2502412,0
158.822,4,158819835147,2502412,0
158.828,4,158825244159,2502412,0
158.833,4,158830313171,2502412,0
158.843,4,158840514195,2502412,0
158.851,4,158848176213,2502412,0
158.863,4,158860925243,2502412,0
158.869,4,158868605261,73000,1
158.884,4,158884054297,73000,1
158.897,4,158894656727,2502412,0
158.902,4,158899725739,2502412,0
158.91,4,158907369757,2502412,0
158.918,4,158915004775,2502412,0
158.923,4,158920091787,2502412,0
158.928,4,158925214799,2502412,0
158.938,4,158935737229,2502412,0
158.946,4,158943381247,2502412,0
158.954,4,158951034265,2502412,0
158.961,4,158958669283,2502412,0
158.969,4,158966304301,2502412,0
158.972,4,158971427313,73000,1
158.982,4,158979214331,2502412,0
158.994,4,158991945361,2502412,0
158.997,4,158994492773,2502412,0
158.997,4,158997335779,73000,1
159.01,4,159007670803,2502412,0
159.01,4,159010200215,73000,1
159.015,4,159012828815,2502412,0
159.023,4,159023047839,73000,1
159.026,4,159023154839,2502412,0
159.026,4,159025702251,73000,1
159.029,4,159028652851,73000,1
159.039,4,159036412869,2502412,0
159.052,4,159049161899,2502412,0
159.059,4,159059380923,73000,1
159.067,4,159064601935,2502412,0
159.08,4,159077314965,2502412,0
159.082,4,159079862377,2502412,0
159.085,4,159084958389,73000,1
159.103,4,159100692831,2502412,0
159.116,4,159113441861,2502412,0
159.126,4,159123651885,2502412,0
159.131,4,159128765897,2502412,0
159.139,4,159139270327,73000,1
159.142,4,159139350327,2502412,0
159.155,4,159152099357,2502412,0
159.157,4,159157231369,73000,1
159.178,4,159175219411,2502412,0
159.183,4,159180288423,2502412,0
159.193,4,159190498447,2502412,0
159.206,4,159203559883,2502412,0
159.206,4,159206116295,73000,1
159.216,4,159213876907,2502412,0
159.216,4,159216415319,73000,1
159.219,4,159216488319,2502412,0
159.229,4,159226680343,2502412,0
159.232,4,159229218755,2502412,0
159.24,4,159237166773,2502412,0
159.247,4,159244837791,2502412,0
159.255,4,159252463809,2502412,0
159.258,4,159257595821,73000,1
159.27,4,159267930845,2502412,0
159.283,4,159280670875,2502412,0
159.296,4,159293419905,2502412,0
159.301,4,159298506917,2502412,0
159.309,4,159306463341,2502412,0
159.317,4,159316682365,73000,1
159.335,4,159332122401,2502412,0
159.343,4,159340061419,2502412,0
159.35,4,159350271443,73000,1
159.368,4,159368268485,73000,1
159.394,4,159391361539,2502412,0
159.399,4,159398987557,73000,1
159.417,4,159417297005,73000,1
159.433,4,159430171035,2502412,0
159.438,4,159438110053,73000,1
159.454,4,159451002083,2502412,0
159.464,4,159461185107,2502412,0
159.476,4,159473925137,2502412,0
159.487,4,159484126161,2502412,0
159.494,4,159494354185,73000,1
159.507,4,159504662209,2502412,0
159.518,4,159515176233,2502412,0
159.52,4,159520272245,73000,1
159.528,4,159525493257,2502412,0
159.533,4,159533146275,73000,1
159.538,4,159535783281,2502412,0
159.549,4,159546297305,2502412,0
159.559,4,159556498329,2502412,0
159.564,4,159561585341,2502412,0
159.567,4,159566672353,73000,1
159.572,4,159569336359,2502412,0
159.577,4,159576989377,73000,1
159.59,4,159587297401,2502412,0
159.597,4,159594950419,2502412,0
159.598,4,159597479831,73000,1
159.608,4,159605267443,2502412,0
159.608,4,159607796855,73000,1
159.626,4,159623549891,2502412,0
159.634,4,159633723915,73000,1
159.647,4,159644380939,2502412,0
159.65,4,159649458951,73000,1
159.662,4,159662332981,73000,1
159.665,4,159664996987,73000,1
159.745,4,159742027573,2502412,0
159.752,4,159749966591,2502412,0
159.76,4,159757601609,2502412,0
159.765,4,159765281627,73000,1
159.778,4,159775598651,2502412,0
159.778,4,159778128063,73000,1
159.794,4,159791020687,2502412,0
159.799,4,159798646705,73000,1
159.804,4,159801292711,2502412,0
159.814,4,159811475735,2502412,0
159.817,4,159814318741,2502412,0
159.822,4,159819432753,2502412,0
159.832,4,159829633777,2502412,0
159.837,4,159834747789,2502412,0
159.847,4,159844957813,2502412,0
159.861,4,159858001249,2502412,0
159.868,4,159865663267,2502412,0
159.878,4,159875864291,2502412,0
159.884,4,159883517309,73000,1
159.894,4,159891286327,2502412,0
159.899,4,159896373339,2502412,0
159.912,4,159909104369,2502412,0
159.917,4,159914218381,2502412,0
159.922,4,159919609393,2502412,0
159.93,4,159927226411,2502412,0
159.935,4,159932331423,2502412,0
159.94,4,159937418435,2502412,0
159.943,4,159942523447,73000,1
159.948,4,159945205453,2502412,0
159.958,4,159955701477,2502412,0
159.968,4,159965911501,2502412,0
159.974,4,159973591519,73000,1
159.994,4,159991579561,2502412,0
160.004,4,160001762585,2502412,0
160.004,4,160004300997,73000,1
160.017,4,160014636615,2502412,0
160.028,4,160025114045,2502412,0
160.033,4,160030219057,2502412,0
160.033,4,160032757469,73000,1
160.051,4,160048189099,2502412,0
160.051,4,160050745511,73000,1
160.067,4,160066481141,73000,1
160.087,4,160084451183,2502412,0
160.092,4,160089520195,2502412,0
160.095,4,160092049607,2502412,0
160.1,4,160097136619,2502412,0
160.11,4,160107337643,2502412,0
160.115,4,160112469655,2502412,0
160.125,4,160122956085,2502412,0
160.136,4,160133166109,2502412,0
160.138,4,160138298121,73000,1
160.156,4,160153702157,2502412,0
160.169,4,160166763593,2502412,0
160.172,4,160169302005,2502412,0
160.18,4,160179503029,73000,1
160.192,4,160189829053,2502412,0
160.197,4,160194934065,2502412,0
160.203,4,160200003077,2502412,0
160.21,4,160207638095,2502412,0
160.218,4,160215291113,2502412,0
160.228,4,160225813543,2502412,0
160.231,4,160228351955,2502412,0
160.238,4,160235986973,2502412,0
160.246,4,160243621991,2502412,0
160.254,4,160251293009,2502412,0
160.256,4,160256389021,73000,1
160.275,4,160272151057,2502412,0
160.282,4,160279777075,2502412,0
160.29,4,160287430093,2502412,0
160.293,4,160292517105,73000,1
160.293,4,160292651105,73000,1
160.308,4,160305516135,2502412,0
160.321,4,160318247165,2502412,0
160.329,4,160328787595,73000,1
160.347,4,160346784637,73000,1
160.375,4,160372729697,2502412,0
160.375,4,160375268109,73000,1
160.388,4,160385576727,2502412,0
160.388,4,160388115139,73000,1
160.403,4,160400971763,2502412,0
160.409,4,160408633781,73000,1
160.414,4,160411270787,2502412,0
160.427,4,160424010817,2502412,0
160.432,4,160429437235,2502412,0
160.434,4,160431966647,2502412,0
160.445,4,160442131671,2502412,0
160.45,4,160447263683,2502412,0
160.46,4,160457437707,2502412,0
160.462,4,160459967119,2502412,0
160.463,4,160462827531,73000,1
160.466,4,160465509537,73000,1
160.496,4,160493734603,2502412,0
160.506,4,160503926627,2502412,0
160.509,4,160509022639,73000,1
160.524,4,160521878669,2502412,0
160.535,4,160532392099,2502412,0
160.54,4,160537452111,2502412,0
160.545,4,160542575123,2502412,0
160.553,4,160550210141,2502412,0
160.56,4,160557854159,2502412,0
160.571,4,160568377183,2502412,0
160.579,4,160576048201,2502412,0
160.584,4,160581117213,2502412,0
160.594,4,160591336237,2502412,0
160.599,4,160596423249,2502412,0
160.609,4,160606633273,2502412,0
160.619,4,160616816297,2502412,0
160.622,4,160621948309,73000,1
160.63,4,160627160321,2502412,0
160.632,4,160632247333,73000,1
160.64,4,160637771751,2502412,0
160.64,4,160640310163,73000,1
160.661,4,160658280799,2502412,0
160.669,4,160668785823,73000,1
160.671,4,160668910823,2502412,0
160.684,4,160681659853,2502412,0
160.697,4,160694390883,2502412,0
160.71,4,160707130913,2502412,0
160.712,4,160709687325,2502412,0
160.717,4,160714765337,2502412,0
160.727,4,160724984361,2502412,0
160.735,4,160735194385,73000,1
160.741,4,160738179797,2502412,0
160.748,4,160748380821,73000,1
160.769,4,160766368863,2502412,0
160.782,4,160779421299,2502412,0
160.784,4,160781959711,2502412,0
160.792,4,160792133735,73000,1
160.797,4,160794824741,2502412,0
160.807,4,160804980765,2502412,0
160.818,4,160815190789,2502412,0
160.823,4,160820313801,2502412,0
160.836,4,160833062831,2502412,0
160.844,4,160841019255,2502412,0
160.851,4,160848636273,2502412,0
160.859,4,160856298291,2502412,0
160.869,4,160866526315,2502412,0
160.874,4,160871926327,2502412,0
160.882,4,160879570345,2502412,0
160.89,4,160889780369,73000,1
160.903,4,160900097393,2502412,0
160.905,4,160902635805,2502412,0
160.908,4,160907722817,73000,1
160.91,4,160907802817,2502412,0
160.915,4,160912871829,2502412,0
160.92,4,160917976841,2502412,0
160.923,4,160923081853,73000,1
160.938,4,160935973883,2502412,0
160.944,4,160941364301,2502412,0
160.949,4,160949017319,73000,1
160.962,4,160961936349,73000,1
160.98,4,160977644385,2502412,0
160.985,4,160982722397,2502412,0
160.993,4,160990357415,2502412,0
161,4,160997983433,2502412,0
161.003,4,161000548845,2502412,0
161.016,4,161013297875,2502412,0
161.024,4,161023525899,73000,1
161.026,4,161023605899,2502412,0
161.029,4,161028728911,73000,1
161.047,4,161047038359,73000,1
161.055,4,161052205371,2502412,0
161.065,4,161062397395,2502412,0
161.073,4,161072625419,73000,1
161.081,4,161080716437,73000,1
161.104,4,161103818491,73000,1
161.155,4,161152731011,2502412,0
161.163,4,161162932035,73000,1
161.166,4,161163039035,2502412,0
161.176,4,161173213059,2502412,0
161.184,4,161183754083,73000,1
161.189,4,161186409089,2502412,0
161.197,4,161194044107,2502412,0
161.207,4,161204245131,2502412,0
161.207,4,161206783543,73000,1
161.217,4,161214544155,2502412,0
161.22,4,161219649167,73000,1
161.235,4,161232514197,2502412,0
161.243,4,161242715221,73000,1
161.264,4,161261015669,2502412,0
161.269,4,161266111681,2502412,0
161.281,4,161278842711,2502412,0
161.282,4,161281730123,73000,1
161.292,4,161289472141,2502412,0
161.297,4,161294568153,2502412,0
161.302,4,161299637165,2502412,0
161.305,4,161304715177,73000,1
161.313,4,161312529195,73000,1
161.315,4,161312609195,2502412,0
161.32,4,161317705207,2502412,0
161.333,4,161330454237,2502412,0
161.343,4,161340673261,2502412,0
161.346,4,161345769273,73000,1
161.359,4,161356398703,2502412,0
161.364,4,161361458715,2502412,0
161.364,4,161363997127,73000,1
161.367,4,161364077721,2502412,0
161.369,4,161369182733,73000,1
161.379,4,161376987751,2502412,0
161.38,4,161379517163,73000,1
161.398,4,161395234793,2502412,0
161.408,4,161405435817,2502412,0
161.413,4,161413106835,73000,1
161.413,4,161413195835,73000,1
161.423,4,161420964853,2502412,0
161.424,4,161423494265,73000,1
161.434,4,161431263877,2502412,0
161.441,4,161438907895,2502412,0
161.454,4,161451647925,2502412,0
161.46,4,161457056937,2502412,0
161.47,4,161467275961,2502412,0
161.477,4,161474901979,2502412,0
161.485,4,161482563997,2502412,0
161.491,4,161490530015,73000,1
161.493,4,161493212021,73000,1
161.532,4,161529045105,2502412,0
161.532,4,161531574517,73000,1
161.55,4,161549572153,73000,1
161.558,4,161555078571,2502412,0
161.558,4,161557616983,73000,1
161.563,4,161562829589,73000,1
161.599,4,161599029673,73000,1
161.686,4,161683722277,2502412,0
161.699,4,161696784307,2502412,0
161.709,4,161706976331,2502412,0
161.72,4,161717195355,2502412,0
161.725,4,161724839373,73000,1
161.74,4,161740288409,73000,1
161.761,4,161761127863,73000,1
161.838,4,161835593037,2502412,0
161.843,4,161840698049,2502412,0
161.853,4,161850854073,2502412,0
161.861,4,161858543091,2502412,0
161.864,4,161863933509,73000,1
161.879,4,161879400545,73000,1
161.913,4,161913034623,73000,1
161.946,4,161943762695,2502412,0
161.956,4,161953945719,2502412,0
161.967,4,161964489003,2502412,0
161.97,4,161967027415,2502412,0
161.977,4,161977237439,73000,1
161.99,4,161987563463,2502412,0
162.001,4,161998068487,2502412,0
162.006,4,162005748505,73000,1
162.011,4,162008394511,2502412,0
162.019,4,162016038529,2502412,0
162.029,4,162026221553,2502412,0
162.029,4,162028777965,73000,1
162.039,4,162036547577,2502412,0
162.042,4,162039085989,2502412,0
162.049,4,162046694007,2502412,0
162.054,4,162051763019,2502412,0
162.059,4,162056895031,2502412,0
162.07,4,162067390461,2502412,0
162.072,4,162069937873,2502412,0
162.078,4,162075051885,2502412,0
162.088,4,162085243909,2502412,0
162.096,4,162095471933,73000,1
162.111,4,162108658963,2502412,0
162.116,4,162113736975,2502412,0
162.121,4,162121371993,73000,1
162.137,4,162134273023,2502412,0
162.15,4,162147013053,2502412,0
162.152,4,162149560465,2502412,0
162.16,4,162157168483,2502412,0
162.167,4,162164812501,2502412,0
162.178,4,162175343931,2502412,0
162.186,4,162185571955,73000,1
162.188,4,162185669955,2502412,0
162.193,4,162193322973,73000,1
162.198,4,162195959979,2502412,0
162.204,4,162201064991,2502412,0
162.204,4,162203907403,73000,1
162.212,4,162211703421,73000,1
162.235,4,162232221469,2502412,0
162.237,4,162237299481,73000,1
162.24,4,162239963487,73000,1
162.258,4,162255385523,2502412,0
162.26,4,162257923935,2502412,0
162.273,4,162270672965,2502412,0
162.286,4,162283716995,2502412,0
162.296,4,162293927019,2502412,0
162.301,4,162298996031,2502412,0
162.304,4,162301534443,2502412,0
162.315,4,162312048467,2502412,0
162.317,4,162314577879,2502412,0
162.322,4,162319682891,2502412,0
162.325,4,162322221303,2502412,0
162.33,4,162327299315,2502412,0
162.337,4,162334934333,2502412,0
162.343,4,162340093345,2502412,0
162.355,4,162352842375,2502412,0
162.36,4,162357956387,2502412,0
162.371,4,162368139411,2502412,0
162.376,4,162373244423,2502412,0
162.386,4,162383758447,2502412,0
162.399,4,162396498477,2502412,0
162.402,4,162399027889,2502412,0
162.404,4,162401557301,2502412,0
162.404,4,162404122713,73000,1
162.404,4,162404212307,73000,1
162.409,4,162406840313,2502412,0
162.415,4,162414859737,73000,1
162.433,4,162430290773,2502412,0
162.446,4,162443030803,2502412,0
162.448,4,162448135815,73000,1
162.461,4,162458452839,2502412,0
162.469,4,162466096857,2502412,0
162.476,4,162473722875,2502412,0
162.484,4,162481697893,2502412,0
162.484,4,162484236305,73000,1
162.495,4,162492023917,2502412,0
162.505,4,162502179941,2502412,0
162.51,4,162507284953,2502412,0
162.515,4,162512675371,2502412,0
162.525,4,162522876395,2502412,0
162.53,4,162527990407,2502412,0
162.536,4,162533068419,2502412,0
162.541,4,162540739437,73000,1
162.554,4,162551065461,2502412,0
162.561,4,162558682479,2502412,0
162.566,4,162566362497,73000,1
162.577,4,162574122515,2502412,0
162.585,4,162582051939,2502412,0
162.592,4,162589704957,2502412,0
162.602,4,162599896981,2502412,0
162.603,4,162602462393,73000,1
162.613,4,162610214005,2502412,0
162.616,4,162615640423,73000,1
162.618,4,162618277429,73000,1
162.621,4,162618393429,2502412,0
162.631,4,162628567453,2502412,0
162.639,4,162636229471,2502412,0
162.651,4,162648978501,2502412,0
162.659,4,162659206525,73000,1
162.669,4,162666966543,2502412,0
162.67,4,162669504955,73000,1
162.68,4,162677256567,2502412,0
162.688,4,162687760997,73000,1
162.69,4,162687840997,2502412,0
162.698,4,162695503015,2502412,0
162.703,4,162700572027,2502412,0
162.713,4,162710773051,2502412,0
162.719,4,162716200063,2502412,0
162.729,4,162726401087,2502412,0
162.737,4,162734045105,2502412,0
162.744,4,162741689123,2502412,0
162.754,4,162751917147,2502412,0
162.762,4,162762136171,73000,1
162.783,4,162780124213,2502412,0
162.796,4,162793176649,2502412,0
162.806,4,162803359673,2502412,0
162.816,4,162813560697,2502412,0
162.827,4,162824092721,2502412,0
162.829,4,162829188733,73000,1
162.845,4,162842062763,2502412,0
162.857,4,162854811793,2502412,0
162.862,4,162859907805,2502412,0
162.873,4,162870117829,2502412,0
162.878,4,162875177841,2502412,0
162.88,4,162877716253,2502412,0
162.891,4,162888220683,2502412,0
162.896,4,162893325695,2502412,0
162.903,4,162900960713,2502412,0
162.911,4,162908649731,2502412,0
162.914,4,162913727743,73000,1
162.919,4,162916391749,2502412,0
162.927,4,162924339767,2502412,0
162.932,4,162929417779,2502412,0
162.932,4,162931947191,73000,1
162.945,4,162942327809,2502412,0
162.95,4,162947387821,2502412,0
162.96,4,162957561845,2502412,0
162.97,4,162967789869,2502412,0
162.978,4,162975442887,2502412,0
162.983,4,162980520899,2502412,0
162.991,4,162988507003,2502412,0
162.996,4,162996169021,73000,1
163.004,4,163001408033,2502412,0
163.014,4,163011573057,2502412,0
163.019,4,163016678069,2502412,0
163.027,4,163027219093,73000,1
163.048,4,163045198135,2502412,0
163.053,4,163050276147,2502412,0
163.058,4,163057902165,73000,1
163.066,4,163065698183,73000,1
163.071,4,163070910195,73000,1
163.086,4,163083748225,2502412,0
163.092,4,163091722649,73000,1
163.097,4,163094359655,2502412,0
163.099,4,163096907067,2502412,0
163.107,4,163104524085,2502412,0
163.115,4,163112186103,2502412,0
163.117,4,163117291115,73000,1
163.136,4,163133035151,2502412,0
163.148,4,163145784181,2502412,0
163.156,4,163153437199,2502412,0
163.161,4,163158497211,2502412,0
163.166,4,163163593223,2502412,0
163.174,4,163171228241,2502412,0
163.181,4,163178881259,2502412,0
163.189,4,163186543277,2502412,0
163.189,4,163189099689,73000,1
163.197,4,163194624701,2502412,0
163.202,4,163199693713,2502412,0
163.207,4,163204789725,2502412,0
163.215,4,163212451743,2502412,0
163.22,4,163217520755,2502412,0
163.228,4,163225182773,2502412,0
163.236,4,163233166197,2502412,0
163.241,4,163238235209,2502412,0
163.241,4,163240764621,73000,1
163.248,4,163245986227,2502412,0
163.256,4,163253666245,2502412,0
163.264,4,163261283263,2502412,0
163.271,4,163268945281,2502412,0
163.272,4,163271492693,73000,1
163.282,4,163279244305,2502412,0
163.287,4,163284340317,2502412,0
163.292,4,163289409329,2502412,0
163.302,4,163299949759,2502412,0
163.305,4,163305054771,73000,1
163.315,4,163315380795,73000,1
163.336,4,163333663837,2502412,0
163.344,4,163341298855,2502412,0
163.351,4,163348933873,2502412,0
163.357,4,163354002885,2502412,0
163.367,4,163364221909,2502412,0
163.372,4,163369308921,2502412,0
163.379,4,163376970939,2502412,0
163.39,4,163387198963,2502412,0
163.397,4,163397417987,73000,1
163.413,4,163410586423,2502412,0
163.421,4,163418230441,2502412,0
163.433,4,163430979471,2502412,0
163.444,4,163441483901,2502412,0
163.452,4,163449145919,2502412,0
163.462,4,163459355943,2502412,0
163.475,4,163472086973,2502412,0
163.485,4,163482305997,2502412,0
163.493,4,163492525021,73000,1
163.511,4,163508277463,2502412,0
163.519,4,163518478487,73000,1
163.529,4,163526229505,2502412,0
163.542,4,163539264535,2502412,0
163.549,4,163546935553,2502412,0
163.557,4,163554570571,2502412,0
163.565,4,163562232589,2502412,0
163.572,4,163569867607,2502412,0
163.575,4,163572415019,2502412,0
163.588,4,163585146049,2502412,0
163.595,4,163592826067,2502412,0
163.606,4,163603348497,2502412,0
163.616,4,163613558521,2502412,0
163.626,4,163623732545,2502412,0
163.631,4,163628828557,2502412,0
163.639,4,163639360581,73000,1
163.642,4,163642042587,73000,1
163.67,4,163667647647,2502412,0
163.673,4,163670186059,2502412,0
163.68,4,163677812077,2502412,0
163.691,4,163688040101,2502412,0
163.691,4,163690578513,73000,1
163.696,4,163695809119,73000,1
163.701,4,163701012131,73000,1
163.766,4,163763049681,2502412,0
163.773,4,163770675699,2502412,0
163.776,4,163775753711,73000,1
163.778,4,163775869711,2502412,0
163.789,4,163786052735,2502412,0
163.799,4,163796271759,2502412,0
163.804,4,163801340771,2502412,0
163.806,4,163803870183,2502412,0
163.809,4,163809296601,73000,1
163.814,4,163811915607,2502412,0
163.815,4,163814472019,73000,1
163.817,4,163817172619,73000,1
163.835,4,163835169661,73000,1
163.874,4,163873899751,73000,1
164.049,4,164046369965,2502412,0
164.049,4,164048935377,73000,1
164.057,4,164054102983,2502412,0
164.067,4,164064313007,2502412,0
164.077,4,164074532031,2502412,0
164.082,4,164079592043,2502412,0
164.082,4,164082148455,73000,1
164.09,4,164087370061,2502412,0
164.1,4,164097571085,2502412,0
164.105,4,164102667097,2502412,0
164.118,4,164115728533,2502412,0
164.121,4,164120833545,73000,1
164.134,4,164131141569,2502412,0
164.144,4,164141342593,2502412,0
164.152,4,164149308611,2502412,0
164.159,4,164156934629,2502412,0
164.17,4,164167153653,2502412,0
164.175,4,164174806671,73000,1
164.185,4,164185159695,73000,1
164.206,4,164205686743,73000,1
164.27,4,164267706293,2502412,0
164.275,4,164272775305,2502412,0
164.285,4,164282967329,2502412,0
164.288,4,164285505741,2502412,0
164.296,4,164293149759,2502412,0
164.303,4,164300802777,2502412,0
164.311,4,164308482795,2502412,0
164.319,4,164318674819,73000,1
164.321,4,164318799819,2502412,0
164.322,4,164321642825,73000,1
164.327,4,164324270831,2502412,0
164.334,4,164331887849,2502412,0
164.337,4,164337010861,73000,1
164.353,4,164352477897,73000,1
164.376,4,164375865951,73000,1
164.422,4,164419388053,2502412,0
164.427,4,164424770065,2502412,0
164.432,4,164429848077,2502412,0
164.432,4,164432377489,73000,1
164.435,4,164432458083,2502412,0
164.44,4,164437554095,2502412,0
164.443,4,164440083507,2502412,0
164.443,4,164442621919,73000,1
164.448,4,164445277519,2502412,0
164.453,4,164450373531,2502412,0
164.458,4,164455773543,2502412,0
164.466,4,164463444561,2502412,0
164.471,4,164471142579,73000,1
164.471,4,164471231579,73000,1
164.502,4,164499438645,2502412,0
164.507,4,164504498657,2502412,0
164.515,4,164512115675,2502412,0
164.517,4,164514672087,2502412,0
164.525,4,164522316105,2502412,0
164.533,4,164530300123,2502412,0
164.535,4,164532838535,2502412,0
164.535,4,164535367947,73000,1
164.536,4,164535457541,73000,1
164.572,4,164571693625,73000,1
164.631,4,164628268163,2502412,0
164.636,4,164633337175,2502412,0
164.643,4,164640981193,2502412,0
164.654,4,164651209217,2502412,0
164.654,4,164653747629,73000,1
164.664,4,164664405247,73000,1
164.705,4,164702804337,2502412,0
164.713,4,164710457355,2502412,0
164.716,4,164715535367,73000,1
164.734,4,164731278809,2502412,0
164.747,4,164744009839,2502412,0
164.749,4,164746584251,2502412,0
164.762,4,164759288281,2502412,0
164.764,4,164761835693,2502412,0
164.765,4,164764723105,73000,1
164.772,4,164769890117,2502412,0
164.783,4,164780118141,2502412,0
164.79,4,164787753159,2502412,0
164.798,4,164795415177,2502412,0
164.808,4,164805634201,2502412,0
164.813,4,164810703213,2502412,0
164.821,4,164818365231,2502412,0
164.834,4,164831105261,2502412,0
164.836,4,164833984267,2502412,0
164.842,4,164841619285,73000,1
164.849,4,164849415303,73000,1
164.855,4,164852034309,2502412,0
164.857,4,164854572721,2502412,0
164.862,4,164859659733,2502412,0
164.873,4,164870164757,2502412,0
164.878,4,164877844775,73000,1
164.891,4,164890745805,73000,1
164.921,4,164918907871,2502412,0
164.924,4,164921437283,2502412,0
164.929,4,164929081301,73000,1
164.934,4,164931709307,2502412,0
164.937,4,164937163319,73000,1
164.945,4,164942348331,2502412,0
164.948,4,164947462343,73000,1
164.95,4,164950099349,73000,1
164.984,4,164981176421,2502412,0
164.986,4,164983714833,2502412,0
164.991,4,164991340851,73000,1
164.999,4,164996570863,2502412,0
165.012,4,165009319893,2502412,0
165.022,4,165019502917,2502412,0
165.025,4,165022041329,2502412,0
165.03,4,165027110341,2502412,0
165.037,4,165034745359,2502412,0
165.038,4,165037597365,73000,1
165.05,4,165047968389,2502412,0
165.058,4,165055603407,2502412,0
165.068,4,165065813431,2502412,0
165.079,4,165076345455,2502412,0
165.089,4,165086528479,2502412,0
165.102,4,165099277509,2502412,0
165.112,4,165109487533,2502412,0
165.12,4,165119715557,73000,1
165.127,4,165124909569,2502412,0
165.14,4,165137649599,2502412,0
165.148,4,165145624617,2502412,0
165.158,4,165155834641,2502412,0
165.166,4,165166053665,73000,1
165.177,4,165174099683,2502412,0
165.177,4,165176665095,73000,1
165.192,4,165189530719,2502412,0
165.2,4,165197165737,2502412,0
165.207,4,165204809755,2502412,0
165.215,4,165212444773,2502412,0
165.223,4,165220106791,2502412,0
165.23,4,165227768809,2502412,0
165.235,4,165232828821,2502412,0
165.246,4,165243351251,2502412,0
165.251,4,165251022269,73000,1
165.256,4,165253650275,2502412,0
165.264,4,165261312293,2502412,0
165.269,4,165266381305,2502412,0
165.274,4,165271495317,2502412,0
165.282,4,165279425335,2502412,0
165.287,4,165287132353,73000,1
165.3,4,165297449377,2502412,0
165.313,4,165310180407,2502412,0
165.32,4,165320408431,73000,1
165.331,4,165328159449,2502412,0
165.333,4,165330697861,2502412,0
165.343,4,165340862885,2502412,0
165.349,4,165346244897,2502412,0
165.351,4,165348810309,2502412,0
165.361,4,165358984333,2502412,0
165.367,4,165364080345,2502412,0
165.369,4,165366636757,2502412,0
165.369,4,165369193169,73000,1
165.382,4,165382416793,73000,1
165.388,4,165385062799,2502412,0
165.398,4,165395227823,2502412,0
165.406,4,165405455847,73000,1
165.421,4,165418329877,2502412,0
165.423,4,165423425889,73000,1
165.439,4,165436281919,2502412,0
165.447,4,165446804349,73000,1
165.452,4,165449477355,2502412,0
165.465,4,165462181385,2502412,0
165.475,4,165472391409,2502412,0
165.483,4,165482932433,73000,1
165.488,4,165485578439,2502412,0
165.493,4,165490674451,2502412,0
165.503,4,165500839475,2502412,0
165.506,4,165503377887,2502412,0
165.509,4,165508500899,73000,1
165.516,4,165516296917,73000,1
165.534,4,165531709953,2502412,0
165.547,4,165544422983,2502412,0
165.557,4,165554954413,2502412,0
165.558,4,165557483825,73000,1
165.568,4,165565262437,2502412,0
165.578,4,165575454461,2502412,0
165.586,4,165583429479,2502412,0
165.594,4,165591064497,2502412,0
165.601,4,165598708515,2502412,0
165.609,4,165606343533,2502412,0
165.617,4,165614032551,2502412,0
165.629,4,165626772581,2502412,0
165.637,4,165634425599,2502412,0
165.647,4,165644635623,2502412,0
165.652,4,165649695635,2502412,0
165.663,4,165660236659,2502412,0
165.671,4,165670464683,73000,1
165.681,4,165678233701,2502412,0
165.681,4,165680763113,73000,1
165.691,4,165688800725,2502412,0
165.699,4,165696462743,2502412,0
165.704,4,165701531755,2502412,0
165.704,4,165704061167,73000,1
165.704,4,165704195761,73000,1
165.712,4,165709398773,2502412,0
165.717,4,165714467785,2502412,0
165.722,4,165719572797,2502412,0
165.732,4,165729755821,2502412,0
165.737,4,165734878833,2502412,0
165.745,4,165742495851,2502412,0
165.75,4,165747582863,2502412,0
165.753,4,165750121275,2502412,0
165.758,4,165758095699,73000,1
165.761,4,165760813705,73000,1
165.805,4,165802073801,2502412,0
165.817,4,165814813831,2502412,0
165.823,4,165822466849,73000,1
165.825,4,165822546849,2502412,0
165.828,4,165825076261,2502412,0
165.838,4,165835268285,2502412,0
165.843,4,165840346297,2502412,0
165.851,4,165848026315,2502412,0
165.856,4,165853104327,2502412,0
165.864,4,165861088345,2502412,0
165.874,4,165871280369,2502412,0
165.879,4,165876376381,2502412,0
165.889,4,165886577405,2502412,0
165.9,4,165897108835,2502412,0
165.907,4,165904770853,2502412,0
165.917,4,165914962877,2502412,0
165.92,4,165917492289,2502412,0
165.925,4,165925145307,73000,1
165.933,4,165930384319,2502412,0
165.946,4,165943133349,2502412,0
165.951,4,165948211361,2502412,0
165.958,4,165955855379,2502412,0
165.966,4,165963794397,2502412,0
165.969,4,165966332809,2502412,0
165.974,4,165971401821,2502412,0
165.977,4,165976533833,73000,1
165.982,4,165979197839,2502412,0
165.987,4,165984257851,2502412,0
165.992,4,165989362863,2502412,0
165.997,4,165997337287,73000,1
166.013,4,166010220317,2502412,0
166.023,4,166020412341,2502412,0
166.028,4,166025526353,2502412,0
166.041,4,166038266383,2502412,0
166.043,4,166040822795,2502412,0
166.056,4,166053526825,2502412,0
166.056,4,166056128237,73000,1
166.072,4,166071863273,73000,1
166.1,4,166097808333,2502412,0
166.1,4,166100346745,73000,1
166.116,4,166113212369,2502412,0
166.118,4,166115759781,2502412,0
166.126,4,166123367799,2502412,0
166.133,4,166130984817,2502412,0
166.136,4,166133559229,2502412,0
166.144,4,166141203247,2502412,0
166.151,4,166148829265,2502412,0
166.156,4,166153961277,2502412,0
166.167,4,166164447707,2502412,0
166.17,4,166167004119,2502412,0
166.172,4,166169542531,2502412,0
166.182,4,166179725555,2502412,0
166.187,4,166184839567,2502412,0
166.19,4,166187395979,2502412,0
166.198,4,166195003997,2502412,0
166.206,4,166203005421,2502412,0
166.211,4,166208083433,2502412,0
166.221,4,166218293457,2502412,0
166.223,4,166223416469,73000,1
166.241,4,166238820505,2502412,0
166.241,4,166241385917,73000,1
166.242,4,166241475511,73000,1
166.28,4,166277666001,2502412,0
166.28,4,166280195413,73000,1
166.291,4,166290522031,73000,1
166.327,4,166324111109,2502412,0
166.334,4,166334321133,73000,1
166.339,4,166336967139,2502412,0
166.342,4,166342072151,73000,1
166.352,4,166349841169,2502412,0
166.363,4,166360015193,2502412,0
166.371,4,166370537623,73000,1
166.383,4,166380872647,2502412,0
166.394,4,166391046671,2502412,0
166.396,4,166396169683,73000,1
166.414,4,166411886719,2502412,0
166.422,4,166422096743,73000,1
166.427,4,166424742749,2502412,0
166.432,4,166429838761,2502412,0
166.44,4,166437455779,2502412,0
166.445,4,166442551791,2502412,0
166.455,4,166452752815,2502412,0
166.458,4,166457893827,73000,1
166.46,4,166457966827,2502412,0
166.468,4,166465610845,2502412,0
166.474,4,166471010263,2502412,0
166.484,4,166481211287,2502412,0
166.489,4,166488891305,73000,1
166.491,4,166488971305,2502412,0
166.502,4,166499172329,2502412,0
166.512,4,166509686353,2502412,0
166.517,4,166517348371,73000,1
166.522,4,166519967377,2502412,0
166.523,4,166522550789,73000,1
166.53,4,166530329401,73000,1
166.553,4,166550847449,2502412,0
166.564,4,166561039473,2502412,0
166.571,4,166568674491,2502412,0
166.579,4,166576603915,2502412,0
166.589,4,166586822939,2502412,0
166.594,4,166591945951,2502412,0
166.6,4,166599571969,73000,1
166.6,4,166599678969,73000,1
166.607,4,166604899981,2502412,0
166.618,4,166615404411,2502412,0
166.626,4,166623039429,2502412,0
166.633,4,166630692447,2502412,0
166.636,4,166633221859,2502412,0
166.646,4,166643413883,2502412,0
166.656,4,166653632907,2502412,0
166.661,4,166658746919,2502412,0
166.661,4,166661276331,73000,1
166.672,4,166669054943,2502412,0
166.674,4,166674141955,73000,1
166.692,4,166689867397,2502412,0
166.695,4,166692414809,2502412,0
166.703,4,166702588833,73000,1
166.723,4,166720898875,2502412,0
166.729,4,166726003887,2502412,0
166.739,4,166736177911,2502412,0
166.749,4,166746387935,2502412,0
166.754,4,166754067953,73000,1
166.772,4,166772064995,73000,1
166.793,4,166790311443,2502412,0
166.793,4,166792876855,73000,1
166.793,4,166792966449,73000,1
166.811,4,166808370485,2502412,0
166.819,4,166818892915,73000,1
166.832,4,166829209939,2502412,0
166.839,4,166836853957,2502412,0
166.85,4,166847063981,2502412,0
166.855,4,166852141993,2502412,0
166.865,4,166862343017,2502412,0
166.868,4,166867457029,73000,1
166.883,4,166883218471,73000,1
166.914,4,166911407537,2502412,0
166.922,4,166919336961,2502412,0
166.929,4,166926971979,2502412,0
166.94,4,166937173003,2502412,0
166.942,4,166939729415,2502412,0
166.95,4,166949921439,73000,1
166.955,4,166955169451,73000,1
166.971,4,166968016481,2502412,0
166.983,4,166980765511,2502412,0
166.991,4,166988731529,2502412,0
166.996,4,166996402547,73000,1
166.997,4,166996491547,73000,1
167.004,4,167001694559,2502412,0
167.014,4,167011868583,2502412,0
167.02,4,167017268595,2502412,0
167.03,4,167027460619,2502412,0
167.035,4,167032547631,2502412,0
167.038,4,167037679643,73000,1
167.04,4,167037752643,2502412,0
167.04,4,167040291055,73000,1
167.045,4,167042964655,2502412,0
167.048,4,167048060667,73000,1
167.056,4,167053263679,2502412,0
167.056,4,167055829091,73000,1
167.066,4,167063571703,2502412,0
167.076,4,167073754727,2502412,0
167.084,4,167083982751,73000,1
167.1,4,167097187187,2502412,0
167.112,4,167109891217,2502412,0
167.123,4,167120414241,2502412,0
167.128,4,167125483253,2502412,0
167.138,4,167135693277,2502412,0
167.143,4,167140834289,2502412,0
167.143,4,167143363701,73000,1
167.156,4,167153690319,2502412,0
167.166,4,167163855343,2502412,0
167.169,4,167168987355,73000,1
167.177,4,167174154367,2502412,0
167.179,4,167176728779,2502412,0
167.187,4,167187215209,73000,1
167.19,4,167187340209,2502412,0
167.2,4,167197514233,2502412,0
167.205,4,167202628245,2502412,0
167.213,4,167212829269,73000,1
167.226,4,167223468293,2502412,0
167.234,4,167231094311,2502412,0
167.239,4,167236172323,2502412,0
167.244,4,167241241335,2502412,0
167.254,4,167251460359,2502412,0
167.259,4,167259158377,73000,1
167.267,4,167264352389,2502412,0
167.28,4,167277101419,2502412,0
167.282,4,167279639831,2502412,0
167.282,4,167282187243,73000,1
167.303,4,167300470285,2502412,0
167.313,4,167310671309,2502412,0
167.318,4,167318342327,73000,1
167.329,4,167328981351,73000,1
167.344,4,167344412387,73000,1
167.393,4,167390464495,2502412,0
167.403,4,167400960519,2502412,0
167.414,4,167411170543,2502412,0
167.421,4,167418832561,2502412,0
167.426,4,167423910573,2502412,0
167.429,4,167429318991,73000,1
167.45,4,167447316033,2502412,0
167.463,4,167460056063,2502412,0
167.47,4,167467727081,2502412,0
167.475,4,167472796093,2502412,0
167.481,4,167480440111,73000,1
167.491,4,167488227129,2502412,0
167.496,4,167493314141,2502412,0
167.496,4,167496166147,73000,1
167.496,4,167496255147,73000,1
167.532,4,167529880225,2502412,0
167.535,4,167532409637,2502412,0
167.538,4,167537514649,73000,1
167.553,4,167550388679,2502412,0
167.561,4,167558005697,2502412,0
167.568,4,167565667715,2502412,0
167.576,4,167573302733,2502412,0
167.583,4,167580964751,2502412,0
167.589,4,167588644769,73000,1
167.594,4,167593847781,73000,1
167.617,4,167617262241,73000,1
167.674,4,167671289367,2502412,0
167.679,4,167676367379,2502412,0
167.687,4,167686586403,73000,1
167.694,4,167694364421,73000,1
167.72,4,167717760881,2502412,0
167.723,4,167722847893,73000,1
167.739,4,167736034923,2502412,0
167.739,4,167738582335,73000,1
167.749,4,167746333947,2502412,0
167.754,4,167753977965,73000,1
167.757,4,167754050965,2502412,0
167.767,4,167764260989,2502412,0
167.777,4,167774471013,2502412,0
167.787,4,167784654037,2502412,0
167.795,4,167794882061,73000,1
167.813,4,167810634503,2502412,0
167.818,4,167815694515,2502412,0
167.821,4,167818223927,2502412,0
167.828,4,167825858945,2502412,0
167.839,4,167836390969,2502412,0
167.842,4,167841522981,73000,1
167.854,4,167851840005,2502412,0
167.862,4,167859466023,2502412,0
167.864,4,167861995435,2502412,0
167.877,4,167874726465,2502412,0
167.88,4,167877264877,2502412,0
167.882,4,167882396889,73000,1
167.893,4,167890183907,2502412,0
167.903,4,167900357931,2502412,0
167.916,4,167913419367,2502412,0
167.918,4,167915975779,2502412,0
167.919,4,167918514191,73000,1
167.919,4,167918603785,73000,1
167.926,4,167923797797,2502412,0
167.932,4,167931468815,73000,1
167.942,4,167939541833,2502412,0
167.947,4,167947203851,73000,1
167.957,4,167954963869,2502412,0
167.968,4,167965128893,2502412,0
167.978,4,167975338917,2502412,0
167.978,4,167977877329,73000,1
167.993,4,167990778953,2502412,0
168.006,4,168003491983,2502412,0
168.009,4,168006352989,2502412,0
168.022,4,168019084019,2502412,0
168.024,4,168021613431,2502412,0
168.027,4,168024151843,2502412,0
168.037,4,168034352867,2502412,0
168.042,4,168039734879,2502412,0
168.045,4,168042318291,2502412,0
168.047,4,168047423303,73000,1
168.055,4,168052626315,2502412,0
168.058,4,168055182727,2502412,0
168.07,4,168067913757,2502412,0
168.073,4,168070497169,2502412,0
168.086,4,168083201199,2502412,0
168.088,4,168085748611,2502412,0
168.091,4,168088287023,2502412,0
168.093,4,168090825435,2502412,0
168.103,4,168100990459,2502412,0
168.109,4,168106167471,2502412,0
168.114,4,168111540483,2502412,0
168.119,4,168119193501,73000,1
168.122,4,168119291501,2502412,0
168.127,4,168126962519,73000,1
168.142,4,168139836549,2502412,0
168.155,4,168152879985,2502412,0
168.158,4,168155436397,2502412,0
168.166,4,168165619421,73000,1
168.166,4,168165771421,73000,1
168.199,4,168196499493,2502412,0
168.202,4,168199028905,2502412,0
168.202,4,168201558317,73000,1
168.217,4,168214745347,2502412,0
168.22,4,168219859359,73000,1
168.225,4,168225062371,73000,1
168.256,4,168253555437,2502412,0
168.264,4,168261208455,2502412,0
168.274,4,168271418479,2502412,0
168.274,4,168273947891,73000,1
168.279,4,168276594491,2502412,0
168.287,4,168284256509,2502412,0
168.295,4,168294448533,73000,1
168.307,4,168307349563,73000,1
168.326,4,168323084005,2502412,0
168.328,4,168328162017,73000,1
168.346,4,168343566053,2502412,0
168.354,4,168351532071,2502412,0
168.362,4,168359167089,2502412,0
168.372,4,168369377113,2502412,0
168.38,4,168377039131,2502412,0
168.39,4,168387213155,2502412,0
168.392,4,168392345167,73000,1
168.4,4,168400123185,73000,1
168.41,4,168407865203,2502412,0
168.423,4,168420926639,2502412,0
168.431,4,168428552657,2502412,0
168.436,4,168433639669,2502412,0
168.446,4,168443840693,2502412,0
168.452,4,168449276705,2502412,0
168.452,4,168451815117,73000,1
168.455,4,168454452717,73000,1
168.475,4,168472449759,2502412,0
168.485,4,168482641783,2502412,0
168.49,4,168487710795,2502412,0
168.495,4,168495390813,73000,1
168.503,4,168500602825,2502412,0
168.516,4,168513351855,2502412,0
168.521,4,168518733273,2502412,0
168.529,4,168526386291,2502412,0
168.537,4,168534021309,2502412,0
168.539,4,168536550721,2502412,0
168.547,4,168546778745,73000,1
168.549,4,168546876745,2502412,0
168.557,4,168557408769,73000,1
168.57,4,168567716793,2502412,0
168.575,4,168572821805,2502412,0
168.585,4,168582986829,2502412,0
168.588,4,168585525241,2502412,0
168.591,4,168588072653,2502412,0
168.603,4,168600794683,2502412,0
168.606,4,168605962695,73000,1
168.621,4,168618818725,2502412,0
168.632,4,168629332749,2502412,0
168.637,4,168634410761,2502412,0
168.642,4,168642072779,73000,1
168.647,4,168644736785,2502412,0
168.647,4,168647266197,73000,1
168.658,4,168657932815,73000,1
168.668,4,168665656833,2502412,0
168.676,4,168675857857,73000,1
168.678,4,168675982857,2502412,0
168.686,4,168686156881,73000,1
168.689,4,168686272881,2502412,0
168.702,4,168699003911,2502412,0
168.709,4,168706647929,2502412,0
168.717,4,168714273947,2502412,0
168.719,4,168716821359,2502412,0
168.727,4,168724759783,2502412,0
168.732,4,168729846795,2502412,0
168.735,4,168732376207,2502412,0
168.74,4,168737499219,2502412,0
168.748,4,168745125237,2502412,0
168.755,4,168752823255,2502412,0
168.763,4,168763346279,73000,1
168.771,4,168768558291,2502412,0
168.779,4,168776184309,2502412,0
168.789,4,168786385333,2502412,0
168.794,4,168791499345,2502412,0
168.802,4,168799125363,2502412,0
168.802,4,168801654775,73000,1
168.817,4,168814574399,2502412,0
168.827,4,168824739423,2502412,0
168.833,4,168830148435,2502412,0
168.835,4,168832677847,2502412,0
168.843,4,168840312865,2502412,0
168.85,4,168847974883,2502412,0
168.858,4,168855618901,2502412,0
168.861,4,168858166313,2502412,0
168.869,4,168866086737,2502412,0
168.869,4,168868670149,73000,1
168.882,4,168881580773,73000,1
168.917,4,168914865851,2502412,0
168.93,4,168927909287,2502412,0
168.936,4,168933023299,2502412,0
168.943,4,168943251323,73000,1
168.951,4,168951029341,73000,1
168.99,4,168987175425,2502412,0
168.997,4,168994819443,2502412,0
169.005,4,169002427461,2502412,0
169.008,4,169007559473,73000,1
169.015,4,169012771485,2502412,0
169.02,4,169020424503,73000,1
169.023,4,169020504503,2502412,0
169.031,4,169028148521,2502412,0
169.044,4,169041210551,2502412,0
169.046,4,169043757963,2502412,0
169.051,4,169051401981,73000,1
169.057,4,169054029987,2502412,0
169.067,4,169064562011,2502412,0
169.07,4,169069694023,73000,1
169.078,4,169077472041,73000,1
169.111,4,169110766119,73000,1
169.121,4,169121074143,73000,1
169.134,4,169131391167,2502412,0
169.147,4,169144444197,2502412,0
169.149,4,169146982609,2502412,0
169.162,4,169159731639,2502412,0
169.175,4,169172784669,2502412,0
169.185,4,169182994693,2502412,0
169.191,4,169188117705,2502412,0
169.203,4,169200866735,2502412,0
169.211,4,169208501753,2502412,0
169.211,4,169211040165,73000,1
169.216,4,169213704765,2502412,0
169.216,4,169216243177,73000,1
169.219,4,169216323771,2502412,0
169.224,4,169223967789,73000,1
169.227,4,169224065789,2502412,0
169.237,4,169234275813,2502412,0
169.245,4,169242250831,2502412,0
169.255,4,169252433855,2502412,0
169.265,4,169262634879,2502412,0
169.27,4,169267739891,2502412,0
169.281,4,169278226321,2502412,0
169.288,4,169285906339,2502412,0
169.293,4,169290984351,2502412,0
169.299,4,169296044363,2502412,0
169.301,4,169298573775,2502412,0
169.304,4,169303696787,73000,1
169.309,4,169308953799,73000,1
169.322,4,169319279823,2502412,0
169.335,4,169332019853,2502412,0
169.342,4,169339967277,2502412,0
169.35,4,169347611295,2502412,0
169.36,4,169357812319,2502412,0
169.365,4,169362872331,2502412,0
169.368,4,169365437743,2502412,0
169.378,4,169375942767,2502412,0
169.389,4,169386170791,2502412,0
169.396,4,169393823809,2502412,0
169.409,4,169406554839,2502412,0
169.409,4,169409138251,73000,1
169.417,4,169414305857,2502412,0
169.422,4,169419428869,2502412,0
169.432,4,169429593893,2502412,0
169.437,4,169434671905,2502412,0
169.445,4,169442655329,2502412,0
169.448,4,169447751341,73000,1
169.463,4,169460661371,2502412,0
169.473,4,169470835395,2502412,0
169.476,4,169473677807,2502412,0
169.481,4,169478755819,2502412,0
169.491,4,169488974843,2502412,0
169.494,4,169494097855,73000,1
169.497,4,169496734861,73000,1
169.517,4,169517306909,73000,1
169.579,4,169576778453,2502412,0
169.592,4,169589482483,2502412,0
169.595,4,169594614495,73000,1
169.6,4,169597233501,2502412,0
169.605,4,169602302513,2502412,0
169.607,4,169604831925,2502412,0
169.61,4,169607379337,2502412,0
169.618,4,169617589361,73000,1
169.636,4,169633056397,2502412,0
169.643,4,169640691415,2502412,0
169.651,4,169648647839,2502412,0
169.659,4,169656273857,2502412,0
169.664,4,169661378869,2502412,0
169.674,4,169671579893,2502412,0
169.685,4,169682102917,2502412,0
169.69,4,169687180929,2502412,0
169.692,4,169689746341,2502412,0
169.692,4,169692275753,73000,1
169.708,4,169705177377,2502412,0
169.72,4,169717926407,2502412,0
169.725,4,169722995419,2502412,0
169.728,4,169728109431,73000,1
169.736,4,169735905449,73000,1
169.757,4,169754187897,2502412,0
169.759,4,169759265909,73000,1
169.767,4,169767043927,73000,1
169.808,4,169805756017,2502412,0
169.813,4,169810834029,2502412,0
169.824,4,169821017053,2502412,0
169.826,4,169823555465,2502412,0
169.834,4,169831190483,2502412,0
169.841,4,169838879501,2502412,0
169.841,4,169841408913,73000,1
169.849,4,169846621519,2502412,0
169.855,4,169852003531,2502412,0
169.865,4,169862195555,2502412,0
169.867,4,169864751967,2502412,0
169.872,4,169869847979,2502412,0
169.883,4,169880076003,2502412,0
169.888,4,169885466421,2502412,0
169.896,4,169893083439,2502412,0
169.898,4,169895612851,2502412,0
169.906,4,169903274869,2502412,0
169.913,4,169910945887,2502412,0
169.921,4,169918598905,2502412,0
169.931,4,169928808929,2502412,0
169.936,4,169933904941,2502412,0
169.937,4,169936434353,73000,1
169.955,4,169952187389,2502412,0
169.957,4,169957283401,73000,1
169.968,4,169965043419,2502412,0
169.98,4,169977783449,2502412,0
169.98,4,169980339861,73000,1
169.999,4,169996075491,2502412,0
170.011,4,170008824521,2502412,0
170.014,4,170011362933,2502412,0
170.027,4,170024084963,2502412,0
170.029,4,170026632375,2502412,0
170.032,4,170031746387,73000,1
170.052,4,170049743429,2502412,0
170.063,4,170060256859,2502412,0
170.068,4,170067900877,73000,1
170.078,4,170075660895,2502412,0
170.078,4,170078199307,73000,1
170.083,4,170080845907,2502412,0
170.091,4,170088802925,2502412,0
170.099,4,170096446943,2502412,0
170.102,4,170101542955,73000,1
170.117,4,170117009991,73000,1
170.158,4,170155382081,2502412,0
170.168,4,170165887105,2502412,0
170.173,4,170170956117,2502412,0
170.184,4,170181175141,2502412,0
170.189,4,170186298153,2502412,0
170.194,4,170194246171,73000,1
170.202,4,170202042189,73000,1
170.23,4,170230240255,73000,1
170.246,4,170243114285,2502412,0
170.251,4,170248183297,2502412,0
170.261,4,170258348321,2502412,0
170.271,4,170268880345,2502412,0
170.276,4,170273967357,2502412,0
170.284,4,170281620375,2502412,0
170.295,4,170292161399,2502412,0
170.3,4,170297230411,2502412,0
170.31,4,170307449435,2502412,0
170.32,4,170317632459,2502412,0
170.325,4,170325312477,73000,1
170.336,4,170335638501,73000,1
170.374,4,170374367997,73000,1
170.428,4,170425847117,2502412,0
170.439,4,170436039141,2502412,0
170.449,4,170446249165,2502412,0
170.454,4,170453929183,73000,1
170.467,4,170467115619,73000,1
170.506,4,170505845709,73000,1
170.593,4,170590529313,2502412,0
170.598,4,170598191331,73000,1
170.611,4,170611405361,73000,1
170.632,4,170629366403,2502412,0
170.639,4,170636983421,2502412,0
170.65,4,170647202445,2502412,0
170.66,4,170657394469,2502412,0
170.668,4,170665047487,2502412,0
170.673,4,170670419905,2502412,0
170.681,4,170678090923,2502412,0
170.686,4,170683168935,2502412,0
170.688,4,170685698347,2502412,0
170.698,4,170695926371,2502412,0
170.706,4,170703892389,2502412,0
170.711,4,170708952401,2502412,0
170.722,4,170719162425,2502412,0
170.727,4,170724267437,2502412,0
170.734,4,170731920455,2502412,0
170.742,4,170739573473,2502412,0
170.75,4,170749792497,73000,1
170.752,4,170749865497,2502412,0
170.755,4,170752403909,2502412,0
170.757,4,170754960321,2502412,0
170.77,4,170767673351,2502412,0
170.773,4,170770265763,2502412,0
170.778,4,170775647775,2502412,0
170.788,4,170785875799,2502412,0
170.794,4,170793528817,73000,1
170.809,4,170806715847,2502412,0
170.812,4,170809245259,2502412,0
170.82,4,170819428283,73000,1
170.835,4,170832338313,2502412,0
170.848,4,170845069343,2502412,0
170.85,4,170847598755,2502412,0
170.858,4,170855224773,2502412,0
170.865,4,170862877791,2502412,0
170.868,4,170867991803,73000,1
170.876,4,170876100227,73000,1
170.879,4,170878764233,73000,1
170.899,4,170896707275,2502412,0
170.904,4,170901803287,2502412,0
170.91,4,170907185299,2502412,0
170.915,4,170912254311,2502412,0
170.915,4,170914783723,73000,1
170.925,4,170922598335,2502412,0
170.933,4,170932808359,73000,1
170.946,4,170945709389,73000,1
170.948,4,170948346395,73000,1
171.021,4,171018027963,2502412,0
171.028,4,171025662981,2502412,0
171.041,4,171038403011,2502412,0
171.043,4,171040959423,2502412,0
171.051,4,171048585441,2502412,0
171.056,4,171056283459,73000,1
171.059,4,171056356459,2502412,0
171.066,4,171063991477,2502412,0
171.074,4,171071653495,2502412,0
171.077,4,171074182907,2502412,0
171.082,4,171079555325,2502412,0
171.085,4,171082084737,2502412,0
171.095,4,171092294761,2502412,0
171.105,4,171102522785,2502412,0
171.11,4,171110202803,73000,1
171.129,4,171128512845,73000,1
171.144,4,171141350875,2502412,0
171.149,4,171146455887,2502412,0
171.162,4,171159204917,2502412,0
171.172,4,171169423941,2502412,0
171.18,4,171177049959,2502412,0
171.19,4,171187572389,2502412,0
171.193,4,171192677401,73000,1
171.208,4,171205569431,2502412,0
171.211,4,171210647443,73000,1
171.229,4,171226373479,2502412,0
171.239,4,171236565503,2502412,0
171.244,4,171241661515,2502412,0
171.249,4,171249305533,73000,1
171.265,4,171262206563,2502412,0
171.265,4,171264744975,73000,1
171.28,4,171280167605,73000,1
171.288,4,171285683023,2502412,0
171.301,4,171298414053,2502412,0
171.309,4,171306076071,2502412,0
171.316,4,171313702089,2502412,0
171.317,4,171316562501,73000,1
171.319,4,171316642501,2502412,0
171.322,4,171321765513,73000,1
171.332,4,171329543531,2502412,0
171.34,4,171337160549,2502412,0
171.342,4,171342247561,73000,1
171.345,4,171342372561,2502412,0
171.348,4,171347450573,73000,1
171.355,4,171352689585,2502412,0
171.363,4,171360297603,2502412,0
171.37,4,171367914621,2502412,0
171.373,4,171370489033,2502412,0
171.383,4,171380672057,2502412,0
171.394,4,171391212487,2502412,0
171.401,4,171398874505,2502412,0
171.401,4,171401403917,73000,1
171.419,4,171416826547,2502412,0
171.425,4,171422216965,2502412,0
171.435,4,171432408989,2502412,0
171.44,4,171437514001,2502412,0
171.443,4,171440052413,2502412,0
171.45,4,171447678431,2502412,0
171.45,4,171450207843,73000,1
171.453,4,171450280843,2502412,0
171.458,4,171455421855,2502412,0
171.46,4,171457960267,2502412,0
171.461,4,171460489679,73000,1
171.466,4,171463109279,2502412,0
171.468,4,171465656691,2502412,0
171.476,4,171473300709,2502412,0
171.481,4,171478414721,2502412,0
171.483,4,171480944133,2502412,0
171.489,4,171486004145,2502412,0
171.496,4,171493997163,2502412,0
171.502,4,171499129175,2502412,0
171.512,4,171509339199,2502412,0
171.517,4,171514435211,2502412,0
171.525,4,171522365229,2502412,0
171.535,4,171532593253,2502412,0
171.54,4,171537680265,2502412,0
171.543,4,171540209677,2502412,0
171.548,4,171545269689,2502412,0
171.55,4,171547817101,2502412,0
171.558,4,171555461119,2502412,0
171.566,4,171563168137,2502412,0
171.573,4,171573369161,73000,1
171.576,4,171573442161,2502412,0
171.579,4,171578574173,73000,1
171.584,4,171581202179,2502412,0
171.589,4,171586280191,2502412,0
171.599,4,171596802621,2502412,0
171.602,4,171601934633,73000,1
171.607,4,171607137645,73000,1
171.61,4,171607235645,2502412,0
171.617,4,171614861663,2502412,0
171.622,4,171619930675,2502412,0
171.625,4,171625366687,73000,1
171.636,4,171635710711,73000,1
171.654,4,171651123747,2502412,0
171.659,4,171656192759,2502412,0
171.666,4,171663809777,2502412,0
171.671,4,171668923789,2502412,0
171.682,4,171679124813,2502412,0
171.687,4,171684238825,2502412,0
171.697,4,171694743255,2502412,0
171.702,4,171699803267,2502412,0
171.71,4,171707474285,2502412,0
171.715,4,171712561297,2502412,0
171.725,4,171722780321,2502412,0
171.731,4,171728162333,2502412,0
171.736,4,171733249345,2502412,0
171.738,4,171735805757,2502412,0
171.743,4,171740874769,2502412,0
171.754,4,171751066793,2502412,0
171.759,4,171756198805,2502412,0
171.761,4,171761303817,73000,1
171.774,4,171774222847,73000,1
171.81,4,171807820331,2502412,0
171.813,4,171812898343,73000,1
171.821,4,171818110355,2502412,0
171.826,4,171823188367,2502412,0
171.836,4,171833684391,2502412,0
171.844,4,171841346409,2502412,0
171.849,4,171849017427,73000,1
171.859,4,171859343451,73000,1
171.893,4,171890098523,2502412,0
171.895,4,171895185535,73000,1
171.901,4,171898116947,2502412,0
171.911,4,171908335971,2502412,0
171.916,4,171913395983,2502412,0
171.918,4,171915934395,2502412,0
171.924,4,171921021407,2502412,0
171.929,4,171926099419,2502412,0
171.939,4,171936631443,2502412,0
171.944,4,171944329461,73000,1
171.952,4,171949541473,2502412,0
171.965,4,171962290503,2502412,0
171.975,4,171972473527,2502412,0
171.983,4,171982692551,73000,1
171.985,4,171982772551,2502412,0
171.988,4,171987895563,73000,1
172.009,4,172006187011,2502412,0
172.019,4,172016379035,2502412,0
172.021,4,172018908447,2502412,0
172.034,4,172031630477,2502412,0
172.037,4,172034490889,2502412,0
172.04,4,172039613901,73000,1
172.052,4,172049939925,2502412,0
172.058,4,172057601943,73000,1
172.065,4,172062786955,2502412,0
172.078,4,172075526985,2502412,0
172.081,4,172078065397,2502412,0
172.086,4,172085727415,73000,1
172.099,4,172096053439,2502412,0
172.099,4,172098591851,73000,1
172.119,4,172116892893,2502412,0
172.125,4,172124545911,73000,1
172.13,4,172127173917,2502412,0
172.135,4,172132251929,2502412,0
172.145,4,172142765953,2502412,0
172.145,4,172145313365,73000,1
172.156,4,172153073977,2502412,0
172.163,4,172160744995,2502412,0
172.176,4,172173467025,2502412,0
172.181,4,172178581037,2502412,0
172.191,4,172188800061,2502412,0
172.196,4,172193860073,2502412,0
172.207,4,172204088097,2502412,0
172.21,4,172209506109,73000,1
172.217,4,172214700121,2502412,0
172.23,4,172227431151,2502412,0
172.235,4,172235111169,73000,1
172.251,4,172248289199,2502412,0
172.253,4,172250836611,2502412,0
172.261,4,172258453629,2502412,0
172.261,4,172260983041,73000,1
172.276,4,172273884665,2502412,0
172.287,4,172284076689,2502412,0
172.292,4,172289190701,2502412,0
172.299,4,172296798719,2502412,0
172.304,4,172301867731,2502412,0
172.307,4,172304397143,2502412,0
172.31,4,172307249149,2502412,0
172.315,4,172312363161,2502412,0
172.325,4,172322555185,2502412,0
172.328,4,172325084597,2502412,0
172.335,4,172332773615,2502412,0
172.346,4,172343296639,2502412,0
172.351,4,172348410651,2502412,0
172.361,4,172358620675,2502412,0
172.369,4,172366255693,2502412,0
172.376,4,172373899711,2502412,0
172.384,4,172381525729,2502412,0
172.387,4,172384073141,2502412,0
172.387,4,172386602553,73000,1
172.392,4,172389240153,2502412,0
172.397,4,172394336165,2502412,0
172.397,4,172396874577,73000,1
172.415,4,172412663613,2502412,0
172.428,4,172425394643,2502412,0
172.436,4,172435613667,73000,1
172.436,4,172435747667,73000,1
172.459,4,172459135721,73000,1
172.505,4,172502666823,2502412,0
172.518,4,172515683259,2502412,0
172.521,4,172518239671,2502412,0
172.533,4,172530979701,2502412,0
172.536,4,172533536113,2502412,0
172.541,4,172538614125,2502412,0
172.544,4,172541143537,2502412,0
172.549,4,172549082555,73000,1
172.552,4,172549225555,2502412,0
172.564,4,172561974585,2502412,0
172.57,4,172567079597,2502412,0
172.572,4,172572166609,73000,1
172.577,4,172574785615,2502412,0
172.58,4,172579935627,73000,1
172.598,4,172595348663,2502412,0
172.611,4,172608097693,2502412,0
172.624,4,172621150129,2502412,0
172.634,4,172631360153,2502412,0
172.642,4,172641588177,73000,1
172.657,4,172654784207,2502412,0
172.665,4,172662401225,2502412,0
172.673,4,172670018243,2502412,0
172.675,4,172672547655,2502412,0
172.685,4,172682766679,2502412,0
172.69,4,172687880691,2502412,0
172.695,4,172692967703,2502412,0
172.698,4,172695497115,2502412,0
172.706,4,172703123133,2502412,0
172.708,4,172708255145,73000,1
172.727,4,172724007587,2502412,0
172.737,4,172734208611,2502412,0
172.742,4,172739295623,2502412,0
172.747,4,172744382635,2502412,0
172.757,4,172754878659,2502412,0
172.765,4,172762567677,2502412,0
172.765,4,172765097089,73000,1
172.775,4,172772866701,2502412,0
172.786,4,172783058725,2502412,0
172.796,4,172793250749,2502412,0
172.806,4,172803460773,2502412,0
172.811,4,172808538785,2502412,0
172.816,4,172813652797,2502412,0
172.827,4,172824139227,2502412,0
172.832,4,172829262239,2502412,0
172.837,4,172834349251,2502412,0
172.847,4,172844550275,2502412,0
172.85,4,172847088687,2502412,0
172.855,4,172855054705,73000,1
172.86,4,172857673711,2502412,0
172.865,4,172862814723,2502412,0
172.875,4,172872970747,2502412,0
172.878,4,172875527159,2502412,0
172.881,4,172878065571,2502412,0
172.881,4,172880594983,73000,1
172.889,4,172888427595,73000,1
172.914,4,172911493649,2502412,0
172.927,4,172924546085,2502412,0
172.932,4,172929633097,2502412,0
172.942,4,172939816121,2502412,0
172.947,4,172944912133,2502412,0
172.953,4,172950026145,2502412,0
172.966,4,172963079175,2502412,0
172.973,4,172970741193,2502412,0
172.983,4,172980960217,2502412,0
172.994,4,172991161241,2502412,0
173.006,4,173003910271,2502412,0
173.014,4,173011554289,2502412,0
173.022,4,173019171307,2502412,0
173.03,4,173027154731,2502412,0
173.037,4,173034798749,2502412,0
173.04,4,173039912761,73000,1
173.043,4,173040001761,2502412,0
173.05,4,173047645779,2502412,0
173.055,4,173052732791,2502412,0
173.066,4,173063264815,2502412,0
173.076,4,173073456839,2502412,0
173.081,4,173081136857,73000,1
173.099,4,173099133899,73000,1
173.138,4,173135270389,2502412,0
173.151,4,173148010419,2502412,0
173.156,4,173153133431,2502412,0
173.164,4,173163665455,73000,1
173.166,4,173163745455,2502412,0
173.171,4,173171389473,73000,1
173.174,4,173171478473,2502412,0
173.182,4,173181688497,73000,1
173.195,4,173192005521,2502412,0
173.202,4,173202206545,73000,1
173.202,4,173202340545,73000,1
173.213,4,173212648569,73000,1
173.272,4,173269554107,2502412,0
173.275,4,173272083519,2502412,0
173.282,4,173279709537,2502412,0
173.285,4,173284787549,73000,1
173.288,4,173287487555,73000,1
173.293,4,173290133561,2502412,0
173.298,4,173295202573,2502412,0
173.3,4,173297731985,2502412,0
173.313,4,173310481015,2502412,0
173.323,4,173320709039,2502412,0
173.331,4,173331240469,73000,1
173.334,4,173333922475,73000,1
173.357,4,173354440523,2502412,0
173.362,4,173359509535,2502412,0
173.37,4,173367457553,2502412,0
173.378,4,173375101571,2502412,0
173.388,4,173385329595,2502412,0
173.393,4,173392973613,73000,1
173.396,4,173393062613,2502412,0
173.401,4,173398149625,2502412,0
173.403,4,173400688037,2502412,0
173.411,4,173410907061,73000,1
173.424,4,173421242085,2502412,0
173.434,4,173431425109,2502412,0
173.447,4,173444487139,2502412,0
173.457,4,173454688163,2502412,0
173.47,4,173467750193,2502412,0
173.473,4,173470279605,2502412,0
173.475,4,173475402617,73000,1
173.496,4,173493390659,2502412,0
173.501,4,173501034677,73000,1
173.506,4,173503653683,2502412,0
173.509,4,173506210095,2502412,0
173.511,4,173511306107,73000,1
173.519,4,173519102125,73000,1
173.55,4,173547594597,2502412,0
173.558,4,173555220615,2502412,0
173.565,4,173562873633,2502412,0
173.576,4,173573405657,2502412,0
173.589,4,173586154687,2502412,0
173.589,4,173588711099,73000,1
173.594,4,173591339699,2502412,0
173.601,4,173598983717,2502412,0
173.614,4,173611732747,2502412,0
173.622,4,173621951771,73000,1
173.625,4,173622058771,2502412,0
173.637,4,173634780801,2502412,0
173.64,4,173637355213,2502412,0
173.653,4,173650381243,2502412,0
173.653,4,173652973655,73000,1
173.666,4,173665848279,73000,1
173.684,4,173681574315,2502412,0
173.687,4,173686661327,73000,1
173.689,4,173686734327,2502412,0
173.699,4,173696944351,2502412,0
173.702,4,173699473763,2502412,0
173.71,4,173707126781,2502412,0
173.712,4,173712213793,73000,1
173.717,4,173714877799,2502412,0
173.722,4,173719991811,2502412,0
173.733,4,173730156835,2502412,0
173.735,4,173732695247,2502412,0
173.74,4,173737809259,2502412,0
173.748,4,173745739277,2502412,0
173.756,4,173753419295,2502412,0
173.766,4,173763611319,2502412,0
173.766,4,173766149731,73000,1
173.782,4,173781930361,73000,1
173.818,4,173815224439,2502412,0
173.828,4,173825407463,2502412,0
173.841,4,173838156493,2502412,0
173.846,4,173843555911,2502412,0
173.849,4,173848669923,73000,1
173.869,4,173866666965,2502412,0
173.874,4,173871735977,2502412,0
173.885,4,173882259001,2502412,0
173.887,4,173884788413,2502412,0
173.895,4,173892423431,2502412,0
173.905,4,173902642455,2502412,0
173.91,4,173907711467,2502412,0
173.915,4,173912816479,2502412,0
173.918,4,173917912491,73000,1
173.926,4,173923115503,2502412,0
173.936,4,173933334527,2502412,0
173.941,4,173938430539,2502412,0
173.949,4,173946368963,2502412,0
173.954,4,173951437975,2502412,0
173.956,4,173953967387,2502412,0
173.962,4,173959063399,2502412,0
173.972,4,173969291423,2502412,0
173.979,4,173976980441,2502412,0
173.985,4,173982361859,2502412,0
173.99,4,173987448871,2502412,0
173.998,4,173995110889,2502412,0
174.008,4,174005338913,2502412,0
174.015,4,174012964931,2502412,0
174.023,4,174020599949,2502412,0
174.033,4,174030818973,2502412,0
174.041,4,174041037997,73000,1
174.049,4,174046259009,2502412,0
174.062,4,174059312039,2502412,0
174.067,4,174064399051,2502412,0
174.077,4,174074600075,2502412,0
174.082,4,174079678087,2502412,0
174.09,4,174087652511,2502412,0
174.09,4,174090181923,73000,1
174.093,4,174092855523,73000,1
174.108,4,174108304559,73000,1
174.129,4,174126274601,2502412,0
174.134,4,174133900619,73000,1
174.134,4,174134016619,73000,1
174.16,4,174157404079,2502412,0
174.173,4,174170153109,2502412,0
174.178,4,174175240121,2502412,0
174.185,4,174182884139,2502412,0
174.191,4,174188274557,2502412,0
174.196,4,174193343569,2502412,0
174.201,4,174198430581,2502412,0
174.209,4,174206119599,2502412,0
174.216,4,174213781617,2502412,0
174.224,4,174221434635,2502412,0
174.227,4,174226512647,73000,1
174.229,4,174226601647,2502412,0
174.237,4,174236829671,73000,1
174.242,4,174239493677,2502412,0
174.247,4,174244562689,2502412,0
174.258,4,174255094119,2502412,0
174.263,4,174260181131,2502412,0
174.268,4,174265250143,2502412,0
174.278,4,174275478167,2502412,0
174.283,4,174280565179,2502412,0
174.288,4,174285938191,2502412,0
174.291,4,174288485603,2502412,0
174.296,4,174293554615,2502412,0
174.301,4,174298632627,2502412,0
174.301,4,174301180039,73000,1
174.307,4,174306464645,73000,1
174.312,4,174309110651,2502412,0
174.317,4,174316763669,73000,1
174.317,4,174316852669,73000,1
174.343,4,174342520729,73000,1
174.428,4,174427535333,73000,1
174.487,4,174486702877,73000,1
174.819,4,174816014691,2502412,0
174.821,4,174821110703,73000,1
174.829,4,174826277715,2502412,0
174.831,4,174828834127,2502412,0
174.831,4,174831381539,73000,1
174.842,4,174839169151,2502412,0
174.854,4,174851873181,2502412,0
174.865,4,174862083205,2502412,0
174.87,4,174870075629,73000,1
174.875,4,174872721635,2502412,0
174.883,4,174880356653,2502412,0
174.893,4,174890575677,2502412,0
174.906,4,174903610707,2502412,0
174.911,4,174908733719,2502412,0
174.921,4,174918898743,2502412,0
174.922,4,174921473155,73000,1
174.924,4,174921553749,2502412,0
174.929,4,174926631761,2502412,0
174.939,4,174936859785,2502412,0
174.947,4,174947087809,73000,1
174.96,4,174957404833,2502412,0
174.968,4,174965012851,2502412,0
174.978,4,174975535281,2502412,0
174.983,4,174983215299,73000,1
174.996,4,174993523323,2502412,0
175.009,4,175006585353,2502412,0
175.014,4,175011663365,2502412,0
175.024,4,175021882389,2502412,0
175.032,4,175029517407,2502412,0
175.037,4,175034604419,2502412,0
175.047,4,175044805443,2502412,0
175.047,4,175047343855,73000,1
175.06,4,175057679473,2502412,0
175.065,4,175062775485,2502412,0
175.076,4,175073261915,2502412,0
175.081,4,175080941933,73000,1
175.086,4,175083569939,2502412,0
175.086,4,175086144351,73000,1
175.086,4,175086233945,73000,1
175.115,4,175112179005,2502412,0
175.117,4,175114708417,2502412,0
175.12,4,175117246829,2502412,0
175.132,4,175129959859,2502412,0
175.14,4,175137648877,2502412,0
175.148,4,175145319895,2502412,0
175.155,4,175152954913,2502412,0
175.163,4,175163173937,73000,1
175.171,4,175170951955,73000,1
175.2,4,175199462427,73000,1
175.279,4,175276815013,2502412,0
175.289,4,175286980037,2502412,0
175.292,4,175292112049,73000,1
175.3,4,175299890067,73000,1
175.341,4,175338611157,2502412,0
175.349,4,175346228175,2502412,0
175.357,4,175356447199,73000,1
175.374,4,175371860235,2502412,0
175.382,4,175382373665,73000,1
175.393,4,175392726689,73000,1
175.434,4,175434004785,73000,1
175.491,4,175490624323,73000,1
175.578,4,175575308521,2502412,0
175.588,4,175585812951,2502412,0
175.593,4,175590908963,2502412,0
175.601,4,175598552981,2502412,0
175.609,4,175606178999,2502412,0
175.616,4,175613868017,2502412,0
175.629,4,175626921047,2502412,0
175.635,4,175632026059,2502412,0
175.635,4,175634555471,73000,1
175.642,4,175642352083,73000,1
175.683,4,175680760173,2502412,0
175.691,4,175688689597,2502412,0
175.699,4,175698908621,73000,1
175.701,4,175698988621,2502412,0
175.707,4,175704084633,2502412,0
175.712,4,175711728651,73000,1
175.727,4,175724924681,2502412,0
175.73,4,175727463093,2502412,0
175.743,4,175740194123,2502412,0
175.75,4,175747856141,2502412,0
175.758,4,175758084165,73000,1
175.776,4,175773515201,2502412,0
175.781,4,175778584213,2502412,0
175.789,4,175789124643,73000,1
175.799,4,175796893661,2502412,0
175.805,4,175804519679,73000,1
175.807,4,175804592679,2502412,0
175.812,4,175809697691,2502412,0
175.822,4,175819880715,2502412,0
175.823,4,175822741127,73000,1
175.833,4,175830501145,2502412,0
175.841,4,175838163163,2502412,0
175.851,4,175848364187,2502412,0
175.864,4,175861104217,2502412,0
175.866,4,175863633629,2502412,0
175.869,4,175866172041,2502412,0
175.876,4,175876373065,73000,1
175.879,4,175876489065,2502412,0
175.884,4,175881603077,2502412,0
175.892,4,175889211095,2502412,0
175.9,4,175897204113,2502412,0
175.91,4,175907414137,2502412,0
175.923,4,175920163167,2502412,0
175.925,4,175922719579,2502412,0
175.933,4,175930649003,2502412,0
175.933,4,175933178415,73000,1
175.941,4,175940993027,73000,1
175.972,4,175969182093,2502412,0
175.984,4,175981922123,2502412,0
175.992,4,175989575141,2502412,0
175.997,4,175994965559,2502412,0
176.005,4,176002600577,2502412,0
176.005,4,176005129989,73000,1
176.01,4,176007821589,2502412,0
176.015,4,176012890601,2502412,0
176.021,4,176020561619,73000,1
176.031,4,176028634637,2502412,0
176.041,4,176038826661,2502412,0
176.046,4,176043913673,2502412,0
176.057,4,176054123697,2502412,0
176.062,4,176059219709,2502412,0
176.072,4,176069402733,2502412,0
176.082,4,176079630757,2502412,0
176.09,4,176087265775,2502412,0
176.1,4,176097788205,2502412,0
176.108,4,176105441223,2502412,0
176.118,4,176115633247,2502412,0
176.126,4,176123295265,2502412,0
176.134,4,176131252283,2502412,0
176.141,4,176138887301,2502412,0
176.149,4,176146567319,2502412,0
176.157,4,176154184337,2502412,0
176.159,4,176156713749,2502412,0
176.167,4,176164330767,2502412,0
176.172,4,176169444779,2502412,0
176.177,4,176174558791,2502412,0
176.182,4,176182229809,73000,1
176.185,4,176182318809,2502412,0
176.195,4,176192528833,2502412,0
176.195,4,176195067245,73000,1
176.211,4,176208263275,2502412,0
176.224,4,176221012305,2502412,0
176.231,4,176228656323,2502412,0
176.239,4,176239169753,73000,1
176.25,4,176249522777,73000,1
176.283,4,176280259849,2502412,0
176.293,4,176290415873,2502412,0
176.295,4,176292945285,2502412,0
176.301,4,176300928709,73000,1
176.309,4,176308724727,73000,1
176.314,4,176313936739,73000,1
176.327,4,176324226763,2502412,0
176.329,4,176329313775,73000,1
176.342,4,176339970799,2502412,0
176.35,4,176350144823,73000,1
176.353,4,176350269823,2502412,0
176.36,4,176357877841,2502412,0
176.365,4,176362946853,2502412,0
176.366,4,176365485265,73000,1
176.368,4,176365558265,2502412,0
176.371,4,176368096677,2502412,0
176.381,4,176378315701,2502412,0
176.386,4,176383429713,2502412,0
176.394,4,176393657737,73000,1
176.409,4,176406853173,2502412,0
176.417,4,176414470191,2502412,0
176.427,4,176424680215,2502412,0
176.437,4,176434899239,2502412,0
176.44,4,176440307657,73000,1
176.461,4,176458286699,2502412,0
176.468,4,176465930717,2502412,0
176.481,4,176478661747,2502412,0
176.484,4,176481209159,2502412,0
176.486,4,176483738571,2502412,0
176.496,4,176493912595,2502412,0
176.499,4,176496442007,2502412,0
176.502,4,176501601019,73000,1
176.51,4,176507125437,2502412,0
176.522,4,176519874467,2502412,0
176.525,4,176522403879,2502412,0
176.533,4,176530047897,2502412,0
176.535,4,176535125909,73000,1
176.541,4,176540704921,73000,1
176.571,4,176568893987,2502412,0
176.571,4,176571423399,73000,1
176.584,4,176581741017,2502412,0
176.589,4,176589394035,73000,1
176.61,4,176607698003,2502412,0
176.61,4,176610236415,73000,1
176.631,4,176628207051,2502412,0
176.633,4,176633321063,73000,1
176.654,4,176651622105,2502412,0
176.667,4,176664371135,2502412,0
176.68,4,176677111165,2502412,0
176.685,4,176682207177,2502412,0
176.695,4,176692390201,2502412,0
176.7,4,176697495213,2502412,0
176.705,4,176702564225,2502412,0
176.71,4,176707660237,2502412,0
176.718,4,176715608255,2502412,0
176.726,4,176723315273,2502412,0
176.733,4,176730923291,2502412,0
176.741,4,176738612309,2502412,0
176.747,4,176746569327,73000,1
176.752,4,176749224333,2502412,0
176.759,4,176759416357,73000,1
176.762,4,176759489357,2502412,0
176.767,4,176764612369,2502412,0
176.772,4,176769681381,2502412,0
176.772,4,176772210793,73000,1
176.777,4,176774830393,2502412,0
176.782,4,176779962405,2502412,0
176.79,4,176787606423,2502412,0
176.798,4,176795259441,2502412,0
176.808,4,176805469465,2502412,0
176.816,4,176816000895,73000,1
176.832,4,176831449931,73000,1
176.837,4,176834104937,2502412,0
176.844,4,176844278961,73000,1
176.855,4,176852360979,2502412,0
176.868,4,176865110009,2502412,0
176.88,4,176877850039,2502412,0
176.888,4,176888078063,73000,1
176.904,4,176903527099,73000,1
176.922,4,176921818547,73000,1
176.93,4,176927021559,2502412,0
176.935,4,176934647577,73000,1
176.953,4,176950400613,2502412,0
176.958,4,176955460625,2502412,0
176.968,4,176965679649,2502412,0
176.981,4,176978428679,2502412,0
176.981,4,176980985091,73000,1
176.996,4,176993841715,2502412,0
177.007,4,177004042739,2502412,0
177.012,4,177009102751,2502412,0
177.022,4,177019625181,2502412,0
177.025,4,177022163593,2502412,0
177.032,4,177029816611,2502412,0
177.038,4,177037496629,73000,1
177.045,4,177042708641,2502412,0
177.051,4,177050656659,73000,1
177.053,4,177050754659,2502412,0
177.066,4,177063485689,2502412,0
177.069,4,177066051101,2502412,0
177.081,4,177078773131,2502412,0
177.084,4,177083914143,73000,1
177.087,4,177086551149,73000,1
177.115,4,177114767215,73000,1
177.179,4,177176813765,2502412,0
177.189,4,177186978789,2502412,0
177.195,4,177192092801,2502412,0
177.2,4,177199718819,73000,1
177.218,4,177215167855,2502412,0
177.228,4,177225645285,2502412,0
177.238,4,177235864309,2502412,0
177.243,4,177240924321,2502412,0
177.254,4,177251134345,2502412,0
177.259,4,177256588357,2502412,0
177.272,4,177269337387,2502412,0
177.282,4,177279520411,2502412,0
177.292,4,177289730435,2502412,0
177.297,4,177294799447,2502412,0
177.3,4,177297337859,2502412,0
177.31,4,177307556883,2502412,0
177.31,4,177310086295,73000,1
177.325,4,177322996919,2502412,0
177.328,4,177325839925,2502412,0
177.336,4,177333456943,2502412,0
177.344,4,177341109961,2502412,0
177.351,4,177348780979,2502412,0
177.356,4,177353840991,2502412,0
177.356,4,177356379403,73000,1
177.359,4,177356504997,2502412,0
177.37,4,177367000427,2502412,0
177.38,4,177377228451,2502412,0
177.385,4,177382297463,2502412,0
177.39,4,177387384475,2502412,0
177.392,4,177389922887,2502412,0
177.4,4,177397548905,2502412,0
177.403,4,177400078317,2502412,0
177.41,4,177407713335,2502412,0
177.41,4,177410314747,73000,1
177.421,4,177418102359,2502412,0
177.426,4,177423180371,2502412,0
177.434,4,177433720801,73000,1
177.452,4,177449133837,2502412,0
177.457,4,177454229849,2502412,0
177.462,4,177459289861,2502412,0
177.472,4,177469794291,2502412,0
177.478,4,177477483309,73000,1
177.493,4,177490339339,2502412,0
177.498,4,177498001357,73000,1
177.503,4,177500647363,2502412,0
177.516,4,177513378393,2502412,0
177.524,4,177521040411,2502412,0
177.531,4,177528702429,2502412,0
177.532,4,177531554435,73000,1
177.542,4,177539332453,2502412,0
177.549,4,177546949471,2502412,0
177.557,4,177554611489,2502412,0
177.568,4,177565107513,2502412,0
177.568,4,177567645925,73000,1
177.57,4,177567718925,2502412,0
177.573,4,177570275337,2502412,0
177.586,4,177583015367,2502412,0
177.588,4,177585571779,2502412,0
177.593,4,177590676791,2502412,0
177.593,4,177593206203,73000,1
177.596,4,177593279203,2502412,0
177.598,4,177595808615,2502412,0
177.604,4,177603497633,73000,1
177.619,4,177616389663,2502412,0
177.619,4,177618928075,73000,1
177.627,4,177626706687,73000,1
177.658,4,177655208159,2502412,0
177.665,4,177662834177,2502412,0
177.668,4,177665676589,2502412,0
177.668,4,177668215001,73000,1
177.678,4,177675984613,2502412,0
177.679,4,177678550025,73000,1
177.686,4,177683726631,2502412,0
177.691,4,177691397649,73000,1
177.709,4,177706810685,2502412,0
177.719,4,177716993709,2502412,0
177.722,4,177719523121,2502412,0
177.732,4,177729724145,2502412,0
177.74,4,177737707569,2502412,0
177.753,4,177750456599,2502412,0
177.755,4,177752995011,2502412,0
177.761,4,177758082023,2502412,0
177.771,4,177768596047,2502412,0
177.779,4,177776258065,2502412,0
177.786,4,177783884083,2502412,0
177.797,4,177794112107,2502412,0
177.802,4,177799199119,2502412,0
177.809,4,177809418143,73000,1
177.827,4,177824858179,2502412,0
177.835,4,177832484197,2502412,0
177.84,4,177837883615,2502412,0
177.84,4,177840413027,73000,1
177.848,4,177845616633,2502412,0
177.851,4,177850748645,73000,1
177.858,4,177855942657,2502412,0
177.866,4,177863577675,2502412,0
177.874,4,177871552693,2502412,0
177.879,4,177876630705,2502412,0
177.884,4,177881717717,2502412,0
177.884,4,177884247129,73000,1
177.897,4,177894600747,2502412,0
177.902,4,177902253765,73000,1
177.907,4,177904881771,2502412,0
177.92,4,177917630801,2502412,0
177.925,4,177922717813,2502412,0
177.935,4,177932936837,2502412,0
177.943,4,177940911261,2502412,0
177.954,4,177951094285,2502412,0
177.964,4,177961295309,2502412,0
177.964,4,177963833721,73000,1
177.977,4,177974500339,2502412,0
177.987,4,177984665363,2502412,0
177.995,4,177994893387,73000,1
178.008,4,178005201411,2502412,0
178.013,4,178010306423,2502412,0
178.018,4,178015366435,2502412,0
178.023,4,178023019453,73000,1
178.033,4,178030806471,2502412,0
178.046,4,178043849907,2502412,0
178.049,4,178046397319,2502412,0
178.057,4,178054032337,2502412,0
178.064,4,178061685355,2502412,0
178.072,4,178069338373,2502412,0
178.077,4,178077313391,73000,1
178.098,4,178095301433,2502412,0
178.103,4,178102954451,73000,1
178.106,4,178103027451,2502412,0
178.113,4,178110698469,2502412,0
178.126,4,178123429499,2502412,0
178.139,4,178136178529,2502412,0
178.149,4,178146709959,2502412,0
178.157,4,178154362977,2502412,0
178.165,4,178164591001,73000,1
178.185,4,178182856043,2502412,0
178.19,4,178187961055,2502412,0
178.203,4,178200710085,2502412,0
178.211,4,178208345103,2502412,0
178.211,4,178210883515,73000,1
178.221,4,178221255133,73000,1
178.226,4,178223883139,2502412,0
178.229,4,178228961151,73000,1
178.239,4,178236721169,2502412,0
178.242,4,178241835181,73000,1
178.252,4,178249898605,2502412,0
178.26,4,178257533623,2502412,0
178.273,4,178270282653,2502412,0
178.28,4,178277917671,2502412,0
178.283,4,178283344089,73000,1
178.299,4,178296227119,2502412,0
178.307,4,178306428143,73000,1
178.312,4,178309101149,2502412,0
178.322,4,178319257173,2502412,0
178.329,4,178326928191,2502412,0
178.34,4,178337120215,2502412,0
178.345,4,178342207227,2502412,0
178.355,4,178352702657,2502412,0
178.36,4,178357825669,2502412,0
178.368,4,178365442687,2502412,0
178.378,4,178375670711,2502412,0
178.386,4,178383645729,2502412,0
178.394,4,178393846753,73000,1
178.412,4,178411843795,73000,1
178.445,4,178442607867,2502412,0
178.453,4,178450215885,2502412,0
178.461,4,178458199903,2502412,0
178.473,4,178470921933,2502412,0
178.481,4,178481149957,73000,1
178.502,4,178499450999,2502412,0
178.51,4,178507086017,2502412,0
178.52,4,178517278041,2502412,0
178.525,4,178522392053,2502412,0
178.525,4,178524921465,73000,1
178.528,4,178527559065,73000,1
178.564,4,178561210549,2502412,0
178.569,4,178568845567,73000,1
178.584,4,178581737597,2502412,0
178.59,4,178587119609,2502412,0
178.597,4,178594754627,2502412,0
178.605,4,178602407645,2502412,0
178.615,4,178612626669,2502412,0
178.625,4,178622818693,2502412,0
178.63,4,178627896705,2502412,0
178.638,4,178635540723,2502412,0
178.638,4,178638070135,73000,1
178.654,4,178650998759,2502412,0
178.664,4,178661476189,2502412,0
178.669,4,178666581201,2502412,0
178.679,4,178676755225,2502412,0
178.685,4,178684444243,73000,1
178.7,4,178697631273,2502412,0
178.7,4,178700178685,73000,1
178.713,4,178713053309,73000,1
178.713,4,178713142309,73000,1
178.726,4,178726025339,73000,1
178.772,4,178769832847,2502412,0
178.78,4,178780042871,73000,1
178.798,4,178795795907,2502412,0
178.808,4,178805951931,2502412,0
178.816,4,178813622949,2502412,0
178.824,4,178821266967,2502412,0
178.829,4,178826353979,2502412,0
178.834,4,178831422991,2502412,0
178.837,4,178836519003,73000,1
178.839,4,178836644003,2502412,0
178.852,4,178849393033,2502412,0
178.855,4,178854516045,73000,1
178.873,4,178870250487,2502412,0
178.88,4,178877885505,2502412,0
178.888,4,178885520523,2502412,0
178.893,4,178893191541,73000,1
178.914,4,178911483583,2502412,0
178.919,4,178919145601,73000,1
178.935,4,178934567637,73000,1
178.952,4,178949989673,2502412,0
178.96,4,178957633691,2502412,0
178.966,4,178965590115,73000,1
178.981,4,178978446145,2502412,0
178.984,4,178983560157,73000,1
178.991,4,178991338175,73000,1
178.994,4,178991411175,2502412,0
178.996,4,178993940587,2502412,0
179.01,4,179007002023,2502412,0
179.017,4,179014664041,2502412,0
179.03,4,179027395071,2502412,0
179.033,4,179032527083,73000,1
179.035,4,179035164089,73000,1
179.048,4,179045481113,2502412,0
179.051,4,179048019525,2502412,0
179.051,4,179050557937,73000,1
179.061,4,179060902555,73000,1
179.087,4,179086865021,73000,1
179.136,4,179133230129,2502412,0
179.141,4,179138290141,2502412,0
179.148,4,179145934159,2502412,0
179.156,4,179153569177,2502412,0
179.159,4,179156116589,2502412,0
179.164,4,179161212601,2502412,0
179.169,4,179166290613,2502412,0
179.174,4,179171681625,2502412,0
179.179,4,179176750637,2502412,0
179.179,4,179179343049,73000,1
179.184,4,179181989649,2502412,0
179.187,4,179184528061,2502412,0
179.192,4,179189597073,2502412,0
179.197,4,179197286091,73000,1
179.205,4,179202847103,2502412,0
179.218,4,179215560133,2502412,0
179.218,4,179218143545,73000,1
179.234,4,179231000169,2502412,0
179.246,4,179243740199,2502412,0
179.254,4,179251402217,2502412,0
179.262,4,179259046235,2502412,0
179.267,4,179264106247,2502412,0
179.272,4,179269220259,2502412,0
179.285,4,179282282289,2502412,0
179.287,4,179284847701,2502412,0
179.3,4,179297569731,2502412,0
179.305,4,179302701743,2502412,0
179.306,4,179305544155,73000,1
179.313,4,179310729167,2502412,0
179.313,4,179313294579,73000,1
179.324,4,179321064191,2502412,0
179.324,4,179323611603,73000,1
179.336,4,179333920221,2502412,0
179.344,4,179344130245,73000,1
179.347,4,179344219245,2502412,0
179.357,4,179354384269,2502412,0
179.359,4,179356940681,2502412,0
179.36,4,179359470093,73000,1
179.38,4,179377771135,2502412,0
179.38,4,179380336547,73000,1
179.396,4,179393202171,2502412,0
179.403,4,179400846189,2502412,0
179.414,4,179411342213,2502412,0
179.424,4,179421552237,2502412,0
179.432,4,179429178255,2502412,0
179.437,4,179434283267,2502412,0
179.439,4,179439379279,73000,1
179.445,4,179442034285,2502412,0
179.45,4,179447139297,2502412,0
179.46,4,179457349321,2502412,0
179.463,4,179462445333,73000,1
179.47,4,179467666345,2502412,0
179.483,4,179480727781,2502412,0
179.493,4,179490892805,2502412,0
179.501,4,179501120829,73000,1
179.517,4,179514289859,2502412,0
179.519,4,179516837271,2502412,0
179.522,4,179519366683,2502412,0
179.535,4,179532088713,2502412,0
179.537,4,179534636125,2502412,0
179.542,4,179539750137,2502412,0
179.552,4,179549933161,2502412,0
179.563,4,179560152185,2502412,0
179.568,4,179565239197,2502412,0
179.576,4,179575467221,73000,1
179.589,4,179586096651,2502412,0
179.591,4,179588644063,2502412,0
179.591,4,179591173475,73000,1
179.604,4,179601500093,2502412,0
179.614,4,179611996117,2502412,0
179.627,4,179624745147,2502412,0
179.635,4,179632407165,2502412,0
179.643,4,179642626189,73000,1
179.655,4,179652934213,2502412,0
179.661,4,179658003225,2502412,0
179.661,4,179660541637,73000,1
179.673,4,179670868255,2502412,0
179.686,4,179683929691,2502412,0
179.689,4,179689052703,73000,1
179.702,4,179699360727,2502412,0
179.709,4,179706977745,2502412,0
179.712,4,179709507157,2502412,0
179.72,4,179717464175,2502412,0
179.728,4,179725135193,2502412,0
179.73,4,179730240205,73000,1
179.738,4,179735434217,2502412,0
179.748,4,179745644241,2502412,0
179.753,4,179750731253,2502412,0
179.763,4,179760932277,2502412,0
179.769,4,179766010289,2502412,0
179.776,4,179773672307,2502412,0
179.781,4,179778759319,2502412,0
179.787,4,179784185737,2502412,0
179.799,4,179796925767,2502412,0
179.802,4,179799473179,2502412,0
179.805,4,179804578191,73000,1
179.807,4,179807215197,73000,1
179.81,4,179807304197,2502412,0
179.812,4,179809878609,2502412,0
179.825,4,179822895639,2502412,0
179.828,4,179825452051,2502412,0
179.831,4,179827999463,2502412,0
179.841,4,179838164487,2502412,0
179.846,4,179843296499,2502412,0
179.848,4,179845825911,2502412,0
179.851,4,179848364323,2502412,0
179.864,4,179861104353,2502412,0
179.871,4,179868793371,2502412,0
179.879,4,179876401389,2502412,0
179.881,4,179878966801,2502412,0
179.889,4,179886896225,2502412,0
179.892,4,179889434637,2502412,0
179.892,4,179891973049,73000,1
179.897,4,179894601649,2502412,0
179.9,4,179897185061,2502412,0
179.905,4,179902245073,2502412,0
179.907,4,179904774485,2502412,0
179.912,4,179909879497,2502412,0
179.923,4,179920411521,2502412,0
179.928,4,179925534533,2502412,0
179.936,4,179935762557,73000,1
179.943,4,179940965569,2502412,0
179.946,4,179943494981,2502412,0
179.954,4,179951111999,2502412,0
179.964,4,179961340023,2502412,0
179.969,4,179966427035,2502412,0
179.977,4,179974053053,2502412,0
179.987,4,179984272077,2502412,0
179.992,4,179989708089,2502412,0
180,4,179997325107,2502412,0
180.01,4,180007553131,2502412,0
180.015,4,180012631143,2502412,0
180.021,4,180020606161,73000,1
180.028,4,180025818173,2502412,0
180.033,4,180030887185,2502412,0
180.034,4,180033443597,73000,1
180.044,4,180043788215,73000,1
180.082,4,180082205305,73000,1
180.093,4,180090259729,2502412,0
180.106,4,180103008759,2502412,0
180.111,4,180108095771,2502412,0
180.121,4,180118278795,2502412,0
180.126,4,180123687807,2502412,0
180.136,4,180133906831,2502412,0
180.142,4,180141559849,73000,1
180.147,4,180144232855,2502412,0
180.157,4,180154388879,2502412,0
180.167,4,180164607903,2502412,0
180.172,4,180169676915,2502412,0
180.175,4,180172233327,2502412,0
180.185,4,180182398351,2502412,0
180.19,4,180187494363,2502412,0
180.198,4,180195477787,2502412,0
180.206,4,180203157805,2502412,0
180.213,4,180210774823,2502412,0
180.221,4,180218454841,2502412,0
180.229,4,180226393859,2502412,0
180.237,4,180234064877,2502412,0
180.242,4,180239142889,2502412,0
180.242,4,180241672301,73000,1
180.257,4,180254573925,2502412,0
180.265,4,180264774949,73000,1
180.275,4,180275100973,73000,1
180.285,4,180282842991,2502412,0
180.29,4,180287912003,2502412,0
180.293,4,180290459415,2502412,0
180.301,4,180298397839,2502412,0
180.306,4,180303466851,2502412,0
180.309,4,180306005263,2502412,0
180.314,4,180311110275,2502412,0
180.319,4,180316206287,2502412,0
180.326,4,180323832305,2502412,0
180.332,4,180329250317,2502412,0
180.337,4,180334391329,2502412,0
180.347,4,180344565353,2502412,0
180.347,4,180347148765,73000,1
180.35,4,180347247359,2502412,0
180.355,4,180354873377,73000,1
180.368,4,180365199401,2502412,0
180.37,4,180367746813,2502412,0
180.383,4,180380459843,2502412,0
180.386,4,180383025255,2502412,0
180.393,4,180390660273,2502412,0
180.393,4,180393198685,73000,1
180.398,4,180395863285,2502412,0
180.406,4,180403811303,2502412,0
180.409,4,180406340715,2502412,0
180.409,4,180408888127,73000,1
180.419,4,180419250745,73000,1
180.437,4,180434976781,2502412,0
180.44,4,180437506193,2502412,0
180.448,4,180445150211,2502412,0
180.46,4,180457890241,2502412,0
180.461,4,180460473653,73000,1
180.476,4,180475896283,73000,1
180.515,4,180512068773,2502412,0
180.515,4,180514598185,73000,1
180.525,4,180522340797,2502412,0
180.528,4,180527445809,73000,1
180.533,4,180530091815,2502412,0
180.543,4,180540614245,2502412,0
180.548,4,180545701257,2502412,0
180.558,4,180555920281,2502412,0
180.571,4,180568642311,2502412,0
180.574,4,180571189723,2502412,0
180.576,4,180573737135,2502412,0
180.584,4,180581345153,2502412,0
180.591,4,180588962171,2502412,0
180.594,4,180591563583,2502412,0
180.597,4,180596650595,73000,1
180.615,4,180612403037,2502412,0
180.62,4,180617499049,2502412,0
180.63,4,180627664073,2502412,0
180.63,4,180630247485,73000,1
180.641,4,180638303097,2502412,0
180.641,4,180640877509,73000,1
180.646,4,180643506109,2502412,0
180.656,4,180653707133,2502412,0
180.666,4,180663926157,2502412,0
180.669,4,180669022169,73000,1
180.684,4,180681887199,2502412,0
180.695,4,180692079223,2502412,0
180.702,4,180699723241,2502412,0
180.71,4,180707661665,2502412,0
180.713,4,180710209077,2502412,0
180.72,4,180717871095,2502412,0
180.725,4,180722931107,2502412,0
180.731,4,180728036119,2502412,0
180.731,4,180730574531,73000,1
180.749,4,180746355161,2502412,0
180.756,4,180753981179,2502412,0
180.759,4,180759086191,73000,1
180.762,4,180761741197,73000,1
180.767,4,180764414203,2502412,0
180.775,4,180774588227,73000,1
180.79,4,180787480257,2502412,0
180.795,4,180795106275,73000,1
180.808,4,180805423299,2502412,0
180.816,4,180813380317,2502412,0
180.821,4,180818449329,2502412,0
180.826,4,180823563341,2502412,0
180.834,4,180831198359,2502412,0
180.834,4,180833727771,73000,1
180.844,4,180841828383,2502412,0
180.849,4,180846915395,2502412,0
180.854,4,180851975407,2502412,0
180.86,4,180857071419,2502412,0
180.86,4,180859609831,73000,1
180.87,4,180867406443,2502412,0
180.875,4,180875059461,73000,1
180.885,4,180885412485,73000,1
180.911,4,180908781945,2502412,0
180.924,4,180921521975,2502412,0
180.929,4,180929201993,73000,1
180.934,4,180931838999,2502412,0
180.942,4,180939474017,2502412,0
180.947,4,180944864435,2502412,0
180.955,4,180952499453,2502412,0
180.963,4,180960179471,2502412,0
180.965,4,180965266483,73000,1
180.973,4,180973062501,73000,1
180.996,4,180993580549,2502412,0
181.001,4,180998676561,2502412,0
181.011,4,181008850585,2502412,0
181.022,4,181019373609,2502412,0
181.03,4,181027008627,2502412,0
181.032,4,181029547039,2502412,0
181.037,4,181034625051,2502412,0
181.042,4,181039712063,2502412,0
181.048,4,181045094075,2502412,0
181.053,4,181050181087,2502412,0
181.058,4,181055304099,2502412,0
181.058,4,181057851511,73000,1
181.063,4,181060516111,2502412,0
181.071,4,181068169129,2502412,0
181.078,4,181075813147,2502412,0
181.083,4,181080909159,2502412,0
181.091,4,181088562177,2502412,0
181.099,4,181096224195,2502412,0
181.104,4,181101302207,2502412,0
181.114,4,181111494231,2502412,0
181.117,4,181114355237,2502412,0
181.119,4,181116884649,2502412,0
181.124,4,181121953661,2502412,0
181.135,4,181132181685,2502412,0
181.14,4,181137304697,2502412,0
181.14,4,181139843109,73000,1
181.153,4,181150482727,2502412,0
181.158,4,181155560739,2502412,0
181.163,4,181160629751,2502412,0
181.173,4,181170848775,2502412,0
181.178,4,181175935787,2502412,0
181.184,4,181181031799,2502412,0
181.189,4,181188684817,73000,1
181.202,4,181199019841,2502412,0
181.212,4,181209202865,2502412,0
181.217,4,181214271877,2502412,0
181.22,4,181217123883,2502412,0
181.23,4,181227324907,2502412,0
181.235,4,181232411919,2502412,0
181.243,4,181240082937,2502412,0
181.25,4,181247735955,2502412,0
181.251,4,181250614367,73000,1
181.264,4,181263506397,73000,1
181.31,4,181307001499,2502412,0
181.315,4,181314663517,73000,1
181.325,4,181325301947,73000,1
181.33,4,181327956953,2502412,0
181.341,4,181338139977,2502412,0
181.348,4,181345774995,2502412,0
181.359,4,181356298019,2502412,0
181.364,4,181361376031,2502412,0
181.369,4,181366454043,2502412,0
181.374,4,181371550055,2502412,0
181.377,4,181374079467,2502412,0
181.382,4,181379148479,2502412,0
181.384,4,181381677891,2502412,0
181.389,4,181386773903,2502412,0
181.397,4,181394426921,2502412,0
181.399,4,181396983333,2502412,0
181.405,4,181402070345,2502412,0
181.41,4,181409741363,73000,1
181.415,4,181415007375,73000,1
181.441,4,181440969841,73000,1
181.446,4,181443597847,2502412,0
181.459,4,181456641877,2502412,0
181.469,4,181466860901,2502412,0
181.474,4,181471920913,2502412,0
181.477,4,181474468325,2502412,0
181.485,4,181484687349,73000,1
181.49,4,181487378355,2502412,0
181.503,4,181500109385,2502412,0
181.51,4,181510310409,73000,1
181.529,4,181526062851,2502412,0
181.529,4,181528592263,73000,1
181.544,4,181541466887,2502412,0
181.557,4,181554188917,2502412,0
181.56,4,181557076329,2502412,0
181.56,4,181559605741,73000,1
181.567,4,181564773347,2502412,0
181.572,4,181569842359,2502412,0
181.575,4,181572389771,2502412,0
181.58,4,181577494783,2502412,0
181.585,4,181585147801,73000,1
181.601,4,181598066831,2502412,0
181.611,4,181608240855,2502412,0
181.611,4,181610797267,73000,1
181.614,4,181613452867,73000,1
181.621,4,181621230885,73000,1
181.668,4,181665360393,2502412,0
181.675,4,181672995411,2502412,0
181.681,4,181678073423,2502412,0
181.691,4,181688292447,2502412,0
181.701,4,181698511471,2502412,0
181.706,4,181703589483,2502412,0
181.714,4,181711215501,2502412,0
181.716,4,181716338513,73000,1
181.732,4,181729533949,2502412,0
181.745,4,181742273979,2502412,0
181.747,4,181744812391,2502412,0
181.76,4,181757543421,2502412,0
181.771,4,181768084445,2502412,0
181.776,4,181773171457,2502412,0
181.786,4,181783381481,2502412,0
181.794,4,181791016499,2502412,0
181.801,4,181798678517,2502412,0
181.809,4,181806313535,2502412,0
181.814,4,181813993553,73000,1
181.829,4,181826885583,2502412,0
181.842,4,181839920019,2502412,0
181.845,4,181842467431,2502412,0
181.85,4,181847536443,2502412,0
181.855,4,181852605455,2502412,0
181.863,4,181860249473,2502412,0
181.865,4,181862787885,2502412,0
181.868,4,181868223303,73000,1
181.886,4,181883681339,2502412,0
181.886,4,181886228751,73000,1
181.897,4,181896555369,73000,1
181.897,4,181896644369,73000,1
181.915,4,181914623411,73000,1
182.038,4,182038278511,73000,1
182.288,4,182285178899,2502412,0
182.29,4,182287726311,2502412,0
182.3,4,182297882335,2502412,0
182.305,4,182302969347,2502412,0
182.308,4,182305525759,2502412,0
182.311,4,182308055171,2502412,0
182.313,4,182313142183,73000,1
182.321,4,182318327195,2502412,0
182.326,4,182323477207,2502412,0
182.336,4,182333687231,2502412,0
182.344,4,182344200661,73000,1
182.35,4,182349430673,73000,1
182.375,4,182372523727,2502412,0
182.383,4,182383010157,73000,1
182.386,4,182383117157,2502412,0
182.398,4,182395857187,2502412,0
182.406,4,182403510205,2502412,0
182.414,4,182411118223,2502412,0
182.416,4,182413683635,2502412,0
182.429,4,182426423665,2502412,0
182.432,4,182428998077,2502412,0
182.442,4,182439172101,2502412,0
182.452,4,182449703531,2502412,0
182.457,4,182454790543,2502412,0
182.46,4,182457319955,2502412,0
182.465,4,182462379967,2502412,0
182.467,4,182464918379,2502412,0
182.478,4,182475128403,2502412,0
182.481,4,182480608821,73000,1
182.501,4,182498587863,2502412,0
182.501,4,182501126275,73000,1
182.511,4,182508859887,2502412,0
182.517,4,182516521905,73000,1
182.522,4,182519185911,2502412,0
182.534,4,182531934941,2502412,0
182.545,4,182542108965,2502412,0
182.55,4,182547508383,2502412,0
182.558,4,182555152401,2502412,0
182.563,4,182560221413,2502412,0
182.568,4,182565335425,2502412,0
182.571,4,182570440437,73000,1
182.584,4,182581106461,2502412,0
182.591,4,182588741479,2502412,0
182.601,4,182598933503,2502412,0
182.609,4,182606595521,2502412,0
182.619,4,182616778545,2502412,0
182.625,4,182624449563,73000,1
182.64,4,182637305593,2502412,0
182.653,4,182650367029,2502412,0
182.655,4,182652932441,2502412,0
182.66,4,182657992453,2502412,0
182.671,4,182668202477,2502412,0
182.683,4,182680951507,2502412,0
182.686,4,182683802919,2502412,0
182.689,4,182686359331,2502412,0
182.699,4,182696524355,2502412,0
182.704,4,182701638367,2502412,0
182.712,4,182709282385,2502412,0
182.717,4,182714351397,2502412,0
182.719,4,182716898809,2502412,0
182.724,4,182721967821,2502412,0
182.732,4,182729620839,2502412,0
182.737,4,182734743851,2502412,0
182.737,4,182737282263,73000,1
182.756,4,182753071299,2502412,0
182.763,4,182760679317,2502412,0
182.766,4,182763217729,2502412,0
182.776,4,182773409753,2502412,0
182.784,4,182781098771,2502412,0
182.792,4,182789019789,2502412,0
182.794,4,182794151801,73000,1
182.802,4,182799363813,2502412,0
182.812,4,182809555837,2502412,0
182.812,4,182812085249,73000,1
182.83,4,182827543879,2502412,0
182.835,4,182832603891,2502412,0
182.843,4,182840247909,2502412,0
182.853,4,182850448933,2502412,0
182.859,4,182858441357,73000,1
182.874,4,182871297387,2502412,0
182.887,4,182884046417,2502412,0
182.897,4,182894569441,2502412,0
182.905,4,182904788465,73000,1
182.91,4,182910018477,73000,1
182.941,4,182940764549,73000,1
183,4,182997705099,2502412,0
183.008,4,183007888123,73000,1
183.01,4,183007995123,2502412,0
183.011,4,183010542535,73000,1
183.016,4,183013171135,2502412,0
183.023,4,183020788153,2502412,0
183.031,4,183028468171,2502412,0
183.036,4,183036139189,73000,1
183.054,4,183054136231,73000,1
183.073,4,183072427679,73000,1
183.121,4,183118792787,2502412,0
183.126,4,183123888799,2502412,0
183.131,4,183128957811,2502412,0
183.139,4,183136565829,2502412,0
183.144,4,183141706841,2502412,0
183.149,4,183146793853,2502412,0
183.154,4,183151853865,2502412,0
183.159,4,183156922877,2502412,0
183.162,4,183159461289,2502412,0
183.165,4,183164906301,73000,1
183.168,4,183165004301,2502412,0
183.175,4,183172666319,2502412,0
183.183,4,183180337337,2502412,0
183.188,4,183187981355,73000,1
183.191,4,183188079355,2502412,0
183.204,4,183201132385,2502412,0
183.209,4,183208803403,73000,1
183.211,4,183208883403,2502412,0
183.216,4,183213961415,2502412,0
183.224,4,183221605433,2502412,0
183.229,4,183226683445,2502412,0
183.239,4,183236902469,2502412,0
183.247,4,183244573487,2502412,0
183.26,4,183257313517,2502412,0
183.263,4,183262445529,73000,1
183.278,4,183278206971,73000,1
183.307,4,183306718037,73000,1
183.327,4,183327245085,73000,1
183.381,4,183378732611,2502412,0
183.389,4,183386340629,2502412,0
183.391,4,183388870041,2502412,0
183.391,4,183391426453,73000,1
183.397,4,183394046053,2502412,0
183.402,4,183399446065,2502412,0
183.41,4,183407126083,2502412,0
183.415,4,183412195095,2502412,0
183.422,4,183419866113,2502412,0
183.425,4,183424980125,73000,1
183.438,4,183435306149,2502412,0
183.443,4,183440384161,2502412,0
183.453,4,183450594185,2502412,0
183.453,4,183453123597,73000,1
183.461,4,183458336203,2502412,0
183.471,4,183468849633,2502412,0
183.476,4,183473954645,2502412,0
183.487,4,183484128669,2502412,0
183.494,4,183494356693,73000,1
183.497,4,183494481693,2502412,0
183.5,4,183499559705,73000,1
183.51,4,183507641723,2502412,0
183.515,4,183512701735,2502412,0
183.518,4,183517788747,73000,1
183.526,4,183523018759,2502412,0
183.528,4,183528105771,73000,1
183.549,4,183546084813,2502412,0
183.554,4,183553746831,73000,1
183.572,4,183569150867,2502412,0
183.575,4,183572011873,2502412,0
183.582,4,183579637891,2502412,0
183.59,4,183587272909,2502412,0
183.592,4,183589802321,2502412,0
183.6,4,183597464339,2502412,0
183.605,4,183602533351,2502412,0
183.61,4,183607968769,2502412,0
183.621,4,183618169793,2502412,0
183.628,4,183625840811,2502412,0
183.636,4,183633475829,2502412,0
183.641,4,183638544841,2502412,0
183.644,4,183641083253,2502412,0
183.646,4,183643621665,2502412,0
183.659,4,183656361695,2502412,0
183.661,4,183658918107,2502412,0
183.667,4,183666598125,73000,1
183.682,4,183682377567,73000,1
183.7,4,183697781603,2502412,0
183.713,4,183710843633,2502412,0
183.726,4,183723592663,2502412,0
183.734,4,183731245681,2502412,0
183.746,4,183743994711,2502412,0
183.749,4,183746542123,2502412,0
183.757,4,183756743147,73000,1
183.775,4,183772183183,2502412,0
183.783,4,183780130607,2502412,0
183.79,4,183787783625,2502412,0
183.795,4,183792852637,2502412,0
183.806,4,183803080661,2502412,0
183.811,4,183808158673,2502412,0
183.821,4,183818672103,2502412,0
183.831,4,183828873127,2502412,0
183.837,4,183836553145,73000,1
183.857,4,183854541187,2502412,0
183.867,4,183864715211,2502412,0
183.872,4,183869820223,2502412,0
183.88,4,183877428241,2502412,0
183.888,4,183885430259,2502412,0
183.898,4,183895631283,2502412,0
183.903,4,183900709295,2502412,0
183.908,4,183905796307,2502412,0
183.919,4,183916328331,2502412,0
183.927,4,183926556355,73000,1
183.937,4,183934316373,2502412,0
183.939,4,183939403385,73000,1
183.947,4,183944606397,2502412,0
183.96,4,183957337427,2502412,0
183.97,4,183967538451,2502412,0
183.975,4,183972643463,2502412,0
183.978,4,183975181875,2502412,0
183.991,4,183988216311,2502412,0
183.993,4,183990781723,2502412,0
183.996,4,183995886735,73000,1
183.996,4,183995975735,73000,1
184.037,4,184034732825,2502412,0
184.045,4,184044933849,73000,1
184.058,4,184055241873,2502412,0
184.066,4,184065451897,73000,1
184.068,4,184065531897,2502412,0
184.078,4,184075732921,2502412,0
184.086,4,184086273351,73000,1
184.102,4,184099138381,2502412,0
184.109,4,184106755399,2502412,0
184.114,4,184114426417,73000,1
184.13,4,184127604447,2502412,0
184.14,4,184137796471,2502412,0
184.145,4,184142874483,2502412,0
184.148,4,184145412895,2502412,0
184.161,4,184158161925,2502412,0
184.163,4,184160709337,2502412,0
184.171,4,184170919361,73000,1
184.192,4,184189228809,2502412,0
184.194,4,184191758221,2502412,0
184.197,4,184196863233,73000,1
184.21,4,184207189257,2502412,0
184.212,4,184212276269,73000,1
184.212,4,184212365269,73000,1
184.228,4,184225570299,2502412,0
184.236,4,184235771323,73000,1
184.236,4,184235878323,73000,1
184.264,4,184261510383,2502412,0
184.277,4,184274241413,2502412,0
184.284,4,184281885431,2502412,0
184.289,4,184286963443,2502412,0
184.292,4,184292399455,73000,1
184.303,4,184300159473,2502412,0
184.315,4,184312890503,2502412,0
184.321,4,184318013515,2502412,0
184.331,4,184328518539,2502412,0
184.334,4,184331056951,2502412,0
184.339,4,184336125963,2502412,0
184.339,4,184338673375,73000,1
184.341,4,184338746375,2502412,0
184.347,4,184346444393,73000,1
184.362,4,184361884429,73000,1
184.382,4,184379845471,2502412,0
184.385,4,184384959483,73000,1
184.396,4,184395597913,73000,1
184.406,4,184403339931,2502412,0
184.408,4,184408426943,73000,1
184.411,4,184411090949,73000,1
184.44,4,184437027009,2502412,0
184.445,4,184442096021,2502412,0
184.45,4,184447201033,2502412,0
184.457,4,184454836051,2502412,0
184.465,4,184462516069,2502412,0
184.473,4,184470151087,2502412,0
184.48,4,184477813105,2502412,0
184.488,4,184485439123,2502412,0
184.493,4,184490535135,2502412,0
184.504,4,184501058159,2502412,0
184.509,4,184506118171,2502412,0
184.509,4,184508701583,73000,1
184.519,4,184516489195,2502412,0
184.532,4,184529515225,2502412,0
184.542,4,184539725249,2502412,0
184.547,4,184544794261,2502412,0
184.555,4,184552447279,2502412,0
184.563,4,184560091297,2502412,0
184.57,4,184567744315,2502412,0
184.573,4,184570273727,2502412,0
184.583,4,184580492751,2502412,0
184.593,4,184590693775,2502412,0
184.593,4,184593259187,73000,1
184.614,4,184611569229,2502412,0
184.619,4,184616638241,2502412,0
184.629,4,184626848265,2502412,0
184.632,4,184632265683,73000,1
184.64,4,184637486695,2502412,0
184.65,4,184647651719,2502412,0
184.66,4,184657861743,2502412,0
184.671,4,184668062767,2502412,0
184.671,4,184670601179,73000,1
184.691,4,184688598815,2502412,0
184.702,4,184699103245,2502412,0
184.702,4,184701641657,73000,1
184.712,4,184709393269,2502412,0
184.72,4,184719603293,73000,1
184.735,4,184732799323,2502412,0
184.743,4,184740416341,2502412,0
184.753,4,184750635365,2502412,0
184.756,4,184755731377,73000,1
184.758,4,184755829377,2502412,0
184.763,4,184760898389,2502412,0
184.764,4,184763436801,73000,1
184.781,4,184778877431,2502412,0
184.784,4,184781433843,2502412,0
184.789,4,184786493855,2502412,0
184.792,4,184791580867,73000,1
184.794,4,184791660867,2502412,0
184.8,4,184799689003,73000,1
184.818,4,184815147039,2502412,0
184.825,4,184822764057,2502412,0
184.833,4,184830372075,2502412,0
184.841,4,184838373499,2502412,0
184.846,4,184846044517,73000,1
184.866,4,184863996559,2502412,0
184.872,4,184869092571,2502412,0
184.882,4,184879257595,2502412,0
184.884,4,184881787007,2502412,0
184.889,4,184886901019,2502412,0
184.9,4,184897075043,2502412,0
184.905,4,184902519461,2502412,0
184.91,4,184910172479,73000,1
184.918,4,184917968497,73000,1
184.936,4,184933390533,2502412,0
184.936,4,184936232945,73000,1
184.939,4,184936312945,2502412,0
184.939,4,184938842357,73000,1
184.954,4,184951743981,2502412,0
184.959,4,184956821993,2502412,0
184.964,4,184961882005,2502412,0
184.972,4,184969526023,2502412,0
184.975,4,184972055435,2502412,0
184.985,4,184982274459,2502412,0
184.985,4,184984830871,73000,1
184.988,4,184987504471,73000,1
184.998,4,184995264489,2502412,0
185.005,4,185002908507,2502412,0
185.016,4,185013413531,2502412,0
185.024,4,185021066549,2502412,0
185.026,4,185023595961,2502412,0
185.036,4,185033787985,2502412,0
185.036,4,185036335397,73000,1
185.047,4,185047011015,73000,1
185.088,4,185085410105,2502412,0
185.093,4,185090488117,2502412,0
185.098,4,185095548129,2502412,0
185.108,4,185105758153,2502412,0
185.114,4,185111185165,2502412,0
185.119,4,185116245177,2502412,0
185.124,4,185121350189,2502412,0
185.134,4,185131560213,2502412,0
185.139,4,185136683225,2502412,0
185.15,4,185147179249,2502412,0
185.155,4,185152284261,2502412,0
185.16,4,185159919279,73000,1
185.165,4,185162601285,2502412,0
185.178,4,185175341315,2502412,0
185.183,4,185180428327,2502412,0
185.188,4,185188090345,73000,1
185.196,4,185193293357,2502412,0
185.206,4,185203494381,2502412,0
185.214,4,185211459805,2502412,0
185.222,4,185219085823,2502412,0
185.227,4,185224163835,2502412,0
185.232,4,185229250847,2502412,0
185.237,4,185236930865,73000,1
185.255,4,185252692901,2502412,0
185.265,4,185262884925,2502412,0
185.265,4,185265423337,73000,1
185.276,4,185273165949,2502412,0
185.286,4,185283366973,2502412,0
185.291,4,185288453985,2502412,0
185.294,4,185291010397,2502412,0
185.306,4,185303732427,2502412,0
185.309,4,185306288839,2502412,0
185.309,4,185308854251,73000,1
185.319,4,185316909269,2502412,0
185.322,4,185319456681,2502412,0
185.327,4,185324543693,2502412,0
185.327,4,185327073105,73000,1
185.337,4,185334851717,2502412,0
185.34,4,185337390129,2502412,0
185.348,4,185345329147,2502412,0
185.355,4,185352964165,2502412,0
185.358,4,185355511577,2502412,0
185.363,4,185363173595,73000,1
185.366,4,185363280595,2502412,0
185.379,4,185376020625,2502412,0
185.381,4,185378577037,2502412,0
185.386,4,185383664049,2502412,0
185.396,4,185393847073,2502412,0
185.401,4,185398979085,2502412,0
185.407,4,185406605103,73000,1
185.42,4,185419836539,73000,1
185.459,4,185458566629,73000,1
185.482,4,185479075677,2502412,0
185.489,4,185489285701,73000,1
185.497,4,185494506713,2502412,0
185.507,4,185504662737,2502412,0
185.517,4,185514881761,2502412,0
185.523,4,185520281773,2502412,0
185.528,4,185525368785,2502412,0
185.536,4,185533003803,2502412,0
185.543,4,185540674821,2502412,0
185.543,4,185543222233,73000,1
185.561,4,185558966863,2502412,0
185.567,4,185564044875,2502412,0
185.574,4,185574254899,73000,1
185.577,4,185576936905,73000,1
185.597,4,185594906947,2502412,0
185.61,4,185607637977,2502412,0
185.613,4,185610185389,2502412,0
185.623,4,185620680819,2502412,0
185.628,4,185628351837,73000,1
185.639,4,185636111855,2502412,0
185.651,4,185648860885,2502412,0
185.659,4,185656817903,2502412,0
185.667,4,185664470921,2502412,0
185.67,4,185669548933,73000,1
185.677,4,185674778945,2502412,0
185.677,4,185677317357,73000,1
185.682,4,185679945957,2502412,0
185.685,4,185685050969,73000,1
185.69,4,185690298981,73000,1
185.719,4,185718497047,73000,1
185.722,4,185721446459,73000,1
185.778,4,185775500585,2502412,0
185.783,4,185780569597,2502412,0
185.793,4,185790770621,2502412,0
185.803,4,185800971645,2502412,0
185.806,4,185806094657,73000,1
185.814,4,185811288669,2502412,0
185.822,4,185821489693,73000,1
185.827,4,185824457105,2502412,0
185.83,4,185829553117,73000,1
185.835,4,185832181123,2502412,0
185.847,4,185844930153,2502412,0
185.855,4,185852592171,2502412,0
185.858,4,185857992183,73000,1
185.866,4,185865788201,73000,1
185.886,4,185886315249,73000,1
185.92,4,185917052321,2502412,0
185.933,4,185930095757,2502412,0
185.935,4,185932643169,2502412,0
185.938,4,185937748181,73000,1
185.945,4,185942978193,2502412,0
185.958,4,185955700223,2502412,0
185.969,4,185966214247,2502412,0
185.974,4,185971301259,2502412,0
185.984,4,185981493283,2502412,0
185.989,4,185989191301,73000,1
185.992,4,185991846307,73000,1
186.005,4,186002136331,2502412,0
186.007,4,186004683743,2502412,0
186.015,4,186014866767,73000,1
186.018,4,186015000767,2502412,0
186.03,4,186027749797,2502412,0
186.043,4,186040793827,2502412,0
186.049,4,186048464845,73000,1
186.051,4,186051146851,73000,1
186.056,4,186056331863,73000,1
186.072,4,186072075899,73000,1
186.167,4,186164743521,2502412,0
186.167,4,186167281933,73000,1
186.18,4,186177590551,2502412,0
186.183,4,186180119963,2502412,0
186.185,4,186185224975,73000,1
186.193,4,186190418987,2502412,0
186.195,4,186192948399,2502412,0
186.196,4,186195513811,73000,1
186.206,4,186203292423,2502412,0
186.216,4,186213457447,2502412,0
186.224,4,186221119465,2502412,0
186.231,4,186228763483,2502412,0
186.237,4,186234153901,2502412,0
186.247,4,186244345925,2502412,0
186.252,4,186249441937,2502412,0
186.254,4,186251971349,2502412,0
186.257,4,186254509761,2502412,0
186.267,4,186264692785,2502412,0
186.273,4,186270146203,2502412,0
186.28,4,186277790221,2502412,0
186.291,4,186288009245,2502412,0
186.296,4,186293078257,2502412,0
186.303,4,186300749275,2502412,0
186.311,4,186308384293,2502412,0
186.314,4,186313480305,73000,1
186.329,4,186326381335,2502412,0
186.342,4,186339442771,2502412,0
186.347,4,186344529783,2502412,0
186.36,4,186357278813,2502412,0
186.37,4,186367488837,2502412,0
186.373,4,186370331249,2502412,0
186.373,4,186372860661,73000,1
186.381,4,186378073267,2502412,0
186.381,4,186380611679,73000,1
186.383,4,186380692273,2502412,0
186.393,4,186390902297,2502412,0
186.401,4,186398573315,2502412,0
186.409,4,186406199333,2502412,0
186.416,4,186413870351,2502412,0
186.424,4,186421487369,2502412,0
186.424,4,186424061781,73000,1
186.442,4,186439796817,2502412,0
186.453,4,186449997841,2502412,0
186.458,4,186455066853,2502412,0
186.46,4,186457605265,2502412,0
186.465,4,186462674277,2502412,0
186.473,4,186470336295,2502412,0
186.478,4,186475708713,2502412,0
186.481,4,186478238125,2502412,0
186.483,4,186480776537,2502412,0
186.488,4,186485908549,2502412,0
186.496,4,186493525567,2502412,0
186.501,4,186498666579,2502412,0
186.511,4,186508867603,2502412,0
186.516,4,186513972615,2502412,0
186.519,4,186519086627,73000,1
186.524,4,186521732633,2502412,0
186.532,4,186529394651,2502412,0
186.537,4,186534463663,2502412,0
186.542,4,186539541675,2502412,0
186.545,4,186544941687,73000,1
186.548,4,186545014687,2502412,0
186.55,4,186547589099,2502412,0
186.56,4,186557781123,2502412,0
186.566,4,186565479141,73000,1
186.576,4,186573239159,2502412,0
186.586,4,186583752589,2502412,0
186.591,4,186588812601,2502412,0
186.602,4,186599022625,2502412,0
186.607,4,186604136637,2502412,0
186.617,4,186614337661,2502412,0
186.617,4,186616876073,73000,1
186.617,4,186616983667,73000,1
186.63,4,186629857697,73000,1
186.674,4,186671117199,2502412,0
186.679,4,186676535211,2502412,0
186.689,4,186686718235,2502412,0
186.692,4,186689265647,2502412,0
186.694,4,186694361659,73000,1
186.712,4,186709783695,2502412,0
186.718,4,186717445713,73000,1
186.73,4,186730346743,73000,1
186.743,4,186743202773,73000,1
186.764,4,186761476221,2502412,0
186.772,4,186769129239,2502412,0
186.782,4,186779625263,2502412,0
186.79,4,186787287281,2502412,0
186.795,4,186792347293,2502412,0
186.803,4,186800018311,2502412,0
186.808,4,186805087323,2502412,0
186.818,4,186815306347,2502412,0
186.823,4,186820402359,2502412,0
186.826,4,186825498371,73000,1
186.843,4,186840947407,2502412,0
186.849,4,186846025419,2502412,0
186.851,4,186851416431,73000,1
186.857,4,186854080437,2502412,0
186.862,4,186861733455,73000,1
186.875,4,186872077479,2502412,0
186.882,4,186879685497,2502412,0
186.883,4,186882536909,73000,1
186.893,4,186890305927,2502412,0
186.898,4,186895392939,2502412,0
186.901,4,186900497951,73000,1
186.916,4,186913371981,2502412,0
186.919,4,186918458993,73000,1
186.921,4,186918547993,2502412,0
186.931,4,186928740017,2502412,0
186.936,4,186936420035,73000,1
186.957,4,186954711483,2502412,0
186.962,4,186962346501,73000,1
186.965,4,186962419501,2502412,0
186.97,4,186970099519,73000,1
186.986,4,186985875009,73000,1
186.994,4,186991078021,2502412,0
186.996,4,186993607433,2502412,0
187.001,4,186998676445,2502412,0
187.011,4,187008841469,2502412,0
187.014,4,187011433881,2502412,0
187.022,4,187019068899,2502412,0
187.029,4,187026685917,2502412,0
187.037,4,187034356935,2502412,0
187.045,4,187042045953,2502412,0
187.052,4,187049653971,2502412,0
187.06,4,187057637989,2502412,0
187.065,4,187062716001,2502412,0
187.068,4,187067821013,73000,1
187.073,4,187070458019,2502412,0
187.076,4,187073014431,2502412,0
187.089,4,187086076461,2502412,0
187.091,4,187088614873,2502412,0
187.099,4,187096249891,2502412,0
187.109,4,187106477915,2502412,0
187.119,4,187116678939,2502412,0
187.122,4,187119217351,2502412,0
187.127,4,187124295363,2502412,0
187.132,4,187129373375,2502412,0
187.142,4,187139601399,2502412,0
187.152,4,187149793423,2502412,0
187.158,4,187155228841,2502412,0
187.168,4,187165438865,2502412,0
187.176,4,187173073883,2502412,0
187.186,4,187183274907,2502412,0
187.194,4,187191222925,2502412,0
187.199,4,187196327937,2502412,0
187.206,4,187203962955,2502412,0
187.214,4,187211624973,2502412,0
187.227,4,187224374003,2502412,0
187.227,4,187226948415,73000,1
187.247,4,187244937051,2502412,0
187.255,4,187252554069,2502412,0
187.263,4,187260519493,2502412,0
187.268,4,187268172511,73000,1
187.284,4,187281037541,2502412,0
187.289,4,187288690559,73000,1
187.304,4,187301895589,2502412,0
187.304,4,187304425001,73000,1
187.315,4,187312140613,2502412,0
187.32,4,187317254625,2502412,0
187.322,4,187322341637,73000,1
187.33,4,187327580649,2502412,0
187.335,4,187332649661,2502412,0
187.338,4,187337718673,73000,1
187.351,4,187350646703,73000,1
187.356,4,187355858715,73000,1
187.443,4,187440864319,2502412,0
187.451,4,187448508337,2502412,0
187.456,4,187453577349,2502412,0
187.461,4,187458637361,2502412,0
187.469,4,187466620785,2502412,0
187.472,4,187471734797,73000,1
187.479,4,187476928809,2502412,0
187.482,4,187482051821,73000,1
187.49,4,187487245833,2502412,0
187.498,4,187497750857,73000,1
187.498,4,187497893857,73000,1
187.518,4,187518420905,73000,1
187.565,4,187564821419,73000,1
187.588,4,187585330467,2502412,0
187.593,4,187592956485,73000,1
187.596,4,187593072485,2502412,0
187.601,4,187601029503,73000,1
187.609,4,187608807521,73000,1
187.619,4,187619106545,73000,1
187.678,4,187678274089,73000,1
187.825,4,187824951837,73000,1
188.059,4,188056206189,2502412,0
188.061,4,188058744601,2502412,0
188.064,4,188063822613,73000,1
188.074,4,188071600631,2502412,0
188.08,4,188079539055,73000,1
188.08,4,188079664055,73000,1
188.121,4,188118367145,2502412,0
188.123,4,188120896557,2502412,0
188.136,4,188133645587,2502412,0
188.146,4,188143855611,2502412,0
188.149,4,188148987623,73000,1
188.152,4,188151624629,73000,1
188.167,4,188164471659,2502412,0
188.18,4,188177220689,2502412,0
188.183,4,188180081695,2502412,0
188.19,4,188190273719,73000,1
188.195,4,188192973725,2502412,0
188.206,4,188203165749,2502412,0
188.206,4,188205695161,73000,1
188.219,4,188216343779,2502412,0
188.232,4,188229083809,2502412,0
188.239,4,188236709827,2502412,0
188.244,4,188241769839,2502412,0
188.249,4,188246874851,2502412,0
188.252,4,188249404263,2502412,0
188.262,4,188259614287,2502412,0
188.265,4,188262161699,2502412,0
188.265,4,188264700111,73000,1
188.27,4,188267355711,2502412,0
188.278,4,188274999729,2502412,0
188.28,4,188277565141,2502412,0
188.288,4,188285503565,2502412,0
188.298,4,188295731589,2502412,0
188.298,4,188298270001,73000,1
188.306,4,188303482607,2502412,0
188.319,4,188316517637,2502412,0
188.327,4,188326745661,73000,1
188.329,4,188326843661,2502412,0
188.332,4,188331957673,73000,1
188.347,4,188347406709,73000,1
188.373,4,188373020769,73000,1
188.402,4,188399013039,2502412,0
188.409,4,188406612057,2502412,0
188.412,4,188409168469,2502412,0
188.42,4,188419673493,73000,1
188.43,4,188427460511,2502412,0
188.435,4,188432529523,2502412,0
188.438,4,188435058935,2502412,0
188.438,4,188437615347,73000,1
188.443,4,188440243947,2502412,0
188.448,4,188447950965,73000,1
188.453,4,188450569971,2502412,0
188.458,4,188455656983,2502412,0
188.466,4,188463301001,2502412,0
188.476,4,188473493025,2502412,0
188.479,4,188476031437,2502412,0
188.489,4,188486544867,2502412,0
188.494,4,188494242885,73000,1
188.512,4,188509682921,2502412,0
188.517,4,188517308939,73000,1
188.523,4,188522851951,73000,1
188.564,4,188563817047,73000,1
188.641,4,188638603627,2502412,0
188.651,4,188648786651,2502412,0
188.657,4,188656466669,73000,1
188.664,4,188661651681,2502412,0
188.667,4,188664181093,2502412,0
188.669,4,188666728505,2502412,0
188.682,4,188679441535,2502412,0
188.685,4,188681997947,2502412,0
188.687,4,188684554359,2502412,0
188.7,4,188697615795,2502412,0
188.708,4,188705286813,2502412,0
188.715,4,188712885831,2502412,0
188.718,4,188715460243,2502412,0
188.723,4,188720529255,2502412,0
188.728,4,188725929267,2502412,0
188.739,4,188736157291,2502412,0
188.744,4,188741271303,2502412,0
188.746,4,188746340315,73000,1
188.759,4,188756675339,2502412,0
188.767,4,188766876363,73000,1
188.787,4,188784864405,2502412,0
188.792,4,188789942417,2502412,0
188.803,4,188800446847,2502412,0
188.813,4,188810674871,2502412,0
188.821,4,188818291889,2502412,0
188.826,4,188825980907,73000,1
188.834,4,188831514919,2502412,0
188.844,4,188841679943,2502412,0
188.849,4,188846775955,2502412,0
188.859,4,188856949979,2502412,0
188.87,4,188867178003,2502412,0
188.875,4,188872283015,2502412,0
188.877,4,188877379027,73000,1
188.878,4,188877468027,73000,1
188.888,4,188885255045,2502412,0
188.888,4,188887784457,73000,1
188.901,4,188898405481,2502412,0
188.906,4,188903492493,2502412,0
188.919,4,188916223523,2502412,0
188.929,4,188926442547,2502412,0
188.935,4,188934434971,73000,1
188.942,4,188942212989,73000,1
188.978,4,188975489067,2502412,0
188.991,4,188988229097,2502412,0
188.996,4,188995909115,73000,1
189.002,4,189001451533,73000,1
189.048,4,189045259635,2502412,0
189.055,4,189052912653,2502412,0
189.068,4,189065643683,2502412,0
189.071,4,189068182095,2502412,0
189.073,4,189070729507,2502412,0
189.086,4,189083433537,2502412,0
189.088,4,189085971949,2502412,0
189.096,4,189093651967,2502412,0
189.102,4,189101662391,73000,1
189.122,4,189119614433,2502412,0
189.13,4,189127258451,2502412,0
189.135,4,189132327463,2502412,0
189.14,4,189137744881,2502412,0
189.145,4,189145406899,73000,1
189.163,4,189160855935,2502412,0
189.168,4,189165924947,2502412,0
189.179,4,189176143971,2502412,0
189.179,4,189178673383,73000,1
189.197,4,189194096013,2502412,0
189.202,4,189201758031,73000,1
189.217,4,189214917467,2502412,0
189.223,4,189222588485,73000,1
189.228,4,189225225491,2502412,0
189.233,4,189230321503,2502412,0
189.233,4,189232859915,73000,1
189.243,4,189240942527,2502412,0
189.249,4,189246029539,2502412,0
189.259,4,189256239563,2502412,0
189.269,4,189266449587,2502412,0
189.279,4,189276623611,2502412,0
189.284,4,189281728623,2502412,0
189.292,4,189289354641,2502412,0
189.3,4,189297007659,2502412,0
189.307,4,189304678677,2502412,0
189.315,4,189312617695,2502412,0
189.318,4,189315156107,2502412,0
189.318,4,189317703519,73000,1
189.333,4,189330605143,2502412,0
189.338,4,189335665155,2502412,0
189.344,4,189341093009,2502412,0
189.349,4,189346162021,2502412,0
189.356,4,189353797039,2502412,0
189.364,4,189361486057,2502412,0
189.374,4,189371660081,2502412,0
189.379,4,189379349099,73000,1
189.395,4,189392205129,2502412,0
189.402,4,189402406153,73000,1
189.405,4,189402495153,2502412,0
189.418,4,189415547589,2502412,0
189.421,4,189418104001,2502412,0
189.433,4,189430835031,2502412,0
189.434,4,189433436443,73000,1
189.452,4,189451747079,73000,1
189.47,4,189469726121,73000,1
189.521,4,189518638641,2502412,0
189.524,4,189523743653,73000,1
189.539,4,189536599683,2502412,0
189.55,4,189547113707,2502412,0
189.562,4,189559862737,2502412,0
189.57,4,189567524755,2502412,0
189.583,4,189580246785,2502412,0
189.585,4,189582785197,2502412,0
189.585,4,189585359609,73000,1
189.596,4,189593084221,2502412,0
189.598,4,189595613633,2502412,0
189.601,4,189600745645,73000,1
189.619,4,189616498087,2502412,0
189.632,4,189629211117,2502412,0
189.634,4,189631740529,2502412,0
189.647,4,189644489559,2502412,0
189.65,4,189647376971,2502412,0
189.658,4,189655020989,2502412,0
189.665,4,189662701007,2502412,0
189.67,4,189670345025,73000,1
189.683,4,189680653049,2502412,0
189.688,4,189688315067,73000,1
189.709,4,189706303109,2502412,0
189.722,4,189719346545,2502412,0
189.732,4,189729529569,2502412,0
189.732,4,189732094981,73000,1
189.753,4,189750405617,2502412,0
189.761,4,189760579641,73000,1
189.763,4,189760704641,2502412,0
189.776,4,189773408671,2502412,0
189.776,4,189776001083,73000,1
189.786,4,189783752695,2502412,0
189.799,4,189796501725,2502412,0
189.799,4,189799058137,73000,1
189.812,4,189809375755,2502412,0
189.825,4,189822437191,2502412,0
189.838,4,189835177221,2502412,0
189.84,4,189837706633,2502412,0
189.85,4,189847916657,2502412,0
189.861,4,189858421087,2502412,0
189.861,4,189860950499,73000,1
189.871,4,189868729111,2502412,0
189.876,4,189873798123,2502412,0
189.882,4,189881469141,73000,1
189.897,4,189894352171,2502412,0
189.91,4,189907074201,2502412,0
189.912,4,189909621613,2502412,0
189.925,4,189922683049,2502412,0
189.928,4,189925257461,2502412,0
189.933,4,189930335473,2502412,0
189.943,4,189940554497,2502412,0
189.948,4,189945632509,2502412,0
189.959,4,189956119533,2502412,0
189.961,4,189958684945,2502412,0
189.974,4,189971415975,2502412,0
189.984,4,189981643999,2502412,0
189.987,4,189986776011,73000,1
190.002,4,189999632041,2502412,0
190.01,4,190007267059,2502412,0
190.01,4,190009814471,73000,1
190.02,4,190017602083,2502412,0
190.033,4,190030645519,2502412,0
190.041,4,190038280537,2502412,0
190.048,4,190045888555,2502412,0
190.051,4,190048471967,2502412,0
190.059,4,190056401985,2502412,0
190.067,4,190064046003,2502412,0
190.072,4,190071744021,73000,1
190.082,4,190079504039,2502412,0
190.095,4,190092244069,2502412,0
190.095,4,190094800481,73000,1
190.097,4,190094873481,2502412,0
190.102,4,190099942493,2502412,0
190.11,4,190107586511,2502412,0
190.118,4,190115275529,2502412,0
190.123,4,190120353541,2502412,0
190.126,4,190125770959,73000,1
190.141,4,190138680989,2502412,0
190.141,4,190141210401,73000,1
190.149,4,190146378007,2502412,0
190.154,4,190151438019,2502412,0
190.162,4,190159431037,2502412,0
190.172,4,190169659061,2502412,0
190.182,4,190179860085,2502412,0
190.187,4,190184956097,2502412,0
190.2,4,190197705127,2502412,0
190.208,4,190207933151,73000,1
190.211,4,190208022151,2502412,0
190.213,4,190210551563,2502412,0
190.218,4,190215611575,2502412,0
190.226,4,190223228593,2502412,0
190.234,4,190231248017,2502412,0
190.241,4,190238847035,2502412,0
190.244,4,190241412447,2502412,0
190.254,4,190251604471,2502412,0
190.259,4,190256673483,2502412,0
190.262,4,190259202895,2502412,0
190.265,4,190262099307,2502412,0
190.275,4,190272255331,2502412,0
190.28,4,190277333343,2502412,0
190.28,4,190279961755,73000,1
190.295,4,190292836379,2502412,0
190.303,4,190303046403,73000,1
190.321,4,190318486439,2502412,0
190.334,4,190331493875,2502412,0
190.337,4,190334050287,2502412,0
190.339,4,190339155299,73000,1
190.355,4,190352029329,2502412,0
190.362,4,190359682347,2502412,0
190.373,4,190370195777,2502412,0
190.385,4,190382935807,2502412,0
190.388,4,190385501219,2502412,0
190.401,4,190398250249,2502412,0
190.406,4,190403346261,2502412,0
190.411,4,190408415273,2502412,0
190.421,4,190418643297,2502412,0
190.426,4,190423712309,2502412,0
190.437,4,190434246009,2502412,0
190.447,4,190444456033,2502412,0
190.46,4,190457205063,2502412,0
190.462,4,190459734475,2502412,0
190.475,4,190472796505,2502412,0
190.478,4,190475361917,2502412,0
190.48,4,190477909329,2502412,0
190.488,4,190485526347,2502412,0
190.491,4,190488055759,2502412,0
190.498,4,190495681777,2502412,0
190.501,4,190498247189,2502412,0
190.511,4,190508466213,2502412,0
190.516,4,190513589225,2502412,0
190.519,4,190516118637,2502412,0
190.521,4,190521205649,73000,1
190.539,4,190536958091,2502412,0
190.542,4,190539514503,2502412,0
190.547,4,190544574515,2502412,0
190.557,4,190554793539,2502412,0
190.563,4,190562455557,73000,1
190.576,4,190573076581,2502412,0
190.581,4,190578172593,2502412,0
190.583,4,190580702005,2502412,0
190.586,4,190585780017,73000,1
190.594,4,190591010029,2502412,0
190.594,4,190593566441,73000,1
190.614,4,190611546077,2502412,0
190.627,4,190624250107,2502412,0
190.632,4,190631939125,73000,1
190.637,4,190634612131,2502412,0
190.65,4,190647647161,2502412,0
190.655,4,190655309179,73000,1
190.671,4,190671071215,73000,1
190.707,4,190706940299,73000,1
190.789,4,190786813891,2502412,0
190.795,4,190794475909,73000,1
190.812,4,190809915945,2502412,0
190.817,4,190814975957,2502412,0
190.82,4,190817505369,2502412,0
190.83,4,190827706393,2502412,0
190.84,4,190837907417,2502412,0
190.853,4,190850968853,2502412,0
190.856,4,190856109865,73000,1
190.871,4,190868965895,2502412,0
190.877,4,190874025907,2502412,0
190.882,4,190882009331,73000,1
190.89,4,190887248343,2502412,0
190.895,4,190892317355,2502412,0
190.902,4,190899916373,2502412,0
190.91,4,190907614391,2502412,0
190.918,4,190915276409,2502412,0
190.931,4,190927998439,2502412,0
190.933,4,190933130451,73000,1
190.951,4,190948882893,2502412,0
190.964,4,190961622923,2502412,0
190.967,4,190964161335,2502412,0
190.98,4,190977196365,2502412,0
190.987,4,190987415389,73000,1
191,4,190997723413,2502412,0
191.008,4,191005385431,2502412,0
191.016,4,191013020449,2502412,0
191.021,4,191020691467,73000,1
191.031,4,191031008491,73000,1
191.034,4,191031081491,2502412,0
191.036,4,191033646903,2502412,0
191.041,4,191038715915,2502412,0
191.047,4,191046645339,73000,1
191.049,4,191046770339,2502412,0
191.054,4,191051884351,2502412,0
191.059,4,191056953363,2502412,0
191.065,4,191064624381,73000,1
191.075,4,191072411399,2502412,0
191.083,4,191080332417,2502412,0
191.088,4,191085401429,2502412,0
191.093,4,191090479441,2502412,0
191.096,4,191093044853,2502412,0
191.103,4,191100661871,2502412,0
191.103,4,191103209283,73000,1
191.108,4,191105864883,2502412,0
191.119,4,191116092907,2502412,0
191.124,4,191121197919,2502412,0
191.131,4,191131398943,73000,1
191.139,4,191136619955,2502412,0
191.142,4,191139149367,2502412,0
191.155,4,191152210803,2502412,0
191.162,4,191159872821,2502412,0
191.175,4,191172594851,2502412,0
191.178,4,191177735863,73000,1
191.199,4,191196027905,2502412,0
191.201,4,191201114917,73000,1
191.211,4,191208874935,2502412,0
191.216,4,191213943947,2502412,0
191.222,4,191219012959,2502412,0
191.229,4,191226674977,2502412,0
191.239,4,191236903001,2502412,0
191.247,4,191244538019,2502412,0
191.25,4,191249652031,73000,1
191.26,4,191257724455,2502412,0
191.263,4,191260271867,2502412,0
191.271,4,191270436891,73000,1
191.273,4,191270509891,2502412,0
191.276,4,191273075303,2502412,0
191.278,4,191275613715,2502412,0
191.291,4,191288657745,2502412,0
191.299,4,191296355763,2502412,0
191.304,4,191304026781,73000,1
191.312,4,191309211793,2502412,0
191.322,4,191319412817,2502412,0
191.332,4,191329613841,2502412,0
191.337,4,191334691853,2502412,0
191.345,4,191342353871,2502412,0
191.358,4,191355397307,2502412,0
191.363,4,191360529319,2502412,0
191.373,4,191370685343,2502412,0
191.376,4,191373223755,2502412,0
191.378,4,191375771167,2502412,0
191.383,4,191380858179,2502412,0
191.394,4,191391327203,2502412,0
191.396,4,191393901615,2502412,0
191.399,4,191396431027,2502412,0
191.404,4,191401545039,2502412,0
191.414,4,191411737063,2502412,0
191.417,4,191414293475,2502412,0
191.427,4,191424494499,2502412,0
191.432,4,191429599511,2502412,0
191.435,4,191432146923,2502412,0
191.445,4,191442311947,2502412,0
191.448,4,191447479959,73000,1
191.468,4,191465735407,2502412,0
191.476,4,191475945431,73000,1
191.492,4,191489159461,2502412,0
191.497,4,191494219473,2502412,0
191.504,4,191501827491,2502412,0
191.509,4,191506950503,2502412,0
191.515,4,191512046515,2502412,0
191.515,4,191514575927,73000,1
191.525,4,191522372539,2502412,0
191.525,4,191524910951,73000,1
191.538,4,191537812575,73000,1
191.548,4,191545518593,2502412,0
191.556,4,191553180611,2502412,0
191.564,4,191561101035,2502412,0
191.571,4,191568772053,2502412,0
191.582,4,191579000077,2502412,0
191.595,4,191592062107,2502412,0
191.6,4,191599706125,73000,1
191.618,4,191617703167,73000,1
191.628,4,191625454185,2502412,0
191.636,4,191633098203,2502412,0
191.638,4,191635627615,2502412,0
191.648,4,191645792639,2502412,0
191.651,4,191648358051,2502412,0
191.659,4,191656011069,2502412,0
191.666,4,191663940493,2502412,0
191.674,4,191671629511,2502412,0
191.684,4,191681839535,2502412,0
191.692,4,191689474553,2502412,0
191.698,4,191697467571,73000,1
191.715,4,191712907607,2502412,0
191.718,4,191717985619,73000,1
191.726,4,191723143631,2502412,0
191.736,4,191733362655,2502412,0
191.741,4,191738485667,2502412,0
191.749,4,191746093685,2502412,0
191.756,4,191753737703,2502412,0
191.764,4,191761399721,2502412,0
191.772,4,191769329739,2502412,0
191.777,4,191777036757,73000,1
191.792,4,191789910787,2502412,0
191.803,4,191800397811,2502412,0
191.808,4,191805457823,2502412,0
191.813,4,191810589835,2502412,0
191.823,4,191820763859,2502412,0
191.828,4,191825895871,2502412,0
191.839,4,191836069895,2502412,0
191.844,4,191841192907,2502412,0
191.851,4,191851420931,73000,1
191.867,4,191867146373,73000,1
191.911,4,191908433469,2502412,0
191.921,4,191918607493,2502412,0
191.926,4,191923667505,2502412,0
191.936,4,191933895529,2502412,0
191.944,4,191941566547,2502412,0
191.949,4,191946635559,2502412,0
191.957,4,191954261577,2502412,0
191.959,4,191956790989,2502412,0
191.97,4,191967019013,2502412,0
191.97,4,191969862019,73000,1
191.985,4,191982799049,2502412,0
191.99,4,191987868061,2502412,0
191.998,4,191995503079,2502412,0
192.011,4,192008571021,2502412,0
192.014,4,192011109433,2502412,0
192.016,4,192013665845,2502412,0
192.026,4,192023839869,2502412,0
192.031,4,192028989881,2502412,0
192.039,4,192036615899,2502412,0
192.047,4,192044295917,2502412,0
192.052,4,192051939935,73000,1
192.06,4,192059717953,73000,1
192.076,4,192075461395,73000,1
192.145,4,192142246551,2502412,0
192.147,4,192147369563,73000,1
192.152,4,192149988569,2502412,0
192.158,4,192155048581,2502412,0
192.16,4,192157631993,2502412,0
192.165,4,192162692005,2502412,0
192.17,4,192167761017,2502412,0
192.176,4,192173142435,2502412,0
192.181,4,192178265447,2502412,0
192.186,4,192183370459,2502412,0
192.189,4,192188484471,73000,1
192.204,4,192201376501,2502412,0
192.209,4,192209351519,73000,1
192.215,4,192212024525,2502412,0
192.222,4,192219632543,2502412,0
192.23,4,192227249561,2502412,0
192.232,4,192229787973,2502412,0
192.232,4,192232353385,73000,1
192.235,4,192232433979,2502412,0
192.245,4,192242662003,2502412,0
192.25,4,192250324021,73000,1
192.255,4,192252997027,2502412,0
192.261,4,192258066039,2502412,0
192.273,4,192270815069,2502412,0
192.284,4,192281301499,2502412,0
192.286,4,192283866911,2502412,0
192.291,4,192288944923,2502412,0
192.302,4,192299127947,2502412,0
192.309,4,192306807965,2502412,0
192.312,4,192309650377,2502412,0
192.325,4,192322399407,2502412,0
192.333,4,192330070425,2502412,0
192.345,4,192342801455,2502412,0
192.353,4,192353029479,73000,1
192.356,4,192353109479,2502412,0
192.356,4,192355692891,73000,1
192.366,4,192363426503,2502412,0
192.371,4,192368522515,2502412,0
192.382,4,192379053945,2502412,0
192.387,4,192384140957,2502412,0
192.397,4,192394296981,2502412,0
192.404,4,192401976999,2502412,0
192.412,4,192409585017,2502412,0
192.415,4,192412436429,2502412,0
192.417,4,192414974841,2502412,0
192.425,4,192422618859,2502412,0
192.433,4,192430316877,2502412,0
192.446,4,192443056907,2502412,0
192.448,4,192448188919,73000,1
192.453,4,192450807925,2502412,0
192.464,4,192461026949,2502412,0
192.469,4,192466104961,2502412,0
192.479,4,192476323985,2502412,0
192.487,4,192484298409,2502412,0
192.492,4,192491942427,73000,1
192.495,4,192492015427,2502412,0
192.5,4,192497111439,2502412,0
192.512,4,192509851469,2502412,0
192.52,4,192517844487,2502412,0
192.528,4,192525506505,2502412,0
192.528,4,192528035917,73000,1
192.541,4,192540928541,73000,1
192.544,4,192543592547,73000,1
192.595,4,192592514067,2502412,0
192.603,4,192600149085,2502412,0
192.613,4,192610359109,2502412,0
192.621,4,192620891133,73000,1
192.624,4,192623546139,73000,1
192.649,4,192646594193,2502412,0
192.652,4,192651717205,73000,1
192.67,4,192667112241,2502412,0
192.672,4,192669659653,2502412,0
192.672,4,192672207065,73000,1
192.675,4,192674844665,73000,1
192.675,4,192674924665,73000,1
192.742,4,192739564221,2502412,0
192.755,4,192752304251,2502412,0
192.76,4,192757382263,2502412,0
192.768,4,192765017281,2502412,0
192.768,4,192767564693,73000,1
192.778,4,192775316305,2502412,0
192.78,4,192777845717,2502412,0
192.783,4,192782968729,73000,1
192.804,4,192801278177,2502412,0
192.817,4,192814018207,2502412,0
192.822,4,192819105219,2502412,0
192.832,4,192829627649,2502412,0
192.832,4,192832166061,73000,1
192.842,4,192839935673,2502412,0
192.853,4,192850100697,2502412,0
192.855,4,192852666109,2502412,0
192.86,4,192857744121,2502412,0
192.87,4,192867918145,2502412,0
192.876,4,192875625163,73000,1
192.889,4,192888526193,73000,1
192.909,4,192909365647,73000,1
192.91,4,192909454647,73000,1
193.069,4,193066333419,2502412,0
193.074,4,193073959437,73000,1
193.092,4,193091956479,73000,1
193.133,4,193130989975,2502412,0
193.134,4,193133519387,73000,1
193.136,4,193136183987,73000,1
193.141,4,193138829993,2502412,0
193.154,4,193151570023,2502412,0
193.157,4,193154108435,2502412,0
193.167,4,193164300459,2502412,0
193.172,4,193169396471,2502412,0
193.18,4,193177040489,2502412,0
193.182,4,193182145501,73000,1
193.192,4,193189923519,2502412,0
193.203,4,193200427949,2502412,0
193.211,4,193210619973,73000,1
193.221,4,193220981997,73000,1
193.242,4,193241822045,73000,1
193.25,4,193246998057,2502412,0
193.257,4,193254633075,2502412,0
193.265,4,193262277093,2502412,0
193.27,4,193269948111,73000,1
193.285,4,193282795141,2502412,0
193.288,4,193285351553,2502412,0
193.288,4,193287889965,73000,1
193.301,4,193298225583,2502412,0
193.306,4,193303598595,2502412,0
193.314,4,193311215613,2502412,0
193.319,4,193316338625,2502412,0
193.329,4,193326521649,2502412,0
193.332,4,193329060061,2502412,0
193.337,4,193337044079,73000,1
193.355,4,193352493115,2502412,0
193.368,4,193365233145,2502412,0
193.373,4,193370320157,2502412,0
193.383,4,193380530181,2502412,0
193.393,4,193390713205,2502412,0
193.401,4,193400932229,73000,1
193.404,4,193401343235,2502412,0
193.411,4,193408987253,2502412,0
193.419,4,193416658271,2502412,0
193.427,4,193426841295,73000,1
193.429,4,193426948295,2502412,0
193.442,4,193439992325,2502412,0
193.445,4,193442530737,2502412,0
193.448,4,193445060149,2502412,0
193.448,4,193447616561,73000,1
193.453,4,193452793167,73000,1
193.471,4,193468269203,2502412,0
193.484,4,193481018233,2502412,0
193.489,4,193488689251,73000,1
193.497,4,193496467269,73000,1
193.512,4,193512174711,73000,1
193.564,4,193563707831,73000,1
193.736,4,193733317039,2502412,0
193.739,4,193738431051,73000,1
193.741,4,193741068057,73000,1
193.767,4,193764447111,2502412,0
193.77,4,193767012523,2502412,0
193.782,4,193779716553,2502412,0
193.785,4,193782281965,2502412,0
193.787,4,193784811377,2502412,0
193.8,4,193797524407,2502412,0
193.803,4,193800125819,2502412,0
193.808,4,193805203831,2502412,0
193.818,4,193815681261,2502412,0
193.821,4,193818219673,2502412,0
193.826,4,193825917691,73000,1
193.841,4,193838818721,2502412,0
193.841,4,193841357133,73000,1
193.86,4,193859667769,73000,1
193.875,4,193872514799,2502412,0
193.888,4,193885263829,2502412,0
193.898,4,193895464853,2502412,0
193.908,4,193905656877,2502412,0
193.919,4,193916161307,2502412,0
193.924,4,193921221319,2502412,0
193.931,4,193928901337,2502412,0
193.939,4,193936554355,2502412,0
193.942,4,193941659367,73000,1
193.96,4,193957421403,2502412,0
193.973,4,193970143433,2502412,0
193.975,4,193972681845,2502412,0
193.985,4,193982864869,2502412,0
193.99,4,193987969881,2502412,0
193.998,4,193998188905,73000,1
194.011,4,194008496929,2502412,0
194.014,4,194011035341,2502412,0
194.027,4,194024096777,2502412,0
194.032,4,194029210789,2502412,0
194.042,4,194039393813,2502412,0
194.052,4,194049916837,2502412,0
194.058,4,194055030849,2502412,0
194.068,4,194065213873,2502412,0
194.075,4,194072875891,2502412,0
194.083,4,194083103915,73000,1
194.086,4,194083192915,2502412,0
194.098,4,194095941945,2502412,0
194.099,4,194098489357,73000,1
194.109,4,194106249969,2502412,0
194.119,4,194116414993,2502412,0
194.129,4,194126938017,2502412,0
194.135,4,194132025029,2502412,0
194.142,4,194139669047,2502412,0
194.142,4,194142207459,73000,1
194.145,4,194142288053,2502412,0
194.15,4,194147420065,2502412,0
194.155,4,194152793077,2502412,0
194.163,4,194160437095,2502412,0
194.163,4,194162975507,73000,1
194.181,4,194178452137,2502412,0
194.189,4,194186087155,2502412,0
194.196,4,194193713173,2502412,0
194.204,4,194201402191,2502412,0
194.217,4,194214115221,2502412,0
194.219,4,194216662633,2502412,0
194.222,4,194222089051,73000,1
194.237,4,194234963081,2502412,0
194.243,4,194240041093,2502412,0
194.245,4,194242570505,2502412,0
194.25,4,194247648517,2502412,0
194.261,4,194258189541,2502412,0
194.273,4,194270938571,2502412,0
194.276,4,194273494983,2502412,0
194.289,4,194286235013,2502412,0
194.296,4,194293906031,2502412,0
194.304,4,194301505049,2502412,0
194.307,4,194304052461,2502412,0
194.314,4,194311723479,2502412,0
194.322,4,194319340497,2502412,0
194.324,4,194321869909,2502412,0
194.327,4,194324757915,2502412,0
194.332,4,194332401933,73000,1
194.335,4,194332474933,2502412,0
194.34,4,194337552945,2502412,0
194.343,4,194340100357,2502412,0
194.345,4,194342656769,2502412,0
194.355,4,194352848793,2502412,0
194.361,4,194358230805,2502412,0
194.363,4,194360769217,2502412,0
194.366,4,194363298629,2502412,0
194.373,4,194370969647,2502412,0
194.374,4,194373508059,73000,1
194.389,4,194386436683,2502412,0
194.402,4,194399167713,2502412,0
194.409,4,194406847731,2502412,0
194.42,4,194417057755,2502412,0
194.425,4,194422135767,2502412,0
194.425,4,194424674179,73000,1
194.428,4,194427651185,73000,1
194.458,4,194455831251,2502412,0
194.464,4,194461257669,2502412,0
194.474,4,194471413693,2502412,0
194.482,4,194479093711,2502412,0
194.489,4,194486737729,2502412,0
194.497,4,194494372747,2502412,0
194.505,4,194502007765,2502412,0
194.512,4,194509696783,2502412,0
194.522,4,194519906807,2502412,0
194.535,4,194532968243,2502412,0
194.546,4,194543178267,2502412,0
194.556,4,194553361291,2502412,0
194.556,4,194555890703,73000,1
194.559,4,194558582303,73000,1
194.577,4,194574308339,2502412,0
194.582,4,194579395351,2502412,0
194.592,4,194589560375,2502412,0
194.6,4,194597249393,2502412,0
194.6,4,194599778805,73000,1
194.61,4,194607539417,2502412,0
194.615,4,194612626429,2502412,0
194.62,4,194617722441,2502412,0
194.628,4,194625348459,2502412,0
194.636,4,194633322883,2502412,0
194.639,4,194638436895,73000,1
194.654,4,194653903931,73000,1
194.675,4,194674743979,73000,1
194.708,4,194705481051,2502412,0
194.716,4,194713089069,2502412,0
194.718,4,194715645481,2502412,0
194.731,4,194728385511,2502412,0
194.741,4,194738907941,2502412,0
194.747,4,194744012953,2502412,0
194.749,4,194746542365,2502412,0
194.754,4,194754177383,73000,1
194.764,4,194761973401,2502412,0
194.765,4,194764511813,73000,1
194.77,4,194767444413,2502412,0
194.772,4,194769991825,2502412,0
194.785,4,194782722855,2502412,0
194.788,4,194785288267,2502412,0
194.801,4,194798019297,2502412,0
194.803,4,194800557709,2502412,0
194.806,4,194803096121,2502412,0
194.818,4,194815827151,2502412,0
194.821,4,194818392563,2502412,0
194.826,4,194826072581,73000,1
194.842,4,194839277017,2502412,0
194.852,4,194849451041,2502412,0
194.855,4,194854583053,73000,1
194.855,4,194854672053,73000,1
194.883,4,194880608113,2502412,0
194.888,4,194885704125,2502412,0
194.898,4,194895869149,2502412,0
194.901,4,194898416561,2502412,0
194.906,4,194903512573,2502412,0
194.916,4,194913713597,2502412,0
194.919,4,194916252009,2502412,0
194.924,4,194921348021,2502412,0
194.926,4,194923877433,2502412,0
194.937,4,194934069457,2502412,0
194.942,4,194939495875,2502412,0
194.947,4,194944600887,2502412,0
194.955,4,194952199905,2502412,0
194.96,4,194957340917,2502412,0
194.963,4,194962445929,73000,1
194.968,4,194965109935,2502412,0
194.981,4,194978180021,2502412,0
194.983,4,194980709433,2502412,0
194.993,4,194990910457,2502412,0
194.998,4,194995970469,2502412,0
195.006,4,195003668487,2502412,0
195.006,4,195006197899,73000,1
195.022,4,195019108523,2502412,0
195.032,4,195029282547,2502412,0
195.042,4,195039804977,2502412,0
195.05,4,195050033001,73000,1
195.05,4,195050140001,73000,1
195.055,4,195052750007,2502412,0
195.058,4,195055288419,2502412,0
195.066,4,195065480443,73000,1
195.068,4,195065605443,2502412,0
195.068,4,195068161855,73000,1
195.079,4,195076217467,2502412,0
195.084,4,195083870485,73000,1
195.099,4,195096735515,2502412,0
195.102,4,195099273927,2502412,0
195.115,4,195112004957,2502412,0
195.12,4,195117127969,2502412,0
195.125,4,195122196981,2502412,0
195.132,4,195129840999,2502412,0
195.14,4,195137503017,2502412,0
195.148,4,195145486441,2502412,0
195.161,4,195158226471,2502412,0
195.168,4,195165879489,2502412,0
195.176,4,195173478507,2502412,0
195.181,4,195178913925,2502412,0
195.186,4,195183982937,2502412,0
195.189,4,195189078949,73000,1
195.189,4,195189221949,73000,1
195.222,4,195219995021,2502412,0
195.23,4,195227603039,2502412,0
195.24,4,195237813063,2502412,0
195.248,4,195245751487,2502412,0
195.251,4,195248307899,2502412,0
195.258,4,195255924917,2502412,0
195.261,4,195261020929,73000,1
195.269,4,195266277941,2502412,0
195.276,4,195273912959,2502412,0
195.287,4,195284417983,2502412,0
195.292,4,195289486995,2502412,0
195.3,4,195297158013,2502412,0
195.307,4,195304829031,2502412,0
195.313,4,195312482049,73000,1
195.323,4,195322799073,73000,1
195.364,4,195361519569,2502412,0
195.369,4,195366597581,2502412,0
195.372,4,195371702593,73000,1
195.39,4,195387455629,2502412,0
195.395,4,195395099647,73000,1
195.4,4,195397772653,2502412,0
195.4,4,195400302065,73000,1
195.418,4,195415706695,2502412,0
195.423,4,195420811707,2502412,0
195.428,4,195425880719,2502412,0
195.439,4,195436108743,2502412,0
195.444,4,195441168755,2502412,0
195.454,4,195451682185,2502412,0
195.459,4,195459362203,73000,1
195.475,4,195472236233,2502412,0
195.488,4,195485280263,2502412,0
195.49,4,195487809675,2502412,0
195.493,4,195490366087,2502412,0
195.506,4,195503097117,2502412,0
195.513,4,195510768135,2502412,0
195.516,4,195513297547,2502412,0
195.521,4,195520968565,73000,1
195.524,4,195523641571,73000,1
195.542,4,195539063607,2502412,0
195.552,4,195549246631,2502412,0
195.557,4,195554655643,2502412,0
195.562,4,195562272661,73000,1
195.565,4,195562379661,2502412,0
195.578,4,195575128691,2502412,0
195.588,4,195585651715,2502412,0
195.588,4,195588181127,73000,1
195.604,4,195601100751,2502412,0
195.609,4,195608717769,73000,1
195.622,4,195619034793,2502412,0
195.629,4,195626678811,2502412,0
195.637,4,195634340829,2502412,0
195.644,4,195641984847,2502412,0
195.647,4,195647053859,73000,1
195.65,4,195649744865,73000,1
195.655,4,195652381871,2502412,0
195.665,4,195662886895,2502412,0
195.673,4,195670557913,2502412,0
195.686,4,195683279943,2502412,0
195.691,4,195691272961,73000,1
195.712,4,195709252003,2502412,0
195.719,4,195716887021,2502412,0
195.724,4,195721974033,2502412,0
195.732,4,195729600051,2502412,0
195.742,4,195739828075,2502412,0
195.745,4,195742357487,2502412,0
195.75,4,195747435499,2502412,0
195.75,4,195749964911,73000,1
195.753,4,195750081505,2502412,0
195.761,4,195758037929,2502412,0
195.768,4,195765681947,2502412,0
195.776,4,195773343965,2502412,0
195.781,4,195781032983,73000,1
195.802,4,195799334025,2502412,0
195.807,4,195804403037,2502412,0
195.817,4,195814613061,2502412,0
195.83,4,195827353091,2502412,0
195.835,4,195832458103,2502412,0
195.845,4,195842614127,2502412,0
195.853,4,195850294145,2502412,0
195.86,4,195857929163,2502412,0
195.863,4,195863356175,73000,1
195.871,4,195868532187,2502412,0
195.874,4,195871115599,2502412,0
195.886,4,195883837629,2502412,0
195.891,4,195888960641,2502412,0
195.902,4,195899447665,2502412,0
195.91,4,195907109683,2502412,0
195.915,4,195914789701,73000,1
195.933,4,195932786743,73000,1
195.974,4,195971472027,2502412,0
195.982,4,195979152045,2502412,0
195.989,4,195986760063,2502412,0
195.992,4,195989298475,2502412,0
196,4,195997255493,2502412,0
196.002,4,195999793905,2502412,0
196.01,4,196007410923,2502412,0
196.012,4,196009940335,2502412,0
196.015,4,196012478747,2502412,0
196.023,4,196020149765,2502412,0
196.03,4,196027784783,2502412,0
196.033,4,196030332195,2502412,0
196.035,4,196032906607,2502412,0
196.04,4,196037984619,2502412,0
196.051,4,196048176643,2502412,0
196.056,4,196053335655,2502412,0
196.056,4,196055865067,73000,1
196.072,4,196069052097,2502412,0
196.077,4,196074148109,2502412,0
196.084,4,196081774127,2502412,0
196.089,4,196086834139,2502412,0
196.097,4,196094514157,2502412,0
196.108,4,196105027587,2502412,0
196.11,4,196107565999,2502412,0
196.123,4,196120297029,2502412,0
196.125,4,196122898441,2502412,0
196.138,4,196135611471,2502412,0
196.143,4,196140743483,2502412,0
196.148,4,196145803495,2502412,0
196.159,4,196156022519,2502412,0
196.164,4,196161100531,2502412,0
196.166,4,196163638943,2502412,0
196.174,4,196171604961,2502412,0
196.182,4,196179275979,2502412,0
196.189,4,196186928997,2502412,0
196.197,4,196194564015,2502412,0
196.203,4,196202557033,73000,1
196.218,4,196215413063,2502412,0
196.228,4,196225605087,2502412,0
196.233,4,196230701099,2502412,0
196.238,4,196235761111,2502412,0
196.243,4,196240857123,2502412,0
196.254,4,196251058147,2502412,0
196.259,4,196256190159,2502412,0
196.261,4,196258719571,2502412,0
196.266,4,196263779583,2502412,0
196.277,4,196274266013,2502412,0
196.282,4,196279407025,2502412,0
196.292,4,196289599049,2502412,0
196.292,4,196292173461,73000,1
196.302,4,196299934073,2502412,0
196.315,4,196312977509,2502412,0
196.318,4,196315506921,2502412,0
196.321,4,196318054333,2502412,0
196.328,4,196325680351,2502412,0
196.336,4,196333315369,2502412,0
196.341,4,196338456381,2502412,0
196.346,4,196343516393,2502412,0
196.351,4,196348603405,2502412,0
196.356,4,196353681417,2502412,0
196.356,4,196356255829,73000,1
196.359,4,196356354423,2502412,0
196.364,4,196361432435,2502412,0
196.369,4,196366519447,2502412,0
196.374,4,196371900865,2502412,0
196.377,4,196374475277,2502412,0
196.382,4,196379562289,2502412,0
196.392,4,196389745313,2502412,0
196.392,4,196392355725,73000,1
196.403,4,196400125337,2502412,0
196.408,4,196405516349,2502412,0
196.411,4,196410603361,73000,1
196.418,4,196418399379,73000,1
196.459,4,196459355475,73000,1
196.524,4,196521375025,2502412,0
196.526,4,196523913437,2502412,0
196.532,4,196529000449,2502412,0
196.542,4,196539201473,2502412,0
196.547,4,196546872491,73000,1
196.552,4,196552102503,73000,1
196.596,4,196593371005,2502412,0
196.609,4,196606120035,2502412,0
196.617,4,196614040459,2502412,0
196.624,4,196624268483,73000,1
196.642,4,196642265525,73000,1
196.683,4,196680986021,2502412,0
196.689,4,196686091033,2502412,0
196.689,4,196688620445,73000,1
196.699,4,196696345057,2502412,0
196.701,4,196698910469,2502412,0
196.714,4,196711954499,2502412,0
196.722,4,196722182523,73000,1
196.732,4,196729951541,2502412,0
196.74,4,196737595559,2502412,0
196.75,4,196747814583,2502412,0
196.755,4,196752892595,2502412,0
196.766,4,196763084619,2502412,0
196.768,4,196765632031,2502412,0
196.773,4,196770701043,2502412,0
196.784,4,196781178473,2502412,0
196.786,4,196783725885,2502412,0
196.791,4,196788866897,2502412,0
196.802,4,196799022921,2502412,0
196.804,4,196801552333,2502412,0
196.809,4,196806675345,2502412,0
196.815,4,196814632363,73000,1
196.817,4,196814775363,2502412,0
196.83,4,196827524393,2502412,0
196.833,4,196830062805,2502412,0
196.835,4,196832592217,2502412,0
196.84,4,196840227235,73000,1
196.845,4,196842936241,2502412,0
196.858,4,196855631271,2502412,0
196.868,4,196865850295,2502412,0
196.871,4,196870982307,73000,1
196.892,4,196889273755,2502412,0
196.905,4,196902022785,2502412,0
196.917,4,196914771815,2502412,0
196.923,4,196922737239,73000,1
196.925,4,196925419245,73000,1
196.966,4,196963818335,2502412,0
196.979,4,196976522365,2502412,0
196.987,4,196987062795,73000,1
197,4,196997370819,2502412,0
197.01,4,197007571843,2502412,0
197.018,4,197015233861,2502412,0
197.028,4,197025729885,2502412,0
197.033,4,197033409903,73000,1
197.049,4,197046265933,2502412,0
197.051,4,197048813345,2502412,0
197.054,4,197053900357,73000,1
197.067,4,197064235381,2502412,0
197.079,4,197076966411,2502412,0
197.087,4,197084601429,2502412,0
197.09,4,197087139841,2502412,0
197.095,4,197092539853,2502412,0
197.105,4,197102722877,2502412,0
197.105,4,197105315289,73000,1
197.126,4,197123589925,2502412,0
197.126,4,197126164337,73000,1
197.147,4,197144116973,2502412,0
197.159,4,197156848003,2502412,0
197.164,4,197161980015,2502412,0
197.17,4,197167040027,2502412,0
197.177,4,197174666045,2502412,0
197.182,4,197182373063,73000,1
197.198,4,197195559499,2502412,0
197.206,4,197203185517,2502412,0
197.213,4,197210856535,2502412,0
197.218,4,197215925547,2502412,0
197.229,4,197226457571,2502412,0
197.232,4,197231562583,73000,1
197.234,4,197234190589,73000,1
197.257,4,197254753637,2502412,0
197.262,4,197259822649,2502412,0
197.273,4,197270032673,2502412,0
197.285,4,197282781703,2502412,0
197.288,4,197285329115,2502412,0
197.293,4,197293276539,73000,1
197.309,4,197306159569,2502412,0
197.311,4,197308688981,2502412,0
197.324,4,197321411011,2502412,0
197.324,4,197324012423,73000,1
197.34,4,197337191047,2502412,0
197.347,4,197344808065,2502412,0
197.355,4,197352461083,2502412,0
197.363,4,197360123101,2502412,0
197.368,4,197365192113,2502412,0
197.373,4,197370270125,2502412,0
197.378,4,197375348137,2502412,0
197.386,4,197383037155,2502412,0
197.396,4,197393229179,2502412,0
197.399,4,197396090185,2502412,0
197.406,4,197406282209,73000,1
197.414,4,197414078227,73000,1
197.448,4,197445155299,2502412,0
197.46,4,197457904329,2502412,0
197.468,4,197468087353,73000,1
197.471,4,197468160353,2502412,0
197.473,4,197470707765,2502412,0
197.486,4,197483438795,2502412,0
197.488,4,197485995207,2502412,0
197.494,4,197491100219,2502412,0
197.504,4,197501586649,2502412,0
197.509,4,197509293667,73000,1
197.522,4,197519601691,2502412,0
197.527,4,197524706703,2502412,0
197.533,4,197532645721,73000,1
197.538,4,197535327727,2502412,0
197.548,4,197545492751,2502412,0
197.553,4,197550570763,2502412,0
197.553,4,197553145175,73000,1
197.574,4,197571133811,2502412,0
197.574,4,197573681223,73000,1
197.594,4,197591669859,2502412,0
197.594,4,197594199271,73000,1
197.602,4,197602300009,73000,1
197.646,4,197643560105,2502412,0
197.651,4,197651186123,73000,1
197.664,4,197664096153,73000,1
197.672,4,197669272165,2502412,0
197.677,4,197674359177,2502412,0
197.687,4,197684524201,2502412,0
197.692,4,197689638213,2502412,0
197.7,4,197697273231,2502412,0
197.708,4,197705247655,2502412,0
197.708,4,197707804067,73000,1
197.721,4,197718139685,2502412,0
197.731,4,197728322709,2502412,0
197.741,4,197738854733,2502412,0
197.746,4,197743923745,2502412,0
197.757,4,197754124769,2502412,0
197.759,4,197759247781,73000,1
197.764,4,197761866787,2502412,0
197.769,4,197766980799,2502412,0
197.772,4,197769510211,2502412,0
197.785,4,197782250241,2502412,0
197.79,4,197787364253,2502412,0
197.8,4,197797529277,2502412,0
197.803,4,197800103689,2502412,0
197.811,4,197808042113,2502412,0
197.813,4,197813120125,73000,1
197.824,4,197823518149,73000,1
197.857,4,197854559221,2502412,0
197.862,4,197862185239,73000,1
197.87,4,197869963257,73000,1
197.888,4,197885385293,2502412,0
197.896,4,197893020311,2502412,0
197.898,4,197898116323,73000,1
197.919,4,197916425771,2502412,0
197.921,4,197918955183,2502412,0
197.934,4,197931704213,2502412,0
197.939,4,197936800225,2502412,0
197.947,4,197944739243,2502412,0
197.952,4,197949844255,2502412,0
197.957,4,197954931267,2502412,0
197.965,4,197962539285,2502412,0
197.973,4,197970219303,2502412,0
197.973,4,197972775715,73000,1
197.988,4,197985668339,2502412,0
197.993,4,197993312357,73000,1
197.998,4,197995958363,2502412,0
197.999,4,197998514775,73000,1
198.009,4,198006257387,2502412,0
198.014,4,198011656805,2502412,0
198.019,4,198019282823,73000,1
198.037,4,198034740859,2502412,0
198.045,4,198042706877,2502412,0
198.058,4,198055455907,2502412,0
198.061,4,198058003319,2502412,0
198.068,4,198065620337,2502412,0
198.078,4,198075848361,2502412,0
198.091,4,198088597391,2502412,0
198.096,4,198096241409,73000,1
198.109,4,198106585433,2502412,0
198.112,4,198111984851,73000,1
198.125,4,198122301875,2502412,0
198.133,4,198132502899,73000,1
198.133,4,198132609899,73000,1
198.174,4,198173878995,73000,1
198.228,4,198227959527,73000,1
198.359,4,198356693233,2502412,0
198.362,4,198361807245,73000,1
198.37,4,198367019257,2502412,0
198.372,4,198369548669,2502412,0
198.385,4,198382252699,2502412,0
198.387,4,198384800111,2502412,0
198.39,4,198387329523,2502412,0
198.395,4,198392425535,2502412,0
198.397,4,198394954947,2502412,0
198.403,4,198402571965,73000,1
198.405,4,198402705965,2502412,0
198.408,4,198405244377,2502412,0
198.418,4,198415454401,2502412,0
198.428,4,198425994831,2502412,0
198.431,4,198431090843,73000,1
198.439,4,198436302855,2502412,0
198.447,4,198446521879,73000,1
198.465,4,198462265915,2502412,0
198.472,4,198469882933,2502412,0
198.475,4,198472412345,2502412,0
198.478,4,198477481357,73000,1
198.485,4,198482720369,2502412,0
198.495,4,198492930393,2502412,0
198.506,4,198503140417,2502412,0
198.518,4,198515871447,2502412,0
198.529,4,198526393877,2502412,0
198.534,4,198534073895,73000,1
198.552,4,198549477931,2502412,0
198.555,4,198552007343,2502412,0
198.557,4,198554858755,2502412,0
198.56,4,198557388167,2502412,0
198.573,4,198570092197,2502412,0
198.578,4,198575269209,2502412,0
198.585,4,198582877227,2502412,0
198.593,4,198590548245,2502412,0
198.603,4,198600731269,2502412,0
198.611,4,198608402287,2502412,0
198.619,4,198616073305,2502412,0
198.632,4,198629098741,2502412,0
198.634,4,198631682153,2502412,0
198.639,4,198636742165,2502412,0
198.649,4,198646943189,2502412,0
198.652,4,198649472601,2502412,0
198.66,4,198657447619,2502412,0
198.668,4,198665109637,2502412,0
198.668,4,198667657049,73000,1
198.678,4,198675399661,2502412,0
198.683,4,198680504673,2502412,0
198.693,4,198690687697,2502412,0
198.696,4,198693235109,2502412,0
198.708,4,198705975139,2502412,0
198.711,4,198708522551,2502412,0
198.719,4,198716166569,2502412,0
198.724,4,198723864587,73000,1
198.727,4,198726831999,73000,1
198.732,4,198729478005,2502412,0
198.74,4,198739652029,73000,1
198.747,4,198744882041,2502412,0
198.755,4,198752517059,2502412,0
198.768,4,198765579089,2502412,0
198.776,4,198773223107,2502412,0
198.786,4,198783433131,2502412,0
198.788,4,198785962543,2502412,0
198.794,4,198793597561,73000,1
198.806,4,198803941585,2502412,0
198.812,4,198809037597,2502412,0
198.822,4,198819238621,2502412,0
198.83,4,198829743051,73000,1
198.832,4,198829877051,2502412,0
198.837,4,198834937063,2502412,0
198.848,4,198845138087,2502412,0
198.858,4,198855330111,2502412,0
198.861,4,198860462123,73000,1
198.871,4,198868535141,2502412,0
198.874,4,198873622153,73000,1
198.879,4,198876241159,2502412,0
198.879,4,198878770571,73000,1
198.897,4,198894238201,2502412,0
198.904,4,198901882219,2502412,0
198.917,4,198914622249,2502412,0
198.922,4,198922284267,73000,1
198.93,4,198930062285,73000,1
198.93,4,198930142285,73000,1
199.002,4,198999871087,2502412,0
199.005,4,199002427499,2502412,0
199.015,4,199012583523,2502412,0
199.015,4,199015112935,73000,1
199.018,4,199015211529,2502412,0
199.028,4,199025421553,2502412,0
199.033,4,199030535565,2502412,0
199.038,4,199035935577,2502412,0
199.044,4,199041013589,2502412,0
199.051,4,199048648607,2502412,0
199.054,4,199051196019,2502412,0
199.064,4,199061406043,2502412,0
199.069,4,199066788055,2502412,0
199.077,4,199074468073,2502412,0
199.082,4,199079555085,2502412,0
199.09,4,199087217103,2502412,0
199.095,4,199092295115,2502412,0
199.097,4,199094824527,2502412,0
199.103,4,199102504545,73000,1
199.115,4,199112848569,2502412,0
199.126,4,199123004593,2502412,0
199.126,4,199125579005,73000,1
199.144,4,199141314041,2502412,0
199.147,4,199146428053,73000,1
199.167,4,199164380095,2502412,0
199.17,4,199169807107,73000,1
199.188,4,199187804149,73000,1
199.229,4,199226203239,2502412,0
199.239,4,199236395263,2502412,0
199.247,4,199246900287,73000,1
199.249,4,199246973287,2502412,0
199.255,4,199252105299,2502412,0
199.267,4,199264854329,2502412,0
199.278,4,199275350353,2502412,0
199.291,4,199288099383,2502412,0
199.296,4,199293222395,2502412,0
199.306,4,199303441419,2502412,0
199.314,4,199311067437,2502412,0
199.319,4,199318747455,73000,1
199.321,4,199321402461,73000,1
199.36,4,199360131957,73000,1
199.399,4,199398862047,73000,1
199.417,4,199414275083,2502412,0
199.422,4,199421901101,73000,1
199.427,4,199427140113,73000,1
199.437,4,199434891131,2502412,0
199.448,4,199445395561,2502412,0
199.456,4,199453021579,2502412,0
199.458,4,199458135591,73000,1
199.479,4,199476436633,2502412,0
199.484,4,199484080651,73000,1
199.499,4,199496963681,2502412,0
199.51,4,199507128705,2502412,0
199.515,4,199512233717,2502412,0
199.52,4,199517311729,2502412,0
199.522,4,199519841141,2502412,0
199.533,4,199530042165,2502412,0
199.533,4,199532598577,73000,1
199.543,4,199540404189,2502412,0
199.553,4,199550872619,2502412,0
199.558,4,199555932631,2502412,0
199.561,4,199558516043,2502412,0
199.561,4,199561045455,73000,1
199.571,4,199568833067,2502412,0
199.574,4,199573929079,73000,1
199.582,4,199579454091,2502412,0
199.595,4,199592185121,2502412,0
199.597,4,199594714533,2502412,0
199.61,4,199607436563,2502412,0
199.613,4,199610010975,2502412,0
199.62,4,199617654993,2502412,0
199.625,4,199622715005,2502412,0
199.63,4,199627856017,2502412,0
199.635,4,199632925029,2502412,0
199.646,4,199643144053,2502412,0
199.659,4,199656196489,2502412,0
199.661,4,199658770901,2502412,0
199.674,4,199671501931,2502412,0
199.677,4,199676633943,73000,1
199.695,4,199692341979,2502412,0
199.708,4,199705082009,2502412,0
199.71,4,199707647421,2502412,0
199.72,4,199717821445,2502412,0
199.728,4,199725510463,2502412,0
199.733,4,199733145481,73000,1
199.736,4,199733243481,2502412,0
199.741,4,199738339493,2502412,0
199.749,4,199748567517,73000,1
199.751,4,199748656517,2502412,0
199.762,4,199759143541,2502412,0
199.767,4,199764257553,2502412,0
199.777,4,199774422577,2502412,0
199.785,4,199784963601,73000,1
199.803,4,199800403637,2502412,0
199.811,4,199808056655,2502412,0
199.823,4,199820787685,2502412,0
199.836,4,199833536715,2502412,0
199.839,4,199836102127,2502412,0
199.846,4,199846276151,73000,1
199.849,4,199846365151,2502412,0
199.851,4,199848948563,2502412,0
199.859,4,199859425993,73000,1
199.865,4,199862116999,2502412,0
199.867,4,199867204011,73000,1
199.88,4,199877512035,2502412,0
199.885,4,199882590047,2502412,0
199.893,4,199890538065,2502412,0
199.901,4,199898200083,2502412,0
199.901,4,199900756495,73000,1
199.914,4,199911083113,2502412,0
199.924,4,199921257137,2502412,0
199.926,4,199923786549,2502412,0
199.929,4,199926315961,2502412,0
199.937,4,199936507985,73000,1
199.947,4,199944313003,2502412,0
199.952,4,199949400015,2502412,0
199.954,4,199951938427,2502412,0
199.968,4,199964999863,2502412,0
199.978,4,199975200887,2502412,0
199.986,4,199985428911,73000,1
199.988,4,199985508911,2502412,0
199.996,4,199996040341,73000,1
200.009,4,200008941371,73000,1
200.019,4,200019249395,73000,1
200.066,4,200065649909,73000,1
200.138,4,200135028071,2502412,0
200.14,4,200140106083,73000,1
200.158,4,200155501119,2502412,0
200.161,4,200158039531,2502412,0
200.163,4,200160900537,2502412,0
200.176,4,200173604567,2502412,0
200.179,4,200176151979,2502412,0
200.189,4,200186371003,2502412,0
200.194,4,200191449015,2502412,0
200.197,4,200194309427,2502412,0
200.207,4,200204510451,2502412,0
200.207,4,200207048863,73000,1
200.21,4,200207121863,2502412,0
200.212,4,200209714275,2502412,0
200.222,4,200219879299,2502412,0
200.227,4,200224984311,2502412,0
200.23,4,200227531723,2502412,0
200.23,4,200230088135,73000,1
200.246,4,200245537765,73000,1
200.274,4,200274048237,73000,1
200.313,4,200310221321,2502412,0
200.318,4,200315290333,2502412,0
200.323,4,200322952351,73000,1
200.326,4,200323025351,2502412,0
200.333,4,200330669369,2502412,0
200.338,4,200335783381,2502412,0
200.346,4,200343409399,2502412,0
200.351,4,200351107417,73000,1
200.369,4,200366850859,2502412,0
200.382,4,200379590889,2502412,0
200.385,4,200382138301,2502412,0
200.392,4,200389746319,2502412,0
200.4,4,200397363337,2502412,0
200.403,4,200400250749,2502412,0
200.41,4,200407885767,2502412,0
200.418,4,200415574785,2502412,0
200.421,4,200420661797,73000,1
200.439,4,200436101833,2502412,0
200.441,4,200441197845,73000,1
200.462,4,200459176887,2502412,0
200.464,4,200461706299,2502412,0
200.47,4,200467087717,2502412,0
200.475,4,200472147729,2502412,0
200.482,4,200479836747,2502412,0
200.487,4,200484896759,2502412,0
200.49,4,200487444171,2502412,0
200.498,4,200495061189,2502412,0
200.503,4,200500497201,2502412,0
200.513,4,200510698225,2502412,0
200.516,4,200515848237,73000,1
200.536,4,200533827279,2502412,0
200.547,4,200544028303,2502412,0
200.552,4,200549097315,2502412,0
200.562,4,200559298339,2502412,0
200.575,4,200572350775,2502412,0
200.58,4,200580039793,73000,1
200.601,4,200598018835,2502412,0
200.608,4,200605984853,2502412,0
200.616,4,200613610871,2502412,0
200.621,4,200618679883,2502412,0
200.629,4,200626341901,2502412,0
200.634,4,200631419913,2502412,0
200.642,4,200639081931,2502412,0
200.647,4,200646761949,73000,1
200.665,4,200664758991,73000,1
200.691,4,200688146451,2502412,0
200.691,4,200690693863,73000,1
200.701,4,200698463475,2502412,0
200.714,4,200711516505,2502412,0
200.714,4,200714063917,73000,1
200.729,4,200726920541,2502412,0
200.73,4,200729458953,73000,1
200.74,4,200737201565,2502412,0
200.742,4,200739730977,2502412,0
200.75,4,200747383995,2502412,0
200.753,4,200752471007,73000,1
200.77,4,200767938043,2502412,0
200.778,4,200778424473,73000,1
200.786,4,200783645485,2502412,0
200.791,4,200788714497,2502412,0
200.801,4,200798933521,2502412,0
200.809,4,200806550539,2502412,0
200.815,4,200814551963,73000,1
200.82,4,200817224969,2502412,0
200.825,4,200822293981,2502412,0
200.825,4,200824823393,73000,1
200.843,4,200840282023,2502412,0
200.855,4,200852986053,2502412,0
200.858,4,200855560465,2502412,0
200.866,4,200863168483,2502412,0
200.873,4,200870785501,2502412,0
200.876,4,200873332913,2502412,0
200.881,4,200878759331,2502412,0
200.891,4,200888960355,2502412,0
200.894,4,200891516767,2502412,0
200.902,4,200901708791,73000,1
200.918,4,200917497827,73000,1
200.943,4,200940545881,2502412,0
200.948,4,200945650893,2502412,0
200.953,4,200950728905,2502412,0
200.956,4,200955797917,73000,1
200.961,4,200958479923,2502412,0
200.964,4,200963593935,73000,1
200.984,4,200981885383,2502412,0
200.995,4,200992086407,2502412,0
201,4,200997164419,2502412,0
