0.12645,0,126207456,242607,0
0.129162,0,126450063,2711818,0
0.131784,0,129161881,2622412,0
0.134348,0,131784293,2563812,0
0.136943,0,134348105,2595006,0
0.139538,0,136943111,2595006,0
0.142133,0,139538117,2595006,0
0.144728,0,142133123,2595006,0
0.147323,0,144728129,2595006,0
0.149918,0,147323135,2595006,0
0.152513,0,149918141,2595006,0
0.155108,0,152513147,2595006,0
0.157703,0,155108153,2595006,0
0.160298,0,157703159,2595006,0
0.162893,0,160298165,2595006,0
0.165488,0,162893171,2595006,0
0.168083,0,165488177,2595006,0
0.170678,0,168083183,2595006,0
0.173273,0,170678189,2595006,0
0.175868,0,173273195,2595006,0
0.178463,0,175868201,2595006,0
0.181058,0,178463207,2595006,0
0.183966,0,181058213,2908006,0
0.186561,0,183966219,2595006,0
0.189156,0,186561225,2595006,0
0.191751,0,189156231,2595006,0
0.194346,0,191751237,2595006,0
0.196941,0,194346243,2595006,0
0.199536,0,196941249,2595006,0
0.202131,0,199536255,2595006,0
0.204726,0,202131261,2595006,0
0.207321,0,204726267,2595006,0
0.209916,0,207321273,2595006,0
0.212511,0,209916279,2595006,0
0.215419,0,212511285,2908006,0
0.218014,0,215419291,2595006,0
0.220609,0,218014297,2595006,0
0.223204,0,220609303,2595006,0
0.225799,0,223204309,2595006,0
0.228394,0,225799315,2595006,0
0.230989,0,228394321,2595006,0
0.233584,0,230989327,2595006,0
0.236179,0,233584333,2595006,0
0.238774,0,236179339,2595006,0
0.241369,0,238774345,2595006,0
0.243964,0,241369351,2595006,0
0.246559,0,243964357,2595006,0
0.249154,0,246559363,2595006,0
0.251749,0,249154369,2595006,0
0.254344,0,251749375,2595006,0
0.256939,0,254344381,2595006,0
0.259534,0,256939387,2595006,0
0.262129,0,259534393,2595006,0
0.264724,0,262129399,2595006,0
0.267319,0,264724405,2595006,0
0.269914,0,267319411,2595006,0
0.272509,0,269914417,2595006,0
0.275104,0,272509423,2595006,0
0.277699,0,275104429,2595006,0
0.280294,0,277699435,2595006,0
0.282889,0,280294441,2595006,0
0.285797,0,282889447,2908006,0
0.288392,0,285797453,2595006,0
0.290987,0,288392459,2595006,0
0.293582,0,290987465,2595006,0
0.296177,0,293582471,2595006,0
0.298772,0,296177477,2595006,0
0.301367,0,298772483,2595006,0
0.303962,0,301367489,2595006,0
0.306558,0,303962495,2595006,0
0.309153,0,306557501,2595006,0
0.311748,0,309152507,2595006,0
0.314343,0,311747513,2595006,0
0.317251,0,314342519,2908006,0
0.319846,0,317250525,2595006,0
0.322441,0,319845531,2595006,0
0.325036,0,322440537,2595006,0
0.327631,0,325035543,2595006,0
0.330226,0,327630549,2595006,0
0.332821,0,330225555,2595006,0
0.335416,0,332820561,2595006,0
0.338011,0,335415567,2595006,0
0.340606,0,338010573,2595006,0
0.343201,0,340605579,2595006,0
0.345796,0,343200585,2595006,0
0.348391,0,345795591,2595006,0
0.350986,0,348390597,2595006,0
0.353581,0,350985603,2595006,0
0.356176,0,353580609,2595006,0
0.358771,0,356175615,2595006,0
0.361366,0,358770621,2595006,0
0.363961,0,361365627,2595006,0
0.366556,0,363960633,2595006,0
0.369151,0,366555639,2595006,0
0.371746,0,369150645,2595006,0
0.374341,0,371745651,2595006,0
0.376936,0,374340657,2595006,0
0.379531,0,376935663,2595006,0
0.382126,0,379530669,2595006,0
0.384721,0,382125675,2595006,0
0.387629,0,384720681,2908006,0
0.390224,0,387628687,2595006,0
0.392819,0,390223693,2595006,0
0.395414,0,392818699,2595006,0
0.398009,0,395413705,2595006,0
0.400604,0,398008711,2595006,0
0.403199,0,400603717,2595006,0
0.405794,0,403198723,2595006,0
0.408389,0,405793729,2595006,0
0.410984,0,408388735,2595006,0
0.413579,0,410983741,2595006,0
0.416174,0,413578747,2595006,0
0.419082,0,416173753,2908006,0
0.421677,0,419081759,2595006,0
0.424272,0,421676765,2595006,0
0.426867,0,424271771,2595006,0
0.429462,0,426866777,2595006,0
0.432057,0,429461783,2595006,0
0.434652,0,432056789,2595006,0
0.437247,0,434651795,2595006,0
0.439842,0,437246801,2595006,0
0.442437,0,439841807,2595006,0
0.445032,0,442436813,2595006,0
0.447627,0,445031819,2595006,0
0.450222,0,447626825,2595006,0
0.452817,0,450221831,2595006,0
0.455412,0,452816837,2595006,0
0.458007,0,455411843,2595006,0
0.460602,0,458006849,2595006,0
0.463197,0,460601855,2595006,0
0.465792,0,463196861,2595006,0
0.468387,0,465791867,2595006,0
0.470982,0,468386873,2595006,0
0.473577,0,470981879,2595006,0
0.476172,0,473576885,2595006,0
0.478767,0,476171891,2595006,0
0.481362,0,478766897,2595006,0
0.483957,0,481361903,2595006,0
0.486552,0,483956909,2595006,0
0.489147,0,486551915,2595006,0
0.492055,0,489146921,2908006,0
0.49465,0,492054927,2595006,0
0.497245,0,494649933,2595006,0
0.49984,0,497244939,2595006,0
0.502435,0,499839945,2595006,0
0.50503,0,502434951,2595006,0
0.507625,0,505029957,2595006,0
0.51022,0,507624963,2595006,0
0.512815,0,510219969,2595006,0
0.51541,0,512814975,2595006,0
0.518005,0,515409981,2595006,0
0.5206,0,518004987,2595006,0
0.523508,0,520599993,2908006,0
0.526103,0,523507999,2595006,0
0.528698,0,526103005,2595006,0
0.531293,0,528698011,2595006,0
0.533888,0,531293017,2595006,0
0.536483,0,533888023,2595006,0
0.539078,0,536483029,2595006,0
0.541673,0,539078035,2595006,0
0.544268,0,541673041,2595006,0
0.546863,0,544268047,2595006,0
0.549458,0,546863053,2595006,0
0.552053,0,549458059,2595006,0
0.554648,0,552053065,2595006,0
0.557243,0,554648071,2595006,0
0.559838,0,557243077,2595006,0
0.562433,0,559838083,2595006,0
0.565028,0,562433089,2595006,0
0.567623,0,565028095,2595006,0
0.570218,0,567623101,2595006,0
0.572813,0,570218107,2595006,0
0.575408,0,572813113,2595006,0
0.578003,0,575408119,2595006,0
0.580598,0,578003125,2595006,0
0.583193,0,580598131,2595006,0
0.585788,0,583193137,2595006,0
0.588383,0,585788143,2595006,0
0.590978,0,588383149,2595006,0
0.593886,0,590978155,2908006,0
0.596481,0,593886161,2595006,0
0.599076,0,596481167,2595006,0
0.601671,0,599076173,2595006,0
0.604266,0,601671179,2595006,0
0.606861,0,604266185,2595006,0
0.609456,0,606861191,2595006,0
0.612051,0,609456197,2595006,0
0.614646,0,612051203,2595006,0
0.617241,0,614646209,2595006,0
0.619836,0,617241215,2595006,0
0.622431,0,619836221,2595006,0
0.625339,0,622431227,2908006,0
0.627934,0,625339233,2595006,0
0.630529,0,627934239,2595006,0
0.633124,0,630529245,2595006,0
0.635719,0,633124251,2595006,0
0.638314,0,635719257,2595006,0
0.640909,0,638314263,2595006,0
0.643504,0,640909269,2595006,0
0.646099,0,643504275,2595006,0
0.648694,0,646099281,2595006,0
0.651289,0,648694287,2595006,0
0.653884,0,651289293,2595006,0
0.656479,0,653884299,2595006,0
0.659074,0,656479305,2595006,0
0.661669,0,659074311,2595006,0
0.664264,0,661669317,2595006,0
0.666859,0,664264323,2595006,0
0.669454,0,666859329,2595006,0
0.672049,0,669454335,2595006,0
0.674644,0,672049341,2595006,0
0.677239,0,674644347,2595006,0
0.679834,0,677239353,2595006,0
0.682429,0,679834359,2595006,0
0.685024,0,682429365,2595006,0
0.687619,0,685024371,2595006,0
0.690214,0,687619377,2595006,0
0.692809,0,690214383,2595006,0
0.695717,0,692809389,2908006,0
0.698312,0,695717395,2595006,0
0.700907,0,698312401,2595006,0
0.703502,0,700907407,2595006,0
0.706097,0,703502413,2595006,0
0.708692,0,706097419,2595006,0
0.711287,0,708692425,2595006,0
0.713882,0,711287431,2595006,0
0.716477,0,713882437,2595006,0
0.719072,0,716477443,2595006,0
0.721667,0,719072449,2595006,0
0.724262,0,721667455,2595006,0
0.72717,0,724262461,2908006,0
0.729765,0,727170467,2595006,0
0.73236,0,729765473,2595006,0
0.734955,0,732360479,2595006,0
0.73755,0,734955485,2595006,0
0.740145,0,737550491,2595006,0
0.742741,0,740145497,2595006,0
0.745336,0,742740503,2595006,0
0.747931,0,745335509,2595006,0
0.750526,0,747930515,2595006,0
0.753121,0,750525521,2595006,0
0.755716,0,753120527,2595006,0
0.758311,0,755715533,2595006,0
0.760906,0,758310539,2595006,0
0.763501,0,760905545,2595006,0
0.766096,0,763500551,2595006,0
0.768691,0,766095557,2595006,0
0.771286,0,768690563,2595006,0
0.773881,0,771285569,2595006,0
0.776476,0,773880575,2595006,0
0.779071,0,776475581,2595006,0
0.781666,0,779070587,2595006,0
0.784261,0,781665593,2595006,0
0.786856,0,784260599,2595006,0
0.789451,0,786855605,2595006,0
0.792046,0,789450611,2595006,0
0.794641,0,792045617,2595006,0
0.797549,0,794640623,2908006,0
0.800144,0,797548629,2595006,0
0.802739,0,800143635,2595006,0
0.805334,0,802738641,2595006,0
0.807929,0,805333647,2595006,0
0.810524,0,807928653,2595006,0
0.813119,0,810523659,2595006,0
0.815714,0,813118665,2595006,0
0.818309,0,815713671,2595006,0
0.820904,0,818308677,2595006,0
0.823499,0,820903683,2595006,0
0.826094,0,823498689,2595006,0
0.829002,0,826093695,2908006,0
0.831597,0,829001701,2595006,0
0.834192,0,831596707,2595006,0
0.836787,0,834191713,2595006,0
0.839382,0,836786719,2595006,0
0.841977,0,839381725,2595006,0
0.844572,0,841976731,2595006,0
0.847167,0,844571737,2595006,0
0.849762,0,847166743,2595006,0
0.852357,0,849761749,2595006,0
0.854952,0,852356755,2595006,0
0.857547,0,854951761,2595006,0
0.860142,0,857546767,2595006,0
0.862737,0,860141773,2595006,0
0.865332,0,862736779,2595006,0
0.867927,0,865331785,2595006,0
0.870522,0,867926791,2595006,0
0.873117,0,870521797,2595006,0
0.875712,0,873116803,2595006,0
0.878307,0,875711809,2595006,0
0.880902,0,878306815,2595006,0
0.883497,0,880901821,2595006,0
0.886092,0,883496827,2595006,0
0.888687,0,886091833,2595006,0
0.891282,0,888686839,2595006,0
0.893877,0,891281845,2595006,0
0.896472,0,893876851,2595006,0
0.89938,0,896471857,2908006,0
0.901975,0,899379863,2595006,0
0.90457,0,901974869,2595006,0
0.907165,0,904569875,2595006,0
0.90976,0,907164881,2595006,0
0.912355,0,909759887,2595006,0
0.91495,0,912354893,2595006,0
0.917545,0,914949899,2595006,0
0.92014,0,917544905,2595006,0
0.922735,0,920139911,2595006,0
0.92533,0,922734917,2595006,0
0.927925,0,925329923,2595006,0
0.930833,0,927924929,2908006,0
0.933428,0,930832935,2595006,0
0.936023,0,933427941,2595006,0
0.938618,0,936022947,2595006,0
0.941213,0,938617953,2595006,0
0.943808,0,941212959,2595006,0
0.946403,0,943807965,2595006,0
0.948998,0,946402971,2595006,0
0.951593,0,948997977,2595006,0
0.954188,0,951592983,2595006,0
0.956783,0,954187989,2595006,0
0.959378,0,956782995,2595006,0
0.961973,0,959378001,2595006,0
0.964568,0,961973007,2595006,0
0.967163,0,964568013,2595006,0
0.969758,0,967163019,2595006,0
0.972353,0,969758025,2595006,0
0.974948,0,972353031,2595006,0
0.977543,0,974948037,2595006,0
0.980138,0,977543043,2595006,0
0.982733,0,980138049,2595006,0
0.985328,0,982733055,2595006,0
0.987923,0,985328061,2595006,0
0.990518,0,987923067,2595006,0
0.993113,0,990518073,2595006,0
0.995708,0,993113079,2595006,0
0.998303,0,995708085,2595006,0
1.0009,0,998303091,2595006,0
1.00143,1,1000077333,1348770,0
1.00416,1,1001426103,2729412,0
1.00669,0,1000898097,5796424,0
1.00929,1,1004155515,5134012,0
1.01184,0,1006694521,5145012,0
1.01441,1,1009289527,5118012,0
1.01696,0,1011839533,5118012,0
1.01953,1,1014407539,5118012,0
1.02208,0,1016957545,5118012,0
1.02464,1,1019525551,5118012,0
1.02719,0,1022075557,5118012,0
1.02976,1,1024643563,5118012,0
1.03231,0,1027193569,5118012,0
1.03519,1,1029761575,5431012,0
1.03774,0,1032311581,5431012,0
1.04031,1,1035192587,5118012,0
1.04286,0,1037742593,5118012,0
1.04543,1,1040310599,5118012,0
1.04798,0,1042860605,5118012,0
1.05055,1,1045428611,5118012,0
1.0531,0,1047978617,5118012,0
1.05566,1,1050546623,5118012,0
1.05821,0,1053096629,5118012,0
1.06078,1,1055664635,5118012,0
1.06333,0,1058214641,5118012,0
1.0659,1,1060782647,5118012,0
1.06845,0,1063332653,5118012,0
1.07102,1,1065900659,5118012,0
1.07357,0,1068450665,5118012,0
1.07614,1,1071018671,5118012,0
1.07869,0,1073568677,5118012,0
1.08125,1,1076136683,5118012,0
1.0838,0,1078686689,5118012,0
1.08637,1,1081254695,5118012,0
1.08892,0,1083804701,5118012,0
1.09149,1,1086372707,5118012,0
1.09404,0,1088922713,5118012,0
1.09661,1,1091490719,5118012,0
1.09916,0,1094040725,5118012,0
1.10173,1,1096608731,5118012,0
1.10459,0,1099158737,5431012,0
1.10716,1,1101726743,5431012,0
1.10971,0,1104589749,5118012,0
1.11228,1,1107157755,5118012,0
1.11483,0,1109707761,5118012,0
1.11739,1,1112275767,5118012,0
1.11994,0,1114825773,5118012,0
1.12251,1,1117393779,5118012,0
1.12506,0,1119943785,5118012,0
1.12763,1,1122511791,5118012,0
1.13018,0,1125061797,5118012,0
1.13275,1,1127629803,5118012,0
1.13561,0,1130179809,5431012,0
1.13818,1,1132747815,5431012,0
1.14073,0,1135610821,5118012,0
1.1433,1,1138178827,5118012,0
1.14585,0,1140728833,5118012,0
1.14841,1,1143296839,5118012,0
1.15096,0,1145846845,5118012,0
1.15353,1,1148414851,5118012,0
1.15608,0,1150964857,5118012,0
1.15865,1,1153532863,5118012,0
1.1612,0,1156082869,5118012,0
1.16377,1,1158650875,5118012,0
1.16632,0,1161200881,5118012,0
1.16889,1,1163768887,5118012,0
1.17144,0,1166318893,5118012,0
1.174,1,1168886899,5118012,0
1.17655,0,1171436905,5118012,0
1.17912,1,1174004911,5118012,0
1.18167,0,1176554917,5118012,0
1.18424,1,1179122923,5118012,0
1.18679,0,1181672929,5118012,0
1.18936,1,1184240935,5118012,0
1.19191,0,1186790941,5118012,0
1.19448,1,1189358947,5118012,0
1.19703,0,1191908953,5118012,0
1.19959,1,1194476959,5118012,0
1.20214,0,1197026965,5118012,0
1.20471,1,1199594971,5118012,0
1.20758,0,1202144977,5431012,0
1.21014,1,1204712983,5431012,0
1.21269,0,1207575989,5118012,0
1.21526,1,1210143995,5118012,0
1.21781,0,1212694001,5118012,0
1.22038,1,1215262007,5118012,0
1.22293,0,1217812013,5118012,0
1.2255,1,1220380019,5118012,0
1.22805,0,1222930025,5118012,0
1.23062,1,1225498031,5118012,0
1.23317,0,1228048037,5118012,0
1.23573,1,1230616043,5118012,0
1.2386,0,1233166049,5431012,0
1.24117,1,1235734055,5431012,0
1.24372,0,1238597061,5118012,0
1.24628,1,1241165067,5118012,0
1.24883,0,1243715073,5118012,0
1.2514,1,1246283079,5118012,0
1.25395,0,1248833085,5118012,0
1.25652,1,1251401091,5118012,0
1.25907,0,1253951097,5118012,0
1.26164,1,1256519103,5118012,0
1.26419,0,1259069109,5118012,0
1.26676,1,1261637115,5118012,0
1.26931,0,1264187121,5118012,0
1.27187,1,1266755127,5118012,0
1.27442,0,1269305133,5118012,0
1.27699,1,1271873139,5118012,0
1.27954,0,1274423145,5118012,0
1.28211,1,1276991151,5118012,0
1.28466,0,1279541157,5118012,0
1.28723,1,1282109163,5118012,0
1.28978,0,1284659169,5118012,0
1.29235,1,1287227175,5118012,0
1.2949,0,1289777181,5118012,0
1.29746,1,1292345187,5118012,0
1.30001,0,1294895193,5118012,0
1.30258,1,1297463199,5118012,0
1.30513,0,1300013205,5118012,0
1.3077,1,1302581211,5118012,0
1.31056,0,1305131217,5431012,0
1.31313,1,1307699223,5431012,0
1.31568,0,1310562229,5118012,0
1.31825,1,1313130235,5118012,0
1.3208,0,1315680241,5118012,0
1.32337,1,1318248247,5118012,0
1.32592,0,1320798253,5118012,0
1.32848,1,1323366259,5118012,0
1.33103,0,1325916265,5118012,0
1.3336,1,1328484271,5118012,0
1.33615,0,1331034277,5118012,0
1.33872,1,1333602283,5118012,0
1.34158,0,1336152289,5431012,0
1.34415,1,1338720295,5431012,0
1.3467,0,1341583301,5118012,0
1.34927,1,1344151307,5118012,0
1.35182,0,1346701313,5118012,0
1.35439,1,1349269319,5118012,0
1.35694,0,1351819325,5118012,0
1.35951,1,1354387331,5118012,0
1.36206,0,1356937337,5118012,0
1.36462,1,1359505343,5118012,0
1.36717,0,1362055349,5118012,0
1.36974,1,1364623355,5118012,0
1.37229,0,1367173361,5118012,0
1.37486,1,1369741367,5118012,0
1.37741,0,1372291373,5118012,0
1.37998,1,1374859379,5118012,0
1.38253,0,1377409385,5118012,0
1.3851,1,1379977391,5118012,0
1.38765,0,1382527397,5118012,0
1.39021,1,1385095403,5118012,0
1.39276,0,1387645409,5118012,0
1.39533,1,1390213415,5118012,0
1.39788,0,1392763421,5118012,0
1.40045,1,1395331427,5118012,0
1.403,0,1397881433,5118012,0
1.40557,1,1400449439,5118012,0
1.40812,0,1402999445,5118012,0
1.41069,1,1405567451,5118012,0
1.41355,0,1408117457,5431012,0
1.41612,1,1410685463,5431012,0
1.41867,0,1413548469,5118012,0
1.42123,1,1416116475,5118012,0
1.42378,0,1418666481,5118012,0
1.42635,1,1421234487,5118012,0
1.4289,0,1423784493,5118012,0
1.43147,1,1426352499,5118012,0
1.43402,0,1428902505,5118012,0
1.43659,1,1431470511,5118012,0
1.43914,0,1434020517,5118012,0
1.44171,1,1436588523,5118012,0
1.44457,0,1439138529,5431012,0
1.44714,1,1441706535,5431012,0
1.44969,0,1444569541,5118012,0
1.45226,1,1447137547,5118012,0
1.45481,0,1449687553,5118012,0
1.45737,1,1452255559,5118012,0
1.45992,0,1454805565,5118012,0
1.46249,1,1457373571,5118012,0
1.46504,0,1459923577,5118012,0
1.46761,1,1462491583,5118012,0
1.47016,0,1465041589,5118012,0
1.47273,1,1467609595,5118012,0
1.47528,0,1470159601,5118012,0
1.47785,1,1472727607,5118012,0
1.4804,0,1475277613,5118012,0
1.48296,1,1477845619,5118012,0
1.48551,0,1480395625,5118012,0
1.48808,1,1482963631,5118012,0
1.49063,0,1485513637,5118012,0
1.4932,1,1488081643,5118012,0
1.49575,0,1490631649,5118012,0
1.49832,1,1493199655,5118012,0
1.50087,0,1495749661,5118012,0
1.50344,1,1498317667,5118012,0
1.50599,0,1500867673,5118012,0
1.50855,1,1503435679,5118012,0
1.5111,0,1505985685,5118012,0
1.51398,1,1508553691,5431012,0
1.51653,0,1511103697,5431012,0
1.5191,1,1513984703,5118012,0
1.52165,0,1516534709,5118012,0
1.52422,1,1519102715,5118012,0
1.52677,0,1521652721,5118012,0
1.52934,1,1524220727,5118012,0
1.53189,0,1526770733,5118012,0
1.53446,1,1529338739,5118012,0
1.53701,0,1531888745,5118012,0
1.53957,1,1534456751,5118012,0
1.54212,0,1537006757,5118012,0
1.54719,0,1542124769,5062006,0
1.54975,1,1539574763,10180018,0
1.5523,0,1547186775,5118012,0
1.55487,1,1549754781,5118012,0
1.55742,0,1552304787,5118012,0
1.55999,1,1554872793,5118012,0
1.56254,0,1557422799,5118012,0
1.56511,1,1559990805,5118012,0
1.56766,0,1562540811,5118012,0
1.57023,1,1565108817,5118012,0
1.57278,0,1567658823,5118012,0
1.57534,1,1570226829,5118012,0
1.57789,0,1572776835,5118012,0
1.58046,1,1575344841,5118012,0
1.58301,0,1577894847,5118012,0
1.58558,1,1580462853,5118012,0
1.58813,0,1583012859,5118012,0
1.5907,1,1585580865,5118012,0
1.59325,0,1588130871,5118012,0
1.59582,1,1590698877,5118012,0
1.59837,0,1593248883,5118012,0
1.60093,1,1595816889,5118012,0
1.60348,0,1598366895,5118012,0
1.60605,1,1600934901,5118012,0
1.6086,0,1603484907,5118012,0
1.61117,1,1606052913,5118012,0
1.61372,0,1608602919,5118012,0
1.6166,1,1611170925,5431012,0
1.61915,0,1613720931,5431012,0
1.62172,1,1616601937,5118012,0
1.62427,0,1619151943,5118012,0
1.62684,1,1621719949,5118012,0
1.62939,0,1624269955,5118012,0
1.63196,1,1626837961,5118012,0
1.63451,0,1629387967,5118012,0
1.63707,1,1631955973,5118012,0
1.63962,0,1634505979,5118012,0
1.64219,1,1637073985,5118012,0
1.64474,0,1639623991,5118012,0
1.64762,1,1642191997,5431012,0
1.65017,0,1644742003,5431012,0
1.65274,1,1647623009,5118012,0
1.65529,0,1650173015,5118012,0
1.65786,1,1652741021,5118012,0
1.66041,0,1655291027,5118012,0
1.66298,1,1657859033,5118012,0
1.66553,0,1660409039,5118012,0
1.6681,1,1662977045,5118012,0
1.67065,0,1665527051,5118012,0
1.67321,1,1668095057,5118012,0
1.67576,0,1670645063,5118012,0
1.67833,1,1673213069,5118012,0
1.68088,0,1675763075,5118012,0
1.68345,1,1678331081,5118012,0
1.686,0,1680881087,5118012,0
1.68857,1,1683449093,5118012,0
1.69112,0,1685999099,5118012,0
1.69369,1,1688567105,5118012,0
1.69624,0,1691117111,5118012,0
1.6988,1,1693685117,5118012,0
1.70135,0,1696235123,5118012,0
1.70392,1,1698803129,5118012,0
1.70647,0,1701353135,5118012,0
1.70904,1,1703921141,5118012,0
1.71159,0,1706471147,5118012,0
1.71416,1,1709039153,5118012,0
1.71671,0,1711589159,5118012,0
1.71959,1,1714157165,5431012,0
1.72214,0,1716707171,5431012,0
1.72471,1,1719588177,5118012,0
1.72726,0,1722138183,5118012,0
1.72982,1,1724706189,5118012,0
1.73237,0,1727256195,5118012,0
1.73494,1,1729824201,5118012,0
1.73749,0,1732374207,5118012,0
1.74006,1,1734942213,5118012,0
1.74261,0,1737492219,5118012,0
1.74518,1,1740060225,5118012,0
1.74773,0,1742610231,5118012,0
1.75061,1,1745178237,5431012,0
1.75316,0,1747728243,5431012,0
1.75573,1,1750609249,5118012,0
1.75828,0,1753159255,5118012,0
1.76085,1,1755727261,5118012,0
1.7634,0,1758277267,5118012,0
1.76596,1,1760845273,5118012,0
1.76851,0,1763395279,5118012,0
1.77108,1,1765963285,5118012,0
1.77363,0,1768513291,5118012,0
1.7762,1,1771081297,5118012,0
1.77875,0,1773631303,5118012,0
1.78132,1,1776199309,5118012,0
1.78387,0,1778749315,5118012,0
1.78644,1,1781317321,5118012,0
1.78899,0,1783867327,5118012,0
1.79155,1,1786435333,5118012,0
1.7941,0,1788985339,5118012,0
1.79667,1,1791553345,5118012,0
1.79922,0,1794103351,5118012,0
1.80179,1,1796671357,5118012,0
1.80434,0,1799221363,5118012,0
1.80691,1,1801789369,5118012,0
1.80946,0,1804339375,5118012,0
1.81203,1,1806907381,5118012,0
1.81458,0,1809457387,5118012,0
1.81714,1,1812025393,5118012,0
1.81969,0,1814575399,5118012,0
1.82257,1,1817143405,5431012,0
1.82512,0,1819693411,5431012,0
1.82769,1,1822574417,5118012,0
1.83024,0,1825124423,5118012,0
1.83281,1,1827692429,5118012,0
1.83536,0,1830242435,5118012,0
1.83793,1,1832810441,5118012,0
1.84048,0,1835360447,5118012,0
1.84305,1,1837928453,5118012,0
1.8456,0,1840478459,5118012,0
1.84816,1,1843046465,5118012,0
1.85071,0,1845596471,5118012,0
1.8536,1,1848164477,5431012,0
1.85615,0,1850714483,5431012,0
1.85871,1,1853595489,5118012,0
1.86126,0,1856145495,5118012,0
1.86383,1,1858713501,5118012,0
1.86638,0,1861263507,5118012,0
1.86895,1,1863831513,5118012,0
1.8715,0,1866381519,5118012,0
1.87407,1,1868949525,5118012,0
1.87662,0,1871499531,5118012,0
1.87919,1,1874067537,5118012,0
1.88174,0,1876617543,5118012,0
1.8843,1,1879185549,5118012,0
1.88685,0,1881735555,5118012,0
1.88942,1,1884303561,5118012,0
1.89197,0,1886853567,5118012,0
1.89454,1,1889421573,5118012,0
1.89709,0,1891971579,5118012,0
1.89966,1,1894539585,5118012,0
1.90221,0,1897089591,5118012,0
1.90478,1,1899657597,5118012,0
1.90733,0,1902207603,5118012,0
1.90989,1,1904775609,5118012,0
1.91244,0,1907325615,5118012,0
1.91501,1,1909893621,5118012,0
1.91756,0,1912443627,5118012,0
1.92013,1,1915011633,5118012,0
1.92268,0,1917561639,5118012,0
1.92556,1,1920129645,5431012,0
1.92811,0,1922679651,5431012,0
1.93068,1,1925560657,5118012,0
1.93323,0,1928110663,5118012,0
1.9358,1,1930678669,5118012,0
1.93835,0,1933228675,5118012,0
1.94091,1,1935796681,5118012,0
1.94346,0,1938346687,5118012,0
1.94603,1,1940914693,5118012,0
1.94858,0,1943464699,5118012,0
1.95115,1,1946032705,5118012,0
1.9537,0,1948582711,5118012,0
1.95658,1,1951150717,5431012,0
1.95913,0,1953700723,5431012,0
1.9617,1,1956581729,5118012,0
1.96425,0,1959131735,5118012,0
1.96682,1,1961699741,5118012,0
1.96937,0,1964249747,5118012,0
1.97194,1,1966817753,5118012,0
1.97449,0,1969367759,5118012,0
1.97705,1,1971935765,5118012,0
1.9796,0,1974485771,5118012,0
1.98217,1,1977053777,5118012,0
1.98472,0,1979603783,5118012,0
1.98729,1,1982171789,5118012,0
1.98984,0,1984721795,5118012,0
1.99241,1,1987289801,5118012,0
1.99496,0,1989839807,5118012,0
1.99753,1,1992407813,5118012,0
2.00008,0,1994957819,5118012,0
2.00025,2,2000077333,177504,0
2.00298,1,1997525825,5458018,0
2.00552,2,2000254837,5270012,0
2.00805,0,2000075831,7972024,0
2.01064,1,2002983843,7659018,0
2.01317,2,2005524849,7650018,0
2.01572,0,2008047855,7677018,0
2.01829,1,2010642861,7650018,0
2.02082,2,2013174867,7650018,0
2.02337,0,2015724873,7650018,0
2.02626,1,2018292879,7963018,0
2.02879,2,2020824885,7963018,0
2.03134,0,2023374891,7963018,0
2.03391,1,2026255897,7650018,0
2.03644,2,2028787903,7650018,0
2.03899,0,2031337909,7650018,0
2.04156,1,2033905915,7650018,0
2.04409,2,2036437921,7650018,0
2.04664,0,2038987927,7650018,0
2.04921,1,2041555933,7650018,0
2.05174,2,2044087939,7650018,0
2.05429,0,2046637945,7650018,0
2.05717,1,2049205951,7963018,0
2.0597,2,2051737957,7963018,0
2.06225,0,2054287963,7963018,0
2.06482,1,2057168969,7650018,0
2.06735,2,2059700975,7650018,0
2.0699,0,2062250981,7650018,0
2.07247,1,2064818987,7650018,0
2.075,2,2067350993,7650018,0
2.07755,0,2069900999,7650018,0
2.08012,1,2072469005,7650018,0
2.08265,2,2075001011,7650018,0
2.0852,0,2077551017,7650018,0
2.08777,1,2080119023,7650018,0
2.0903,2,2082651029,7650018,0
2.09285,0,2085201035,7650018,0
2.09542,1,2087769041,7650018,0
2.09795,2,2090301047,7650018,0
2.1005,0,2092851053,7650018,0
2.10307,1,2095419059,7650018,0
2.1056,2,2097951065,7650018,0
2.10815,0,2100501071,7650018,0
2.11072,1,2103069077,7650018,0
2.11325,2,2105601083,7650018,0
2.1158,0,2108151089,7650018,0
2.11837,1,2110719095,7650018,0
2.1209,2,2113251101,7650018,0
2.12345,0,2115801107,7650018,0
2.12602,1,2118369113,7650018,0
2.12886,2,2120901119,7963018,0
2.13141,0,2123451125,7963018,0
2.13398,1,2126019131,7963018,0
2.13651,2,2128864137,7650018,0
2.13906,0,2131414143,7650018,0
2.14163,1,2133982149,7650018,0
2.14416,2,2136514155,7650018,0
2.14671,0,2139064161,7650018,0
2.14928,1,2141632167,7650018,0
2.15181,2,2144164173,7650018,0
2.15436,0,2146714179,7650018,0
2.15693,1,2149282185,7650018,0
2.15978,2,2151814191,7963018,0
2.16233,0,2154364197,7963018,0
2.1649,1,2156932203,7963018,0
2.16743,2,2159777209,7650018,0
2.16998,0,2162327215,7650018,0
2.17255,1,2164895221,7650018,0
2.17508,2,2167427227,7650018,0
2.17763,0,2169977233,7650018,0
2.1802,1,2172545239,7650018,0
2.18273,2,2175077245,7650018,0
2.18528,0,2177627251,7650018,0
2.18785,1,2180195257,7650018,0
2.19038,2,2182727263,7650018,0
2.19293,0,2185277269,7650018,0
2.1955,1,2187845275,7650018,0
2.19803,2,2190377281,7650018,0
2.20058,0,2192927287,7650018,0
2.20315,1,2195495293,7650018,0
2.20568,2,2198027299,7650018,0
2.20823,0,2200577305,7650018,0
2.2108,1,2203145311,7650018,0
2.21333,2,2205677317,7650018,0
2.21588,0,2208227323,7650018,0
2.21845,1,2210795329,7650018,0
2.22098,2,2213327335,7650018,0
2.22353,0,2215877341,7650018,0
2.2261,1,2218445347,7650018,0
2.22863,2,2220977353,7650018,0
2.23149,0,2223527359,7963018,0
2.23406,1,2226095365,7963018,0
2.23659,2,2228627371,7963018,0
2.23914,0,2231490377,7650018,0
2.24171,1,2234058383,7650018,0
2.24424,2,2236590389,7650018,0
2.24679,0,2239140395,7650018,0
2.24936,1,2241708401,7650018,0
2.25189,2,2244240407,7650018,0
2.25444,0,2246790413,7650018,0
2.25701,1,2249358419,7650018,0
2.25954,2,2251890425,7650018,0
2.2624,0,2254440431,7963018,0
2.26497,1,2257008437,7963018,0
2.2675,2,2259540443,7963018,0
2.27005,0,2262403449,7650018,0
2.27262,1,2264971455,7650018,0
2.27515,2,2267503461,7650018,0
2.2777,0,2270053467,7650018,0
2.28027,1,2272621473,7650018,0
2.2828,2,2275153479,7650018,0
2.28535,0,2277703485,7650018,0
2.28792,1,2280271491,7650018,0
2.29045,2,2282803497,7650018,0
2.293,0,2285353503,7650018,0
2.29557,1,2287921509,7650018,0
2.2981,2,2290453515,7650018,0
2.30065,0,2293003521,7650018,0
2.30322,1,2295571527,7650018,0
2.30575,2,2298103533,7650018,0
2.3083,0,2300653539,7650018,0
2.31087,1,2303221545,7650018,0
2.3134,2,2305753551,7650018,0
2.31595,0,2308303557,7650018,0
2.31852,1,2310871563,7650018,0
2.32105,2,2313403569,7650018,0
2.3236,0,2315953575,7650018,0
2.32617,1,2318521581,7650018,0
2.3287,2,2321053587,7650018,0
2.33125,0,2323603593,7650018,0
2.33413,1,2326171599,7963018,0
2.33667,2,2328703605,7963018,0
2.33922,0,2331253611,7963018,0
2.34178,1,2334134617,7650018,0
2.34432,2,2336666623,7650018,0
2.34687,0,2339216629,7650018,0
2.34943,1,2341784635,7650018,0
2.35197,2,2344316641,7650018,0
2.35452,0,2346866647,7650018,0
2.35708,1,2349434653,7650018,0
2.35962,2,2351966659,7650018,0
2.36217,0,2354516665,7650018,0
2.36505,1,2357084671,7963018,0
2.36758,2,2359616677,7963018,0
2.37013,0,2362166683,7963018,0
2.3727,1,2365047689,7650018,0
2.37523,2,2367579695,7650018,0
2.37778,0,2370129701,7650018,0
2.38035,1,2372697707,7650018,0
2.38288,2,2375229713,7650018,0
2.38543,0,2377779719,7650018,0
2.388,1,2380347725,7650018,0
2.39053,2,2382879731,7650018,0
2.39308,0,2385429737,7650018,0
2.39565,1,2387997743,7650018,0
2.39818,2,2390529749,7650018,0
2.40073,0,2393079755,7650018,0
2.4033,1,2395647761,7650018,0
2.40583,2,2398179767,7650018,0
2.40838,0,2400729773,7650018,0
2.41095,1,2403297779,7650018,0
2.41348,2,2405829785,7650018,0
2.41603,0,2408379791,7650018,0
2.4186,1,2410947797,7650018,0
2.42113,2,2413479803,7650018,0
2.42368,0,2416029809,7650018,0
2.42625,1,2418597815,7650018,0
2.42878,2,2421129821,7650018,0
2.43133,0,2423679827,7650018,0
2.4339,1,2426247833,7650018,0
2.43674,2,2428779839,7963018,0
2.43929,0,2431329845,7963018,0
2.44186,1,2433897851,7963018,0
2.44439,2,2436742857,7650018,0
2.44694,0,2439292863,7650018,0
2.44951,1,2441860869,7650018,0
2.45204,2,2444392875,7650018,0
2.45459,0,2446942881,7650018,0
2.45716,1,2449510887,7650018,0
2.45969,2,2452042893,7650018,0
2.46224,0,2454592899,7650018,0
2.46481,1,2457160905,7650018,0
2.46766,2,2459692911,7963018,0
2.47021,0,2462242917,7963018,0
2.47277,1,2464810923,7963018,0
2.47531,2,2467655929,7650018,0
2.47786,0,2470205935,7650018,0
2.48042,1,2472773941,7650018,0
2.48296,2,2475305947,7650018,0
2.48551,0,2477855953,7650018,0
2.48807,1,2480423959,7650018,0
2.49061,2,2482955965,7650018,0
2.49316,0,2485505971,7650018,0
2.49572,1,2488073977,7650018,0
2.49826,2,2490605983,7650018,0
2.50081,0,2493155989,7650018,0
2.50337,1,2495723995,7650018,0
2.50591,2,2498256001,7650018,0
2.50846,0,2500806007,7650018,0
2.51102,1,2503374013,7650018,0
2.51356,2,2505906019,7650018,0
2.51611,0,2508456025,7650018,0
2.51867,1,2511024031,7650018,0
2.52121,2,2513556037,7650018,0
2.52376,0,2516106043,7650018,0
2.52632,1,2518674049,7650018,0
2.52886,2,2521206055,7650018,0
2.53141,0,2523756061,7650018,0
2.53397,1,2526324067,7650018,0
2.53651,2,2528856073,7650018,0
2.53937,0,2531406079,7963018,0
2.54194,1,2533974085,7963018,0
2.54447,2,2536506091,7963018,0
2.54702,0,2539369097,7650018,0
2.54959,1,2541937103,7650018,0
2.55212,2,2544469109,7650018,0
2.55467,0,2547019115,7650018,0
2.55724,1,2549587121,7650018,0
2.55977,2,2552119127,7650018,0
2.56232,0,2554669133,7650018,0
2.56489,1,2557237139,7650018,0
2.56742,2,2559769145,7650018,0
2.57028,0,2562319151,7963018,0
2.57285,1,2564887157,7963018,0
2.57538,2,2567419163,7963018,0
2.57793,0,2570282169,7650018,0
2.5805,1,2572850175,7650018,0
2.58303,2,2575382181,7650018,0
2.58558,0,2577932187,7650018,0
2.58815,1,2580500193,7650018,0
2.59068,2,2583032199,7650018,0
2.59323,0,2585582205,7650018,0
2.5958,1,2588150211,7650018,0
2.59833,2,2590682217,7650018,0
2.60088,0,2593232223,7650018,0
2.60345,1,2595800229,7650018,0
2.60598,2,2598332235,7650018,0
2.60853,0,2600882241,7650018,0
2.6111,1,2603450247,7650018,0
2.61363,2,2605982253,7650018,0
2.61618,0,2608532259,7650018,0
2.61875,1,2611100265,7650018,0
2.62128,2,2613632271,7650018,0
2.62383,0,2616182277,7650018,0
2.6264,1,2618750283,7650018,0
2.62893,2,2621282289,7650018,0
2.63148,0,2623832295,7650018,0
2.63405,1,2626400301,7650018,0
2.63658,2,2628932307,7650018,0
2.63913,0,2631482313,7650018,0
2.64201,1,2634050319,7963018,0
2.64455,2,2636582325,7963018,0
2.6471,0,2639132331,7963018,0
2.64966,1,2642013337,7650018,0
2.6522,2,2644545343,7650018,0
2.65475,0,2647095349,7650018,0
2.65731,1,2649663355,7650018,0
2.65985,2,2652195361,7650018,0
2.6624,0,2654745367,7650018,0
2.66496,1,2657313373,7650018,0
2.6675,2,2659845379,7650018,0
2.67005,0,2662395385,7650018,0
2.67293,1,2664963391,7963018,0
2.67546,2,2667495397,7963018,0
2.67801,0,2670045403,7963018,0
2.68058,1,2672926409,7650018,0
2.68311,2,2675458415,7650018,0
2.68566,0,2678008421,7650018,0
2.68823,1,2680576427,7650018,0
2.69076,2,2683108433,7650018,0
2.69331,0,2685658439,7650018,0
2.69588,1,2688226445,7650018,0
2.69841,2,2690758451,7650018,0
2.70096,0,2693308457,7650018,0
2.70353,1,2695876463,7650018,0
2.70606,2,2698408469,7650018,0
2.70861,0,2700958475,7650018,0
2.71118,1,2703526481,7650018,0
2.71371,2,2706058487,7650018,0
2.71626,0,2708608493,7650018,0
2.71883,1,2711176499,7650018,0
2.72136,2,2713708505,7650018,0
2.72391,0,2716258511,7650018,0
2.72648,1,2718826517,7650018,0
2.72901,2,2721358523,7650018,0
2.73156,0,2723908529,7650018,0
2.73413,1,2726476535,7650018,0
2.73666,2,2729008541,7650018,0
2.73921,0,2731558547,7650018,0
2.74178,1,2734126553,7650018,0
2.74462,2,2736658559,7963018,0
2.74717,0,2739208565,7963018,0
2.74974,1,2741776571,7963018,0
2.75227,2,2744621577,7650018,0
2.75482,0,2747171583,7650018,0
2.75739,1,2749739589,7650018,0
2.75992,2,2752271595,7650018,0
2.76247,0,2754821601,7650018,0
2.76504,1,2757389607,7650018,0
2.76757,2,2759921613,7650018,0
2.77012,0,2762471619,7650018,0
2.77269,1,2765039625,7650018,0
2.77553,2,2767571631,7963018,0
2.77808,0,2770121637,7963018,0
2.78065,1,2772689643,7963018,0
2.78318,2,2775534649,7650018,0
2.78573,0,2778084655,7650018,0
2.7883,1,2780652661,7650018,0
2.79083,2,2783184667,7650018,0
2.79338,0,2785734673,7650018,0
2.79595,1,2788302679,7650018,0
2.79848,2,2790834685,7650018,0
2.80103,0,2793384691,7650018,0
2.8036,1,2795952697,7650018,0
2.80613,2,2798484703,7650018,0
2.80868,0,2801034709,7650018,0
2.81125,1,2803602715,7650018,0
2.81378,2,2806134721,7650018,0
2.81633,0,2808684727,7650018,0
2.8189,1,2811252733,7650018,0
2.82143,2,2813784739,7650018,0
2.82398,0,2816334745,7650018,0
2.82655,1,2818902751,7650018,0
2.82908,2,2821434757,7650018,0
2.83163,0,2823984763,7650018,0
2.8342,1,2826552769,7650018,0
2.83673,2,2829084775,7650018,0
2.83928,0,2831634781,7650018,0
2.84185,1,2834202787,7650018,0
2.84438,2,2836734793,7650018,0
2.84725,0,2839284799,7963018,0
2.84982,1,2841852805,7963018,0
2.85235,2,2844384811,7963018,0
2.8549,0,2847247817,7650018,0
2.85747,1,2849815823,7650018,0
2.86,2,2852347829,7650018,0
2.86255,0,2854897835,7650018,0
2.86512,1,2857465841,7650018,0
2.86765,2,2859997847,7650018,0
2.8702,0,2862547853,7650018,0
2.87277,1,2865115859,7650018,0
2.8753,2,2867647865,7650018,0
2.87816,0,2870197871,7963018,0
2.88073,1,2872765877,7963018,0
2.88326,2,2875297883,7963018,0
2.88581,0,2878160889,7650018,0
2.88838,1,2880728895,7650018,0
2.89091,2,2883260901,7650018,0
2.89346,0,2885810907,7650018,0
2.89603,1,2888378913,7650018,0
2.89856,2,2890910919,7650018,0
2.90111,0,2893460925,7650018,0
2.90368,1,2896028931,7650018,0
2.90621,2,2898560937,7650018,0
2.90876,0,2901110943,7650018,0
2.91133,1,2903678949,7650018,0
2.91386,2,2906210955,7650018,0
2.91641,0,2908760961,7650018,0
2.91898,1,2911328967,7650018,0
2.92151,2,2913860973,7650018,0
2.92406,0,2916410979,7650018,0
2.92663,1,2918978985,7650018,0
2.92916,2,2921510991,7650018,0
2.93171,0,2924060997,7650018,0
2.93428,1,2926629003,7650018,0
2.93681,2,2929161009,7650018,0
2.93936,0,2931711015,7650018,0
2.94193,1,2934279021,7650018,0
2.94446,2,2936811027,7650018,0
2.94732,0,2939361033,7963018,0
2.94989,1,2941929039,7963018,0
2.95242,2,2944461045,7963018,0
2.95497,0,2947324051,7650018,0
2.95754,1,2949892057,7650018,0
2.96007,2,2952424063,7650018,0
2.96262,0,2954974069,7650018,0
2.96519,1,2957542075,7650018,0
2.96772,2,2960074081,7650018,0
2.97027,0,2962624087,7650018,0
2.97284,1,2965192093,7650018,0
2.97537,2,2967724099,7650018,0
2.97792,0,2970274105,7650018,0
2.98081,1,2972842111,7963018,0
2.98334,2,2975374117,7963018,0
2.98589,0,2977924123,7963018,0
2.98846,1,2980805129,7650018,0
2.99099,2,2983337135,7650018,0
2.99354,0,2985887141,7650018,0
2.99611,1,2988455147,7650018,0
2.99864,2,2990987153,7650018,0
3.00119,0,2993537159,7650018,0
3.00907,0,3001187177,7878012,0
3.01166,1,2996105165,15555030,0
3.01419,2,2998637171,15555030,0
3.01926,0,3009065189,10191024,0
3.0243,2,3014192201,10108018,0
3.02686,0,3019256213,7603012,0
3.02943,1,3011660195,17767036,0
3.03196,2,3024300219,7659018,0
3.03451,0,3026859225,7650018,0
3.03708,1,3029427231,7650018,0
3.03961,2,3031959237,7650018,0
3.04467,0,3034509243,10164024,0
3.04724,1,3037077249,10164024,0
3.05009,2,3039609255,10477024,0
3.05516,0,3044673267,10486024,0
3.06024,1,3047241273,13000030,0
3.06277,2,3050086279,12687030,0
3.06533,0,3055159291,10173024,0
3.07043,1,3060241303,10191024,0
3.07296,2,3062773309,10191024,0
3.07551,0,3065332315,10173024,0
3.08343,1,3070432327,13000030,0
3.08596,2,3072964333,13000030,0
3.09608,1,3083432357,12649024,0
3.09861,2,3085964363,12649024,0
3.10115,0,3075505339,25649054,0
3.10627,1,3096081381,10191024,0
3.11132,2,3098613387,12705030,0
3.11639,1,3106272405,10117018,0
3.11894,2,3111318417,7621012,0
3.12148,0,3101154393,20326042,0
3.12908,1,3116389423,12687030,0
3.13162,2,3118939429,12678030,0
3.13416,0,3121480435,12678030,0
3.13927,1,3129076453,10191024,0
3.14181,2,3131617459,10191024,0
3.14938,1,3139267477,10117018,0
3.15474,0,3134158465,20583036,0
3.1573,1,3149384495,7916012,0
3.15984,2,3141808483,18033030,0
3.16239,0,3154741501,7650018,0
3.16495,1,3157300507,7650018,0
3.16749,2,3159841513,7650018,0
3.17004,0,3162391519,7650018,0
3.1726,1,3164950525,7650018,0
3.17514,2,3167491531,7650018,0
3.17769,0,3170041537,7650018,0
3.18274,2,3175141549,7594012,0
3.1856,0,3177691555,7907012,0
3.18816,1,3172600543,15557030,0
3.1907,2,3182735561,7963018,0
3.19325,0,3185598567,7650018,0
3.19581,1,3188157573,7650018,0
3.19835,2,3190698579,7650018,0
3.2009,0,3193248585,7650018,0
3.20346,1,3195807591,7650018,0
3.206,2,3198348597,7650018,0
3.20855,0,3200898603,7650018,0
3.21111,1,3203457609,7650018,0
3.21365,2,3205998615,7650018,0
3.2162,0,3208548621,7650018,0
3.21876,1,3211107627,7650018,0
3.2213,2,3213648633,7650018,0
3.22385,0,3216198639,7650018,0
3.22641,1,3218757645,7650018,0
3.22895,2,3221298651,7650018,0
3.2315,0,3223848657,7650018,0
3.23406,1,3226407663,7650018,0
3.2366,2,3228948669,7650018,0
3.23915,0,3231498675,7650018,0
3.24171,1,3234057681,7650018,0
3.24425,2,3236598687,7650018,0
3.2468,0,3239148693,7650018,0
3.25467,2,3244248705,10421024,0
3.25722,0,3246798711,10421024,0
3.26479,2,3254669729,10117018,0
3.26985,0,3257219735,12631024,0
3.27242,1,3241707699,30711066,0
3.27496,2,3264786747,10173024,0
3.28002,1,3272418765,7603012,0
3.28256,2,3274959771,7603012,0
3.28795,0,3269850759,18098036,0
3.29301,1,3280021777,12991030,0
3.29555,2,3282562783,12991030,0
3.30064,0,3287948795,12687030,0
3.3032,1,3293012807,10191024,0
3.30574,2,3295553813,10191024,0
3.31583,1,3303203831,12631024,0
3.31838,2,3305744837,12631024,0
3.32348,0,3300635825,22840048,0
3.32603,1,3315834855,10191024,0
3.32857,2,3318375861,10191024,0
3.33113,0,3323475873,7659018,0
3.33868,2,3328566885,10117018,0
3.34124,0,3331134891,10108018,0
3.3438,1,3326025879,17776036,0
3.34634,2,3338683903,7659018,0
3.3489,0,3341242909,7659018,0
3.35145,1,3343801915,7650018,0
3.35399,2,3346342921,7650018,0
3.35938,0,3348901927,10482088,0
3.36193,1,3351451933,10482088,0
3.36448,2,3353992939,10482088,0
3.36958,0,3359384015,10191024,0
3.37464,1,3361934021,12705030,0
3.37718,2,3364475027,12705030,0
3.37975,0,3369575039,10173024,0
3.38483,1,3374639051,10191024,0
3.39271,2,3377180057,15532036,0
3.39526,0,3379748063,15514036,0
3.39783,1,3384830075,13000030,0
3.40792,0,3395262099,12658024,0
3.41048,1,3397830105,12649024,0
3.41556,2,3392712093,22849048,0
3.41811,0,3407920123,10191024,0
3.42067,1,3410479129,10191024,0
3.42573,2,3415561141,10173024,0
3.42828,0,3418111147,10173024,0
3.43084,1,3420670153,10173024,0
3.43339,2,3425734165,7659018,0
3.43846,0,3428284171,10173024,0
3.44102,1,3430843177,10173024,0
3.44356,2,3433393183,10164024,0
3.44863,0,3438457195,10173024,0
3.45119,1,3441016201,10173024,0
3.45373,2,3443557207,10173024,0
3.4588,0,3448630219,10173024,0
3.46168,1,3451189225,10486024,0
3.46673,2,3453730231,13000030,0
3.46929,0,3458803243,10486024,0
3.47436,1,3461675249,12687030,0
3.47692,2,3466730261,10191024,0
3.48198,0,3469289267,12687030,0
3.48707,1,3474362279,12705030,0
3.48961,2,3476921285,12687030,0
3.49752,1,3487067309,10448018,0
3.50006,2,3489608315,10448018,0
3.50262,0,3481976297,20639042,0
3.50517,1,3497515327,7659018,0
3.50772,2,3500056333,7659018,0
3.51027,0,3502615339,7650018,0
3.51534,1,3505174345,10164024,0
3.51788,2,3507715351,10164024,0
3.52294,0,3510265357,12678030,0
3.52551,1,3515338369,10173024,0
3.52805,2,3517879375,10173024,0
3.53563,1,3525511393,10117018,0
3.53817,2,3528052399,10117018,0
3.54074,0,3522943387,17794036,0
3.5458,1,3535628411,10173024,0
3.54834,2,3538169417,10173024,0
3.55592,1,3545801435,10117018,0
3.5638,2,3548342441,15458030,0
3.56887,0,3540737423,28136060,0
3.57143,1,3555918453,15514036,0
3.57652,0,3568873483,7648012,0
3.57906,1,3571432489,7630012,0
3.5816,2,3563800471,17803036,0
3.58669,0,3576521495,10164024,0
3.58923,1,3579062501,10164024,0
3.59177,2,3581603507,10164024,0
3.59717,0,3586685519,10486024,0
3.59971,1,3589226525,10486024,0
3.60477,0,3597171543,7603012,0
3.60732,1,3599712549,7603012,0
3.60986,2,3591767531,18089036,0
3.61242,0,3604774555,7650018,0
3.61497,1,3607315561,7650018,0
3.61751,2,3609856567,7650018,0
3.62259,0,3612424573,10164024,0
3.62513,1,3614965579,10164024,0
3.62767,2,3617506585,10164024,0
3.63276,0,3622588597,10173024,0
3.6353,1,3625129603,10173024,0
3.63784,2,3627670609,10173024,0
3.64545,0,3632761621,12687030,0
3.64799,1,3635302627,12687030,0
3.65053,2,3637843633,12687030,0
3.65815,0,3645448651,12705030,0
3.66069,1,3647989657,12705030,0
3.66324,2,3650530663,12705030,0
3.67117,0,3658153681,13018030,0
3.67371,1,3660694687,13018030,0
3.67625,2,3663235693,13018030,0
3.68388,0,3671171711,12705030,0
3.68642,1,3673712717,12705030,0
3.68896,2,3676253723,12705030,0
3.69689,0,3683876741,13018030,0
3.69944,1,3686417747,13018030,0
3.70452,0,3696894771,7621012,0
3.70957,1,3699435777,10135018,0
3.71211,2,3688958753,23153048,0
3.71468,0,3704515783,10164024,0
3.71723,1,3709570795,7659018,0
3.72228,2,3712111801,10173024,0
3.72485,0,3714679807,10173024,0
3.72739,1,3717229813,10164024,0
3.73246,0,3724852831,7603012,0
3.735,1,3727393837,7603012,0
3.73754,2,3722284825,15253030,0
3.74513,0,3732455843,12678030,0
3.74767,1,3734996849,12678030,0
3.75022,2,3737537855,12678030,0
3.75532,0,3745133873,10191024,0
3.75787,1,3747674879,10191024,0
3.76041,2,3750215885,10191024,0
3.7655,0,3755324897,10173024,0
3.76835,1,3757865903,10486024,0
3.77089,2,3760406909,10486024,0
3.7785,0,3765497921,13000030,0
3.78352,2,3770892933,12631024,0
3.78612,0,3778497951,7621012,0
3.78866,1,3768351927,20308042,0
3.7912,2,3783523957,7677018,0
3.79377,0,3786118963,7650018,0
3.79631,1,3788659969,7650018,0
3.80168,2,3791200975,10477024,0
3.80425,0,3793768981,10477024,0
3.80679,1,3796309987,10477024,0
3.81185,2,3801677999,10173024,0
3.81442,0,3804246005,10173024,0
3.81696,1,3806787011,10173024,0
3.82202,2,3811851023,10173024,0
3.82708,1,3816960035,10117018,0
3.82963,2,3822024047,7603012,0
3.8322,0,3814419029,17776036,0
3.83474,1,3827077053,7659018,0
3.83728,2,3829627059,7650018,0
3.84236,0,3832195065,10164024,0
3.8449,1,3834736071,10164024,0
3.84996,0,3842359089,7603012,0
3.8525,1,3844900095,7603012,0
3.85504,2,3837277077,17767036,0
3.8601,1,3852503107,7594012,0
3.86264,2,3855044113,7594012,0
3.86521,0,3849962101,15244030,0
3.86775,1,3860097119,7650018,0
3.8706,2,3862638125,7963018,0
3.87317,0,3865206131,7963018,0
3.87571,1,3867747137,7963018,0
3.87825,2,3870601143,7650018,0
3.88082,0,3873169149,7650018,0
3.88336,1,3875710155,7650018,0
3.8859,2,3878251161,7650018,0
3.88847,0,3880819167,7650018,0
3.8935,2,3885901179,7594012,0
3.89606,0,3888469185,7594012,0
3.8986,1,3883360173,15244030,0
3.90146,2,3893495191,7963018,0
3.90403,0,3896063197,7963018,0
3.90657,1,3898604203,7963018,0
3.90911,2,3901458209,7650018,0
3.91168,0,3904026215,7650018,0
3.91422,1,3906567221,7650018,0
3.91676,2,3909108227,7650018,0
3.91933,0,3911676233,7650018,0
3.92187,1,3914217239,7650018,0
3.92441,2,3916758245,7650018,0
3.92698,0,3919326251,7650018,0
3.92952,1,3921867257,7650018,0
3.93206,2,3924408263,7650018,0
3.93463,0,3926976269,7650018,0
3.93717,1,3929517275,7650018,0
3.93971,2,3932058281,7650018,0
3.94228,0,3934626287,7650018,0
3.94482,1,3937167293,7650018,0
3.94736,2,3939708299,7650018,0
3.94993,0,3942276305,7650018,0
3.95247,1,3944817311,7650018,0
3.95501,2,3947358317,7650018,0
3.95758,0,3949926323,7650018,0
3.96012,1,3952467329,7650018,0
3.96266,2,3955008335,7650018,0
3.96771,1,3960117347,7594012,0
3.97025,2,3962658353,7594012,0
3.97313,0,3957576341,15557030,0
3.97567,1,3967711359,7963018,0
3.97822,2,3970252365,7963018,0
3.98078,0,3973133371,7650018,0
3.98332,1,3975674377,7650018,0
3.98587,2,3978215383,7650018,0
3.98843,0,3980783389,7650018,0
3.99097,1,3983324395,7650018,0
3.99352,2,3985865401,7650018,0
3.99608,0,3988433407,7650018,0
3.99862,1,3990974413,7650018,0
4.00117,2,3993515419,7650018,0
4.00405,0,3996083425,7963018,0
4.00924,2,4001165437,8077018,0
4.01181,0,4004046443,7764018,0
4.01685,2,4009242455,7603012,0
4.01958,0,4011810461,7773012,0
4.02212,1,3998624431,23500048,0
4.02467,2,4016845467,7820018,0
4.02724,0,4019583473,7659018,0
4.02978,1,4022124479,7659018,0
4.03232,2,4024665485,7659018,0
4.03741,0,4027242491,10164024,0
4.03995,1,4029783497,10164024,0
4.04249,2,4032324503,10164024,0
4.04755,1,4039947521,7603012,0
4.05009,2,4042488527,7603012,0
4.05266,0,4037406515,15253030,0
4.0552,1,4047550533,7650018,0
4.05774,2,4050091539,7650018,0
4.06282,0,4052659545,10164024,0
4.06536,1,4055200551,10164024,0
4.06791,2,4057741557,10164024,0
4.073,0,4062823569,10173024,0
4.07585,1,4065364575,10486024,0
4.07839,2,4067905581,10486024,0
4.08348,0,4072996593,10486024,0
4.08848,1,4075850599,12631024,0
4.09102,2,4078391605,12631024,0
4.0936,0,4083482617,10117018,0
4.09616,1,4088481623,7677018,0
4.0987,2,4091022629,7677018,0
4.10126,0,4093599635,7659018,0
4.10664,1,4096158641,10477024,0
4.11168,0,4101258653,10421018,0
4.11672,2,4098699647,18024030,0
4.11928,0,4111679671,7603012,0
4.12183,1,4106635665,15197024,0
4.12437,2,4116723677,7650018,0
4.12945,0,4119282683,10164024,0
4.132,1,4121832689,10164024,0
4.13705,2,4124373695,12678030,0
4.14213,0,4129446707,12687030,0
4.14468,1,4131996713,12687030,0
4.14976,2,4137051725,12705030,0
4.15232,0,4142133737,10191024,0
4.15487,1,4144683743,10191024,0
4.15995,2,4149756755,10191024,0
4.16499,1,4154874767,10117018,0
4.16755,2,4159947779,7603012,0
4.17261,0,4152324761,20290042,0
4.17516,1,4164991785,10173024,0
4.18054,2,4167550791,12991030,0
4.18561,0,4172614803,13000030,0
4.19068,1,4175164809,15514036,0
4.19576,2,4180541821,15219036,0
4.20083,0,4185614833,15219036,0
4.20873,1,4190678845,18055042,0
4.2113,2,4195760857,15541036,0
4.2189,1,4208733887,10162018,0
4.22145,2,4211301893,10144018,0
4.22652,0,4200833869,25685054,0
4.23158,1,4218895905,12687030,0
4.23413,2,4221445911,12687030,0
4.24675,1,4231582935,15163030,0
4.2493,2,4234132941,15163030,0
4.25689,1,4246745965,10144018,0
4.26696,0,4226518923,40443078,0
4.27204,1,4256889983,15145030,0
4.2746,2,4249295971,25307048,0
4.2825,0,4266962001,15541036,0
4.28506,1,4272035013,13027030,0
4.29014,2,4274603019,15532036,0
4.29773,0,4282503037,15228036,0
4.30028,1,4285062043,15219036,0
4.30531,2,4290135055,15172030,0
4.30788,0,4297731073,10144018,0
4.31074,1,4300281079,10457018,0
4.31582,2,4305307085,10513024,0
4.32086,1,4310738097,10117018,0
4.32342,2,4315820109,7603012,0
4.32596,0,4307875091,18089036,0
4.32851,1,4320855115,7659018,0
4.33107,2,4323423121,7650018,0
4.33361,0,4325964127,7650018,0
4.33868,1,4328514133,10164024,0
4.34124,2,4331073139,10164024,0
4.34378,0,4333614145,10164024,0
4.34885,1,4338678157,10173024,0
4.35892,0,4343778169,15145030,0
4.364,1,4348851181,15145030,0
4.36909,2,4341237163,27850060,0
4.37164,0,4358923199,12714030,0
4.37671,1,4363996211,12714030,0
4.38463,2,4369087223,15541036,0
4.38717,0,4371637229,15532036,0
4.39224,1,4376710241,15532036,0
4.39734,2,4384628259,12714030,0
4.4024,0,4387169265,15228036,0
4.40747,1,4392242277,15228036,0
4.41287,2,4397342289,15532036,0
4.41794,0,4402397301,15541036,0
4.42302,2,4412874325,10144018,0
4.43058,1,4407470313,23106042,0
4.44068,2,4423018343,17659036,0
4.44574,0,4417938337,27803054,0
4.44829,1,4430576355,17715042,0
4.45592,2,4440677379,15246036,0
4.45847,0,4445741391,12732030,0
4.46858,2,4455923415,12658024,0
4.47112,0,4458473421,12649024,0
4.48657,2,4468581439,17990036,0
4.49163,1,4448291397,43342084,0
4.49925,2,4486571475,12676024,0
4.50179,0,4471122445,30666060,0
4.50434,1,4491633481,12705030,0
4.51478,2,4499247499,15532036,0
4.51732,0,4501788505,15532036,0
4.53495,1,4504338511,30612054,0
4.5375,2,4514779535,22721036,0
4.54004,0,4517320541,22721036,0
4.54766,1,4534950565,12705030,0
4.5552,0,4540041577,15163030,0
4.55779,1,4547655595,10135018,0
4.56035,2,4537500571,22849048,0
4.56289,0,4555204607,7686018,0
4.56796,1,4557790613,10173024,0
4.57051,2,4560349619,10164024,0
4.57305,0,4562890625,10164024,0
4.57808,1,4567963637,10117018,0
4.58063,2,4570513643,10117018,0
4.586,0,4573054649,12944024,0
4.58857,1,4578080655,10486024,0
4.59363,2,4580630661,13000030,0
4.5987,0,4585998673,12705030,0
4.60377,1,4588566679,15201036,0
4.60634,2,4593630691,12705030,0
4.61141,0,4598703703,12705030,0
4.61648,1,4603767715,12714030,0
4.62437,0,4611408733,12962024,0
4.62693,1,4616481745,10448018,0
4.63702,0,4624370757,12649024,0
4.64208,2,4606335721,35746066,0
4.64715,0,4637019781,10135018,0
4.6497,1,4626929763,22766042,0
4.65727,0,4647154799,10117018,0
4.65981,1,4649695805,10117018,0
4.66237,2,4642081787,20290042,0
4.66739,0,4657271817,10117018,0
4.66993,1,4659812823,10117018,0
4.67751,0,4667388835,10117018,0
4.68005,1,4669929841,10117018,0
4.68262,2,4662371829,20252036,0
4.68516,0,4677505853,7659018,0
4.68771,1,4680046859,7659018,0
4.69307,0,4685164871,7907012,0
4.69561,1,4687705877,7907012,0
4.70069,2,4682623865,18071036,0
4.70324,0,4693071883,10164024,0
4.70578,1,4695612889,10164024,0
4.71087,2,4700694901,10173024,0
4.71341,0,4703235907,10173024,0
4.71595,1,4705776913,10173024,0
4.72132,0,4713408931,7916018,0
4.72387,1,4715949937,7916018,0
4.73146,2,4710867925,20594048,0
4.73652,0,4721324949,15192036,0
4.73906,1,4723865955,15192036,0
4.74668,2,4731461973,15219036,0
4.75175,0,4736516985,15228036,0
4.75429,1,4739057991,15228036,0
4.7644,0,4751745021,12658024,0
4.76694,1,4754286027,12658024,0
4.77205,2,4746681009,25372054,0
4.77711,0,4764403045,12705030,0
4.78216,1,4766944051,15219036,0
4.80262,1,4782163087,20457036,0
4.80768,2,4772053063,35629066,0
4.81272,0,4777108075,35609060,0
4.81525,1,4802620123,12629018,0
4.81783,2,4807682129,10144018,0
4.82039,0,4812717135,7677018,0
4.82324,1,4815249141,7990018,0
4.8283,0,4820394153,7907012,0
4.83083,1,4823239159,7594012,0
4.83339,2,4817826147,15566030,0
4.83595,0,4828301165,7650018,0
4.83848,1,4830833171,7650018,0
4.84356,2,4833392177,10164024,0
4.84859,1,4838483189,10108018,0
4.85116,2,4843556201,7603012,0
4.85372,0,4835951183,17767036,0
4.85625,1,4848591207,7659018,0
4.85881,2,4851159213,7650018,0
4.86388,0,4853718219,10164024,0
4.86641,1,4856250225,10164024,0
4.86897,2,4858809231,10164024,0
4.87406,0,4863882243,10173024,0
4.87659,1,4866414249,10173024,0
4.88166,2,4868973255,12687030,0
4.88423,0,4874055267,10173024,0
4.88676,1,4876587273,10173024,0
4.89185,2,4881660285,10191024,0
4.89471,0,4884228291,10486024,0
4.89725,1,4886760297,10486024,0
4.90234,2,4891851309,10486024,0
4.90489,0,4894714315,10173024,0
4.90742,1,4897246321,10173024,0
4.91502,2,4902337333,12687030,0
4.92009,0,4904887339,15201036,0
4.92798,0,4920088375,7887012,0
4.93051,1,4907419345,23088048,0
4.93308,2,4915024363,18051036,0
4.94062,1,4930507393,10108018,0
4.9457,2,4933075399,12622024,0
4.94825,0,4927975387,20272042,0
4.9533,1,4940615411,12687030,0
4.95589,2,4945697423,10191024,0
4.95844,0,4948247429,10191024,0
4.9685,0,4958438453,10061012,0
4.97103,1,4953302441,17729030,0
4.97361,2,4955888447,17720030,0
4.97616,0,4968499465,7659018,0
4.97869,1,4971031471,7659018,0
4.98627,0,4976158483,10108018,0
4.9888,1,4978690489,10108018,0
4.99389,2,4973608477,20281042,0
4.99927,0,4986266501,13000030,0
5.00739,2,4993889519,13501236,0
5.01496,1,4988798507,26159260,0
5.02507,0,4999266531,25808254,0
5.02792,1,5014957767,12962024,0
5.03301,0,5025074785,7934012,0
5.03554,1,5027919791,7621012,0
5.04312,0,5033008797,10108018,0
5.04812,2,5007390755,40734066,0
5.0532,1,5035540803,17655024,0
5.05594,2,5048124821,7811218,0
5.05853,0,5043116815,15414230,0
5.06106,1,5053195827,7867224,0
5.06359,2,5055936039,7650018,0
5.06618,0,5058531045,7650018,0
5.06871,1,5061063051,7650018,0
5.07124,2,5063586057,7650018,0
5.07886,0,5066181063,12678030,0
5.08391,1,5068713069,15192036,0
5.08643,2,5071236075,15192036,0
5.09402,0,5078859093,15163030,0
5.09656,1,5083905105,12658024,0
5.10969,1,5096563129,13123224,0
5.11221,2,5086428111,25781248,0
5.11484,0,5094022123,20818242,0
5.11737,1,5109686353,7686018,0
5.1199,2,5112209359,7686018,0
5.12249,0,5114840365,7650018,0
5.12754,1,5117372371,10164024,0
5.13037,2,5119895377,10477024,0
5.13543,0,5122490383,12935024,0
5.13797,1,5127536395,10430018,0
5.14049,2,5130372401,10117018,0
5.14813,0,5135425407,12705030,0
5.15065,1,5137966413,12687030,0
5.15318,2,5140489419,12687030,0
5.16105,0,5148130437,12922236,0
5.16358,1,5150653443,12922236,0
5.1661,2,5153176449,12922236,0
5.17627,0,5161052673,15219036,0
5.17879,1,5163575679,15219036,0
5.18132,2,5166098685,15219036,0
5.1915,0,5176271709,15228036,0
5.19402,1,5178794715,15228036,0
5.19655,2,5181317721,15228036,0
5.20698,0,5191499745,15485030,0
5.20951,1,5194022751,15485030,0
5.21225,2,5196545757,15702236,0
5.22736,1,5209507781,17849236,0
5.22988,2,5212247993,17632030,0
5.24039,0,5206984775,33408272,0
5.24292,1,5227357017,15559036,0
5.24544,2,5229880023,15559036,0
5.25059,0,5240393047,10200024,0
5.25312,1,5242916053,10200024,0
5.26596,0,5250593071,15362236,0
5.27095,2,5245439059,25506254,0
5.27863,0,5265955307,12676024,0
5.28115,1,5253116077,28038260,0
5.28368,2,5270945313,12732030,0
5.29134,0,5278631331,12705030,0
5.29386,1,5281154337,12705030,0
5.29638,2,5283677343,12705030,0
5.30709,0,5291336361,15749242,0
5.30961,1,5293859367,15749242,0
5.31213,2,5296382373,15749242,0
5.32478,1,5309608609,15172030,0
5.32989,0,5307085603,22802042,0
5.33241,1,5324780639,7630012,0
5.33525,2,5312131615,23115042,0
5.34288,0,5329887645,12991030,0
5.3454,1,5332410651,12991030,0
5.34792,2,5335246657,12678030,0
5.35831,0,5342878675,15436242,0
5.36084,1,5345401681,15436242,0
5.36336,2,5347924687,15436242,0
5.37356,0,5358314917,15246036,0
5.37608,1,5360837923,15246036,0
5.37861,2,5363360929,15246036,0
5.39382,0,5373560953,20256048,0
5.39634,1,5376083959,20256048,0
5.39886,2,5378606965,20256048,0
5.41458,1,5396340007,18243242,0
5.41711,2,5398863013,18243242,0
5.42732,0,5393817001,33498278,0
5.42984,1,5414583249,15255036,0
5.43236,2,5417106255,15255036,0
5.44537,0,5427315279,18055042,0
5.44789,1,5429838285,18055042,0
5.45042,2,5432361291,18055042,0
5.46078,0,5445370321,15407236,0
5.4633,1,5447893327,15407236,0
5.46582,2,5450416333,15407236,0
5.47351,0,5460777557,12732030,0
5.47603,1,5463300563,12732030,0
5.47856,2,5465823569,12732030,0
5.48873,0,5473509587,15219036,0
5.49125,1,5476032593,15219036,0
5.49377,2,5478555599,15219036,0
5.50412,0,5488728623,15389236,0
5.50664,1,5491251629,15389236,0
5.50948,2,5493774635,15702236,0
5.51465,0,5504117859,10531024,0
5.51717,1,5506640865,10531024,0
5.51969,2,5509476871,10218024,0
5.52985,0,5514648883,15201036,0
5.54025,0,5529849919,10401012,0
5.54277,1,5517171889,25602048,0
5.55556,0,5540250931,15306230,0
5.55808,1,5542773937,15306230,0
5.5606,2,5519694895,40908278,0
5.56326,0,5555557161,7704018,0
5.56578,1,5558080167,7704018,0
5.56831,2,5560603173,7704018,0
5.57337,0,5563261179,10108018,0
5.57589,1,5565784185,10108018,0
5.57842,2,5568307191,10108018,0
5.58103,0,5573369197,7659018,0
5.58355,1,5575892203,7659018,0
5.58607,2,5578415209,7659018,0
5.58868,0,5581028215,7650018,0
5.5912,1,5583551221,7650018,0
5.59372,2,5586074227,7650018,0
5.59633,0,5588678233,7650018,0
5.59885,1,5591201239,7650018,0
5.60665,0,5596328251,10325224,0
5.61196,2,5593724245,18232242,0
5.61459,0,5606653475,7934018,0
5.61711,1,5598851257,18259242,0
5.61963,2,5611956487,7677018,0
5.62475,0,5614587493,10164024,0
5.62727,1,5617110499,10164024,0
5.6298,2,5619633505,10164024,0
5.63492,0,5624751517,10173024,0
5.63745,1,5627274523,10173024,0
5.63997,2,5629797529,10173024,0
5.64541,0,5634924541,10486024,0
5.64793,1,5637447547,10486024,0
5.65046,2,5639970553,10486024,0
5.6558,0,5645410565,10390230,0
5.65832,1,5647933571,10390230,0
5.6634,0,5655800795,7603012,0
5.66593,1,5658323801,7603012,0
5.66845,2,5650456577,17993242,0
5.67603,1,5665926813,10108018,0
5.67856,2,5668449819,10108018,0
5.68117,0,5663403807,17767036,0
5.68369,1,5676034831,7659018,0
5.68622,2,5678557837,7659018,0
5.69129,1,5683693849,7594012,0
5.69887,0,5681170843,17702030,0
5.7014,1,5691287861,10108018,0
5.70414,2,5686216855,17919236,0
5.70926,0,5698872873,10390230,0
5.7121,1,5701395879,10703230,0
5.71462,2,5704136091,10486024,0
5.72729,0,5709263103,18028042,0
5.72981,1,5712099109,17715042,0
5.73494,0,5727291145,7648012,0
5.73746,1,5729814151,7648012,0
5.73999,2,5714622115,25363054,0
5.74259,0,5734939157,7650018,0
5.74543,1,5737462163,7963018,0
5.7505,0,5742589175,7907012,0
5.75549,2,5739985169,15501024,0
5.75831,0,5750496187,7811218,0
5.7633,2,5755486193,7811218,0
5.76591,0,5758307405,7603012,0
5.76843,1,5745425181,23008242,0
5.77096,2,5763297411,7659018,0
5.77356,0,5765910417,7650018,0
5.77608,1,5768433423,7650018,0
5.77861,2,5770956429,7650018,0
5.78368,1,5776083441,7594012,0
5.7862,2,5778606447,7594012,0
5.7888,0,5773560435,15244030,0
5.79133,1,5783677453,7650018,0
5.79385,2,5786200459,7650018,0
5.79645,0,5788804465,7650018,0
5.79898,1,5791327471,7650018,0
5.8015,2,5793850477,7650018,0
5.80432,0,5796454483,7867224,0
5.80684,1,5798977489,7867224,0
5.80937,2,5801500495,7867224,0
5.81198,0,5804321707,7659018,0
5.81482,1,5806844713,7972018,0
5.81734,2,5809367719,7972018,0
5.81994,0,5811980725,7963018,0
5.82247,1,5814816731,7650018,0
5.82499,2,5817339737,7650018,0
5.82759,0,5819943743,7650018,0
5.83012,1,5822466749,7650018,0
5.83264,2,5824989755,7650018,0
5.84027,0,5827593761,12678030,0
5.84279,1,5830116767,12678030,0
5.84532,2,5832639773,12678030,0
5.85351,0,5840271791,13235236,0
5.85603,1,5842794797,13235236,0
5.85855,2,5845317803,13235236,0
5.86622,0,5853507027,12714030,0
5.86874,1,5856030033,12714030,0
5.87127,2,5858553039,12714030,0
5.88139,1,5868744063,12649024,0
5.88392,2,5871267069,12649024,0
5.89153,1,5881393087,10135018,0
5.89405,2,5883916093,10135018,0
5.89918,0,5866221057,32957066,0
5.9017,1,5891528105,10173024,0
5.90422,2,5894051111,10173024,0
5.91448,0,5899178123,15306230,0
5.91732,1,5901701129,15619230,0
5.91984,2,5904224135,15619230,0
5.92753,0,5914484353,13045030,0
5.93005,1,5917320359,12732030,0
5.93258,2,5919843365,12732030,0
5.94275,0,5927529383,15219036,0
5.94774,2,5932575395,15163030,0
5.96338,2,5947738425,15646230,0
5.96856,0,5942748419,25808248,0
5.97108,1,5930052389,41027284,0
5.9736,2,5963384655,10218024,0
5.98119,0,5968556667,12631024,0
5.98371,1,5971079673,12631024,0
5.98623,2,5973602679,12631024,0
5.99138,0,5981187691,10191024,0
5.9939,1,5983710697,10191024,0
6.0015,0,5991378715,10117018,0
6.0067,2,5986233703,20469242,0
6.00932,0,6001495733,7820218,0
6.01184,1,5993901721,17937236,0
6.01436,2,6006702945,7659018,0
6.01697,0,6009315951,7650018,0
6.0198,1,6011838957,7963018,0
6.02232,2,6014361963,7963018,0
6.03247,0,6016965969,15505036,0
6.03499,1,6019801975,15192036,0
6.03752,2,6022324981,15192036,0
6.05326,0,6032471005,20786254,0
6.05578,1,6034994011,20786254,0
6.0583,2,6037517017,20786254,0
6.066,0,6053257259,12741030,0
6.06852,1,6055780265,12741030,0
6.07104,2,6058303271,12741030,0
6.0862,1,6068521295,17677036,0
6.08872,2,6071044301,17677036,0
6.09636,1,6086198331,10162018,0
6.09888,2,6088721337,10162018,0
6.10916,2,6098883355,10280218,0
6.11424,0,6065998289,48238296,0
6.11935,1,6096360349,22985248,0
6.12218,2,6109163573,13018030,0
6.13231,1,6119345597,12962024,0
6.13483,2,6122181603,12649024,0
6.13737,0,6114236585,23135048,0
6.14496,1,6132307621,12649024,0
6.14748,2,6134830627,12649024,0
6.15002,0,6137371633,12649024,0
6.15316,1,6144956645,8207224,0
6.15569,2,6147479651,8207224,0
6.15823,0,6150020657,8207224,0
6.16584,1,6153163869,12678030,0
6.16836,2,6155686875,12678030,0
6.17091,0,6158227881,12678030,0
6.18353,2,6168364905,15163030,0
6.18863,1,6165841899,22793042,0
6.19116,2,6183527935,7630012,0
6.19873,0,6170905911,27821054,0
6.20131,1,6188634941,12678030,0
6.20384,2,6191157947,12678030,0
6.21162,2,6203835977,7782212,0
6.21416,0,6198726965,15432230,0
6.21675,1,6201312971,15432230,0
6.21927,2,6211618189,7650018,0
6.22464,0,6214159195,10477024,0
6.23225,1,6216745201,15505036,0
6.23477,2,6219268207,15505036,0
6.23732,0,6224636219,12687030,0
6.24245,1,6232250237,10200024,0
6.24497,2,6234773243,10200024,0
6.25005,1,6242450261,7603012,0
6.25279,2,6244973267,7820218,0
6.25565,0,6237323249,18324242,0
6.26326,1,6250053273,13208236,0
6.26578,2,6252793485,12991030,0
6.26833,0,6255647491,12678030,0
6.27843,2,6265784515,12649024,0
6.29107,1,6263261509,27812054,0
6.2936,2,6278433539,15163030,0
6.29614,0,6268325521,27812054,0
6.31155,1,6291073563,20473254,0
6.31407,2,6293596569,20473254,0
6.31661,0,6296137575,20473254,0
6.32711,1,6311546817,15568036,0
6.33212,0,6316610829,15512030,0
6.33726,1,6327114853,10144018,0
6.33978,2,6314069823,25712054,0
6.34484,0,6332122859,12714030,0
6.34995,1,6337258871,12687030,0
6.35247,2,6339781877,12687030,0
6.35807,0,6344836889,13235236,0
6.36318,1,6349945901,13235236,0
6.3657,2,6352468907,13235236,0
6.3733,0,6358072125,15228036,0
6.38088,2,6365704143,15172030,0
6.39099,0,6373300161,17686036,0
6.39856,2,6380876173,17686036,0
6.40388,0,6390986197,12893230,0
6.40899,1,6363181137,45807302,0
6.41151,2,6398562209,12949236,0
6.42162,0,6403879427,17742042,0
6.42956,1,6408988439,20569048,0
6.43208,2,6411511445,20569048,0
6.43969,0,6421621469,18073042,0
6.44722,2,6432080493,15143024,0
6.4498,0,6439694511,10106012,0
6.45239,1,6429557487,22829042,0
6.45762,0,6449800523,7820218,0
6.46051,1,6452386529,8124218,0
6.46303,2,6447223517,15810236,0
6.46559,0,6457620741,7972018,0
6.47068,1,6460510747,10173024,0
6.47321,2,6463033753,10173024,0
6.47576,0,6465592759,10164024,0
6.48588,1,6470683771,15201036,0
6.48841,2,6473206777,15201036,0
6.50877,2,6488407813,20363242,0
6.51132,0,6475756783,35564278,0
6.51899,1,6485884807,33104272,0
6.52907,1,6518989079,10079012,0
6.5344,0,6511321061,23077036,0
6.5395,1,6529068091,10430018,0
6.54202,2,6508771055,33250060,0
6.54457,0,6534398097,10173024,0
6.54962,2,6542021115,7603012,0
6.55742,0,6544571121,12848230,0
6.56282,1,6539498109,23325254,0
6.56535,2,6549624127,15722242,0
6.57038,0,6557419351,12962024,0
6.57297,1,6562823363,10144018,0
6.57549,2,6565346369,10144018,0
6.58057,0,6570381375,10191024,0
6.58817,1,6572967381,15201036,0
6.59069,2,6575490387,15201036,0
6.59577,0,6580572399,15201036,0
6.60356,1,6588168417,15389236,0
6.60608,2,6590691423,15389236,0
6.6137,1,6603557653,10144018,0
6.61622,2,6606080659,10144018,0
6.61879,0,6595773435,23019248,0
6.62884,0,6618792683,10052012,0
6.63425,1,6613701671,20547036,0
6.63677,2,6616224677,20547036,0
6.63933,0,6628844695,10486024,0
6.64437,2,6636771713,7603012,0
6.64945,0,6639330719,10117018,0
6.65721,2,6644374725,12839230,0
6.66765,1,6634248707,33404272,0
6.67018,2,6657213955,12962030,0
6.67526,0,6649447737,25810260,0
6.68287,1,6667652979,15219036,0
6.6854,2,6670175985,15219036,0
6.69048,0,6675257997,15219036,0
6.70061,1,6682872015,17742042,0
6.70314,2,6685395021,17742042,0
6.70592,0,6690477033,15445242,0
6.71602,1,6700614057,15409236,0
6.71855,2,6703137063,15409236,0
6.72363,0,6705922275,17706036,0
6.73127,1,6716023293,15246036,0
6.73913,0,6723628311,15503036,0
6.74671,2,6718546299,28161060,0
6.74928,0,6739131347,10144018,0
6.75438,1,6731269329,23106048,0
6.75712,2,6746707359,10408230,0
6.75967,0,6749275365,10390230,0
6.76759,1,6754375377,13217236,0
6.77764,0,6759665595,17972036,0
6.78527,1,6767592613,17677036,0
6.78779,2,6757115589,30677066,0
6.79037,0,6777637631,12732030,0
6.79543,1,6785269649,10162018,0
6.79795,2,6787792655,10162018,0
6.8005,0,6790369661,10135018,0
6.80582,1,6795431667,10390230,0
6.80834,2,6797954673,10390230,0
6.81341,0,6800504679,12904236,0
6.82355,1,6805821897,17733042,0
6.82608,2,6808344903,17733042,0
6.83906,1,6823554939,15503030,0
6.84158,2,6826077945,15503030,0
6.84414,0,6813408915,30731066,0
6.8492,1,6839057969,10144018,0
6.85172,2,6841580975,10144018,0
6.85701,0,6844139981,12866230,0
6.86211,1,6849201987,12904236,0
6.86463,2,6851724993,12904236,0
6.86998,0,6857006211,12971030,0
6.87508,1,6862106223,12971030,0
6.8776,2,6864629229,12971030,0
6.88268,0,6869977241,12705030,0
6.89025,2,6877600259,12649024,0
6.89282,0,6882682271,10135018,0
6.8954,1,6875077253,20326042,0
6.89793,2,6890249283,7677018,0
6.90048,0,6892817289,7659018,0
6.9083,1,6895403295,12895236,0
6.91082,2,6897926301,12895236,0
6.91337,0,6900476307,12895236,0
6.92598,2,6910821537,15163030,0
6.93105,0,6913371543,17677036,0
6.93869,1,6908298531,30391066,0
6.94153,2,6925984567,15541036,0
6.94912,0,6931048579,18073042,0
6.96199,1,6938689597,23300260,0
6.96451,2,6941525603,22987260,0
6.97495,1,6961989857,12960024,0
6.97747,2,6964512863,12960024,0
6.98004,0,6949121621,30919272,0
6.98263,1,6974949881,7677018,0
6.98515,2,6977472887,7677018,0
6.9877,0,6980040893,7659018,0
6.99028,1,6982626899,7650018,0
6.9928,2,6985149905,7650018,0
6.99786,0,6987699911,10164024,0
7.00044,1,6990276917,10164024,0
7.00296,2,6992799923,10164024,0
7.00798,0,6997863935,10117018,0
7.01078,1,7000440941,10334224,0
7.0133,2,7002963947,10334224,0
7.02592,1,7010775165,15145030,0
7.02844,2,7013298171,15145030,0
7.031,0,7007980953,23021254,0
7.03612,1,7025920195,10200024,0
7.03864,2,7028443201,10200024,0
7.04119,0,7031002207,10191024,0
7.04661,1,7036120219,10486024,0
7.04913,2,7038643225,10486024,0
7.05443,1,7046606243,7820218,0
7.05695,2,7049129249,7820218,0
7.06203,1,7054426461,7603012,0
7.06455,2,7056949467,7603012,0
7.0671,0,7041193231,25909254,0
7.07219,1,7062029473,10164024,0
7.07503,2,7064552479,10477024,0
7.07758,0,7067102485,10477024,0
7.08268,1,7072193497,10486024,0
7.0852,2,7075029503,10173024,0
7.08775,0,7077579509,10173024,0
7.09285,1,7082679521,10173024,0
7.09538,2,7085202527,10173024,0
7.09793,0,7087752533,10173024,0
7.10324,1,7092852545,10390230,0
7.10577,2,7095375551,10390230,0
7.11083,0,7097925557,12904236,0
7.11593,1,7103242775,12687030,0
7.11845,2,7105765781,12687030,0
7.12858,1,7115929805,12649024,0
7.13614,0,7110829793,25307048,0
7.14123,1,7128578829,12649024,0
7.14375,2,7118452811,25298048,0
7.15165,0,7136136841,15514036,0
7.15949,1,7141227853,18263248,0
7.16201,2,7143750859,18263248,0
7.1671,0,7151650877,15445242,0
7.17756,1,7159491101,18073042,0
7.18009,2,7162014107,18073042,0
7.18264,0,7167096119,15541036,0
7.19779,2,7180087149,17704036,0
7.20305,0,7182637155,20417248,0
7.21073,1,7177564143,33167278,0
7.21574,0,7203054403,12685024,0
7.22082,1,7210731421,10088012,0
7.22334,2,7197791185,25551254,0
7.22587,0,7215739427,10135018,0
7.22848,1,7220819433,7659018,0
7.231,2,7223342439,7659018,0
7.23353,0,7225874445,7659018,0
7.23613,1,7228478451,7650018,0
7.23865,2,7231001457,7650018,0
7.24118,0,7233533463,7650018,0
7.24629,1,7236128469,10164024,0
7.24913,2,7238651475,10477024,0
7.25166,0,7241183481,10477024,0
7.25695,2,7249128499,7820218,0
7.25948,0,7251660505,7820218,0
7.26963,1,7246292493,23334254,0
7.27215,2,7256948717,15201036,0
7.27726,1,7269626747,7630012,0
7.28009,2,7272149753,7943012,0
7.28262,0,7259480723,23144048,0
7.29025,1,7277256759,12991030,0
7.29277,2,7280092765,12678030,0
7.30563,1,7290247789,15380236,0
7.30815,2,7292770795,15380236,0
7.31068,0,7282624771,28058266,0
7.31829,1,7305628025,12658024,0
7.32081,2,7308151031,12658024,0
7.32334,0,7310683037,12658024,0
7.32848,1,7318286049,10191024,0
7.33348,0,7323341061,10135018,0
7.34111,1,7328477073,12631024,0
7.34363,2,7320809055,22822048,0
7.34616,0,7333476079,12687030,0
7.35681,2,7343631103,13179230,0
7.35934,0,7346163109,13179230,0
7.36449,1,7341108097,23379254,0
7.36701,2,7356810333,10200024,0
7.36954,0,7359342339,10200024,0
7.3746,1,7364487351,10117018,0
7.37713,2,7367010357,10117018,0
7.37966,0,7369542363,10117018,0
7.38509,1,7374604369,10486024,0
7.38761,2,7377127375,10486024,0
7.39015,0,7379659381,10486024,0
7.39522,2,7387613399,7603012,0
7.39775,0,7390145405,7603012,0
7.40034,1,7385090393,15253030,0
7.40534,0,7397748417,7594012,0
7.41062,2,7395216411,15405230,0
7.41315,0,7405342429,7811218,0
7.42329,1,7400343423,22947248,0
7.42829,0,7413153647,15136030,0
7.43846,1,7423290671,15172030,0
7.44099,2,7410621641,30364066,0
7.44352,0,7428289677,15228036,0
7.45395,1,7438462701,15485030,0
7.45669,2,7440985707,15702236,0
7.45922,0,7443517713,15702236,0
7.46436,1,7453947731,10417230,0
7.46936,0,7459219949,10144018,0
7.47448,1,7464364961,10117018,0
7.47948,0,7469363967,10117018,0
7.48208,1,7474481979,7603012,0
7.48492,2,7456687943,28233054,0
7.48745,0,7479480985,7972018,0
7.49005,1,7482084991,7963018,0
7.49257,2,7484920997,7650018,0
7.4951,0,7487453003,7650018,0
7.50537,0,7495103021,10271218,0
7.51552,1,7490048009,25472254,0
7.51804,2,7492571015,25472254,0
7.52311,0,7505374239,17733042,0
7.53579,1,7515520263,20274048,0
7.53832,2,7518043269,20274048,0
7.54338,0,7523107281,20274048,0
7.55378,1,7535794311,17986248,0
7.56162,0,7543381329,18243242,0
7.56671,1,7553780559,12933018,0
7.56924,2,7538317317,30919266,0
7.57179,0,7561624571,10162018,0
7.57439,1,7566713577,7677018,0
7.57691,2,7569236583,7677018,0
7.57945,0,7571786589,7659018,0
7.58455,1,7574390595,10164024,0
7.58739,2,7576913601,10477024,0
7.58992,0,7579445607,10477024,0
7.59755,1,7584554619,13000030,0
7.60008,2,7587390625,12687030,0
7.60283,0,7589922631,12904236,0
7.61294,2,7600077655,12866230,0
7.61548,0,7602826867,12658024,0
7.62309,2,7612943885,10144018,0
7.62562,0,7615484891,10135018,0
7.63074,1,7597554649,33183272,0
7.63326,2,7623087903,10173024,0
7.63579,0,7625619909,10173024,0
7.64342,1,7630737921,12687030,0
7.64595,2,7633260927,12687030,0
7.64848,0,7635792933,12687030,0
7.6616,0,7648479963,13123230,0
7.67173,2,7645947957,25781254,0
7.67426,0,7661603193,12658024,0
7.68191,1,7643424951,38486284,0
7.68443,2,7671729211,12705030,0
7.68697,0,7674261217,12705030,0
7.69493,1,7681911235,13018030,0
7.69745,2,7684434241,13018030,0
7.69998,0,7686966247,13018030,0
7.70534,1,7694929265,10408230,0
7.70786,2,7697452271,10408230,0
7.71039,0,7699984277,10408230,0
7.72305,1,7705337495,17715042,0
7.72558,2,7707860501,17715042,0
7.72811,0,7710392507,17715042,0
7.73578,1,7723052537,12732030,0
7.74078,0,7728107549,12676024,0
7.74843,1,7735784567,12649024,0
7.75096,2,7725575543,25381054,0
7.75349,0,7740783573,12705030,0
7.76921,1,7748433591,20777254,0
7.77173,2,7750956597,20777254,0
7.77427,0,7753488603,20777254,0
7.78698,1,7769210845,17769042,0
7.7895,2,7771733851,17769042,0
7.79235,0,7774265857,18082042,0
7.80527,1,7786979887,18290248,0
7.80779,2,7789502893,18290248,0
7.81033,0,7792347899,17977248,0
7.82053,1,7805270135,15255036,0
7.82305,2,7807793141,15255036,0
7.82558,0,7810325147,15255036,0
7.83324,1,7820525171,12714030,0
7.83576,2,7823048177,12714030,0
7.84081,0,7825580183,15228036,0
7.85366,2,7835762207,17894242,0
7.8562,0,7840808219,15389236,0
7.86921,1,7833239201,35967284,0
7.8742,0,7856197455,17999036,0
7.88691,1,7869206485,17704036,0
7.88943,2,7853656449,35777078,0
7.89196,0,7874196491,17760042,0
7.90498,1,7886910521,18073042,0
7.90772,2,7889433527,18290248,0
7.92039,1,7904983563,15407236,0
7.92291,2,7907723775,15190030,0
7.93053,1,7920390799,10144018,0
7.93306,2,7922913805,10144018,0
7.93558,0,7891956533,43624296,0
7.94322,1,7930534817,12687030,0
7.94574,2,7933057823,12687030,0
7.95357,1,7943221847,10352224,0
7.9561,2,7945744853,10352224,0
7.96369,1,7953574071,10117018,0
7.96899,0,7935580829,33413266,0
7.97664,1,7963691089,12944024,0
7.97916,2,7956097077,23061042,0
7.98168,0,7968994095,12687030,0
7.98934,1,7976635113,12705030,0
7.99186,2,7979158119,12705030,0
7.99439,0,7981681125,12705030,0
7.99979,1,7989340143,10448018,0
8.00231,2,7991863149,10448018,0
8.00761,1,7999788161,7820218,0
8.01013,2,8002311167,7820218,0
8.01265,0,7994386155,18268236,0
8.0203,1,8007608379,12687030,0
8.02282,2,8010131385,12687030,0
8.02534,0,8012654391,12687030,0
8.033,1,8020295409,12705030,0
8.03552,2,8022818415,12705030,0
8.03805,0,8025341421,12705030,0
8.04571,1,8033000439,12705030,0
8.04823,2,8035523445,12705030,0
8.05075,0,8038046451,12705030,0
8.05863,1,8045705469,12922236,0
8.06115,2,8048228475,12922236,0
8.06367,0,8050751481,12922236,0
8.07165,1,8058627705,13027030,0
8.07418,2,8061150711,13027030,0
8.0767,0,8063673717,13027030,0
8.08436,1,8071654735,12705030,0
8.08688,2,8074177741,12705030,0
8.08941,0,8076700747,12705030,0
8.09984,1,8084359765,15476036,0
8.10236,2,8086882771,15476036,0
8.1051,0,8089405777,15693242,0
8.1102,1,8099835801,10361224,0
8.11272,2,8102358807,10361224,0
8.11524,0,8105099019,10144018,0
8.12284,2,8112720031,10117018,0
8.12536,0,8115243037,10117018,0
8.12797,1,8110197025,17776036,0
8.1305,2,8122837049,7659018,0
8.13302,0,8125360055,7659018,0
8.14065,1,8127973061,12678030,0
8.14317,2,8130496067,12678030,0
8.1457,0,8133019073,12678030,0
8.1585,2,8143174097,15324230,0
8.16102,0,8145697103,15324230,0
8.16618,1,8140651091,25524254,0
8.1687,2,8158498327,10200024,0
8.17409,1,8166175345,7916012,0
8.17661,2,8168698351,7916012,0
8.17914,0,8161021333,18116036,0
8.18426,1,8174091357,10164024,0
8.18678,2,8176614363,10164024,0
8.1893,0,8179137369,10164024,0
8.19694,1,8184255381,12687030,0
8.20225,0,8189301393,12944030,0
8.20761,1,8196942411,10665230,0
8.21013,2,8186778387,23352260,0
8.21772,1,8207607641,10117018,0
8.22025,2,8210130647,10117018,0
8.22277,0,8202245423,20525248,0
8.23544,1,8217724659,17715042,0
8.23796,2,8220247665,17715042,0
8.24049,0,8222770671,17715042,0
8.25069,1,8235439701,15246036,0
8.25568,0,8240485713,15190030,0
8.2711,1,8250685737,20417248,0
8.27641,0,8255675743,20730248,0
8.28913,1,8271102985,18026036,0
8.29165,2,8237962707,53689320,0
8.29418,0,8276405991,17769042,0
8.30464,2,8291652027,12989030,0
8.31996,1,8289129021,30827266,0
8.32248,2,8304641057,17838236,0
8.325,0,8294175033,30827266,0
8.33773,1,8319956287,17769042,0
8.34025,2,8322479293,17769042,0
8.34277,0,8325002299,17769042,0
8.35544,2,8340248335,15190030,0
8.35818,0,8342771341,15407236,0
8.36333,1,8337725329,25607260,0
8.36832,0,8358178577,10144018,0
8.37345,1,8363332589,10117018,0
8.37629,2,8355438365,20847248,0
8.3864,1,8373449607,12946024,0
8.38892,2,8376285613,12633024,0
8.39144,0,8368322595,23119048,0
8.40161,1,8386395631,15219036,0
8.40414,2,8388918637,15219036,0
8.41229,1,8401614667,10674224,0
8.41481,2,8404137673,10674224,0
8.41733,0,8391441643,25893260,0
8.43249,2,8414811897,17677036,0
8.43501,0,8417334903,17677036,0
8.44767,1,8412288891,35381072,0
8.45019,2,8432488933,17704036,0
8.45805,1,8447669963,10379224,0
8.46057,2,8450192969,10379224,0
8.4631,0,8435011939,28083260,0
8.47071,2,8460572193,10135018,0
8.47323,0,8463095199,10135018,0
8.47867,1,8458049187,20621042,0
8.48119,2,8470707211,10486024,0
8.48372,0,8473230217,10486024,0
8.49136,1,8478670229,12687030,0
8.49388,2,8481193235,12687030,0
8.4964,0,8483716241,12687030,0
8.50679,1,8491357259,15436242,0
8.50963,2,8493880265,15749242,0
8.51215,0,8496403271,15749242,0
8.52738,1,8506793501,20587048,0
8.5299,2,8509629507,20274048,0
8.53243,0,8512152513,20274048,0
8.53755,1,8527380549,10171018,0
8.54007,2,8529903555,10171018,0
8.5426,0,8532426561,10171018,0
8.55019,2,8540074573,10117018,0
8.55293,0,8542597579,10334224,0
8.55806,1,8537551567,20507248,0
8.56058,2,8550191591,10390230,0
8.5631,0,8552931803,10173024,0
8.56823,1,8558058815,10173024,0
8.57075,2,8560581821,10173024,0
8.57328,0,8563104827,10173024,0
8.58123,1,8568231839,13000030,0
8.58375,2,8570754845,13000030,0
8.58628,0,8573277851,13000030,0
8.59394,1,8581231869,12705030,0
8.6015,1,8593936899,7565006,0
8.60649,0,8586277881,20214030,0
8.60931,1,8601501905,7811218,0
8.61462,0,8606491911,8124218,0
8.62211,2,8583754875,38354260,0
8.62466,1,8609313123,15346018,0
8.62719,0,8614616129,12575018,0
8.63228,2,8622109135,10173024,0
8.63486,1,8624659141,10200024,0
8.63738,0,8627191147,10191024,0
8.64246,2,8632282159,10173024,0
8.64503,1,8634859165,10173024,0
8.64756,0,8637382171,10173024,0
8.65263,2,8642455183,10173024,0
8.66045,1,8645032189,15418242,0
8.66297,0,8647555195,15418242,0
8.67061,1,8660450431,10162018,0
8.67314,0,8662973437,10162018,0
8.67568,2,8652628207,23048254,0
8.68079,1,8670612449,10173024,0
8.68362,0,8673135455,10486024,0
8.6962,0,8683621479,12575018,0
8.69874,2,8675676461,23061042,0
8.70135,1,8680785473,20565036,0
8.70409,0,8696196497,7894224,0
8.70663,2,8698737503,7894224,0
8.70922,1,8701350509,7867224,0
8.71454,2,8706631727,7907018,0
8.71712,1,8709217733,7907018,0
8.71965,0,8704090721,15557036,0
8.72219,2,8714538745,7650018,0
8.72477,1,8717124751,7650018,0
8.72978,2,8722188763,7594012,0
8.73237,1,8724774769,7594012,0
8.73489,0,8719647757,15244030,0
8.73743,2,8729782775,7650018,0
8.74002,1,8732368781,7650018,0
8.74254,0,8734891787,7650018,0
8.74508,2,8737432793,7650018,0
8.74767,1,8740018799,7650018,0
8.75019,0,8742541805,7650018,0
8.75548,1,8747668817,7811218,0
8.758,0,8750191823,7811218,0
8.76054,2,8745082811,15461236,0
8.76314,1,8755480035,7659018,0
8.76566,0,8758003041,7659018,0
8.7682,2,8760544047,7659018,0
8.77079,1,8763139053,7650018,0
8.77331,0,8765662059,7650018,0
8.77585,2,8768203065,7650018,0
8.77844,1,8770789071,7650018,0
8.78096,0,8773312077,7650018,0
8.78633,2,8775853083,10477024,0
8.79394,1,8778439089,15505036,0
8.79647,0,8780962095,15505036,0
8.79902,2,8786330107,12687030,0
8.80682,1,8793944125,12875230,0
8.80934,0,8796467131,12875230,0
8.81445,1,8806819355,7630012,0
8.81729,0,8809342361,7943012,0
8.81983,2,8799017137,20809242,0
8.82241,1,8814449367,7963018,0
8.82494,0,8817285373,7650018,0
8.82748,2,8819826379,7650018,0
8.83258,1,8822412385,10164024,0
8.8351,0,8824935391,10164024,0
8.83764,2,8827476397,10164024,0
8.84275,1,8832576409,10173024,0
8.84527,0,8835099415,10173024,0
8.84781,2,8837640421,10173024,0
8.85288,0,8845272439,7603012,0
8.85563,2,8847813445,7820218,0
8.86073,1,8842749433,17984242,0
8.86326,0,8852875451,10381230,0
8.8658,2,8855633663,10164024,0
8.87085,1,8860733675,10117018,0
8.87337,0,8863256681,10117018,0
8.87591,2,8865797687,10117018,0
8.87851,1,8870850693,7659018,0
8.88352,2,8875914705,7603012,0
8.8861,1,8878509711,7594012,0
8.88894,0,8873373699,15566030,0
8.89399,2,8883517717,10477024,0
8.89658,1,8886103723,10477024,0
8.8991,0,8888939729,10164024,0
8.9044,1,8896580747,7820218,0
8.90692,0,8899103753,7820218,0
8.90946,2,8893994741,15470236,0
8.91709,1,8904400965,12687030,0
8.91992,0,8906923971,13000030,0
8.92754,1,8917087995,10448018,0
8.93006,0,8919924001,10135018,0
8.9326,2,8909464977,23135048,0
8.93771,1,8927536013,10173024,0
8.94023,0,8930059019,10173024,0
8.94277,2,8932600025,10173024,0
8.94788,1,8937709037,10173024,0
8.95041,0,8940232043,10173024,0
8.95316,2,8942773049,10390230,0
8.9633,1,8947882061,15418242,0
8.96833,2,8953163279,15163030,0
8.97598,1,8963300303,12676024,0
8.9785,0,8950405067,28094266,0
8.98104,2,8968326309,12714030,0
8.99151,1,8975976327,15532036,0
8.99403,0,8978499333,15532036,0
9.0069,1,8991508363,15389236,0
9.01191,2,8981040339,30865266,0
9.01706,1,9006897599,10162018,0
9.01958,0,8994031369,25551254,0
9.02495,2,9011905605,13045030,0
9.03006,1,9017059617,13000030,0
9.03509,2,9024950635,10135018,0
9.04522,1,9030059647,15163030,0
9.04775,0,9019582623,28163060,0
9.05029,2,9035085653,15201036,0
9.06067,1,9045222677,15445242,0
9.07077,1,9060667919,10106012,0
9.0733,0,9047745683,25551254,0
9.07584,2,9050286689,25551254,0
9.08095,1,9070773931,10173024,0
9.08347,0,9073296937,10173024,0
9.08601,2,9075837943,10173024,0
9.0939,0,9083469961,10430018,0
9.09644,2,9086010967,10430018,0
9.10155,1,9080946955,20603042,0
9.10678,2,9096440985,10334224,0
9.10937,1,9101549997,7820218,0
9.11189,0,9093899979,17993242,0
9.11443,2,9106775209,7659018,0
9.11953,1,9109370215,10164024,0
9.12206,0,9111893221,10164024,0
9.12491,2,9114434227,10477024,0
9.13253,1,9119534239,13000030,0
9.13506,0,9122057245,13000030,0
9.1376,2,9124911251,12687030,0
9.14524,1,9132534269,12705030,0
9.14776,0,9135057275,12705030,0
9.1503,2,9137598281,12705030,0
9.15559,1,9145239299,10352224,0
9.15811,0,9147762305,10352224,0
9.16066,2,9150303311,10352224,0
9.16327,1,9155591523,7677018,0
9.16579,0,9158114529,7677018,0
9.16833,2,9160655535,7677018,0
9.17343,1,9163268541,10164024,0
9.17596,0,9165791547,10164024,0
9.18352,2,9168332553,15192036,0
9.19115,1,9173432565,17715042,0
9.1965,2,9183524589,12971024,0
9.2043,1,9191147607,13150224,0
9.20682,0,9175955571,30865266,0
9.20936,2,9196495613,12866230,0
9.21198,1,9204297831,7686018,0
9.21451,0,9206820837,7686018,0
9.21705,2,9209361843,7686018,0
9.22749,1,9211983849,15505036,0
9.23001,0,9214506855,15505036,0
9.23255,2,9217047861,15505036,0
9.24774,1,9227488885,20256048,0
9.25027,0,9230011891,20256048,0
9.26059,1,9247744933,12846224,0
9.26311,0,9250267939,12846224,0
9.27319,0,9263114163,10079012,0
9.27825,2,9232552897,45695290,0
9.28084,1,9260591157,20252036,0
9.28337,0,9273193175,10173024,0
9.28844,2,9278248187,10191024,0
9.29353,1,9280843193,12687030,0
9.29637,0,9283366199,13000030,0
9.30144,2,9288439211,13000030,0
9.31179,1,9293530223,18263248,0
9.31682,2,9301439241,15380236,0
9.32448,1,9311793471,12685024,0
9.32981,2,9316819477,12989030,0
9.33493,1,9324478495,10448024,0
9.33745,0,9296366229,41083296,0
9.34,2,9329808507,10191024,0
9.34761,1,9334926519,12687030,0
9.35014,0,9337449525,12687030,0
9.35542,2,9339999531,15418242,0
9.36305,1,9347613549,15436242,0
9.36557,0,9350136555,15436242,0
9.36813,2,9355417773,12714030,0
9.37822,1,9363049791,15172030,0
9.38074,0,9365572797,15172030,0
9.38329,2,9368131803,15163030,0
9.39094,1,9378221821,12714030,0
9.39346,0,9380744827,12714030,0
9.39884,2,9383294833,15541036,0
9.40669,1,9390935851,15749242,0
9.40921,0,9393458857,15749242,0
9.41934,1,9406685093,12658024,0
9.42187,0,9409208099,12658024,0
9.42694,2,9398835869,28103266,0
9.42985,1,9419343117,10509892,0
9.43238,0,9421866123,10509892,0
9.43996,2,9426939135,13023898,0
9.44507,1,9429853009,15219036,0
9.4476,0,9432376015,15219036,0
9.45284,2,9439963033,12875230,0
9.45543,1,9445072045,10361224,0
9.45796,0,9447595051,10361224,0
9.46052,2,9452838263,7686018,0
9.46558,0,9457956275,7621012,0
9.47063,2,9460524281,10108018,0
9.47573,1,9455433269,20299042,0
9.47826,0,9465577287,12678030,0
9.48332,2,9470632299,12687030,0
9.48592,1,9475732311,10191024,0
9.49094,2,9483319329,7621012,0
9.49604,1,9485923335,10117018,0
9.49856,0,9478255317,20308042,0
9.50142,2,9490940341,10477024,0
9.50926,1,9496040353,13217236,0
9.51427,2,9501417365,12848230,0
9.52191,1,9509257589,12649024,0
9.52691,2,9514265595,12649024,0
9.53235,1,9521906613,10448018,0
9.53488,0,9498563359,36314278,0
9.53993,2,9526914619,13018030,0
9.54756,1,9532354631,15201036,0
9.55008,0,9534877637,15201036,0
9.55285,2,9539932649,12922236,0
9.56049,1,9547555667,12931236,0
9.56301,0,9550078673,12931236,0
9.56556,2,9552854885,12705030,0
9.57566,0,9563009909,12649024,0
9.57821,2,9565559915,12649024,0
9.58584,1,9560486903,25354054,0
9.59592,1,9585840957,10079012,0
9.59844,0,9575658933,22784042,0
9.60404,2,9578208939,25828254,0
9.61417,1,9595919969,18245248,0
9.61669,0,9598442975,18245248,0
9.61926,2,9604037193,15219036,0
9.63193,1,9614165217,17760042,0
9.63476,0,9616688223,18073042,0
9.63731,2,9619256229,18055042,0
9.64497,1,9631925259,13045030,0
9.65245,2,9637311271,15134024,0
9.65527,1,9644970289,10296218,0
9.65779,0,9634761265,23028248,0
9.66035,2,9652445295,7903224,0
9.66294,1,9655266507,7677018,0
9.66547,0,9657789513,7677018,0
9.67054,1,9662943525,7594012,0
9.67306,0,9665466531,7594012,0
9.67812,2,9660348519,17767036,0
9.68322,1,9670537537,12678030,0
9.68574,0,9673060543,12678030,0
9.6908,2,9678115555,12687030,0
9.69843,1,9683215567,15219036,0
9.70367,2,9690802585,12866230,0
9.70911,1,9698434603,10674224,0
9.71413,2,9703668815,10457018,0
9.71924,1,9709108827,10135018,0
9.72177,0,9685738573,36028278,0
9.7243,2,9714125833,10173024,0
9.73444,1,9719243845,15201036,0
9.73728,0,9721766851,15514036,0
9.73981,2,9724298857,15514036,0
9.74999,1,9734444881,15541036,0
9.75273,0,9737280887,15445242,0
9.75526,2,9739812893,15445242,0
9.76286,1,9749985917,12875230,0
9.76538,0,9752726129,12658024,0
9.76792,2,9755258135,12658024,0
9.77557,1,9762861147,12705030,0
9.78057,2,9767916159,12649024,0
9.79073,1,9775566177,15163030,0
9.79325,0,9765384153,27868060,0
9.79578,2,9780565183,15219036,0
9.809,1,9790729207,18272248,0
9.81152,0,9793252213,18272248,0
9.82168,1,9809001455,12676024,0
9.8242,0,9811524461,12676024,0
9.82673,2,9795784219,30948272,0
9.83187,1,9821677479,10191024,0
9.83687,2,9826732491,10135018,0
9.8423,1,9831868503,10430018,0
9.8473,2,9836867509,10430018,0
9.8499,1,9842298521,7603012,0
9.85242,0,9824200485,28224054,0
9.85496,2,9847297527,7659018,0
9.8628,1,9849901533,12895236,0
9.8678,2,9854956545,12839230,0
9.88299,1,9862796769,20191042,0
9.88551,0,9852424539,33086278,0
9.88804,2,9867795775,20247048,0
9.89819,1,9882987811,15199030,0
9.90071,0,9885510817,15199030,0
9.91138,1,9898186841,13188230,0
9.91637,2,9888042823,28331254,0
9.92146,0,9900709847,20753236,0
9.924,2,9916374077,7621012,0
9.9291,1,9911375071,17729030,0
9.93163,0,9921463083,10164024,0
9.93416,2,9923995089,10164024,0
9.94457,0,9931627107,12944024,0
9.9471,2,9934159113,12944024,0
9.94973,1,9929104101,20621042,0
9.95225,0,9944571131,7677018,0
9.955,2,9947103137,7894224,0
9.96011,1,9949725143,10381230,0
9.96263,0,9952248149,10381230,0
9.96517,2,9954997361,10173024,0
9.97024,1,9960106373,10135018,0
9.97276,0,9962629379,10135018,0
9.97529,2,9965170385,10117018,0
9.98293,1,9970241391,12687030,0
9.98545,0,9972764397,12687030,0
9.98797,2,9975287403,12687030,0
9.99312,1,9982928421,10191024,0
9.99811,2,9987974433,10135018,0
10.0007,1,9993119445,7603012,0
10.0035,0,9985451427,18011242,0
10.006,2,9998109451,7876224,0
10.0111,1,10000722457,10381230,0
10.019,1,10011103687,7860006,0
10.0215,0,10003462669,18024030,0
10.024,2,10005985675,18024030,0
10.0367,1,10018963693,17706042,0
10.0392,0,10021486699,17706042,0
10.0417,2,10024009705,17706042,0
10.0497,1,10036669735,13045030,0
10.0522,0,10039192741,13045030,0
10.0548,2,10041715747,13045030,0
10.0625,1,10049714765,12810224,0
10.065,0,10052237771,12810224,0
10.0676,2,10054760777,12810224,0
10.0702,1,10062524989,7677018,0
10.0727,0,10065047995,7677018,0
10.0752,2,10067571001,7677018,0
10.0804,1,10070202007,10164024,0
10.0829,0,10072725013,10164024,0
10.0904,0,10082889037,7547006,0
10.093,2,10075248019,17711030,0
10.0981,1,10080366031,17711030,0
10.1006,0,10090436043,10164024,0
10.1031,2,10092959049,10164024,0
10.1084,1,10098077061,10334224,0
10.1109,0,10100600067,10334224,0
10.1135,2,10103123073,10334224,0
10.1214,1,10108411285,13018030,0
10.124,0,10110934291,13018030,0
10.134,0,10123952321,10079012,0
10.1391,1,10121429315,17682024,0
10.1416,0,10134031333,7603012,0
10.1442,2,10113457297,30700054,0
10.1496,1,10139111339,10477024,0
10.1521,0,10141634345,10477024,0
10.1546,2,10144157351,10477024,0
10.1599,1,10149588363,10334224,0
10.1624,0,10152111369,10334224,0
10.165,2,10154634375,10334224,0
10.1777,1,10159922587,17733042,0
10.1826,2,10164968599,17677036,0
10.1878,1,10177655629,10162018,0
10.1928,2,10182645635,10162018,0
10.1979,1,10187817647,10117018,0
10.2005,0,10162445593,38012078,0
10.2032,2,10192807653,10390230,0
10.2083,1,10197934665,10390230,0
10.2108,0,10200457671,10390230,0
10.2134,2,10203197883,10173024,0
10.2213,1,10208324895,13000030,0
10.2238,0,10210847901,13000030,0
10.2264,2,10213370907,13000030,0
10.234,1,10221324925,12705030,0
10.2366,0,10223847931,12705030,0
10.2391,2,10226370937,12705030,0
10.2496,1,10234029955,15532036,0
10.2521,0,10236552961,15532036,0
10.2546,2,10239075967,15532036,0
10.265,1,10249561991,15445242,0
10.2675,0,10252084997,15445242,0
10.2701,2,10254608003,15445242,0
10.2827,1,10265007233,17742042,0
10.2853,0,10267530239,17742042,0
10.2878,2,10270053245,17742042,0
10.2929,1,10282749275,10162018,0
10.2954,0,10285272281,10162018,0
10.298,2,10287795287,10162018,0
10.3033,1,10292911293,10390230,0
10.3058,0,10295434299,10390230,0
10.3083,2,10297957305,10390230,0
10.3213,0,10305824529,15476036,0
10.3238,2,10308347535,15476036,0
10.334,0,10321300565,12658024,0
10.3365,2,10323823571,12658024,0
10.3416,1,10303301523,38325084,0
10.3441,0,10333958589,10191024,0
10.3573,0,10344149613,13105224,0
10.3598,2,10336481595,23296248,0
10.3674,1,10341626607,25810254,0
10.37,0,10357254837,12705030,0
10.3725,2,10359777843,12705030,0
10.3801,1,10367436861,12705030,0
10.3827,0,10369959867,12705030,0
10.3852,2,10372482873,12705030,0
10.3903,1,10380141891,10191024,0
10.3929,0,10382664897,10191024,0
10.3954,2,10385187903,10191024,0
10.4055,0,10392855921,12631024,0
10.408,2,10395378927,12631024,0
10.4183,1,10390332915,27955254,0
10.4208,0,10405486945,15324230,0
10.4236,2,10408009951,15637230,0
10.4263,1,10418288169,7999018,0
10.4288,0,10420811175,7999018,0
10.4313,2,10423647181,7686018,0
10.4365,1,10426287187,10164024,0
10.439,0,10428810193,10164024,0
10.4415,2,10431333199,10164024,0
10.4544,0,10438974217,15458036,0
10.4572,2,10441497223,15675242,0
10.4648,1,10436451211,28389272,0
10.4698,2,10457172465,12658024,0
10.48,0,10454432253,25524254,0
10.4901,1,10464840483,25242042,0
10.4926,0,10479956507,12649024,0
10.4951,2,10469830489,25298048,0
10.5055,1,10490082525,15436242,0
10.508,0,10492605531,15436242,0
10.5207,1,10505518767,15190030,0
10.5232,0,10508041773,15190030,0
10.5337,1,10520708797,12971024,0
10.5362,0,10523231803,12971024,0
10.5387,2,10495128537,43597296,0
10.5463,1,10533679821,12649024,0
10.5513,2,10538725833,12593018,0
10.5595,0,10536202827,23258242,0
10.562,2,10551318851,10665224,0
10.5671,1,10546328845,20800242,0
10.5697,0,10559461069,10191024,0
10.5722,2,10561984075,10191024,0
10.5848,2,10572175099,12575018,0
10.5898,0,10569652093,20196030,0
10.5924,2,10584750117,7621012,0
10.5975,1,10567129087,30360054,0
10.6,0,10589848123,10164024,0
10.6028,2,10592371129,10381230,0
10.6079,1,10597489141,10390230,0
10.6104,0,10600012147,10390230,0
10.6129,2,10602752359,10173024,0
10.6231,1,10607879371,15201036,0
10.6256,0,10610402377,15201036,0
10.6284,2,10612925383,15514036,0
10.6361,1,10623080407,13027030,0
10.6386,0,10625603413,13027030,0
10.6412,2,10628439419,12714030,0
10.6513,1,10636107437,15219036,0
10.6565,2,10641153449,15380236,0
10.6645,1,10651326473,13188230,0
10.667,0,10638630443,28407266,0
10.6696,2,10656533685,13027030,0
10.6772,1,10664514703,12705030,0
10.6797,0,10667037709,12705030,0
10.6874,1,10677219733,10135018,0
10.6923,2,10669560715,22784042,0
10.7025,0,10679742739,22710036,0
10.7128,1,10687354751,25441248,0
10.7153,0,10702452775,12866230,0
10.7178,2,10692344757,25497254,0
10.7255,1,10712795999,12714030,0
10.728,0,10715319005,12714030,0
10.7384,0,10728033035,10392012,0
10.7409,2,10717842011,23106042,0
10.7486,1,10725510029,23079042,0
10.7511,0,10738425047,12687030,0
10.7667,1,10748589071,18151242,0
10.7693,0,10751112077,18151242,0
10.7718,2,10740948053,30838272,0
10.782,1,10766740313,15255036,0
10.7845,0,10769263319,15255036,0
10.7921,1,10781995349,10144018,0
10.7947,0,10784518355,10144018,0
10.7972,2,10771786325,25399054,0
10.8076,1,10792139367,15418242,0
10.8176,1,10807557609,10088012,0
10.8202,0,10794662373,25506254,0
10.8227,2,10797185379,25506254,0
10.8332,1,10817645621,15514036,0
10.8357,0,10820168627,15514036,0
10.8382,2,10822691633,15514036,0
10.8509,1,10833159657,17742042,0
10.8559,2,10838205669,17686036,0
10.8691,0,10835682663,33406272,0
10.8716,2,10855891705,15720236,0
10.8818,1,10850901699,30892266,0
10.8868,2,10871611941,15172030,0
10.9019,0,10869088935,32858066,0
10.9045,2,10886783971,17686036,0
10.9124,1,10881793965,30579266,0
10.9149,0,10901947001,12949236,0
10.9174,2,10904470007,12949236,0
10.9276,1,10912373231,15228036,0
10.9301,0,10914896237,15228036,0
10.9326,2,10917419243,15228036,0
10.9406,1,10927601267,13027030,0
10.9432,0,10930124273,13027030,0
10.956,0,10943151303,12810224,0
10.9585,2,10932647279,25837254,0
10.9665,1,10940628297,25837254,0
10.969,0,10955961527,13027030,0
10.9715,2,10958484533,13027030,0
10.9792,1,10966465551,12705030,0
10.9842,2,10971511563,12649024,0
10.9993,0,10968988557,30326060,0
11.0018,2,10984160587,17677036,0
11.0072,1,10979170581,28056260,0
11.0097,0,10999314617,10435230,0
11.0123,2,11001837623,10435230,0
11.0199,1,11007226841,12705030,0
11.0225,0,11009749847,12705030,0
11.025,2,11012272853,12705030,0
11.0379,0,11022454877,15476036,0
11.0405,2,11024977883,15476036,0
11.0506,0,11037930913,12658024,0
11.0531,2,11040453919,12658024,0
11.0635,1,11019931871,43570302,0
11.066,0,11050588937,15436242,0
11.074,1,11063502173,10475018,0
11.0765,0,11066025179,10475018,0
11.079,2,11053111943,25911260,0
11.0841,1,11073977191,10117018,0
11.0866,0,11076500197,10117018,0
11.0891,2,11079023203,10117018,0
11.0918,1,11084094209,7659018,0
11.0943,0,11086617215,7659018,0
11.0968,2,11089140221,7659018,0
11.1044,0,11094276233,10108018,0
11.1071,2,11096799239,10325224,0
11.1173,1,11091753227,25526260,0
11.1198,0,11104384251,15418242,0
11.1223,2,11107124463,15201036,0
11.1274,1,11117279487,10144018,0
11.1299,0,11119802493,10144018,0
11.1325,2,11122325499,10144018,0
11.1404,1,11127423505,13000030,0
11.1429,0,11129946511,13000030,0
11.1455,2,11132469517,13000030,0
11.1533,1,11140423535,12922236,0
11.1559,0,11142946541,12922236,0
11.1584,2,11145469547,12922236,0
11.1686,1,11153345771,15228036,0
11.1714,0,11155868777,15541036,0
11.1841,1,11168573807,15485030,0
11.1866,0,11171409813,15172030,0
11.1891,2,11158391783,30713066,0
11.2017,1,11184058837,17686036,0
11.2043,0,11186581843,17686036,0
11.207,2,11189104849,17903242,0
11.2122,1,11201744873,10435230,0
11.2147,0,11204267879,10435230,0
11.2172,2,11207008091,10218024,0
11.2224,1,11212180103,10173024,0
11.2249,0,11214703109,10173024,0
11.2274,2,11217226115,10173024,0
11.235,0,11224876133,10117018,0
11.2375,2,11227399139,10117018,0
11.2401,1,11222353127,17776036,0
11.243,0,11234993151,7972018,0
11.2506,1,11240129163,10421018,0
11.2531,0,11242965169,10108018,0
11.2608,1,11250550181,10278218,0
11.2634,0,11253073187,10278218,0
11.2659,2,11237516157,28358254,0
11.2685,1,11260828399,7659018,0
11.271,0,11263351405,7659018,0
11.2738,2,11265874411,7972018,0
11.2815,1,11268487417,12991030,0
11.284,0,11271010423,12991030,0
11.2916,1,11281478447,10135018,0
11.2941,0,11284001453,10135018,0
11.2967,2,11273846429,22813048,0
11.3045,1,11291613465,12904236,0
11.307,0,11294136471,12904236,0
11.3096,2,11296659477,12904236,0
11.3172,1,11304517701,12714030,0
11.3198,0,11307040707,12714030,0
11.3223,2,11309563713,12714030,0
11.3274,1,11317231731,10191024,0
11.3324,2,11322277743,10135018,0
11.335,1,11327422755,7603012,0
11.3375,0,11319754737,17794036,0
11.3401,2,11332412761,7659018,0
11.3427,1,11335025767,7650018,0
11.3455,0,11337548773,7963018,0
11.348,2,11340071779,7963018,0
11.3559,1,11342675785,13208236,0
11.3584,0,11345511791,12895236,0
11.3609,2,11348034797,12895236,0
11.3711,1,11355884021,15219036,0
11.3736,0,11358407027,15219036,0
11.3765,2,11360930033,15532036,0
11.3891,0,11373626063,15485030,0
11.3916,2,11376462069,15172030,0
11.4068,0,11389111093,17686036,0
11.4093,2,11391634099,17686036,0
11.4223,1,11371103057,51148314,0
11.4248,0,11406797129,17977248,0
11.4273,2,11409320135,17977248,0
11.435,1,11422251371,12741030,0
11.44,2,11427297383,12685024,0
11.448,1,11434992401,12962024,0
11.4505,0,11424774377,25703054,0
11.453,2,11439982407,13018030,0
11.4609,1,11447954425,12922236,0
11.4634,0,11450477431,12922236,0
11.4659,2,11453000437,12922236,0
11.4839,0,11463399667,20504042,0
11.4864,2,11465922673,20504042,0
11.4941,1,11460876661,33245072,0
11.4966,0,11483903709,12741030,0
11.4992,2,11486426715,12741030,0
11.5121,1,11494121733,17950248,0
11.5146,0,11496644739,17950248,0
11.5171,2,11499167745,17950248,0
11.5273,1,11512071981,15255036,0
11.5323,2,11517117993,15199030,0
11.5375,1,11527327017,10144018,0
11.54,0,11514594987,25399054,0
11.5425,2,11532317023,10200024,0
11.5505,1,11537471035,13000030,0
11.5557,2,11542517047,13161230,0
11.5608,1,11550471065,10352224,0
11.5633,0,11539994041,23352254,0
11.5659,2,11555678277,10191024,0
11.571,1,11560823289,10173024,0
11.576,2,11565869301,10117018,0
11.5814,1,11570996313,10430018,0
11.5864,2,11575986319,10430018,0
11.5915,1,11581426331,10117018,0
11.5941,0,11563346295,30720060,0
11.5966,2,11586416337,10173024,0
11.6042,1,11591543349,12687030,0
11.617,1,11604230379,12810224,0
11.6196,0,11594066355,25497254,0
11.6272,1,11617040603,10144018,0
11.6297,0,11619563609,10144018,0
11.6322,2,11596589361,35641272,0
11.6449,1,11627184621,17715042,0
11.6474,0,11629707627,17715042,0
11.6499,2,11632230633,17715042,0
11.6657,1,11644899663,20804254,0
11.6682,0,11647422669,20804254,0
11.6707,2,11649945675,20804254,0
11.6863,1,11665703917,20614048,0
11.6888,0,11668226923,20614048,0
11.6914,2,11670749929,20614048,0
11.7042,1,11686317965,17930242,0
11.7068,0,11688840971,17930242,0
11.7093,2,11691363977,17930242,0
11.7145,1,11704248207,10227024,0
11.7195,2,11709294219,10171018,0
11.7246,1,11714475231,10117018,0
11.7271,0,11706771213,20344042,0
11.7296,2,11719465237,10173024,0
11.7372,0,11727115255,10117018,0
11.7448,1,11724592249,20234036,0
11.7473,0,11737232273,10117018,0
11.7499,2,11729638261,20234036,0
11.758,0,11747349291,10647224,0
11.7605,2,11749872297,10647224,0
11.7707,1,11744826285,25848260,0
11.7732,0,11757996515,15201036,0
11.7757,2,11760519521,15201036,0
11.7862,1,11770674545,15541036,0
11.7887,0,11773197551,15541036,0
11.7913,2,11775720557,15541036,0
11.8014,1,11786215581,15228036,0
11.804,0,11788738587,15228036,0
11.8067,2,11791261593,15445242,0
11.8168,1,11801443617,15389236,0
11.8218,2,11806706835,15116024,0
11.8245,1,11816832853,7630012,0
11.827,0,11803966623,23019248,0
11.8295,2,11821822859,7686018,0
11.8346,1,11824462865,10164024,0
11.8396,2,11829508877,10108018,0
11.8447,0,11826985871,17711030,0
11.8472,2,11839616895,7603012,0
11.8579,1,11834626889,23269248,0
11.8604,0,11844696901,15722242,0
11.8681,1,11857896137,10162018,0
11.873,2,11847219907,25828254,0
11.8807,1,11868058155,12631024,0
11.8832,0,11860419143,22793042,0
11.8857,2,11873048161,12687030,0
11.8987,0,11883212185,15476030,0
11.9012,2,11885735191,15476030,0
11.9066,1,11880689179,25893260,0
11.9116,2,11901211221,10361224,0
11.9167,1,11906582439,10135018,0
11.9192,0,11898688215,20552248,0
11.9218,2,11911572445,10191024,0
11.9294,1,11916717457,12687030,0
11.9319,0,11919240463,12687030,0
11.9395,1,11929404487,10135018,0
11.9421,0,11931927493,10135018,0
11.9446,2,11921763469,22822048,0
11.9575,1,11939539505,17932248,0
11.9603,0,11942062511,18245248,0
11.9628,2,11944585517,18245248,0
11.9756,1,11957471753,18082042,0
11.9781,0,11960307759,17769042,0
11.9806,2,11962830765,17769042,0
11.9935,0,11978076801,15447024,0
11.9986,1,11975553795,23077036,0
12.0012,0,11993523825,7630012,0
12.0037,2,11980599807,23077036,0
12.0065,1,11998630831,7867224,0
12.0115,2,12003676843,7811218,0
12.0141,1,12006498055,7594012,0
12.0166,0,12001153837,15461236,0
12.0191,2,12011488061,7650018,0
12.0243,1,12014092067,10164024,0
12.0292,2,12019138079,10108018,0
12.0419,1,12024256091,17659036,0
12.0444,0,12016615073,27823060,0
12.047,2,12029246097,17715042,0
12.0549,1,12041915127,12949236,0
12.0574,0,12044438133,12949236,0
12.0599,2,12046961139,12949236,0
12.0704,0,12057387369,12971024,0
12.0729,2,12059910375,12971024,0
12.078,1,12054864363,23162048,0
12.0805,0,12070358393,10191024,0
12.0831,2,12072881399,10191024,0
12.0935,1,12078026411,15458036,0
12.096,0,12080549417,15458036,0
12.0985,2,12083072423,15458036,0
12.1064,1,12093484447,12875230,0
12.1089,0,12096007453,12875230,0
12.1114,2,12098530459,12875230,0
12.1166,1,12106359677,10191024,0
12.1191,0,12108882683,10191024,0
12.1216,2,12111405689,10191024,0
12.1292,1,12116550701,12687030,0
12.1318,0,12119073707,12687030,0
12.1343,2,12121596713,12687030,0
12.1419,1,12129237731,12705030,0
12.1445,0,12131760737,12705030,0
12.147,2,12134283743,12705030,0
12.1621,0,12144465767,17621030,0
12.1651,2,12146988773,18151236,0
12.1703,1,12141942761,28369260,0
12.1728,0,12162086797,10748230,0
12.1754,2,12165140009,10218024,0
12.1855,1,12170312021,15201036,0
12.188,0,12172835027,15201036,0
12.1906,2,12175358033,15201036,0
12.196,1,12185513057,10513024,0
12.1985,0,12188036063,10513024,0
12.2011,2,12190559069,10513024,0
12.214,1,12196026081,17932248,0
12.2165,0,12198549087,17932248,0
12.219,2,12201072093,17932248,0
12.2267,1,12213958329,12732030,0
12.2292,0,12216481335,12732030,0
12.2317,2,12219004341,12732030,0
12.2394,1,12226690359,12705030,0
12.2419,0,12229213365,12705030,0
12.2444,2,12231736371,12705030,0
12.2521,1,12239395389,12705030,0
12.2548,0,12241918395,12922236,0
12.2574,2,12244441401,12922236,0
12.265,1,12252100419,12922236,0
12.2703,2,12257363637,12962024,0
12.283,0,12254840631,28125054,0
12.2855,2,12270325661,15163030,0
12.2957,1,12265022655,30648060,0
12.2985,0,12282965685,15541036,0
12.301,2,12285488691,15541036,0
12.3089,1,12295670715,13244236,0
12.3114,0,12298506721,12931236,0
12.314,2,12301029727,12931236,0
12.3291,0,12311437957,17677036,0
12.3442,2,12313960963,30243048,0
12.3468,1,12308914951,37920066,0
12.3494,0,12329114993,20243030,0
12.3519,2,12344204011,7677018,0
12.3547,1,12346835017,7867224,0
12.3572,0,12349358023,7867224,0
12.3597,2,12351881029,7867224,0
12.3649,1,12354702241,10173024,0
12.3674,0,12357225247,10173024,0
12.3702,2,12359748253,10486024,0
12.3754,1,12364875265,10486024,0
12.3779,0,12367398271,10486024,0
12.3804,2,12370234277,10173024,0
12.388,1,12375361289,12687030,0
12.393,2,12380407301,12631024,0
12.3982,1,12388048319,10135018,0
12.401,0,12377884295,23135048,0
12.4163,0,12401019343,15306230,0
12.4188,2,12393038325,25810254,0
12.429,0,12416325573,12676024,0
12.4315,2,12418848579,12676024,0
12.4392,1,12398183337,41000284,0
12.4417,0,12429001597,12705030,0
12.4442,2,12431524603,12705030,0
12.4571,1,12439183621,17950248,0
12.4597,0,12441706627,17950248,0
12.4622,2,12444229633,17950248,0
12.4777,1,12457133869,20542042,0
12.4802,0,12459656875,20542042,0
12.4827,2,12462179881,20542042,0
12.4954,1,12477675911,17769042,0
12.498,0,12480198917,17769042,0
12.5005,2,12482721923,17769042,0
12.5137,1,12495444953,18290248,0
12.5163,0,12497967959,18290248,0
12.5289,1,12513735201,15201030,0
12.5315,0,12516258207,15201030,0
12.5416,1,12528936231,12658024,0
12.5441,0,12531459237,12658024,0
12.5466,2,12500490965,46149302,0
12.5518,1,12541594255,10191024,0
12.5545,0,12544117261,10408230,0
12.557,2,12546640267,10408230,0
12.5647,1,12551785279,12904236,0
12.5672,0,12554525491,12687030,0
12.5697,2,12557048497,12687030,0
12.5777,1,12564689515,13018030,0
12.5802,0,12567212521,13018030,0
12.5828,2,12569735527,13018030,0
12.5904,1,12577707545,12705030,0
12.5929,0,12580230551,12705030,0
12.5955,2,12582753557,12705030,0
12.6033,1,12590412575,12922236,0
12.6062,0,12592935581,13235236,0
12.6087,2,12595458587,13235236,0
12.6164,1,12603334811,13018030,0
12.6189,0,12606170817,12705030,0
12.629,1,12616352841,12649024,0
12.6315,0,12618875847,12649024,0
12.634,2,12608693823,25354054,0
12.6442,1,12629001865,15219036,0
12.6595,0,12631524871,27982254,0
12.662,2,12634047877,27982254,0
12.6696,0,12659507125,10135018,0
12.6722,2,12662030131,10135018,0
12.6801,1,12644220901,35842260,0
12.6826,0,12669642143,12944024,0
12.6851,2,12672165149,12944024,0
12.6927,0,12682586167,10135018,0
12.6952,2,12685109173,10135018,0
12.6979,1,12680063161,17794036,0
12.7004,0,12692721185,7659018,0
12.7029,2,12695244191,7659018,0
12.7057,1,12697857197,7867224,0
12.7086,0,12700380203,8180224,0
12.7111,2,12702903209,8180224,0
12.7187,1,12705724421,12991030,0
12.7237,2,12711083433,12622024,0
12.7314,1,12718715451,12649024,0
12.7364,2,12723705457,12649024,0
12.744,1,12731364475,12649024,0
12.7465,0,12708560427,37976078,0
12.7491,2,12736354481,12705030,0
12.7544,1,12744013499,10408230,0
12.7569,0,12746536505,10408230,0
12.7721,0,12756944735,15107024,0
12.7746,2,12749059511,25515254,0
12.7825,1,12754421729,28078048,0
12.785,0,12772051759,12971024,0
12.7901,1,12782499777,7621012,0
12.7926,0,12785022783,7621012,0
12.7952,2,12774574765,20592036,0
12.8054,2,12795166801,10269218,0
12.808,1,12790120789,17928236,0
12.8109,0,12792643795,18241236,0
12.8134,2,12805436019,7972018,0
12.8185,0,12810885031,7594012,0
12.821,2,12813408037,7594012,0
12.8236,1,12808049025,15557030,0
12.8261,0,12818479043,7650018,0
12.8287,2,12821002049,7650018,0
12.8338,1,12823606055,10164024,0
12.8363,0,12826129061,10164024,0
12.8388,2,12828652067,10164024,0
12.8439,1,12833770079,10173024,0
12.8465,0,12836293085,10173024,0
12.849,2,12838816091,10173024,0
12.8568,1,12843943103,12904236,0
12.8594,0,12846466109,12904236,0
12.8619,2,12848989115,12904236,0
12.8721,1,12856847339,15219036,0
12.8746,0,12859370345,15219036,0
12.8771,2,12861893351,15219036,0
12.8851,1,12872066375,13027030,0
12.8876,0,12874589381,13027030,0
12.9002,1,12885093405,15107024,0
12.9027,0,12887616411,15107024,0
12.9134,1,12900200429,13188230,0
12.9159,0,12902723435,13188230,0
12.9184,2,12877112387,41322284,0
12.9286,1,12913388659,15228036,0
12.9311,0,12915911665,15228036,0
12.9513,1,12928616695,22660042,0
12.9538,0,12931139701,22660042,0
12.9565,2,12918434671,38105284,0
12.9692,0,12953799743,15434236,0
12.9718,2,12956539955,15217030,0
12.9819,0,12969233979,12658024,0
12.9922,2,12971756985,20482024,0
12.9948,1,12951276737,43485278,0
12.9999,0,12981892003,17988024,0
13.0024,2,12992239009,10164024,0
13.0102,0,12999880027,10334224,0
13.0127,2,13002403033,10334224,0
13.0156,1,12994762015,20811248,0
13.0207,0,13010214251,10504024,0
13.0232,2,13012737257,10504024,0
13.0258,1,13015573263,10191024,0
13.0384,0,13020718275,17715042,0
13.041,2,13023241281,17715042,0
13.0435,1,13025764287,17715042,0
13.0487,0,13038433317,10218024,0
13.0512,2,13040956323,10218024,0
13.0537,1,13043479329,10218024,0
13.059,0,13048651341,10390230,0
13.0616,2,13051174347,10390230,0
13.0641,1,13053697353,10390230,0
13.0692,0,13059041571,10173024,0
13.0742,1,13064087583,10117018,0
13.0793,0,13069214595,10117018,0
13.0843,1,13074204601,10117018,0
13.0898,0,13079331613,10430018,0
13.0923,2,13061564577,30720060,0
13.0948,1,13084321619,10486024,0
13.0999,0,13089761631,10173024,0
13.1025,2,13092284637,10173024,0
13.105,1,13094807643,10173024,0
13.1103,0,13099934655,10390230,0
13.1128,2,13102457661,10390230,0
13.1154,1,13104980667,10390230,0
13.1308,0,13110324885,20504042,0
13.1334,2,13112847891,20504042,0
13.1435,2,13133351933,10115012,0
13.146,1,13115370897,30619054,0
13.1511,0,13130828927,20232030,0
13.1561,1,13145989951,10061012,0
13.1589,0,13151060957,7820218,0
13.1614,2,13143466945,17937236,0
13.1639,1,13156050963,7876224,0
13.1665,0,13158881175,7659018,0
13.1691,2,13161404181,7659018,0
13.1716,1,13163927187,7659018,0
13.1792,0,13166540193,12678030,0
13.1817,2,13169063199,12678030,0
13.1897,0,13179218223,10448018,0
13.1922,2,13181741229,10448018,0
13.1947,1,13171586205,23126048,0
13.2076,0,13189666241,17932248,0
13.2101,2,13192189247,17932248,0
13.2126,1,13194712253,17932248,0
13.2256,0,13207598489,18026042,0
13.2281,2,13210121495,18026042,0
13.2307,1,13212644501,18026042,0
13.2409,0,13225624531,15246036,0
13.2434,2,13228147537,15246036,0
13.2588,0,13240870567,17903242,0
13.2638,1,13230670543,33093272,0
13.279,0,13258773809,20218042,0
13.284,1,13263763815,20218042,0
13.2945,2,13243393573,51063302,0
13.3073,0,13278991851,28322254,0
13.3098,2,13294456875,15380236,0
13.3124,1,13283981857,28378260,0
13.3228,2,13309837111,12971030,0
13.3253,1,13312360117,12971030,0
13.3355,0,13307314105,28190066,0
13.338,2,13322808141,15219036,0
13.3406,1,13325331147,15219036,0
13.3559,2,13338027177,17903242,0
13.3585,1,13340550183,17903242,0
13.3687,0,13335504171,33149278,0
13.3712,2,13355930419,15246036,0
13.3737,1,13358453425,15246036,0
13.3788,0,13368653449,10144018,0
13.3813,2,13371176455,10144018,0
13.3838,1,13373699461,10144018,0
13.3915,0,13378797467,12687030,0
13.3968,1,13383843479,12944024,0
13.4019,0,13391484497,10448018,0
13.4069,1,13396787503,10135018,0
13.4148,0,13401932515,12848230,0
13.4173,2,13381320473,35983278,0
13.4198,1,13406922521,12904236,0
13.4278,0,13414780745,13018030,0
13.4328,1,13419826757,12962024,0
13.4379,0,13427798775,10135018,0
13.4405,2,13417303751,23153048,0
13.443,1,13432788781,10191024,0
13.4506,0,13437933793,12687030,0
13.4534,2,13440456799,12904236,0
13.4635,0,13450620823,12866230,0
13.466,2,13453361035,12649024,0
13.4685,1,13442979805,25553260,0
13.4837,0,13463487053,20247048,0
13.4887,1,13468533065,20191042,0
13.5017,1,13488724107,12942018,0
13.5045,0,13483734101,20780236,0
13.507,2,13466010059,41027284,0
13.5096,1,13501666125,7894224,0
13.5147,0,13504514337,10164024,0
13.5172,2,13507037343,10164024,0
13.5197,1,13509560349,10164024,0
13.5302,0,13514678361,15514036,0
13.5327,2,13517201367,15514036,0
13.5352,1,13519724373,15514036,0
13.5404,0,13530192397,10200024,0
13.5429,2,13532715403,10200024,0
13.5454,1,13535238409,10200024,0
13.5583,2,13542915427,15362236,0
13.5608,1,13545438433,15362236,0
13.576,0,13540392421,35636284,0
13.5786,2,13558277663,20274048,0
13.5811,1,13560800669,20274048,0
13.5938,0,13576028705,17769042,0
13.5991,1,13581074717,18026042,0
13.6045,0,13593797747,10692230,0
13.607,2,13578551711,28461272,0
13.6095,1,13599100759,10435230,0
13.6172,0,13604489977,12705030,0
13.6197,2,13607012983,12705030,0
13.6222,1,13609535989,12705030,0
13.6327,0,13617195007,15532036,0
13.6353,2,13619718013,15532036,0
13.6454,0,13632727043,12658024,0
13.6479,2,13635250049,12658024,0
13.6504,1,13622241019,28190060,0
13.6558,0,13645385067,10408230,0
13.6583,2,13647908073,10408230,0
13.6608,1,13650431079,10408230,0
13.671,0,13655793297,15219036,0
13.6735,2,13658316303,15219036,0
13.6761,1,13660839309,15219036,0
13.6837,0,13671012333,12714030,0
13.6862,2,13673535339,12714030,0
13.6888,1,13676058345,12714030,0
13.7089,1,13688772375,20079030,0
13.7243,0,13683726363,40579284,0
13.7268,2,13686249369,40579284,0
13.7294,1,13708851405,20500254,0
13.7399,0,13724305647,15586036,0
13.7424,2,13726828653,15586036,0
13.7449,1,13729351659,15586036,0
13.7579,0,13739891683,17959248,0
13.7628,1,13744937695,17903242,0
13.7756,0,13757850931,17704036,0
13.7781,2,13742414689,35663284,0
13.7806,1,13762840937,17760042,0
13.7908,0,13775554967,15246036,0
13.7933,2,13778077973,15246036,0
13.8065,0,13790801003,15702236,0
13.809,2,13793324009,15702236,0
13.8115,1,13780600979,30948272,0
13.8192,0,13806503239,12732030,0
13.8218,2,13809026245,12732030,0
13.8243,1,13811549251,12732030,0
13.8319,0,13819235269,12649024,0
13.8347,2,13821758275,12962024,0
13.8372,1,13824281281,12962024,0
13.8424,0,13831884293,10504024,0
13.8449,2,13834720299,10191024,0
13.8474,1,13837243305,10191024,0
13.8578,0,13842388317,15362236,0
13.8627,1,13847434329,15306230,0
13.8729,0,13857750553,15190030,0
13.8755,2,13844911323,30552266,0
13.878,1,13862740559,15246036,0
13.8857,0,13872940583,12714030,0
13.8882,2,13875463589,12714030,0
13.8983,0,13885654613,12649024,0
13.9089,0,13898303637,10609224,0
13.9164,1,13877986595,38385272,0
13.924,0,13908912861,15091024,0
13.9265,2,13888177619,38349272,0
13.9291,1,13916371867,12687030,0
13.937,0,13924003885,13027030,0
13.9396,2,13926526891,13027030,0
13.9421,1,13929058897,13018030,0
13.955,0,13937030915,17950248,0
13.9575,2,13939553921,17950248,0
13.9651,0,13954981163,10162018,0
13.9677,2,13957504169,10162018,0
13.9803,0,13965143181,15145030,0
13.9828,2,13967666187,15145030,0
13.9853,1,13942076927,43257296,0
13.9929,0,13980288211,12658024,0
13.9955,2,13982811217,12658024,0
13.998,1,13985334223,12658024,0
14.0059,0,13992946235,12922236,0
14.0087,2,13995469241,13235236,0
14.0188,0,14005868471,12962024,0
14.0214,2,14008704477,12649024,0
14.0239,1,13997992247,25884260,0
14.0366,0,14018830495,17733042,0
14.0419,1,14023876507,17990036,0
14.047,0,14036563537,10475018,0
14.052,1,14041866543,10162018,0
14.0598,2,14021353501,38486278,0
14.0624,1,14052028561,10334224,0
14.0675,0,14047038555,20469242,0
14.0725,1,14062362785,10135018,0
14.0751,0,14067507797,7603012,0
14.0776,2,14059839779,17794036,0
14.0802,1,14072497803,7659018,0
14.0903,2,14077633815,12622024,0
14.0928,1,14080156821,12622024,0
14.1057,0,14075110809,30572272,0
14.1082,2,14090255839,17950248,0
14.1212,0,14105683081,15512030,0
14.1262,1,14092778845,33406272,0
14.1339,0,14121195111,12658024,0
14.1364,2,14108206087,28170054,0
14.1389,1,14126185117,12714030,0
14.1493,2,14136376141,12962024,0
14.1519,1,14138899147,12962024,0
14.1623,0,14133853135,28398266,0
14.1648,2,14149338165,15436242,0
14.1723,0,14162251401,10088012,0
14.1749,2,14164774407,10088012,0
14.1774,1,14151861171,25524254,0
14.1825,0,14172339413,10173024,0
14.185,2,14174862419,10173024,0
14.1876,1,14177385425,10173024,0
14.1952,0,14182512437,12687030,0
14.2002,1,14187558449,12631024,0
14.208,0,14195199467,12810224,0
14.2105,2,14185035443,25497254,0
14.2134,1,14200189473,13179230,0
14.221,0,14208009691,13018030,0
14.2236,2,14210532697,13018030,0
14.2261,1,14213368703,12705030,0
14.2312,0,14221027721,10191024,0
14.2337,2,14223550727,10191024,0
14.2363,1,14226073733,10191024,0
14.2467,2,14233741751,12944024,0
14.2492,1,14236264757,12944024,0
14.2546,0,14231218745,23352254,0
14.2571,2,14246685775,10408230,0
14.2596,1,14249208781,10408230,0
14.2673,0,14254570999,12705030,0
14.2698,2,14257094005,12705030,0
14.2723,1,14259617011,12705030,0
14.2775,0,14267276029,10191024,0
14.28,2,14269799035,10191024,0
14.2825,1,14272322041,10191024,0
14.2902,0,14277467053,12687030,0
14.2927,2,14279990059,12687030,0
14.2952,1,14282513065,12687030,0
14.3003,0,14290154083,10191024,0
14.3029,2,14292677089,10191024,0
14.3056,1,14295200095,10408230,0
14.3161,0,14300345107,15731242,0
14.3186,2,14302868113,15731242,0
14.3211,1,14305608325,15514036,0
14.3338,0,14316076349,17742042,0
14.3363,2,14318599355,17742042,0
14.3389,1,14321122361,17742042,0
14.3494,0,14333818391,15559036,0
14.3519,2,14336341397,15559036,0
14.3544,1,14338864403,15559036,0
14.3648,0,14349377427,15445242,0
14.3673,2,14351900433,15445242,0
14.3699,1,14354423439,15445242,0
14.3775,0,14364822669,12658024,0
14.38,2,14367345675,12658024,0
14.3825,1,14369868681,12658024,0
14.3877,0,14377480693,10191024,0
14.3902,2,14380003699,10191024,0
14.3927,1,14382526705,10191024,0
14.4053,0,14387671717,17659036,0
14.4079,2,14390194723,17659036,0
14.4106,1,14392717729,17876242,0
14.4186,0,14405330753,13271262,0
14.4211,2,14407853759,13271262,0
14.4236,1,14410593971,13054056,0
14.4338,0,14418602015,15172030,0
14.4363,2,14421125021,15172030,0
14.4388,1,14423648027,15172030,0
14.4465,0,14433774045,12714030,0
14.4493,2,14436297051,13027030,0
14.4518,1,14438820057,13027030,0
14.4622,0,14446488075,15749242,0
14.4648,2,14449324081,15436242,0
14.4774,0,14462237317,15190030,0
14.48,2,14464760323,15190030,0
14.4825,1,14451847087,30626272,0
14.4901,0,14477427347,12714030,0
14.4927,2,14479950353,12714030,0
14.508,0,14490141377,17896242,0
14.513,1,14482473359,30554266,0
14.5185,0,14508037619,10486390,0
14.521,2,14492664383,28382632,0
14.5236,1,14513027625,10542396,0
14.5337,0,14518524009,15201036,0
14.5387,1,14523570021,15145030,0
14.5489,2,14521047015,27803054,0
14.5517,1,14538715051,12971024,0
14.557,0,14533725045,23323248,0
14.5596,2,14548850069,10721230,0
14.5621,1,14551686075,10408230,0
14.5697,2,14559571299,10117018,0
14.5722,1,14562094305,10117018,0
14.5799,0,14557048293,22804048,0
14.5824,2,14569688317,12687030,0
14.5849,1,14572211323,12687030,0
14.5926,0,14579852341,12705030,0
14.5951,2,14582375347,12705030,0
14.5976,1,14584898353,12705030,0
14.608,0,14592557371,15436242,0
14.6105,2,14595080377,15436242,0
14.613,1,14597603383,15436242,0
14.621,0,14607993613,12989024,0
14.6235,2,14610516619,12989024,0
14.626,1,14613039625,12989024,0
14.6362,0,14620982637,15219036,0
14.6387,2,14623505643,15219036,0
14.6412,1,14626028649,15219036,0
14.6463,0,14636201673,10144018,0
14.6489,2,14638724679,10144018,0
14.6514,1,14641247685,10144018,0
14.6596,0,14646345691,13217236,0
14.6621,2,14648868697,13217236,0
14.6646,1,14651391703,13217236,0
14.6722,0,14659562927,12649024,0
14.6747,2,14662085933,12649024,0
14.6773,1,14664608939,12649024,0
14.6824,2,14674734957,7621012,0
14.6874,0,14672211951,15215024,0
14.6899,2,14682355969,7594012,0
14.6925,1,14677257963,15215024,0
14.6951,0,14687426975,7650018,0
14.7001,1,14692472987,7594012,0
14.7029,0,14695076993,7811218,0
14.7054,2,14689949981,15461236,0
14.7079,1,14700066999,7867224,0
14.7155,2,14705411217,10108018,0
14.718,1,14707934223,10108018,0
14.7235,0,14702888211,20594042,0
14.726,2,14715519235,10486024,0
14.7285,1,14718042241,10486024,0
14.7362,0,14723482253,12687030,0
14.7387,2,14726005259,12687030,0
14.7463,0,14736169283,10135018,0
14.7488,2,14738692289,10135018,0
14.7514,1,14728528265,22822048,0
14.7595,0,14746304301,13217236,0
14.762,2,14748827307,13217236,0
14.7646,1,14751350313,13217236,0
14.7697,0,14759521537,10200024,0
14.7722,2,14762044543,10200024,0
14.7773,0,14769721561,7603012,0
14.7798,2,14772244567,7603012,0
14.7824,1,14764567549,17803036,0
14.785,0,14777324573,7650018,0
14.7875,2,14779847579,7650018,0
14.79,1,14782370585,7650018,0
14.8002,0,14784974591,15192036,0
14.8129,2,14787497597,25441248,0
14.8155,1,14790020603,25441248,0
14.8181,0,14800166627,17926230,0
14.8206,2,14812938845,7677018,0
14.826,0,14818092857,7907018,0
14.8285,2,14820615863,7907018,0
14.8336,0,14825999875,7594012,0
14.8361,2,14828522881,7594012,0
14.8437,1,14815461851,28213054,0
14.8462,0,14833593887,12622024,0
14.8487,2,14836116893,12622024,0
14.8594,0,14846215911,13179230,0
14.8644,1,14843674905,20755242,0
14.8695,2,14848738917,20744236,0
14.8746,0,14859395141,15159018,0
14.8771,2,14869483153,7594012,0
14.8796,1,14864430147,15197024,0
14.8822,0,14874554159,7650018,0
14.8847,2,14877077165,7650018,0
14.8898,1,14879627171,10164024,0
14.8973,2,14884727183,12622024,0
14.8999,1,14889791195,10117018,0
14.9052,0,14882204177,23030254,0
14.9102,1,14899908213,10334224,0
14.9154,0,14905234431,10135018,0
14.9179,2,14897349207,20543248,0
14.9229,1,14910242437,12705030,0
14.9284,0,14915369449,13000030,0
14.9309,2,14917892455,13000030,0
14.9335,1,14922947467,10504024,0
14.9386,0,14928369479,10191024,0
14.9411,2,14930892485,10191024,0
14.9436,1,14933451491,10173024,0
14.9487,0,14938560503,10173024,0
14.9565,1,14943624515,12850230,0
14.9618,2,14941083509,20766248,0
14.9669,1,14956474745,10457024,0
14.972,0,14948733527,23298254,0
14.9746,2,14961849757,12705030,0
14.9771,1,14966931769,10173024,0
14.9847,0,14972031781,12705030,0
14.9873,2,14974554787,12705030,0
14.9898,1,14977104793,12687030,0
14.9949,0,14984736811,10191024,0
14.9999,1,14989791823,10135018,0
15.0027,0,14994927835,7820218,0
15.0053,2,14987259817,18011242,0
15.0078,1,14999926841,7876224,0
15.0154,0,15002748053,12687030,0
15.018,2,15005271059,12687030,0
15.028,2,15017958089,10079012,0
15.0309,1,15007803065,23079042,0
15.0335,0,15015435083,18051030,0
15.036,2,15028037101,7972018,0
15.0385,1,15030882107,7659018,0
15.0411,0,15033486113,7650018,0
15.0437,2,15036009119,7650018,0
15.0462,1,15038541125,7650018,0
15.054,0,15041136131,12895236,0
15.0566,2,15043659137,12895236,0
15.0591,1,15046191143,12895236,0
15.0645,0,15054031367,10504024,0
15.0671,2,15056554373,10504024,0
15.0696,1,15059086379,10504024,0
15.0747,0,15064535391,10173024,0
15.0772,2,15067058397,10173024,0
15.0798,1,15069590403,10173024,0
15.0849,0,15074708415,10173024,0
15.0899,1,15079763427,10117018,0
15.1,0,15084881439,15145030,0
15.1078,1,15089880445,17876242,0
15.123,0,15100026469,22931254,0
15.128,2,15077231421,50734308,0
15.1384,0,15122957723,15474030,0
15.141,2,15127965729,13016030,0
15.1511,0,15138431753,12658024,0
15.1538,2,15140981759,12866230,0
15.1564,1,15107756687,48614308,0
15.1668,1,15156370995,10392018,0
15.1694,0,15151089777,18268242,0
15.1719,2,15153847989,18051036,0
15.1744,1,15166763013,7659018,0
15.177,0,15169358019,7650018,0
15.1821,2,15171899025,10164024,0
15.1846,1,15174422031,10164024,0
15.1897,0,15177008037,12678030,0
15.1973,2,15182063049,15201036,0
15.1998,1,15184586055,15201036,0
15.2102,0,15189686067,20464254,0
15.2152,2,15197264085,17959248,0
15.2253,0,15210150321,15199030,0
15.2304,1,15199787091,30579266,0
15.2383,0,15225349351,12971024,0
15.2434,2,15215223333,28152054,0
15.251,0,15238320375,12649024,0
15.2537,2,15243375387,10361224,0
15.2613,0,15250969399,10352224,0
15.2639,2,15253736611,10135018,0
15.2667,1,15230366357,36341278,0
15.2769,0,15261321623,15532036,0
15.2794,2,15263871629,15514036,0
15.2819,1,15266707635,15201036,0
15.2946,0,15276853659,17742042,0
15.2971,2,15279385665,17742042,0
15.2997,1,15281908671,17742042,0
15.31,0,15294595701,15407236,0
15.3125,2,15297127707,15407236,0
15.3151,1,15299650713,15407236,0
15.3277,1,15315057949,12620018,0
15.3328,0,15310002937,22811042,0
15.3457,0,15332813979,12888024,0
15.3532,1,15327677967,25537048,0
15.356,2,15312534943,43420284,0
15.3611,1,15353215015,7847218,0
15.3636,2,15355955227,7630012,0
15.3715,0,15345702003,25828254,0
15.3741,1,15361062233,12991030,0
15.3766,2,15363585239,12991030,0
15.3842,0,15371530257,12705030,0
15.3892,2,15376576269,12649024,0
15.3994,0,15384235287,15163030,0
15.4019,1,15374053263,27868060,0
15.4047,2,15389225293,15436242,0
15.4199,0,15399398317,20473254,0
15.4224,1,15401921323,20473254,0
15.43,0,15419871571,10171018,0
15.4326,1,15422394577,10171018,0
15.4351,2,15404661535,30427066,0
15.4455,1,15432565595,12944024,0
15.448,2,15435088601,12944024,0
15.4534,0,15430042589,23352254,0
15.4559,1,15445509619,10408230,0
15.4584,2,15448032625,10408230,0
15.4686,0,15453394843,15219036,0
15.4714,1,15455917849,15532036,0
15.474,2,15458440855,15532036,0
15.4791,0,15468613879,10513024,0
15.4816,1,15471449885,10200024,0
15.4842,2,15473972891,10200024,0
15.4918,0,15479126903,12687030,0
15.4943,1,15481649909,12687030,0
15.4969,2,15484172915,12687030,0
15.5098,0,15491813933,17950248,0
15.5123,1,15494336939,17950248,0
15.5148,2,15496859945,17950248,0
15.5274,2,15514810193,12620018,0
15.5325,1,15512287187,20241030,0
15.5351,2,15527430211,7621012,0
15.543,0,15509764181,33232060,0
15.548,2,15535051223,12935024,0
15.5533,0,15542996241,10352224,0
15.5559,1,15532528217,23343254,0
15.5584,2,15547986247,10408230,0
15.5686,0,15553348465,15219036,0
15.5711,1,15555871471,15219036,0
15.5739,2,15558394477,15532036,0
15.5841,0,15568567501,15485030,0
15.5866,1,15571090507,15485030,0
15.5891,2,15573926513,15172030,0
15.5943,0,15584052531,10200024,0
15.5968,1,15586575537,10200024,0
15.5993,2,15589098543,10200024,0
15.6097,0,15594252555,15418242,0
15.6122,1,15596775561,15418242,0
15.6147,2,15599298567,15418242,0
15.6299,0,15609670797,20256048,0
15.6324,1,15612193803,20256048,0
15.635,2,15614716809,20256048,0
15.648,1,15632449851,15512030,0
15.6583,1,15647961881,10305218,0
15.6608,2,15634972857,25817248,0
15.6735,0,15629926845,43550290,0
15.6763,1,15658267099,18046042,0
15.6788,2,15660790105,18046042,0
15.694,1,15676313141,17704036,0
15.7069,0,15673477135,33424272,0
15.7119,2,15678836147,33055266,0
15.722,1,15694017177,28027254,0
15.7246,2,15711891413,12676024,0
15.7322,0,15706901407,25325048,0
15.7347,1,15722044431,12705030,0
15.7373,2,15724567437,12705030,0
15.7424,0,15732226455,10191024,0
15.7449,1,15734749461,10191024,0
15.7531,0,15742417479,10647224,0
15.7556,1,15744940485,10647224,0
15.7581,2,15737272467,20838248,0
15.7683,0,15753064703,15219036,0
15.7733,2,15758110715,15163030,0
15.7787,0,15768283739,10457018,0
15.7813,1,15755587709,25676054,0
15.7914,0,15778740757,12631024,0
15.7939,1,15781263763,12631024,0
15.7964,2,15773273745,23144048,0
15.8042,0,15791371781,12866230,0
15.8068,1,15793894787,12866230,0
15.8093,2,15796417793,12866230,0
15.8119,0,15804238011,7686018,0
15.8144,1,15806761017,7686018,0
15.817,2,15809284023,7686018,0
15.8221,0,15811924029,10164024,0
15.8246,1,15814447035,10164024,0
15.8271,2,15816970041,10164024,0
15.8323,0,15822088053,10173024,0
15.8373,2,15827134065,10117018,0
15.8424,0,15832261077,10117018,0
15.8449,1,15824611059,20290042,0
15.8474,2,15837251083,10173024,0
15.8556,0,15842378095,13217236,0
15.8581,1,15844901101,13217236,0
15.8632,0,15855595331,7630012,0
15.8657,1,15858118337,7630012,0
15.8683,2,15847424107,20847248,0
15.8709,0,15863225343,7650018,0
15.8759,2,15868271355,7594012,0
15.8785,0,15870875361,7594012,0
15.8813,1,15865748349,15557030,0
15.8864,0,15878469373,7907012,0
15.8889,1,15881305379,7594012,0
15.8914,2,15875865367,15557030,0
15.894,0,15886376385,7650018,0
15.8965,1,15888899391,7650018,0
15.8991,2,15891422397,7650018,0
15.9017,0,15894026403,7650018,0
15.9042,1,15896549409,7650018,0
15.912,0,15901676421,10325224,0
15.9145,1,15904199427,10325224,0
15.917,2,15899072415,17975242,0
15.9222,0,15912001645,10191024,0
15.9272,2,15917047657,10135018,0
15.9323,0,15922192669,10117018,0
15.9348,1,15914524651,20308042,0
15.9424,0,15932309687,10117018,0
15.9474,2,15927182675,20234036,0
15.95,0,15942426705,7603012,0
15.9529,1,15934832693,18033030,0
15.9556,2,15947416711,8189224,0
15.9607,0,15950029717,10694230,0
15.9683,0,15960723947,7549006,0
15.9708,1,15952865723,17930236,0
15.9733,2,15955605935,17713030,0
15.9759,0,15968272953,7650018,0
15.9784,1,15970795959,7650018,0
15.981,2,15973318965,7650018,0
15.9839,0,15975922971,7963018,0
15.9864,1,15978445977,7963018,0
15.9889,2,15980968983,7963018,0
15.9915,0,15983885989,7650018,0
15.9941,1,15986408995,7650018,0
15.9966,2,15988932001,7650018,0
16.0067,1,15994059013,12622024,0
16.0092,2,15996582019,12622024,0
16.0221,1,16006681037,15380236,0
16.0246,2,16009204043,15380236,0
16.0323,0,15991536007,40716290,0
16.0348,1,16022061273,12714030,0
16.0373,2,16024584279,12714030,0
16.0499,1,16034775303,15163030,0
16.0525,2,16037298309,15163030,0
16.0606,1,16049938333,10674224,0
16.0631,2,16052461339,10674224,0
16.0733,0,16032252297,41056290,0
16.0758,1,16060612557,15219036,0
16.0784,2,16063135563,15219036,0
16.0863,0,16073308587,13027030,0
16.0913,2,16078354599,12971024,0
16.099,0,16086335617,12649024,0
16.104,2,16091325623,12649024,0
16.1119,0,16098984641,12866230,0
16.1144,1,16075831593,38542284,0
16.1169,2,16103974647,12922236,0
16.1246,0,16111850871,12714030,0
16.1271,1,16114373877,12714030,0
16.1322,0,16124564901,7621012,0
16.1372,2,16116896883,20279036,0
16.1398,0,16132185913,7594012,0
16.1423,1,16127087907,15215024,0
16.1524,0,16139779925,12622024,0
16.1549,1,16142302931,12622024,0
16.158,2,16137175919,20802248,0
16.1631,0,16152401949,10721230,0
16.1681,2,16157978167,10135018,0
16.1707,0,16163123179,7603012,0
16.1732,1,16154924955,18324242,0
16.1758,2,16168113185,7659018,0
16.1809,0,16170726191,10164024,0
16.1859,2,16175772203,10108018,0
16.1913,0,16180890215,10430018,0
16.1938,1,16173249197,20594042,0
16.2064,1,16193843239,12575018,0
16.2193,0,16191320233,27955254,0
16.2218,1,16206418257,15380236,0
16.2243,2,16185880221,38441278,0
16.2344,0,16219275487,15172030,0
16.237,1,16221798493,15172030,0
16.2395,2,16224321499,15172030,0
16.2446,0,16234447517,10200024,0
16.2472,1,16236970523,10200024,0
16.2497,2,16239493529,10200024,0
16.2575,0,16244647541,12848230,0
16.2603,1,16247170547,13161230,0
16.2629,2,16249693553,13161230,0
16.273,1,16260331777,12658024,0
16.2755,2,16262854783,12658024,0
16.2807,0,16257495771,23162048,0
16.2832,1,16272989801,10191024,0
16.2857,2,16275512807,10191024,0
16.2937,0,16280657819,13000030,0
16.2962,1,16283180825,13000030,0
16.2987,2,16285703831,13000030,0
16.3116,0,16293657849,17950248,0
16.3141,1,16296180855,17950248,0
16.3167,2,16298703861,17950248,0
16.3269,0,16311608097,15255036,0
16.3294,1,16314131103,15255036,0
16.3319,2,16316654109,15255036,0
16.3421,0,16326863133,15228036,0
16.3446,1,16329386139,15228036,0
16.3471,2,16331909145,15228036,0
16.355,0,16342091169,12931236,0
16.36,2,16347137181,12875230,0
16.368,0,16355022405,12971024,0
16.3705,1,16344614175,25902260,0
16.373,2,16360012411,13027030,0
16.3807,1,16370516435,10135018,0
16.3832,2,16373039441,10135018,0
16.3883,0,16367993429,20308042,0
16.3936,2,16383174459,10430024,0
16.3987,0,16388301471,10430024,0
16.4013,1,16380651453,20603048,0
16.404,2,16393604483,10390230,0
16.4091,1,16401254501,7820218,0
16.4116,2,16403994713,7603012,0
16.4142,0,16398731495,15470236,0
16.4167,1,16409074719,7650018,0
16.4192,2,16411597725,7650018,0
16.4219,0,16414201731,7650018,0
16.4244,1,16416724737,7650018,0
16.432,0,16421851749,10108018,0
16.4345,1,16424374755,10108018,0
16.437,2,16419247743,17758036,0
16.4421,0,16431959767,10173024,0
16.4471,2,16437005779,10117018,0
16.4522,0,16442132791,10117018,0
16.4548,1,16434482773,20290042,0
16.4575,2,16447122797,10390230,0
16.4655,0,16452249809,13217236,0
16.468,1,16454772815,13217236,0
16.4857,0,16465467045,20193042,0
16.4907,2,16457513027,33137066,0
16.5011,0,16485660087,15456030,0
16.5061,2,16490650093,15456030,0
16.5139,0,16501116117,12819224,0
16.5165,1,16467990051,48468296,0
16.519,2,16506106123,12875230,0
16.5292,0,16513935341,15219036,0
16.5317,1,16516458347,15219036,0
16.5418,0,16529154377,12658024,0
16.5443,1,16531677383,12658024,0
16.5469,2,16518981353,27877060,0
16.5569,1,16544335407,12593018,0
16.5622,0,16541812401,20431236,0
16.5648,1,16556928425,7838218,0
16.5676,2,16546858413,20744236,0
16.5778,0,16562243637,15514036,0
16.5803,1,16564766643,15514036,0
16.5854,0,16577757673,7630012,0
16.5904,2,16567602649,22775042,0
16.5983,0,16585387685,12935024,0
16.6008,1,16580280679,20565036,0
16.6036,2,16590377691,13208236,0
16.6137,1,16600845715,12866230,0
16.6162,2,16603585927,12649024,0
16.6214,0,16598322709,23057254,0
16.6264,2,16616234951,10135018,0
16.6315,0,16621379963,10117018,0
16.634,1,16613711945,20308042,0
16.6416,0,16631496981,10117018,0
16.6441,1,16634019987,10117018,0
16.6467,2,16626369969,20290042,0
16.6545,0,16641613999,12904236,0
16.657,1,16644137005,12904236,0
16.6647,0,16654518235,10144018,0
16.67,2,16646660011,23305254,0
16.6751,0,16664662253,10430024,0
16.6776,1,16657041241,20574042,0
16.6827,0,16675092277,7603012,0
16.6877,2,16669965265,17720030,0
16.6903,0,16682695289,7594012,0
16.6928,1,16677615283,15197024,0
16.6953,2,16687685295,7650018,0
16.7008,0,16690289301,10477024,0
16.7033,1,16692812307,10477024,0
16.7136,0,16700766325,12848230,0
16.7161,1,16703289331,12848230,0
16.7187,2,16695335313,23325254,0
16.7288,1,16716137561,12658024,0
16.7313,2,16718660567,12658024,0
16.7415,0,16713614555,27877060,0
16.744,1,16728795585,15219036,0
16.7544,0,16741491615,12875230,0
16.7594,2,16731318591,28038260,0
16.767,0,16754366845,12658024,0
16.7723,2,16759356851,12971030,0
16.7874,2,16772327881,15107024,0
16.7925,1,16744014621,48493296,0
16.8001,0,16767024869,33106066,0
16.8107,1,16792507917,18216242,0
16.8209,0,16800130935,20748248,0
16.8234,2,16787434905,35976284,0
16.831,1,16810724159,20283048,0
16.8487,2,16823411189,25334048,0
16.8513,0,16820879183,30389060,0
16.8566,1,16831007207,25560254,0
16.8642,2,16848745237,15436242,0
16.8692,1,16856567461,12649024,0
16.8747,2,16864181479,10475018,0
16.8772,0,16851268243,25920260,0
16.8797,1,16869216485,10504024,0
16.8873,2,16874656497,12687030,0
16.8899,0,16877188503,12687030,0
16.8949,1,16879720509,15201036,0
16.9027,0,16889875533,12866230,0
16.9081,1,16894921545,13188230,0
16.9207,0,16902741763,17990036,0
16.9233,1,16908109775,15163030,0
16.9359,0,16920731799,15190030,0
16.9384,1,16923272805,15172030,0
16.9459,2,16887343527,58587314,0
16.9585,1,16938444835,20034024,0
16.9613,2,16945930841,15333230,0
16.9664,0,16935921829,30478254,0
16.9689,1,16958478859,10444230,0
16.974,2,16961264071,12732030,0
16.9794,0,16966400083,13018030,0
16.9819,1,16968923089,13018030,0
16.9845,2,16973996101,10504024,0
16.9896,0,16979418113,10191024,0
16.9946,2,16984500125,10117018,0
16.9997,1,16981941119,17738030,0
17.0022,2,16994617143,7603012,0
17.005,0,16989609137,15414230,0
17.0079,1,16999679149,8180224,0
17.0104,2,17002220155,8180224,0
17.0205,1,17007859373,12631024,0
17.0256,0,17005023367,20565036,0
17.0281,1,17020490397,7621012,0
17.0307,2,17010400379,20252036,0
17.0332,0,17025588403,7650018,0
17.0358,1,17028111409,7650018,0
17.0383,2,17030652415,7650018,0
17.0459,0,17033238421,12678030,0
17.0484,1,17035761427,12678030,0
17.051,2,17038302433,12678030,0
17.0614,0,17045916451,15436242,0
17.0639,1,17048439457,15436242,0
17.0689,2,17050980463,17950248,0
17.0766,0,17061352693,15246036,0
17.0794,1,17063875699,15559036,0
17.0896,0,17076598729,12971024,0
17.0921,1,17079434735,12658024,0
17.0971,2,17068930711,28217060,0
17.105,0,17089569753,15436242,0
17.1129,2,17097147771,15702242,0
17.1179,1,17092092759,25855260,0
17.1205,2,17112850013,7648012,0
17.1256,0,17105005995,20592042,0
17.1281,1,17117948019,10173024,0
17.1307,2,17120498025,10164024,0
17.1433,0,17125598037,17715042,0
17.1458,1,17128121043,17715042,0
17.1484,2,17130662049,17715042,0
17.1588,0,17143313079,15463242,0
17.1613,1,17145836085,15463242,0
17.1638,2,17148377091,15463242,0
17.174,0,17158776321,15246036,0
17.179,2,17163840333,15190030,0
17.1995,1,17161299327,38217078,0
17.2021,2,17179030363,23027048,0
17.21,0,17174022357,35947278,0
17.2128,1,17199516405,13289236,0
17.2153,2,17202057411,13289236,0
17.223,0,17209969635,13018030,0
17.2255,1,17212805641,12705030,0
17.2406,1,17225510671,15107024,0
17.2432,2,17215346647,27812054,0
17.2508,0,17222987665,27821054,0
17.2533,1,17240617695,12714030,0
17.2583,2,17243158701,15172030,0
17.2662,0,17250808719,15380236,0
17.2687,1,17253331725,15380236,0
17.2713,2,17258330731,12931236,0
17.2764,0,17266188955,10200024,0
17.2789,1,17268711961,10200024,0
17.2815,2,17271261967,10191024,0
17.2944,1,17278911985,15458030,0
17.2994,2,17281452991,17972036,0
17.3048,0,17276388979,28389266,0
17.3073,1,17294370015,12931236,0
17.3099,2,17299425027,10435230,0
17.3153,0,17304778245,10504024,0
17.3203,2,17309860257,10430018,0
17.3229,0,17315282269,7603012,0
17.3254,1,17307301251,18107036,0
17.3305,2,17320290275,10173024,0
17.3356,0,17322885281,12678030,0
17.3381,1,17325408287,12678030,0
17.3406,2,17330463299,10173024,0
17.3507,1,17338086317,12649024,0
17.3535,2,17340636323,12848230,0
17.3611,0,17335563311,25571260,0
17.3637,1,17350735341,12922236,0
17.3662,2,17353484553,12705030,0
17.3738,0,17361134571,12705030,0
17.3839,0,17373839601,10081012,0
17.3868,1,17363657577,23099042,0
17.3893,2,17366189583,23099042,0
17.3969,0,17383920613,13000030,0
17.3994,1,17386756619,12687030,0
17.402,2,17389288625,12687030,0
17.4148,1,17399443649,15324230,0
17.4176,2,17401975655,15637230,0
17.4328,0,17396920643,35842260,0
17.4353,1,17414767879,20518030,0
17.4378,2,17417612885,20205030,0
17.4429,0,17432762903,10173024,0
17.4455,1,17435285909,10173024,0
17.448,2,17437817915,10173024,0
17.4533,0,17442935927,10390230,0
17.4558,1,17445458933,10390230,0
17.4584,2,17447990939,10390230,0
17.466,0,17453326157,12705030,0
17.4686,1,17455849163,12705030,0
17.4711,2,17458381169,12705030,0
17.4762,0,17466031187,10135018,0
17.4787,1,17468554193,10135018,0
17.4812,2,17471086199,10135018,0
17.4838,0,17476166205,7659018,0
17.4863,1,17478689211,7659018,0
17.4892,2,17481221217,7972018,0
17.4993,0,17483825223,15505036,0
17.5019,1,17486348229,15505036,0
17.5044,2,17489193235,15192036,0
17.5123,0,17499330259,12931236,0
17.5148,1,17501853265,12931236,0
17.5202,0,17512261495,7934018,0
17.5227,1,17514784501,7934018,0
17.5253,2,17504385271,20865254,0
17.5278,0,17520195513,7650018,0
17.5304,1,17522718519,7650018,0
17.5329,2,17525250525,7650018,0
17.538,0,17527845531,10164024,0
17.5405,1,17530368537,10164024,0
17.5456,2,17532900543,12678030,0
17.5506,1,17540532561,10117018,0
17.5534,2,17545578573,7838218,0
17.556,0,17538009555,17993242,0
17.5585,1,17550649579,7876224,0
17.5611,2,17553416791,7650018,0
17.5637,0,17556002797,7650018,0
17.5687,2,17561066809,7594012,0
17.5712,0,17563652815,7594012,0
17.5738,1,17558525803,15244030,0
17.5763,2,17568660821,7650018,0
17.5789,0,17571246827,7650018,0
17.5814,1,17573769833,7650018,0
17.584,2,17576310839,7650018,0
17.5865,0,17578896845,7650018,0
17.5891,1,17581419851,7650018,0
17.5919,2,17583960857,7963018,0
17.5945,0,17586546863,7963018,0
17.597,1,17589069869,7963018,0
17.6021,2,17591923875,10164024,0
17.6074,0,17594509881,12895236,0
17.6099,1,17597032887,12895236,0
17.615,0,17607405117,7621012,0
17.6175,1,17609928123,7621012,0
17.6201,2,17602087899,17993242,0
17.623,0,17615026129,7963018,0
17.6255,1,17617549135,7963018,0
17.628,2,17620081141,7963018,0
17.6332,0,17622989147,10164024,0
17.6357,1,17625512153,10164024,0
17.6382,2,17628044159,10164024,0
17.6458,0,17633153171,12687030,0
17.6484,1,17635676177,12687030,0
17.6509,2,17638208183,12687030,0
17.6588,0,17645840201,12922236,0
17.6613,1,17648363207,12922236,0
17.6713,2,17650895213,20433236,0
17.6739,0,17658762437,15161018,0
17.6764,1,17661285443,15161018,0
17.679,2,17671328449,7650018,0
17.6866,0,17673923455,12678030,0
17.6891,1,17676446461,12678030,0
17.6917,2,17678978467,12678030,0
17.6971,0,17686601485,10504024,0
17.6996,1,17689124491,10504024,0
17.7049,2,17691656497,13235236,0
17.7125,0,17697105509,15418242,0
17.715,1,17699628515,15418242,0
17.7176,2,17704891733,12705030,0
17.7306,0,17712523751,18055042,0
17.7331,1,17715046757,18055042,0
17.7356,2,17717596763,18046042,0
17.7483,0,17730578793,17760042,0
17.7509,1,17733101799,17760042,0
17.7561,2,17735642805,20491254,0
17.7688,1,17750861841,17921242,0
17.7738,2,17756134059,17713036,0
17.7865,0,17748338835,38139284,0
17.789,1,17768783083,20218042,0
17.7916,2,17773847095,17704036,0
17.797,0,17786478119,10540024,0
17.7995,1,17789001125,10540024,0
17.8048,2,17791551131,13262236,0
17.815,0,17797018143,17932248,0
17.8175,1,17799541149,17932248,0
17.8279,0,17814950391,12942018,0
17.8304,1,17817473397,12942018,0
17.838,2,17804813367,33189066,0
17.8507,0,17827892409,22761054,0
17.8532,1,17830415415,22761054,0
17.8585,2,17838002433,20473254,0
17.8636,0,17850653463,12920230,0
17.8661,1,17853176469,12920230,0
17.8686,2,17858475687,10171018,0
17.8788,0,17863573693,15219036,0
17.8813,1,17866096699,15219036,0
17.8965,0,17878792729,17686036,0
17.8993,1,17881315735,17999036,0
17.9018,2,17868646705,33200072,0
17.9148,0,17896478765,18290248,0
17.9173,1,17899314771,17977248,0
17.9198,2,17901846777,17977248,0
17.9378,1,17917292019,20540042,0
17.9404,2,17919824025,20540042,0
17.9506,0,17914769013,35795078,0
17.9556,2,17940364067,15199030,0
17.971,0,17950564091,20417248,0
17.976,2,17955563097,20417248,0
17.9862,0,17970981339,15217030,0
17.9887,1,17937832061,50889314,0
17.9913,2,17975980345,15273036,0
17.9989,0,17986198369,12714030,0
18.0017,1,17988721375,13027030,0
18.0045,2,17991253381,13244236,0
18.0096,0,17998912399,10665224,0
18.0121,1,18001748405,10352224,0
18.0171,2,18004497617,12649024,0
18.0223,0,18009577623,12687030,0
18.0248,1,18012100629,12687030,0
18.0273,2,18017146641,10191024,0
18.0403,0,18022264653,18046042,0
18.0428,1,18024787659,18046042,0
18.0454,2,18027337665,18028042,0
18.0533,0,18040310695,12949236,0
18.0558,1,18042833701,12949236,0
18.0608,2,18045365707,15407236,0
18.0634,0,18053259931,10144018,0
18.0659,1,18055782937,10144018,0
18.0685,2,18060772943,7704018,0
18.0786,0,18063403949,15201036,0
18.0811,1,18065926955,15201036,0
18.0862,2,18068476961,17706042,0
18.0938,0,18078604985,15228036,0
18.0964,1,18081127991,15228036,0
18.107,0,18093833021,13188236,0
18.1095,1,18096356027,13188236,0
18.1121,2,18086183003,25920266,0
18.1197,1,18109544263,10144018,0
18.1222,2,18112103269,10135018,0
18.1299,0,18107021257,22831048,0
18.1324,1,18119688281,12687030,0
18.1352,2,18122238287,13000030,0
18.1404,0,18129852305,10504024,0
18.1429,1,18132375311,10504024,0
18.1479,2,18135238317,12705030,0
18.1533,0,18140356329,12904236,0
18.1558,1,18142879335,12904236,0
18.1634,2,18147943347,15436242,0
18.1735,2,18163379589,10106012,0
18.1786,0,18153260565,25307048,0
18.1811,1,18155783571,25307048,0
18.1887,2,18173485601,15201036,0
18.1913,0,18178567613,12705030,0
18.1938,1,18181090619,12705030,0
18.2014,2,18188686637,12714030,0
18.2042,0,18191272643,12922236,0
18.2171,2,18201400667,15693236,0
18.2222,0,18204194879,17999036,0
18.2298,2,18217093903,12676024,0
18.2324,0,18222193915,10162018,0
18.2377,1,18193795649,43890296,0
18.2427,2,18229769927,12962030,0
18.2503,1,18237685945,12631024,0
18.2681,1,18250316969,17784230,0
18.2707,2,18242731957,27928248,0
18.2733,0,18232355933,40899278,0
18.2758,1,18268101199,7704018,0
18.2783,2,18270660205,7677018,0
18.2834,0,18273255211,10164024,0
18.2885,1,18275805217,12678030,0
18.291,2,18278337223,12678030,0
18.2936,0,18283419235,10173024,0
18.2987,1,18288483247,10191024,0
18.3012,2,18291015253,10191024,0
18.3065,0,18293592259,12904236,0
18.3094,1,18298674271,10703230,0
18.3195,0,18306496495,12971024,0
18.3245,1,18309377501,15163030,0
18.3271,2,18301206277,25875260,0
18.3347,0,18319467519,15219036,0
18.3373,1,18324540531,12714030,0
18.3401,2,18327081537,13018030,0
18.3502,1,18337254561,12962024,0
18.358,0,18334686555,23323248,0
18.3606,1,18350216585,10352224,0
18.3656,0,18358009803,7603012,0
18.3682,1,18360568809,7603012,0
18.3707,2,18340099567,30604260,0
18.3758,0,18365612815,10164024,0
18.3808,1,18368171821,12678030,0
18.3834,2,18370703827,12678030,0
18.3935,1,18380849851,12649024,0
18.396,2,18383381857,12649024,0
18.4036,1,18393498875,10135018,0
18.4089,2,18396030881,12866230,0
18.4142,0,18375776839,38452278,0
18.4168,1,18403633893,13163230,0
18.4219,2,18408897111,12964024,0
18.4244,0,18414229117,10191024,0
18.4295,2,18421861135,7621012,0
18.432,0,18424420141,7603012,0
18.4371,1,18416797123,20308042,0
18.4396,2,18429482147,10164024,0
18.4425,0,18432023153,10477024,0
18.4476,1,18437105165,10486024,0
18.4501,2,18439646171,10486024,0
18.4579,1,18447591189,10334224,0
18.4605,2,18450132195,10334224,0
18.463,0,18442500177,20525248,0
18.4681,1,18457925413,10191024,0
18.4731,0,18463025425,10117018,0
18.4807,2,18460466419,20252036,0
18.4833,0,18473142443,10117018,0
18.4934,2,18480718455,12633024,0
18.4959,0,18483259461,12633024,0
18.4985,1,18468116437,30353054,0
18.506,2,18493351479,12649024,0
18.5113,1,18498469491,12792224,0
18.5192,0,18495892485,23258242,0
18.5242,1,18511261715,12971024,0
18.5293,2,18506000503,23314248,0
18.5344,0,18519150727,15219036,0
18.542,2,18529314751,12649024,0
18.5499,1,18524232739,25620048,0
18.5524,2,18541963775,10448018,0
18.5577,0,18534369763,23323248,0
18.5602,1,18549852787,10390230,0
18.5653,2,18552411793,12904236,0
18.5729,0,18557693011,15219036,0
18.5805,1,18560243017,20247048,0
18.5856,2,18565316029,20256048,0
18.5906,0,18572912047,17686036,0
18.5957,2,18585572077,10115012,0
18.5982,0,18590598083,7648012,0
18.6057,2,18595687089,10061012,0
18.6085,0,18598246095,10269218,0
18.6111,1,18580490065,30575254,0
18.6136,2,18605748101,7876224,0
18.6165,0,18608515313,7990018,0
18.6191,1,18611065319,7990018,0
18.6216,2,18613624325,7972018,0
18.6242,0,18616505331,7650018,0
18.6317,2,18621596343,10108018,0
18.6343,0,18624155349,10108018,0
18.6368,1,18619055337,17767036,0
18.6394,2,18631704361,7659018,0
18.6444,0,18634263367,10173024,0
18.6498,1,18636822373,12991030,0
18.6524,2,18639363379,12991030,0
18.6577,0,18644436391,13217236,0
18.6627,1,18649813403,12922236,0
18.6653,2,18652354409,12922236,0
18.6704,0,18657653627,12705030,0
18.6729,1,18662735639,10191024,0
18.6755,2,18665276645,10191024,0
18.6805,0,18670358657,10191024,0
18.6856,1,18672926663,12687030,0
18.6907,2,18675467669,15201036,0
18.6958,0,18680549681,15201036,0
18.6983,1,18685613693,12705030,0
18.7036,2,18690668705,12931236,0
18.7112,1,18698318723,12866230,0
18.7162,0,18695750717,20496242,0
18.7191,1,18711184953,7934012,0
18.7217,2,18703599941,18051030,0
18.7267,0,18716246959,10477024,0
18.7293,1,18719118965,10164024,0
18.7368,0,18726723983,10117018,0
18.7419,1,18729282989,12631024,0
18.7444,2,18721650971,22795048,0
18.747,0,18736841001,10173024,0
18.7549,1,18741914013,13018030,0
18.7577,2,18744446019,13235236,0
18.7602,0,18747014025,13217236,0
18.7653,1,18754932043,10408230,0
18.7679,2,18757681255,10191024,0
18.7729,0,18760231261,12705030,0
18.7755,1,18765340273,10173024,0
18.778,2,18767872279,10173024,0
18.7831,0,18772936291,10191024,0
18.7882,1,18775513297,12687030,0
18.7958,0,18783127315,12633024,0
18.7983,1,18788200327,10137018,0
18.8009,2,18778045303,22824048,0
18.8062,0,18795760339,10408230,0
18.8112,1,18798337345,12904236,0
18.8138,2,18800869351,12904236,0
18.8242,2,18813773587,10392018,0
18.8267,0,18806168569,20565042,0
18.8343,1,18811241581,23079048,0
18.8394,2,18824165605,15201036,0
18.8419,0,18826733611,15192036,0
18.8524,1,18834320629,18046042,0
18.8576,2,18839366641,18272248,0
18.8602,0,18841925647,18272248,0
18.8678,2,18857638889,10162018,0
18.8729,0,18860197895,12676024,0
18.8755,1,18852366671,23084254,0
18.8805,0,18872873919,7621012,0
18.8856,1,18875450925,10117018,0
18.8881,2,18867800907,20290042,0
18.8907,0,18880494931,10164024,0
18.8957,1,18885567943,10117018,0
18.8982,2,18888090949,10117018,0
18.9035,0,18890658955,12848230,0
18.9061,1,18895684961,10390230,0
18.9086,2,18898207967,10390230,0
18.9162,0,18903507185,12714030,0
18.9213,1,18906075191,15219036,0
18.9241,2,18908598197,15532036,0
18.9267,0,18916221215,10504024,0
18.9318,1,18921294227,10513024,0
18.9343,2,18924130233,10200024,0
18.9394,0,18926725239,12687030,0
18.942,1,18931807251,10173024,0
18.9551,1,18941980275,13105224,0
18.9576,2,18934330257,23278248,0
18.9627,0,18939412269,23296248,0
18.9703,1,18955085499,15228036,0
18.9728,2,18957608505,15228036,0
18.9805,0,18962708517,17742042,0
18.9905,2,18972836541,17686036,0
18.9956,0,18980450559,15190030,0
18.9982,1,18970313535,27904060,0
19.0007,2,18990522577,10218024,0
19.011,2,19000740601,10278218,0
19.0161,0,18995640589,20496242,0
19.0187,1,18998217595,20469242,0
19.0212,2,19011018819,10191024,0
19.0291,0,19016136831,13000030,0
19.0317,1,19018686837,13000030,0
19.0342,2,19021209843,13000030,0
19.0468,2,19034209873,12593018,0
19.0494,0,19029136861,20270036,0
19.052,1,19031686867,20270036,0
19.0545,2,19046802891,7677018,0
19.0601,0,19049406897,10694230,0
19.0627,1,19051956903,10694230,0
19.0677,0,19060101127,7603012,0
19.0703,1,19062651133,7603012,0
19.0728,2,19054479909,18297242,0
19.0754,0,19067704139,7650018,0
19.0779,1,19070254145,7650018,0
19.0804,2,19072777151,7650018,0
19.0855,1,19077904163,7594012,0
19.088,2,19080427169,7594012,0
19.0906,0,19075354157,15244030,0
19.0931,1,19085498175,7650018,0
19.0957,2,19088021181,7650018,0
19.0982,0,19090598187,7650018,0
19.1008,1,19093148193,7650018,0
19.1033,2,19095671199,7650018,0
19.1061,0,19098248205,7867224,0
19.1087,1,19100798211,7867224,0
19.1162,0,19106115429,10117018,0
19.1213,1,19108665435,12631024,0
19.1238,2,19103321217,20498248,0
19.1267,0,19116232447,10486024,0
19.1318,1,19121296459,10504024,0
19.1343,2,19123819465,10504024,0
19.1369,0,19126718471,10173024,0
19.142,1,19131800483,10173024,0
19.1445,2,19134323489,10173024,0
19.1471,0,19136891495,10173024,0
19.1521,1,19141973507,10173024,0
19.1547,2,19144496513,10173024,0
19.1603,0,19147064519,13217236,0
19.1628,1,19152146531,10703230,0
19.1654,2,19154669537,10703230,0
19.173,0,19160281755,12705030,0
19.1755,1,19162849761,12687030,0
19.1781,2,19165372767,12687030,0
19.1831,0,19172986785,10135018,0
19.1857,1,19175536791,10135018,0
19.1882,2,19178059797,10135018,0
19.1933,0,19183121803,10173024,0
19.1958,1,19185671809,10173024,0
19.2036,0,19193294827,10334224,0
19.2112,2,19188194815,22965248,0
19.2138,0,19203629051,10135018,0
19.2188,1,19195844833,22992248,0
19.2214,2,19211160063,10200024,0
19.2265,0,19213764069,12687030,0
19.2318,1,19218837081,13000030,0
19.2344,2,19221360087,13000030,0
19.237,0,19226451099,10504024,0
19.242,1,19231837111,10191024,0
19.2446,2,19234360117,10191024,0
19.2471,0,19236955123,10173024,0
19.2522,1,19242028135,10173024,0
19.2549,2,19244551141,10390230,0
19.2629,0,19247128147,15731242,0
19.2679,2,19254941371,12944024,0
19.2705,0,19262859389,7630012,0
19.273,1,19252201159,20838248,0
19.2756,2,19267885395,7677018,0
19.2807,0,19270489401,10164024,0
19.2832,1,19273039407,10164024,0
19.2857,2,19275562413,10164024,0
19.2908,0,19280653425,10173024,0
19.2959,1,19283203431,12687030,0
19.2984,2,19285726437,12687030,0
19.3062,0,19290826449,15418242,0
19.3088,1,19295890461,12922236,0
19.3113,2,19298413467,12922236,0
19.3165,0,19306244691,10218024,0
19.3215,1,19308812697,12714030,0
19.324,2,19311335703,12714030,0
19.3291,0,19316462715,12687030,0
19.3345,1,19321526727,13018030,0
19.3371,2,19324049733,13018030,0
19.3397,0,19329149745,10504024,0
19.3447,1,19334544757,10191024,0
19.3473,2,19337067763,10191024,0
19.3523,0,19339653769,12687030,0
19.3576,1,19344735781,12904236,0
19.3602,2,19347258787,12904236,0
19.3631,0,19352340799,10721230,0
19.3682,1,19357640017,10513024,0
19.3732,0,19363062029,10135018,0
19.3783,1,19368153041,10117018,0
19.3808,2,19360163023,20630042,0
19.3859,0,19373197047,12687030,0
19.391,1,19378270059,12687030,0
19.3935,2,19380793065,12687030,0
19.3986,0,19385884077,12705030,0
19.4011,1,19390957089,10191024,0
19.4089,0,19398589107,10352224,0
19.4115,1,19401148113,10334224,0
19.414,2,19393480095,20525248,0
19.4191,0,19408941331,10191024,0
19.4217,1,19411482337,10191024,0
19.4242,2,19414005343,10191024,0
19.4293,0,19419132355,10173024,0
19.4346,2,19424196367,10430024,0
19.4372,0,19429305379,7916018,0
19.4398,1,19421673361,18089042,0
19.4423,2,19434626391,7659018,0
19.4474,0,19437221397,10164024,0
19.4499,1,19439762403,10164024,0
19.4524,2,19442285409,10164024,0
19.4578,0,19447385421,10390230,0
19.4603,1,19449926427,10390230,0
19.4682,0,19457775651,10430024,0
19.4733,1,19460316657,12944030,0
19.4758,2,19452449433,23334260,0
19.4784,0,19468205675,10173024,0
19.4834,1,19473260687,10135018,0
19.4859,2,19475783693,10135018,0
19.4885,0,19478378699,10117018,0
19.4911,1,19483395705,7659018,0
19.4936,2,19485918711,7659018,0
19.5012,0,19488495717,12687030,0
19.5065,1,19491054723,15409242,0
19.509,2,19493577729,15409242,0
19.5166,0,19501182747,15436242,0
19.5217,1,19506463965,15246036,0
19.5242,2,19508986971,15246036,0
19.5397,1,19521710001,18001036,0
19.5422,2,19524233007,18001036,0
19.5524,0,19516618989,35761078,0
19.5627,1,19539711037,23005260,0
19.5652,2,19542234043,23005260,0
19.5757,0,19552380067,23327260,0
19.5859,1,19562716297,23137054,0
19.5884,2,19565239303,23137054,0
19.601,0,19575707327,25338060,0
19.6088,1,19585853351,22976254,0
19.6114,2,19588376357,22976254,0
19.6165,0,19601045387,15443236,0
19.6216,1,19608829605,12759030,0
19.6241,2,19611352611,12759030,0
19.6291,0,19616488623,12658024,0
19.6317,1,19621588635,10135018,0
19.6342,2,19624111641,10135018,0
19.6397,0,19629146647,10504024,0
19.6422,1,19631723653,10486024,0
19.6447,2,19634246659,10486024,0
19.6523,1,19642209677,10117018,0
19.6548,2,19644732683,10117018,0
19.6576,0,19639650671,17993242,0
19.6627,1,19652326695,10390230,0
19.6678,0,19657643913,10117018,0
19.6781,2,19654849701,23296248,0
19.6807,0,19667760931,12944024,0
19.6958,2,19678145949,17677036,0
19.6984,0,19680704955,17677036,0
19.7037,1,19662716925,41018284,0
19.7063,2,19695822985,10435230,0
19.7113,0,19698381991,12949236,0
19.7239,0,19711331227,12602018,0
19.729,1,19703735209,25307048,0
19.7316,2,19706258215,25307048,0
19.7341,0,19723933245,10191024,0
19.7445,2,19731565263,12944024,0
19.7521,0,19734124269,17972036,0
19.7574,1,19729042257,28380266,0
19.7599,2,19744509287,15436242,0
19.765,0,19752096305,12893230,0
19.7701,2,19759945529,10106012,0
19.7754,0,19764989535,10457018,0
19.778,1,19757422523,20592036,0
19.7805,2,19770051541,10486024,0
19.7831,0,19775446553,7659018,0
19.7907,1,19778014559,12687030,0
19.7932,2,19780537565,12687030,0
19.7958,0,19783105571,12678030,0
19.8034,2,19793224595,10135018,0
19.8061,0,19795783601,10352224,0
19.8137,0,19806135825,7547006,0
19.8163,1,19790701589,25549248,0
19.8188,2,19803359613,15414230,0
19.8213,0,19813682831,7650018,0
19.8239,1,19816250837,7650018,0
19.8264,2,19818773843,7650018,0
19.829,0,19821332849,7650018,0
19.8316,1,19823900855,7650018,0
19.8341,2,19826423861,7650018,0
19.8366,0,19828982867,7650018,0
19.8392,1,19831550873,7650018,0
19.8417,2,19834073879,7650018,0
19.8446,0,19836632885,7963018,0
19.8472,1,19839200891,7963018,0
19.8497,2,19841723897,7963018,0
19.855,0,19844595903,10381230,0
19.8575,1,19847163909,10381230,0
19.8601,2,19849686915,10381230,0
19.8652,0,19854977133,10173024,0
19.8702,1,19857545139,12687030,0
19.8728,2,19860068145,12687030,0
19.8782,0,19865150157,13000030,0
19.8833,1,19870232169,13018030,0
19.8858,2,19872755175,13018030,0
19.8909,0,19878150187,12705030,0
19.8934,1,19883250199,10191024,0
19.901,0,19890855217,10135018,0
19.9063,1,19893441223,12848230,0
19.9088,2,19885773205,23039254,0
19.9139,0,19900990235,12904236,0
19.919,1,19906289453,12714030,0
19.9215,2,19908812459,12714030,0
19.9266,0,19913894471,12714030,0
19.9317,1,19919003483,12705030,0
19.9342,2,19921526489,12705030,0
19.9368,0,19926608501,10191024,0
19.9419,1,19931708513,10191024,0
19.9444,2,19934231519,10191024,0
19.9473,0,19936799525,10486024,0
19.9524,1,19941899537,10486024,0
19.9549,2,19944422543,10486024,0
19.9652,1,19952385561,12848230,0
19.9678,2,19954908567,12848230,0
19.9703,0,19947285549,23021254,0
19.9783,1,19965233791,13018030,0
19.9808,2,19967756797,13018030,0
19.9858,0,19970306803,15532036,0
19.9935,1,19978251821,15219036,0
19.996,2,19980774827,15219036,0
20.0038,0,19985838839,17959248,0
20.0139,2,19995993863,17903242,0
20.019,0,20003798087,15199030,0
20.0266,1,19993470857,33158278,0
20.0317,0,20018997117,12658024,0
20.0368,1,20026629135,10144018,0
20.0393,2,20013897105,25399054,0
20.0469,1,20036773153,10117018,0
20.0497,2,20039296159,10430018,0
20.0523,0,20031655141,20621042,0
20.0576,1,20046890171,10703230,0
20.0651,0,20052276183,12848230,0
20.0727,2,20049726177,22983248,0
20.0778,0,20065124413,12658024,0
20.0857,0,20077782437,7878006,0
20.0882,1,20057593401,30644048,0
20.0933,0,20085660443,7594012,0
20.0958,1,20088237449,7594012,0
20.0984,2,20072709425,25645042,0
20.1036,1,20095831461,7811218,0
20.1062,2,20098354467,7811218,0
20.1087,0,20093254455,15461236,0
20.1138,1,20103642679,10173024,0
20.1163,2,20106165685,10173024,0
20.1264,1,20113815703,12631024,0
20.129,2,20116338709,12631024,0
20.1341,0,20108715691,25336054,0
20.1392,1,20126446727,12705030,0
20.1417,2,20128969733,12705030,0
20.1468,0,20134051745,12705030,0
20.1549,1,20139151757,15749242,0
20.1574,2,20141674763,15749242,0
20.165,0,20146756775,18263248,0
20.1777,1,20154900999,22788054,0
20.1802,2,20157424005,22788054,0
20.1907,1,20177689053,13016024,0
20.1932,2,20180212059,13016024,0
20.1983,0,20165020023,33281072,0
20.2009,1,20190705077,10191024,0
20.2036,2,20193228083,10408230,0
20.2112,0,20198301095,12922236,0
20.2163,1,20200896101,15418242,0
20.2314,1,20216314343,15116024,0
20.2365,0,20211223331,25242042,0
20.2391,1,20231430367,7630012,0
20.2416,2,20203636313,37947072,0
20.2441,0,20236465373,7677018,0
20.2492,1,20239060379,10164024,0
20.2517,2,20241583385,10164024,0
20.2574,0,20244142391,13208236,0
20.2624,1,20249224403,13217236,0
20.27,0,20257350627,12658024,0
20.2776,2,20251747409,25819254,0
20.2827,0,20270008651,12649024,0
20.2906,1,20262441639,28134054,0
20.2931,2,20277566663,15532036,0
20.3007,0,20282657675,18046042,0
20.306,1,20290575693,15389236,0
20.3085,2,20293098699,15389236,0
20.3111,0,20300703717,10379224,0
20.3187,1,20305964929,12714030,0
20.3212,2,20308487935,12714030,0
20.3288,0,20311082941,17715042,0
20.3364,1,20318678959,17733042,0
20.3389,2,20321201965,17733042,0
20.3541,0,20328797983,25302060,0
20.3647,2,20338935007,25776260,0
20.3673,0,20354100043,13242230,0
20.3699,1,20336412001,33516278,0
20.3725,2,20364711267,7740018,0
20.38,0,20367342273,12705030,0
20.3851,1,20369928279,15192036,0
20.388,2,20372451285,15505036,0
20.3956,0,20380047303,15532036,0
20.4034,1,20385120315,18272248,0
20.4059,2,20387956321,17959248,0
20.4211,1,20403392563,17713036,0
20.4236,2,20405915569,17713036,0
20.4312,0,20395579339,35663284,0
20.4388,2,20423628605,15190030,0
20.4464,0,20431242623,15199030,0
20.4515,1,20421105599,30418066,0
20.4621,1,20451523665,10618218,0
20.4647,2,20438818635,25846254,0
20.4673,0,20446441653,20818242,0
20.4698,1,20462141883,7677018,0
20.4723,2,20464664889,7677018,0
20.4774,0,20467259895,10164024,0
20.48,1,20469818901,10164024,0
20.4825,2,20472341907,10164024,0
20.4851,0,20477423919,7659018,0
20.4905,1,20479982925,10486024,0
20.493,2,20482505931,10486024,0
20.4981,0,20485082937,12991030,0
20.5031,2,20492991955,10117018,0
20.5084,0,20498073967,10352224,0
20.511,1,20490468949,20507248,0
20.5135,2,20503108973,10390230,0
20.5261,1,20510976197,15145030,0
20.5286,2,20513499203,15145030,0
20.5338,0,20508426191,25345054,0
20.5363,1,20526121227,10200024,0
20.5388,2,20528644233,10200024,0
20.5439,0,20533771245,10173024,0
20.549,1,20536321251,12631024,0
20.5515,2,20538844257,12631024,0
20.5543,0,20543944269,10334224,0
20.5568,1,20548952275,7894224,0
20.5594,2,20551475281,7894224,0
20.5648,0,20554278493,10504024,0
20.5698,1,20556846499,13000030,0
20.5724,2,20559369505,13000030,0
20.5775,0,20564782517,12687030,0
20.5876,1,20569846529,17733042,0
20.5901,2,20572369535,17733042,0
20.6031,1,20587579571,15503030,0
20.6058,2,20590102577,15720236,0
20.616,0,20577469547,38481290,0
20.6261,0,20615950837,10115012,0
20.6311,1,20603082601,28047260,0
20.6337,2,20605822813,27830054,0
20.6413,0,20626065849,15201036,0
20.6566,0,20641266885,15333230,0
20.6617,1,20631129861,30570266,0
20.6645,2,20633652867,30883266,0
20.6696,0,20656600115,13027030,0
20.6772,1,20661700127,15532036,0
20.6798,2,20664536133,15219036,0
20.6899,1,20677232163,12658024,0
20.6924,2,20679755169,12658024,0
20.6978,0,20669627145,28190060,0
20.7031,1,20689890187,13235236,0
20.7107,0,20697817205,12866230,0
20.7208,1,20703125423,17686036,0
20.7233,2,20692413193,30921272,0
20.7259,0,20710683435,15228036,0
20.7385,2,20723334465,15190030,0
20.7411,0,20725911471,15172030,0
20.7462,1,20720811459,25390054,0
20.7487,2,20738524495,10200024,0
20.7565,1,20746201513,10334224,0
20.7591,2,20748724519,10334224,0
20.7695,0,20741083501,28407266,0
20.772,1,20756535737,15514036,0
20.7796,0,20769490767,10144018,0
20.7822,1,20772049773,10144018,0
20.7847,2,20759058743,25658054,0
20.7923,0,20779634785,12687030,0
20.808,0,20792321815,15639230,0
20.8155,1,20782193791,33325266,0
20.818,2,20784716797,33325266,0
20.8206,0,20807961045,12658024,0
20.8232,1,20815519057,7686018,0
20.8257,2,20818042063,7686018,0
20.8308,0,20820619069,10191024,0
20.8383,1,20823205075,15138030,0
20.8409,2,20825728081,15138030,0
20.8434,0,20830810093,12633024,0
20.851,2,20840866111,10144018,0
20.8563,1,20838343105,17964236,0
20.8588,2,20851010129,7820218,0
20.8664,0,20843443117,23001248,0
20.8718,2,20858830347,12944024,0
20.8769,0,20866444365,10448018,0
20.882,1,20856307341,25649054,0
20.8845,2,20871774371,12705030,0
20.8896,0,20876892383,12687030,0
20.8972,1,20881956395,15219036,0
20.9,2,20884479401,15532036,0
20.9078,1,20897175431,10674224,0
20.9104,2,20900011437,10361224,0
20.918,0,20889579413,28398266,0
20.9231,1,20907849655,15201036,0
20.9281,0,20917977679,10144018,0
20.9332,1,20923050691,10144018,0
20.9357,2,20910372661,25345054,0
20.9408,0,20928121697,12687030,0
20.9434,1,20933194709,10173024,0
20.9459,2,20935717715,10173024,0
20.9562,1,20943367733,12848230,0
20.9587,2,20945890739,12848230,0
20.9663,0,20940808727,25515254,0
20.9689,1,20956215963,12658024,0
20.9717,2,20958738969,12971024,0
20.9743,0,20966323981,7999018,0
20.9769,1,20968873987,7990018,0
20.9794,2,20971709993,7677018,0
20.987,0,20974322999,12678030,0
20.9921,1,20976864005,15192036,0
20.9946,2,20979387011,15192036,0
21.0028,0,20987001029,15749242,0
21.0053,1,20992056041,13244236,0
21.0179,0,21002750271,15172030,0
21.0205,1,21005300277,15163030,0
21.023,2,20994579047,28407266,0
21.0281,0,21017922301,10144018,0
21.0331,1,21020463307,12658024,0
21.0356,2,21022986313,12658024,0
21.0433,0,21028066319,15201036,0
21.0483,1,21033121331,15219036,0
21.0509,2,21035644337,15219036,0
21.0587,0,21043267355,15445242,0
21.0637,1,21048340367,15389236,0
21.0663,2,21050863373,15389236,0
21.0714,0,21058712597,12658024,0
21.0742,1,21063729603,10513024,0
21.0818,0,21071370621,10448018,0
21.0869,1,21074242627,12631024,0
21.0894,2,21066252609,23144048,0
21.0944,0,21081818639,12631024,0
21.097,1,21086873651,10135018,0
21.0995,2,21089396657,10135018,0
21.1052,0,21094449663,10721230,0
21.1077,1,21097008669,10703230,0
21.1128,0,21105170893,7621012,0
21.1153,1,21107711899,7621012,0
21.1179,2,21099531675,18324242,0
21.123,0,21112791905,10164024,0
21.1255,1,21115332911,10164024,0
21.1331,0,21122955929,10117018,0
21.1381,2,21117855917,20225036,0
21.1457,0,21133072947,12631024,0
21.1482,1,21125496935,22748042,0
21.1535,0,21145703971,7838218,0
21.1561,1,21148244977,7838218,0
21.1586,2,21138080953,20525248,0
21.1637,0,21153542189,10173024,0
21.1663,1,21156083195,10173024,0
21.1688,2,21158606201,10173024,0
21.1767,0,21163715213,13000030,0
21.1793,1,21166256219,13000030,0
21.1818,2,21168779225,13000030,0
21.1869,0,21176715243,10191024,0
21.1894,1,21179256249,10191024,0
21.192,2,21181779255,10191024,0
21.1971,0,21186906267,10173024,0
21.1996,1,21189447273,10173024,0
21.2021,2,21191970279,10173024,0
21.2102,0,21197079291,13161230,0
21.2128,1,21199620297,13161230,0
21.2153,2,21202143303,13161230,0
21.223,0,21210240521,12714030,0
21.228,1,21212781527,15228036,0
21.2305,2,21215304533,15228036,0
21.2357,0,21222954551,12705030,0
21.2432,2,21230532569,12658024,0
21.2483,0,21235659581,12649024,0
21.2509,1,21228009563,22849048,0
21.2612,0,21248308605,12866230,0
21.2662,2,21243190593,22983248,0
21.2713,0,21261174835,10144018,0
21.2739,1,21250858611,22992248,0
21.2764,2,21266173841,10200024,0
21.2868,0,21271318853,15514036,0
21.2894,1,21273850859,15514036,0
21.2919,2,21276373865,15514036,0
21.2995,0,21286832889,12714030,0
21.3021,1,21289364895,12714030,0
21.3046,2,21291887901,12714030,0
21.3127,0,21299546919,13179236,0
21.3177,2,21304601931,13123230,0
21.3254,0,21312726155,12658024,0
21.3279,1,21302078925,25837260,0
21.3304,2,21317725161,12714030,0
21.3356,0,21325384179,10191024,0
21.3381,1,21327916185,10191024,0
21.3432,0,21335575203,7603012,0
21.3457,1,21338107209,7603012,0
21.3482,2,21330439191,17794036,0
21.3536,0,21343178215,10381230,0
21.3561,1,21345710221,10381230,0
21.3637,0,21353559445,10117018,0
21.3662,1,21356091451,10117018,0
21.3687,2,21348233227,20498248,0
21.3764,0,21363676463,12687030,0
21.3789,1,21366208469,12687030,0
21.3817,2,21368731475,13000030,0
21.3868,0,21376363493,10448018,0
21.3918,2,21381731505,10079012,0
21.3944,0,21386811511,7603012,0
21.3969,1,21378895499,18051030,0
21.3995,2,21391810517,7659018,0
21.4021,0,21394414523,7650018,0
21.4071,2,21399469535,7594012,0
21.4099,0,21402064541,7811218,0
21.4127,1,21396946529,15774236,0
21.4152,2,21407063547,8180224,0
21.4178,0,21409875759,7972018,0
21.4204,1,21412720765,7659018,0
21.4229,2,21415243771,7659018,0
21.4305,0,21417847777,12678030,0
21.4355,2,21422902789,12622024,0
21.4457,0,21430525807,15163030,0
21.4482,1,21420379783,27841060,0
21.4561,0,21445688837,10361224,0
21.4586,1,21448220843,10361224,0
21.4662,0,21456050061,10135018,0
21.4712,2,21435524813,35659272,0
21.4788,0,21466185079,12631024,0
21.4817,1,21458582067,23079042,0
21.4842,2,21471184085,13000030,0
21.4893,0,21478816103,10448018,0
21.4918,1,21481661109,10135018,0
21.4943,2,21484184115,10135018,0
21.4994,0,21489264121,10173024,0
21.502,1,21491796127,10173024,0
21.5047,2,21494319133,10390230,0
21.5098,0,21499437145,10390230,0
21.5124,1,21501969151,10390230,0
21.5152,2,21504709363,10486024,0
21.5253,0,21509827375,15514036,0
21.5303,2,21515195387,15145030,0
21.538,0,21525341411,12658024,0
21.5405,1,21512359381,28172060,0
21.5431,2,21530340417,12714030,0
21.5506,0,21537999435,12649024,0
21.5534,1,21540531441,12866230,0
21.5559,2,21543054447,12866230,0
21.561,0,21550648459,10352224,0
21.5635,1,21553397671,10135018,0
21.5661,2,21555920677,10135018,0
21.5687,0,21561000683,7659018,0
21.5712,1,21563532689,7659018,0
21.5737,2,21566055695,7659018,0
21.5763,0,21568659701,7650018,0
21.5788,1,21571191707,7650018,0
21.5814,2,21573714713,7650018,0
21.5843,0,21576309719,7963018,0
21.5868,1,21578841725,7963018,0
21.5944,0,21584272737,10108018,0
21.5969,1,21586804743,10108018,0
21.5994,2,21581364731,18071036,0
21.6046,0,21594380755,10173024,0
21.6098,2,21599435767,10334224,0
21.6124,0,21604553779,7820218,0
21.6149,1,21596912761,18011242,0
21.6178,2,21609769991,7990018,0
21.6229,0,21612373997,10486024,0
21.6254,1,21614924003,10477024,0
21.6279,2,21617760009,10164024,0
21.6355,0,21622860021,12687030,0
21.6406,2,21627924033,12631024,0
21.6482,1,21625401027,22766042,0
21.6507,2,21640555057,10135018,0
21.6535,0,21635547051,17955236,0
21.656,1,21648167069,7876224,0
21.6586,2,21650690075,7876224,0
21.6687,0,21653502287,15201036,0
21.6712,1,21656043293,15201036,0
21.6814,0,21668703323,12658024,0
21.6839,1,21671244329,12658024,0
21.6918,0,21681361347,10448018,0
21.6969,1,21683902353,12962024,0
21.6994,2,21658566299,40821084,0
21.7072,1,21696864377,10352224,0
21.7097,2,21699387383,10352224,0
21.7202,1,21707216601,12962024,0
21.7227,2,21709739607,12962024,0
21.7253,0,21691809365,33478272,0
21.7329,1,21720178625,12705030,0
21.7354,2,21722701631,12705030,0
21.738,0,21725287637,12687030,0
21.7431,1,21732883655,10191024,0
21.7456,2,21735406661,10191024,0
21.7482,0,21737974667,10191024,0
21.7535,1,21743074679,10390230,0
21.756,2,21745597685,10390230,0
21.7636,0,21748165691,15418242,0
21.7711,2,21755987915,15145030,0
21.7762,0,21763583933,12658024,0
21.7788,1,21753464909,25345054,0
21.7839,0,21776241957,7621012,0
21.7864,1,21778809963,7603012,0
21.7892,2,21771132945,18116036,0
21.7993,1,21786412975,12935024,0
21.8046,0,21783862969,20773242,0
21.8072,1,21799347999,7838218,0
21.8097,2,21789248981,20460242,0
21.8123,0,21804636211,7659018,0
21.8173,2,21809709223,7603012,0
21.8199,0,21812295229,7594012,0
21.8228,1,21807186217,15566030,0
21.8253,2,21817312235,7963018,0
21.8279,0,21819889241,7963018,0
21.8304,1,21822752247,7650018,0
21.8329,2,21825275253,7650018,0
21.8355,0,21827852259,7650018,0
21.8405,2,21832925271,7594012,0
21.8431,0,21835502277,7594012,0
21.8481,2,21840519283,7594012,0
21.8534,0,21843096289,10325224,0
21.856,1,21830402265,25569254,0
21.8585,2,21848113295,10381230,0
21.8636,0,21853421513,10173024,0
21.8661,1,21855971519,10173024,0
21.8687,2,21858494525,10173024,0
21.8738,0,21863594537,10173024,0
21.8763,1,21866144543,10173024,0
21.8788,2,21868667549,10173024,0
21.8839,0,21873767561,10173024,0
21.889,1,21876317567,12687030,0
21.8918,2,21878840573,13000030,0
21.8969,0,21883940585,13000030,0
21.8995,1,21889004597,10504024,0
21.902,2,21891840603,10191024,0
21.9073,0,21896940615,10408230,0
21.9124,1,21899508621,12904236,0
21.9149,2,21902031627,12904236,0
21.92,0,21907348845,12687030,0
21.9229,1,21912412857,10504024,0
21.9254,2,21914935863,10504024,0
21.9305,0,21920035875,10504024,0
21.9331,1,21922916881,10173024,0
21.9356,2,21925439887,10173024,0
21.9407,0,21930539899,10173024,0
21.9458,1,21933089905,12687030,0
21.9483,2,21935612911,12687030,0
21.9536,1,21945776935,7838218,0
21.9561,2,21948299941,7838218,0
21.9587,0,21940712923,17993242,0
21.9613,1,21953615153,7659018,0
21.9638,2,21956138159,7659018,0
21.9689,0,21958706165,10173024,0
21.9714,1,21961274171,10164024,0
21.979,0,21968879189,10117018,0
21.9816,1,21971438195,10117018,0
21.9866,0,21978996207,7603012,0
21.9892,1,21981555213,7603012,0
21.9917,2,21963797177,27884054,0
21.9946,0,21986599219,7963018,0
21.9996,1,21989158225,10477024,0
22.0022,2,21991681231,10477024,0
22.0075,0,21994562237,12895236,0
22.01,1,21999635249,10390230,0
22.0125,2,22002158255,10390230,0
22.0176,0,22007457473,10191024,0
22.0202,1,22010025479,10173024,0
22.0227,2,22012548485,10173024,0
22.0281,0,22017648497,10486024,0
22.0307,1,22020198503,10486024,0
22.0332,2,22022721509,10486024,0
22.0408,0,22028134521,12687030,0
22.0434,1,22030684527,12687030,0
22.0484,0,22040821551,7621012,0
22.051,1,22043371557,7621012,0
22.0537,2,22033207533,20525248,0
22.0563,0,22048442563,7867224,0
22.0589,1,22050992569,7867224,0
22.0614,2,22053732781,7650018,0
22.069,0,22056309787,12678030,0
22.0715,1,22058859793,12678030,0
22.0741,2,22061382799,12678030,0
22.0792,0,22068987817,10191024,0
22.0842,1,22071537823,12705030,0
22.0868,2,22074060829,12705030,0
22.0972,0,22079178841,18028042,0
22.0998,1,22084242853,15532036,0
22.1051,0,22097206883,7865218,0
22.1076,1,22099774889,7847218,0
22.1101,2,22086765859,23379254,0
22.1127,0,22105072101,7650018,0
22.1153,1,22107622107,7650018,0
22.1178,2,22110145113,7650018,0
22.1254,1,22115272125,10108018,0
22.1307,0,22112722119,18024030,0
22.1333,1,22125380143,7916012,0
22.1358,2,22117795131,18024030,0
22.1384,0,22130746149,7650018,0
22.1409,1,22133296155,7650018,0
22.1435,2,22135819161,7650018,0
22.1486,0,22138396167,10164024,0
22.1563,2,22143469179,12839230,0
22.1589,0,22148560191,10334224,0
22.1615,1,22140946173,20525248,0
22.164,2,22156308409,7686018,0
22.1691,0,22158894415,10191024,0
22.1741,1,22161471421,12678030,0
22.1767,2,22163994427,12678030,0
22.1843,0,22169085439,15201036,0
22.1894,1,22174149451,15219036,0
22.1919,2,22176672457,15219036,0
22.2051,1,22189368487,15702236,0
22.2076,2,22191891493,15702236,0
22.2127,0,22184286475,28378260,0
22.2152,1,22205070723,10144018,0
22.2177,2,22207593729,10144018,0
22.2254,0,22212664735,12687030,0
22.2307,2,22217737747,12944030,0
22.2383,0,22225351765,12906024,0
22.2408,1,22215214741,25593054,0
22.2433,2,22230681777,12649024,0
22.2459,0,22238257789,7677018,0
22.251,2,22243330801,7621012,0
22.2537,0,22245934807,7811218,0
22.2563,1,22240807795,15488236,0
22.2588,2,22250951813,7867224,0
22.2664,0,22253746025,12687030,0
22.269,1,22256296031,12687030,0
22.2715,2,22258819037,12687030,0
22.2791,0,22266433055,12705030,0
22.2867,1,22268983061,17733042,0
22.2892,2,22271506067,17733042,0
22.2969,1,22286716103,10162018,0
22.31,0,22279138085,30865272,0
22.3126,1,22296878121,15675242,0
22.3201,0,22310003357,10144018,0
22.3252,1,22312553363,12658024,0
22.3277,2,22289239109,38495284,0
22.3331,0,22320147375,12944030,0
22.3357,1,22325211387,10448024,0
22.3382,2,22327734393,10448024,0
22.3433,0,22333091405,10191024,0
22.3458,1,22335659411,10173024,0
22.3536,0,22343282429,10334224,0
22.3562,1,22345832435,10334224,0
22.3638,0,22353616653,10135018,0
22.3663,1,22356166659,10135018,0
22.3688,2,22338182417,30642266,0
22.3789,1,22366301677,12631024,0
22.3815,2,22368824683,12631024,0
22.3841,0,22363751671,20308042,0
22.3966,0,22384059713,12512012,0
22.3991,1,22378932701,20198030,0
22.4098,0,22396571725,13179236,0
22.4123,1,22399130731,13161236,0
22.4148,2,22381455707,33359266,0
22.42,0,22409750961,10200024,0
22.4275,2,22414814973,12658024,0
22.4326,0,22419950985,12631024,0
22.4355,1,22412291967,23162048,0
22.438,2,22427472997,10504024,0
22.4431,0,22432582009,10504024,0
22.4506,2,22437977021,12631024,0
22.4534,0,22443086033,10334224,0
22.4585,1,22435454015,23039254,0
22.461,2,22450608045,10408230,0
22.4686,1,22458493269,10135018,0
22.4712,2,22461016275,10135018,0
22.4763,0,22453420257,22840048,0
22.4788,1,22468628287,10173024,0
22.4813,2,22471151293,10173024,0
22.4864,1,22478801311,7603012,0
22.4889,2,22481324317,7603012,0
22.4915,0,22476260305,15253030,0
22.4941,1,22486404323,7650018,0
22.4966,2,22488927329,7650018,0
22.4992,0,22491513335,7650018,0
22.5072,1,22494054341,13152236,0
22.5097,2,22496577347,13152236,0
22.5173,0,22499163353,18180248,0
22.5249,2,22509729583,15163030,0
22.5275,0,22517343601,10162018,0
22.5301,1,22507206577,22849048,0
22.5326,2,22524892613,7686018,0
22.538,0,22527505619,10486024,0
22.543,1,22530055625,12991030,0
22.5456,2,22532578631,12991030,0
22.561,0,22537991643,22960260,0
22.566,1,22543046655,22978260,0
22.5685,2,22545569661,22978260,0
22.5812,0,22560951903,20254042,0
22.5838,1,22566024915,17740036,0
22.5863,2,22568547921,17740036,0
22.5939,0,22581205945,12741030,0
22.5965,1,22583764951,12732030,0
22.599,2,22586287957,12732030,0
22.6122,1,22596496981,15693236,0
22.6248,0,22593946975,30865266,0
22.6324,1,22612190217,20200042,0
22.6478,1,22632390259,15456024,0
22.6504,2,22599019987,51349302,0
22.6633,0,22624812241,38443284,0
22.6658,1,22647846283,17959248,0
22.6683,2,22650369289,17959248,0
22.6785,0,22663255525,15246036,0
22.6911,0,22678501561,12602018,0
22.6937,1,22665805531,27866054,0
22.7012,0,22691103579,10135018,0
22.7089,2,22668328537,40602272,0
22.7118,0,22701238597,10591218,0
22.7169,2,22708930809,7934012,0
22.7219,0,22711829815,10117018,0
22.727,1,22693671585,33348260,0
22.7295,2,22716864821,12678030,0
22.7396,2,22729542851,10079012,0
22.7425,0,22721946833,20547036,0
22.7476,1,22727019845,20565036,0
22.7501,2,22739621863,10486024,0
22.7529,0,22742493869,10390230,0
22.758,1,22747584881,10390230,0
22.7605,2,22750107887,10390230,0
22.7631,0,22752884099,10191024,0
22.7682,1,22757975111,10191024,0
22.7707,2,22760498117,10191024,0
22.7758,0,22763075123,12687030,0
22.7884,0,22775762153,12595018,0
22.7935,1,22768166135,25291048,0
22.796,2,22770689141,25291048,0
22.8036,0,22788357171,15219036,0
22.8142,1,22793457183,20703248,0
22.8192,0,22803576207,15646230,0
22.8243,2,22795980189,28304254,0
22.8269,0,22819222437,7630012,0
22.8319,1,22814160431,17765030,0
22.8344,2,22824284443,10164024,0
22.8395,1,22831925461,7603012,0
22.8421,2,22834448467,7603012,0
22.8449,0,22826852449,18080036,0
22.8475,1,22839528473,7963018,0
22.85,2,22842051479,7963018,0
22.8553,0,22844932485,10381230,0
22.8604,1,22847491491,12895236,0
22.8629,2,22850014497,12895236,0
22.873,1,22860386727,12649024,0
22.8756,2,22862909733,12649024,0
22.8781,0,22855313715,22804048,0
22.8832,2,22875558757,7621012,0
22.8883,0,22878117763,10135018,0
22.8933,1,22873035751,20299042,0
22.8959,2,22883179769,12678030,0
22.9009,0,22888252781,12687030,0
22.9063,1,22893334793,12922236,0
22.9088,2,22895857799,12922236,0
22.9139,0,22900939811,12922236,0
22.9193,1,22906257029,13027030,0
22.9218,2,22908780035,13027030,0
22.9268,0,22913862047,12971024,0
22.9319,1,22919284059,12649024,0
22.9345,2,22921807065,12649024,0
22.937,0,22926833071,10191024,0
22.9446,1,22931933083,12705030,0
22.9475,2,22934456089,13018030,0
22.95,0,22937024095,13000030,0
22.9554,1,22944638113,10721230,0
22.9579,2,22947474119,10408230,0
22.9629,0,22950024125,12922236,0
22.968,2,22957882349,10135018,0
22.9706,0,22962946361,7630012,0
22.9732,1,22955359343,17794036,0
22.9757,2,22968017367,7659018,0
22.9782,0,22970576373,7650018,0
22.9808,1,22973153379,7650018,0
22.9833,2,22975676385,7650018,0
22.9884,0,22978226391,10164024,0
22.9935,1,22980803397,12678030,0
22.996,2,22983326403,12678030,0
22.9986,0,22988390415,10173024,0
23.0039,1,22993481427,10408230,0
23.0089,0,22998563439,10334224,0
23.0194,1,23003889657,15476030,0
23.0219,2,22996004433,25884260,0
23.0244,0,23008897663,15532036,0
23.0321,1,23019365687,12714030,0
23.0346,2,23021888693,12714030,0
23.0371,0,23024429699,12714030,0
23.0448,1,23032079717,12705030,0
23.0473,2,23034602723,12705030,0
23.0629,2,23047307753,15637230,0
23.0731,1,23044784747,28295254,0
23.0756,2,23062944983,12658024,0
23.0807,0,23037143729,43523290,0
23.0883,1,23073080001,15219036,0
23.0908,2,23075603007,15219036,0
23.0959,0,23080667019,15219036,0
23.1063,1,23088299037,17959248,0
23.1113,0,23095886055,15389236,0
23.1217,2,23090822043,30892272,0
23.1242,0,23111275291,12971030,0
23.1319,1,23106258285,25638054,0
23.1344,2,23121714315,12705030,0
23.137,0,23124246321,12705030,0
23.1495,2,23134419345,15107024,0
23.1524,0,23136951351,15420024,0
23.1552,1,23131896339,23323248,0
23.1577,2,23149526369,8216224,0
23.1678,2,23157742593,10061012,0
23.1703,0,23152371375,17964236,0
23.1755,1,23155219587,20234036,0
23.178,2,23167803605,10173024,0
23.1805,0,23170335611,10173024,0
23.1881,1,23175453623,12687030,0
23.1907,2,23177976629,12687030,0
23.1932,0,23180508635,12687030,0
23.2061,1,23188140653,17950248,0
23.2086,2,23190663659,17950248,0
23.2111,0,23193195665,17950248,0
23.2188,1,23206090901,12741030,0
23.2214,2,23208613907,12741030,0
23.2242,0,23211145913,13054030,0
23.2344,1,23218831931,15532036,0
23.2369,2,23221354937,15532036,0
23.2394,0,23224199943,15219036,0
23.2471,1,23234363967,12714030,0
23.2496,2,23236886973,12714030,0
23.2652,2,23249601003,15637230,0
23.2678,0,23239418979,28360260,0
23.2729,1,23247077997,25855254,0
23.2755,2,23265238233,10218024,0
23.278,0,23267779239,10200024,0
23.2856,1,23272933251,12687030,0
23.2906,0,23277979263,12631024,0
23.2957,1,23285620281,10079012,0
23.2982,2,23275456257,22766042,0
23.3007,0,23290610287,10135018,0
23.3061,1,23295699293,10390230,0
23.3086,2,23298222299,10390230,0
23.3111,0,23300745305,10390230,0
23.3188,1,23306089523,12705030,0
23.3213,2,23308612529,12705030,0
23.3238,0,23311135535,12705030,0
23.3343,2,23321317559,12962024,0
23.3394,1,23318794553,20583036,0
23.3419,2,23334279583,7621012,0
23.3444,0,23323840565,20583036,0
23.3546,1,23339377589,15192036,0
23.3601,0,23344423601,15666236,0
23.3678,1,23354569625,13188230,0
23.3703,2,23341900595,28380266,0
23.3728,0,23360089837,12714030,0
23.3804,2,23370280861,10135018,0
23.3829,0,23372803867,10135018,0
23.3881,1,23367757855,20308042,0
23.3906,2,23380415879,10173024,0
23.3931,0,23382938885,10173024,0
23.4082,0,23393111909,15089024,0
23.4136,1,23388065897,25506254,0
23.4161,2,23390588903,25506254,0
23.4186,0,23408200933,10417230,0
23.4291,1,23413572151,15514036,0
23.4316,2,23416095157,15514036,0
23.4443,1,23429086187,15172030,0
23.4492,0,23418618163,30630060,0
23.4571,1,23444258217,12875230,0
23.46,2,23431609193,28360260,0
23.4625,0,23449248223,13244236,0
23.4701,2,23459969453,10135018,0
23.4726,0,23462492459,10135018,0
23.4778,1,23457133447,20621042,0
23.4803,2,23470104471,10173024,0
23.4828,0,23472627477,10173024,0
23.4904,1,23477754489,12687030,0
23.493,2,23480277495,12687030,0
23.4955,0,23482800501,12687030,0
23.5108,2,23492964525,17838236,0
23.5133,0,23495487531,17838236,0
23.5235,1,23490441519,33084272,0
23.5285,0,23513325767,15190030,0
23.5365,1,23523525791,12971024,0
23.539,2,23510802761,28217060,0
23.5415,0,23528515797,13027030,0
23.5492,1,23536496815,12705030,0
23.5517,2,23539019821,12705030,0
23.5674,2,23551724851,15637230,0
23.5699,0,23541542827,28342260,0
23.5801,1,23549201845,30865266,0
23.5826,2,23567362081,15228036,0
23.5851,0,23569885087,15228036,0
23.5978,1,23580067111,17742042,0
23.6003,2,23582590117,17742042,0
23.6031,0,23585113123,17959248,0
23.6158,1,23597809153,17977248,0
23.6183,2,23600332159,17977248,0
23.6208,0,23603072371,17760042,0
23.6364,1,23615786401,20587048,0
23.6389,2,23618309407,20587048,0
23.6414,0,23620832413,20587048,0
23.6568,2,23638896455,17930242,0
23.6672,1,23636373449,30872260,0
23.6698,2,23656826697,12942018,0
23.6723,0,23641419461,30872260,0
23.6749,1,23667245709,7677018,0
23.6774,2,23669768715,7677018,0
23.68,0,23672291721,7677018,0
23.6851,1,23674922727,10164024,0
23.6876,2,23677445733,10164024,0
23.6901,0,23679968739,10164024,0
23.6952,1,23685086751,10117018,0
23.6977,2,23687609757,10117018,0
23.7002,0,23690132763,10117018,0
23.7031,1,23695203769,7876224,0
23.7056,2,23697726775,7876224,0
23.7081,0,23700249781,7876224,0
23.7133,1,23703079993,10173024,0
23.7158,2,23705602999,10173024,0
23.7234,1,23713253017,10117018,0
23.7259,2,23715776023,10117018,0
23.7284,0,23708126005,20290042,0
23.7364,1,23723370035,13000030,0
23.7389,2,23725893041,13000030,0
23.7414,0,23728416047,13000030,0
23.7515,2,23738893071,12649024,0
23.7619,1,23736370065,25515254,0
23.7672,0,23741416077,25772254,0
23.7748,1,23761885319,12962030,0
23.7774,2,23751542095,25828260,0
23.7799,0,23767188331,12705030,0
23.7876,1,23774847349,12705030,0
23.7901,2,23777370355,12705030,0
23.7926,0,23779893361,12705030,0
23.7977,1,23787552379,10135018,0
23.8002,2,23790075385,10135018,0
23.8027,0,23792598391,10135018,0
23.8056,1,23797687397,7876224,0
23.8081,2,23800210403,7876224,0
23.8106,0,23802733409,7876224,0
23.8157,2,23808086627,7594012,0
23.8182,0,23810609633,7594012,0
23.8208,1,23805563621,15244030,0
23.8233,2,23815680639,7650018,0
23.8259,0,23818203645,7650018,0
23.8309,2,23823330657,7594012,0
23.8334,0,23825853663,7594012,0
23.8361,1,23820807651,15244030,0
23.8389,2,23830924669,7963018,0
23.8414,0,23833447675,7963018,0
23.849,1,23836051681,12991030,0
23.8516,2,23838887687,12678030,0
23.8541,0,23841410693,12678030,0
23.862,1,23849042711,12922236,0
23.867,0,23854088723,12866230,0
23.8774,2,23851565717,25828254,0
23.8799,0,23866954953,12962024,0
23.8876,1,23861964947,25611048,0
23.8926,0,23879916977,12649024,0
23.9029,1,23887575995,15324230,0
23.9054,2,23877393971,28029260,0
23.9079,0,23892566001,15380236,0
23.9156,1,23902900225,12714030,0
23.9181,2,23905423231,12714030,0
23.9207,0,23907946237,12714030,0
23.9308,1,23915614255,15219036,0
23.9412,1,23930833291,10345012,0
23.9437,2,23918137261,25564048,0
23.9462,0,23920660267,25564048,0
23.9488,1,23941178303,7659018,0
23.9514,2,23943701309,7659018,0
23.9539,0,23946224315,7659018,0
23.9567,1,23948837321,7867224,0
23.9592,2,23951360327,7867224,0
23.9618,0,23953883333,7867224,0
23.9668,1,23956704545,10108018,0
23.9693,2,23959227551,10108018,0
23.9722,0,23961750557,10421018,0
23.9748,1,23966812563,7972018,0
23.9773,2,23969335569,7972018,0
23.9798,0,23972171575,7659018,0
23.9849,1,23974784581,10164024,0
23.9875,2,23977307587,10164024,0
23.99,0,23979830593,10164024,0
23.9951,1,23984948605,10173024,0
23.9976,2,23987471611,10173024,0
24.008,1,23995121629,12848230,0
24.0105,2,23997644635,12848230,0
24.013,0,23989994617,23021254,0
24.0182,1,24007969859,10200024,0
24.0207,2,24010492865,10200024,0
24.0232,0,24013015871,10200024,0
24.0283,1,24018169883,10173024,0
24.0309,2,24020692889,10173024,0
24.0334,0,24023215895,10173024,0
24.041,1,24028342907,12687030,0
24.0439,2,24030865913,13000030,0
24.0464,0,24033388919,13000030,0
24.0543,1,24041029937,13235236,0
24.0568,2,24043865943,12922236,0
24.0593,0,24046388949,12922236,0
24.0669,1,24054265173,12658024,0
24.0694,2,24056788179,12658024,0
24.072,0,24059311185,12658024,0
24.0774,1,24066923197,10448018,0
24.0799,2,24069446203,10448018,0
24.0824,0,24071969209,10448018,0
24.085,1,24077371215,7659018,0
24.0876,2,24079894221,7659018,0
24.0901,0,24082417227,7659018,0
24.0952,1,24085030233,10164024,0
24.0977,2,24087553239,10164024,0
24.1002,0,24090076245,10164024,0
24.1081,1,24095194257,12904236,0
24.1232,1,24108098493,15109024,0
24.1257,2,24097717263,28013260,0
24.1283,0,24100240269,28013260,0
24.1384,1,24123207517,15228036,0
24.1434,0,24128253529,15172030,0
24.1464,1,24138435553,7943012,0
24.1489,2,24125730523,23171048,0
24.1514,0,24143425559,7999018,0
24.1618,1,24146378565,15409242,0
24.1668,0,24151424577,15353236,0
24.1719,1,24161787807,10144018,0
24.1745,2,24148901571,25553260,0
24.1773,0,24166777813,10513024,0
24.1824,1,24171931825,10430018,0
24.1849,2,24174454831,10430018,0
24.1874,0,24177290837,10117018,0
24.195,1,24182361843,12687030,0
24.2,0,24187407855,12631024,0
24.2054,1,24195048873,10352224,0
24.2079,2,24184884849,23039254,0
24.2104,0,24200038879,10408230,0
24.2181,1,24205401097,12687030,0
24.2206,2,24207924103,12687030,0
24.2231,0,24210447109,12687030,0
24.2283,1,24218088127,10191024,0
24.2308,2,24220611133,10191024,0
24.2333,0,24223134139,10191024,0
24.2409,1,24228279151,12631024,0
24.2434,2,24230802157,12631024,0
24.246,0,24233325163,12631024,0
24.2489,1,24240910175,7990018,0
24.2514,2,24243433181,7990018,0
24.2542,0,24245956187,8207224,0
24.2593,1,24248900193,10381230,0
24.2643,0,24254163411,10108018,0
24.2768,0,24264271429,12577018,0
24.2848,1,24259281423,25539042,0
24.2898,0,24276848447,12962024,0
24.2949,2,24251423199,43442284,0
24.305,0,24289810471,15163030,0
24.333,0,24304973501,27982254,0
24.3355,1,24284820465,50658296,0
24.338,2,24294865483,43136284,0
24.3482,0,24332955755,15228036,0
24.3536,1,24335478761,18073042,0
24.3713,0,24348183791,23132242,0
24.3764,1,24353551803,22837242,0
24.3789,2,24338001767,40910284,0
24.3919,0,24371316033,20623048,0
24.3945,1,24376389045,18109042,0
24.397,2,24378912051,18109042,0
24.4099,0,24391939081,17986248,0
24.4175,1,24394498087,23005260,0
24.42,2,24397021093,23005260,0
24.4302,0,24409925329,20283048,0
24.4353,1,24417503347,17796042,0
24.4429,0,24430208377,12685024,0
24.448,1,24435299389,12676024,0
24.4505,2,24420026353,30472066,0
24.4561,0,24442893401,13235236,0
24.4612,2,24450498419,10665224,0
24.4637,0,24456128637,7621012,0
24.4663,1,24447975413,18324242,0
24.4688,2,24461163643,7659018,0
24.4739,0,24463749649,10164024,0
24.4765,1,24466299655,10164024,0
24.479,2,24468822661,10164024,0
24.4844,0,24473913673,10486024,0
24.4895,1,24476463679,13000030,0
24.492,2,24478986685,13000030,0
24.4971,0,24484399697,12687030,0
24.5022,1,24489463709,12705030,0
24.5175,0,24497086727,20408248,0
24.5226,1,24502168739,20408248,0
24.5251,2,24491986715,33113278,0
24.5352,0,24517494975,17713036,0
24.5402,2,24525099993,15143024,0
24.5454,0,24535208011,10162018,0
24.5479,1,24522576987,25343048,0
24.5504,2,24540243017,10200024,0
24.5586,1,24547920035,10647224,0
24.5611,2,24550443041,10647224,0
24.5662,0,24545370029,20820248,0
24.5687,1,24558567259,10173024,0
24.5763,1,24568740283,7547006,0
24.5788,2,24561090265,17720030,0
24.5814,0,24566190277,15197024,0
24.5839,1,24576287289,7650018,0
24.5868,2,24578810295,7963018,0
24.5919,0,24581387301,10477024,0
24.5944,1,24583937307,10477024,0
24.5969,2,24586773313,10164024,0
24.6098,0,24591864325,17932248,0
24.6123,1,24594414331,17932248,0
24.6149,2,24596937337,17932248,0
24.6276,0,24609796573,17760042,0
24.6326,1,24612346579,20274048,0
24.6351,2,24614869585,20274048,0
24.6453,0,24627556615,17760042,0
24.6479,1,24632620627,15255036,0
24.6585,0,24645316657,13206230,0
24.6611,1,24647875663,13188230,0
24.6636,2,24635143633,28443266,0
24.6737,1,24661063893,12658024,0
24.6762,2,24663586899,12658024,0
24.6789,0,24658522887,20335042,0
24.6839,1,24673721917,10191024,0
24.6864,2,24676244923,10191024,0
24.6994,1,24683912941,15458030,0
24.7019,2,24686435947,15458030,0
24.7073,0,24678857929,28398266,0
24.7148,2,24701893977,12875230,0
24.7224,0,24707256195,15163030,0
24.725,1,24699370971,25589260,0
24.7376,0,24722419225,15172030,0
24.7502,0,24737591255,12604018,0
24.7554,1,24724960231,30460254,0
24.7579,2,24714769207,43174284,0
24.7609,0,24750195273,10665224,0
24.7634,1,24755420485,7999018,0
24.7659,2,24757943491,7999018,0
24.776,1,24763419503,12622024,0
24.7786,2,24765942509,12622024,0
24.7837,0,24760860497,22840048,0
24.7862,1,24776041527,10191024,0
24.7888,2,24778564533,10191024,0
24.7917,0,24783700545,7972018,0
24.7967,2,24788755557,7916012,0
24.8045,0,24791672563,12839230,0
24.807,1,24786232551,20811248,0
24.8096,2,24796671569,12895236,0
24.8197,0,24804511793,15228036,0
24.8223,1,24807043799,15228036,0
24.8248,2,24809566805,15228036,0
24.835,0,24819739829,15228036,0
24.84,2,24824794841,15172030,0
24.8426,0,24834967865,7630012,0
24.8451,1,24822271835,22858048,0
24.8477,2,24839966871,7686018,0
24.8555,0,24842597877,12895236,0
24.858,1,24845129883,12895236,0
24.8609,2,24847652889,13208236,0
24.871,0,24855493113,15541036,0
24.8736,1,24858025119,15541036,0
24.8761,2,24860861125,15228036,0
24.8837,0,24871034149,12714030,0
24.8863,1,24873566155,12714030,0
24.8888,2,24876089161,12714030,0
24.8968,0,24883748179,13018030,0
24.8993,1,24886280185,13018030,0
24.9018,2,24888803191,13018030,0
24.9071,0,24896766209,10352224,0
24.9097,1,24899298215,10352224,0
24.9122,2,24901821221,10352224,0
24.9148,0,24907118433,7677018,0
24.9173,1,24909650439,7677018,0
24.9199,2,24912173445,7677018,0
24.9275,0,24914795451,12678030,0
24.93,1,24917327457,12678030,0
24.9351,0,24927473481,7621012,0
24.9376,1,24930005487,7621012,0
24.9401,2,24919850463,20299042,0
24.9478,0,24935094493,12678030,0
24.9503,1,24937626499,12678030,0
24.9606,0,24947772523,12866230,0
24.9635,1,24950304529,13179230,0
24.966,2,24940149505,25857260,0
24.9737,0,24960638753,13018030,0
24.9762,1,24963483759,12705030,0
24.9838,0,24973656783,10135018,0
24.9888,2,24966006765,22784042,0
24.9939,0,24983791801,10117018,0
24.9968,1,24976188789,20565036,0
25.0071,0,24993908819,13161230,0
25.0096,1,24996753825,12848230,0
25.0147,0,25007070049,7630012,0
25.0172,1,25009602055,7630012,0
25.0198,2,24988790807,30964266,0
25.0249,0,25014700061,10164024,0
25.0274,1,25017232067,10164024,0
25.0299,2,25019755073,10164024,0
25.0376,0,25024864085,12687030,0
25.0401,1,25027396091,12687030,0
25.0426,2,25029919097,12687030,0
25.0529,1,25040083121,12866230,0
25.0555,2,25042606127,12866230,0
25.0631,0,25037551115,25571260,0
25.0709,2,25055472357,15476030,0
25.0761,0,25063122375,12962024,0
25.0786,1,25052949351,25676054,0
25.0811,2,25070948387,10200024,0
25.0913,0,25076084399,15219036,0
25.0938,1,25078625405,15201036,0
25.0963,2,25081148411,15201036,0
25.107,0,25091303435,15702236,0
25.1095,1,25093826441,15702236,0
25.1121,2,25096349447,15702236,0
25.1247,1,25109528677,15190030,0
25.1272,2,25112051683,15190030,0
25.1349,0,25107005671,27904060,0
25.1374,1,25124718707,12714030,0
25.14,2,25127241713,12714030,0
25.1501,0,25134909731,15219036,0
25.1529,1,25137432737,15436242,0
25.1554,2,25139955743,15436242,0
25.1655,1,25152868979,12658024,0
25.181,0,25150128767,30865266,0
25.186,2,25155391985,30592054,0
25.1912,0,25180994033,10162018,0
25.1937,1,25165527003,28152054,0
25.2041,0,25191156051,12944024,0
25.2091,2,25185984039,23106042,0
25.2195,0,25204100075,15380236,0
25.222,1,25193679057,28324260,0
25.2245,2,25209090081,15436242,0
25.2347,0,25219480311,15228036,0
25.2397,2,25224526323,15172030,0
25.2449,0,25234708347,10144018,0
25.2474,1,25222003317,25372054,0
25.2499,2,25239698353,10200024,0
25.2578,0,25244852365,12904236,0
25.2603,1,25247375371,12904236,0
25.2628,2,25249898377,12904236,0
25.2758,0,25257756601,17999042,0
25.2783,1,25260279607,17999042,0
25.2808,2,25262802613,17999042,0
25.2885,0,25275755643,12732030,0
25.291,1,25278278649,12732030,0
25.2986,0,25288487673,10135018,0
25.3011,1,25291010679,10135018,0
25.3042,2,25280801655,23397254,0
25.3143,1,25301145697,13161230,0
25.3168,2,25304198909,12631024,0
25.3245,0,25298622691,25866260,0
25.327,1,25314306927,12705030,0
25.3295,2,25316829933,12705030,0
25.3397,1,25327011957,12649024,0
25.3422,2,25329534963,12649024,0
25.3524,0,25324488951,27868060,0
25.3549,1,25339660981,15219036,0
25.3627,0,25352357011,10361224,0
25.3652,1,25354880017,10361224,0
25.3678,2,25342183987,25580260,0
25.3782,1,25365241241,12944024,0
25.3807,2,25367764247,12944024,0
25.3884,0,25362718235,25649054,0
25.3909,1,25378185265,12705030,0
25.3934,2,25380708271,12705030,0
25.4011,0,25388367289,12705030,0
25.4066,2,25393413301,13179236,0
25.4193,0,25401072319,18207248,0
25.4218,1,25390890295,30912278,0
25.432,0,25419279567,12676024,0
25.4345,1,25421802573,12676024,0
25.437,2,25406592537,30409066,0
25.4472,0,25431955591,15219036,0
25.4497,1,25434478597,15219036,0
25.4522,2,25437001603,15219036,0
25.4676,2,25452220639,15333230,0
25.4702,0,25447174627,23037248,0
25.4727,1,25449697633,23037248,0
25.4756,2,25467553869,8017018,0
25.4807,0,25470211875,10477024,0
25.4832,1,25472734881,10477024,0
25.4908,0,25480688899,10117018,0
25.4933,1,25483211905,10117018,0
25.4959,2,25475570887,20281042,0
25.5034,1,25493328923,10117018,0
25.5091,0,25490805917,18250242,0
25.5116,1,25503445941,8133224,0
25.5141,2,25495851929,18250242,0
25.5217,0,25509056159,12687030,0
25.5243,1,25511579165,12687030,0
25.5268,2,25514102171,12687030,0
25.5319,0,25521743189,10191024,0
25.5345,1,25524266195,10191024,0
25.537,2,25526789201,10191024,0
25.5421,0,25531934213,10173024,0
25.5446,1,25534457219,10173024,0
25.5472,2,25536980225,10173024,0
25.555,0,25542107237,12904236,0
25.5575,1,25544630243,12904236,0
25.5601,2,25547153249,12904236,0
25.5677,0,25555011473,12714030,0
25.5702,1,25557534479,12714030,0
25.5782,0,25567725503,10448018,0
25.5807,1,25570248509,10448018,0
25.5832,2,25560057485,23162048,0
25.5908,0,25578173521,12631024,0
25.5933,1,25580696527,12631024,0
25.5984,0,25590804545,7621012,0
25.6009,1,25593327551,7621012,0
25.6035,2,25583219533,20252036,0
25.6063,0,25598425557,7867224,0
25.6091,1,25600948563,8180224,0
25.6117,2,25603471569,8180224,0
25.6143,0,25606292781,7972018,0
25.6168,1,25609128787,7659018,0
25.6219,0,25614264799,7594012,0
25.6244,1,25616787805,7594012,0
25.6269,2,25611651793,15253030,0
25.6295,0,25621858811,7650018,0
25.632,1,25624381817,7650018,0
25.6346,2,25626904823,7650018,0
25.6396,1,25632031835,7594012,0
25.6421,2,25634554841,7594012,0
25.6448,0,25629508829,15244030,0
25.6473,1,25639625847,7650018,0
25.6498,2,25642148853,7650018,0
25.6524,0,25644752859,7650018,0
25.6574,2,25649798871,7594012,0
25.6602,0,25652402877,7811218,0
25.6627,1,25647275865,15461236,0
25.6653,2,25657392883,7867224,0
25.6679,0,25660214095,7650018,0
25.6704,1,25662737101,7650018,0
25.6729,2,25665260107,7650018,0
25.6755,0,25667864113,7650018,0
25.678,1,25670387119,7650018,0
25.6809,2,25672910125,7963018,0
25.6835,0,25675514131,7963018,0
25.686,1,25678037137,7963018,0
25.6885,2,25680873143,7650018,0
25.6911,0,25683477149,7650018,0
25.6937,1,25686000155,7650018,0
25.6962,2,25688523161,7650018,0
25.6988,0,25691127167,7650018,0
25.7013,1,25693650173,7650018,0
25.7066,0,25698777185,7811218,0
25.7091,1,25701300191,7811218,0
25.7119,2,25696173179,15774236,0
25.7146,0,25706588403,7972018,0
25.7171,1,25709111409,7972018,0
25.7196,2,25711947415,7659018,0
25.7222,0,25714560421,7650018,0
25.7247,1,25717083427,7650018,0
25.7273,2,25719606433,7650018,0
25.7299,0,25722210439,7650018,0
25.7324,1,25724733445,7650018,0
25.7375,0,25729860457,7594012,0
25.74,1,25732383463,7594012,0
25.7425,2,25727256451,15244030,0
25.7451,0,25737454469,7650018,0
25.7476,1,25739977475,7650018,0
25.7502,2,25742500481,7650018,0
25.753,0,25745104487,7867224,0
25.7555,1,25747627493,7867224,0
25.758,2,25750150499,7867224,0
25.7606,0,25752971711,7650018,0
25.7631,1,25755494717,7650018,0
25.7657,2,25758017723,7650018,0
25.7708,0,25760621729,10164024,0
25.7733,1,25763144735,10164024,0
25.7809,0,25770785753,10117018,0
25.7837,1,25773308759,10430018,0
25.7863,2,25765667741,20594042,0
25.7939,0,25780902771,13000030,0
25.7964,1,25783738777,12687030,0
25.7989,2,25786261783,12687030,0
25.8092,1,25796425807,12810224,0
25.8118,2,25798948813,12810224,0
25.8172,0,25793902801,23323248,0
25.8222,2,25811759037,10457018,0
25.8273,0,25817226049,10117018,0
25.8323,2,25822216055,10117018,0
25.8399,0,25827343067,12575018,0
25.8424,1,25809236031,33205060,0
25.845,2,25832333073,12631024,0
25.8501,0,25839918085,10191024,0
25.8551,2,25844964097,10135018,0
25.8579,0,25850109109,7820218,0
25.8629,2,25855099115,7820218,0
25.868,0,25857929327,10108018,0
25.8706,1,25842441091,28119260,0
25.8782,0,25868037345,10117018,0
25.8807,1,25870560351,10117018,0
25.8886,0,25878154363,10430024,0
25.8911,1,25880677369,10430024,0
25.8936,2,25862919333,30711066,0
25.8988,0,25888584387,10173024,0
25.9013,1,25891107393,10173024,0
25.9091,0,25898757411,10334224,0
25.9116,1,25901280417,10334224,0
25.9141,2,25893630399,20507248,0
25.9221,0,25909091635,13018030,0
25.9246,1,25911614641,13018030,0
25.9272,2,25914137647,13018030,0
25.9348,0,25922109665,12705030,0
25.9373,1,25924632671,12705030,0
25.9399,2,25927155677,12705030,0
25.95,0,25934814695,15219036,0
25.9528,1,25937337701,15436242,0
25.9553,2,25939860707,15436242,0
25.9629,0,25950033731,12875230,0
25.9654,1,25952773943,12658024,0
25.968,2,25955296949,12658024,0
25.9731,0,25962908961,10191024,0
25.9781,2,25967954973,10135018,0
25.9911,0,25973099985,17972036,0
25.9936,1,25965431967,28163060,0
25.9961,2,25978089991,18028042,0
26.0065,0,25991072021,15463242,0
26.0091,1,25993595027,15463242,0
26.0116,2,25996118033,15463242,0
26.0271,1,26009058269,17999036,0
26.0296,2,26011581275,17999036,0
26.0397,1,26027057305,12676024,0
26.0423,2,26029580311,12676024,0
26.0499,0,26006535263,43380090,0
26.0577,0,26049915353,7782212,0
26.0602,1,26039733329,20487242,0
26.0627,2,26042256335,20487242,0
26.0653,0,26057697565,7650018,0
26.0679,1,26060220571,7650018,0
26.0704,2,26062743577,7650018,0
26.078,0,26065347583,12678030,0
26.0805,1,26067870589,12678030,0
26.0831,2,26070393595,12678030,0
26.0961,0,26078025613,18046042,0
26.0986,1,26080548619,18046042,0
26.1011,2,26083071625,18046042,0
26.1065,0,26096071655,10379224,0
26.109,1,26098594661,10379224,0
26.1115,2,26101117667,10379224,0
26.1191,0,26106450879,12687030,0
26.1244,2,26111496891,12944024,0
26.1346,0,26119137909,15476030,0
26.1396,2,26124440915,15163030,0
26.1472,0,26134613939,12602018,0
26.1497,1,26108973885,40765078,0
26.1523,2,26139603945,12658024,0
26.1576,0,26147215957,10408230,0
26.1601,1,26149738963,10408230,0
26.1627,2,26152261969,10408230,0
26.1678,0,26157624187,10191024,0
26.1703,1,26160147193,10191024,0
26.1729,2,26162670199,10191024,0
26.178,0,26167815211,10173024,0
26.183,2,26172861223,10117018,0
26.1881,0,26177988235,10117018,0
26.1906,1,26170338217,20290042,0
26.1935,2,26182978241,10486024,0
26.1986,0,26188105253,10486024,0
26.2011,1,26190628259,10486024,0
26.2036,2,26193464265,10173024,0
26.2114,1,26201114283,10334224,0
26.214,2,26203637289,10334224,0
26.2191,1,26211448507,7603012,0
26.2216,2,26213971513,7603012,0
26.227,0,26198591277,28414260,0
26.232,2,26221574525,10421018,0
26.2346,0,26227005537,7603012,0
26.2371,1,26219051519,18080036,0
26.2422,0,26234608549,7594012,0
26.2447,1,26237131555,7594012,0
26.2472,2,26231995543,15253030,0
26.2499,0,26242202561,7650018,0
26.2524,1,26244725567,7650018,0
26.2549,2,26247248573,7650018,0
26.2602,0,26249852579,10381230,0
26.2628,1,26252375585,10381230,0
26.2653,2,26254898591,10381230,0
26.2729,1,26262756815,10135018,0
26.2754,2,26265279821,10135018,0
26.2805,0,26260233809,20252036,0
26.283,1,26272891833,10117018,0
26.2855,2,26275414839,10117018,0
26.2907,0,26280485845,10173024,0
26.2932,1,26283008851,10173024,0
26.2986,0,26290658869,7916012,0
26.3011,1,26293181875,7916012,0
26.3114,0,26298574881,12839230,0
26.3139,1,26301097887,12839230,0
26.3165,2,26285531857,30928266,0
26.3216,0,26311414111,10200024,0
26.3241,1,26313937117,10200024,0
26.327,2,26316460123,10513024,0
26.3321,0,26321614135,10486024,0
26.3346,1,26324137141,10486024,0
26.3371,2,26326973147,10173024,0
26.3423,0,26332100159,10173024,0
26.3448,1,26334623165,10173024,0
26.3473,2,26337146171,10173024,0
26.3524,0,26342273183,10173024,0
26.355,1,26344796189,10173024,0
26.3653,0,26352446207,12848230,0
26.3678,1,26354969213,12848230,0
26.3703,2,26347319195,23021254,0
26.3805,0,26365294437,15228036,0
26.3855,2,26370340449,15172030,0
26.3956,0,26380522473,15116024,0
26.3985,1,26367817443,30657060,0
26.401,2,26385512479,15485030,0
26.4113,2,26400997509,10305218,0
26.4139,0,26395638497,18295236,0
26.4165,1,26398474503,17982236,0
26.419,2,26411302727,7677018,0
26.4216,0,26413933733,7650018,0
26.4241,1,26416456739,7650018,0
26.4266,2,26418979745,7650018,0
26.4346,0,26421583751,12991030,0
26.4396,2,26426629763,12935024,0
26.4447,0,26434574781,10135018,0
26.4472,1,26424106757,23126048,0
26.4498,2,26439564787,10191024,0
26.4652,0,26444709799,20446254,0
26.4677,1,26447232805,20446254,0
26.4702,2,26449755811,20446254,0
26.4855,0,26465156053,20301048,0
26.488,1,26467679059,20301048,0
26.4905,2,26470202065,20301048,0
26.501,0,26485457101,15568036,0
26.5062,2,26490503113,15729236,0
26.5164,0,26501025137,15389236,0
26.5189,1,26487980107,30957272,0
26.529,0,26516414373,12602018,0
26.5319,1,26518937379,12915018,0
26.5344,2,26506232349,28143054,0
26.5395,0,26529016391,10504024,0
26.542,1,26531852397,10191024,0
26.5446,2,26534375403,10191024,0
26.5496,1,26542043421,7603012,0
26.5522,2,26544566427,7603012,0
26.5575,0,26539520415,17984242,0
26.56,1,26549646433,10381230,0
26.5626,2,26552169439,10381230,0
26.5727,0,26557504657,15201036,0
26.5752,1,26560027663,15201036,0
26.5778,2,26562550669,15201036,0
26.5854,0,26572705693,12714030,0
26.5879,1,26575228699,12714030,0
26.5981,0,26585419723,12649024,0
26.6006,1,26587942729,12649024,0
26.6138,0,26598068747,15693236,0
26.6163,1,26600591753,15693236,0
26.6213,2,26577751705,43550290,0
26.6289,0,26613761983,15172030,0
26.6315,1,26616284989,15172030,0
26.6343,2,26621301995,13027030,0
26.642,0,26628934013,13027030,0
26.6445,1,26631457019,13027030,0
26.6495,2,26634329025,15219036,0
26.6571,0,26641961043,15163030,0
26.6599,1,26644484049,15380236,0
26.6649,2,26649548061,15389236,0
26.6775,0,26657124073,20417248,0
26.6801,1,26659864285,20200042,0
26.6826,2,26664937297,17686036,0
26.6878,0,26677541321,10227024,0
26.6903,1,26680064327,10227024,0
26.6954,2,26682623333,12732030,0
26.7005,0,26687768345,12687030,0
26.703,1,26690291351,12687030,0
26.7086,2,26695355363,13235236,0
26.7137,0,26700455375,13235236,0
26.7162,1,26702978381,13235236,0
26.7238,2,26708590599,15165030,0
26.7289,0,26713690611,15165030,0
26.7314,1,26716213617,15165030,0
26.7493,1,26731378647,17943030,0
26.7519,2,26723755629,28143054,0
26.7572,0,26728855641,28378260,0
26.7598,1,26749321677,10435230,0
26.7648,2,26751898683,12922236,0
26.7725,0,26757233901,15219036,0
26.775,1,26759756907,15219036,0
26.7775,2,26764820919,12714030,0
26.7852,0,26772452937,12714030,0
26.7978,0,26785166967,12595018,0
26.8003,1,26774975943,25309048,0
26.8109,1,26800284991,10609224,0
26.8135,2,26777534949,35927272,0
26.816,0,26797761985,18286242,0
26.8186,1,26810894215,7677018,0
26.8211,2,26813462221,7650018,0
26.8262,0,26816048227,10164024,0
26.8287,1,26818571233,10164024,0
26.8313,2,26821112239,10164024,0
26.8392,0,26826212251,13000030,0
26.8442,2,26831276263,12944024,0
26.8518,1,26828735257,23079042,0
26.8596,0,26839212281,20413236,0
26.8646,2,26844220287,20413236,0
26.8672,0,26859625517,7621012,0
26.8698,1,26851814299,17955236,0
26.8723,2,26864633523,7677018,0
26.8749,0,26867246529,7650018,0
26.8774,1,26869769535,7650018,0
26.8825,2,26872310541,10164024,0
26.8876,0,26874896547,12678030,0
26.8901,1,26877419553,12678030,0
26.8926,2,26882474565,10173024,0
26.9003,0,26887574577,12705030,0
26.903,1,26890097583,12922236,0
26.9056,2,26892647589,12904236,0
26.916,0,26900279607,15749242,0
26.9186,1,26903019819,15532036,0
26.9236,2,26905551825,18046042,0
26.9441,0,26916028849,28107054,0
26.9491,2,26923597867,25537042,0
26.9517,0,26944135903,7603012,0
26.9545,1,26918551855,35927272,0
26.9595,2,26949134909,10390230,0
26.9646,0,26951738915,12895236,0
26.9672,1,26954479127,12678030,0
26.9697,2,26959525139,10173024,0
26.9824,0,26964634151,17733042,0
26.9849,1,26967157157,17733042,0
26.9874,2,26969698163,17715042,0
26.9976,0,26982367193,15246036,0
27.0001,1,26984890199,15246036,0
27.0027,2,26987413205,15246036,0
27.0133,1,27000136235,13188236,0
27.0158,2,27002659241,13188236,0
27.0235,0,26997613229,25902266,0
27.026,1,27013324471,12714030,0
27.0387,0,27023515495,15163030,0
27.044,2,27015847477,28134060,0
27.0491,0,27038678525,10457024,0
27.0517,1,27026038501,25620054,0
27.057,0,27049135549,7820218,0
27.0595,1,27051658555,7820218,0
27.0646,0,27056955767,7603012,0
27.0671,1,27059478773,7603012,0
27.0696,2,27043981537,25623254,0
27.0772,0,27064558779,12678030,0
27.0822,2,27069604791,12622024,0
27.0874,0,27077236809,10135018,0
27.0899,1,27067081785,22813048,0
27.0924,2,27082226815,10191024,0
27.1001,0,27087371827,12687030,0
27.1028,1,27089894833,12904236,0
27.1053,2,27092417839,12904236,0
27.1129,0,27100058857,12866230,0
27.1158,1,27102799069,12962024,0
27.1183,2,27105322075,12962024,0
27.1209,0,27112925087,7990018,0
27.1234,1,27115761093,7677018,0
27.126,2,27118284099,7677018,0
27.1311,0,27120915105,10164024,0
27.1336,1,27123438111,10164024,0
27.1437,0,27131079129,12631024,0
27.1465,1,27133602135,12944024,0
27.1491,2,27125961117,23108048,0
27.1544,0,27143710153,10721230,0
27.157,1,27146546159,10408230,0
27.1595,2,27149069165,10408230,0
27.1646,0,27154431383,10173024,0
27.1671,1,27156954389,10173024,0
27.1697,2,27159477395,10173024,0
27.1773,0,27164604407,12687030,0
27.1798,1,27167127413,12687030,0
27.1823,2,27169650419,12687030,0
27.195,0,27177291437,17733042,0
27.2,2,27182337449,17677036,0
27.2104,0,27195024479,15407236,0
27.213,1,27179814443,33140278,0
27.2234,1,27212954721,10401018,0
27.2259,2,27200014485,25864260,0
27.2285,0,27210431715,18060036,0
27.231,1,27223355739,7659018,0
27.2335,2,27225878745,7659018,0
27.2412,0,27228491751,12678030,0
27.2437,1,27231014757,12678030,0
27.2462,2,27233537763,12678030,0
27.2594,1,27243692787,15693236,0
27.2619,2,27246215793,15693236,0
27.2721,0,27241169781,30939272,0
27.2746,1,27259386023,15246036,0
27.2772,2,27261909029,15246036,0
27.2948,0,27272109053,22716048,0
27.2973,1,27274632059,22716048,0
27.2999,2,27277155065,22716048,0
27.3103,0,27294825101,15434236,0
27.3128,1,27297348107,15434236,0
27.3153,2,27299871113,15434236,0
27.3232,0,27310259337,12989024,0
27.3258,1,27312782343,12989024,0
27.3283,2,27315305349,12989024,0
27.3309,0,27323248361,7677018,0
27.3334,1,27325771367,7677018,0
27.336,2,27328294373,7677018,0
27.3436,0,27330925379,12678030,0
27.3461,1,27333448385,12678030,0
27.3486,2,27335971391,12678030,0
27.3618,1,27346126415,15637230,0
27.3643,2,27348649421,15637230,0
27.3795,1,27361763645,17704036,0
27.382,2,27364286651,17704036,0
27.3846,0,27343603409,41045284,0
27.3872,1,27379467681,7704018,0
27.3897,2,27381990687,7704018,0
27.3948,0,27384648693,10164024,0
27.3973,1,27387171699,10164024,0
27.3999,2,27389694705,10164024,0
27.4102,0,27394812717,15418242,0
27.4128,1,27397335723,15418242,0
27.4204,0,27410230959,10162018,0
27.4257,2,27399858729,25837254,0
27.4308,0,27420392977,10430018,0
27.4333,1,27412753965,20592036,0
27.4359,2,27425695983,10173024,0
27.4435,0,27430822995,12631024,0
27.446,1,27433346001,12631024,0
27.4485,2,27435869007,12631024,0
27.4542,0,27443454019,10721230,0
27.4567,1,27445977025,10721230,0
27.4592,2,27448500031,10721230,0
27.4643,0,27454175249,10173024,0
27.4669,1,27456698255,10173024,0
27.4694,2,27459221261,10173024,0
27.4745,0,27464348273,10173024,0
27.477,1,27466871279,10173024,0
27.4796,2,27469394285,10173024,0
27.4847,0,27474521297,10173024,0
27.4872,1,27477044303,10173024,0
27.4897,2,27479567309,10173024,0
27.4974,0,27484694321,12687030,0
27.4999,1,27487217327,12687030,0
27.5024,2,27489740333,12687030,0
27.5077,0,27497381351,10352224,0
27.5103,1,27499904357,10352224,0
27.5128,2,27502427363,10352224,0
27.5204,0,27507733575,12705030,0
27.5233,1,27510256581,13018030,0
27.5258,2,27512779587,13018030,0
27.5309,0,27520438605,10504024,0
27.5335,1,27523274611,10191024,0
27.536,2,27525797617,10191024,0
27.5411,0,27530942629,10117018,0
27.5436,1,27533465635,10117018,0
27.5461,2,27535988641,10117018,0
27.5487,0,27541059647,7659018,0
27.5512,1,27543582653,7659018,0
27.5568,0,27548718665,8124224,0
27.5618,2,27546105659,15727236,0
27.5695,0,27556842889,12622024,0
27.572,1,27551241671,20746248,0
27.5745,2,27561832895,12678030,0
27.5797,0,27569464913,10191024,0
27.5822,1,27571987919,10191024,0
27.5847,2,27574510925,10191024,0
27.5923,0,27579655937,12687030,0
27.5949,1,27582178943,12687030,0
27.5974,2,27584701949,12687030,0
27.6053,0,27592342967,12922236,0
27.6078,1,27594865973,12922236,0
27.6103,2,27597388979,12922236,0
27.618,0,27605265203,12714030,0
27.6205,1,27607788209,12714030,0
27.623,2,27610311215,12714030,0
27.636,0,27617979233,18046042,0
27.6385,1,27620502239,18046042,0
27.6411,2,27623025245,18046042,0
27.6513,0,27636025275,15246036,0
27.654,1,27638548281,15463242,0
27.6619,0,27651271311,10674230,0
27.6645,1,27654011523,10457024,0
27.6746,0,27661945541,12631024,0
27.6771,1,27664468547,12631024,0
27.6846,2,27641071287,43550296,0
27.6948,0,27674576565,20191042,0
27.6973,1,27677099571,20191042,0
27.6998,2,27684621583,15219036,0
27.7102,0,27694767607,15416236,0
27.7127,1,27697290613,15416236,0
27.7152,2,27699840619,15389236,0
27.7308,0,27710183843,20587048,0
27.7333,1,27712706849,20587048,0
27.7358,2,27715229855,20587048,0
27.7485,1,27733293897,15199030,0
27.751,2,27735816903,15199030,0
27.7564,0,27730770891,25616260,0
27.7589,1,27748492927,10417230,0
27.7668,0,27756387151,10430018,0
27.7693,1,27758910157,10430018,0
27.7719,2,27751015933,20847248,0
27.777,0,27766817169,10173024,0
27.7795,1,27769340175,10173024,0
27.782,2,27771863181,10173024,0
27.7896,1,27779513199,10117018,0
27.7922,2,27782036205,10117018,0
27.7998,0,27776990193,22804048,0
27.8023,1,27789630217,12687030,0
27.8101,0,27799794241,10296218,0
27.8126,1,27802317247,10296218,0
27.8151,2,27792153223,22983248,0
27.8178,0,27810090459,7677018,0
27.8228,2,27815136471,7621012,0
27.8307,0,27817767477,12935024,0
27.8332,1,27812613465,20612042,0
27.8357,2,27822757483,12991030,0
27.8459,0,27830702501,15219036,0
27.8509,2,27835748513,15163030,0
27.8562,0,27845921537,10305218,0
27.8587,1,27833225507,25524254,0
27.8613,2,27850911543,10361224,0
27.8692,0,27856226755,13018030,0
27.8718,1,27858749761,13018030,0
27.8743,2,27861272767,13018030,0
27.8819,0,27869244785,12705030,0
27.8845,1,27871767791,12705030,0
27.887,2,27874290797,12705030,0
27.8947,0,27881949815,12705030,0
27.8972,1,27884472821,12705030,0
27.905,0,27894654845,10352224,0
27.91,2,27886995827,23001248,0
27.9151,0,27905007069,10117018,0
27.9176,1,27897177851,20469242,0
27.9202,2,27909997075,10173024,0
27.9303,0,27915124087,15201036,0
27.9332,1,27917647093,15514036,0
27.9357,2,27920170099,15514036,0
27.9509,0,27930325123,20569048,0
27.9536,1,27933161129,20473254,0
27.9562,2,27935684135,20473254,0
27.9639,0,27950894171,12958236,0
27.9667,1,27953634383,13054030,0
27.9692,2,27956157389,13054030,0
27.9743,0,27963852407,10448018,0
27.9768,1,27966688413,10135018,0
27.9793,2,27969211419,10135018,0
27.987,0,27974300425,12687030,0
27.9895,1,27976823431,12687030,0
28.0049,0,27986987455,17894242,0
28.0074,1,27989510461,17894242,0
28.0099,2,27979346437,30581272,0
28.0201,0,28004881697,15246036,0
28.0251,2,28009927709,15190030,0
28.0278,0,28020127733,7630012,0
28.0327,2,28025117739,7630012,0
28.0357,0,28027757745,7907012,0
28.0382,1,28007404703,30783060,0
28.0407,2,28032747751,7963018,0
28.0483,0,28035664757,12678030,0
28.0509,1,28038187763,12678030,0
28.0587,0,28048342787,10352224,0
28.0637,2,28040710769,22974248,0
28.0691,0,28058695011,10430018,0
28.0716,1,28050865793,20782242,0
28.0742,2,28063685017,10486024,0
28.0843,0,28069125029,15201036,0
28.0868,1,28071648035,15201036,0
28.0995,0,28084326065,15172030,0
28.1045,2,28074171041,30317060,0
28.1124,0,28099498095,12875230,0
28.1149,1,28086849071,28047260,0
28.1174,2,28104488101,12931236,0
28.1276,1,28114896331,12658024,0
28.1301,2,28117419337,12658024,0
28.1352,0,28112373325,22849048,0
28.1381,1,28127554355,10504024,0
28.1406,2,28130077361,10504024,0
28.1507,1,28138058379,12631024,0
28.1635,0,28135222373,28324260,0
28.1661,1,28150689403,15380236,0
28.174,0,28163546633,10457024,0
28.1765,1,28166069639,10457024,0
28.179,2,28140581385,38468284,0
28.1917,1,28176526663,15145030,0
28.1942,2,28179049669,15145030,0
28.2045,0,28174003657,30534266,0
28.2071,1,28191671693,15389236,0
28.2096,2,28194194699,15389236,0
28.2172,1,28207060929,10162018,0
28.2197,2,28209583935,10162018,0
28.2249,0,28204537923,20335042,0
28.2274,1,28217222947,10173024,0
28.235,0,28224872965,10117018,0
28.2375,1,28227395971,10117018,0
28.2403,2,28219745953,20603042,0
28.2505,0,28234989983,15514036,0
28.2532,1,28237512989,15731242,0
28.2558,2,28240348995,15418242,0
28.2609,0,28250504019,10417230,0
28.2634,1,28253244231,10200024,0
28.266,2,28255767237,10200024,0
28.2739,0,28260921249,13000030,0
28.2764,1,28263444255,13000030,0
28.279,2,28265967261,13000030,0
28.2866,0,28273921279,12649024,0
28.2891,1,28276444285,12649024,0
28.2916,2,28278967291,12649024,0
28.2992,1,28289093309,10135018,0
28.3018,2,28291616315,10135018,0
28.3046,0,28286570303,18011242,0
28.3071,1,28299228327,7876224,0
28.3096,2,28301751333,7876224,0
28.3148,0,28304581545,10173024,0
28.3173,1,28307104551,10173024,0
28.3198,2,28309627557,10173024,0
28.3249,0,28314754569,10173024,0
28.3275,1,28317277575,10173024,0
28.33,2,28319800581,10173024,0
28.3401,0,28324927593,15201036,0
28.343,1,28327450599,15514036,0
28.3455,2,28329973605,15514036,0
28.3633,1,28342964635,20312224,0
28.3658,2,28345487641,20312224,0
28.3709,0,28340128629,30816248,0
28.3735,1,28363276859,10191024,0
28.3763,2,28365799865,10504024,0
28.3814,0,28370944877,10486024,0
28.384,1,28373467883,10486024,0
28.3865,2,28376303889,10173024,0
28.3916,0,28381430901,10173024,0
28.3941,1,28383953907,10173024,0
28.3966,2,28386476913,10173024,0
28.4018,0,28391603925,10173024,0
28.407,2,28396649937,10334224,0
28.4096,0,28401776949,7820218,0
28.4121,1,28394126931,17993242,0
28.4172,0,28409597167,7594012,0
28.4197,1,28412120173,7594012,0
28.4222,2,28406984161,15253030,0
28.4248,0,28417191179,7650018,0
28.4274,1,28419714185,7650018,0
28.4299,2,28422237191,7650018,0
28.435,1,28427364203,7594012,0
28.4375,2,28429887209,7594012,0
28.4426,0,28424841197,17758036,0
28.4454,1,28434958215,10477024,0
28.448,2,28437481221,10477024,0
28.4533,0,28442599233,10703230,0
28.4558,1,28445435239,10390230,0
28.4583,2,28447958245,10390230,0
28.466,0,28453302463,12705030,0
28.4685,1,28455825469,12705030,0
28.4711,2,28458348475,12705030,0
28.479,0,28466007493,13018030,0
28.484,2,28471053505,12962024,0
28.4892,0,28479025523,10135018,0
28.4917,1,28468530499,23153048,0
28.4942,2,28484015529,10191024,0
28.5018,0,28489160541,12687030,0
28.5044,1,28491683547,12687030,0
28.5147,0,28501847571,12866230,0
28.5172,1,28504370577,12866230,0
28.5198,2,28494206553,25553260,0
28.5325,0,28514713801,17742042,0
28.535,1,28517236807,17742042,0
28.5375,2,28519759813,17742042,0
28.5505,1,28534978849,15503030,0
28.5583,0,28532455843,25864254,0
28.5608,1,28550481879,10361224,0
28.5634,2,28537501855,25864254,0
28.5761,0,28558320097,17733042,0
28.5789,1,28560843103,18046042,0
28.589,0,28576053139,12989024,0
28.5916,1,28578889145,12676024,0
28.5941,2,28563366109,30722066,0
28.6017,0,28589042163,12649024,0
28.6145,1,28591565169,22889236,0
28.617,2,28594088175,22889236,0
28.6221,0,28601691187,20413236,0
28.6246,1,28614454405,10173024,0
28.6347,1,28624627429,10061012,0
28.6372,2,28616977411,20234036,0
28.6423,0,28622104423,20234036,0
28.6449,1,28634688441,10173024,0
28.6474,2,28637211447,10173024,0
28.6577,1,28644861465,12888018,0
28.6706,0,28642338459,28268254,0
28.6731,1,28657749483,15380236,0
28.6757,2,28647384471,28268254,0
28.6862,0,28670606713,15559036,0
28.6887,1,28673129719,15559036,0
28.6912,2,28675652725,15559036,0
28.7041,0,28686165749,17959248,0
28.7066,1,28688688755,17959248,0
28.7092,2,28691211761,17959248,0
28.7244,0,28704124997,20274048,0
28.7269,1,28706648003,20274048,0
28.7446,0,28724399045,20227042,0
28.7471,1,28726922051,20227042,0
28.7497,2,28709171009,40501090,0
28.7629,0,28744626087,18299248,0
28.7654,1,28747149093,18299248,0
28.768,2,28749672099,18299248,0
28.7782,0,28762925335,15246036,0
28.7835,2,28767971347,15503036,0
28.7937,0,28778171371,15485036,0
28.7962,1,28765448341,30731072,0
28.7987,2,28783474383,15228036,0
28.8116,0,28793656407,17903242,0
28.8141,1,28796179413,17903242,0
28.8166,2,28798702419,17903242,0
28.8268,0,28811559649,15255036,0
28.8318,2,28816605661,15199030,0
28.842,0,28826814685,15172030,0
28.8601,1,28814082655,46019290,0
28.8626,2,28831804691,30820260,0
28.8753,1,28860101945,15190030,0
28.8778,2,28862624951,15190030,0
28.8908,0,28841986715,48837296,0
28.8933,1,28875291975,18055042,0
28.8959,2,28877814981,18055042,0
28.9038,0,28890824011,12949236,0
28.9063,1,28893347017,12949236,0
28.9088,2,28895870023,12949236,0
28.9165,0,28903773247,12714030,0
28.919,1,28906296253,12714030,0
28.9291,0,28916487277,12649024,0
28.9317,1,28919010283,12649024,0
28.9342,2,28908819259,25363054,0
28.9418,0,28929136301,12705030,0
28.9444,1,28931659307,12705030,0
28.9469,2,28934182313,12705030,0
28.952,0,28941841331,10135018,0
28.9545,1,28944364337,10135018,0
28.9576,2,28946887343,10665224,0
28.9652,0,28951976349,13217236,0
28.9677,1,28954499355,13217236,0
28.9702,2,28957552567,12687030,0
28.9829,0,28965193585,17733042,0
28.9882,2,28970239597,17990042,0
28.9984,1,28967716591,30666066,0
29.0009,2,28988229639,12676024,0
29.0088,0,28982926627,25855260,0
29.0113,1,28998382657,12922236,0
29.0214,1,29011304893,10079012,0
29.0239,2,29000905663,23001248,0
29.029,0,29008781887,20252036,0
29.0316,1,29021383905,10173024,0
29.0341,2,29023906911,10173024,0
29.0442,0,29029033923,15201036,0
29.0468,1,29031556929,15201036,0
29.0493,2,29034079935,15201036,0
29.06,0,29044234959,15758242,0
29.0625,1,29046757965,15758242,0
29.0777,0,29059993201,17704036,0
29.0827,2,29049280971,33406272,0
29.0932,0,29077697237,15503030,0
29.0957,1,29062516207,33207066,0
29.1086,0,29093200267,15389236,0
29.1111,1,29095723273,15389236,0
29.1136,2,29082687243,30948272,0
29.1263,0,29108589503,17686036,0
29.1288,1,29111112509,17686036,0
29.1364,0,29126275539,10162018,0
29.1414,2,29113635515,27792048,0
29.1465,0,29136437557,10061012,0
29.149,1,29128798545,20223030,0
29.1515,2,29141427563,10117018,0
29.1544,0,29146498569,7876224,0
29.1569,1,29149021575,7876224,0
29.1594,2,29151544581,7876224,0
29.1724,0,29154374793,18028042,0
29.1774,2,29159420805,17972036,0
29.1954,0,29172402835,23045048,0
29.198,1,29156897799,41073090,0
29.2005,2,29177392841,23101054,0
29.2134,1,29197970889,15434236,0
29.2159,2,29200493895,15434236,0
29.2261,1,29213405125,12658024,0
29.2286,2,29215928131,12658024,0
29.2337,0,29195447883,38283284,0
29.2387,2,29228586155,10135018,0
29.2463,1,29226063149,20252036,0
29.2488,2,29238721173,10117018,0
29.2542,0,29233731167,20451242,0
29.2567,1,29246315185,10390230,0
29.2696,1,29256705415,12888018,0
29.2721,2,29248838191,23278248,0
29.2798,0,29254182409,25593048,0
29.2823,1,29269593433,12705030,0
29.2848,2,29272116439,12705030,0
29.2925,0,29279775457,12705030,0
29.295,1,29282298463,12705030,0
29.2978,2,29284821469,13018030,0
29.3132,1,29295003493,18207242,0
29.3258,1,29313210735,12620018,0
29.3284,2,29297839499,30514260,0
29.3385,0,29292480487,46046296,0
29.341,1,29325830753,15219036,0
29.3436,2,29328353759,15219036,0
29.3565,0,29338526783,17959248,0
29.359,1,29341049789,17959248,0
29.3615,2,29343572795,17959248,0
29.3745,1,29359009037,15503030,0
29.377,2,29361532043,15503030,0
29.3797,0,29356486031,23189048,0
29.3822,1,29374512067,7686018,0
29.3847,2,29377035073,7686018,0
29.3949,0,29379675079,15192036,0
29.3974,1,29382198085,15192036,0
29.4002,2,29384721091,15505036,0
29.4131,0,29394867115,18272248,0
29.4157,1,29397390121,18272248,0
29.4182,2,29400226127,17959248,0
29.4284,0,29413139363,15246036,0
29.4334,2,29418185375,15190030,0
29.4385,0,29428385399,10144018,0
29.4411,1,29415662369,25390054,0
29.4436,2,29433375405,10200024,0
29.4537,0,29438529417,15201036,0
29.4565,1,29441052423,15418242,0
29.459,2,29443575429,15418242,0
29.4695,0,29453730453,15758242,0
29.472,1,29456470665,15541036,0
29.4821,0,29469488695,12658024,0
29.4871,2,29458993671,28143054,0
29.4948,0,29482146719,12649024,0
29.4998,2,29487136725,12649024,0
29.5055,0,29494795743,10665224,0
29.508,1,29472011701,35972272,0
29.5105,2,29499785749,10721230,0
29.5207,0,29505460967,15219036,0
29.5232,1,29507983973,15219036,0
29.5308,0,29520680003,10144018,0
29.5333,1,29523203009,10144018,0
29.5359,2,29510506979,25363054,0
29.546,0,29530824021,15201036,0
29.5485,1,29533347027,15201036,0
29.5511,2,29535870033,15201036,0
29.5615,0,29546025057,15445242,0
29.564,1,29548548063,15445242,0
29.5665,2,29551071069,15445242,0
29.5719,0,29561470299,10475024,0
29.5745,1,29563993305,10475024,0
29.582,1,29574468329,7547006,0
29.5845,2,29566516311,18022030,0
29.5871,0,29571945323,15197024,0
29.5897,1,29582015335,7650018,0
29.5922,2,29584538341,7650018,0
29.5948,0,29587142347,7650018,0
29.5973,1,29589665353,7650018,0
29.5998,2,29592188359,7650018,0
29.6055,0,29594792365,10694230,0
29.608,1,29597315371,10694230,0
29.6105,2,29599838377,10694230,0
29.6156,0,29605486595,10117018,0
29.6181,1,29608009601,10117018,0
29.6206,2,29610532607,10117018,0
29.6258,0,29615603613,10173024,0
29.6283,1,29618126619,10173024,0
29.6308,2,29620649625,10173024,0
29.6359,0,29625776637,10173024,0
29.6385,1,29628299643,10173024,0
29.641,2,29630822649,10173024,0
29.6461,0,29635949661,10173024,0
29.6486,1,29638472667,10173024,0
29.6512,2,29640995673,10173024,0
29.6615,0,29646122685,15362236,0
29.664,1,29648645691,15362236,0
29.6665,2,29651168697,15362236,0
29.6717,0,29661484921,10218024,0
29.6745,1,29664007927,10531024,0
29.6771,2,29666530933,10531024,0
29.6847,1,29674538951,10117018,0
29.6872,2,29677061957,10117018,0
29.6923,0,29671702945,20603042,0
29.6948,1,29684655969,10173024,0
29.6999,0,29692305987,7603012,0
29.7024,1,29694828993,7603012,0
29.708,0,29699908999,8124218,0
29.7106,1,29702432005,8124218,0
29.7131,2,29687178975,25900254,0
29.7182,0,29708033217,10173024,0
29.7207,1,29710556223,10173024,0
29.7233,2,29713079229,10173024,0
29.7308,1,29720729247,10117018,0
29.7334,2,29723252253,10117018,0
29.736,0,29718206241,17776036,0
29.7385,1,29730846265,7659018,0
29.741,2,29733369271,7659018,0
29.7461,0,29735982277,10164024,0
29.7511,2,29741028289,10108018,0
29.7564,1,29738505283,17928236,0
29.759,2,29751136307,7820218,0
29.7616,0,29746146301,15423230,0
29.7641,1,29756433519,7659018,0
29.7692,0,29761569531,7594012,0
29.7717,1,29764092537,7594012,0
29.7742,2,29758956525,15253030,0
29.7771,0,29769163543,7963018,0
29.7796,1,29771686549,7963018,0
29.7822,2,29774209555,7963018,0
29.7848,0,29777126561,7650018,0
29.7873,1,29779649567,7650018,0
29.7898,2,29782172573,7650018,0
29.7924,0,29784776579,7650018,0
29.7949,1,29787299585,7650018,0
29.7975,2,29789822591,7650018,0
29.8053,1,29794949603,10325224,0
29.8081,2,29797472609,10638224,0
29.8107,0,29792426597,18297242,0
29.8132,1,29805274827,7972018,0
29.8158,2,29808110833,7659018,0
29.8209,0,29810723839,10164024,0
29.8234,1,29813246845,10164024,0
29.8259,2,29815769851,10164024,0
29.8336,0,29820887863,12687030,0
29.8361,1,29823410869,12687030,0
29.8386,2,29825933875,12687030,0
29.8438,0,29833574893,10191024,0
29.8463,1,29836097899,10191024,0
29.8488,2,29838620905,10191024,0
29.8641,1,29846288923,17825224,0
29.8666,2,29848811929,17825224,0
29.8693,0,29843765917,25484242,0
29.8718,1,29864114147,7659018,0
29.8743,2,29866637153,7659018,0
29.8769,0,29869250159,7650018,0
29.8797,1,29871773165,7963018,0
29.8823,2,29874296171,7963018,0
29.8899,0,29876900177,12991030,0
29.8924,1,29879736183,12678030,0
29.8949,2,29882259189,12678030,0
29.9028,0,29889891207,12922236,0
29.9053,1,29892414213,12922236,0
29.9079,2,29894937219,12922236,0
29.9158,0,29902813443,13027030,0
29.9184,1,29905336449,13027030,0
29.9209,2,29907859455,13027030,0
29.9285,0,29915840473,12705030,0
29.9311,1,29918363479,12705030,0
29.9336,2,29920886485,12705030,0
29.9413,0,29928545503,12705030,0
29.9438,1,29931068509,12705030,0
29.9489,0,29941250533,7621012,0
29.9514,1,29943773539,7621012,0
29.9541,2,29933591515,20543248,0
29.9567,0,29948871545,7867224,0
29.9593,1,29951394551,7867224,0
29.9618,2,29954134763,7650018,0
29.9669,0,29956738769,10164024,0
29.9694,1,29959261775,10164024,0
29.9719,2,29961784781,10164024,0
29.9771,0,29966902793,10173024,0
29.9796,1,29969425799,10173024,0
29.9824,2,29971948805,10486024,0
29.9926,0,29977075817,15514036,0
29.9951,1,29979598823,15514036,0
30.0002,0,29992589853,7630012,0
30.0027,1,29995112859,7630012,0
30.0055,2,29982434829,23048254,0
30.0106,0,30000219865,10381230,0
30.0134,1,30002742871,10694230,0
30.016,2,30005483083,10477024,0
30.0211,0,30010601095,10486024,0
30.0236,1,30013437101,10173024,0
30.0261,2,30015960107,10173024,0
30.0313,0,30021087119,10173024,0
30.0338,1,30023610125,10173024,0
30.0363,2,30026133131,10173024,0
30.0414,0,30031260143,10173024,0
30.044,1,30033783149,10173024,0
30.0465,2,30036306155,10173024,0
30.0516,0,30041433167,10117018,0
30.0541,1,30043956173,10117018,0
30.0619,0,30051550185,10334224,0
30.0644,1,30054073191,10334224,0
30.0669,2,30046479179,20451242,0
30.0721,0,30061884409,10191024,0
30.0771,2,30066930421,10135018,0
30.0797,0,30072075433,7603012,0
30.085,2,30077065439,7916018,0
30.0876,0,30079678445,7907018,0
30.0901,1,30064407415,25701054,0
30.0926,2,30084981457,7650018,0
30.0952,0,30087585463,7650018,0
30.0978,1,30090108469,7650018,0
30.1003,2,30092631475,7650018,0
30.1081,0,30095235481,12895236,0
30.1107,1,30097758487,12895236,0
30.1132,2,30100281493,12895236,0
30.1186,0,30108130717,10513024,0
30.1236,2,30113176729,10457018,0
30.1288,0,30118643741,10117018,0
30.1338,2,30123633747,10117018,0
30.1364,0,30128760759,7603012,0
30.1389,1,30110653723,28233054,0
30.1414,2,30133750765,7659018,0
30.144,0,30136363771,7650018,0
30.1465,1,30138886777,7650018,0
30.1491,2,30141409783,7650018,0
30.1544,0,30144013789,10381230,0
30.1569,1,30146536795,10381230,0
30.1594,2,30149059801,10381230,0
30.1646,0,30154395019,10173024,0
30.1696,2,30159441031,10117018,0
30.1722,0,30164568043,7603012,0
30.1772,2,30169558049,7603012,0
30.1798,0,30172171055,7594012,0
30.1823,1,30156918025,25370048,0
30.1848,2,30177161061,7650018,0
30.1877,0,30179765067,7963018,0
30.1903,1,30182288073,7963018,0
30.1928,2,30184811079,7963018,0
30.1954,0,30187728085,7650018,0
30.1979,1,30190251091,7650018,0
30.2004,2,30192774097,7650018,0
30.2058,0,30195378103,10381230,0
30.2083,1,30197901109,10381230,0
30.2159,0,30205759333,10135018,0
30.2187,1,30208282339,10448018,0
30.2238,0,30215894351,7916012,0
30.2288,2,30200424115,28376254,0
30.2314,0,30223810363,7594012,0
30.2339,1,30218730357,15197024,0
30.2365,2,30228800369,7650018,0
30.2391,0,30231404375,7650018,0
30.2416,1,30233927381,7650018,0
30.2441,2,30236450387,7650018,0
30.2492,1,30241577399,7594012,0
30.2517,2,30244100405,7594012,0
30.2545,0,30239054393,15461236,0
30.257,1,30249171411,7867224,0
30.2596,2,30251694417,7867224,0
30.2622,0,30254515629,7659018,0
30.2647,1,30257038635,7659018,0
30.2672,2,30259561641,7659018,0
30.2749,0,30262174647,12678030,0
30.2774,1,30264697653,12678030,0
30.2799,2,30267220659,12678030,0
30.2876,0,30274852677,12705030,0
30.2929,2,30279898689,12962024,0
30.2955,0,30287557707,7934012,0
30.298,1,30277375683,20639042,0
30.3005,2,30292860713,7677018,0
30.3059,0,30295491719,10381230,0
30.3084,1,30298014725,10381230,0
30.3109,2,30300537731,10381230,0
30.3161,0,30305872949,10191024,0
30.3186,1,30308395955,10191024,0
30.324,0,30316063973,7916012,0
30.3265,1,30318586979,7916012,0
30.329,2,30310918961,18107036,0
30.3341,1,30326502991,7594012,0
30.3392,0,30323979985,15188024,0
30.3417,1,30334097003,7594012,0
30.3442,2,30329025997,15188024,0
30.3468,0,30339168009,7650018,0
30.3493,1,30341691015,7650018,0
30.3519,2,30344214021,7650018,0
30.3547,0,30346818027,7867224,0
30.3572,1,30349341033,7867224,0
30.3597,2,30351864039,7867224,0
30.3623,0,30354685251,7659018,0
30.3649,1,30357208257,7659018,0
30.3674,2,30359731263,7659018,0
30.37,0,30362344269,7650018,0
30.3725,1,30364867275,7650018,0
30.375,2,30367390281,7650018,0
30.3851,1,30372517293,12622024,0
30.3877,2,30375040299,12622024,0
30.3956,0,30369994287,25640054,0
30.3982,1,30385139317,13018030,0
30.4007,2,30387662323,13018030,0
30.406,0,30395634341,10408230,0
30.411,2,30400680353,10352224,0
30.4187,0,30406042571,12631024,0
30.4212,1,30398157347,23039254,0
30.424,2,30411032577,13000030,0
30.4292,0,30418673595,10504024,0
30.4317,1,30421196601,10504024,0
30.4342,2,30424032607,10191024,0
30.4418,1,30431700625,10117018,0
30.4443,2,30434223631,10117018,0
30.452,0,30429177619,22804048,0
30.4547,1,30441817643,12904236,0
30.4572,2,30444340649,12904236,0
30.4674,0,30451981667,15436242,0
30.4699,1,30454721879,15219036,0
30.4776,0,30467417909,10144018,0
30.4826,2,30457244885,25307048,0
30.4852,0,30477561927,7603012,0
30.4902,2,30482551933,7603012,0
30.4931,0,30485164939,7907012,0
30.4956,1,30469940915,25654042,0
30.5034,0,30493071951,10325224,0
30.5059,1,30495594957,10325224,0
30.5084,2,30490154945,18288242,0
30.5136,0,30503397175,10191024,0
30.5161,1,30505920181,10191024,0
30.5212,0,30513588199,7603012,0
30.5237,1,30516111205,7603012,0
30.5266,2,30508443187,18107036,0
30.5292,0,30521191211,7963018,0
30.5317,1,30523714217,7963018,0
30.5342,2,30526550223,7650018,0
30.5443,1,30531677235,12622024,0
30.5494,0,30529154229,20243036,0
30.5519,1,30544299259,7621012,0
30.5572,0,30549397265,7811218,0
30.5597,1,30551920271,7811218,0
30.5623,2,30534200241,28054254,0
30.5649,0,30557208483,7650018,0
30.5674,1,30559731489,7650018,0
30.5699,2,30562254495,7650018,0
30.575,0,30564858501,10164024,0
30.5775,1,30567381507,10164024,0
30.5826,0,30575022525,7603012,0
30.5851,1,30577545531,7603012,0
30.5877,2,30569904513,17767036,0
30.5956,0,30582625537,12935030,0
30.5981,1,30585148543,12935030,0
30.6006,2,30587671549,12935030,0
30.6035,0,30595560567,7894224,0
30.606,1,30598083573,7894224,0
30.6085,2,30600606579,7894224,0
30.6136,0,30603454791,10164024,0
30.6161,1,30605977797,10164024,0
30.6262,0,30613618815,12631024,0
30.6316,2,30608500803,23052042,0
30.6367,0,30626249839,10448018,0
30.6442,0,30636697857,7549006,0
30.6468,1,30616141821,30628048,0
30.6518,0,30644246863,7594012,0
30.6546,1,30646769869,7811218,0
30.6571,2,30631552845,25551248,0
30.6597,0,30651840875,7867224,0
30.6622,1,30654581087,7650018,0
30.6648,2,30657104093,7650018,0
30.6674,0,30659708099,7650018,0
30.6699,1,30662231105,7650018,0
30.6724,2,30664754111,7650018,0
30.675,0,30667358117,7650018,0
30.6775,1,30669881123,7650018,0
30.6801,2,30672404129,7650018,0
30.6901,0,30675008135,15136030,0
30.6927,1,30677531141,15136030,0
30.6952,2,30680054147,15136030,0
30.7034,0,30690144165,13244236,0
30.7084,2,30695190177,13188230,0
30.7211,0,30703388401,17686036,0
30.7236,1,30692667171,30930272,0
30.7261,2,30708378407,17742042,0
30.7391,0,30721074437,18073042,0
30.7417,1,30723597443,18073042,0
30.7442,2,30726120449,18073042,0
30.7571,0,30739147479,17977248,0
30.7596,1,30741670485,17977248,0
30.7622,2,30744193491,17977248,0
30.7749,0,30757124727,17769042,0
30.7774,1,30759647733,17769042,0
30.7851,0,30774893769,10162018,0
30.7876,1,30777416775,10162018,0
30.7901,2,30762170739,27931060,0
30.7952,0,30785055787,10173024,0
30.8005,2,30790101799,10430024,0
30.8058,0,30795228811,10591224,0
30.8083,1,30787578793,20764248,0
30.8109,2,30800531823,10334224,0
30.816,0,30805820035,10135018,0
30.8185,1,30808343041,10135018,0
30.821,2,30810866047,10135018,0
30.8261,0,30815955053,10173024,0
30.8287,1,30818478059,10173024,0
30.8315,2,30821001065,10486024,0
30.8366,0,30826128077,10486024,0
30.8391,1,30828651083,10486024,0
30.8417,2,30831487089,10173024,0
30.8468,0,30836614101,10173024,0
30.8493,1,30839137107,10173024,0
30.8518,2,30841660113,10173024,0
30.8597,0,30846787125,12904236,0
30.8622,1,30849310131,12904236,0
30.8647,2,30851833137,12904236,0
30.8699,0,30859691361,10191024,0
30.8724,1,30862214367,10191024,0
30.8749,2,30864737373,10191024,0
30.8801,0,30869882385,10173024,0
30.8826,1,30872405391,10173024,0
30.8851,2,30874928397,10173024,0
30.8902,0,30880055409,10173024,0
30.8928,1,30882578415,10173024,0
30.8953,2,30885101421,10173024,0
30.9034,0,30890228433,13217236,0
30.906,1,30892751439,13217236,0
30.9085,2,30895274445,13217236,0
30.9211,1,30905968675,15163030,0
30.9237,2,30908491681,15163030,0
30.9341,0,30903445669,30704066,0
30.9367,1,30921131705,15541036,0
30.9392,2,30923654711,15541036,0
30.9494,0,30934149735,15228036,0
30.9519,1,30936672741,15228036,0
30.9546,2,30939195747,15445242,0
30.9623,0,30949377771,12931236,0
30.9648,1,30951900777,12931236,0
30.9674,2,30954640989,12714030,0
30.9775,0,30962309007,15219036,0
30.9801,1,30964832013,15219036,0
30.9826,2,30967355019,15219036,0
30.9977,2,30982574055,15116024,0
31.0003,0,30977528043,22802042,0
31.0029,1,30980051049,22802042,0
31.0059,2,30997690079,8216224,0
31.0135,0,31000330085,13208236,0
31.0161,1,31002853091,13208236,0
31.0186,2,31005906303,12678030,0
31.0312,1,31016061327,15163030,0
31.0337,2,31018584333,15163030,0
31.0417,0,31013538321,28190060,0
31.0467,2,31033747363,12971024,0
31.0519,0,31041728381,10135018,0
31.0544,1,31031224357,23162048,0
31.0597,0,31051863399,7820218,0
31.0622,1,31054386405,7820218,0
31.0647,2,31046718387,18011242,0
31.0673,0,31059683617,7650018,0
31.0699,1,31062206623,7650018,0
31.0724,2,31064729629,7650018,0
31.0775,0,31067333635,10164024,0
31.0825,2,31072379647,10108018,0
31.0926,0,31077497659,15145030,0
31.0952,1,31069856641,25309054,0
31.0977,2,31082487665,15201036,0
31.1108,1,31095165695,15646230,0
31.1133,2,31097688701,15646230,0
31.121,1,31110811925,10144018,0
31.1235,2,31113334931,10144018,0
31.1286,0,31092642689,35963272,0
31.1311,1,31120955943,10173024,0
31.1337,2,31123478949,10173024,0
31.1416,1,31131128967,10430018,0
31.1441,2,31133651973,10430018,0
31.1542,0,31128605961,25631054,0
31.1592,2,31144081991,15145030,0
31.1671,0,31154237015,12875230,0
31.1696,1,31141558985,28076266,0
31.1772,1,31169635251,7574006,0
31.1797,2,31159227021,20505242,0
31.1848,1,31177209257,7594012,0
31.1873,2,31179732263,7594012,0
31.1924,0,31167112245,25276036,0
31.1949,1,31184803269,10108018,0
31.1974,2,31187326275,10108018,0
31.2,0,31192388281,7659018,0
31.2028,1,31194911287,7876224,0
31.2053,2,31197434293,7876224,0
31.2079,0,31200047299,7867224,0
31.2108,1,31202787511,7963018,0
31.2133,2,31205310517,7963018,0
31.2183,1,31210750529,7594012,0
31.2209,2,31213273535,7594012,0
31.2235,0,31207914523,15557030,0
31.226,1,31218344541,7650018,0
31.2285,2,31220867547,7650018,0
31.2311,0,31223471553,7650018,0
31.2336,1,31225994559,7650018,0
31.2362,2,31228517565,7650018,0
31.2416,1,31233644577,7907018,0
31.2441,2,31236167583,7907018,0
31.2492,0,31231121571,18071042,0
31.2517,1,31241551595,10164024,0
31.2545,2,31244074601,10381230,0
31.262,1,31251715619,10334224,0
31.2646,2,31254455831,10117018,0
31.2697,0,31249192613,20507248,0
31.2722,1,31262049843,10173024,0
31.2773,0,31269699861,7603012,0
31.2798,1,31272222867,7603012,0
31.2823,2,31264572849,17776036,0
31.2899,1,31279825879,10108018,0
31.2925,2,31282348885,10108018,0
31.2951,0,31277302873,17767036,0
31.2976,1,31289933897,7659018,0
31.3001,2,31292456903,7659018,0
31.3055,0,31295069909,10381230,0
31.308,1,31297592915,10381230,0
31.3105,2,31300115921,10381230,0
31.3159,0,31305451139,10486024,0
31.3209,2,31310497151,10430018,0
31.3235,0,31315937163,7603012,0
31.3261,1,31307974145,18089036,0
31.3286,2,31320927169,7659018,0
31.3312,0,31323540175,7650018,0
31.3337,1,31326063181,7650018,0
31.3362,2,31328586187,7650018,0
31.3414,0,31331190193,10164024,0
31.3442,1,31333713199,10477024,0
31.3467,2,31336236205,10477024,0
31.3543,1,31344190223,10117018,0
31.3596,0,31341354217,18250236,0
31.3621,1,31354307241,7820218,0
31.3722,0,31359604453,12631024,0
31.3748,1,31362127459,12631024,0
31.3773,2,31346713229,30568260,0
31.3824,0,31372235477,10191024,0
31.3849,1,31374758483,10191024,0
31.3875,2,31377281489,10191024,0
31.3926,0,31382426501,10173024,0
31.3951,1,31384949507,10173024,0
31.3976,2,31387472513,10173024,0
31.403,0,31392599525,10390230,0
31.408,2,31397645537,10334224,0
31.416,0,31402989755,12962024,0
31.4185,1,31395122531,23352254,0
31.426,1,31418474785,7565006,0
31.4286,2,31407979761,20583036,0
31.4337,0,31415951779,17729030,0
31.4362,1,31426039791,10164024,0
31.4387,2,31428562797,10164024,0
31.4467,0,31433680809,13000030,0
31.4492,1,31436203815,13000030,0
31.4517,2,31438726821,13000030,0
31.457,0,31446680839,10352224,0
31.4596,1,31449203845,10352224,0
31.4621,2,31451726851,10352224,0
31.4672,0,31457033063,10191024,0
31.4697,1,31459556069,10191024,0
31.4723,2,31462079075,10191024,0
31.4799,0,31467224087,12687030,0
31.4824,1,31469747093,12687030,0
31.485,2,31472270099,12687030,0
31.4901,0,31479911117,10191024,0
31.4926,1,31482434123,10191024,0
31.4951,2,31484957129,10191024,0
31.5055,1,31492625147,12848230,0
31.508,2,31495148153,12848230,0
31.5157,0,31490102141,25562260,0
31.5185,1,31505473377,13027030,0
31.5236,0,31515664401,7934012,0
31.5261,1,31518500407,7621012,0
31.5286,2,31507996383,20648042,0
31.5338,0,31523598413,10164024,0
31.5363,1,31526121419,10164024,0
31.5388,2,31528644425,10164024,0
31.5464,0,31533762437,12687030,0
31.5493,1,31536285443,13000030,0
31.5518,2,31538808449,13000030,0
31.5622,0,31546449467,15749242,0
31.5647,1,31549285473,15436242,0
31.5723,0,31562198709,10144018,0
31.5773,2,31551808479,25524254,0
31.59,1,31564721715,25233042,0
31.5925,2,31577332733,15145030,0
31.5976,0,31572342727,25289048,0
31.6002,1,31589954757,10200024,0
31.6027,2,31592477763,10200024,0
31.608,0,31597631775,10390230,0
31.613,2,31602677787,10334224,0
31.6182,0,31608022005,10135018,0
31.621,1,31600154781,20838248,0
31.6235,2,31613012011,10504024,0
31.6337,0,31618157023,15514036,0
31.6362,1,31620993029,15201036,0
31.6387,2,31623516035,15201036,0
31.6517,0,31633671059,18055042,0
31.6567,2,31638717071,17999036,0
31.6671,1,31636194065,30892266,0
31.6696,2,31656716107,12893230,0
31.6823,1,31667086331,15172030,0
31.6848,2,31669609337,15172030,0
31.6999,1,31682258361,17686036,0
31.7099,0,31651726101,58160302,0
31.7152,1,31699944397,15295224,0
31.7178,2,31684781367,32981260,0
31.7203,0,31709886403,10435230,0
31.7258,1,31715239621,10531024,0
31.7283,2,31717762627,10531024,0
31.7359,1,31725770645,10117018,0
31.7384,2,31728293651,10117018,0
31.7435,1,31735887663,7603012,0
31.759,0,31720321633,38698266,0
31.7641,1,31743490675,20584236,0
31.7666,2,31738410669,28187248,0
31.7742,1,31764074911,10171018,0
31.7768,2,31766597917,10171018,0
31.7793,0,31759019899,20299042,0
31.7869,1,31774245929,12687030,0
31.7919,0,31779318941,12622024,0
31.7946,1,31786932959,7621012,0
31.7996,0,31791940965,7621012,0
31.8049,1,31794553971,10325224,0
31.8074,2,31776768935,30633266,0
31.8099,0,31799561977,10381230,0
31.8151,1,31804879195,10173024,0
31.8176,2,31807402201,10173024,0
31.8201,0,31809943207,10173024,0
31.8255,1,31815052219,10486024,0
31.8281,2,31817575225,10486024,0
31.8331,1,31825538243,7603012,0
31.8357,2,31828061249,7603012,0
31.8382,0,31820116231,18089036,0
31.8433,1,31833141255,10164024,0
31.8458,2,31835664261,10164024,0
31.8484,0,31838205267,10164024,0
31.859,1,31843305279,15675242,0
31.8615,2,31845828285,15675242,0
31.864,0,31848369291,15675242,0
31.8742,1,31858980521,15228036,0
31.8767,2,31861503527,15228036,0
31.8793,0,31864044533,15228036,0
31.8844,1,31874208557,10200024,0
31.8894,0,31879272569,10144018,0
31.8945,2,31876731563,17747030,0
31.897,0,31889416587,7603012,0
31.8996,1,31884408581,15197024,0
31.9021,2,31894478593,7650018,0
31.9074,1,31899605605,7811218,0
31.9099,2,31902128611,7811218,0
31.9125,0,31897019599,15461236,0
31.9151,1,31907416823,7659018,0
31.9176,2,31909939829,7659018,0
31.9201,0,31912480835,7659018,0
31.9281,1,31915075841,12991030,0
31.9306,2,31917598847,12991030,0
31.9331,0,31920139853,12991030,0
31.9383,1,31928066871,10191024,0
31.9408,2,31930589877,10191024,0
31.9433,0,31933130883,10191024,0
31.9484,2,31940780901,7603012,0
31.9509,0,31943321907,7603012,0
31.9537,1,31938257895,15470236,0
31.9563,2,31948383913,7867224,0
31.9616,1,31953728131,7916012,0
31.9642,2,31956251137,7916012,0
31.9667,0,31950924919,15783236,0
31.9718,1,31961644143,10164024,0
31.9743,2,31964167149,10164024,0
31.9769,0,31966708155,10164024,0
31.9845,1,31971808167,12687030,0
31.987,2,31974331173,12687030,0
31.9896,0,31976872179,12687030,0
31.9972,1,31984495197,12705030,0
31.9997,2,31987018203,12705030,0
32.0023,0,31989559209,12705030,0
32.0076,1,31997200227,10408230,0
32.0101,2,31999723233,10408230,0
32.0127,0,32002264239,10408230,0
32.0203,2,32010131463,10135018,0
32.0228,0,32012672469,10135018,0
32.0254,1,32007608457,17794036,0
32.0279,2,32020266481,7659018,0
32.0308,0,32022807487,7972018,0
32.0334,1,32025402493,7963018,0
32.0359,2,32027925499,7963018,0
32.0409,0,32030779505,10164024,0
32.0435,1,32033365511,10164024,0
32.0461,2,32035888517,10164024,0
32.0511,1,32043529535,7603012,0
32.0537,2,32046052541,7603012,0
32.0564,0,32040943529,15470236,0
32.059,1,32051132547,7867224,0
32.0643,0,32056413765,7916012,0
32.0669,1,32058999771,7916012,0
32.0694,2,32053655553,15783236,0
32.072,0,32064329777,7650018,0
32.0746,1,32066915783,7650018,0
32.0771,2,32069438789,7650018,0
32.0796,0,32071979795,7650018,0
32.0822,1,32074565801,7650018,0
32.0847,2,32077088807,7650018,0
32.0873,0,32079629813,7650018,0
32.0899,1,32082215819,7650018,0
32.0924,2,32084738825,7650018,0
32.0949,0,32087279831,7650018,0
32.1,2,32092388843,7594012,0
32.1027,0,32094929849,7811218,0
32.1053,1,32089865837,15461236,0
32.1079,2,32099982855,7867224,0
32.1104,0,32102741067,7650018,0
32.113,1,32105327073,7650018,0
32.1155,2,32107850079,7650018,0
32.1206,0,32110391085,10164024,0
32.1231,1,32112977091,10164024,0
32.1257,2,32115500097,10164024,0
32.1307,1,32123141115,7603012,0
32.1336,2,32125664121,7916012,0
32.1361,0,32120555109,15566030,0
32.1387,1,32130744127,7963018,0
32.1412,2,32133580133,7650018,0
32.1438,0,32136121139,7650018,0
32.1489,1,32138707145,10164024,0
32.1514,2,32141230151,10164024,0
32.1542,0,32143771157,10381230,0
32.1593,1,32148871169,10390230,0
32.1646,0,32154152387,10448024,0
32.1672,1,32159261399,7934018,0
32.1697,2,32151394175,18324248,0
32.1723,0,32164600411,7659018,0
32.1748,1,32167195417,7650018,0
32.1774,2,32169718423,7650018,0
32.1799,0,32172259429,7650018,0
32.1875,1,32174845435,12678030,0
32.19,2,32177368441,12678030,0
32.1926,0,32179909447,12678030,0
32.2027,1,32187523465,15163030,0
32.2079,0,32192587477,15324230,0
32.2231,1,32202686495,20417248,0
32.2281,0,32207911707,20200042,0
32.2333,1,32223103743,10171018,0
32.2411,2,32190046471,51016296,0
32.2461,0,32228111749,18031024,0
32.2487,2,32241062767,7603012,0
32.2513,1,32233274761,17977024,0
32.2563,2,32248665779,7594012,0
32.2591,1,32251251785,7811218,0
32.2616,0,32246142773,15461236,0
32.2641,2,32256259791,7867224,0
32.2695,1,32259063003,10486024,0
32.2721,0,32261604009,10486024,0
32.2746,2,32264127015,10486024,0
32.2822,0,32272090033,10117018,0
32.2847,2,32274613039,10117018,0
32.2898,1,32269549027,20290042,0
32.2948,2,32284730057,10117018,0
32.2974,1,32289839069,7603012,0
32.3,0,32282207051,17776036,0
32.3027,2,32294847075,7876224,0
32.3053,1,32297442081,7867224,0
32.3103,2,32302723299,7594012,0
32.3129,1,32305309305,7594012,0
32.3154,0,32299983087,15461236,0
32.318,2,32310317311,7650018,0
32.3231,1,32312903317,10164024,0
32.3256,0,32315444323,10164024,0
32.3281,2,32317967329,10164024,0
32.3411,1,32323067341,18039680,0
32.3436,0,32325608347,18039680,0
32.3488,1,32341107021,7648012,0
32.3563,2,32328131353,28145692,0
32.3638,1,32348755033,15080024,0
32.3666,0,32343648027,22954242,0
32.3694,2,32356277045,13161230,0
32.3796,1,32363835057,15758242,0
32.3846,0,32366602269,18046042,0
32.3872,2,32369438275,17733042,0
32.3998,0,32384648311,15190030,0
32.4024,2,32387171317,15190030,0
32.4152,1,32379593299,35607278,0
32.4203,0,32399838341,20417248,0
32.4228,2,32402361347,20417248,0
32.433,1,32415200577,17769042,0
32.438,0,32420255589,17787042,0
32.4409,2,32422778595,18100042,0
32.4485,1,32432969619,15503030,0
32.4535,0,32438042631,15503030,0
32.4638,1,32448472649,15333230,0
32.4688,2,32440878637,27953248,0
32.4717,1,32463805879,7943012,0
32.4743,0,32453545661,20753236,0
32.4793,1,32471748891,7594012,0
32.4819,0,32474298897,7594012,0
32.4844,2,32468831885,15584030,0
32.487,1,32479342903,7650018,0
32.492,2,32484415915,7594012,0
32.5046,2,32492009927,12566018,0
32.5074,1,32486992921,20377236,0
32.5125,0,32481892909,30568260,0
32.515,2,32504575945,10408230,0
32.5201,1,32507370157,12714030,0
32.5252,0,32512461169,12705030,0
32.5277,2,32514984175,12705030,0
32.5303,1,32520084187,10191024,0
32.5354,0,32525166199,10191024,0
32.5379,2,32527689205,10191024,0
32.5404,1,32530275211,10173024,0
32.5458,0,32535357223,10486024,0
32.5484,2,32537880229,10486024,0
32.5509,1,32540448235,10486024,0
32.5562,0,32545843247,10334224,0
32.5587,2,32548366253,10334224,0
32.5613,1,32550934259,10334224,0
32.5639,0,32556177471,7677018,0
32.5664,2,32558700477,7677018,0
32.5715,1,32561268483,10191024,0
32.5793,2,32566377495,12935024,0
32.5819,1,32571459507,10430018,0
32.5845,0,32563854489,20612042,0
32.587,2,32579312519,7677018,0
32.5895,1,32581889525,7659018,0
32.5921,0,32584466531,7650018,0
32.5946,2,32586989537,7650018,0
32.6022,0,32592116549,10108018,0
32.6075,1,32589548543,17928236,0
32.61,0,32602224567,7820218,0
32.6126,2,32594639555,17928236,0
32.6151,1,32607476779,7650018,0
32.6177,0,32610044785,7650018,0
32.6202,2,32612567791,7650018,0
32.6228,1,32615126797,7650018,0
32.6253,0,32617694803,7650018,0
32.6279,2,32620217809,7650018,0
32.6304,1,32622776815,7650018,0
32.633,0,32625344821,7650018,0
32.6355,2,32627867827,7650018,0
32.6381,1,32630426833,7650018,0
32.6435,0,32632994839,10477024,0
32.646,2,32635517845,10477024,0
32.6511,1,32638076851,12991030,0
32.6564,0,32643471863,12904236,0
32.6589,2,32645994869,12904236,0
32.6615,1,32651067881,10408230,0
32.6666,0,32656376099,10191024,0
32.6716,1,32661476111,10117018,0
32.6795,0,32666567123,12944024,0
32.682,2,32658899105,23135048,0
32.6922,0,32679511147,12649024,0
32.6947,2,32682034153,12649024,0
32.6998,1,32671593129,28172060,0
32.7151,1,32699765189,15324230,0
32.7202,0,32692160171,28038260,0
32.7278,1,32715089419,12676024,0
32.7353,2,32694683177,40640278,0
32.7429,1,32727765443,15163030,0
32.7536,0,32720198431,33379272,0
32.7561,2,32735323455,20777254,0
32.7662,1,32742928473,23300260,0
32.7713,0,32753577703,17769042,0
32.7739,2,32756100709,17769042,0
32.7843,1,32766228733,18100042,0
32.7894,0,32771346745,18073042,0
32.7919,2,32773869751,18073042,0
32.8046,1,32784328775,20274048,0
32.8074,0,32789419787,17977248,0
32.8175,1,32804602823,12904230,0
32.8276,2,32791942793,35636278,0
32.8352,0,32807397035,27821048,0
32.8377,2,32827579071,10162018,0
32.8403,1,32817507053,22793042,0
32.8429,0,32835218083,7659018,0
32.8454,2,32837741089,7659018,0
32.8535,0,32842877101,10638224,0
32.8586,1,32840300095,18250236,0
32.8611,0,32853515325,7621012,0
32.8637,2,32845400107,18259236,0
32.8662,1,32858550331,7659018,0
32.8688,0,32861136337,7650018,0
32.8713,2,32863659343,7650018,0
32.8764,1,32866209349,10164024,0
32.8843,0,32868786355,15505036,0
32.8868,2,32871309361,15505036,0
32.8894,1,32876373373,13000030,0
32.8995,0,32884291391,15172030,0
32.902,2,32886814397,15172030,0
32.9048,1,32889373403,15380236,0
32.9174,2,32901986427,15389236,0
32.9225,1,32904753639,17704036,0
32.9326,0,32899463421,33149278,0
32.9351,2,32917375663,17760042,0
32.9377,1,32922457675,15246036,0
32.9428,0,32932612699,10162018,0
32.9453,2,32935135705,10162018,0
32.9478,1,32937703711,10144018,0
32.9535,0,32942774717,10703230,0
32.9585,1,32947847729,10647224,0
32.9636,0,32953477947,10117018,0
32.9661,2,32945297723,20820248,0
32.9687,1,32958494953,10173024,0
32.9738,0,32963594965,10173024,0
32.9788,1,32968667977,10117018,0
32.9814,0,32973767989,7603012,0
32.9842,2,32966117971,18089036,0
32.9868,1,32978784995,7972018,0
32.9893,0,32981371001,7963018,0
32.9919,2,32984207007,7650018,0
32.9969,1,32986757013,10164024,0
33.0047,0,32989334019,15353236,0
33.0072,2,32991857025,15353236,0
33.0098,1,32996921037,12848230,0
33.0124,0,33004687255,7704018,0
33.0149,2,33007210261,7704018,0
33.02,1,33009769267,10200024,0
33.0226,0,33012391273,10164024,0
33.0251,2,33014914279,10164024,0
33.0302,0,33022555297,7603012,0
33.0327,2,33025078303,7603012,0
33.0352,1,33019969291,15253030,0
33.0378,0,33030158309,7650018,0
33.0403,2,33032681315,7650018,0
33.0429,1,33035222321,7650018,0
33.048,0,33037808327,10164024,0
33.0505,2,33040331333,10164024,0
33.0536,1,33042872339,10694230,0
33.0562,0,33047972351,8189224,0
33.0662,0,33056161575,10061012,0
33.0687,2,33050495357,18250236,0
33.0713,1,33053566569,17738030,0
33.0739,0,33066222587,7659018,0
33.0764,2,33068745593,7659018,0
33.079,1,33071304599,7650018,0
33.0919,0,33073881605,18019042,0
33.0944,2,33076404611,18019042,0
33.097,1,33078954617,18019042,0
33.1073,2,33094423653,12893230,0
33.1149,0,33091900647,23037248,0
33.1175,2,33107316883,10144018,0
33.12,1,33096973659,23055248,0
33.1276,2,33117460901,10117018,0
33.1352,1,33120028907,15136030,0
33.1403,0,33114937895,25318054,0
33.1428,2,33127577919,15201036,0
33.1479,1,33135164937,12714030,0
33.161,1,33147878967,13123230,0
33.166,2,33142778955,23267248,0
33.1737,1,33161002197,12649024,0
33.1838,0,33140255949,43496296,0
33.1863,2,33166046203,20229048,0
33.1942,1,33173651221,20560048,0
33.2043,2,33186275251,18026036,0
33.2096,1,33194211269,15416236,0
33.2172,0,33183752245,33489278,0
33.2198,2,33204301287,15463242,0
33.2274,1,33209627505,17760042,0
33.235,2,33219764529,15190030,0
33.2401,1,33227387547,12676024,0
33.2451,0,33217241523,27904060,0
33.2529,1,33240063571,12866230,0
33.2583,0,33245145583,13179230,0
33.2608,2,33234954559,25893260,0
33.2735,0,33258324813,15172030,0
33.276,2,33260847819,15172030,0
33.2811,1,33252929801,28190060,0
33.289,0,33273496843,15541036,0
33.2916,2,33276019849,15541036,0
33.2967,1,33281119861,15541036,0
33.307,0,33289037879,17959248,0
33.3095,2,33291560885,17959248,0
33.3196,1,33296660897,22987260,0
33.3247,0,33306997127,17704036,0
33.3272,2,33309520133,17704036,0
33.3399,1,33319648157,20245042,0
33.345,0,33324701163,20274048,0
33.3475,2,33327224169,20274048,0
33.3579,1,33339893199,17986248,0
33.3683,0,33344975211,23327260,0
33.3708,2,33347498217,23327260,0
33.3835,1,33357879447,25615060,0
33.3886,0,33368302471,20301048,0
33.3914,2,33370825477,20614048,0
33.399,1,33383494507,15539030,0
33.4041,0,33388603519,15512030,0
33.4144,1,33399033537,15389236,0
33.422,0,33404115549,17903242,0
33.4245,2,33391439525,33102272,0
33.4296,1,33414422773,15172030,0
33.4322,0,33422018791,10162018,0
33.4347,2,33424541797,10162018,0
33.4373,1,33429594803,7686018,0
33.4424,0,33432180809,10173024,0
33.4449,2,33434703815,10173024,0
33.455,1,33437280821,17706042,0
33.4602,0,33442353833,17876242,0
33.4707,1,33454986863,15664230,0
33.4782,2,33444876839,33332266,0
33.4833,1,33470651093,12676024,0
33.4884,0,33460230075,28170054,0
33.4909,2,33478209105,12714030,0
33.5039,1,33483327117,20560048,0
33.5092,0,33488400129,20777254,0
33.5117,2,33490923135,20777254,0
33.5194,1,33503887165,15472242,0
33.527,0,33509177383,17787042,0
33.5295,2,33511700389,17787042,0
33.5371,1,33519359407,17760042,0
33.5447,0,33526964425,17760042,0
33.5472,2,33529487431,17760042,0
33.5626,0,33544724467,17921242,0
33.5655,2,33547247473,18234242,0
33.5756,2,33565481715,10115012,0
33.5782,1,33537119449,41072284,0
33.5832,0,33562645709,20601036,0
33.5858,2,33575596727,10173024,0
33.5909,1,33578191733,12678030,0
33.5934,0,33583246745,10173024,0
33.5963,2,33585769751,10486024,0
33.6014,1,33590869763,10504024,0
33.6064,2,33596255775,10117018,0
33.6142,0,33593419769,20764242,0
33.6167,2,33606372793,10334224,0
33.6218,1,33601373787,20469242,0
33.6244,0,33614184011,10191024,0
33.6294,1,33621843029,7603012,0
33.632,0,33624375035,7603012,0
33.6345,2,33616707017,17794036,0
33.6371,1,33629446041,7650018,0
33.6396,0,33631978047,7650018,0
33.6422,2,33634501053,7650018,0
33.6473,1,33637096059,10164024,0
33.6498,0,33639628065,10164024,0
33.6523,2,33642151071,10164024,0
33.6602,1,33647260083,12904236,0
33.6652,0,33649792089,15418242,0
33.6706,1,33660164319,10448018,0
33.6732,0,33665210331,7943012,0
33.6757,2,33652315095,23361254,0
33.6833,0,33673153343,10108018,0
33.6858,2,33675676349,10108018,0
33.6909,0,33683261361,7603012,0
33.6934,2,33685784367,7603012,0
33.696,1,33670612337,25370048,0
33.7013,0,33690864373,10477024,0
33.7041,2,33693387379,10694230,0
33.7117,0,33701341397,10334224,0
33.7142,2,33704081609,10117018,0
33.7218,1,33695982385,25857260,0
33.7244,0,33711675621,12687030,0
33.7269,2,33714198627,12687030,0
33.7345,1,33721839645,12705030,0
33.7371,0,33724362651,12705030,0
33.7472,1,33734544675,12649024,0
33.7497,0,33737067681,12649024,0
33.7522,2,33726885657,25354054,0
33.7601,0,33749716705,10352224,0
33.7626,2,33752239711,10352224,0
33.7677,1,33747193699,20543248,0
33.7706,0,33760068929,10504024,0
33.7731,2,33762591935,10504024,0
33.7782,1,33767736947,10486024,0
33.7807,0,33770572953,10173024,0
33.7833,2,33773095959,10173024,0
33.7884,1,33778222971,10173024,0
33.7909,0,33780745977,10173024,0
33.7934,2,33783268983,10173024,0
33.8066,0,33790919001,15675236,0
33.8091,2,33793442007,15675236,0
33.8193,1,33788395995,30903272,0
33.8218,0,33806594237,15228036,0
33.8243,2,33809117243,15228036,0
33.832,1,33819299267,12714030,0
33.8345,0,33821822273,12714030,0
33.8472,1,33832013297,15163030,0
33.8497,0,33834536303,15163030,0
33.8601,1,33847176327,12875230,0
33.8626,0,33849699333,12875230,0
33.8651,2,33824345279,40752290,0
33.8781,1,33860051557,18055042,0
33.8806,0,33862574563,18055042,0
33.8832,2,33865097569,18055042,0
33.8934,1,33878106599,15246036,0
33.8959,0,33880629605,15246036,0
33.8984,2,33883152611,15246036,0
33.9116,1,33893352635,18272248,0
33.9141,0,33895875641,18272248,0
33.9243,1,33911624883,12685024,0
33.9268,0,33914147889,12685024,0
33.9294,2,33898398647,30957272,0
33.942,1,33924309907,17677036,0
33.9445,0,33926832913,17677036,0
33.947,2,33929355919,17677036,0
33.9572,1,33941986943,15190030,0
33.9597,0,33944509949,15190030,0
33.9622,2,33947032955,15190030,0
33.9701,1,33957176973,12931236,0
33.9754,2,33962222985,13188236,0
33.9855,0,33959699979,25837260,0
33.9881,2,33975411221,12649024,0
34.0035,1,33970108209,33370278,0
34.0088,2,33988060245,20721248,0
34.0139,1,34003478487,10428012,0
34.0164,0,33985537239,30892266,0
34.019,2,34008781493,10171018,0
34.0216,1,34013906499,7659018,0
34.0241,0,34016429505,7659018,0
34.0292,1,34021565517,7594012,0
34.0317,0,34024088523,7594012,0
34.0342,2,34018952511,15253030,0
34.0368,1,34029159529,7650018,0
34.0393,0,34031682535,7650018,0
34.0419,2,34034205541,7650018,0
34.0445,1,34036809547,7650018,0
34.047,0,34039332553,7650018,0
34.0495,2,34041855559,7650018,0
34.0574,1,34044459565,12895236,0
34.0599,0,34046982571,12895236,0
34.0624,2,34049505577,12895236,0
34.0725,0,34059877807,12658024,0
34.0805,1,34057354801,23106048,0
34.0855,2,34062400813,23050042,0
34.0906,1,34080460849,10117018,0
34.0931,0,34072535831,20565042,0
34.0956,2,34085450855,10173024,0
34.106,1,34090577867,15418242,0
34.1088,0,34093100873,15731242,0
34.1114,2,34095623879,15731242,0
34.1215,0,34108832115,12658024,0
34.124,2,34111355121,12658024,0
34.1342,1,34105996109,28190060,0
34.1367,0,34121490139,15219036,0
34.1392,2,34124013145,15219036,0
34.1572,1,34134186169,22987260,0
34.1597,0,34136709175,22987260,0
34.1622,2,34139232181,22987260,0
34.1828,1,34157173429,25651060,0
34.198,1,34182824489,15170024,0
34.2005,0,34159696435,40821084,0
34.203,2,34162219441,40821084,0
34.2112,1,34197994513,13244236,0
34.2138,0,34200517519,13244236,0
34.2239,1,34211238749,12649024,0
34.2289,2,34203040525,25837254,0
34.234,1,34223887773,10135018,0
34.2365,0,34213761755,22784042,0
34.2466,0,34236545797,10061012,0
34.2491,2,34228877779,20252036,0
34.2545,1,34234022791,20451242,0
34.257,0,34246606809,10390230,0
34.2595,2,34249129815,10390230,0
34.2672,1,34254474033,12705030,0
34.2697,0,34256997039,12705030,0
34.2722,2,34259520045,12705030,0
34.2774,1,34267179063,10191024,0
34.2799,0,34269702069,10191024,0
34.2827,2,34272225075,10504024,0
34.2879,1,34277370087,10486024,0
34.2904,0,34279893093,10486024,0
34.2929,2,34282729099,10173024,0
34.3005,1,34287856111,12687030,0
34.3031,0,34290379117,12687030,0
34.3058,2,34292902123,12904236,0
34.3137,0,34303066147,10665230,0
34.3163,2,34305806359,10448024,0
34.3214,1,34300543141,20838254,0
34.3239,0,34313731377,10173024,0
34.3264,2,34316254383,10173024,0
34.3316,1,34321381395,10173024,0
34.3341,0,34323904401,10173024,0
34.3366,2,34326427407,10173024,0
34.3417,1,34331554419,10173024,0
34.3443,0,34334077425,10173024,0
34.3468,2,34336600431,10173024,0
34.3571,1,34341727443,15418242,0
34.3597,0,34344250449,15418242,0
34.3622,2,34346773455,15418242,0
34.3699,1,34357145685,12732030,0
34.3724,0,34359668691,12732030,0
34.3749,2,34362191697,12732030,0
34.3825,0,34372400721,10135018,0
34.3854,2,34374923727,10448018,0
34.388,1,34369877715,18107036,0
34.3905,0,34382535739,7972018,0
34.393,2,34385371745,7659018,0
34.3981,1,34387984751,10164024,0
34.4007,0,34390507757,10164024,0
34.4034,2,34393030763,10381230,0
34.4085,1,34398148775,10334224,0
34.411,0,34400671781,10334224,0
34.4135,2,34403411993,10117018,0
34.4165,1,34408482999,7972018,0
34.419,0,34411006005,7972018,0
34.4215,2,34413529011,7972018,0
34.4291,1,34416455017,12678030,0
34.4317,0,34418978023,12678030,0
34.4342,2,34421501029,12678030,0
34.4393,1,34429133047,10191024,0
34.4418,0,34431656053,10191024,0
34.4444,2,34434179059,10191024,0
34.4495,1,34439324071,10173024,0
34.452,0,34441847077,10173024,0
34.4545,2,34444370083,10173024,0
34.4624,1,34449497095,12904236,0
34.4649,0,34452020101,12904236,0
34.4674,2,34454543107,12904236,0
34.4751,1,34462401331,12714030,0
34.4776,0,34464924337,12714030,0
34.4802,2,34467447343,12714030,0
34.4881,1,34475115361,13018030,0
34.4907,0,34477638367,13018030,0
34.4932,2,34480161373,13018030,0
34.4983,1,34488133391,10191024,0
34.5008,0,34490656397,10191024,0
34.5111,0,34500847421,10278218,0
34.5136,2,34493179403,20469242,0
34.5163,1,34498324415,17937236,0
34.5191,0,34511125639,7972018,0
34.5216,2,34513648645,7972018,0
34.5293,1,34516261651,12991030,0
34.5318,0,34519097657,12678030,0
34.5343,2,34521620663,12678030,0
34.542,1,34529252681,12705030,0
34.5469,2,34534298693,12649024,0
34.5521,1,34541957711,10135018,0
34.5648,1,34552092729,12680212,0
34.5673,0,34531775687,35520260,0
34.5698,2,34546947717,22871236,0
34.5725,1,34564772941,7686018,0
34.575,0,34567295947,7686018,0
34.5775,2,34569818953,7686018,0
34.5801,1,34572458959,7650018,0
34.5826,0,34574981965,7650018,0
34.5852,2,34577504971,7650018,0
34.5878,1,34580108977,7650018,0
34.5906,0,34582631983,7963018,0
34.5931,2,34585154989,7963018,0
34.6081,2,34593118007,15026018,0
34.611,1,34587758995,23242242,0
34.6135,0,34590595001,22929242,0
34.616,2,34608144025,7903224,0
34.6239,0,34613524243,10421018,0
34.6265,2,34616047249,10421018,0
34.6316,1,34611001237,20594042,0
34.6341,0,34623945261,10173024,0
34.6442,1,34631595279,12631024,0
34.6467,0,34634118285,12631024,0
34.6493,2,34626468267,22804048,0
34.6546,1,34644226303,10408230,0
34.6572,0,34646749309,10408230,0
34.6597,2,34649272315,10408230,0
34.6673,1,34654634533,12705030,0
34.6699,0,34657157539,12705030,0
34.6724,2,34659680545,12705030,0
34.6826,1,34667339563,15219036,0
34.6851,0,34669862569,15219036,0
34.6876,2,34672385575,15219036,0
34.6931,1,34682558599,10513024,0
34.6981,2,34687604611,10457018,0
34.7007,1,34693071623,7603012,0
34.7034,0,34685081605,18333242,0
34.7059,2,34698061629,7876224,0
34.7085,1,34700674635,7867224,0
34.7135,2,34705937853,7594012,0
34.7161,1,34708541859,7594012,0
34.7187,0,34703414847,15244030,0
34.7212,2,34713531865,7650018,0
34.7266,1,34716135871,10477024,0
34.7291,0,34718658877,10477024,0
34.7317,2,34721181883,10477024,0
34.7367,0,34729135901,7603012,0
34.7393,2,34731658907,7603012,0
34.7419,1,34726612895,15253030,0
34.7469,2,34739261919,7594012,0
34.7495,1,34741865925,7594012,0
34.752,0,34736738913,15244030,0
34.7547,2,34746855931,7867224,0
34.7573,1,34749459937,7867224,0
34.7599,0,34751982943,7867224,0
34.7624,2,34754723155,7650018,0
34.7675,1,34757327161,10164024,0
34.77,0,34759850167,10164024,0
34.7725,2,34762373173,10164024,0
34.7777,1,34767491185,10173024,0
34.7802,0,34770014191,10173024,0
34.7827,2,34772537197,10173024,0
34.7904,1,34777664209,12687030,0
34.7929,0,34780187215,12687030,0
34.8033,0,34792874245,10392012,0
34.8136,1,34790351239,23240242,0
34.8161,0,34803266257,12848230,0
34.8186,2,34782710221,35927272,0
34.8291,1,34813591481,15541036,0
34.8317,0,34816114487,15541036,0
34.8342,2,34818637493,15541036,0
34.8493,0,34831655523,17686036,0
34.8519,2,34834178529,17686036,0
34.8573,1,34829132517,28121266,0
34.8598,0,34849341559,10435230,0
34.8623,2,34851864565,10435230,0
34.8725,1,34857253783,15201036,0
34.875,0,34859776789,15201036,0
34.8826,1,34872454819,10144018,0
34.8851,0,34874977825,10144018,0
34.8876,2,34862299795,25345054,0
34.8927,1,34882598837,10117018,0
34.8952,0,34885121843,10117018,0
34.8981,2,34887644849,10430018,0
34.9059,1,34892715855,13217236,0
34.9085,0,34895238861,13217236,0
34.911,2,34898074867,12904236,0
34.9161,1,34905933091,10191024,0
34.9186,0,34908456097,10191024,0
34.9212,2,34910979103,10191024,0
34.9291,1,34916124115,13000030,0
34.9316,0,34918647121,13000030,0
34.9342,2,34921170127,13000030,0
34.9418,1,34929124145,12705030,0
34.9444,0,34931647151,12705030,0
34.9469,2,34934170157,12705030,0
34.9572,0,34944352181,12866230,0
34.9673,0,34957218411,10088012,0
34.9698,2,34946875187,22954242,0
34.975,1,34941829175,33127266,0
34.9775,0,34967306423,10173024,0
34.98,2,34969829429,10173024,0
34.9876,0,34977479447,10117018,0
34.9901,2,34980002453,10117018,0
35.0006,1,34974956441,25631054,0
35.0031,0,34987596465,15514036,0
35.0059,2,34990119471,15731242,0
35.0185,1,35000587495,17959248,0
35.0211,0,35003110501,17959248,0
35.0236,2,35005850713,17742042,0
35.0316,1,35018546743,13045030,0
35.0366,2,35023592755,12989024,0
35.0467,0,35021069749,25638048,0
35.0492,2,35036581779,12649024,0
35.0568,2,35049230803,7565006,0
35.0596,1,35031591773,28025248,0
35.0621,0,35046707797,15432230,0
35.0647,2,35056795809,7867224,0
35.0673,1,35059617021,7659018,0
35.0698,0,35062140027,7659018,0
35.0723,2,35064663033,7659018,0
35.0749,1,35067276039,7650018,0
35.0774,0,35069799045,7650018,0
35.08,2,35072322051,7650018,0
35.0851,1,35074926057,10164024,0
35.0876,0,35077449063,10164024,0
35.0901,2,35079972069,10164024,0
35.1003,1,35085090081,15201036,0
35.1031,0,35087613087,15514036,0
35.1059,2,35090136093,15731242,0
35.1186,1,35100291117,18272248,0
35.1211,0,35103127123,17959248,0
35.1236,2,35105867335,17742042,0
35.1366,1,35118563365,18073042,0
35.1392,0,35121086371,18073042,0
35.1518,0,35139159413,12620018,0
35.1543,2,35123609377,30693060,0
35.1647,1,35136636407,28056260,0
35.1672,0,35151779431,15436242,0
35.1697,2,35154302437,15436242,0
35.1824,0,35167215673,15172030,0
35.1849,2,35169738679,15172030,0
35.195,0,35182387703,12658024,0
35.1976,2,35184910709,12658024,0
35.2054,1,35164692667,40696284,0
35.2079,0,35195045727,12866230,0
35.2104,2,35197568733,12866230,0
35.218,1,35205388951,12658024,0
35.2206,0,35207911957,12658024,0
35.2231,2,35210434963,12658024,0
35.2282,1,35218046975,10191024,0
35.2308,0,35220569981,10191024,0
35.2333,2,35223092987,10191024,0
35.2412,1,35228237999,13000030,0
35.2462,2,35233284011,12944024,0
35.2566,1,35241238029,15324230,0
35.2591,0,35230761005,28324260,0
35.2616,2,35246228035,15380236,0
35.2718,0,35259085265,12676024,0
35.2743,2,35261608271,12676024,0
35.2845,1,35256562259,27895060,0
35.287,0,35271761289,15219036,0
35.2895,2,35274284295,15219036,0
35.3102,2,35289503331,20674248,0
35.3153,1,35284457319,30845266,0
35.3178,0,35286980325,30845266,0
35.3229,1,35315302585,7603012,0
35.3279,2,35310177579,17718024,0
35.3305,1,35322905597,7594012,0
35.333,0,35317825591,15197024,0
35.3355,2,35327895603,7650018,0
35.346,0,35333022615,12935024,0
35.3485,2,35335545621,12935024,0
35.3511,1,35330499609,20612042,0
35.3589,1,35351111651,7755212,0
35.3614,0,35345957639,15432230,0
35.3639,2,35348480645,15432230,0
35.3715,0,35361389869,10117018,0
35.374,2,35363912875,10117018,0
35.3792,1,35358866863,20290042,0
35.3817,0,35371506887,10173024,0
35.3842,2,35374029893,10173024,0
35.3893,1,35379156905,10173024,0
35.3919,0,35381679911,10173024,0
35.3944,2,35384202917,10173024,0
35.4045,0,35391852935,12631024,0
35.4151,1,35389329929,25810260,0
35.4177,0,35404483959,13179236,0
35.4202,2,35394375941,25810260,0
35.4279,1,35415140189,12714030,0
35.4328,2,35420186201,12658024,0
35.4458,1,35427854219,17990036,0
35.4484,0,35417663195,30704066,0
35.4509,2,35432844225,18046042,0
35.4638,1,35445844255,17977248,0
35.4663,0,35448367261,17977248,0
35.4765,1,35463821503,12685024,0
35.4815,2,35450890267,30606266,0
35.4866,1,35476506527,10135018,0
35.4942,1,35486641545,7547006,0
35.4967,0,35466344509,30367048,0
35.4992,2,35481496533,17738030,0
35.5045,0,35496711557,7811218,0
35.507,2,35499234563,7811218,0
35.5096,1,35494188551,15461236,0
35.5125,0,35504522775,7963018,0
35.515,2,35507045781,7963018,0
35.5201,0,35512485793,7594012,0
35.5226,2,35515008799,7594012,0
35.5277,0,35520079805,7594012,0
35.5302,2,35522602811,7594012,0
35.5378,1,35509649787,28179054,0
35.5404,0,35527673817,12678030,0
35.5432,2,35530196823,12991030,0
35.5483,1,35537828841,10504024,0
35.5509,0,35540351847,10504024,0
35.5534,2,35543187853,10191024,0
35.5612,1,35548332865,12904236,0
35.5638,0,35550855871,12904236,0
35.5663,2,35553378877,12904236,0
35.5714,1,35561237101,10191024,0
35.574,0,35563760107,10191024,0
35.5765,2,35566283113,10191024,0
35.5816,1,35571428125,10173024,0
35.5841,0,35573951131,10173024,0
35.5866,2,35576474137,10173024,0
35.5993,1,35581601149,17661036,0
35.6018,0,35584124155,17661036,0
35.6045,2,35586647161,17878242,0
35.6175,0,35601785191,15720236,0
35.62,2,35604525403,15503030,0
35.6252,1,35599262185,25920260,0
35.6277,0,35617505427,10200024,0
35.6353,1,35625182445,10117018,0
35.6378,0,35627705451,10117018,0
35.6403,2,35620028433,20317042,0
35.6508,1,35635299463,15514036,0
35.6536,0,35637822469,15731242,0
35.6612,1,35650813499,10361224,0
35.6637,0,35653553711,10144018,0
35.6662,2,35640345475,25875260,0
35.6739,1,35661174723,12687030,0
35.6764,0,35663697729,12687030,0
35.6865,1,35673861753,12649024,0
35.6915,2,35666220735,25280048,0
35.6941,1,35686510777,7621012,0
35.6967,0,35676384759,20270036,0
35.6992,2,35691500783,7677018,0
35.7018,1,35694131789,7650018,0
35.7068,2,35699177801,7594012,0
35.7146,1,35701781807,12783224,0
35.7174,0,35696654795,20746242,0
35.7199,2,35706771813,13152230,0
35.7276,1,35714565031,13027030,0
35.7301,0,35717401037,12714030,0
35.7326,2,35719924043,12714030,0
35.7403,1,35727592061,12705030,0
35.7428,0,35730115067,12705030,0
35.7557,2,35732638073,23041042,0
35.761,1,35740297091,20726242,0
35.7635,0,35742820097,20726242,0
35.7661,2,35755679115,10390230,0
35.7762,1,35761023333,15219036,0
35.7788,0,35763546339,15219036,0
35.7889,1,35776242369,12658024,0
35.7914,0,35778765375,12658024,0
35.7939,2,35766069345,27877060,0
35.799,1,35788900393,10135018,0
35.8016,0,35791423399,10135018,0
35.8041,2,35793946405,10135018,0
35.8069,1,35799035411,7876224,0
35.8094,0,35801558417,7876224,0
35.812,2,35804081423,7876224,0
35.8199,1,35806911635,12991030,0
35.8224,0,35809434641,12991030,0
35.8249,2,35811957647,12991030,0
35.8326,1,35819902665,12705030,0
35.8351,0,35822425671,12705030,0
35.8377,2,35824948677,12705030,0
35.8507,1,35832607695,18046042,0
35.8532,0,35835130701,18046042,0
35.871,1,35850653737,20379242,0
35.8736,0,35853176743,20379242,0
35.8761,2,35837653707,38425284,0
35.8837,0,35873555985,10171018,0
35.8863,2,35876078991,10171018,0
35.8939,1,35871032979,22858048,0
35.8964,0,35883727003,12687030,0
35.9015,1,35893891027,7621012,0
35.9093,1,35901512039,7755212,0
35.9118,0,35896414033,15376224,0
35.9143,2,35886250009,28063254,0
35.9194,1,35909267251,10164024,0
35.9223,0,35911790257,10477024,0
35.9248,2,35914313263,10477024,0
35.9349,0,35922267281,12631024,0
35.9374,2,35924790287,12631024,0
35.9425,1,35919431275,23079042,0
35.945,0,35934898305,10135018,0
35.9476,2,35937421311,10135018,0
35.9502,1,35942510317,7659018,0
35.953,0,35945033323,7972018,0
35.9557,2,35947556329,8189224,0
35.9583,1,35950169335,8180224,0
35.9609,0,35953005341,7867224,0
35.9634,2,35955745553,7650018,0
35.966,1,35958349559,7650018,0
35.971,2,35963395571,7594012,0
35.9736,1,35965999577,7594012,0
35.9761,0,35960872565,15244030,0
35.9786,2,35970989583,7650018,0
35.9812,1,35973593589,7650018,0
35.9838,0,35976116595,7650018,0
35.9863,2,35978639601,7650018,0
35.9889,1,35981243607,7650018,0
35.9914,0,35983766613,7650018,0
35.9939,2,35986289619,7650018,0
35.9965,1,35988893625,7650018,0
35.9991,0,35991416631,7650018,0
36.0016,2,35993939637,7650018,0
36.0069,1,35996543643,10325224,0
36.0094,0,35999066649,10325224,0
36.0119,2,36001589655,10325224,0
36.0145,1,36006868867,7677018,0
36.0171,0,36009391873,7677018,0
36.0196,2,36011914879,7677018,0
36.0225,1,36014545885,7969124,0
36.025,0,36017068891,7969124,0
36.0276,2,36019591897,7969124,0
36.0302,1,36022515009,7659018,0
36.0327,0,36025038015,7659018,0
36.0352,2,36027561021,7659018,0
36.0378,1,36030174027,7650018,0
36.0403,0,36032697033,7650018,0
36.0429,2,36035220039,7650018,0
36.0455,1,36037824045,7650018,0
36.048,0,36040347051,7650018,0
36.0505,2,36042870057,7650018,0
36.0533,1,36045474063,7867224,0
36.0562,0,36047997069,8180224,0
36.0587,2,36050520075,8180224,0
36.0613,1,36053341287,7972018,0
36.0638,0,36056177293,7659018,0
36.0664,2,36058700299,7659018,0
36.0715,1,36061313305,10164024,0
36.074,0,36063836311,10164024,0
36.0791,1,36071477329,7603012,0
36.0816,0,36074000335,7603012,0
36.0841,2,36066359317,17767036,0
36.0892,1,36079080341,10164024,0
36.0918,0,36081603347,10164024,0
36.0943,2,36084126353,10164024,0
36.0969,1,36089244365,7659018,0
36.1019,2,36094290377,7603012,0
36.1072,1,36096903383,10325224,0
36.1098,0,36091767371,17984242,0
36.1251,2,36101893389,23231248,0
36.1278,1,36107228607,20527036,0
36.1303,0,36109751613,20527036,0
36.1328,2,36125124637,7677018,0
36.1429,1,36127755643,15192036,0
36.1479,2,36132801655,15136030,0
36.1506,1,36142947679,7630012,0
36.1533,0,36130278649,23039254,0
36.1558,2,36147937685,7903224,0
36.1588,1,36150577691,8180224,0
36.1613,0,36153317903,7963018,0
36.1638,2,36155840909,7963018,0
36.1689,1,36158757915,10164024,0
36.1714,0,36161280921,10164024,0
36.1815,2,36163803927,17655024,0
36.1841,1,36168921939,15141018,0
36.1866,0,36171444945,15141018,0
36.1891,2,36181458951,7650018,0
36.1942,1,36184062957,10164024,0
36.1967,0,36186585963,10164024,0
36.1993,2,36189108969,10164024,0
36.2044,1,36194226981,10173024,0
36.2171,0,36196749987,20395236,0
36.2197,2,36199272993,20395236,0
36.2223,1,36204400005,17899230,0
36.2248,0,36217145223,7677018,0
36.2277,2,36219668229,7990018,0
36.2403,1,36222299235,18019042,0
36.2428,0,36224822241,18019042,0
36.2454,2,36227658247,17706042,0
36.2582,2,36245364289,12837224,0
36.2687,1,36240318277,28378260,0
36.2712,0,36242841283,28378260,0
36.2737,2,36258201513,15541036,0
36.2839,1,36268696537,15228036,0
36.2864,0,36271219543,15228036,0
36.289,2,36273742549,15228036,0
36.2992,1,36283924573,15228036,0
36.3041,2,36288970585,15172030,0
36.3095,1,36299152609,10361224,0
36.312,0,36286447579,25589260,0
36.3247,1,36309513833,15145030,0
36.3272,0,36312036839,15145030,0
36.33,2,36304142615,25875260,0
36.3402,1,36324658863,15541036,0
36.3478,1,36340199899,7574006,0
36.3503,0,36327181869,23115042,0
36.3528,2,36330017875,22802042,0
36.3659,2,36352819917,13096230,0
36.3686,1,36347773905,20782248,0
36.3711,0,36350296911,20782248,0
36.3736,2,36365916147,7686018,0
36.3812,1,36368556153,12678030,0
36.3838,0,36371079159,12678030,0
36.3863,2,36373602165,12678030,0
36.3939,1,36381234183,12705030,0
36.3965,0,36383757189,12705030,0
36.4043,1,36393939213,10352224,0
36.4068,0,36396462219,10352224,0
36.4093,2,36386280195,23057254,0
36.417,1,36404291437,12687030,0
36.4195,0,36406814443,12687030,0
36.422,2,36409337449,12687030,0
36.4375,1,36416978467,20560048,0
36.4401,0,36419501473,20560048,0
36.4426,2,36422024479,20560048,0
36.453,1,36437538515,15472242,0
36.4555,0,36440061521,15472242,0
36.4681,1,36453010757,15134024,0
36.4707,0,36455533763,15134024,0
36.4732,2,36442584527,30606266,0
36.4809,1,36468144781,12714030,0
36.4834,0,36470667787,12714030,0
36.4859,2,36473190793,12714030,0
36.4936,1,36480858811,12705030,0
36.4961,0,36483381817,12705030,0
36.5064,1,36493563841,12866230,0
36.509,0,36496086847,12866230,0
36.5115,2,36485904823,25571260,0
36.5267,1,36506430071,20247048,0
36.5292,0,36508953077,20247048,0
36.5317,2,36511476083,20247048,0
36.5447,1,36526677119,18026036,0
36.5472,0,36529200125,18026036,0
36.5651,1,36544703155,20435248,0
36.5704,2,36531723131,38718278,0
36.5781,1,36565138403,12998024,0
36.5807,0,36547226161,33433272,0
36.5832,2,36570441409,12741030,0
36.5883,1,36578136427,10135018,0
36.5908,0,36580659433,10135018,0
36.5933,2,36583182439,10135018,0
36.5959,1,36588271445,7659018,0
36.5985,0,36590794451,7659018,0
36.601,2,36593317457,7659018,0
36.6088,1,36595930463,12895236,0
36.6113,0,36598453469,12895236,0
36.6139,2,36600976475,12895236,0
36.624,1,36608825699,15219036,0
36.6266,0,36611348705,15219036,0
36.6291,2,36613871711,15219036,0
36.6396,1,36624044735,15541036,0
36.6421,0,36626567741,15541036,0
36.6547,0,36642108777,12602018,0
36.66,1,36639585771,20440236,0
36.6625,0,36654710795,7838218,0
36.6651,2,36629090747,35981272,0
36.673,1,36660026007,13000030,0
36.678,2,36665072019,12944024,0
36.6856,1,36673026037,12593018,0
36.6881,0,36662549013,25593048,0
36.6907,2,36678016043,12649024,0
36.6958,1,36685619055,10191024,0
36.6983,0,36688142061,10191024,0
36.7009,2,36690665067,10191024,0
36.7112,1,36695810079,15362236,0
36.7137,0,36698333085,15362236,0
36.7264,1,36711172315,15190030,0
36.7289,0,36713695321,15190030,0
36.7314,2,36700856091,30552266,0
36.7394,1,36726362345,13027030,0
36.7419,0,36728885351,13027030,0
36.7444,2,36731408357,13027030,0
36.7521,1,36739389375,12705030,0
36.7571,2,36744435387,12649024,0
36.7699,0,36741912381,28029260,0
36.7728,2,36757084411,15693236,0
36.783,1,36752094405,30883266,0
36.7855,0,36769941641,15559036,0
36.788,2,36772777647,15246036,0
36.7982,1,36782977671,15228036,0
36.8007,0,36785500677,15228036,0
36.8033,2,36788023683,15228036,0
36.8111,1,36798205707,12931236,0
36.8137,0,36800728713,12931236,0
36.8162,2,36803251719,12931236,0
36.8264,1,36811136943,15219036,0
36.8289,0,36813659949,15219036,0
36.8314,2,36816182955,15219036,0
36.8494,0,36828878985,20513042,0
36.8519,2,36831401991,20513042,0
36.8649,1,36826355979,38499290,0
36.8674,0,36849392027,17986248,0
36.8699,2,36851915033,17986248,0
36.8879,0,36867378275,20540042,0
36.8904,2,36869901281,20540042,0
36.8981,1,36864855269,33281072,0
36.9007,0,36887918317,12741030,0
36.9032,2,36890441323,12741030,0
36.911,1,36898136341,12866230,0
36.9135,0,36900659347,12866230,0
36.916,2,36903182353,12866230,0
36.9237,0,36913525577,10144018,0
36.9262,2,36916048583,10144018,0
36.9313,1,36911002571,20317042,0
36.9338,0,36923669595,10173024,0
36.9364,2,36926192601,10173024,0
36.9468,1,36931319613,15514036,0
36.9494,0,36933842619,15514036,0
36.9519,2,36936365625,15514036,0
36.9598,1,36946833649,12931236,0
36.9623,0,36949356655,12931236,0
36.9648,2,36951879661,12931236,0
36.9725,1,36959764885,12705030,0
36.975,0,36962287891,12705030,0
36.9778,2,36964810897,13018030,0
36.983,1,36972469915,10504024,0
36.988,2,36977828927,10135018,0
36.9931,1,36982973939,10117018,0
36.9956,0,36974992921,20621042,0
36.9981,2,36987963945,10173024,0
37.0035,1,36993090957,10390230,0
37.006,0,36995613963,10390230,0
37.0085,2,36998136969,10390230,0
37.0137,1,37003481187,10191024,0
37.0162,0,37006004193,10191024,0
37.0187,2,37008527199,10191024,0
37.0364,1,37013672211,22743054,0
37.0389,0,37016195217,22743054,0
37.0415,2,37018718223,22743054,0
37.0572,1,37036415265,20831254,0
37.0622,2,37041461277,20775248,0
37.0699,0,37038938271,30946266,0
37.0724,2,37062236525,10171018,0
37.0804,1,37057246519,23120496,0
37.0829,0,37069884537,13005484,0
37.0854,2,37072407543,13005484,0
37.0906,1,37080367015,10200024,0
37.0931,0,37082890021,10200024,0
37.0956,2,37085413027,10200024,0
37.1034,0,37093090045,10334224,0
37.1085,1,37090567039,17937236,0
37.111,0,37103424269,7603012,0
37.1136,2,37095613051,17937236,0
37.1162,1,37108504275,7650018,0
37.1187,0,37111027281,7650018,0
37.1212,2,37113550287,7650018,0
37.1288,1,37116154293,12678030,0
37.1314,0,37118677299,12678030,0
37.1339,2,37121200305,12678030,0
37.139,1,37128832323,10191024,0
37.1415,0,37131355329,10191024,0
37.1441,2,37133878335,10191024,0
37.1495,1,37139023347,10486024,0
37.152,0,37141546353,10486024,0
37.1546,2,37144069359,10486024,0
37.1599,1,37149509371,10390230,0
37.1624,0,37152032377,10390230,0
37.1649,2,37154555383,10390230,0
37.1701,1,37159899601,10173024,0
37.1751,2,37164945613,10117018,0
37.1805,1,37170072625,10430018,0
37.183,0,37162422607,20603042,0
37.1855,2,37175062631,10486024,0
37.1932,1,37180502643,12687030,0
37.1957,0,37183025649,12687030,0
37.1982,2,37185548655,12687030,0
37.2036,1,37193189673,10408230,0
37.2061,0,37195712679,10408230,0
37.2086,2,37198235685,10408230,0
37.2138,1,37203597903,10191024,0
37.2163,0,37206120909,10191024,0
37.2214,1,37213788927,7603012,0
37.2239,0,37216311933,7603012,0
37.2264,2,37208643915,17794036,0
37.229,1,37221391939,7650018,0
37.2316,0,37223914945,7650018,0
37.2341,2,37226437951,7650018,0
37.2392,1,37229041957,10164024,0
37.2417,0,37231564963,10164024,0
37.2443,2,37234087969,10164024,0
37.2494,1,37239205981,10173024,0
37.2522,0,37241728987,10486024,0
37.2575,1,37249379005,8133218,0
37.26,0,37252215011,7820218,0
37.2626,2,37244251993,18306242,0
37.2652,1,37257512223,7650018,0
37.2677,0,37260035229,7650018,0
37.2702,2,37262558235,7650018,0
37.2753,1,37265162241,10164024,0
37.2778,0,37267685247,10164024,0
37.2832,1,37275326265,7916018,0
37.2858,0,37277849271,7916018,0
37.2883,2,37270208253,18080042,0
37.2909,1,37283242283,7650018,0
37.2934,0,37285765289,7650018,0
37.2959,2,37288288295,7650018,0
37.3011,1,37290892301,10164024,0
37.3038,0,37293415307,10381230,0
37.3063,2,37295938313,10381230,0
37.314,1,37301056325,12904236,0
37.3165,0,37303796537,12687030,0
37.319,2,37306319543,12687030,0
37.3316,1,37313960561,17679036,0
37.3342,0,37316483567,17679036,0
37.3367,2,37319006573,17679036,0
37.3444,1,37331639597,12732030,0
37.3469,0,37334162603,12732030,0
37.3494,2,37336685609,12732030,0
37.3551,1,37344371627,10721230,0
37.3576,0,37346894633,10721230,0
37.3601,2,37349417639,10721230,0
37.3678,0,37357615863,10135018,0
37.3728,1,37355092857,17738030,0
37.3778,2,37360138869,17682024,0
37.3804,1,37372830887,7594012,0
37.3829,0,37367750881,15197024,0
37.3858,2,37377820893,7963018,0
37.3884,1,37380424899,7963018,0
37.3909,0,37382947905,7963018,0
37.3934,2,37385783911,7650018,0
37.401,0,37390910923,10108018,0
37.4063,1,37388387917,17928236,0
37.4088,0,37401018941,7820218,0
37.4114,2,37393433929,17928236,0
37.419,1,37406316153,12687030,0
37.4215,0,37408839159,12687030,0
37.424,2,37411362165,12687030,0
37.4291,0,37421526189,7621012,0
37.4317,2,37424049195,7621012,0
37.4368,1,37419003183,17785036,0
37.4393,0,37429147201,10164024,0
37.4418,2,37431670207,10164024,0
37.4495,1,37436788219,12687030,0
37.452,0,37439311225,12687030,0
37.4545,2,37441834231,12687030,0
37.4602,1,37449475249,10721230,0
37.4627,0,37451998255,10721230,0
37.4652,2,37454521261,10721230,0
37.4703,1,37460196479,10117018,0
37.4728,0,37462719485,10117018,0
37.4754,2,37465242491,10117018,0
37.478,1,37470313497,7659018,0
37.4805,0,37472836503,7659018,0
37.483,2,37475359509,7659018,0
37.4909,0,37480495521,10421018,0
37.4934,2,37483018527,10421018,0
37.4961,1,37477972515,18080036,0
37.4986,0,37490916539,7659018,0
37.5011,2,37493439545,7659018,0
37.5039,1,37496052551,7867224,0
37.5064,0,37498575557,7867224,0
37.5115,1,37503919775,7603012,0
37.514,0,37506442781,7603012,0
37.5166,2,37501098563,15470236,0
37.5192,1,37511522787,7650018,0
37.5217,0,37514045793,7650018,0
37.5242,2,37516568799,7650018,0
37.5293,1,37519172805,10164024,0
37.5319,0,37521695811,10164024,0
37.5344,2,37524218817,10164024,0
37.537,1,37529336829,7659018,0
37.542,2,37534382841,7603012,0
37.5446,1,37536995847,7594012,0
37.5471,0,37531859835,15253030,0
37.5496,2,37541985853,7650018,0
37.555,1,37544589859,10381230,0
37.5575,0,37547112865,10381230,0
37.5603,2,37549635871,10694230,0
37.5655,1,37554971089,10504024,0
37.568,0,37557494095,10504024,0
37.5781,0,37567998119,10061012,0
37.5806,2,37560330101,20252036,0
37.5857,1,37565475113,20234036,0
37.5882,0,37578059131,10173024,0
37.5911,2,37580582137,10486024,0
37.5987,1,37585709149,13000030,0
37.6012,0,37588232155,13000030,0
37.6038,2,37591068161,12687030,0
37.6141,1,37598709179,15436242,0
37.6167,0,37601232185,15436242,0
37.6268,1,37614145421,12658024,0
37.6293,0,37616668427,12658024,0
37.6318,2,37603755191,28094266,0
37.6445,1,37626803445,17733042,0
37.6471,0,37629326451,17733042,0
37.6496,2,37631849457,17733042,0
37.6574,1,37644536487,12893230,0
37.66,0,37647059493,12893230,0
37.6628,2,37649582499,13206230,0
37.6755,1,37657429717,18055042,0
37.678,0,37659952723,18055042,0
37.6805,2,37662788729,17742042,0
37.6961,1,37675484759,20587048,0
37.6986,0,37678007765,20587048,0
37.7011,2,37680530771,20587048,0
37.7141,1,37696071807,17986248,0
37.7166,0,37698594813,17986248,0
37.7191,2,37701117819,17986248,0
37.7318,1,37714058055,17760042,0
37.7343,0,37716581061,17760042,0
37.7369,2,37719104067,17760042,0
37.7471,1,37731818097,15246036,0
37.7521,2,37736864109,15190030,0
37.7599,1,37747064133,12875230,0
37.7652,2,37752054139,13188236,0
37.7729,1,37759939363,12962030,0
37.7754,0,37734341103,41083296,0
37.7779,2,37765242375,12705030,0
37.7856,1,37772901393,12705030,0
37.7881,0,37775424399,12705030,0
37.7907,2,37777947405,12705030,0
37.7986,1,37785606423,13018030,0
37.8011,0,37788129429,13018030,0
37.809,1,37798624453,10352224,0
37.814,2,37790652435,23314248,0
37.8216,1,37808976677,12631024,0
37.8241,0,37801147459,22983248,0
37.8267,2,37813966683,12687030,0
37.8318,1,37821607701,10191024,0
37.8343,0,37824130707,10191024,0
37.8368,2,37826653713,10191024,0
37.847,0,37834321731,12631024,0
37.8495,2,37836844737,12631024,0
37.8574,1,37831798725,25553260,0
37.8599,0,37846952755,12922236,0
37.8703,0,37859874991,10401012,0
37.8728,2,37849475761,23323248,0
37.8754,1,37857351985,18060030,0
37.8779,0,37870276003,7659018,0
37.8855,1,37875412015,10108018,0
37.888,0,37877935021,10108018,0
37.8906,2,37872799009,17767036,0
37.8957,1,37885520033,10173024,0
37.8985,0,37888043039,10486024,0
37.9011,2,37890566045,10486024,0
37.9089,1,37895693057,13217236,0
37.9114,0,37898529063,12904236,0
37.914,2,37901052069,12904236,0
37.9241,0,37911433299,12649024,0
37.9266,2,37913956305,12649024,0
37.9367,0,37924082323,12649024,0
37.9393,2,37926605329,12649024,0
37.9494,0,37936731347,12649024,0
37.9546,1,37908910293,45686290,0
37.9622,0,37949380371,12866230,0
37.9648,2,37939254353,25515254,0
37.9673,1,37954596583,12705030,0
37.9778,0,37962246601,15532036,0
37.9803,2,37964769607,15532036,0
37.9828,1,37967301613,15532036,0
37.9955,0,37977778637,17742042,0
37.998,2,37980301643,17742042,0
38.0009,1,37982833649,18055042,0
38.0088,0,37995520679,13262236,0
38.0113,2,37998043685,13262236,0
38.0138,1,38000888691,12949236,0
38.0215,0,38008782915,12714030,0
38.0316,0,38021496945,10079012,0
38.0341,2,38011305921,22793042,0
38.0366,1,38013837927,22793042,0
38.0518,0,38031575957,20229048,0
38.0545,2,38034098963,20446254,0
38.0571,1,38036630969,20446254,0
38.0698,0,38051805005,17986248,0
38.0726,2,38054545217,18082042,0
38.0828,0,38069791253,12991024,0
38.0903,0,38082782277,7565006,0
38.0929,2,38072627259,20243030,0
38.1004,1,38057077223,43279072,0
38.1034,0,38090347283,13098224,0
38.106,2,38092870289,13098224,0
38.1085,1,38100356295,8180224,0
38.1111,0,38103445507,7686018,0
38.1137,2,38105968513,7686018,0
38.1162,1,38108536519,7659018,0
38.1238,0,38111131525,12678030,0
38.1288,1,38116195537,12622024,0
38.1339,0,38123809555,10135018,0
38.139,1,38128817561,10135018,0
38.1415,0,38133944573,7603012,0
38.1441,2,38113654531,30416060,0
38.1466,1,38138952579,7659018,0
38.1492,0,38141547585,7650018,0
38.1517,2,38144070591,7650018,0
38.1545,1,38146611597,7867224,0
38.1596,0,38149197603,10381230,0
38.1621,2,38151720609,10381230,0
38.1647,1,38154478821,10173024,0
38.1722,0,38159578833,12649024,0
38.1751,2,38162101839,12962024,0
38.1802,0,38172227857,7934012,0
38.1852,1,38164651845,20509030,0
38.1878,0,38180161869,7594012,0
38.1903,2,38175063863,15215024,0
38.1928,1,38185160875,7650018,0
38.1954,0,38187755881,7650018,0
38.1979,2,38190278887,7650018,0
38.2005,1,38192810893,7650018,0
38.2033,0,38195405899,7867224,0
38.2061,2,38197928905,8180224,0
38.2086,1,38200460911,8180224,0
38.2112,0,38203273123,7972018,0
38.2138,2,38206109129,7659018,0
38.2163,1,38208641135,7659018,0
38.2189,0,38211245141,7650018,0
38.2214,2,38213768147,7650018,0
38.224,1,38216300153,7650018,0
38.2265,0,38218895159,7650018,0
38.2291,2,38221418165,7650018,0
38.2316,1,38223950171,7650018,0
38.2342,0,38226545177,7650018,0
38.2367,2,38229068183,7650018,0
38.2393,1,38231600189,7650018,0
38.2418,0,38234195195,7650018,0
38.2444,2,38236718201,7650018,0
38.2469,1,38239250207,7650018,0
38.252,2,38244368219,7594012,0
38.2545,1,38246900225,7594012,0
38.2573,0,38241845213,15461236,0
38.2598,2,38251962231,7867224,0
38.2624,1,38254494237,7867224,0
38.265,0,38257306449,7650018,0
38.2675,2,38259829455,7650018,0
38.27,1,38262361461,7650018,0
38.2726,0,38264956467,7650018,0
38.2754,2,38267479473,7963018,0
38.278,1,38270011479,7963018,0
38.2806,0,38272606485,7963018,0
38.2831,2,38275442491,7650018,0
38.2856,1,38277974497,7650018,0
38.2882,0,38280569503,7650018,0
38.2907,2,38283092509,7650018,0
38.2933,1,38285624515,7650018,0
38.2959,0,38288219521,7650018,0
38.2984,2,38290742527,7650018,0
38.3009,1,38293274533,7650018,0
38.3037,0,38295869539,7867224,0
38.309,1,38300924551,8124224,0
38.3117,0,38303736763,7916018,0
38.3142,2,38298392545,15783242,0
38.3167,1,38309048775,7659018,0
38.3193,0,38311652781,7650018,0
38.3218,2,38314175787,7650018,0
38.3244,1,38316707793,7650018,0
38.332,0,38319302799,12678030,0
38.3345,2,38321825805,12678030,0
38.337,1,38324357811,12678030,0
38.3422,0,38331980829,10191024,0
38.3447,2,38334503835,10191024,0
38.355,0,38342171853,12848230,0
38.3575,2,38344694859,12848230,0
38.3601,1,38337035841,23039254,0
38.3677,2,38357543089,10135018,0
38.3702,1,38360075095,10135018,0
38.3728,0,38355020083,17794036,0
38.3753,2,38367678107,7659018,0
38.3782,1,38370210113,7972018,0
38.3833,0,38372814119,10477024,0
38.3858,2,38375337125,10477024,0
38.3883,1,38378182131,10164024,0
38.3935,0,38383291143,10173024,0
38.396,2,38385814149,10173024,0
38.3985,1,38388346155,10173024,0
38.4061,2,38395987173,10117018,0
38.4117,1,38398519179,13161230,0
38.4143,0,38393464167,20820248,0
38.4168,2,38406104191,10703230,0
38.4219,1,38411680409,10191024,0
38.4245,0,38414284415,10173024,0
38.427,2,38416807421,10173024,0
38.432,1,38421871433,10173024,0
38.4396,2,38426980445,12631024,0
38.4422,1,38432044457,10117018,0
38.4448,0,38424457439,20308042,0
38.4473,2,38439611469,7677018,0
38.4498,1,38442161475,7659018,0
38.4551,0,38444765481,10381230,0
38.4577,2,38447288487,10381230,0
38.4602,1,38449820493,10381230,0
38.4653,0,38455146711,10191024,0
38.4679,2,38457669717,10191024,0
38.4729,0,38465337735,7603012,0
38.4755,2,38467860741,7603012,0
38.4808,1,38460201723,20621042,0
38.4859,0,38472940747,12991030,0
38.4885,2,38475463753,12991030,0
38.4935,1,38480822765,12687030,0
38.4986,0,38485931777,12705030,0
38.5012,2,38488454783,12705030,0
38.5065,0,38498636807,7838218,0
38.509,2,38501159813,7838218,0
38.5144,1,38493509795,20856248,0
38.517,0,38506475025,10486024,0
38.5195,2,38508998031,10486024,0
38.5245,1,38514366043,10173024,0
38.5347,0,38516961049,17715042,0
38.5372,2,38519484055,17715042,0
38.5397,1,38524539067,15201036,0
38.5576,0,38534676091,22949254,0
38.5601,2,38537199097,22949254,0
38.5627,1,38539740103,22931254,0
38.5779,2,38560148351,17731036,0
38.5804,1,38562671357,17731036,0
38.5859,0,38557625345,28262060,0
38.5909,1,38580402393,10475018,0
38.5985,0,38585887405,12631024,0
38.6037,1,38590877411,12848230,0
38.6142,0,38598518429,15693236,0
38.6167,2,38577879387,38855284,0
38.6193,1,38603725641,15532036,0
38.6294,0,38614211665,15228036,0
38.6344,1,38619257677,15172030,0
38.6421,0,38629439701,12658024,0
38.6446,2,38616734671,27886060,0
38.6471,1,38634429707,12714030,0
38.66,2,38644620731,15380236,0
38.6625,1,38647143737,15380236,0
38.6702,2,38660000967,10162018,0
38.6727,1,38662523973,10162018,0
38.6778,0,38642097725,35715278,0
38.6803,2,38670162985,10173024,0
38.6829,1,38672685991,10173024,0
38.6908,0,38677813003,13000030,0
38.6933,2,38680336009,13000030,0
38.6959,1,38682859015,13000030,0
38.7088,0,38690813033,17950248,0
38.7113,2,38693336039,17950248,0
38.7138,1,38695859045,17950248,0
38.7218,0,38708763281,13054030,0
38.7243,2,38711286287,13054030,0
38.7345,0,38721817311,12649024,0
38.737,2,38724340317,12649024,0
38.7395,1,38713809293,25703054,0
38.7472,0,38734466335,12705030,0
38.7522,1,38739512347,12649024,0
38.76,0,38747171365,12810224,0
38.7625,2,38736989341,25515254,0
38.765,1,38752161371,12866230,0
38.7701,0,38759981589,10135018,0
38.7726,2,38762504595,10135018,0
38.7752,1,38765027601,10135018,0
38.7778,0,38770116607,7659018,0
38.7803,2,38772639613,7659018,0
38.7828,1,38775162619,7659018,0
38.7908,0,38777775625,12991030,0
38.7933,2,38780298631,12991030,0
38.7958,1,38782821637,12991030,0
38.8087,0,38790766655,17950248,0
38.8112,2,38793289661,17950248,0
38.8138,1,38795812667,17950248,0
38.8243,0,38808716903,15559036,0
38.8268,2,38811239909,15559036,0
38.8293,1,38813762915,15559036,0
38.8395,2,38826798945,12658024,0
38.842,1,38829321951,12658024,0
38.8573,1,38841979975,15324230,0
38.8725,0,38824275939,48238302,0
38.875,2,38839456969,35580278,0
38.8776,1,38857304205,20256048,0
38.8852,0,38872514241,12685024,0
38.8877,2,38875037247,12685024,0
38.8906,1,38877560253,12998024,0
38.9007,0,38885199265,15532036,0
38.9057,1,38890558277,15163030,0
38.9186,0,38900731301,17903242,0
38.9366,2,38887722271,48828296,0
38.9391,1,38905721307,33352266,0
38.9467,2,38936550567,10144018,0
38.9492,1,38939073573,10144018,0
38.9518,0,38918634543,33196054,0
38.9546,2,38946694585,7876224,0
38.9571,1,38949217591,7876224,0
38.9622,0,38951830597,10381230,0
38.9647,2,38954570809,10164024,0
38.9673,1,38957093815,10164024,0
38.9723,2,38964734833,7603012,0
38.9749,1,38967257839,7603012,0
38.9775,0,38962211827,15253030,0
38.98,2,38972337845,7650018,0
38.9825,1,38974860851,7650018,0
38.9901,0,38977464857,12678030,0
38.993,2,38979987863,12991030,0
38.9955,1,38982510869,12991030,0
39.0084,0,38990142887,18263248,0
39.0109,2,38992978893,17950248,0
39.0135,1,38995501899,17950248,0
39.0265,0,39008406135,18082042,0
39.029,2,39010929141,18082042,0
39.0315,1,39013452147,18082042,0
39.0417,2,39029011183,12676024,0
39.0442,1,39031534189,12676024,0
39.0519,0,39026488177,25381054,0
39.0544,2,39041687207,12705030,0
39.0571,1,39044210213,12922236,0
39.0673,2,39054392237,12866230,0
39.0698,1,39057132449,12649024,0
39.0749,0,39051869231,23057254,0
39.0774,2,39067258467,10191024,0
39.0825,0,39074926485,7603012,0
39.0851,2,39077449491,7603012,0
39.0901,0,39082529497,7594012,0
39.0926,2,39085052503,7594012,0
39.098,1,39069781473,28204048,0
39.1005,0,39090123509,10421018,0
39.1031,2,39092646515,10421018,0
39.1084,1,39097985521,10381230,0
39.1109,0,39100544527,10390230,0
39.116,1,39108366751,7603012,0
39.1185,0,39110934757,7603012,0
39.1211,2,39103067533,17993242,0
39.1236,1,39115969763,7650018,0
39.129,0,39118537769,10477024,0
39.1315,2,39121060775,10477024,0
39.1366,1,39123619781,12991030,0
39.1442,0,39129014793,15201036,0
39.1545,0,39144215829,10305218,0
39.157,2,39131537799,25506254,0
39.1646,1,39136610811,28038260,0
39.1697,0,39154521047,15219036,0
39.1723,2,39157044053,15219036,0
39.1774,1,39164649071,12714030,0
39.1799,0,39169740083,10200024,0
39.1825,2,39172263089,10200024,0
39.1876,1,39177363101,10191024,0
39.1926,0,39179940107,12687030,0
39.1952,2,39182463113,12687030,0
39.2006,1,39187554125,13000030,0
39.2058,0,39192627137,13179230,0
39.2083,2,39195150143,13179230,0
39.2109,1,39200554155,10352224,0
39.216,0,39205806367,10200024,0
39.2185,2,39208329373,10200024,0
39.2261,0,39216006391,10061012,0
39.2289,2,39218529397,10374012,0
39.2315,1,39210906379,20583036,0
39.234,0,39226067403,7972018,0
39.2366,2,39228903409,7659018,0
39.2391,1,39231489415,7650018,0
39.2417,0,39234039421,7650018,0
39.2442,2,39236562427,7650018,0
39.2493,1,39239139433,10164024,0
39.2519,0,39241689439,10164024,0
39.2544,2,39244212445,10164024,0
39.2622,1,39249303457,12904236,0
39.2673,0,39251853463,15418242,0
39.2698,2,39254376469,15418242,0
39.2774,1,39262207693,15219036,0
39.2825,0,39267271705,15228036,0
39.285,2,39269794711,15228036,0
39.2952,1,39277426729,17742042,0
39.3006,0,39282499741,18055042,0
39.3109,1,39295168771,15720236,0
39.3134,0,39300554783,12893230,0
39.321,1,39310889007,10144018,0
39.3286,2,39285022747,43541290,0
39.334,0,39313448013,20527030,0
39.3365,2,39328564037,7934012,0
39.3391,1,39321033025,18033030,0
39.3466,2,39336498049,10108018,0
39.3492,1,39339066055,10108018,0
39.3569,0,39333975043,22956248,0
39.3595,2,39346606067,12848230,0
39.3645,1,39349174073,15362236,0
39.3747,0,39356931291,17742042,0
39.3772,2,39359454297,17742042,0
39.3923,2,39377196339,15134024,0
39.3949,1,39364536309,30389060,0
39.4,0,39374673333,25334048,0
39.4031,2,39392330363,10730230,0
39.4056,1,39394925369,10703230,0
39.4157,0,39400007381,15731242,0
39.4183,2,39403060593,15201036,0
39.4208,1,39405628599,15201036,0
39.431,0,39415738623,15228036,0
39.4338,2,39418261629,15541036,0
39.4414,0,39430966659,10457018,0
39.4439,2,39433802665,10144018,0
39.4465,1,39420829635,25685054,0
39.4515,0,39441423677,10117018,0
39.4543,2,39443946683,10334224,0
39.4594,0,39451540695,7820218,0
39.4619,2,39454280907,7603012,0
39.4645,1,39446514689,17937236,0
39.467,0,39459360913,7650018,0
39.4695,2,39461883919,7650018,0
39.4721,1,39464451925,7650018,0
39.4747,0,39467010931,7650018,0
39.4772,2,39469533937,7650018,0
39.4798,1,39472101943,7650018,0
39.4848,0,39474660949,10164024,0
39.4873,2,39477183955,10164024,0
39.4975,0,39484824973,12631024,0
39.5,2,39487347979,12631024,0
39.5081,1,39479751961,28315266,0
39.5106,0,39497455997,13179236,0
39.5132,2,39499979003,13179236,0
39.5208,0,39510635233,10144018,0
39.5233,2,39513158239,10144018,0
39.5309,1,39508067227,22849048,0
39.5335,0,39520779251,12687030,0
39.5363,2,39523302257,13000030,0
39.5414,1,39530916275,10504024,0
39.5465,0,39533466281,13018030,0
39.549,2,39536302287,12705030,0
39.5568,1,39541420299,15362236,0
39.5594,0,39546484311,12866230,0
39.5644,1,39556782535,7630012,0
39.5695,0,39559350541,10135018,0
39.572,2,39549007317,23001248,0
39.5746,1,39564412547,10164024,0
39.5822,0,39569485559,12687030,0
39.5847,2,39572008565,12687030,0
39.5873,1,39574576571,12687030,0
39.5948,2,39584695595,10135018,0
39.6052,0,39582172589,22983248,0
39.608,2,39594830613,13161230,0
39.6131,1,39587263601,25837254,0
39.6182,0,39605155837,13018030,0
39.6207,2,39607991843,12705030,0
39.6283,0,39618173867,10135018,0
39.6308,2,39620696873,10135018,0
39.6334,1,39613100855,20290042,0
39.6388,0,39628308885,10486024,0
39.6438,1,39633390897,10430018,0
39.6489,0,39638794909,10117018,0
39.6542,1,39643820915,10334224,0
39.6567,0,39648911927,7820218,0
39.6593,2,39630831891,28423260,0
39.6618,1,39654155139,7677018,0
39.6669,0,39656732145,10173024,0
39.6694,2,39659255151,10173024,0
39.6745,1,39661832157,12678030,0
39.6771,0,39666905169,10173024,0
39.6796,2,39669428175,10173024,0
39.6847,1,39674510187,10191024,0
39.6898,0,39677078193,12687030,0
39.7023,2,39679601199,22712036,0
39.7051,1,39684701211,20415236,0
39.7077,0,39689765223,17901230,0
39.7105,2,39702313235,8189224,0
39.7131,1,39705116447,7972018,0
39.7182,0,39707666453,10486024,0
39.7207,2,39710502459,10173024,0
39.7233,1,39713088465,10164024,0
39.7283,0,39718152477,10173024,0
39.7308,2,39720675483,10173024,0
39.7359,1,39723252489,12687030,0
39.7463,0,39728325501,17977030,0
39.7488,2,39730848507,17977030,0
39.7567,1,39735939519,20717242,0
39.7617,0,39746302531,15409242,0
39.7642,2,39748825537,15409242,0
39.7769,0,39761711773,15172030,0
39.7794,2,39764234779,15172030,0
39.7895,0,39776883803,12658024,0
39.7921,2,39779406809,12658024,0
39.8022,1,39756656761,45563096,0
39.81,2,39792064833,17894242,0
39.8154,1,39802219857,13188230,0
39.8205,0,39789541827,30939272,0
39.823,2,39809959075,13045030,0
39.8306,0,39820481099,10135018,0
39.8331,2,39823004105,10135018,0
39.8382,1,39815408087,22822048,0
39.8461,0,39830616117,15514036,0
39.8487,2,39833139123,15514036,0
39.859,1,39838230135,20777254,0
39.8616,0,39846130153,15445242,0
39.8641,2,39848653159,15445242,0
39.8743,1,39859007389,15255036,0
39.8793,0,39861575395,17686036,0
39.8818,2,39864098401,17686036,0
39.8869,1,39874262425,12658024,0
39.892,0,39879261431,12732030,0
39.8945,2,39881784437,12732030,0
39.8996,1,39886920449,12649024,0
39.9021,0,39891993461,10135018,0
39.9047,2,39894516467,10135018,0
39.9075,1,39899569473,7894224,0
39.9153,2,39904651485,10647230,0
39.9179,1,39907463697,10430024,0
39.923,0,39902128479,20838254,0
39.9255,2,39915298715,10191024,0
39.9306,1,39917893721,12687030,0
39.9357,0,39922966733,12687030,0
39.9382,2,39925489739,12687030,0
39.9486,1,39930580751,18046042,0
39.9539,2,39938176769,15693236,0
39.959,1,39948626793,10379224,0
39.964,2,39953870005,10144018,0
39.9716,1,39959006017,12631024,0
39.9742,0,39935653763,38524284,0
39.9767,2,39964014023,12687030,0
39.9843,1,39971637041,12705030,0
39.9893,0,39974178047,15163030,0
39.9919,2,39976701053,15163030,0
39.997,1,39984342071,12649024,0
40.0073,2,39991864083,15389236,0
40.0149,0,39989341077,25533254,0
40.0177,2,40007253319,10457018,0
40.0228,1,39996991095,25837254,0
40.0278,2,40017710337,10117018,0
40.0354,0,40014874331,20547036,0
40.0379,2,40027827355,10117018,0
40.0431,1,40022828349,20234036,0
40.0456,0,40035421367,10173024,0
40.0484,2,40037944373,10486024,0
40.0562,0,40045594391,10647224,0
40.0588,2,40048430397,10334224,0
40.0639,1,40043062385,20838248,0
40.0689,0,40056241615,12705030,0
40.0715,2,40058764621,12705030,0
40.0816,1,40063900633,17715042,0
40.0867,0,40068946645,17733042,0
40.0892,2,40071469651,17733042,0
40.0968,1,40081615675,15190030,0
40.1019,0,40086679687,15190030,0
40.1097,1,40096805705,12875230,0
40.1172,2,40089202693,28009254,0
40.1251,0,40101869717,23267242,0
40.1277,2,40117211947,10448018,0
40.1328,1,40109680935,23097042,0
40.1353,0,40125136959,10173024,0
40.1378,2,40127659965,10173024,0
40.1455,1,40132777977,12687030,0
40.1508,0,40135309983,15514036,0
40.1536,2,40137832989,15731242,0
40.1637,1,40145465007,18263248,0
40.1663,0,40150824019,15445242,0
40.1688,2,40153564231,15228036,0
40.179,1,40163728255,15246036,0
40.1815,0,40166269261,15228036,0
40.184,2,40168792267,15228036,0
40.1967,1,40178974291,17686036,0
40.2017,2,40184020303,17630030,0
40.212,0,40181497297,30523260,0
40.2171,1,40196660327,20467236,0
40.2197,0,40212020557,7630012,0
40.2225,2,40201650333,20836242,0
40.2301,1,40217127563,12991030,0
40.2326,0,40219650569,12991030,0
40.2352,2,40222486575,12678030,0
40.2403,1,40230118593,10191024,0
40.2428,0,40232641599,10191024,0
40.2504,1,40240309617,10117018,0
40.2533,0,40242832623,10430018,0
40.2611,1,40250426635,10647224,0
40.2661,2,40235164605,30899260,0
40.2712,1,40261073859,10135018,0
40.2737,0,40253262641,20469242,0
40.2763,2,40266063865,10191024,0
40.2839,1,40271208877,12687030,0
40.2864,0,40273731883,12687030,0
40.2889,2,40276254889,12687030,0
40.2966,0,40286418913,10135018,0
40.2991,2,40288941919,10135018,0
40.3044,0,40296553931,7820218,0
40.3069,2,40299076937,7820218,0
40.312,1,40283895907,28119260,0
40.3145,0,40304374149,10164024,0
40.3171,2,40306897155,10164024,0
40.3222,1,40312015167,10173024,0
40.325,0,40314538173,10486024,0
40.3275,2,40317061179,10486024,0
40.3402,0,40325024197,15145030,0
40.3427,2,40327547203,15145030,0
40.3503,0,40340169227,10144018,0
40.3584,1,40322188191,36249278,0
40.361,0,40350313245,10647230,0
40.3686,1,40358437469,10135018,0
40.3711,0,40360960475,10135018,0
40.3736,2,40342692233,30926266,0
40.3787,1,40368572487,10173024,0
40.3837,2,40373618499,10117018,0
40.3913,0,40371095493,20234036,0
40.3939,2,40383735517,10117018,0
40.399,1,40378745511,20234036,0
40.4015,0,40391329529,10173024,0
40.4165,0,40401502553,15033018,0
40.4191,2,40393852535,25206042,0
40.4244,1,40398979547,25450248,0
40.4273,0,40416535571,10730230,0
40.4298,2,40419058577,10730230,0
40.4374,1,40424429795,13018030,0
40.44,0,40427265801,12705030,0
40.4528,1,40437447825,15380236,0
40.4554,0,40439970831,15380236,0
40.4582,2,40429788807,28398266,0
40.4734,1,40452828061,20587048,0
40.4784,2,40458187073,20218042,0
40.4861,0,40455351067,30702060,0
40.4886,2,40478405115,10171018,0
40.4937,0,40486053127,7603012,0
40.4962,2,40488576133,7603012,0
40.4988,1,40473415109,25368042,0
40.5038,2,40496179145,7594012,0
40.5066,1,40498783151,7811218,0
40.5091,0,40493656139,15461236,0
40.5116,2,40503773157,7867224,0
40.5142,1,40506594369,7650018,0
40.5168,0,40509117375,7650018,0
40.5193,2,40511640381,7650018,0
40.5244,1,40514244387,10164024,0
40.5269,0,40516767393,10164024,0
40.5298,2,40519290399,10477024,0
40.5374,1,40524408411,13000030,0
40.5399,0,40526931417,13000030,0
40.5425,2,40529767423,12687030,0
40.5526,1,40537408441,15219036,0
40.5576,2,40542454453,15163030,0
40.5708,0,40539931447,30865266,0
40.5733,2,40557617483,15702236,0
40.581,1,40552627477,28360260,0
40.586,2,40573319719,12658024,0
40.5961,2,40585977743,10079012,0
40.5987,1,40580987737,17682024,0
40.6012,0,40570796713,30396054,0
40.6037,2,40596056755,7659018,0
40.609,0,40601192767,7811218,0
40.6141,1,40598669761,15414230,0
40.6166,0,40609003985,7603012,0
40.6191,2,40603715773,15414230,0
40.6268,1,40614083991,12678030,0
40.6293,0,40616606997,12678030,0
40.6321,2,40619130003,12991030,0
40.6373,1,40626762021,10504024,0
40.6398,0,40629285027,10504024,0
40.6423,2,40632121033,10191024,0
40.65,1,40637266045,12687030,0
40.6525,0,40639789051,12687030,0
40.6603,1,40649953075,10352224,0
40.6631,0,40652476081,10665224,0
40.6657,2,40642312057,23352254,0
40.6708,1,40660305299,10504024,0
40.6758,2,40665664311,10135018,0
40.6834,1,40670809323,12631024,0
40.686,0,40663141305,22822048,0
40.6885,2,40675799329,12687030,0
40.6936,1,40683440347,10191024,0
40.6962,0,40685963353,10191024,0
40.6987,2,40688486359,10191024,0
40.704,1,40693631371,10390230,0
40.7065,0,40696154377,10390230,0
40.7091,2,40698677383,10390230,0
40.7142,1,40704021601,10191024,0
40.7167,0,40706544607,10191024,0
40.7193,2,40709067613,10191024,0
40.7244,1,40714212625,10173024,0
40.7269,0,40716735631,10173024,0
40.7348,1,40724385649,10430018,0
40.7373,0,40726908655,10430018,0
40.7399,2,40719258637,20603042,0
40.7475,1,40734815667,12687030,0
40.75,0,40737338673,12687030,0
40.7579,1,40747502697,10352224,0
40.7604,0,40750025703,10352224,0
40.7629,2,40739861679,23039254,0
40.7684,1,40757854921,10504024,0
40.7709,0,40760377927,10504024,0
40.776,1,40768358945,7603012,0
40.7785,0,40770881951,7603012,0
40.781,2,40762900933,18107036,0
40.7937,1,40775961957,17706042,0
40.7962,0,40778484963,17706042,0
40.7987,2,40781007969,17706042,0
40.809,1,40793667999,15351230,0
40.8115,0,40796191005,15351230,0
40.8141,2,40798714011,15351230,0
40.8242,2,40814065241,10088012,0
40.8293,1,40809019229,20261036,0
40.8318,0,40811542235,20261036,0
40.8343,2,40824153253,10173024,0
40.8398,1,40829280265,10486024,0
40.8423,0,40831803271,10486024,0
40.8448,2,40834326277,10486024,0
40.8577,1,40839766289,17932248,0
40.8602,0,40842289295,17932248,0
40.8757,1,40857698537,18026036,0
40.8782,0,40860221543,18026036,0
40.8808,2,40844812301,35958284,0
40.891,1,40875724573,15246036,0
40.8935,0,40878247579,15246036,0
40.896,2,40880770585,15246036,0
40.9062,0,40893493615,12658024,0
40.9087,2,40896016621,12658024,0
40.919,1,40890970609,28038260,0
40.9215,0,40906151639,15380236,0
40.9292,1,40919008869,10144018,0
40.9317,0,40921531875,10144018,0
40.9342,2,40908674645,25524254,0
40.9396,1,40929152887,10430024,0
40.9421,0,40931675893,10430024,0
40.9446,2,40934198899,10430024,0
40.9523,1,40939582911,12687030,0
40.955,0,40942105917,12904236,0
40.9575,2,40944628923,12904236,0
40.973,1,40952269941,20777254,0
40.9756,0,40955010153,20560048,0
40.9781,2,40957533159,20560048,0
40.9908,1,40973047195,17769042,0
40.9933,0,40975570201,17769042,0
41.0113,1,40990816237,20435248,0
41.0138,0,40993339243,20435248,0
41.0163,2,40978093207,38204290,0
41.029,1,41011251485,17787042,0
41.0316,0,41013774491,17787042,0
41.0341,2,41016297497,17787042,0
41.0446,1,41029038527,15559036,0
41.0471,0,41031561533,15559036,0
41.0496,2,41034084539,15559036,0
41.06,1,41044597563,15389236,0
41.0625,0,41047120569,15389236,0
41.065,2,41049643575,15389236,0
41.0729,0,41062509805,10419018,0
41.0755,2,41065032811,10419018,0
41.0806,1,41059986799,20592042,0
41.0856,2,41075451829,10117018,0
41.0907,1,41080578841,10117018,0
41.0932,0,41072928823,20290042,0
41.0957,2,41085568847,10173024,0
41.1136,1,41090695859,22880236,0
41.1161,0,41093218865,22880236,0
41.1186,2,41095741871,22880236,0
41.1237,1,41113576095,10173024,0
41.1263,0,41116099101,10173024,0
41.1288,2,41118622107,10173024,0
41.1339,1,41123749119,10173024,0
41.1364,0,41126272125,10173024,0
41.139,2,41128795131,10173024,0
41.1469,1,41133922143,13000030,0
41.1494,0,41136445149,13000030,0
41.152,2,41138968155,13000030,0
41.1573,1,41146922173,10352224,0
41.1598,0,41149445179,10352224,0
41.1623,2,41151968185,10352224,0
41.17,1,41157274397,12687030,0
41.1725,0,41159797403,12687030,0
41.1753,2,41162320409,13000030,0
41.1854,0,41172484433,12962024,0
41.188,2,41175320439,12649024,0
41.1931,1,41169961427,23153048,0
41.1956,0,41185446457,10191024,0
41.1982,2,41187969463,10191024,0
41.2085,1,41193114475,15418242,0
41.2111,0,41195637481,15418242,0
41.2136,2,41198160487,15418242,0
41.2262,0,41211055723,15172030,0
41.2288,2,41213578729,15172030,0
41.2389,1,41208532717,30400066,0
41.2415,0,41226227753,15228036,0
41.2494,1,41238932783,10457024,0
41.2519,0,41241455789,10457024,0
41.2544,2,41228750759,25685060,0
41.2623,1,41249389807,12904236,0
41.2673,2,41254435819,12848230,0
41.2724,1,41262294043,10135018,0
41.275,0,41251912813,23039254,0
41.2778,2,41267284049,10504024,0
41.2854,1,41272429061,12944024,0
41.2879,0,41274952067,12944024,0
41.2904,2,41277788073,12631024,0
41.2956,1,41285373085,10191024,0
41.2981,0,41287896091,10191024,0
41.3059,0,41298087115,7764212,0
41.3084,2,41290419097,17955236,0
41.311,1,41295564109,15423230,0
41.3135,0,41305851327,7659018,0
41.316,2,41308374333,7659018,0
41.3212,1,41310987339,10164024,0
41.3237,0,41313510345,10164024,0
41.3262,2,41316033351,10164024,0
41.3313,1,41321151363,10173024,0
41.3338,0,41323674369,10173024,0
41.3364,2,41326197375,10173024,0
41.344,1,41331324387,12687030,0
41.3465,0,41333847393,12687030,0
41.3494,2,41336370399,13000030,0
41.3598,1,41344011417,15749242,0
41.3623,0,41346534423,15749242,0
41.3749,0,41362283665,12620018,0
41.3774,2,41349370429,28056260,0
41.3854,1,41359760659,25638048,0
41.3879,0,41374903683,13018030,0
41.3904,2,41377426689,13018030,0
41.3956,1,41385398707,10191024,0
41.3981,0,41387921713,10191024,0
41.4006,2,41390444719,10191024,0
41.411,1,41395589731,15418242,0
41.4135,0,41398112737,15418242,0
41.4161,2,41400635743,15418242,0
41.4262,1,41411007973,15190030,0
41.4338,1,41426198003,7574006,0
41.4363,0,41413530979,22764036,0
41.4388,2,41416053985,22764036,0
41.4465,1,41433772009,12678030,0
41.4518,2,41438818021,12935030,0
41.4571,1,41446450039,10665230,0
41.4596,0,41436295015,23343260,0
41.4622,2,41451753051,10408230,0
41.4673,1,41457115269,10191024,0
41.4698,0,41459638275,10191024,0
41.4724,2,41462161281,10191024,0
41.4775,1,41467306293,10173024,0
41.48,0,41469829299,10173024,0
41.4904,1,41477479317,12944024,0
41.4929,0,41480002323,12944024,0
41.4955,2,41472352305,23117048,0
41.5058,0,41492946347,12866230,0
41.5109,1,41490423341,20496242,0
41.5134,0,41505812577,7630012,0
41.516,2,41495469353,20496242,0
41.5236,1,41510919583,12678030,0
41.5261,0,41513442589,12678030,0
41.5286,2,41515965595,12678030,0
41.5338,1,41523597613,10191024,0
41.5388,2,41528643625,10135018,0
41.5414,1,41533788637,7603012,0
41.5439,0,41526120619,17794036,0
41.5464,2,41538778643,7659018,0
41.5516,1,41541391649,10164024,0
41.5544,0,41543914655,10477024,0
41.5597,1,41551555673,8133218,0
41.5622,0,41554391679,7820218,0
41.5647,2,41546437661,18297242,0
41.5673,1,41559688891,7650018,0
41.5699,0,41562211897,7650018,0
41.5724,2,41564734903,7650018,0
41.5775,1,41567338909,10164024,0
41.58,0,41569861915,10164024,0
41.5879,1,41577502933,10430024,0
41.5905,0,41580025939,10430024,0
41.593,2,41572384921,20594048,0
41.6006,1,41587932957,12687030,0
41.6031,0,41590455963,12687030,0
41.6059,2,41592978969,12904236,0
41.616,1,41600619987,15380236,0
41.6185,0,41603142993,15380236,0
41.621,2,41605883205,15163030,0
41.6261,1,41616000223,10144018,0
41.6287,0,41618523229,10144018,0
41.6312,2,41621046235,10144018,0
41.6363,1,41626144241,10173024,0
41.6388,0,41628667247,10173024,0
41.6414,2,41631190253,10173024,0
41.649,1,41636317265,12687030,0
41.6515,0,41638840271,12687030,0
41.6541,2,41641363277,12687030,0
41.6597,1,41649004295,10721230,0
41.6622,0,41651527301,10721230,0
41.6673,1,41659725525,7621012,0
41.6699,0,41662248531,7621012,0
41.6724,2,41654050307,18342242,0
41.68,1,41667346537,12678030,0
41.6825,0,41669869543,12678030,0
41.6851,2,41672392549,12678030,0
41.6956,1,41680024567,15532036,0
41.6981,0,41682547573,15532036,0
41.7006,2,41685070579,15532036,0
41.7109,1,41695556603,15389236,0
41.7135,0,41698079609,15389236,0
41.7261,0,41713468845,12620018,0
41.7286,2,41700602615,28009254,0
41.7312,1,41710945839,20297036,0
41.7338,0,41726088863,7677018,0
41.7363,2,41728611869,7677018,0
41.7389,1,41731242875,7650018,0
41.7414,0,41733765881,7650018,0
41.7542,1,41738892893,15353236,0
41.7571,0,41741415899,15666236,0
41.7596,2,41736288887,23316254,0
41.7698,1,41754246129,15559036,0
41.7723,0,41757082135,15246036,0
41.7749,2,41759605141,15246036,0
41.785,0,41772328171,12658024,0
41.7875,2,41774851177,12658024,0
41.7955,1,41769805165,25676054,0
41.798,0,41784986195,13018030,0
41.8083,1,41795481219,12866230,0
41.8109,0,41798004225,12866230,0
41.8134,2,41787509201,25884260,0
41.826,1,41808347449,17677036,0
41.8285,0,41810870455,17677036,0
41.8311,2,41813393461,17677036,0
41.8387,0,41828547491,10162018,0
41.8412,2,41831070497,10162018,0
41.8438,1,41826024485,17821036,0
41.8464,0,41838709509,7659018,0
41.8489,2,41841232515,7659018,0
41.8542,1,41843845521,10381230,0
41.8567,0,41846368527,10381230,0
41.8596,2,41848891533,10694230,0
41.8672,1,41854226751,13018030,0
41.8722,2,41859585763,12649024,0
41.8824,1,41867244781,15163030,0
41.8849,0,41856749757,28181060,0
41.8875,2,41872234787,15219036,0
41.8929,1,41882407811,10513024,0
41.8954,0,41884930817,10513024,0
41.9033,1,41892920835,10334224,0
41.9082,2,41887453823,20791242,0
41.9109,1,41903255059,7621012,0
41.9134,0,41895443841,17955236,0
41.9159,2,41908245065,7677018,0
41.9185,1,41910876071,7650018,0
41.921,0,41913399077,7650018,0
41.9261,1,41918526089,7594012,0
41.9286,0,41921049095,7594012,0
41.9312,2,41915922083,15244030,0
41.9388,1,41926120101,12678030,0
41.9413,0,41928643107,12678030,0
41.9438,2,41931166113,12678030,0
41.9515,1,41938798131,12705030,0
41.954,0,41941321137,12705030,0
41.9568,2,41943844143,12922236,0
41.9698,1,41951503161,18263248,0
41.9748,2,41956766379,17990036,0
41.9874,0,41954026167,33397272,0
41.9899,2,41974756415,15190030,0
41.9979,0,41987423439,10457018,0
42.0004,2,41989946445,10457018,0
42.0082,1,41969766409,38439272,0
42.0107,0,41997880457,12848230,0
42.0133,2,42000403463,12848230,0
42.0234,1,42008205681,15228036,0
42.0284,2,42013251693,15172030,0
42.0336,1,42023433717,10144018,0
42.0361,0,42010728687,25372054,0
42.0386,2,42028423723,10200024,0
42.0462,0,42036100741,10117018,0
42.0487,2,42038623747,10117018,0
42.0541,1,42033577735,20507248,0
42.0566,0,42046217759,10390230,0
42.0591,2,42048740765,10390230,0
42.0671,1,42054084983,13018030,0
42.0721,2,42059130995,12962024,0
42.0873,1,42067103013,20191042,0
42.0898,0,42056607989,33209072,0
42.0923,2,42072093019,20247048,0
42.1106,1,42087294055,23327260,0
42.1131,0,42089817061,23327260,0
42.1157,2,42092340067,23327260,0
42.1259,1,42110621315,15273036,0
42.1284,0,42113144321,15273036,0
42.1309,2,42115667327,15273036,0
42.1436,1,42125894351,17742042,0
42.1462,0,42128417357,17742042,0
42.1487,2,42130940363,17742042,0
42.1591,1,42143636393,15463242,0
42.1616,0,42146159399,15463242,0
42.1641,2,42148682405,15463242,0
42.1797,1,42159099635,20569048,0
42.1822,0,42161622641,20569048,0
42.1847,2,42164145647,20569048,0
42.1924,1,42179668683,12741030,0
42.1949,0,42182191689,12741030,0
42.2056,1,42192409713,13179236,0
42.2081,0,42194932719,13179236,0
42.2106,2,42184714695,25920266,0
42.2208,1,42205588949,15228036,0
42.2258,2,42210634961,15172030,0
42.2385,0,42208111955,30344060,0
42.241,2,42225806991,15172030,0
42.2486,1,42220816985,27830054,0
42.2512,0,42238456015,12714030,0
42.2537,2,42240979021,12714030,0
42.259,1,42248647039,10352224,0
42.2615,0,42251170045,10352224,0
42.264,2,42253693051,10352224,0
42.2695,1,42258999263,10504024,0
42.272,0,42261522269,10504024,0
42.2796,1,42269503287,10117018,0
42.2821,0,42272026293,10117018,0
42.2847,2,42264045275,20621042,0
42.2948,1,42279620305,15145030,0
42.2973,0,42282143311,15145030,0
42.2998,2,42284666317,15145030,0
42.308,0,42297288341,10674224,0
42.3105,2,42299811347,10674224,0
42.3156,1,42294765335,20865248,0
42.3182,0,42307962565,10191024,0
42.3207,2,42310485571,10191024,0
42.3258,1,42315630583,10173024,0
42.3283,0,42318153589,10173024,0
42.3308,2,42320676595,10173024,0
42.3384,0,42328326613,10061012,0
42.3409,2,42330849619,10061012,0
42.3435,1,42325803607,17720030,0
42.346,0,42338387625,7659018,0
42.3486,2,42340910631,7659018,0
42.3512,1,42343523637,7650018,0
42.3537,0,42346046643,7650018,0
42.3564,2,42348569649,7867224,0
42.3615,0,42353696661,7811218,0
42.364,2,42356436873,7594012,0
42.3666,1,42351173655,15461236,0
42.3692,0,42361507879,7650018,0
42.372,2,42364030885,7963018,0
42.3746,1,42366634891,7963018,0
42.3771,0,42369157897,7963018,0
42.3796,2,42371993903,7650018,0
42.3822,1,42374597909,7650018,0
42.3848,0,42377120915,7650018,0
42.3898,1,42382247927,7594012,0
42.3924,0,42384770933,7594012,0
42.3949,2,42379643921,15244030,0
42.3975,1,42389841939,7650018,0
42.4,0,42392364945,7650018,0
42.4031,2,42394887951,8180224,0
42.4057,1,42397491957,8180224,0
42.4082,0,42400014963,8180224,0
42.4107,2,42403068175,7650018,0
42.4158,1,42405672181,10164024,0
42.4184,0,42408195187,10164024,0
42.4209,2,42410718193,10164024,0
42.4285,0,42418359211,10117018,0
42.431,2,42420882217,10117018,0
42.4361,1,42415836205,20290042,0
42.4386,0,42428476229,10173024,0
42.4412,2,42430999235,10173024,0
42.4488,1,42436126247,12687030,0
42.4513,0,42438649253,12687030,0
42.4539,2,42441172259,12687030,0
42.4592,1,42448813277,10408230,0
42.4617,0,42451336283,10408230,0
42.4643,2,42453859289,10408230,0
42.4694,1,42459221507,10173024,0
42.4719,0,42461744513,10173024,0
42.4748,2,42464267519,10486024,0
42.4849,1,42469394531,15514036,0
42.4899,2,42474753543,15145030,0
42.495,1,42484908567,10088012,0
42.4975,0,42471917537,25602048,0
42.5,2,42489898573,10144018,0
42.5029,1,42494996579,7876224,0
42.5082,2,42500042591,8133218,0
42.5108,1,42502872803,7916012,0
42.5158,2,42508175809,7603012,0
42.5184,1,42510788815,7594012,0
42.5209,0,42497519585,23386248,0
42.5234,2,42515778821,7650018,0
42.526,1,42518382827,7650018,0
42.5286,0,42520905833,7650018,0
42.5311,2,42523428839,7650018,0
42.5337,1,42526032845,7650018,0
42.5362,0,42528555851,7650018,0
42.5387,2,42531078857,7650018,0
42.5413,1,42533682863,7650018,0
42.5439,0,42536205869,7650018,0
42.5464,2,42538728875,7650018,0
42.5567,1,42541332881,15409242,0
42.5593,0,42543855887,15409242,0
42.5618,2,42546378893,15409242,0
42.5694,1,42556742123,12658024,0
42.5719,0,42559265129,12658024,0
42.5744,2,42561788135,12658024,0
42.5774,1,42569400147,7990018,0
42.5799,0,42571923153,7990018,0
42.5824,2,42574446159,7990018,0
42.5901,1,42577390165,12678030,0
42.5926,0,42579913171,12678030,0
42.5951,2,42582436177,12678030,0
42.603,1,42590068195,12922236,0
42.6055,0,42592591201,12922236,0
42.6083,2,42595114207,13235236,0
42.6185,1,42602990431,15532036,0
42.621,0,42605513437,15532036,0
42.6236,2,42608349443,15219036,0
42.6363,1,42618522467,17742042,0
42.6413,2,42623568479,17686036,0
42.6567,0,42621045473,35607278,0
42.6592,2,42641254515,17921242,0
42.6694,1,42636264509,33120272,0
42.6719,0,42656652751,15255036,0
42.6798,1,42669384781,10457018,0
42.6824,0,42671907787,10457018,0
42.6849,2,42659175757,25712054,0
42.6925,1,42679841799,12687030,0
42.6951,0,42682364805,12687030,0
42.7132,2,42684887811,28270260,0
42.7158,1,42692528829,23269248,0
42.7183,0,42695051835,23269248,0
42.7208,2,42713158071,7686018,0
42.726,1,42715798077,10164024,0
42.731,2,42720844089,10108018,0
42.7386,1,42725962101,12631024,0
42.7411,0,42718321083,22795048,0
42.7436,2,42730952107,12687030,0
42.7513,1,42738593125,12705030,0
42.7538,0,42741116131,12705030,0
42.7617,1,42751298155,10352224,0
42.7642,0,42753821161,10352224,0
42.7667,2,42743639137,23057254,0
42.7718,1,42761650379,10191024,0
42.7744,0,42764173385,10191024,0
42.7873,1,42771841403,15458030,0
42.7898,0,42774364409,15458030,0
42.7974,1,42787299433,10144018,0
42.8,0,42789822439,10144018,0
42.8025,2,42766696391,35793072,0
42.8103,1,42797443451,12904236,0
42.8132,0,42799966457,13217236,0
42.8157,2,42802489463,13217236,0
42.8259,1,42810347687,15541036,0
42.8284,0,42813183693,15228036,0
42.8309,2,42815706699,15228036,0
42.836,1,42825888723,10144018,0
42.8386,0,42828411729,10144018,0
42.8411,2,42830934735,10144018,0
42.8437,1,42836032741,7659018,0
42.8462,0,42838555747,7659018,0
42.8487,2,42841078753,7659018,0
42.8566,1,42843691759,12895236,0
42.8591,0,42846214765,12895236,0
42.8616,2,42848737771,12895236,0
42.8743,0,42859110001,15163030,0
42.8768,2,42861633007,15163030,0
42.882,1,42856586995,25363054,0
42.8848,0,42874273031,10513024,0
42.8873,2,42876796037,10513024,0
42.895,1,42881950049,13000030,0
42.8975,0,42884786055,12687030,0
42.9053,1,42894950079,10352224,0
42.9078,0,42897473085,10352224,0
42.9103,2,42887309061,23039254,0
42.9157,1,42905302303,10430024,0
42.9183,0,42907825309,10430024,0
42.9208,2,42910348315,10430024,0
42.9259,1,42915732327,10173024,0
42.9284,0,42918255333,10173024,0
42.9385,1,42925905351,12631024,0
42.9411,0,42928428357,12631024,0
42.9436,2,42920778339,22804048,0
42.9487,1,42938536375,10191024,0
42.9513,0,42941059381,10191024,0
42.9538,2,42943582387,10191024,0
42.9591,1,42948727399,10390230,0
42.9616,0,42951250405,10390230,0
42.9642,2,42953773411,10390230,0
42.9768,1,42959117629,17677036,0
42.9793,0,42961640635,17677036,0
42.9818,2,42964163641,17677036,0
42.9948,0,42979317671,15503030,0
42.9973,2,42981840677,15503030,0
43.0077,1,42976794665,30948272,0
43.0127,2,42997343707,15389236,0
43.0207,0,42994820701,25846254,0
43.0232,2,43012732943,10457018,0
43.0308,1,43007742937,23088042,0
43.0358,2,43023189961,12631024,0
43.041,1,43030830979,10135018,0
43.046,2,43035820985,10135018,0
43.0486,1,43040965997,7603012,0
43.0511,0,43020666955,30425060,0
43.0536,2,43045956003,7659018,0
43.0564,1,43048569009,7867224,0
43.0614,2,43053615021,7811218,0
43.0666,1,43056436233,10117018,0
43.0715,2,43061426239,10117018,0
43.0742,1,43066553251,7603012,0
43.0767,0,43051092015,25587254,0
43.0792,2,43071543257,7659018,0
43.0868,1,43074156263,12678030,0
43.0897,0,43076679269,12991030,0
43.0922,2,43079202275,12991030,0
43.1023,1,43086834293,15476030,0
43.1048,0,43089670299,15163030,0
43.1177,1,43102310323,15389236,0
43.1205,0,43104833329,15702236,0
43.1231,2,43092193305,30865266,0
43.1358,1,43117699559,18073042,0
43.1408,2,43123058571,17704036,0
43.1484,0,43120535565,27866054,0
43.1509,2,43140762607,10162018,0
43.1587,0,43148401619,10334224,0
43.1613,2,43150924625,10334224,0
43.1664,1,43135772601,30631260,0
43.1714,2,43161258849,10135018,0
43.179,1,43166403861,12575018,0
43.1815,0,43158735843,22766042,0
43.184,2,43171393867,12631024,0
43.1867,1,43178978879,7677018,0
43.1892,0,43181501885,7677018,0
43.192,2,43184024891,7990018,0
43.1971,1,43186655897,10477024,0
43.1997,0,43189178903,10477024,0
43.2022,2,43192014909,10164024,0
43.2075,1,43197132921,10390230,0
43.21,0,43199655927,10390230,0
43.2126,2,43202178933,10390230,0
43.2177,1,43207523151,10191024,0
43.2202,0,43210046157,10191024,0
43.2231,2,43212569163,10504024,0
43.2307,1,43217714175,13000030,0
43.2332,0,43220237181,13000030,0
43.2358,2,43223073187,12687030,0
43.2409,1,43230714205,10191024,0
43.2434,0,43233237211,10191024,0
43.246,2,43235760217,10191024,0
43.2538,1,43240905229,12904236,0
43.2563,0,43243428235,12904236,0
43.2589,2,43245951241,12904236,0
43.2715,0,43256332471,15163030,0
43.274,2,43258855477,15163030,0
43.2767,1,43253809465,22849048,0
43.2792,0,43271495501,7686018,0
43.2817,2,43274018507,7686018,0
43.2893,1,43276658513,12678030,0
43.2946,2,43281704525,12935030,0
43.3023,1,43289336543,12962030,0
43.305,0,43279181519,25857266,0
43.3076,2,43294639555,12922236,0
43.3177,1,43302298573,15436242,0
43.3203,0,43305038785,15219036,0
43.3282,1,43317734815,10457024,0
43.3307,0,43320257821,10457024,0
43.3332,2,43307561791,25676060,0
43.3409,1,43328191839,12687030,0
43.3434,0,43330714845,12687030,0
43.3459,2,43333237851,12687030,0
43.3588,1,43340878869,17950248,0
43.3614,0,43343401875,17950248,0
43.3639,2,43345924881,17950248,0
43.3791,1,43358829117,20274048,0
43.3816,0,43361352123,20274048,0
43.3841,2,43363875129,20274048,0
43.3971,1,43379103165,18026042,0
43.3997,0,43381626171,18026042,0
43.4022,2,43384149177,18026042,0
43.4076,1,43397129207,10435230,0
43.4126,2,43402175219,10379224,0
43.4177,1,43407564437,10117018,0
43.4202,0,43399652213,20552248,0
43.4227,2,43412554443,10173024,0
43.4307,1,43417681455,13000030,0
43.4332,0,43420204461,13000030,0
43.4357,2,43422727467,13000030,0
43.4509,1,43430681485,20247048,0
43.4537,0,43433204491,20464254,0
43.4562,2,43435727497,20464254,0
43.4639,1,43450928533,12958236,0
43.4664,0,43453668745,12741030,0
43.4765,1,43463886769,12649024,0
43.4791,0,43466409775,12649024,0
43.4816,2,43456191751,25390054,0
43.4917,0,43479058799,12649024,0
43.4942,2,43481581805,12649024,0
43.4997,1,43476535793,23153048,0
43.5022,0,43491707823,10504024,0
43.5047,2,43494230829,10504024,0
43.5151,0,43502211847,12848230,0
43.5176,2,43504734853,12848230,0
43.5278,1,43499688841,28067266,0
43.5306,0,43515060077,15532036,0
43.5331,2,43517583083,15532036,0
43.5408,1,43527756107,13027030,0
43.5458,2,43533115119,12658024,0
43.5534,1,43540783137,12649024,0
43.5584,2,43545773143,12649024,0
43.5637,1,43553432161,10296218,0
43.5663,0,43530592113,35659272,0
43.5688,2,43558422167,10352224,0
43.5739,1,43563728379,10191024,0
43.5789,2,43568774391,10135018,0
43.589,0,43566251385,22766042,0
43.5915,2,43578909409,12631024,0
43.5967,1,43573919403,22766042,0
43.5992,0,43589017427,10191024,0
43.602,2,43591540433,10504024,0
43.6074,1,43596685445,10703230,0
43.6099,0,43599208451,10703230,0
43.615,1,43607388675,7621012,0
43.6175,0,43609911681,7621012,0
43.6201,2,43602044457,18011242,0
43.6276,0,43617532693,10108018,0
43.6302,2,43620055699,10108018,0
43.6356,1,43615009687,20594042,0
43.6381,0,43627640711,10486024,0
43.6406,2,43630163717,10486024,0
43.6458,1,43635603729,10173024,0
43.6483,0,43638126735,10173024,0
43.6561,1,43645776753,10334224,0
43.6586,0,43648299759,10334224,0
43.6612,2,43640649741,20507248,0
43.6688,1,43656110977,12705030,0
43.6713,0,43658633983,12705030,0
43.6739,2,43661156989,12705030,0
43.679,1,43668816007,10191024,0
43.6815,0,43671339013,10191024,0
43.6841,2,43673862019,10191024,0
43.6917,1,43679007031,12687030,0
43.6967,2,43684053043,12631024,0
43.7049,1,43691694061,13179230,0
43.7074,0,43681530037,25866260,0
43.7099,2,43696684067,13235236,0
43.7226,1,43704873291,17733042,0
43.7276,2,43709919303,17677036,0
43.7431,1,43722606333,20531042,0
43.7457,0,43707396297,38264084,0
43.7482,2,43727596339,20587048,0
43.7611,0,43745660381,15416236,0
43.7636,2,43748183387,15416236,0
43.7738,1,43743137375,30662272,0
43.7763,0,43761076617,15246036,0
43.7788,2,43763599623,15246036,0
43.789,1,43773799647,15228036,0
43.7916,0,43776322653,15228036,0
43.8123,1,43789027683,23244254,0
43.8148,0,43791550689,23244254,0
43.8325,0,43814794943,17675030,0
43.835,2,43778845659,56147320,0
43.843,1,43812271937,30720060,0
43.8455,0,43832469973,13045030,0
43.848,2,43834992979,13045030,0
43.8584,1,43842991997,15436242,0
43.861,0,43845515003,15436242,0
43.8635,2,43848038009,15436242,0
43.8711,1,43858428239,12676024,0
43.8736,0,43860951245,12676024,0
43.8762,2,43863474251,12676024,0
43.8838,1,43871104263,12705030,0
43.8863,0,43873627269,12705030,0
43.8889,2,43876150275,12705030,0
43.899,0,43886332299,12649024,0
43.9015,2,43888855305,12649024,0
43.9122,0,43898981323,13179230,0
43.9223,1,43883809293,38486278,0
43.9248,0,43912160553,12658024,0
43.9273,2,43901504329,25837254,0
43.935,1,43922295571,12705030,0
43.9375,0,43924818577,12705030,0
43.9404,2,43927341583,13018030,0
43.948,1,43935000601,13018030,0
43.9558,1,43948018631,7782212,0
43.9583,0,43937523607,20800242,0
43.9608,2,43940359613,20487242,0
43.966,1,43955800843,10164024,0
43.9685,0,43958323849,10164024,0
43.9786,1,43965964867,12631024,0
43.9836,2,43960846855,22739042,0
43.9887,1,43978595891,10135018,0
43.9913,0,43968487873,22766042,0
43.9938,2,43983585897,10191024,0
43.9989,1,43988730909,10173024,0
44.0014,0,43991253915,10173024,0
44.012,1,43998903933,13105230,0
44.017,2,43993776921,23222248,0
44.0272,1,44012009163,15172030,0
44.0297,0,44001426939,28277260,0
44.0322,2,44016999169,15228036,0
44.0427,1,44027181193,15541036,0
44.0477,2,44032227205,15485030,0
44.0555,1,44042722229,12819224,0
44.0581,0,44029704199,28360260,0
44.0606,2,44047712235,12875230,0
44.0682,0,44058064459,10135018,0
44.0707,2,44060587465,10135018,0
44.0733,1,44055541453,17794036,0
44.0759,0,44068199477,7659018,0
44.0784,2,44070722483,7659018,0
44.0834,1,44073335489,10108018,0
44.086,0,44075858495,10108018,0
44.0885,2,44078381501,10108018,0
44.0911,1,44083443507,7659018,0
44.0936,0,44085966513,7659018,0
44.0961,2,44088489519,7659018,0
44.0988,1,44091102525,7650018,0
44.1013,0,44093625531,7650018,0
44.104,2,44096148537,7867224,0
44.1066,1,44098752543,7867224,0
44.1091,0,44101275549,7867224,0
44.1117,2,44104015761,7650018,0
44.1146,1,44106619767,7963018,0
44.1196,2,44111665779,7907012,0
44.1247,1,44114582785,10108018,0
44.1272,0,44109142773,18071036,0
44.1297,2,44119572791,10164024,0
44.1374,1,44124690803,12687030,0
44.1399,0,44127213809,12687030,0
44.1453,1,44137377833,7934018,0
44.1478,0,44139900839,7934018,0
44.1504,2,44129736815,20621048,0
44.1557,1,44145311851,10381230,0
44.1582,0,44147834857,10381230,0
44.1607,2,44150357863,10381230,0
44.1684,1,44155693081,12705030,0
44.1709,0,44158216087,12705030,0
44.1734,2,44160739093,12705030,0
44.1836,1,44168398111,15219036,0
44.1861,0,44170921117,15219036,0
44.1887,2,44173444123,15219036,0
44.1988,0,44186140153,12658024,0
44.2013,2,44188663159,12658024,0
44.2117,1,44183617147,28094266,0
44.2145,0,44198798177,15749242,0
44.2171,2,44201321183,15749242,0
44.2298,1,44211711413,18073042,0
44.2323,0,44214547419,17760042,0
44.2348,2,44217070425,17760042,0
44.2478,0,44232307461,15447030,0
44.2581,1,44229784455,28322260,0
44.2606,0,44247754491,12875230,0
44.2632,2,44234830467,28322260,0
44.2733,1,44258106715,15219036,0
44.2758,0,44260629721,15219036,0
44.2784,2,44263152727,15219036,0
44.2835,1,44273325751,10200024,0
44.2885,2,44278371763,10144018,0
44.2936,1,44283525775,10117018,0
44.2986,2,44288515781,10117018,0
44.3062,1,44293642793,12575018,0
44.3087,0,44275848757,32892060,0
44.3115,2,44298632799,12848230,0
44.3195,1,44306217811,13235236,0
44.322,0,44308740817,13235236,0
44.3245,2,44311481029,13018030,0
44.3372,1,44319453047,17733042,0
44.3397,0,44321976053,17733042,0
44.3422,2,44324499059,17733042,0
44.3555,1,44337186089,18290248,0
44.3605,2,44342232101,18234242,0
44.3707,1,44355476337,15190030,0
44.3732,0,44339709095,33480278,0
44.3757,2,44360466343,15246036,0
44.3859,1,44370666367,15228036,0
44.3884,0,44373189373,15228036,0
44.3909,2,44375712379,15228036,0
44.4011,1,44385894403,15228036,0
44.4039,0,44388417409,15445242,0
44.4064,2,44390940415,15445242,0
44.414,1,44401122439,12875230,0
44.4193,2,44406385657,12915024,0
44.4244,1,44413997669,10448024,0
44.427,0,44403862651,23106048,0
44.4295,2,44419300681,10191024,0
44.4371,1,44424445693,12687030,0
44.4397,0,44426968699,12687030,0
44.4422,2,44429491705,12687030,0
44.4527,1,44437132723,15532036,0
44.4554,0,44439655729,15749242,0
44.4579,2,44442178735,15749242,0
44.4681,1,44452664759,15445242,0
44.4706,0,44455404971,15228036,0
44.4732,2,44457927977,15228036,0
44.4833,1,44468110001,15228036,0
44.4883,2,44473156013,15172030,0
44.496,1,44483338037,12658024,0
44.4985,0,44470633007,27886060,0
44.5138,1,44495996061,17838236,0
44.5188,2,44488328043,30496260,0
44.5243,1,44513834297,10475018,0
44.5268,0,44498519067,28313254,0
44.5294,2,44518824303,10531024,0
44.5369,0,44526832321,10117018,0
44.5395,2,44529355327,10117018,0
44.5446,1,44524309315,20290042,0
44.5471,0,44536949339,10173024,0
44.5496,2,44539472345,10173024,0
44.5553,1,44544599357,10703230,0
44.5578,0,44547122363,10703230,0
44.5654,1,44555302587,10135018,0
44.568,0,44557825593,10135018,0
44.5705,2,44549645369,20838248,0
44.5756,1,44565437605,10173024,0
44.5781,0,44567960611,10173024,0
44.5807,2,44570483617,10173024,0
44.5858,1,44575610629,10173024,0
44.5883,0,44578133635,10173024,0
44.5908,2,44580656641,10173024,0
44.5985,1,44585783653,12687030,0
44.601,0,44588306659,12687030,0
44.6088,1,44598470683,10352224,0
44.6138,2,44590829665,22983248,0
44.6268,1,44608822907,17990036,0
44.6293,0,44600993689,28342260,0
44.6319,2,44613812913,18046042,0
44.6395,1,44626812943,12732030,0
44.6445,2,44631858955,12676024,0
44.6521,1,44639544973,12593018,0
44.6547,0,44629335949,25325048,0
44.6628,1,44652137991,10665224,0
44.6653,0,44654660997,10665224,0
44.6678,2,44644534979,23314248,0
44.6855,0,44665326221,20191042,0
44.688,2,44667849227,20191042,0
44.6982,1,44662803215,35446078,0
44.7008,0,44685517263,15255036,0
44.7033,2,44688040269,15255036,0
44.7111,1,44698249293,12875230,0
44.7136,0,44700772299,12875230,0
44.7162,2,44703295305,12875230,0
44.7213,1,44711124523,10191024,0
44.7238,0,44713647529,10191024,0
44.7267,2,44716170535,10504024,0
44.7343,1,44721315547,12944024,0
44.7368,0,44723838553,12944024,0
44.7393,2,44726674559,12631024,0
44.7445,1,44734259571,10191024,0
44.747,0,44736782577,10191024,0
44.7495,2,44739305583,10191024,0
44.7548,1,44744450595,10390230,0
44.7574,0,44746973601,10390230,0
44.7628,1,44754840825,7934012,0
44.7653,0,44757363831,7934012,0
44.7678,2,44749496607,18324242,0
44.7755,1,44762774837,12678030,0
44.7804,2,44767820849,12622024,0
44.7906,1,44775452867,15163030,0
44.7931,0,44765297843,27841060,0
44.7957,2,44780442873,15219036,0
44.8008,1,44790615897,10144018,0
44.8035,0,44793138903,10361224,0
44.806,2,44795661909,10361224,0
44.8137,1,44800759915,12904236,0
44.8187,2,44806023133,12631024,0
44.8291,1,44813664151,15476030,0
44.8317,0,44803500127,28163060,0
44.8342,2,44818654157,15532036,0
44.8393,1,44829140181,10200024,0
44.8469,1,44839340205,7547006,0
44.8494,0,44831663187,17747030,0
44.8519,2,44834186193,17747030,0
44.8597,0,44849410217,10325224,0
44.8626,2,44851933223,10638224,0
44.8652,1,44846887211,18297242,0
44.8677,0,44859735441,7972018,0
44.8702,2,44862571447,7659018,0
44.8753,1,44865184453,10164024,0
44.8779,0,44867707459,10164024,0
44.8804,2,44870230465,10164024,0
44.8905,1,44875348477,15201036,0
44.8931,0,44877871483,15201036,0
44.8956,2,44880394489,15201036,0
44.9034,1,44890549513,12875230,0
44.9084,2,44895595525,12819224,0
44.9136,1,44903424743,10135018,0
44.9161,0,44893072519,23010248,0
44.9186,2,44908414749,10191024,0
44.9262,1,44913559761,12687030,0
44.9288,0,44916082767,12687030,0
44.9316,2,44918605773,13000030,0
44.9393,1,44926246791,13018030,0
44.9418,0,44928769797,13018030,0
44.9519,1,44939264821,12649024,0
44.9569,2,44931605803,25298048,0
44.965,1,44951913845,13123224,0
44.9676,0,44941787827,25772248,0
44.9701,2,44956903851,13179230,0
44.9752,1,44965037069,10200024,0
44.9778,0,44967560075,10200024,0
44.9828,1,44975237093,7603012,0
44.9854,0,44977760099,7603012,0
44.9879,2,44970083081,17803036,0
44.9955,1,44982840105,12622024,0
44.998,0,44985363111,12622024,0
45.0033,1,44995462129,7838218,0
45.0058,0,44997985135,7838218,0
45.0083,2,44987886117,20460242,0
45.011,1,45003300347,7659018,0
45.0135,0,45005823353,7659018,0
45.016,2,45008346359,7659018,0
45.0186,1,45010959365,7650018,0
45.0287,1,45018609383,10052012,0
45.0312,0,45013482371,17702030,0
45.034,2,45016005377,18015030,0
45.0467,1,45028661395,18028042,0
45.0492,0,45031184401,18028042,0
45.0646,0,45049212443,15351230,0
45.0674,2,45034020407,33379272,0
45.0826,0,45064563673,17999036,0
45.0851,2,45067399679,17686036,0
45.0928,1,45046689437,46082296,0
45.0953,0,45082562709,12732030,0
45.0978,2,45085085715,12732030,0
45.1057,1,45092771733,12922236,0
45.1082,0,45095294739,12922236,0
45.1107,2,45097817745,12922236,0
45.1184,1,45105693969,12705030,0
45.1209,0,45108216975,12705030,0
45.1285,1,45118398999,10079012,0
45.131,0,45120922005,10079012,0
45.1335,2,45110739981,22784042,0
45.139,1,45128478011,10486024,0
45.1415,0,45131001017,10486024,0
45.144,2,45133524023,10486024,0
45.1517,1,45138964035,12687030,0
45.1569,2,45144010047,12848230,0
45.162,1,45151651065,10352224,0
45.167,2,45156858277,10135018,0
45.1749,1,45162003289,12944024,0
45.1775,0,45141487041,35983278,0
45.18,2,45166993295,13000030,0
45.1927,1,45174947313,17733042,0
45.1952,0,45177470319,17733042,0
45.1977,2,45179993325,17733042,0
45.2132,1,45192680355,20491254,0
45.2157,0,45195203361,20491254,0
45.2182,2,45197726367,20491254,0
45.2234,1,45213171609,10189018,0
45.2259,0,45215694615,10189018,0
45.2284,2,45218217621,10189018,0
45.231,1,45223360627,7659018,0
45.2335,0,45225883633,7659018,0
45.2361,2,45228406639,7659018,0
45.2516,1,45231019645,20533048,0
45.2644,1,45251552693,12846224,0
45.2694,2,45236065657,33323266,0
45.2748,1,45264398917,10448018,0
45.2798,2,45269388923,10448018,0
45.2824,0,45233542651,48826296,0
45.2875,1,45274846935,12631024,0
45.2925,2,45279836941,12687030,0
45.2951,0,45282368947,12687030,0
45.3002,1,45287477959,12705030,0
45.3029,2,45292523971,10408230,0
45.313,1,45300182989,12866230,0
45.3206,0,45295055977,25524254,0
45.3257,1,45313049219,12658024,0
45.3282,2,45302932201,25298048,0
45.3308,0,45320580231,10191024,0
45.3359,1,45325707243,10191024,0
45.3384,2,45328230249,10191024,0
45.3413,0,45330771255,10486024,0
45.3464,1,45335898267,10486024,0
45.3489,2,45338421273,10486024,0
45.3514,0,45341257279,10173024,0
45.3568,1,45346384291,10390230,0
45.3593,2,45348907297,10390230,0
45.3618,0,45351430303,10390230,0
45.367,1,45356774521,10191024,0
45.3695,2,45359297527,10191024,0
45.3723,0,45361820533,10504024,0
45.3775,1,45366965545,10486024,0
45.38,2,45369488551,10486024,0
45.3825,0,45372324557,10173024,0
45.3876,1,45377451569,10173024,0
45.3901,2,45379974575,10173024,0
45.3927,0,45382497581,10173024,0
45.4003,1,45387624593,12687030,0
45.4028,2,45390147599,12687030,0
45.4056,0,45392670605,12904236,0
45.4157,1,45400311623,15436242,0
45.4183,2,45402834629,15436242,0
45.4208,0,45405574841,15219036,0
45.4335,1,45415747865,17742042,0
45.436,2,45418270871,17742042,0
45.4385,0,45420793877,17742042,0
45.454,2,45436012913,18017036,0
45.4643,1,45433489907,30854260,0
45.4669,2,45454029949,12837224,0
45.4694,0,45438535919,30854260,0
45.4774,1,45464344167,13027030,0
45.4799,2,45466867173,13027030,0
45.4824,0,45469390179,13027030,0
45.4976,1,45477371197,20247048,0
45.5001,2,45479894203,20247048,0
45.513,1,45497618245,15416236,0
45.5156,2,45500141251,15416236,0
45.5181,0,45482417209,35663284,0
45.5333,2,45515557487,17704036,0
45.5358,0,45518080493,17704036,0
45.5435,1,45513034481,30436066,0
45.5463,2,45533261523,13045030,0
45.5488,0,45535784529,13045030,0
45.5642,1,45543470547,20721248,0
45.5667,2,45546306553,20408248,0
45.5692,0,45548829559,20408248,0
45.5773,1,45564191795,13072030,0
45.5798,2,45566714801,13072030,0
45.5823,0,45569237807,13072030,0
45.59,1,45577263825,12705030,0
45.5925,2,45579786831,12705030,0
45.595,0,45582309837,12705030,0
45.6129,1,45589968855,22927242,0
45.6154,2,45592491861,22927242,0
45.6179,0,45595014867,22927242,0
45.6331,1,45612896097,20247048,0
45.6357,2,45615419103,20247048,0
45.6382,0,45617942109,20247048,0
45.6565,1,45633143145,23327260,0
45.6615,0,45638189157,23271254,0
45.6692,1,45656470405,12712024,0
45.6742,0,45661460411,12712024,0
45.6821,1,45669182429,12962024,0
45.6847,2,45635666151,49001308,0
45.6872,0,45674172435,13018030,0
45.6974,1,45682144453,15219036,0
45.6999,2,45684667459,15219036,0
45.7024,0,45687190465,15219036,0
45.7102,1,45697363489,12875230,0
45.7128,2,45699886495,12875230,0
45.7153,0,45702409501,12875230,0
45.7204,1,45710238719,10200024,0
45.723,2,45712761725,10200024,0
45.7255,0,45715284731,10200024,0
45.7331,1,45720438743,12631024,0
45.7356,2,45722961749,12631024,0
45.7381,0,45725484755,12631024,0
45.7433,1,45733069767,10191024,0
45.7458,2,45735592773,10191024,0
45.7537,1,45743260791,10430024,0
45.7564,2,45745783797,10647230,0
45.759,0,45738115779,20838254,0
45.7641,1,45753690815,10390230,0
45.7741,1,45764081045,10063012,0
45.7767,2,45756431027,20236036,0
45.7792,0,45758954033,20236036,0
45.7846,2,45776667063,7916012,0
45.7871,0,45779190069,7916012,0
45.7897,1,45774144057,15566030,0
45.7922,2,45784583075,7650018,0
45.7948,0,45787106081,7650018,0
45.7999,1,45789710087,10164024,0
45.8024,2,45792233093,10164024,0
45.8049,0,45794756099,10164024,0
45.8103,1,45799874111,10390230,0
45.8153,0,45804920123,10334224,0
45.8179,1,45810264341,7603012,0
45.8204,2,45802397117,17993242,0
45.8229,0,45815254347,7659018,0
45.828,1,45817867353,10164024,0
45.8306,2,45820390359,10164024,0
45.8331,0,45822913365,10164024,0
45.8407,1,45828031377,12687030,0
45.8432,2,45830554383,12687030,0
45.8458,0,45833077389,12687030,0
45.854,1,45840718407,13235236,0
45.8565,2,45843241413,13235236,0
45.859,0,45845764419,13235236,0
45.8717,1,45853953643,17742042,0
45.8742,2,45856476649,17742042,0
45.8819,1,45871695685,10162018,0
45.8847,2,45874218691,10475018,0
45.8872,0,45858999655,28217060,0
45.8948,1,45881857703,12946024,0
45.8973,2,45884693709,12633024,0
45.8998,0,45887216715,12633024,0
45.9077,1,45894803727,12922236,0
45.9102,2,45897326733,12922236,0
45.9128,0,45899849739,12922236,0
45.923,1,45907725963,15228036,0
45.9255,2,45910248969,15228036,0
45.9356,1,45922953999,12658024,0
45.9381,2,45925477005,12658024,0
45.9407,0,45912771975,27886060,0
45.9588,0,45940658035,18151242,0
45.964,1,45935612023,28369266,0
45.9665,2,45938135029,28369266,0
45.969,0,45958809277,10218024,0
45.9767,1,45963981289,12687030,0
45.9792,2,45966504295,12687030,0
45.9817,0,45969027301,12687030,0
45.9972,2,45979191325,17990036,0
45.9997,0,45981714331,17990036,0
46.0076,2,45997181361,10379224,0
46.0126,1,45976668319,35972272,0
46.0152,2,46007560585,7603012,0
46.0177,0,45999704367,17982236,0
46.0228,1,46012640591,10164024,0
46.0278,0,46017686603,10108018,0
46.0304,1,46022804615,7603012,0
46.0354,0,46027794621,7603012,0
46.043,1,46030407627,12622024,0
46.0456,2,46015163597,30389060,0
46.0481,0,46035397633,12678030,0
46.0534,1,46043029651,10408230,0
46.056,2,46045552657,10408230,0
46.0588,0,46048075663,10721230,0
46.0664,2,46055960887,10448018,0
46.0689,0,46058796893,10135018,0
46.0715,1,46053437881,18107036,0
46.0741,2,46066408905,7659018,0
46.0766,0,46068931911,7659018,0
46.0817,1,46071544917,10164024,0
46.0842,2,46074067923,10164024,0
46.0868,0,46076590929,10164024,0
46.0972,1,46081708941,15514036,0
46.1022,0,46086754953,15458030,0
46.1075,1,46097222977,10305218,0
46.1125,0,46102212983,10305218,0
46.1177,1,46107528195,10135018,0
46.1227,0,46112518201,10135018,0
46.1252,2,46084231947,40944278,0
46.1278,1,46117663213,10117018,0
46.1328,2,46125176225,7603012,0
46.1404,0,46122653219,17711030,0
46.1429,2,46132779237,10108018,0
46.1557,0,46140364249,15362236,0
46.1637,1,46127780231,35880272,0
46.1662,0,46155726485,10457024,0
46.1687,2,46142887255,25819260,0
46.1789,1,46163660503,15201036,0
46.1814,0,46166183509,15201036,0
46.1943,0,46181384545,12915018,0
46.1994,1,46178861539,20536030,0
46.2019,0,46194299563,7621012,0
46.2044,2,46168706515,35737066,0
46.2097,0,46201920575,7811218,0
46.2123,2,46204443581,7811218,0
46.2149,1,46199397569,15461236,0
46.2174,0,46209731793,7650018,0
46.2199,2,46212254799,7650018,0
46.2225,1,46214858805,7650018,0
46.225,0,46217381811,7650018,0
46.2276,2,46219904817,7650018,0
46.2351,0,46225031829,10108018,0
46.2377,2,46227554835,10108018,0
46.2428,1,46222508823,20281042,0
46.2453,0,46235139847,10173024,0
46.2478,2,46237662853,10173024,0
46.2635,2,46247835877,15619236,0
46.2711,1,46242789865,28333266,0
46.2761,2,46263455113,12658024,0
46.2838,1,46271123131,12649024,0
46.2863,0,46245312871,40982290,0
46.2888,2,46276113137,12705030,0
46.2942,1,46283772155,10448024,0
46.2967,0,46286295161,10448024,0
46.2993,2,46288818167,10448024,0
46.3096,1,46294220179,15418242,0
46.3122,0,46296743185,15418242,0
46.3147,2,46299266191,15418242,0
46.3224,1,46309638421,12714030,0
46.3249,0,46312161427,12714030,0
46.3274,2,46314684433,12714030,0
46.3375,0,46324875457,12649024,0
46.34,2,46327398463,12649024,0
46.3452,1,46322352451,22840048,0
46.3477,0,46337524481,10191024,0
46.3502,2,46340047487,10191024,0
46.3555,1,46345192499,10334224,0
46.358,0,46347715505,10334224,0
46.3606,2,46350238511,10334224,0
46.366,1,46355526723,10504024,0
46.371,2,46360572735,10448018,0
46.3787,1,46366030747,12631024,0
46.3812,0,46358049729,23135048,0
46.3837,2,46371020753,12687030,0
46.3913,1,46378661771,12651024,0
46.3938,0,46381184777,12651024,0
46.3967,2,46383707783,12964024,0
46.412,0,46393835801,18207242,0
46.4247,1,46391312795,33406272,0
46.4272,0,46412043043,15199030,0
46.4298,2,46396671807,33093272,0
46.4374,1,46424719067,12714030,0
46.445,1,46437433097,7565006,0
46.45,2,46429765079,20223030,0
46.4578,0,46427242073,30548254,0
46.4603,2,46449988109,10325224,0
46.4654,1,46444998103,20442242,0
46.4683,0,46457790327,10486024,0
46.4708,2,46460313333,10486024,0
46.481,1,46465440345,15514036,0
46.4835,0,46468276351,15201036,0
46.486,2,46470799357,15201036,0
46.4912,1,46480954381,10200024,0
46.4937,0,46483477387,10200024,0
46.4962,2,46486000393,10200024,0
46.5016,1,46491154405,10486024,0
46.5042,0,46493677411,10486024,0
46.5145,1,46501640429,12848230,0
46.5195,2,46496200417,23278248,0
46.5372,0,46504163435,32992266,0
46.5397,2,46519478665,20200042,0
46.5474,1,46514488659,32885066,0
46.5499,0,46537155701,12741030,0
46.5524,2,46539678707,12741030,0
46.5628,1,46547373725,15436242,0
46.5653,0,46549896731,15436242,0
46.5679,2,46552419737,15436242,0
46.5809,1,46562809967,18055042,0
46.5834,0,46565332973,18055042,0
46.5859,2,46567855979,18055042,0
46.5961,1,46580865009,15190030,0
46.5986,0,46583388015,15190030,0
46.6014,2,46585911021,15503030,0
46.6068,1,46596055039,10730230,0
46.6093,0,46598578045,10730230,0
46.6194,1,46606785269,12649024,0
46.622,0,46609308275,12649024,0
46.6245,2,46601414051,23066254,0
46.6347,1,46619434293,15219036,0
46.6372,0,46621957299,15219036,0
46.6397,2,46624480305,15219036,0
46.6448,1,46634653329,10144018,0
46.6473,0,46637176335,10144018,0
46.6498,2,46639699341,10144018,0
46.6577,1,46644797347,12904236,0
46.6602,0,46647320353,12904236,0
46.6627,2,46649843359,12904236,0
46.6704,1,46657701583,12705030,0
46.6732,0,46660224589,13018030,0
46.6758,2,46662747595,13018030,0
46.691,1,46670406613,20560048,0
46.6935,0,46673242619,20247048,0
46.696,2,46675765625,20247048,0
46.7093,1,46690966661,18299248,0
46.7118,0,46693489667,18299248,0
46.7143,2,46696012673,18299248,0
46.7295,0,46711788915,17713036,0
46.732,2,46714311921,17713036,0
46.7397,1,46709265909,30445066,0
46.7422,0,46729501951,12732030,0
46.7448,2,46732024957,12732030,0
46.7551,1,46739710975,15436242,0
46.7577,0,46742233981,15436242,0
46.7602,2,46744756987,15436242,0
46.7782,0,46757670223,20531042,0
46.7807,2,46760193229,20531042,0
46.7884,1,46755147217,33216066,0
46.7909,0,46778201265,12685024,0
46.7934,2,46780724271,12685024,0
46.7986,1,46788363283,10191024,0
46.8035,2,46793409295,10135018,0
46.8067,1,46798554307,8133218,0
46.8092,0,46790886289,18324242,0
46.8117,2,46803544313,8189224,0
46.8169,1,46806687525,10164024,0
46.8218,2,46811733537,10108018,0
46.8245,1,46816851549,7603012,0
46.8294,2,46821841555,7603012,0
46.8346,1,46824454561,10108018,0
46.8371,0,46809210531,27875054,0
46.8396,2,46829444567,10164024,0
46.8472,1,46834562579,12687030,0
46.8498,0,46837085585,12687030,0
46.8523,2,46839608591,12687030,0
46.8627,1,46847249609,15436242,0
46.8677,2,46852295621,15380236,0
46.8782,1,46862685851,15503030,0
46.8832,2,46867675857,15503030,0
46.8908,1,46878188881,12658024,0
46.8934,0,46849772615,43597296,0
46.8959,2,46883178887,12714030,0
46.9166,0,46893369911,23235254,0
46.9191,2,46895892917,23235254,0
46.9268,1,46890846905,35994284,0
46.9318,2,46919128171,12703024,0
46.937,1,46926841189,10135018,0
46.9395,0,46916605165,22894048,0
46.942,2,46931831195,10191024,0
46.9496,1,46936976207,12631024,0
46.9521,0,46939499213,12631024,0
46.9625,1,46949607231,12866230,0
46.965,0,46952130237,12866230,0
46.9675,2,46942022219,25497254,0
46.9751,0,46964996467,10144018,0
46.9777,2,46967519473,10144018,0
46.9831,1,46962473461,20630042,0
46.9881,2,46977663491,10430018,0
46.9932,1,46983103503,10117018,0
46.9957,0,46975140485,20603042,0
46.9983,2,46988093509,10173024,0
47.0036,1,46993220521,10390230,0
47.0061,0,46995743527,10390230,0
47.0087,2,46998266533,10390230,0
47.0141,1,47003610751,10504024,0
47.0166,0,47006133757,10504024,0
47.0192,2,47008656763,10504024,0
47.0268,1,47014114775,12687030,0
47.0293,0,47016637781,12687030,0
47.0318,2,47019160787,12687030,0
47.037,1,47026801805,10191024,0
47.0395,0,47029324811,10191024,0
47.0471,1,47036992829,10117018,0
47.0496,0,47039515835,10117018,0
47.06,1,47047109847,12848230,0
47.0625,0,47049632853,12848230,0
47.065,2,47031847817,33156272,0
47.0727,1,47059958077,12714030,0
47.0752,0,47062481083,12714030,0
47.0777,2,47065004089,12714030,0
47.0932,1,47072672107,20560048,0
47.0958,0,47075195113,20560048,0
47.0983,2,47077718119,20560048,0
47.1112,1,47093232155,17986248,0
47.1141,0,47095755161,18299248,0
47.1166,2,47098278167,18299248,0
47.1292,0,47114054409,15190030,0
47.1318,2,47116577415,15190030,0
47.1394,0,47129244439,10144018,0
47.1419,2,47131767445,10144018,0
47.147,1,47111218403,35820072,0
47.1496,0,47139388457,10173024,0
47.1598,0,47149561481,10278218,0
47.1624,2,47141911463,20451242,0
47.1675,1,47147038475,20451242,0
47.17,0,47159839699,10173024,0
47.1725,2,47162362705,10173024,0
47.1777,1,47167489717,10173024,0
47.1802,0,47170012723,10173024,0
47.188,0,47180185747,7860012,0
47.1906,2,47172535729,18033036,0
47.1957,1,47177662741,18024036,0
47.1982,0,47188045759,10164024,0
47.2007,2,47190568765,10164024,0
47.2111,1,47195686777,15418242,0
47.2136,0,47198209783,15418242,0
47.2165,2,47200732789,15731242,0
47.2216,1,47211105019,10513024,0
47.2241,0,47213628025,10513024,0
47.2267,2,47216464031,10200024,0
47.2343,1,47221618043,12687030,0
47.2368,0,47224141049,12687030,0
47.2444,1,47234305073,10135018,0
47.247,0,47236828079,10135018,0
47.2495,2,47226664055,22822048,0
47.2573,0,47246963097,10334224,0
47.2598,2,47249486103,10334224,0
47.2675,1,47244440091,23021254,0
47.27,0,47257297321,12687030,0
47.2776,1,47267461345,10135018,0
47.2801,0,47269984351,10135018,0
47.2826,2,47259820327,22822048,0
47.2906,1,47277596363,13000030,0
47.2931,0,47280119369,13000030,0
47.2956,2,47282642375,13000030,0
47.3008,1,47290596393,10191024,0
47.3035,0,47293119399,10408230,0
47.3061,2,47295642405,10408230,0
47.3111,1,47300787417,10334224,0
47.3136,0,47303527629,10117018,0
47.3162,2,47306050635,10117018,0
47.3191,1,47311121641,7972018,0
47.3216,0,47313644647,7972018,0
47.3241,2,47316167653,7972018,0
47.3342,2,47324139671,10052012,0
47.3368,1,47319093659,17711030,0
47.3393,0,47321616665,17711030,0
47.3419,2,47334191683,7659018,0
47.3445,1,47336804689,7650018,0
47.347,0,47339327695,7650018,0
47.3495,2,47341850701,7650018,0
47.3548,1,47344454707,10381230,0
47.3574,0,47346977713,10381230,0
47.3599,2,47349500719,10381230,0
47.365,1,47354835937,10173024,0
47.3675,0,47357358943,10173024,0
47.3701,2,47359881949,10173024,0
47.3777,1,47365008961,12687030,0
47.3802,0,47367531967,12687030,0
47.3932,1,47377695991,15476030,0
47.3957,0,47380218997,15476030,0
47.3982,2,47370054973,28163060,0
47.4061,1,47393172021,12931236,0
47.4086,0,47395695027,12931236,0
47.4111,2,47398218033,12931236,0
47.4188,1,47406103257,12714030,0
47.4217,0,47408626263,13027030,0
47.4368,1,47418817287,17990036,0
47.4393,0,47421653293,17677036,0
47.4419,2,47411149269,30704066,0
47.4495,0,47439330329,10162018,0
47.452,2,47441853335,10162018,0
47.4574,1,47436807323,20552248,0
47.4599,0,47449492347,10390230,0
47.4624,2,47452015353,10390230,0
47.4726,1,47457359571,15201036,0
47.4751,0,47459882577,15201036,0
47.4776,2,47462405583,15201036,0
47.4852,1,47472560607,12658024,0
47.4877,0,47475083613,12658024,0
47.4903,2,47477606619,12658024,0
47.4982,0,47487741637,10448018,0
47.5007,2,47490264643,10448018,0
47.5061,1,47485218631,20838248,0
47.5086,0,47498189655,10390230,0
47.5111,2,47500712661,10390230,0
47.5162,1,47506056879,10173024,0
47.5188,0,47508579885,10173024,0
47.5213,2,47511102891,10173024,0
47.5292,1,47516229903,12944024,0
47.5317,0,47518752909,12944024,0
47.5342,2,47521275915,12944024,0
47.5369,1,47529173927,7677018,0
47.5394,0,47531696933,7677018,0
47.5571,2,47534219939,22918242,0
47.5623,1,47536850945,25441248,0
47.5648,0,47539373951,25441248,0
47.5673,2,47557138181,10200024,0
47.575,1,47562292193,12687030,0
47.5775,0,47564815199,12687030,0
47.58,2,47567338205,12687030,0
47.5877,1,47574979223,12705030,0
47.5927,2,47580025235,12649024,0
47.6006,1,47587684253,12962024,0
47.6056,2,47592674259,12962024,0
47.6185,0,47577502229,40991284,0
47.6236,1,47600646277,22954242,0
47.6264,0,47618493513,7943012,0
47.629,2,47605636283,23323248,0
47.6366,1,47623600519,12991030,0
47.6391,0,47626436525,12678030,0
47.6416,2,47628959531,12678030,0
47.657,0,47639114555,17894242,0
47.6647,1,47636591549,28065260,0
47.6672,0,47657008797,10171018,0
47.6697,2,47641637561,28065260,0
47.6773,1,47664656809,12631024,0
47.6798,0,47667179815,12631024,0
47.6823,2,47669702821,12631024,0
47.6875,1,47677287833,10191024,0
47.69,0,47679810839,10191024,0
47.6925,2,47682333845,10191024,0
47.698,1,47687478857,10486024,0
47.7005,0,47690001863,10486024,0
47.703,2,47692524869,10486024,0
47.7159,0,47700487887,15362236,0
47.7184,2,47703010893,15362236,0
47.7314,1,47697964881,33417278,0
47.7339,0,47715850123,18055042,0
47.7364,2,47718373129,18055042,0
47.7441,1,47731382159,12676024,0
47.7466,0,47733905165,12676024,0
47.7491,2,47736428171,12676024,0
47.7594,0,47746581189,12866230,0
47.762,2,47749104195,12866230,0
47.7671,1,47744058183,23010248,0
47.7696,0,47759447419,10144018,0
47.7721,2,47761970425,10144018,0
47.7772,1,47767068431,10173024,0
47.7798,0,47769591437,10173024,0
47.7874,1,47777241455,10117018,0
47.7899,0,47779764461,10117018,0
47.7924,2,47772114443,20290042,0
47.8031,1,47787358473,15731242,0
47.8056,0,47789881479,15731242,0
47.8081,2,47792404485,15731242,0
47.8208,1,47803089715,17760042,0
47.8234,0,47805612721,17760042,0
47.8259,2,47808135727,17760042,0
47.8364,1,47820849757,15559036,0
47.8389,0,47823372763,15559036,0
47.8415,2,47825895769,15559036,0
47.8544,1,47836408793,17959248,0
47.867,1,47854368041,12629018,0
47.872,2,47841454805,30532260,0
47.8822,1,47866997059,15163030,0
47.8847,0,47838931799,45751296,0
47.8973,0,47884683095,12602018,0
47.8998,2,47871987065,27821054,0
47.9055,1,47882160089,23323248,0
47.908,0,47897285113,10721230,0
47.9181,1,47905483337,12631024,0
47.9206,0,47908006343,12631024,0
47.9232,2,47899808119,23352254,0
47.9283,1,47918114361,10191024,0
47.9308,0,47920637367,10191024,0
47.9337,2,47923160373,10504024,0
47.9388,1,47928305385,10486024,0
47.9413,0,47930828391,10486024,0
47.9438,2,47933664397,10173024,0
47.9514,1,47938791409,12631024,0
47.9539,0,47941314415,12631024,0
47.9567,2,47943837421,12848230,0
47.9593,1,47951422433,7894224,0
47.9618,0,47953945439,7894224,0
47.9694,1,47959316657,10052012,0
47.9719,0,47961839663,10052012,0
47.9744,2,47956685651,17729030,0
47.977,1,47969368669,7659018,0
47.9796,0,47971891675,7659018,0
47.9821,2,47974414681,7659018,0
47.9847,1,47977027687,7650018,0
47.9872,0,47979550693,7650018,0
47.9897,2,47982073699,7650018,0
47.9948,1,47984677705,10164024,0
47.9974,0,47987200711,10164024,0
47.9999,2,47989723717,10164024,0
48.0131,1,47994841729,18245248,0
48.0156,0,47997364735,18245248,0
48.0181,2,47999887741,18245248,0
48.0309,1,48013086977,17769042,0
48.0334,0,48015609983,17769042,0
48.0438,1,48030856019,12989024,0
48.0464,0,48033379025,12989024,0
48.0489,2,48018132989,30758066,0
48.0593,1,48043845043,15436242,0
48.0618,0,48046368049,15436242,0
48.0643,2,48048891055,15436242,0
48.0719,1,48059281285,12658024,0
48.0745,0,48061804291,12658024,0
48.077,2,48064327297,12658024,0
48.0871,0,48074462315,12649024,0
48.0896,2,48076985321,12649024,0
48.0998,1,48071939309,27868060,0
48.1048,2,48089634345,15163030,0
48.1155,1,48099807369,15702236,0
48.1256,1,48115509605,10090012,0
48.1281,0,48087111339,41011284,0
48.1357,1,48125599617,10117018,0
48.1386,0,48128122623,10430018,0
48.1436,2,48104797375,38799272,0
48.1461,1,48135716635,10430018,0
48.1487,0,48138552641,10117018,0
48.154,2,48143596647,10390230,0
48.1591,1,48146146653,12904236,0
48.1616,0,48148669659,12904236,0
48.1667,2,48153986877,12687030,0
48.1718,1,48159050889,12705030,0
48.1793,2,48166673907,12649024,0
48.1844,1,48171755919,12649024,0
48.1869,0,48161573895,25354054,0
48.192,2,48179322931,12705030,0
48.1971,1,48184404943,12705030,0
48.1996,0,48186927949,12705030,0
48.2022,2,48192027961,10191024,0
48.2075,1,48197109973,10408230,0
48.2104,0,48199632979,10721230,0
48.2204,0,48210354209,10061012,0
48.223,2,48202218985,20782242,0
48.2256,1,48207518203,18033030,0
48.2281,0,48220415221,7659018,0
48.2307,2,48223001227,7650018,0
48.2332,1,48225551233,7650018,0
48.2357,0,48228074239,7650018,0
48.2383,2,48230651245,7650018,0
48.2412,1,48233201251,7963018,0
48.2437,0,48235724257,7963018,0
48.2513,2,48238301263,12991030,0
48.2541,1,48241164269,12895236,0
48.2642,2,48251292293,12866230,0
48.2692,0,48243687275,25488254,0
48.2818,2,48264158523,17677036,0
48.2844,1,48254059505,30326060,0
48.2869,0,48269175529,17733042,0
48.292,2,48281835559,10162018,0
48.2945,1,48284385565,10162018,0
48.2971,0,48286908571,10162018,0
48.3071,1,48294547583,12575018,0
48.3096,0,48297070589,12575018,0
48.3178,2,48291997577,25792254,0
48.3229,1,48307122601,15749242,0
48.3254,0,48309645607,15749242,0
48.3355,1,48322871843,12658024,0
48.3381,0,48325394849,12658024,0
48.3435,2,48317789831,25685054,0
48.3485,0,48338052873,10448018,0
48.3538,2,48343474885,10334224,0
48.3588,0,48348500891,10334224,0
48.3614,2,48353809109,7621012,0
48.3665,1,48335529867,30973266,0
48.369,0,48358835115,10191024,0
48.3741,2,48361430121,12678030,0
48.3816,1,48366503133,15145030,0
48.3867,2,48374108151,12593018,0
48.3893,1,48381648163,7630012,0
48.3918,0,48369026139,22775042,0
48.3944,2,48386701169,7677018,0
48.3994,1,48389278175,10164024,0
48.402,0,48391801181,10164024,0
48.4073,2,48394378187,12895236,0
48.4098,1,48399442199,10390230,0
48.4124,0,48401965205,10390230,0
48.4203,2,48407273423,13027030,0
48.4254,1,48409832429,15532036,0
48.4279,0,48412355435,15532036,0
48.4355,2,48420300453,15219036,0
48.4406,1,48425364465,15228036,0
48.4431,0,48427887471,15228036,0
48.4588,1,48440592501,18216242,0
48.4639,2,48435519489,28378260,0
48.4665,1,48458808743,7657012,0
48.469,0,48443115507,25873254,0
48.474,2,48463897749,10135018,0
48.4766,1,48466465755,10108018,0
48.4791,0,48468988761,10108018,0
48.4817,2,48474032767,7659018,0
48.4842,1,48476573773,7659018,0
48.4868,0,48479096779,7659018,0
48.4893,2,48481691785,7650018,0
48.4919,1,48484232791,7650018,0
48.4944,0,48486755797,7650018,0
48.4995,1,48491882809,7594012,0
48.502,0,48494405815,7594012,0
48.5048,2,48489341803,15461236,0
48.5099,1,48499476821,10381230,0
48.5124,0,48501999827,10381230,0
48.5153,2,48504803039,10493970,0
48.5204,1,48509858051,10511970,0
48.5229,0,48512381057,10511970,0
48.528,2,48515297009,12705030,0
48.5306,1,48520370021,10191024,0
48.5331,0,48522893027,10191024,0
48.5407,2,48528002039,12705030,0
48.5432,1,48530561045,12687030,0
48.5458,0,48533084051,12687030,0
48.5537,2,48540707069,13018030,0
48.5565,1,48543248075,13235236,0
48.5666,1,48556483311,10079012,0
48.5691,0,48545771081,23314248,0
48.5717,2,48553725099,17955236,0
48.5792,0,48569085329,10117018,0
48.5843,2,48571680335,12622024,0
48.5893,0,48579202347,10117018,0
48.597,2,48584302359,12649024,0
48.5995,1,48566562323,32921066,0
48.602,0,48589319365,12687030,0
48.6074,2,48596951383,10408230,0
48.6099,1,48599483389,10408230,0
48.6124,0,48602006395,10408230,0
48.6178,2,48607359613,10486024,0
48.6204,1,48609891619,10486024,0
48.6229,0,48612414625,10486024,0
48.633,2,48617845637,15201036,0
48.6356,1,48620377643,15201036,0
48.6381,0,48622900649,15201036,0
48.6482,1,48635578679,12658024,0
48.6589,2,48633046673,25837254,0
48.6614,1,48648236703,13179230,0
48.6639,0,48638101685,25837254,0
48.6716,2,48658883927,12714030,0
48.6741,1,48661415933,12714030,0
48.6842,2,48671597957,12649024,0
48.6868,1,48674129963,12649024,0
48.6893,0,48663938939,25363054,0
48.697,2,48684246981,12705030,0
48.6995,1,48686778987,12705030,0
48.7073,2,48696952011,10352224,0
48.7098,1,48699484017,10352224,0
48.7124,0,48689301993,23057254,0
48.7175,2,48707304235,10191024,0
48.7229,1,48709836241,13018030,0
48.7254,0,48712359247,13018030,0
48.7305,2,48717495259,13000030,0
48.7356,1,48722854271,12705030,0
48.7381,0,48725377277,12705030,0
48.7432,2,48730495289,12705030,0
48.7482,0,48738082307,10135018,0
48.7586,1,48735559301,23023036,0
48.7689,2,48743200319,25716242,0
48.774,1,48758582337,15380236,0
48.7841,2,48768916561,15165030,0
48.7866,1,48773962573,12660024,0
48.7891,0,48748217325,40928278,0
48.7968,2,48784081591,12714030,0
48.8046,2,48796795621,7782212,0
48.8071,1,48786622597,20487242,0
48.8096,0,48789145603,20487242,0
48.8122,2,48804577833,7650018,0
48.8148,1,48807109839,7650018,0
48.8173,0,48809632845,7650018,0
48.8252,2,48812227851,12991030,0
48.8278,1,48814759857,12991030,0
48.8303,0,48817282863,12991030,0
48.8354,2,48825218881,10191024,0
48.8404,0,48830273893,10135018,0
48.843,2,48835409905,7603012,0
48.8455,1,48827750887,17794036,0
48.8481,0,48840408911,7659018,0
48.8559,0,48848067929,7851012,0
48.8587,2,48843012917,15718236,0
48.8613,1,48845544923,15718236,0
48.8638,0,48855918941,7867224,0
48.8714,2,48858731153,12631024,0
48.8739,1,48861263159,12631024,0
48.8764,0,48863786165,12631024,0
48.879,2,48871362177,7677018,0
48.8816,1,48873894183,7677018,0
48.8841,0,48876417189,7677018,0
48.8892,2,48879039195,10164024,0
48.8917,1,48881571201,10164024,0
48.8943,0,48884094207,10164024,0
48.9019,2,48889203219,12687030,0
48.9094,0,48894258231,15145030,0
48.9147,2,48901890249,12810224,0
48.9172,1,48891735225,25506254,0
48.9198,0,48909403261,10361224,0
48.9224,2,48914700473,7686018,0
48.9252,1,48917241479,7990018,0
48.9303,2,48922386491,7907012,0
48.9328,1,48925231497,7594012,0
48.9353,0,48919764485,15584030,0
48.9379,2,48930293503,7650018,0
48.9405,1,48932825509,7650018,0
48.943,0,48935348515,7650018,0
48.9456,2,48937943521,7650018,0
48.9481,1,48940475527,7650018,0
48.9534,2,48945593539,7811218,0
48.9562,1,48948125545,8124218,0
48.9588,0,48942998533,15774236,0
48.9614,2,48953404757,7972018,0
48.9639,1,48956249763,7659018,0
48.9664,0,48958772769,7659018,0
48.969,2,48961376775,7650018,0
48.9716,1,48963908781,7650018,0
48.9741,0,48966431787,7650018,0
48.9767,2,48969026793,7650018,0
48.9792,1,48971558799,7650018,0
48.9817,0,48974081805,7650018,0
48.9843,2,48976676811,7650018,0
48.9869,1,48979208817,7650018,0
48.9894,0,48981731823,7650018,0
48.992,2,48984326829,7650018,0
48.9945,1,48986858835,7650018,0
48.997,0,48989381841,7650018,0
48.9996,2,48991976847,7650018,0
49.0022,1,48994508853,7650018,0
49.0074,2,48999626865,7811218,0
49.01,1,49002158871,7811218,0
49.0125,0,48997031859,15461236,0
49.0151,2,49007438083,7659018,0
49.0176,1,49009970089,7659018,0
49.0202,0,49012493095,7659018,0
49.0281,2,49015097101,12991030,0
49.0306,1,49017629107,12991030,0
49.0331,0,49020152113,12991030,0
49.0433,1,49030620137,12649024,0
49.0458,0,49033143143,12649024,0
49.0537,2,49028088131,25571260,0
49.059,0,49045792167,13179236,0
49.0641,2,49053659391,10457024,0
49.0666,1,49043269161,23379260,0
49.0692,0,49058971403,10200024,0
49.0768,2,49064116415,12687030,0
49.0793,1,49066648421,12687030,0
49.0819,0,49069171427,12687030,0
49.092,1,49079335451,12649024,0
49.0945,0,49081858457,12649024,0
49.0996,2,49076803445,22840048,0
49.1022,1,49091984475,10191024,0
49.1049,0,49094507481,10408230,0
49.1151,2,49099643493,15418242,0
49.1201,0,49104915711,15145030,0
49.1277,2,49115061735,12658024,0
49.1306,1,49102175499,28389266,0
49.1357,2,49127719759,7934012,0
49.1382,1,49130564765,7621012,0
49.1407,0,49120060741,20648042,0
49.1483,2,49135653771,12678030,0
49.1509,1,49138185777,12678030,0
49.1536,0,49140708783,12895236,0
49.1587,2,49148331801,10408230,0
49.164,1,49150863807,13179230,0
49.1666,0,49153604019,12962024,0
49.1742,2,49158740031,15458030,0
49.1793,1,49164043037,15219036,0
49.1818,0,49166566043,15219036,0
49.1844,2,49174198061,10200024,0
49.1895,1,49179262073,10200024,0
49.192,0,49181785079,10200024,0
49.1971,2,49184398085,12687030,0
49.1996,1,49189462097,10173024,0
49.2022,0,49191985103,10173024,0
49.2075,2,49197085115,10408230,0
49.21,1,49199635121,10390230,0
49.2125,0,49202158127,10390230,0
49.2177,2,49207493345,10191024,0
49.2202,1,49210025351,10191024,0
49.2227,0,49212548357,10191024,0
49.2304,2,49217684369,12687030,0
49.2332,1,49220216375,13000030,0
49.2357,0,49222739381,13000030,0
49.2434,1,49233216405,10135018,0
49.2459,0,49235739411,10135018,0
49.2562,2,49230371399,25866260,0
49.2588,1,49243351423,15418242,0
49.2613,0,49245874429,15418242,0
49.2693,2,49256237659,13045030,0
49.2718,1,49258769665,13045030,0
49.2743,0,49261292671,13045030,0
49.2795,2,49269282689,10191024,0
49.282,1,49271814695,10191024,0
49.2845,0,49274337701,10191024,0
49.2896,2,49279473713,10173024,0
49.2922,1,49282005719,10173024,0
49.2947,0,49284528725,10173024,0
49.2998,2,49289646737,10173024,0
49.3024,1,49292178743,10173024,0
49.3049,0,49294701749,10173024,0
49.3102,1,49302351767,7820218,0
49.3127,0,49304874773,7820218,0
49.3153,2,49299819761,15470236,0
49.3178,1,49310171985,7650018,0
49.3203,0,49312694991,7650018,0
49.3229,2,49315289997,7650018,0
49.3255,1,49317822003,7650018,0
49.3305,2,49322940015,7594012,0
49.3331,1,49325472021,7594012,0
49.3359,0,49320345009,15557030,0
49.3435,2,49330534027,12991030,0
49.3486,1,49333066033,15505036,0
49.3511,0,49335902039,15192036,0
49.3564,2,49343525057,12866230,0
49.3614,1,49348571069,12875230,0
49.364,0,49351094075,12875230,0
49.3719,1,49361446299,10448018,0
49.3744,0,49363969305,10448018,0
49.3795,2,49356391287,23153048,0
49.3821,1,49371894317,10173024,0
49.3846,0,49374417323,10173024,0
49.3922,2,49379544335,12631024,0
49.3947,1,49382067341,12631024,0
49.3972,0,49384590347,12631024,0
49.4076,2,49392175359,15436242,0
49.4101,1,49394698365,15436242,0
49.4127,0,49397221371,15436242,0
49.4254,2,49407611601,17742042,0
49.4279,1,49410134607,17742042,0
49.4304,0,49412657613,17742042,0
49.4383,2,49425353643,12989024,0
49.4409,1,49427876649,12989024,0
49.4434,0,49430399655,12989024,0
49.4485,2,49438342667,10191024,0
49.4511,1,49440865673,10191024,0
49.4536,0,49443388679,10191024,0
49.464,2,49448533691,15418242,0
49.4768,0,49453579703,23213242,0
49.4819,2,49463951933,17959024,0
49.4844,1,49451056697,33377266,0
49.487,0,49476792945,10164024,0
49.4921,2,49481910957,10173024,0
49.4971,0,49486956969,10117018,0
49.4997,2,49492083981,7603012,0
49.5022,1,49484433963,17776036,0
49.5075,2,49499686993,7811218,0
49.51,1,49502209999,7811218,0
49.5151,2,49507498211,7603012,0
49.5176,1,49510021217,7603012,0
49.5201,0,49497073987,23073248,0
49.5253,2,49515101223,10164024,0
49.5278,1,49517624229,10164024,0
49.5303,0,49520147235,10164024,0
49.5354,2,49525265247,10173024,0
49.538,1,49527788253,10173024,0
49.5408,0,49530311259,10486024,0
49.5484,2,49535438271,13000030,0
49.551,1,49537961277,13000030,0
49.5638,2,49548438301,15324230,0
49.5663,1,49550961307,15324230,0
49.5688,0,49540797283,28011260,0
49.5743,2,49563762531,10513024,0
49.5768,1,49566285537,10513024,0
49.5894,1,49576798561,12575018,0
49.5919,0,49568808543,23088042,0
49.5996,2,49574275555,25280048,0
49.6021,1,49589373579,12705030,0
49.6046,0,49591896585,12705030,0
49.6149,2,49599555603,15380236,0
49.6175,1,49602078609,15380236,0
49.62,0,49604601615,15380236,0
49.6277,2,49614935839,12732030,0
49.6302,1,49617458845,12732030,0
49.6378,2,49627667869,10135018,0
49.6403,1,49630190875,10135018,0
49.6432,0,49619981851,23180048,0
49.6483,2,49637802887,10486024,0
49.6508,1,49640325893,10486024,0
49.6533,0,49643161899,10173024,0
49.6587,2,49648288911,10390230,0
49.6637,0,49653334923,10334224,0
49.6688,2,49658679141,10117018,0
49.6713,1,49650811917,20507248,0
49.6742,0,49663669147,10486024,0
49.6818,2,49668796159,13000030,0
49.6868,0,49674155171,12631024,0
49.6919,2,49681796189,10135018,0
49.6945,1,49671319165,23135048,0
49.697,0,49686786195,10191024,0
49.7021,2,49691931207,10173024,0
49.7046,1,49694454213,10173024,0
49.7124,2,49702104231,10334224,0
49.715,1,49704627237,10334224,0
49.72,2,49712438455,7603012,0
49.7226,1,49714961461,7603012,0
49.7251,0,49696977219,28110260,0
49.7277,2,49720041467,7650018,0
49.7302,1,49722564473,7650018,0
49.7403,2,49727691485,12622024,0
49.7428,1,49730214491,12622024,0
49.7457,0,49725087479,20585042,0
49.7561,2,49740313509,15749242,0
49.7586,1,49742836515,15749242,0
49.7611,0,49745672521,15436242,0
49.7766,2,49756062751,20587048,0
49.7792,1,49758585757,20587048,0
49.7817,0,49761108763,20587048,0
49.7994,0,49781695811,17659030,0
49.8122,1,49779172805,33066266,0
49.8148,0,49799354841,15407236,0
49.825,2,49776649799,48312302,0
49.8275,1,49812239071,15246036,0
49.83,0,49814762077,15246036,0
49.8351,2,49824962101,10144018,0
49.8401,0,49830008113,10088012,0
49.8452,2,49835106119,10117018,0
49.8481,1,49827485107,20574036,0
49.8506,0,49840096125,10486024,0
49.8659,1,49848059143,17876242,0
49.8761,2,49845223137,30874266,0
49.8789,1,49865935385,12998024,0
49.8815,0,49850582149,30874266,0
49.8916,2,49876097403,15532036,0
49.8942,1,49878933409,15219036,0
49.8967,0,49881456415,15219036,0
49.9071,2,49891629439,15445242,0
49.9196,1,49894152445,25497248,0
49.9222,0,49896675451,25497248,0
49.9298,2,49907074681,22739036,0
49.9323,1,49919649693,12687030,0
49.9349,0,49922172699,12687030,0
49.945,2,49929813717,15219036,0
49.9503,0,49934859729,15476036,0
49.9582,2,49945032753,13188236,0
49.9607,1,49932336723,28407272,0
49.9633,0,49950335765,12931236,0
49.9709,2,49958220989,12714030,0
49.9759,0,49963267001,12658024,0
49.9839,2,49970935019,12962024,0
49.9864,1,49960743995,25676054,0
49.9889,0,49975925025,13018030,0
49.9991,2,49983897043,15219036,0
50.0041,0,49988943055,15163030,0
50.0145,1,49986420049,28038260,0
50.017,0,50004106085,12875230,0
50.0246,2,49999116079,25533254,0
50.0272,1,50014458309,12714030,0
50.0297,0,50016981315,12714030,0
50.0373,1,50027172339,10135018,0
50.0398,0,50029695345,10135018,0
50.045,2,50024649333,20308042,0
50.0475,1,50037307357,10173024,0
50.05,0,50039830363,10173024,0
50.0557,2,50044957375,10703230,0
50.0582,1,50047480381,10703230,0
50.0607,0,50050003387,10703230,0
50.0683,2,50055660605,12687030,0
50.0709,1,50058183611,12687030,0
50.0734,0,50060706617,12687030,0
50.0864,2,50068347635,18046042,0
50.0889,1,50070870641,18046042,0
50.0914,0,50073393647,18046042,0
50.1016,2,50086393677,15190030,0
50.1094,2,50101583707,7791212,0
50.1119,1,50088916683,22981242,0
50.1144,0,50091439689,22981242,0
50.1221,2,50109374919,12678030,0
50.1246,1,50111897925,12678030,0
50.1322,2,50122052949,10135018,0
50.1347,1,50124575955,10135018,0
50.1372,0,50114420931,22813048,0
50.1448,2,50132187967,12631024,0
50.1473,1,50134710973,12631024,0
50.1499,0,50137233979,12631024,0
50.1577,0,50149865003,7878012,0
50.1606,2,50144818991,15745236,0
50.1631,1,50147341997,15745236,0
50.1656,0,50157743015,7867224,0
50.1682,2,50160564227,7659018,0
50.1707,1,50163087233,7659018,0
50.1733,0,50165610239,7659018,0
50.1759,2,50168223245,7650018,0
50.1809,0,50173269257,7594012,0
50.1835,2,50175873263,7594012,0
50.1863,1,50170746251,15557030,0
50.1888,0,50180863269,7963018,0
50.1939,2,50183467275,10477024,0
50.1965,1,50186303281,10164024,0
50.199,0,50188826287,10164024,0
50.2043,2,50193944299,10390230,0
50.2069,1,50196467305,10390230,0
50.2094,0,50198990311,10390230,0
50.217,1,50206857535,10135018,0
50.2195,0,50209380541,10135018,0
50.2246,2,50204334529,20308042,0
50.2272,1,50216992553,10173024,0
50.2297,0,50219515559,10173024,0
50.2373,2,50224642571,12687030,0
50.2399,1,50227165577,12687030,0
50.2424,0,50229688583,12687030,0
50.2525,0,50242375613,10079012,0
50.2581,2,50237329601,20782242,0
50.2631,0,50252454625,10647224,0
50.2708,2,50258111843,12649024,0
50.2733,1,50239852607,33431266,0
50.2758,0,50263101849,12705030,0
50.281,2,50270760867,10191024,0
50.2835,1,50273283873,10191024,0
50.286,0,50275806879,10191024,0
50.2914,2,50280951891,10486024,0
50.294,1,50283474897,10486024,0
50.2965,0,50285997903,10486024,0
50.3016,1,50293960921,7603012,0
50.3069,2,50291437915,15414230,0
50.3094,1,50301563933,7811218,0
50.3119,0,50296483927,15414230,0
50.3195,1,50309375151,10117018,0
50.322,0,50311898157,10117018,0
50.3271,2,50306852145,20290042,0
50.3297,1,50319492169,10173024,0
50.3322,0,50322015175,10173024,0
50.3373,2,50327142187,10173024,0
50.3398,1,50329665193,10173024,0
50.3424,0,50332188199,10173024,0
50.345,2,50337315211,7659018,0
50.3527,2,50344974229,7757212,0
50.3553,1,50339838217,15416230,0
50.3578,0,50342361223,15416230,0
50.3607,2,50352731441,7972018,0
50.3632,1,50355254447,7972018,0
50.3657,0,50357777453,7972018,0
50.3684,2,50360703459,7650018,0
50.3709,1,50363226465,7650018,0
50.3734,0,50365749471,7650018,0
50.381,2,50368353477,12678030,0
50.3836,1,50370876483,12678030,0
50.3861,0,50373399489,12678030,0
50.3915,2,50381031507,10504024,0
50.3941,1,50383554513,10504024,0
50.3966,0,50386077519,10504024,0
50.4017,2,50391535531,10173024,0
50.4042,1,50394058537,10173024,0
50.412,2,50401708555,10278218,0
50.4145,1,50404231561,10278218,0
50.417,0,50396581543,20451242,0
50.4246,1,50414509779,10135018,0
50.4272,0,50417032785,10135018,0
50.4348,2,50411986773,22822048,0
50.4373,1,50424644797,12687030,0
50.4399,0,50427167803,12687030,0
50.445,2,50434808821,10191024,0
50.4475,1,50437331827,10191024,0
50.45,0,50439854833,10191024,0
50.4579,2,50444999845,12904236,0
50.4604,1,50447522851,12904236,0
50.4633,0,50450045857,13217236,0
50.4709,2,50457904081,13018030,0
50.4734,1,50460427087,13018030,0
50.476,0,50463263093,12705030,0
50.4836,2,50470922111,12705030,0
50.4862,1,50473445117,12705030,0
50.4887,0,50475968123,12705030,0
50.4991,1,50486150147,12962024,0
50.5016,0,50488673153,12962024,0
50.5045,2,50483627141,20856248,0
50.507,1,50499112171,7894224,0
50.5095,0,50501635177,7894224,0
50.5121,2,50504483389,7659018,0
50.5147,1,50507006395,7659018,0
50.5172,0,50509529401,7659018,0
50.5248,2,50512142407,12678030,0
50.5273,1,50514665413,12678030,0
50.5299,0,50517188419,12678030,0
50.5375,2,50524820437,12705030,0
50.54,1,50527343443,12705030,0
50.5426,0,50529866449,12705030,0
50.5502,2,50537525467,12705030,0
50.5658,1,50540048473,25772248,0
50.5683,0,50542571479,25772248,0
50.5735,2,50550230497,23267242,0
50.5785,0,50568343727,10144018,0
50.5836,2,50573497739,10117018,0
50.5861,1,50565820721,20317042,0
50.5887,0,50578487745,10173024,0
50.5991,1,50586137763,12944024,0
50.6016,0,50588660769,12944024,0
50.6045,2,50583614757,20838248,0
50.607,1,50599081787,7894224,0
50.6095,0,50601604793,7894224,0
50.6121,2,50604453005,7659018,0
50.6171,0,50609499017,7603012,0
50.6197,2,50612112023,7594012,0
50.6222,1,50606976011,15253030,0
50.6248,0,50617102029,7650018,0
50.6274,2,50619706035,7650018,0
50.6299,1,50622229041,7650018,0
50.6324,0,50624752047,7650018,0
50.64,2,50627356053,12678030,0
50.6426,1,50629879059,12678030,0
50.6451,0,50632402065,12678030,0
50.6527,2,50640034083,12705030,0
50.6577,0,50645080095,12649024,0
50.6734,2,50652739113,20665242,0
50.6759,1,50642557089,33370272,0
50.6785,0,50657729119,20721248,0
50.6836,1,50675927361,7675012,0
50.6861,0,50678450367,7675012,0
50.6937,2,50673404355,20297036,0
50.6962,1,50683602373,12622024,0
50.6991,0,50686125379,12935024,0
50.7017,2,50693701391,7990018,0
50.7044,1,50696224397,8207224,0
50.707,0,50699060403,7894224,0
50.7146,2,50701691409,12895236,0
50.7171,1,50704431621,12678030,0
50.7196,0,50706954627,12678030,0
50.7248,2,50714586645,10191024,0
50.7298,0,50719632657,10135018,0
50.7399,2,50724777669,15145030,0
50.7424,1,50717109651,25336054,0
50.745,0,50729767675,15201036,0
50.7578,1,50742445705,15389236,0
50.7604,0,50744968711,15389236,0
50.7784,2,50739922699,38472290,0
50.7809,1,50757834941,23083054,0
50.7834,0,50760357947,23083054,0
50.7986,1,50780917995,17731036,0
50.8015,0,50783441001,18044036,0
50.8069,2,50778394989,28479266,0
50.8119,0,50801485037,10379224,0
50.817,2,50806874255,10135018,0
50.8195,1,50798649031,20883248,0
50.8221,0,50811864261,10191024,0
50.8322,1,50819532279,12631024,0
50.8347,0,50822055285,12631024,0
50.8474,2,50817009273,30364066,0
50.8499,1,50832163303,17733042,0
50.8524,0,50834686309,17733042,0
50.8678,0,50852419351,15353230,0
50.8707,2,50847373339,23352248,0
50.8732,1,50849896345,23352248,0
50.8758,0,50867772581,7999018,0
50.8834,1,50873248593,10108018,0
50.8884,2,50870725587,17711030,0
50.8934,0,50875771599,17655024,0
50.896,2,50888436617,7594012,0
50.8986,1,50883356611,15197024,0
50.9011,0,50893426623,7650018,0
50.9042,2,50896030629,8180224,0
50.9067,1,50898553635,8180224,0
50.9093,0,50901076641,8180224,0
50.9144,2,50904210853,10173024,0
50.9169,1,50906733859,10173024,0
50.9194,0,50909256865,10173024,0
50.9271,2,50914383877,12687030,0
50.9321,0,50919429889,12631024,0
50.9422,1,50916906883,25280048,0
50.9447,0,50932060913,12649024,0
50.9524,2,50927070907,25298048,0
50.9551,1,50942186931,12922236,0
50.9576,0,50944709937,12922236,0
50.9678,2,50952368955,15436242,0
50.9703,1,50955109167,15219036,0
50.9732,0,50957632173,15532036,0
50.9859,2,50967805197,18055042,0
50.9909,0,50973164209,17686036,0
51.0011,2,50985860239,15190030,0
51.0117,2,51001050269,10618224,0
51.0142,1,50970328203,43863296,0
51.0193,2,51011668493,7621012,0
51.0218,1,51014191499,7621012,0
51.0243,0,50990850245,33485272,0
51.032,2,51019289505,12678030,0
51.0345,1,51021812511,12678030,0
51.0446,1,51034490541,10079012,0
51.0471,0,51024335517,22757042,0
51.0497,2,51031967535,17738030,0
51.0522,1,51044569553,7659018,0
51.0575,2,51049705565,7811218,0
51.06,1,51052228571,7811218,0
51.0626,0,51047092559,15470236,0
51.0652,2,51057516783,7650018,0
51.0677,1,51060039789,7650018,0
51.0702,0,51062562795,7650018,0
51.0728,2,51065166801,7650018,0
51.0757,1,51067689807,7963018,0
51.0782,0,51070212813,7963018,0
51.0808,2,51072816819,7963018,0
51.0833,1,51075652825,7650018,0
51.0858,0,51078175831,7650018,0
51.0884,2,51080779837,7650018,0
51.091,1,51083302843,7650018,0
51.0935,0,51085825849,7650018,0
51.1011,2,51088429855,12678030,0
51.1036,1,51090952861,12678030,0
51.1193,2,51101107885,18207248,0
51.1218,1,51103630891,18207248,0
51.1244,0,51093475867,30885278,0
51.1396,2,51119315133,20274048,0
51.1421,1,51121838139,20274048,0
51.1446,0,51124361145,20274048,0
51.1548,2,51139589181,15255036,0
51.1598,0,51144635193,15199030,0
51.1677,2,51154844217,12819224,0
51.1727,0,51159834223,12819224,0
51.1753,2,51167663441,7630012,0
51.1831,1,51142112187,40951272,0
51.1857,2,51175293453,10365012,0
51.1882,0,51172653447,15537024,0
51.1907,1,51183063459,7650018,0
51.1933,2,51185658465,7659018,0
51.1958,0,51188190471,7650018,0
51.1984,1,51190713477,7650018,0
51.201,2,51193317483,7650018,0
51.2035,0,51195840489,7650018,0
51.2062,1,51198363495,7867224,0
51.2091,2,51200967501,8180224,0
51.2117,0,51203490507,8180224,0
51.2142,1,51206230719,7963018,0
51.2218,2,51209147725,12678030,0
51.2243,0,51211670731,12678030,0
51.2345,2,51221825755,12649024,0
51.237,0,51224348761,12649024,0
51.2395,1,51214193737,25327054,0
51.2597,1,51239520791,20135036,0
51.265,2,51234474779,30523260,0
51.2675,0,51236997785,30523260,0
51.27,1,51259655827,10388224,0
51.2727,2,51264998039,7659018,0
51.2776,1,51270044051,7603012,0
51.2831,2,51272657057,10421018,0
51.2856,0,51267521045,18080036,0
51.2881,1,51277647063,10477024,0
51.2933,2,51283078075,10173024,0
51.2958,0,51285601081,10173024,0
51.2983,1,51288124087,10173024,0
51.3062,2,51293251099,12904236,0
51.3115,1,51298297111,13161236,0
51.3216,2,51306155335,15485036,0
51.3266,1,51311458347,15172030,0
51.3317,0,51295774105,35963278,0
51.3343,1,51326630377,7630012,0
51.3369,2,51321640371,15224024,0
51.3394,0,51331737383,7650018,0
51.3419,1,51334260389,7650018,0
51.3445,2,51336864395,7650018,0
51.347,0,51339387401,7650018,0
51.3521,2,51344514413,7594012,0
51.3571,1,51341910407,15188024,0
51.3599,2,51352108425,7811218,0
51.3649,1,51357098431,7811218,0
51.3675,2,51359919643,7594012,0
51.37,0,51347037419,22999242,0
51.3726,1,51364909649,7650018,0
51.3752,2,51367513655,7650018,0
51.3777,0,51370036661,7650018,0
51.3802,1,51372559667,7650018,0
51.3831,2,51375163673,7963018,0
51.3856,0,51377686679,7963018,0
51.3882,1,51380209685,7963018,0
51.3908,2,51383126691,7650018,0
51.3933,0,51385649697,7650018,0
51.3958,1,51388172703,7650018,0
51.3984,2,51390776709,7650018,0
51.4009,0,51393299715,7650018,0
51.4035,1,51395822721,7650018,0
51.4063,2,51398426727,7867224,0
51.4088,0,51400949733,7867224,0
51.4113,1,51403472739,7867224,0
51.4143,2,51406293951,7963018,0
51.4168,0,51408816957,7963018,0
51.4193,1,51411339963,7963018,0
51.4244,0,51416779975,7594012,0
51.4269,1,51419302981,7594012,0
51.4295,2,51414256969,15244030,0
51.432,0,51424373987,7650018,0
51.4345,1,51426896993,7650018,0
51.4446,1,51434547011,10052012,0
51.4522,0,51432024005,20169030,0
51.4547,1,51444599023,10117018,0
51.46,0,51452193035,7820218,0
51.4625,1,51454716041,7820218,0
51.4651,2,51429500999,35594266,0
51.4677,0,51460013253,7659018,0
51.4702,1,51462536259,7659018,0
51.4728,2,51465095265,7659018,0
51.4753,0,51467672271,7650018,0
51.4778,1,51470195277,7650018,0
51.4804,2,51472754283,7650018,0
51.4858,0,51475322289,10477024,0
51.4883,1,51477845295,10477024,0
51.4984,0,51485799313,12631024,0
51.501,1,51488322319,12631024,0
51.5037,2,51480404301,23343254,0
51.5088,0,51498430337,10408230,0
51.5114,1,51500953343,10408230,0
51.5168,2,51503747555,13018030,0
51.5219,0,51508838567,13018030,0
51.5244,1,51511361573,13018030,0
51.527,2,51516765585,10191024,0
51.532,0,51521856597,10191024,0
51.5346,1,51524379603,10191024,0
51.5371,2,51526956609,10173024,0
51.5422,0,51532047621,10173024,0
51.5447,1,51534570627,10173024,0
51.5473,2,51537129633,10173024,0
51.5524,0,51542220645,10173024,0
51.5574,2,51547302657,10117018,0
51.5627,0,51552393669,10334224,0
51.5653,1,51544743651,20507248,0
51.5678,2,51557419675,10390230,0
51.5729,0,51562727893,10173024,0
51.5754,1,51565250899,10173024,0
51.578,2,51567809905,10173024,0
51.5806,0,51572900917,7659018,0
51.5856,2,51577982929,7603012,0
51.5885,0,51580559935,7907012,0
51.591,1,51575423923,15566030,0
51.5935,2,51585585941,7963018,0
51.5986,0,51588466947,10164024,0
51.6012,1,51590989953,10164024,0
51.6039,2,51593548959,10381230,0
51.609,0,51598630971,10390230,0
51.6115,1,51601153977,10390230,0
51.6194,2,51603930189,15514036,0
51.6245,0,51609021201,15514036,0
51.6271,1,51611544207,15514036,0
51.6347,2,51619444225,15228036,0
51.6372,0,51624535237,12714030,0
51.6398,1,51627058243,12714030,0
51.6449,2,51634672261,10200024,0
51.6499,1,51639772273,10135018,0
51.6525,2,51644872285,7603012,0
51.6553,0,51637249267,18011242,0
51.6578,1,51649907291,7876224,0
51.6603,2,51652475297,7867224,0
51.6629,0,51655260509,7659018,0
51.6654,1,51657783515,7659018,0
51.6705,0,51662919527,7594012,0
51.673,1,51665442533,7594012,0
51.6756,2,51660342521,15253030,0
51.6782,0,51670513539,7650018,0
51.6807,1,51673036545,7650018,0
51.6832,2,51675595551,7650018,0
51.6858,0,51678163557,7650018,0
51.6883,1,51680686563,7650018,0
51.6912,2,51683245569,7963018,0
51.6938,0,51685813575,7963018,0
51.6963,1,51688336581,7963018,0
51.6989,2,51691208587,7650018,0
51.7014,0,51693776593,7650018,0
51.7042,1,51696299599,7867224,0
51.7067,2,51698858605,7867224,0
51.7143,0,51701426611,12895236,0
51.7168,1,51704166823,12678030,0
51.7222,2,51706725829,15505036,0
51.7248,0,51714321847,10504024,0
51.7273,1,51716844853,10504024,0
51.7349,2,51722230865,12714030,0
51.7375,0,51724825871,12687030,0
51.74,1,51727348877,12687030,0
51.7451,2,51734944895,10191024,0
51.7477,0,51737512901,10191024,0
51.7502,1,51740035907,10191024,0
51.7555,2,51745135919,10390230,0
51.7606,0,51747703925,12904236,0
51.7631,1,51750226931,12904236,0
51.7682,2,51755526149,12705030,0
51.7733,1,51763131167,10144018,0
51.7759,2,51768231179,7621012,0
51.7784,0,51760608161,17803036,0
51.7809,1,51773275185,7659018,0
51.7835,2,51775852191,7650018,0
51.7861,0,51778411197,7650018,0
51.7886,1,51780934203,7650018,0
51.794,2,51783502209,10477024,0
51.8016,0,51786061215,15505036,0
51.8043,1,51788584221,15722242,0
51.8094,0,51801566251,7847218,0
51.8119,1,51804306463,7630012,0
51.8145,2,51793979233,20525248,0
51.8171,0,51809413469,7650018,0
51.8196,1,51811936475,7650018,0
51.83,0,51817063487,12935024,0
51.8325,1,51819586493,12935024,0
51.8351,2,51814504481,20594042,0
51.8402,0,51829998511,10191024,0
51.8452,2,51835098523,10117018,0
51.8478,0,51840189535,7603012,0
51.8503,1,51832521517,17794036,0
51.8531,2,51845215541,7876224,0
51.8582,0,51847792547,10381230,0
51.8607,1,51850315553,10381230,0
51.8683,2,51853091765,15201036,0
51.8733,1,51860696783,12649024,0
51.8759,2,51868292801,7630012,0
51.8785,0,51858173777,20326042,0
51.881,1,51873345807,7677018,0
51.8836,2,51875922813,7650018,0
51.8887,0,51878499819,10164024,0
51.8912,1,51881022825,10164024,0
51.8937,2,51883572831,10164024,0
51.8991,0,51888663843,10486024,0
51.9017,1,51891186849,10486024,0
51.9095,2,51893736855,15731242,0
51.9121,0,51899149867,12904236,0
51.9146,1,51901672873,12904236,0
51.9222,2,51909468097,12714030,0
51.9275,1,51914577109,12962030,0
51.9301,2,51922182127,7934018,0
51.9327,0,51912054103,20639048,0
51.9377,2,51930116145,7594012,0
51.9403,0,51932693151,7594012,0
51.9453,2,51937710157,7594012,0
51.9479,0,51940287163,7594012,0
51.9504,1,51927539139,22865042,0
51.9532,2,51945304169,7867224,0
51.9557,0,51947881175,7867224,0
51.9583,1,51950404181,7867224,0
51.9608,2,51953171393,7659018,0
51.9634,0,51955748399,7659018,0
51.9659,1,51958271405,7659018,0
51.9685,2,51960830411,7650018,0
51.9711,0,51963407417,7650018,0
51.9736,1,51965930423,7650018,0
51.9761,2,51968480429,7650018,0
51.9812,0,51971057435,10164024,0
51.9862,2,51976130447,10108018,0
51.9939,0,51981221459,12631024,0
51.9964,1,51973580441,22795048,0
52.0045,0,51993852483,10665224,0
52.007,1,51996375489,10665224,0
52.0096,2,51986238465,23352254,0
52.0172,0,52004517707,12705030,0
52.0197,1,52007040713,12705030,0
52.0302,0,52017222737,12962024,0
52.0428,0,52030184761,12593018,0
52.0453,1,52019745743,25555042,0
52.0479,2,52009590719,38260072,0
52.0582,0,52042777779,15436242,0
52.0607,1,52045300785,15436242,0
52.0633,2,52047850791,15436242,0
52.0734,0,52058214021,15228036,0
52.076,1,52060737027,15228036,0
52.0886,0,52073442057,15172030,0
52.0911,1,52075965063,15172030,0
52.0962,2,52063287033,32932072,0
52.1016,0,52088614087,12971030,0
52.1041,1,52091137093,12971030,0
52.1094,2,52096219105,13188236,0
52.1145,0,52101585117,12922236,0
52.117,1,52104108123,12922236,0
52.1272,0,52114507353,12658024,0
52.1325,2,52109407341,23106048,0
52.1376,0,52127165377,10448024,0
52.1401,1,52117030359,23106048,0
52.1452,2,52132513389,12687030,0
52.1503,0,52137613401,12687030,0
52.1581,2,52145200419,12866230,0
52.1682,0,52150300431,17894242,0
52.1707,1,52140136407,30581272,0
52.1758,2,52158066649,17733042,0
52.1809,0,52168194673,12732030,0
52.1834,1,52170717679,12732030,0
52.1885,2,52175799691,12732030,0
52.1936,0,52180926703,12649024,0
52.1961,1,52183449709,12649024,0
52.1987,2,52188531721,10135018,0
52.2068,1,52196098733,10665224,0
52.2093,2,52198666739,10647224,0
52.2144,0,52193575727,20838248,0
52.2169,1,52206763957,10173024,0
52.2195,2,52209313963,10173024,0
52.2271,0,52214413975,12687030,0
52.2296,1,52216936981,12687030,0
52.2375,2,52219486987,18028042,0
52.2477,0,52227101005,20560048,0
52.2502,1,52229624011,20560048,0
52.253,2,52237515029,15463242,0
52.2606,0,52247661053,12958236,0
52.2656,2,52252978271,12658024,0
52.2708,0,52260619289,10135018,0
52.2733,1,52250184059,23093254,0
52.2758,2,52265636295,10191024,0
52.2885,0,52270754307,17715042,0
52.2935,2,52275827319,17659036,0
52.2986,0,52288469349,10162018,0
52.3012,1,52273277313,27877060,0
52.3067,2,52293486355,13262236,0
52.3143,0,52298631367,15675236,0
52.3168,1,52301154373,15675236,0
52.3194,2,52306748591,12658024,0
52.327,0,52314306603,12732030,0
52.3296,1,52316829609,12732030,0
52.3346,2,52319406615,15219036,0
52.3426,0,52327038633,15532036,0
52.3529,0,52342570669,10305218,0
52.3554,1,52329561639,25837254,0
52.3605,2,52334625651,25846254,0
52.3656,0,52352875887,12705030,0
52.3681,1,52355398893,12705030,0
52.3707,2,52360471905,10191024,0
52.3758,0,52365580917,10191024,0
52.3783,1,52368103923,10191024,0
52.3884,1,52378294947,10061012,0
52.3909,2,52370662929,20234036,0
52.396,0,52375771941,20234036,0
52.3985,1,52388355959,10173024,0
52.4011,2,52390896965,10173024,0
52.4039,0,52396005977,7876224,0
52.4067,1,52398528983,8189224,0
52.4117,2,52401069989,10647224,0
52.4143,0,52403882201,10421018,0
52.4168,1,52406718207,10108018,0
52.4219,2,52411717213,10173024,0
52.4295,0,52414303219,15201036,0
52.432,1,52416826225,15201036,0
52.4346,2,52421890237,12687030,0
52.4425,0,52429504255,12971024,0
52.445,1,52432027261,12971024,0
52.4475,2,52434577267,12962024,0
52.4502,0,52442475279,7677018,0
52.4529,1,52444998285,7894224,0
52.4579,2,52447539291,10408230,0
52.4655,1,52452892509,12622024,0
52.4681,2,52457947521,10117018,0
52.4757,0,52450152297,25544260,0
52.4782,1,52465514533,12705030,0
52.4808,2,52468064539,12687030,0
52.4884,0,52475696557,12705030,0
52.4909,1,52478219563,12705030,0
52.4985,0,52488401587,10135018,0
52.5011,1,52490924593,10135018,0
52.5063,2,52480751569,25571260,0
52.5118,0,52498536605,13217236,0
52.5143,1,52501059611,13217236,0
52.5168,2,52506322829,10504024,0
52.5219,0,52511753841,10191024,0
52.5245,1,52514276847,10191024,0
52.5295,2,52516826853,12687030,0
52.5346,0,52521944865,12687030,0
52.5372,1,52524467871,12687030,0
52.5397,2,52529513883,10191024,0
52.5476,0,52534631895,13018030,0
52.5502,1,52537154901,13018030,0
52.5529,2,52539704907,13217236,0
52.5581,0,52547649925,10408230,0
52.5606,1,52550172931,10408230,0
52.5631,2,52552922143,10191024,0
52.5682,0,52558058155,10173024,0
52.5732,2,52563113167,10117018,0
52.5809,0,52568231179,12631024,0
52.5834,1,52560581161,22804048,0
52.5859,2,52573230185,12687030,0
52.5936,0,52580862203,12705030,0
52.5961,1,52583385209,12705030,0
52.5986,2,52585917215,12705030,0
52.6065,0,52593567233,12922236,0
52.609,1,52596090239,12922236,0
52.6144,2,52598622245,15749242,0
52.622,0,52606489469,15541036,0
52.6246,1,52609012475,15541036,0
52.6271,2,52614371487,12732030,0
52.6373,0,52622030505,15228036,0
52.6398,1,52624553511,15228036,0
52.6502,0,52637258541,12979480,0
52.6605,2,52627103517,33405728,0
52.6656,0,52650238021,15380236,0
52.6681,1,52639781547,28359716,0
52.6757,2,52660509245,15228036,0
52.6833,0,52665618257,17686036,0
52.6934,0,52683304293,10106012,0
52.6959,1,52668141263,27792048,0
52.701,2,52675737281,25260042,0
52.7088,0,52693410305,15418242,0
52.7114,1,52695933311,15418242,0
52.7142,2,52700997323,13217236,0
52.7294,1,52711351553,18017036,0
52.7319,2,52714214559,17686036,0
52.7446,0,52708828547,35777078,0
52.7499,2,52731900595,18017036,0
52.7603,1,52729368589,30910266,0
52.7628,2,52749917631,12893230,0
52.7705,0,52744605625,25864254,0
52.778,0,52770469879,7565006,0
52.7806,1,52760278855,20279036,0
52.7881,0,52778034885,10108018,0
52.7907,1,52780557891,10108018,0
52.7957,2,52762810861,32856054,0
52.8007,1,52790665909,10063012,0
52.8035,2,52795666915,7820218,0
52.8061,0,52788142903,17939236,0
52.8086,1,52800728921,7876224,0
52.8111,2,52803487133,7650018,0
52.8166,0,52806082139,10477024,0
52.8216,2,52811137151,10421018,0
52.8242,0,52816559163,7603012,0
52.8292,2,52821558169,7603012,0
52.8318,0,52824162175,7594012,0
52.8343,1,52808605145,25674048,0
52.8368,2,52829161181,7650018,0
52.8394,0,52831756187,7650018,0
52.8419,1,52834279193,7650018,0
52.8445,2,52836811199,7650018,0
52.8499,0,52839406205,10477024,0
52.8524,1,52841929211,10477024,0
52.8577,0,52849883229,7820218,0
52.8602,1,52852406235,7820218,0
52.8628,2,52844461217,18297242,0
52.8729,0,52857703447,15201036,0
52.8754,1,52860226453,15201036,0
52.878,2,52862758459,15201036,0
52.8932,0,52872904483,20256048,0
52.8957,1,52875427489,20256048,0
52.8982,2,52877959495,20256048,0
52.9111,0,52893160531,17930242,0
52.9136,1,52895683537,17930242,0
52.924,1,52913613779,10428018,0
52.9266,2,52898215543,28358260,0
52.9317,0,52911090773,20601042,0
52.9342,1,52924041797,10173024,0
52.9367,2,52926573803,10173024,0
52.9419,0,52931691815,10173024,0
52.9444,1,52934214821,10173024,0
52.9469,2,52936746827,10173024,0
52.9551,0,52941864839,13217236,0
52.9576,1,52944387845,13217236,0
52.9601,2,52946919851,13217236,0
52.9728,0,52955082075,17733042,0
52.9753,1,52957605081,17733042,0
52.9779,2,52960137087,17733042,0
52.9905,1,52975338123,15190030,0
52.9931,2,52977870129,15190030,0
53.0007,0,52972815117,27904060,0
53.0035,1,52990528153,12931236,0
53.006,2,52993060159,12931236,0
53.0136,1,53003459389,10135018,0
53.0161,2,53005991395,10135018,0
53.0216,0,53000719177,20838248,0
53.0241,1,53013594407,10486024,0
53.0266,2,53016126413,10486024,0
53.0317,0,53021557425,10173024,0
53.0367,2,53026612437,10117018,0
53.0418,0,53031730449,10117018,0
53.0444,1,53024080431,20290042,0
53.0548,0,53041847467,12955548,0
53.06,2,53036729455,23307772,0
53.0652,0,53054803015,10361224,0
53.0677,1,53044370473,23316772,0
53.0727,2,53060037227,12705030,0
53.0828,2,53072742257,10081012,0
53.0879,0,53065164239,22768042,0
53.0905,1,53067687245,22768042,0
53.093,2,53082823269,10173024,0
53.0956,0,53087932281,7659018,0
53.1006,2,53092996293,7603012,0
53.1059,0,53095591299,10325224,0
53.1084,1,53090455287,17984242,0
53.111,2,53100599305,10381230,0
53.1186,1,53108439529,10135018,0
53.1211,2,53110980535,10135018,0
53.1265,0,53105916523,20621042,0
53.1291,1,53118574547,10486024,0
53.1316,2,53121115553,10486024,0
53.1392,1,53129060571,10117018,0
53.1442,2,53131601577,12631024,0
53.1519,0,53126537565,25318054,0
53.1547,1,53139177589,15514036,0
53.16,2,53144232601,15749242,0
53.1651,0,53151855619,13244236,0
53.1676,1,53154691625,12931236,0
53.1752,2,53159981843,15246036,0
53.1803,0,53165099855,15228036,0
53.1829,1,53167622861,15228036,0
53.1905,2,53175227879,15228036,0
53.193,0,53180327891,12714030,0
53.1956,1,53182850897,12714030,0
53.2084,0,53193041921,15380236,0
53.2109,1,53195564927,15380236,0
53.216,2,53190455915,25589260,0
53.2212,0,53208422157,12732030,0
53.2237,1,53210945163,12732030,0
53.2291,2,53216045175,13018030,0
53.2366,1,53223677193,12906018,0
53.2442,0,53221154187,23041036,0
53.2467,1,53236583211,10135018,0
53.2517,2,53229063205,22672030,0
53.2545,0,53244195223,10334224,0
53.2574,1,53246718229,10647224,0
53.2599,2,53251735235,8189224,0
53.265,0,53254529447,10504024,0
53.2676,1,53257365453,10191024,0
53.2701,2,53259924459,10173024,0
53.2777,0,53265033471,12687030,0
53.2802,1,53267556477,12687030,0
53.2828,2,53270097483,12687030,0
53.2954,1,53280243507,15163030,0
53.2979,2,53282784513,15163030,0
53.3058,0,53277720501,28038260,0
53.3083,1,53295406537,12875230,0
53.3133,2,53297947543,15389236,0
53.321,0,53305758761,15228036,0
53.3235,1,53308281767,15228036,0
53.3289,2,53313336779,15559036,0
53.3365,0,53320986797,15541036,0
53.3391,1,53323509803,15541036,0
53.3492,2,53328895815,20256048,0
53.357,2,53349151863,7818212,0
53.3624,0,53336527833,25846254,0
53.3649,1,53339050839,25846254,0
53.3675,2,53356970075,10486024,0
53.3751,0,53362374087,12705030,0
53.3826,2,53367456099,15145030,0
53.3877,0,53375079117,12649024,0
53.3927,2,53382601129,10144018,0
53.3979,0,53387728141,10135018,0
53.4004,1,53364897093,35489072,0
53.4081,0,53397863159,10278218,0
53.4107,1,53400386165,10278218,0
53.4132,2,53392745147,20451242,0
53.4183,0,53408141377,10173024,0
53.4208,1,53410664383,10173024,0
53.4234,2,53413196389,10173024,0
53.4313,0,53418314401,13000030,0
53.4338,1,53420837407,13000030,0
53.4364,2,53423369413,13000030,0
53.449,0,53431314431,17733042,0
53.454,2,53436369443,17677036,0
53.4697,0,53449047473,20692242,0
53.4723,1,53433837437,38425284,0
53.4748,2,53454046479,20748248,0
53.4875,0,53469739715,17769042,0
53.49,1,53472262721,17769042,0
53.5079,0,53487508757,20437248,0
53.5105,1,53490031763,20437248,0
53.5206,0,53507946005,12703024,0
53.5256,2,53474794727,50844308,0
53.5336,1,53510469011,23095042,0
53.5361,2,53525639035,10448024,0
53.5437,0,53520649029,23079048,0
53.5463,1,53533564053,12687030,0
53.5488,2,53536087059,12687030,0
53.5616,1,53546251083,15380236,0
53.5645,2,53548774089,15693236,0
53.5746,1,53561631319,12971024,0
53.5797,0,53543728077,35972272,0
53.5822,1,53574602343,7621012,0
53.5847,2,53564467325,20279036,0
53.5923,1,53582223355,10108018,0
53.5949,2,53584746361,10108018,0
53.6025,0,53579700349,22795048,0
53.6052,1,53592331373,12904236,0
53.6078,2,53594854379,12904236,0
53.6154,0,53602495397,12922236,0
53.6179,1,53605235609,12705030,0
53.6205,2,53607758615,12705030,0
53.6306,1,53617940639,12649024,0
53.6331,2,53620463645,12649024,0
53.6436,0,53615417633,28181060,0
53.6461,1,53630589663,15532036,0
53.6486,2,53633112669,15532036,0
53.6565,0,53643598693,12875230,0
53.659,1,53646121699,12875230,0
53.6615,2,53648644705,12875230,0
53.6669,0,53656473923,10457024,0
53.6695,1,53658996929,10457024,0
53.672,2,53661519935,10457024,0
53.677,0,53666930947,10117018,0
53.6796,1,53669453953,10117018,0
53.6821,2,53671976959,10117018,0
53.6847,0,53677047965,7659018,0
53.6872,1,53679570971,7659018,0
53.6898,2,53682093977,7659018,0
53.6924,0,53684706983,7650018,0
53.6949,1,53687229989,7650018,0
53.6974,2,53689752995,7650018,0
53.7,0,53692357001,7650018,0
53.7027,1,53694880007,7867224,0
53.7053,2,53697403013,7867224,0
53.7079,0,53700007019,7867224,0
53.7104,1,53702747231,7650018,0
53.7129,2,53705270237,7650018,0
53.718,0,53707874243,10164024,0
53.723,2,53712920255,10108018,0
53.7256,0,53718038267,7603012,0
53.7282,1,53710397249,17767036,0
53.7307,2,53723028273,7659018,0
53.7386,1,53728164285,10421024,0
53.7411,2,53730687291,10421024,0
53.7513,0,53725641279,25622060,0
53.7565,2,53741108315,15362236,0
53.7641,0,53751263339,12875230,0
53.7667,1,53738585309,28076266,0
53.7771,0,53764138569,12962024,0
53.7796,1,53766661575,12962024,0
53.7821,2,53756470551,25676054,0
53.7948,0,53777100593,17733042,0
53.7974,1,53779623599,17733042,0
53.7999,2,53782146605,17733042,0
53.8128,0,53794833635,17977248,0
53.8153,1,53797356641,17977248,0
53.8305,1,53815333889,15134024,0
53.833,2,53799879647,33111272,0
53.8409,1,53830467913,10457024,0
53.8538,0,53812810883,40955284,0
53.8563,1,53840924937,15364236,0
53.8588,2,53832990919,25821260,0
53.8718,1,53856289173,15485036,0
53.8743,2,53858812179,15485036,0
53.8869,2,53874297215,12604018,0
53.8946,0,53853766167,40794084,0
53.8971,1,53871774209,25309048,0
53.8996,2,53886901233,12705030,0
53.905,0,53894560251,10408230,0
53.9075,1,53897083257,10408230,0
53.91,2,53899606263,10408230,0
53.9152,0,53904968481,10191024,0
53.9177,1,53907491487,10191024,0
53.9202,2,53910014493,10191024,0
53.9303,0,53915159505,15145030,0
53.9328,1,53917682511,15145030,0
53.9354,2,53920205517,15145030,0
53.9483,1,53932827541,15485030,0
53.9508,2,53935350547,15485030,0
53.9562,0,53930304535,25902260,0
53.9587,1,53948312571,10417230,0
53.9613,2,53950835577,10417230,0
53.9664,0,53956206795,10191024,0
53.9714,2,53961252807,10135018,0
53.9743,0,53966397819,7916012,0
53.9768,1,53958729801,18107036,0
53.9794,2,53971387825,7972018,0
53.987,0,53974313831,12678030,0
53.9895,1,53976836837,12678030,0
54.0021,1,53989514867,12593018,0
54.0046,2,53979359843,25271048,0
54.0125,0,53986991861,25515254,0
54.015,1,54002107885,12922236,0
54.0176,2,54004630891,12922236,0
54.0277,0,54012507115,15219036,0
54.0302,1,54015030121,15219036,0
54.0404,0,54027726151,12658024,0
54.0429,1,54030249157,12658024,0
54.056,0,54040384175,15637230,0
54.0585,1,54042907181,15637230,0
54.0611,2,54017553127,43514290,0
54.0662,0,54056021405,10218024,0
54.0688,1,54058544411,10218024,0
54.0713,2,54061067417,10218024,0
54.0817,0,54066239429,15458030,0
54.0842,1,54068762435,15458030,0
54.0867,2,54071285441,15458030,0
54.0944,0,54081697459,12658024,0
54.0969,1,54084220465,12658024,0
54.0994,2,54086743471,12658024,0
54.1072,1,54096878489,10352224,0
54.1098,2,54099401495,10352224,0
54.1124,0,54094355483,18011242,0
54.1149,1,54107230713,7659018,0
54.1174,2,54109753719,7659018,0
54.12,0,54112366725,7650018,0
54.1225,1,54114889731,7650018,0
54.1251,2,54117412737,7650018,0
54.1352,1,54122539749,12622024,0
54.1377,2,54125062755,12622024,0
54.1428,0,54120016743,22813048,0
54.1481,2,54137684779,10448024,0
54.156,0,54142829791,13161236,0
54.161,2,54148132803,12848230,0
54.1737,0,54155991027,17686036,0
54.1762,1,54135161773,41038296,0
54.179,2,54160981033,18055042,0
54.1892,1,54176200069,12989024,0
54.1917,2,54179036075,12676024,0
54.1969,0,54173677063,23180048,0
54.1994,1,54189189093,10191024,0
54.2072,0,54196857111,10334224,0
54.2097,1,54199380117,10334224,0
54.2173,0,54207191335,10117018,0
54.2198,1,54209714341,10117018,0
54.2274,2,54191712099,35659272,0
54.2299,0,54217308353,12631024,0
54.235,2,54227371371,7603012,0
54.2401,0,54229939377,10135018,0
54.2426,1,54219831359,22766042,0
54.2451,2,54234974383,10164024,0
54.2506,0,54240074395,10486024,0
54.2533,1,54242597401,10703230,0
54.2558,2,54245138407,10703230,0
54.261,0,54250560419,10390230,0
54.2635,1,54253300631,10173024,0
54.2685,2,54255841637,12687030,0
54.2736,0,54260950649,12687030,0
54.2762,1,54263473655,12687030,0
54.2941,1,54276160685,17934030,0
54.2992,2,54268528667,30639060,0
54.307,1,54294094715,12893230,0
54.3095,2,54299167727,10379224,0
54.3147,0,54273637679,41027284,0
54.3197,2,54309546951,10135018,0
54.3272,2,54319681969,7547006,0
54.3298,0,54314664963,15141018,0
54.3323,1,54306987945,25341042,0
54.3349,2,54327228975,7650018,0
54.3375,0,54329805981,7650018,0
54.34,1,54332328987,7650018,0
54.3425,2,54334878993,7650018,0
54.3476,0,54337455999,10164024,0
54.3501,1,54339979005,10164024,0
54.3532,2,54342529011,10694230,0
54.3583,0,54347620023,10703230,0
54.3608,1,54350143029,10703230,0
54.376,1,54360846259,15107024,0
54.3785,2,54353223241,25298048,0
54.3865,0,54358323253,28134054,0
54.389,1,54375953283,13027030,0
54.3991,0,54386457307,12649024,0
54.4016,1,54388980313,12649024,0
54.4069,2,54378521289,28407266,0
54.4145,0,54399106331,15436242,0
54.4171,1,54401629337,15436242,0
54.4247,2,54406928555,17733042,0
54.4298,0,54414542573,15228036,0
54.4323,1,54417065579,15228036,0
54.4399,2,54424661597,15246036,0
54.4527,2,54439907633,12819224,0
54.4607,0,54429770609,30892266,0
54.4682,0,54460662875,7574006,0
54.4708,1,54432293615,38466272,0
54.4758,2,54452726857,23106042,0
54.4834,0,54468236881,15192036,0
54.4863,1,54470759887,15505036,0
54.4888,2,54475832899,13000030,0
54.4965,0,54483428917,13027030,0
54.499,1,54486264923,12714030,0
54.5043,2,54488832929,15436242,0
54.5144,0,54496455947,17894242,0
54.5169,1,54498978953,17894242,0
54.5195,2,54504269171,15190030,0
54.5246,0,54514350189,10227024,0
54.5346,0,54524577213,10061012,0
54.5372,1,54516873195,20288036,0
54.5422,2,54519459201,22775042,0
54.5473,0,54534638225,12687030,0
54.5551,0,54547325255,7782212,0
54.5579,1,54537161231,20782242,0
54.5605,2,54542234243,18268236,0
54.5655,1,54557943473,7594012,0
54.5706,2,54560502479,10108018,0
54.5782,0,54555107467,23099048,0
54.5807,1,54565537485,15192036,0
54.5912,2,54570610497,20542048,0
54.5963,0,54578206515,18055042,0
54.6066,2,54591152545,15416236,0
54.6116,1,54580729521,30892266,0
54.6167,2,54606568781,10162018,0
54.6243,1,54611621787,12658024,0
54.6268,2,54616730799,10117018,0
54.6319,1,54624279811,7621012,0
54.6344,0,54596261557,38171272,0
54.637,2,54626847817,10117018,0
54.6396,1,54631900823,7650018,0
54.6421,0,54634432829,7650018,0
54.6471,2,54636964835,10173024,0
54.655,1,54639550841,15409242,0
54.6603,0,54642082847,18236248,0
54.673,1,54654960083,18001036,0
54.678,2,54647137859,30867266,0
54.6831,1,54672961119,10162018,0
54.6857,0,54660319095,25336048,0
54.6961,1,54683123137,12944024,0
54.6986,0,54685655143,12944024,0
54.7064,1,54696067161,10352224,0
54.709,0,54698599167,10352224,0
54.7115,2,54678005125,33487272,0
54.7191,1,54706419385,12687030,0
54.7216,0,54708951391,12687030,0
54.7242,2,54711492397,12687030,0
54.7293,1,54719106415,10191024,0
54.7318,0,54721638421,10191024,0
54.7344,2,54724179427,10191024,0
54.7395,1,54729297439,10173024,0
54.742,0,54731829445,10173024,0
54.7445,2,54734370451,10173024,0
54.7496,1,54739470463,10173024,0
54.7547,0,54742002469,12687030,0
54.7574,2,54744543475,12904236,0
54.7654,1,54749643487,15731242,0
54.7704,0,54754689499,15749242,0
54.778,1,54765374729,12658024,0
54.7806,0,54770438741,10144018,0
54.7881,0,54780582759,7547006,0
54.7907,2,54757447711,33223060,0
54.7961,1,54778032753,18042030,0
54.8011,2,54790670771,10421018,0
54.8039,1,54796074783,7820218,0
54.8064,0,54788129765,18297242,0
54.8115,2,54801091789,10390230,0
54.8141,1,54803895001,10164024,0
54.8166,0,54806427007,10164024,0
54.8191,2,54811482019,7659018,0
54.8267,1,54814059025,12631024,0
54.8292,0,54816591031,12631024,0
54.8318,2,54819141037,12622024,0
54.8394,0,54829222055,10135018,0
54.8419,2,54831763061,10135018,0
54.8495,1,54826690049,22822048,0
54.852,0,54839357073,12687030,0
54.8548,2,54841898079,12904236,0
54.8599,1,54849512097,10408230,0
54.8625,0,54852044103,10408230,0
54.8678,2,54854802315,13027030,0
54.878,1,54859920327,18046042,0
54.8805,0,54862452333,18046042,0
54.883,2,54867829345,15219036,0
54.8932,1,54877966369,15190030,0
54.8985,2,54883048381,15429024,0
54.9088,0,54880498375,28322254,0
54.9114,2,54898477405,12875230,0
54.9165,1,54893156399,23305248,0
54.919,0,54908820629,10191024,0
54.9215,2,54911352635,10191024,0
54.9292,1,54916461647,12705030,0
54.9317,0,54919011653,12687030,0
54.9418,1,54929166677,12649024,0
54.9443,0,54931698683,12649024,0
54.9469,2,54921543659,25336054,0
54.9573,1,54941815701,15436242,0
54.9623,0,54944347707,17950248,0
54.9677,2,54946879713,20777254,0
54.9803,0,54962297955,18017036,0
54.9829,2,54967656967,15199030,0
54.9905,1,54957251943,33245072,0
54.993,0,54980314991,12732030,0
54.9956,2,54982855997,12714030,0
55.0113,1,54990497015,20786254,0
55.0138,0,54993047021,20777254,0
55.0163,2,54995570027,20777254,0
55.0315,0,55013824275,17713036,0
55.0417,1,55011283269,30389060,0
55.0467,2,55016347281,30333054,0
55.0571,1,55041672329,15380236,0
55.0596,0,55031537311,28056260,0
55.0647,1,55057052565,7630012,0
55.0672,0,55059593571,7630012,0
55.0701,2,55046680335,23379254,0
55.0777,1,55064682577,12991030,0
55.0802,0,55067223583,12991030,0
55.0827,2,55070059589,12678030,0
55.0929,1,55077673607,15219036,0
55.0979,2,55082737619,15163030,0
55.1033,1,55092892643,10457018,0
55.1061,0,55080214613,25893260,0
55.1086,2,55097900649,10730230,0
55.1137,1,55103349661,10390230,0
55.1187,2,55108630879,10117018,0
55.1264,1,55113739891,12631024,0
55.1289,0,55106107873,22804048,0
55.1314,2,55118747897,12687030,0
55.1391,1,55126370915,12705030,0
55.1416,0,55128911921,12705030,0
55.1441,2,55131434927,12705030,0
55.1545,1,55139075945,15436242,0
55.1571,0,55141616951,15436242,0
55.1697,1,55154512187,15172030,0
55.1725,0,55157053193,15485030,0
55.1751,2,55144139957,30921272,0
55.1852,1,55169684217,15541036,0
55.1878,0,55172538223,15228036,0
55.1903,2,55175061229,15228036,0
55.2005,1,55185225253,15228036,0
55.2058,2,55190289265,15485030,0
55.2136,1,55200453289,13188230,0
55.2212,0,55187766259,33444278,0
55.2288,1,55213641519,15172030,0
55.2314,0,55221210537,10171018,0
55.2339,2,55205774295,28130266,0
55.244,0,55231381555,12631024,0
55.2465,2,55233904561,12631024,0
55.2517,1,55228813549,22849048,0
55.2544,0,55244012579,10408230,0
55.2569,2,55246535585,10408230,0
55.2646,1,55251662597,12904236,0
55.2722,0,55254420809,17733042,0
55.275,2,55256943815,18046042,0
55.2776,1,55264566833,13027030,0
55.2827,0,55272153851,10531024,0
55.2852,2,55274989857,10218024,0
55.2928,0,55282684875,10117018,0
55.2953,2,55285207881,10117018,0
55.3004,1,55277593863,22840048,0
55.3032,0,55292801893,10390230,0
55.306,2,55295324899,10703230,0
55.3137,1,55300433911,13217236,0
55.3187,2,55306028129,12649024,0
55.3263,1,55313651147,12658024,0
55.3289,0,55303192123,25667054,0
55.339,1,55326309171,12649024,0
55.3415,0,55328859177,12649024,0
55.344,2,55318677153,25354054,0
55.3543,1,55338958195,15382236,0
55.3594,2,55344031207,15326230,0
55.362,1,55354340431,7648012,0
55.3645,0,55341508201,23030248,0
55.3671,2,55359357437,7704018,0
55.3722,1,55361988443,10164024,0
55.3775,2,55367061455,10421024,0
55.3826,1,55372152467,10430024,0
55.3851,0,55364538449,20594048,0
55.3877,2,55377482479,10173024,0
55.3927,0,55385132497,7603012,0
55.3953,2,55387655503,7603012,0
55.4031,1,55382582491,20498248,0
55.4085,0,55392735509,15722242,0
55.411,2,55395258515,15722242,0
55.4136,1,55403080739,10513024,0
55.4187,0,55408457751,10218024,0
55.4212,2,55410980757,10218024,0
55.4263,1,55413593763,12687030,0
55.4288,0,55418675775,10173024,0
55.4314,2,55421198781,10173024,0
55.439,1,55426280793,12705030,0
55.4415,0,55428848799,12687030,0
55.4441,2,55431371805,12687030,0
55.4492,1,55438985823,10191024,0
55.4542,2,55444058835,10135018,0
55.4595,1,55449176847,10334224,0
55.4621,0,55441535829,20525248,0
55.4646,2,55454193853,10390230,0
55.4697,1,55459511071,10173024,0
55.4722,0,55462061077,10173024,0
55.4748,2,55464584083,10173024,0
55.4826,1,55469684095,12944024,0
55.4852,0,55472234101,12944024,0
55.4877,2,55474757107,12944024,0
55.4928,1,55482628119,10191024,0
55.4954,0,55485178125,10191024,0
55.5056,0,55495369149,10278218,0
55.5082,2,55487701131,20469242,0
55.5136,1,55492819143,20764242,0
55.5162,0,55505647367,10504024,0
55.5187,2,55508170373,10504024,0
55.5263,0,55516151391,10117018,0
55.5288,2,55518674397,10117018,0
55.5314,1,55513583385,17794036,0
55.5339,0,55526268409,7659018,0
55.539,1,55531377421,7594012,0
55.544,0,55533927427,10108018,0
55.5466,2,55528791415,17767036,0
55.5516,1,55538971433,12678030,0
55.5567,0,55544035445,12631024,0
55.5717,1,55551649463,20023024,0
55.577,0,55556666469,20296236,0
55.5795,2,55546558451,32927260,0
55.5849,1,55571672487,13215230,0
55.5875,0,55576962705,10502018,0
55.59,2,55579485711,10502018,0
55.5926,1,55584887717,7686018,0
55.5976,0,55587464723,10173024,0
55.6002,2,55589987729,10173024,0
55.6055,1,55592573735,12895236,0
55.6105,0,55597637747,12904236,0
55.6134,2,55600160753,13217236,0
55.6185,1,55605468971,13027030,0
55.6236,0,55610541983,13027030,0
55.6261,2,55613377989,12714030,0
55.6337,0,55623569013,10135018,0
55.6362,2,55626092019,10135018,0
55.6413,1,55618496001,22840048,0
55.6439,0,55633704031,10173024,0
55.6464,2,55636227037,10173024,0
55.6542,0,55643877055,10334224,0
55.6567,2,55646400061,10334224,0
55.6618,1,55641336049,20507248,0
55.6669,0,55654211279,12705030,0
55.6694,2,55656734285,12705030,0
55.6745,1,55661843297,12705030,0
55.6771,0,55666916309,10191024,0
55.685,1,55674548327,10448018,0
55.6875,0,55677107333,10430018,0
55.6951,1,55684996345,10117018,0
55.6977,0,55687537351,10117018,0
55.7002,2,55669439315,30738060,0
55.7055,1,55695113363,10390230,0
55.708,0,55697654369,10390230,0
55.7131,1,55705503593,7603012,0
55.7185,0,55708044599,10430018,0
55.721,2,55700177375,20820248,0
55.7286,1,55713106605,15505036,0
55.7312,0,55718474617,12687030,0
55.7337,2,55720997623,12687030,0
55.7388,1,55728611641,10200024,0
55.7414,0,55731161647,10191024,0
55.7489,1,55738811665,10117018,0
55.7515,0,55741352671,10117018,0
55.754,2,55733684653,20308042,0
55.7593,1,55748928683,10390230,0
55.7644,0,55751469689,12904236,0
55.7719,1,55759318913,12631024,0
55.777,0,55764373925,12649024,0
55.7795,2,55753992695,25553260,0
55.7821,1,55771949937,10191024,0
55.7875,0,55777022949,10504024,0
55.79,2,55779545955,10504024,0
55.7976,0,55787526973,10117018,0
55.8002,2,55790049979,10117018,0
55.803,1,55782140961,20820248,0
55.808,0,55797643991,10390230,0
55.8106,2,55800166997,10390230,0
55.8157,1,55802961209,12705030,0
55.8211,0,55808034221,13018030,0
55.8236,2,55810557227,13018030,0
55.8312,1,55815666239,15532036,0
55.8413,0,55821052251,20247048,0
55.8438,2,55823575257,20247048,0
55.8617,0,55841299299,20444248,0
55.8643,2,55843822305,20444248,0
55.8719,1,55831198275,40700296,0
55.8795,0,55861743547,17769042,0
55.882,2,55864266553,17769042,0
55.8872,1,55871898571,15255036,0
55.8951,0,55879512589,15559036,0
55.8976,2,55882035595,15559036,0
55.9079,0,55895071625,12875230,0
55.9105,2,55897594631,12875230,0
55.9181,1,55887153607,30957272,0
55.9235,0,55907946855,15541036,0
55.926,2,55910469861,15541036,0
55.9361,0,55923487891,12658024,0
55.9462,1,55918110879,28134054,0
55.9488,0,55936145915,12649024,0
55.9513,2,55926010897,25307048,0
55.9566,1,55946244933,10352224,0
55.9591,0,55948794939,10352224,0
55.9617,2,55951317945,10352224,0
55.9643,1,55956597157,7659018,0
55.9693,0,55959147163,10173024,0
55.9718,2,55961670169,10173024,0
55.9769,0,55969320187,7603012,0
55.9794,2,55971843193,7603012,0
55.982,1,55964256175,17767036,0
55.9846,0,55976923199,7650018,0
55.9871,2,55979446205,7650018,0
56,2,55987096223,12879018,0
56.0028,1,55982023211,20755242,0
56.0053,0,55984573217,20773242,0
56.0104,1,56002778453,7621012,0
56.0129,0,56005346459,7603012,0
56.0155,2,55999975241,15497236,0
56.0206,1,56010399465,10164024,0
56.0259,0,56012949471,12991030,0
56.0335,1,56020563489,12944024,0
56.0411,0,56025940501,15163030,0
56.0436,2,56015472477,28154060,0
56.0487,1,56033507513,15219036,0
56.0565,0,56041103531,15445242,0
56.0591,2,56043626537,15445242,0
56.0642,1,56048726549,15445242,0
56.0768,1,56064171791,12620018,0
56.0794,0,56056548773,22811042,0
56.0819,2,56059071779,22811042,0
56.087,1,56076791809,10191024,0
56.092,0,56079359815,12687030,0
56.0949,2,56081882821,13000030,0
56.1152,1,56086982833,28221248,0
56.1202,2,56094882851,25356236,0
56.1257,1,56115204081,10457018,0
56.1307,0,56092046845,38687266,0
56.1333,2,56120239087,13018030,0
56.1409,1,56125661099,15201036,0
56.146,0,56130734111,15219036,0
56.1485,2,56133257117,15219036,0
56.1563,1,56140862135,15445242,0
56.1639,2,56148476153,15389236,0
56.1665,1,56156307377,10144018,0
56.1741,0,56145953147,28103266,0
56.1766,2,56163865389,12714030,0
56.1842,1,56166451395,17715042,0
56.1868,0,56174056413,12705030,0
56.1893,2,56176579419,12705030,0
56.1997,1,56184166437,15503030,0
56.2074,0,56186761443,20665242,0
56.2099,2,56189284449,20665242,0
56.2125,1,56199669467,12875230,0
56.2202,0,56207426685,12759030,0
56.2227,2,56209949691,12759030,0
56.2306,0,56220185715,10448018,0
56.2332,2,56222708721,10448018,0
56.2382,1,56212544697,25685054,0
56.2458,2,56233156739,12631024,0
56.2483,1,56238229751,10117018,0
56.2537,0,56230633733,23039254,0
56.2562,2,56245787763,10408230,0
56.2613,0,56253672987,7621012,0
56.2638,2,56256195993,7621012,0
56.2714,0,56261293999,10108018,0
56.2739,2,56263817005,10108018,0
56.2865,1,56248346769,38117272,0
56.2915,2,56273925023,17547024,0
56.2941,1,56286464041,7603012,0
56.2995,0,56271402017,28078048,0
56.302,2,56291472047,10531024,0
56.3048,1,56294067053,10694230,0
56.3124,0,56299480065,12904236,0
56.3149,2,56302003071,12904236,0
56.32,1,56304761283,15219036,0
56.3304,0,56312384301,18055042,0
56.333,2,56314907307,18055042,0
56.338,1,56319980319,18055042,0
56.3431,0,56330439343,12676024,0
56.3456,2,56332962349,12676024,0
56.3482,1,56338035361,10162018,0
56.3535,0,56343115367,10408230,0
56.356,2,56345638373,10408230,0
56.3586,1,56348197379,10390230,0
56.3662,0,56353523597,12705030,0
56.3738,0,56366228627,7565006,0
56.3763,2,56356046603,20270036,0
56.3789,1,56358587609,20270036,0
56.389,0,56373793633,15192036,0
56.3915,2,56376316639,15192036,0
56.394,1,56378857645,15192036,0
56.402,0,56388985669,13027030,0
56.4045,2,56391508675,13027030,0
56.412,1,56394049681,17999036,0
56.4199,0,56402012699,17894242,0
56.4224,2,56404535705,17894242,0
56.4328,2,56422429947,10419018,0
56.4354,1,56412048717,23350254,0
56.438,0,56419906941,18078036,0
56.4405,2,56432848965,7659018,0
56.443,1,56435398971,7650018,0
56.4534,0,56437984977,15409242,0
56.4559,2,56440507983,15409242,0
56.4661,0,56453394219,12676024,0
56.4686,2,56455917225,12676024,0
56.4711,1,56443048989,28085266,0
56.4787,2,56468593249,10079012,0
56.4812,1,56471134255,10079012,0
56.4888,0,56466070243,22766042,0
56.4914,2,56478672261,12687030,0
56.4964,1,56481213267,15201036,0
56.5071,0,56488836285,18263248,0
56.5147,0,56507099533,7592006,0
56.5172,2,56491359291,25855254,0
56.5197,1,56496414303,23332248,0
56.5223,0,56514691539,7650018,0
56.5249,2,56517214545,7650018,0
56.5274,1,56519746551,7650018,0
56.5325,0,56522341557,10164024,0
56.5353,2,56524864563,10477024,0
56.5379,1,56527396569,10477024,0
56.5455,0,56532505581,13000030,0
56.548,2,56535341587,12687030,0
56.5506,1,56537873593,12687030,0
56.5559,0,56545505611,10408230,0
56.5584,2,56548028617,10408230,0
56.561,1,56550560623,10408230,0
56.5686,0,56555913841,12705030,0
56.5711,2,56558436847,12705030,0
56.5737,1,56560968853,12705030,0
56.5813,0,56568618871,12705030,0
56.5838,2,56571141877,12705030,0
56.5915,0,56581323901,10135018,0
56.594,2,56583846907,10135018,0
56.599,1,56573673883,25354054,0
56.6044,0,56591458919,12904236,0
56.6072,2,56593981925,13217236,0
56.6097,1,56599027937,10721230,0
56.6149,0,56604363155,10513024,0
56.6174,2,56607199161,10200024,0
56.6199,1,56609749167,10191024,0
56.625,2,56617399185,7603012,0
56.6275,1,56619940191,7603012,0
56.6351,2,56625002197,10108018,0
56.638,1,56627543203,10421018,0
56.6406,0,56614876179,25683048,0
56.6431,2,56635110215,7972018,0
56.6456,1,56637964221,7659018,0
56.6532,0,56640559227,12678030,0
56.656,2,56643082233,12895236,0
56.6636,0,56653237257,10352224,0
56.6686,1,56645623239,22974248,0
56.6737,0,56663589481,10117018,0
56.6762,2,56655977469,20252036,0
56.6788,1,56668597487,10173024,0
56.6863,0,56673706499,12631024,0
56.6889,2,56676229505,12631024,0
56.6914,1,56678770511,12631024,0
56.694,0,56686337523,7677018,0
56.6965,2,56688860529,7677018,0
56.6991,1,56691401535,7677018,0
56.7094,2,56696537547,12839230,0
56.7144,1,56699078553,15297230,0
56.7195,0,56694014541,25497254,0
56.722,2,56709376777,12658024,0
56.7322,0,56719511795,12649024,0
56.7347,2,56722034801,12649024,0
56.7372,1,56714375783,22849048,0
56.7477,0,56732160819,15532036,0
56.7502,2,56734683825,15532036,0
56.753,1,56737224831,15749242,0
56.7631,0,56747692855,15445242,0
56.7657,2,56750215861,15445242,0
56.7682,1,56752974073,15228036,0
56.7758,0,56763138097,12658024,0
56.7783,2,56765661103,12658024,0
56.7884,0,56775796121,12649024,0
56.791,2,56778319127,12649024,0
56.796,1,56768202109,27830054,0
56.8063,2,56790968151,15380236,0
56.8089,1,56796032163,12866230,0
56.8143,0,56788445145,25893260,0
56.8169,2,56806348387,10513024,0
56.8194,1,56808898393,10504024,0
56.827,0,56814338405,12687030,0
56.8295,2,56816861411,12687030,0
56.8321,1,56819402417,12687030,0
56.8425,2,56829548441,12962030,0
56.8501,0,56827025435,23097048,0
56.8629,0,56850122483,12792224,0
56.8654,2,56842510471,22927242,0
56.8705,1,56832089447,38421278,0
56.8781,0,56862914707,15219036,0
56.8807,2,56865437713,15219036,0
56.8958,1,56870510725,25242042,0
56.9008,2,56880656749,20167024,0
56.9036,1,56895752767,7838218,0
56.9087,0,56878133743,30548254,0
56.9112,2,56900823773,10381230,0
56.9166,1,56903590985,13000030,0
56.9242,0,56908681997,15532036,0
56.9292,1,56916591015,12649024,0
56.9419,0,56924214033,17686036,0
56.9447,2,56911205003,33531072,0
56.9498,1,56929240039,20560048,0
56.9552,0,56941900069,13262236,0
56.9602,1,56949800087,10388224,0
56.9678,2,56944736075,23037248,0
56.9703,1,56960188311,10135018,0
56.9754,0,56955162305,20261036,0
56.9804,1,56970323329,10117018,0
56.983,0,56975423341,7603012,0
56.9855,2,56967773323,17776036,0
56.9906,1,56980440347,10173024,0
56.9957,0,56983026353,12678030,0
57.0035,1,56990613371,12848230,0
57.0111,0,56995704383,15380236,0
57.0136,2,56985549359,28058266,0
57.019,1,57003461601,15532036,0
57.0216,0,57011084619,10513024,0
57.0241,2,57013607625,10513024,0
57.0342,0,57021597643,12631024,0
57.0368,2,57024120649,12631024,0
57.0443,1,57018993637,25345054,0
57.0498,0,57034228667,15532036,0
57.0523,2,57036751673,15532036,0
57.0575,1,57044338691,13188230,0
57.0651,2,57052283709,12819224,0
57.0702,1,57057526921,12649024,0
57.0778,0,57049760703,28038260,0
57.0853,1,57070175945,15163030,0
57.1005,1,57085338975,15118024,0
57.1058,0,57077798963,28011254,0
57.1083,2,57065102933,43230290,0
57.1109,1,57100456999,10417230,0
57.1188,0,57105810217,13018030,0
57.1238,1,57110874229,12962024,0
57.1264,0,57118828247,7621012,0
57.129,2,57108333223,20639042,0
57.134,1,57123836253,10191024,0
57.1391,0,57126449259,12678030,0
57.1417,2,57128972265,12678030,0
57.1467,1,57134027277,12687030,0
57.1549,0,57139127289,15749242,0
57.1574,2,57141650295,15749242,0
57.1675,0,57154876531,12620018,0
57.17,2,57157399537,12620018,0
57.1776,1,57146714307,30883266,0
57.1827,0,57167496549,15219036,0
57.1928,1,57177597573,15172030,0
57.1954,0,57182715585,12658024,0
57.1979,2,57170019555,27877060,0
57.2054,1,57192769603,12658024,0
57.2108,0,57195373609,15380236,0
57.2133,2,57197896615,15380236,0
57.2183,1,57205427627,12922236,0
57.2238,0,57210753845,13027030,0
57.2263,2,57213276851,13027030,0
57.2314,1,57218349863,13018030,0
57.2415,0,57223780875,17733042,0
57.244,2,57226303881,17733042,0
57.2491,1,57231367893,17733042,0
57.2597,0,57241513917,18234242,0
57.2623,2,57244036923,18234242,0
57.2673,1,57249100935,18234242,0
57.275,0,57259748159,15255036,0
57.2775,2,57262271165,15255036,0
57.2801,1,57267335177,12741030,0
57.2927,0,57275003195,17686036,0
57.2977,1,57280076207,17621030,0
57.3031,0,57292689231,10379224,0
57.3081,1,57297697237,10379224,0
57.3107,0,57303068455,7603012,0
57.3132,2,57277526201,35668272,0
57.3182,1,57308076461,10173024,0
57.3208,0,57310671467,10164024,0
57.3262,1,57318249485,7916012,0
57.3288,0,57320835491,7916012,0
57.3313,2,57313194473,18080036,0
57.3363,1,57326165497,10164024,0
57.3389,0,57328751503,10164024,0
57.3414,2,57331274509,10164024,0
57.3621,1,57336329521,25754248,0
57.3722,1,57362083769,10079012,0
57.3798,0,57338915527,40870272,0
57.3823,2,57341438533,40870272,0
57.3848,1,57372162781,12687030,0
57.39,0,57379785799,10191024,0
57.3925,2,57382308805,10191024,0
57.4001,1,57384849811,15219036,0
57.4029,0,57389976823,12904236,0
57.4054,2,57392499829,12904236,0
57.413,1,57400068847,12931236,0
57.4206,0,57402881059,17742042,0
57.4231,2,57405404065,17742042,0
57.4285,1,57413000083,15541036,0
57.4362,0,57420623101,15559036,0
57.4387,2,57423146107,15559036,0
57.4463,1,57428541119,17742042,0
57.4594,2,57438705143,20730248,0
57.4771,0,57436182137,40959290,0
57.4797,2,57459435391,20229042,0
57.4822,1,57446283161,35922278,0
57.4899,0,57477141427,12741030,0
57.4924,2,57479664433,12741030,0
57.4975,1,57482205439,15255036,0
57.5028,0,57489882457,12922236,0
57.5053,2,57492405463,12922236,0
57.5128,1,57497460475,15389236,0
57.5205,0,57502804693,17677036,0
57.523,2,57505327699,17677036,0
57.5284,1,57512849711,15541036,0
57.536,0,57520481729,15559036,0
57.5386,2,57523004735,15559036,0
57.5436,1,57528390747,15228036,0
57.5513,0,57536040765,15228036,0
57.5644,0,57551268801,13132224,0
57.5719,1,57543618783,28322254,0
57.5796,0,57564401025,15163030,0
57.5821,2,57538563771,43523290,0
57.5846,1,57571941037,12687030,0
57.5947,0,57579564055,15172030,0
57.5997,1,57584628067,15107024,0
57.6076,0,57594736085,12875230,0
57.6101,2,57582087061,28047260,0
57.6127,1,57599735091,12931236,0
57.6253,1,57612666327,12602018,0
57.6332,0,57607611315,25620048,0
57.6382,1,57625268345,12962024,0
57.6434,0,57633231363,10135018,0
57.6459,2,57610134321,35755066,0
57.6509,1,57638230369,12705030,0
57.6666,1,57650935399,15637236,0
57.6742,0,57643366381,30847272,0
57.6767,2,57645889387,30847272,0
57.6793,1,57666572635,12714030,0
57.6869,0,57674213653,12714030,0
57.6895,2,57676736659,12714030,0
57.692,1,57679286665,12705030,0
57.6971,0,57686927683,10191024,0
57.7049,1,57691991695,12866230,0
57.71,0,57697118707,12848230,0
57.7125,2,57689450689,23039254,0
57.715,1,57704857925,10191024,0
57.7202,0,57709966937,10191024,0
57.7252,1,57715048949,10117018,0
57.7278,0,57720157961,7603012,0
57.7303,2,57712489943,17794036,0
57.7357,1,57725165967,10486024,0
57.7408,0,57727760973,12991030,0
57.7433,2,57730283979,12991030,0
57.7458,1,57735651991,10173024,0
57.7562,0,57740752003,15436242,0
57.7587,2,57743275009,15436242,0
57.7612,1,57745825015,15418242,0
57.7818,2,57758711251,23045048,0
57.7843,1,57761243257,23045048,0
57.7995,0,57756188245,43346096,0
57.8021,2,57781756299,20301048,0
57.8046,1,57784288305,20301048,0
57.815,0,57799534341,15472242,0
57.8175,2,57802057347,15472242,0
57.8277,0,57815006583,12658024,0
57.8302,2,57817529589,12658024,0
57.8406,0,57827664607,12906024,0
57.8431,2,57830187613,12906024,0
57.8481,1,57804589353,43505290,0
57.8534,0,57840570631,12868230,0
57.856,2,57843093637,12868230,0
57.8636,0,57853438861,10144018,0
57.8664,2,57855961867,10457018,0
57.869,1,57848094643,20856248,0
57.8791,0,57863582879,15514036,0
57.8866,1,57868950891,17659036,0
57.8918,0,57879096915,12658024,0
57.8993,1,57886609927,12678024,0
57.9071,0,57891754939,15382236,0
57.9097,2,57866418885,43241296,0
57.9173,0,57907137175,10144018,0
57.9223,1,57899287951,23010248,0
57.9274,0,57917281193,10117018,0
57.9299,2,57909660181,20261036,0
57.935,1,57922298199,12678030,0
57.9454,2,57929921217,15458030,0
57.9532,0,57927398211,25819254,0
57.9582,1,57934976229,23258242,0
57.9634,0,57953217465,10135018,0
57.9659,2,57945379247,20496242,0
57.9713,0,57963352483,7916012,0
57.9738,2,57965875489,7916012,0
57.9763,1,57958234471,18107036,0
57.9789,0,57971268495,7650018,0
57.9814,2,57973791501,7650018,0
57.984,1,57976341507,7650018,0
57.9891,0,57978918513,10164024,0
57.9916,2,57981441519,10164024,0
57.9942,1,57983991525,10164024,0
58.007,0,57989082537,17932248,0
58.012,1,57994155549,17876242,0
58.0247,0,58007014785,17704036,0
58.0272,2,57991605543,35636284,0
58.0349,0,58024718821,10162018,0
58.0374,2,58027241827,10162018,0
58.0428,1,58012031791,30749066,0
58.0479,0,58034880839,13000030,0
58.0504,2,58037403845,13000030,0
58.0532,1,58042780857,10408230,0
58.0583,0,58047880869,10408230,0
58.0658,1,58053189087,12631024,0
58.0712,0,58058289099,12944024,0
58.0738,2,58050403875,23352254,0
58.0788,1,58065820111,13018030,0
58.0839,0,58071233123,12705030,0
58.094,1,58078838141,15163030,0
58.0991,0,58083938153,15163030,0
58.1016,2,58073756129,27868060,0
58.1044,1,58094001171,10417230,0
58.1095,0,58099101183,10417230,0
58.112,2,58101624189,10417230,0
58.1197,0,58109518413,10135018,0
58.1222,2,58112041419,10135018,0
58.1272,1,58104418401,22822048,0
58.1348,2,58122176437,12631024,0
58.1374,1,58127240449,10135018,0
58.14,0,58119653431,20308042,0
58.1428,2,58134807461,7990018,0
58.1453,1,58137375467,7972018,0
58.1532,0,58139961473,13208236,0
58.1557,2,58142797479,12895236,0
58.1582,1,58145347485,12895236,0
58.1634,0,58153169709,10191024,0
58.1659,2,58155692715,10191024,0
58.1709,1,58158242721,12705030,0
58.1814,0,58163360733,18028042,0
58.1864,1,58170947751,15476030,0
58.1916,0,58181388775,10162018,0
58.1941,2,58165883739,28190060,0
58.1991,1,58186423781,12714030,0
58.2045,0,58191550793,12904236,0
58.207,2,58194073799,12904236,0
58.2171,0,58204455029,12658024,0
58.2221,1,58199137811,23010248,0
58.2272,0,58217113053,10135018,0
58.2298,2,58206978035,22793042,0
58.2323,1,58222148059,10173024,0
58.2374,0,58227248071,10173024,0
58.2399,2,58229771077,10173024,0
58.2425,1,58232321083,10173024,0
58.2504,2,58239944101,10430018,0
58.2579,1,58242494107,15402024,0
58.2607,0,58237421095,23278248,0
58.2632,2,58250374119,12848230,0
58.2683,0,58260699343,7630012,0
58.2709,2,58263222349,7630012,0
58.2734,1,58257896131,15506236,0
58.2788,0,58268329355,10477024,0
58.2813,2,58270852361,10477024,0
58.2839,1,58273402367,10477024,0
58.289,0,58278806379,10173024,0
58.2915,2,58281329385,10173024,0
58.3016,2,58291502409,10061012,0
58.3043,1,58283879391,20469242,0
58.3069,0,58288979403,17937236,0
58.3094,2,58301563421,7876224,0
58.3145,1,58304348633,10173024,0
58.3246,2,58309439645,15145030,0
58.3322,0,58306916639,25289048,0
58.3347,2,58324584675,10144018,0
58.3423,1,58314521657,27803054,0
58.3502,0,58332205687,18028042,0
58.3606,0,58350233729,10323218,0
58.3631,2,58334728693,28351260,0
58.3682,1,58342324711,25837254,0
58.3786,0,58360556947,18046042,0
58.3811,2,58363079953,18046042,0
58.3938,0,58378602989,15190030,0
58.3963,2,58381125995,15190030,0
58.3989,1,58368161965,30731066,0
58.4042,0,58393793019,10361224,0
58.4067,2,58396316025,10361224,0
58.4092,1,58398893031,10334224,0
58.4168,0,58404154243,12687030,0
58.4194,2,58406677249,12687030,0
58.4244,1,58409227255,15201036,0
58.437,2,58419364279,17677036,0
58.4421,1,58424428291,17686036,0
58.4473,0,58416841273,30409066,0
58.4501,2,58437041315,13045030,0
58.4529,1,58442114327,10748230,0
58.4605,0,58447250339,13235236,0
58.463,2,58450086345,12922236,0
58.4655,1,58452862557,12687030,0
58.4731,0,58460485575,12649024,0
58.4757,2,58463008581,12649024,0
58.4782,1,58465549587,12649024,0
58.4836,0,58473134599,10504024,0
58.4886,1,58478198611,10448018,0
58.4912,0,58483638623,7603012,0
58.4938,2,58475657605,18107036,0
58.4963,1,58488646629,7659018,0
58.5041,0,58491241635,12895236,0
58.5067,2,58493764641,12895236,0
58.5092,1,58496305647,12895236,0
58.5168,2,58506659877,10135018,0
58.5193,1,58509200883,10135018,0
58.5244,0,58504136871,20308042,0
58.527,2,58516794895,10173024,0
58.5295,1,58519335901,10173024,0
58.5371,0,58524444913,12687030,0
58.5397,2,58526967919,12687030,0
58.5447,1,58529508925,15201036,0
58.5554,0,58537131943,18263248,0
58.5579,2,58539654949,18263248,0
58.5605,1,58544709961,15758242,0
58.5732,0,58555395191,17760042,0
58.5782,1,58560468203,17686036,0
58.5836,0,58573155233,10475018,0
58.5862,2,58557918197,28235060,0
58.5887,1,58578154239,10531024,0
58.5963,2,58586153257,10117018,0
58.5988,1,58588685263,10117018,0
58.6041,0,58583630251,20507248,0
58.6067,2,58596270275,10390230,0
58.6168,0,58604137499,12633024,0
58.6193,2,58606660505,12633024,0
58.6218,1,58598802281,23023254,0
58.627,0,58616770523,10191024,0
58.6295,2,58619293529,10191024,0
58.6345,1,58621825535,12705030,0
58.6396,0,58626961547,12687030,0
58.6422,2,58629484553,12687030,0
58.6472,1,58634530565,12705030,0
58.6579,0,58639648577,18263248,0
58.6629,1,58647235595,15693236,0
58.6731,0,58657911825,15199030,0
58.6756,2,58642171583,33462278,0
58.6782,1,58662928831,15246036,0
58.6887,0,58673110855,15541036,0
58.6912,2,58675633861,15541036,0
58.6962,1,58678174867,18055042,0
58.7091,1,58696229909,12837224,0
58.7142,0,58688651891,25533254,0
58.7167,2,58691174897,25533254,0
58.7218,1,58709067133,12705030,0
58.7269,0,58714185145,12687030,0
58.7294,2,58716708151,12687030,0
58.7445,0,58726872175,17677036,0
58.7471,2,58729395181,17677036,0
58.7522,1,58721772163,30391066,0
58.7553,0,58744549211,10748230,0
58.7578,2,58747072217,10748230,0
58.7654,1,58752163229,13244236,0
58.773,0,58755297441,17733042,0
58.7756,2,58757820447,17733042,0
58.7831,1,58765407465,17742042,0
58.7886,0,58773030483,15559036,0
58.7961,1,58783149507,12989024,0
58.8012,0,58788589519,12658024,0
58.804,2,58775553489,28434266,0
58.8065,1,58796138531,10408230,0
58.8166,2,58803987755,12649024,0
58.8192,1,58806546761,12631024,0
58.8243,0,58801247543,23057254,0
58.8293,1,58819177785,10135018,0
58.8369,0,58824304797,12631024,0
58.8395,2,58816636779,22822048,0
58.8471,0,58836935821,10135018,0
58.8496,2,58839458827,10135018,0
58.8602,0,58847070839,13161230,0
58.8628,2,58849593845,13161230,0
58.8728,1,58829312803,43505290,0
58.8779,0,58860232069,17686036,0
58.8855,1,58872818093,12678024,0
58.8984,2,58862755075,35649066,0
58.9037,1,58885496117,18207242,0
58.9088,0,58877918105,30912266,0
58.9164,1,58903703359,12676024,0
58.9215,0,58908830371,12649024,0
58.924,2,58898404141,25598260,0
58.9291,1,58916379383,12705030,0
58.9342,0,58921479395,12705030,0
58.9367,2,58924002401,12705030,0
58.9443,1,58929084413,15219036,0
58.9519,0,58934184425,17733042,0
58.9626,0,58951917467,10648548,0
58.9651,2,58936707431,28381590,0
58.9676,1,58944303449,23335578,0
58.9728,0,58962566015,10191024,0
58.9753,2,58965089021,10191024,0
58.9829,1,58967639027,15219036,0
58.9854,0,58972757039,12687030,0
58.9933,1,58982858063,10457018,0
59.0009,0,58985444069,15476030,0
59.0034,2,58975280045,28163060,0
59.0112,0,59000920099,10307218,0
59.0138,2,59003443105,10307218,0
59.0239,0,59011227317,12631024,0
59.0264,2,59013750323,12631024,0
59.0289,1,58993315081,35616272,0
59.0365,2,59026381347,10135018,0
59.0391,1,59028931353,10135018,0
59.0417,0,59023858341,17794036,0
59.0467,1,59039066371,7603012,0
59.0492,0,59041652377,7594012,0
59.0545,1,59046669383,7811218,0
59.0621,0,59049246389,12839230,0
59.0649,2,59036516365,28405260,0
59.0675,1,59054480601,13000030,0
59.0726,0,59062085619,10513024,0
59.0751,2,59064921625,10200024,0
59.0777,1,59067480631,10191024,0
59.0852,2,59075121649,10117018,0
59.0928,1,59077671655,15145030,0
59.0957,0,59072598643,23117048,0
59.0982,2,59085238667,13000030,0
59.1035,1,59092816685,10730230,0
59.1061,0,59095715691,10408230,0
59.1086,2,59098238697,10408230,0
59.1137,1,59103546915,10191024,0
59.1163,0,59106123921,10191024,0
59.1188,2,59108646927,10191024,0
59.1239,1,59113737939,10173024,0
59.1265,0,59116314945,10173024,0
59.129,2,59118837951,10173024,0
59.1341,1,59123910963,10173024,0
59.1392,0,59126487969,12687030,0
59.1417,2,59129010975,12687030,0
59.1518,0,59139174999,12649024,0
59.1596,0,59151824023,7782212,0
59.1621,2,59141698005,20431236,0
59.1675,1,59134083987,33413266,0
59.1726,0,59159606235,13000030,0
59.1801,1,59167497253,12649024,0
59.1827,0,59172606265,10135018,0
59.1853,2,59162129241,23135048,0
59.1903,1,59180146277,10191024,0
59.1929,0,59182741283,10173024,0
59.2008,1,59190337301,10430024,0
59.2036,0,59192914307,10647230,0
59.2061,2,59185264289,20820254,0
59.2112,1,59200767325,10390230,0
59.2137,0,59203561537,10173024,0
59.2188,1,59211157555,7603012,0
59.2239,0,59213734561,10117018,0
59.2264,2,59206084543,20290042,0
59.2289,1,59218760567,10164024,0
59.2365,0,59223851579,12687030,0
59.2391,2,59226374585,12687030,0
59.2517,0,59236538609,15163030,0
59.262,0,59251701639,10305218,0
59.2645,2,59239061615,25468248,0
59.2724,1,59228924591,43503284,0
59.275,0,59262006857,12962024,0
59.2775,2,59264529863,12962024,0
59.2902,1,59272427875,17742042,0
59.2927,0,59274968881,17733042,0
59.2952,2,59277491887,17733042,0
59.3135,1,59290169917,23318260,0
59.316,0,59292701923,23318260,0
59.3185,2,59295224929,23318260,0
59.3312,1,59313488177,17733036,0
59.3363,0,59316020183,20247042,0
59.3439,1,59331221213,12676024,0
59.3464,0,59336267225,10171018,0
59.349,2,59318543189,30418060,0
59.3568,1,59343897237,12866230,0
59.3593,0,59346438243,12848230,0
59.3644,1,59356763467,7630012,0
59.3669,0,59359286473,7630012,0
59.3698,2,59348961249,20791242,0
59.3749,1,59364393479,10477024,0
59.3774,0,59366916485,10477024,0
59.3799,2,59369752491,10164024,0
59.385,1,59374870503,10173024,0
59.3876,0,59377393509,10173024,0
59.3901,2,59379916515,10173024,0
59.3977,1,59385043527,12687030,0
59.4003,0,59387566533,12687030,0
59.4109,1,59397730557,13179230,0
59.4134,0,59400253563,13179230,0
59.4236,1,59410909787,12658024,0
59.4261,0,59413432793,12658024,0
59.4286,2,59390089539,38524284,0
59.4413,1,59423567811,17733042,0
59.4438,0,59426090817,17733042,0
59.4463,2,59428613823,17733042,0
59.4618,1,59441300853,20491254,0
59.4643,0,59443823859,20491254,0
59.4668,2,59446346865,20491254,0
59.4824,1,59461792107,20596048,0
59.4849,0,59464315113,20596048,0
59.4874,2,59466838119,20596048,0
59.5026,2,59487434167,15143024,0
59.5108,1,59482388155,28387260,0
59.5133,0,59484911161,28387260,0
59.5158,2,59502577191,13244236,0
59.5235,1,59510775415,12705030,0
59.526,0,59513298421,12705030,0
59.5336,1,59523480445,10079012,0
59.5361,0,59526003451,10079012,0
59.5386,2,59515821427,22784042,0
59.5437,0,59536082463,7603012,0
59.5462,2,59538605469,7603012,0
59.5538,0,59543685475,10108018,0
59.5565,2,59546208481,10325224,0
59.5591,1,59533559457,25587254,0
59.5617,0,59553793493,7876224,0
59.5642,2,59556533705,7659018,0
59.5772,1,59559146711,18019042,0
59.5797,0,59561669717,18019042,0
59.5822,2,59564192723,18019042,0
59.5899,1,59577165753,12732030,0
59.5924,0,59579688759,12732030,0
59.6028,1,59589897783,12866230,0
59.6053,0,59592420789,12866230,0
59.6081,2,59582211765,25911260,0
59.6132,1,59602764013,10448018,0
59.6157,0,59605287019,10448018,0
59.6183,2,59608123025,10135018,0
59.6209,1,59613212031,7659018,0
59.6234,0,59615735037,7659018,0
59.6259,2,59618258043,7659018,0
59.631,0,59623394055,7594012,0
59.6335,2,59625917061,7594012,0
59.6361,1,59620871049,15244030,0
59.6386,0,59630988067,7650018,0
59.6412,2,59633511073,7650018,0
59.6463,1,59636115079,10164024,0
59.6488,0,59638638085,10164024,0
59.6513,2,59641161091,10164024,0
59.6592,1,59646279103,12904236,0
59.6617,0,59648802109,12904236,0
59.6642,2,59651325115,12904236,0
59.6719,1,59659183339,12705030,0
59.6744,0,59661706345,12705030,0
59.6772,2,59664229351,13018030,0
59.6874,1,59671888369,15532036,0
59.6899,0,59674411375,15532036,0
59.6925,2,59677247381,15219036,0
59.7054,1,59687420405,17959248,0
59.7082,0,59689943411,18282598,0
59.7107,2,59692466417,18282598,0
59.726,1,59705379653,20606398,0
59.731,2,59710749015,20227042,0
59.7361,1,59725986051,10115012,0
59.7386,0,59708226009,30398060,0
59.7411,2,59730976057,10171018,0
59.7438,1,59736101063,7659018,0
59.7488,2,59741147075,7603012,0
59.754,0,59738624069,15414230,0
59.7566,2,59748750087,7811218,0
59.7592,1,59743760081,15405230,0
59.7617,0,59754038299,7650018,0
59.7642,2,59756561305,7650018,0
59.7668,1,59759165311,7650018,0
59.7693,0,59761688317,7650018,0
59.7719,2,59764211323,7650018,0
59.7745,1,59766815329,7650018,0
59.777,0,59769338335,7650018,0
59.7798,2,59771861341,7963018,0
59.7849,1,59774465347,10477024,0
59.7875,0,59776988353,10477024,0
59.79,2,59779824359,10164024,0
59.7951,1,59784942371,10173024,0
59.7976,0,59787465377,10173024,0
59.8002,2,59789988383,10173024,0
59.8055,1,59795115395,10390230,0
59.808,0,59797638401,10390230,0
59.8109,2,59800161407,10703230,0
59.821,1,59805505625,15514036,0
59.8235,0,59808028631,15514036,0
59.8261,2,59810864637,15201036,0
59.8388,1,59821019661,17742042,0
59.8413,0,59823542667,17742042,0
59.8438,2,59826065673,17742042,0
59.8567,0,59841284709,15407236,0
59.8592,2,59843807715,15407236,0
59.8719,1,59838761703,33149278,0
59.8769,2,59859214951,17686036,0
59.8874,1,59871910981,15503030,0
59.8899,0,59856691945,33245072,0
59.8925,2,59876900987,15559036,0
59.9029,1,59887414011,15445242,0
59.9054,0,59889937017,15445242,0
59.9105,1,59902859253,7648012,0
59.9133,0,59905382259,7961012,0
59.9159,2,59892460023,23406254,0
59.9185,1,59910507265,7963018,0
59.9235,2,59915866277,7594012,0
59.9311,1,59918470283,12622024,0
59.9336,0,59913343271,20272042,0
59.9361,2,59923460289,12678030,0
59.9463,1,59931092307,15219036,0
59.9513,2,59936138319,15163030,0
59.9567,1,59946311343,10361224,0
59.9592,0,59933615313,25580260,0
59.9668,1,59956672567,10117018,0
59.9693,0,59959195573,10117018,0
59.9718,2,59951301349,20534248,0
59.9769,1,59966789585,10117018,0
59.9794,0,59969312591,10117018,0
59.982,2,59971835597,10117018,0
59.9849,1,59976906603,7972018,0
59.9874,0,59979429609,7972018,0
59.9899,2,59981952615,7972018,0
59.9925,1,59984878621,7650018,0
59.9951,0,59987401627,7650018,0
59.9976,2,59989924633,7650018,0
60.0054,1,59992528639,12895236,0
60.0079,0,59995051645,12895236,0
60.0184,1,60005423875,12971024,0
60.0209,0,60007946881,12971024,0
60.026,1,60018394899,7621012,0
60.0285,0,60020917905,7621012,0
60.0311,2,59997574651,33487272,0
60.0362,1,60026015911,10164024,0
60.0387,0,60028538917,10164024,0
60.0412,2,60031061923,10164024,0
60.0464,1,60036179935,10173024,0
60.0489,0,60038702941,10173024,0
60.0514,2,60041225947,10173024,0
60.0567,1,60046352959,10390230,0
60.0593,0,60048875965,10390230,0
60.0618,2,60051398971,10390230,0
60.0694,0,60059266195,10135018,0
60.0719,2,60061789201,10135018,0
60.0771,1,60056743189,20308042,0
60.0796,0,60069401213,10173024,0
60.0821,2,60071924219,10173024,0
60.0901,1,60077051231,13000030,0
60.0926,0,60079574237,13000030,0
60.0951,2,60082097243,13000030,0
60.1052,0,60092574267,12649024,0
60.1077,2,60095097273,12649024,0
60.1156,1,60090051261,25571260,0
60.1185,0,60105223291,13235236,0
60.131,2,60107746297,23267242,0
60.1336,1,60115622521,18004024,0
60.1361,0,60118458527,17691024,0
60.1387,2,60131013539,7659018,0
60.1438,1,60133626545,10164024,0
60.1463,0,60136149551,10164024,0
60.1566,1,60143790569,12848230,0
60.1592,0,60146313575,12848230,0
60.1617,2,60138672557,23012254,0
60.1668,1,60156638799,10144018,0
60.1693,0,60159161805,10144018,0
60.1744,1,60166782817,7603012,0
60.1769,0,60169305823,7603012,0
60.1794,2,60161684811,17747030,0
60.1845,1,60174385829,10164024,0
60.1899,2,60179431841,10421024,0
60.195,1,60184549853,10430024,0
60.2,2,60189852865,10117018,0
60.2028,1,60194979877,7820218,0
60.2053,0,60176908835,28414266,0
60.2078,2,60199969883,7876224,0
60.2155,1,60202800095,12687030,0
60.2208,2,60207846107,12944030,0
60.2284,1,60215487125,12962030,0
60.241,1,60228449155,12595018,0
60.2436,0,60205323101,38244078,0
60.2461,2,60220790137,25300048,0
60.2565,1,60241044173,15436242,0
60.2615,2,60246090185,15380236,0
60.2692,1,60256480415,12676024,0
60.2717,0,60243567179,28112266,0
60.2742,2,60261470421,12732030,0
60.2843,0,60271679445,12649024,0
60.2922,1,60269156439,23041042,0
60.2947,0,60284328469,10392018,0
60.2972,2,60274202451,23041042,0
60.3024,1,60292197481,10173024,0
60.3051,0,60294720487,10390230,0
60.3076,2,60297243493,10390230,0
60.3128,1,60302370505,10390230,0
60.3153,0,60305110717,10173024,0
60.3178,2,60307633723,10173024,0
60.3232,0,60315283741,7916018,0
60.3283,1,60312760735,15510030,0
60.3308,0,60323199759,7594012,0
60.3333,2,60317806747,15510030,0
60.3359,1,60328270765,7650018,0
60.3384,0,60330793771,7650018,0
60.341,2,60333316777,7650018,0
60.3461,1,60335920783,10164024,0
60.3486,0,60338443789,10164024,0
60.3511,2,60340966795,10164024,0
60.3565,1,60346084807,10390230,0
60.359,0,60348607813,10390230,0
60.3615,2,60351130819,10390230,0
60.3692,1,60356475037,12705030,0
60.3717,0,60358998043,12705030,0
60.3742,2,60361521049,12705030,0
60.3844,1,60369180067,15219036,0
60.3869,0,60371703073,15219036,0
60.4049,1,60384399103,20513042,0
60.4077,0,60386922109,20730248,0
60.4102,2,60374226079,35949284,0
60.4204,1,60404912145,15472242,0
60.4283,1,60420384387,7887012,0
60.4308,0,60407652357,23142048,0
60.4333,2,60410175363,23142048,0
60.4359,1,60428271399,7650018,0
60.4409,2,60433317411,7594012,0
60.4511,1,60435921417,15136030,0
60.4536,0,60430794405,22786048,0
60.4563,2,60440911423,15409242,0
60.4665,1,60451057447,15445242,0
60.469,0,60453580453,15445242,0
60.4715,2,60456320665,15228036,0
60.4817,1,60466502689,15228036,0
60.4843,0,60469025695,15228036,0
60.4868,2,60471548701,15228036,0
60.4973,1,60481730725,15541036,0
60.5023,2,60486776737,15485030,0
60.5076,1,60497271761,10361224,0
60.5102,0,60484253731,25902260,0
60.5127,2,60502261767,10417230,0
60.5178,1,60507632985,10173024,0
60.5228,2,60512678997,10117018,0
60.5282,1,60517806009,10430018,0
60.5308,0,60510155991,20603042,0
60.5333,2,60522796015,10486024,0
60.5384,1,60528236027,10173024,0
60.5409,0,60530759033,10173024,0
60.5435,2,60533282039,10173024,0
60.5538,0,60540932057,12848230,0
60.5563,2,60543455063,12848230,0
60.5614,1,60538409051,23039254,0
60.5664,2,60556303293,10135018,0
60.5716,1,60561448305,10117018,0
60.5766,2,60566438311,10117018,0
60.5842,1,60571565323,12631024,0
60.5867,0,60553780287,32939066,0
60.5892,2,60576555329,12687030,0
60.5943,1,60584196347,10135018,0
60.5969,0,60586719353,10135018,0
60.5997,2,60589242359,10448018,0
60.605,1,60594331365,10703230,0
60.6076,0,60596854371,10703230,0
60.6202,0,60607557601,12593018,0
60.6227,2,60599690377,22983248,0
60.6332,1,60605034595,28125054,0
60.6357,0,60620150619,15532036,0
60.6382,2,60622673625,15532036,0
60.6458,0,60635682655,10088012,0
60.6483,2,60638205661,10088012,0
60.6509,1,60633159649,17747030,0
60.6536,0,60645770667,7876224,0
60.6637,1,60650906679,12839230,0
60.6663,0,60653646891,12622024,0
60.6688,2,60648293673,20498248,0
60.6764,0,60666268915,10135018,0
60.6865,1,60663745909,22766042,0
60.689,0,60676403933,12631024,0
60.6916,2,60668791921,22766042,0
60.6967,1,60686511951,10191024,0
60.6992,0,60689034957,10191024,0
60.7021,2,60691557963,10504024,0
60.7149,1,60696702975,18245248,0
60.7199,2,60702061987,17876242,0
60.7276,0,60699225981,28351260,0
60.733,1,60714948223,18022030,0
60.7355,0,60727577241,7916018,0
60.738,2,60719938229,18078036,0
60.7456,1,60732970253,12678030,0
60.7482,0,60735493259,12678030,0
60.7507,2,60738016265,12678030,0
60.7586,1,60745648283,12922236,0
60.7611,0,60748171289,12922236,0
60.7636,2,60750694295,12922236,0
60.7713,1,60758570519,12714030,0
60.7738,0,60761093525,12714030,0
60.7864,1,60771284549,15165030,0
60.789,0,60773807555,15165030,0
60.7915,2,60763616531,27879060,0
60.7992,1,60786449579,12714030,0
60.8017,0,60788972585,12714030,0
60.8149,1,60799163609,15693236,0
60.8174,0,60801686615,15693236,0
60.8199,2,60791495591,28407266,0
60.83,1,60814856845,15190030,0
60.8326,0,60817379851,15190030,0
60.8354,2,60819902857,15503030,0
60.8456,1,60830046875,15541036,0
60.8506,2,60835405887,15172030,0
60.8634,2,60850577917,12819224,0
60.866,1,60845587911,20449236,0
60.8686,0,60832569881,35990272,0
60.8787,1,60866037147,12622024,0
60.8836,2,60863397141,20252036,0
60.8913,1,60878659171,12649024,0
60.8938,0,60868560153,25271048,0
60.8964,2,60883649177,12705030,0
60.9015,1,60891308195,10191024,0
60.904,0,60893831201,10191024,0
60.9121,1,60901499219,10591218,0
60.9146,0,60904022225,10591218,0
60.9171,2,60896354207,20782242,0
60.9223,1,60912090437,10191024,0
60.9248,0,60914613443,10191024,0
60.9273,2,60917136449,10191024,0
60.9349,0,60924804467,10117018,0
60.9378,2,60927327473,10430018,0
60.9404,1,60922281461,18089036,0
60.9429,0,60934921485,7972018,0
60.9454,2,60937757491,7659018,0
60.953,1,60940370497,12678030,0
60.958,2,60945416509,12622024,0
60.9634,1,60953048527,10352224,0
60.9659,0,60942893503,23030254,0
60.9684,2,60958038533,10408230,0
60.9811,0,60965923757,15163030,0
60.9836,2,60968446763,15163030,0
60.9937,0,60981086787,12658024,0
60.9963,2,60983609793,12658024,0
61.0067,1,60963400751,43257296,0
61.0095,0,60993744811,15749242,0
61.012,2,60996267817,15749242,0
61.0247,1,61006658047,18073042,0
61.0273,0,61009494053,17760042,0
61.0298,2,61012017059,17760042,0
61.0403,1,61024731089,15559036,0
61.0428,0,61027254095,15559036,0
61.0453,2,61029777101,15559036,0
61.0532,1,61040290125,12875230,0
61.0557,0,61042813131,12875230,0
61.0582,2,61045336137,12875230,0
61.0684,1,61053165355,15228036,0
61.0709,0,61055688361,15228036,0
61.0734,2,61058211367,15228036,0
61.0911,1,61068393391,22714048,0
61.0936,0,61070916397,22714048,0
61.0962,2,61073439403,22714048,0
61.1119,0,61093630445,18261248,0
61.1144,2,61096153451,18261248,0
61.1196,1,61091107439,28488272,0
61.1221,0,61111891693,10227024,0
61.1246,2,61114414699,10227024,0
61.1347,1,61119595711,15145030,0
61.1373,0,61122118717,15145030,0
61.1398,2,61124641723,15145030,0
61.1502,0,61137263747,12971024,0
61.153,2,61139786753,13188230,0
61.1606,0,61150234771,10352224,0
61.1631,2,61152974983,10135018,0
61.1682,1,61134740741,33496272,0
61.1708,0,61160586995,10173024,0
61.1733,2,61163110001,10173024,0
61.1809,1,61168237013,12687030,0
61.1834,0,61170760019,12687030,0
61.186,2,61173283025,12687030,0
61.1961,1,61180924043,15219036,0
61.1987,0,61183447049,15219036,0
61.2012,2,61185970055,15219036,0
61.2091,1,61196143079,12931236,0
61.2116,0,61198666085,12931236,0
61.2144,2,61201189091,13244236,0
61.2246,0,61211597321,12971024,0
61.2271,2,61214433327,12658024,0
61.2348,1,61209074315,25676054,0
61.2397,2,61227091351,12649024,0
61.2452,1,61234750369,10448018,0
61.2477,0,61224568345,23153048,0
61.2502,2,61239740375,10504024,0
61.2606,0,61247721393,12848230,0
61.2631,2,61250244399,12848230,0
61.2682,1,61245198387,23039254,0
61.2708,0,61260569623,10191024,0
61.2733,2,61263092629,10191024,0
61.2784,1,61268237641,10173024,0
61.2809,0,61270760647,10173024,0
61.2835,2,61273283653,10173024,0
61.2936,1,61278410665,15201036,0
61.2961,0,61280933671,15201036,0
61.2987,2,61283456677,15201036,0
61.3091,1,61293611701,15445242,0
61.3116,0,61296134707,15445242,0
61.3141,2,61298657713,15445242,0
61.3246,1,61309056943,15541036,0
61.3271,0,61311579949,15541036,0
61.3373,1,61324597979,12658024,0
61.3422,2,61314102955,28143054,0
61.3502,1,61337256003,12962024,0
61.3527,0,61327120985,25620048,0
61.3631,1,61350218027,12866230,0
61.3656,0,61352741033,12866230,0
61.3681,2,61342246009,25884260,0
61.3808,0,61365607263,15172030,0
61.3833,2,61368130269,15172030,0
61.3859,1,61363084257,22858048,0
61.3885,0,61380779293,7686018,0
61.391,2,61383302299,7686018,0
61.3961,1,61385942305,10108018,0
61.3986,0,61388465311,10108018,0
61.4011,2,61390988317,10108018,0
61.4064,1,61396050323,10390230,0
61.409,0,61398573329,10390230,0
61.4115,2,61401096335,10390230,0
61.422,1,61406440553,15514036,0
61.4245,0,61408963559,15514036,0
61.4396,0,61424477595,15116024,0
61.4421,2,61411486565,30630060,0
61.4501,1,61421954589,28143054,0
61.4526,0,61439593619,13027030,0
61.4604,1,61450097643,10352224,0
61.463,0,61452620649,10352224,0
61.4706,1,61460449867,10117018,0
61.4731,0,61462972873,10117018,0
61.4756,2,61442116625,33496272,0
61.4807,1,61470566885,10173024,0
61.4833,0,61473089891,10173024,0
61.4909,1,61480739909,10117018,0
61.4934,0,61483262915,10117018,0
61.4959,2,61475612897,20290042,0
61.5063,1,61490856927,15418242,0
61.5088,0,61493379933,15418242,0
61.5139,1,61506275169,7648012,0
61.5164,0,61508798175,7648012,0
61.519,2,61495902939,23066254,0
61.5244,1,61513923181,10477024,0
61.5269,0,61516446187,10477024,0
61.537,1,61524400205,12575018,0
61.5395,0,61526923211,12575018,0
61.542,2,61518969193,23052042,0
61.5447,1,61536975223,7677018,0
61.5472,0,61539498229,7677018,0
61.5497,2,61542021235,7677018,0
61.5553,1,61544652241,10694230,0
61.5579,0,61547175247,10694230,0
61.5604,2,61549698253,10694230,0
61.5655,1,61555346471,10173024,0
61.568,0,61557869477,10173024,0
61.5781,0,61568042501,10061012,0
61.5806,2,61560392483,20234036,0
61.5883,1,61565519495,22748042,0
61.5908,0,61578103513,12687030,0
61.5933,2,61580626519,12687030,0
61.5985,1,61588267537,10191024,0
61.601,0,61590790543,10191024,0
61.6035,2,61593313549,10191024,0
61.6088,1,61598458561,10390230,0
61.6114,0,61600981567,10390230,0
61.6139,2,61603504573,10390230,0
61.619,1,61608848791,10173024,0
61.6215,0,61611371797,10173024,0
61.6244,2,61613894803,10486024,0
61.632,0,61621544821,10430018,0
61.6345,2,61624380827,10117018,0
61.6396,1,61619021815,20603042,0
61.6421,0,61631974839,10173024,0
61.6447,2,61634497845,10173024,0
61.6498,1,61639624857,10173024,0
61.6523,0,61642147863,10173024,0
61.6604,1,61649797881,10591218,0
61.6629,0,61652320887,10591218,0
61.6654,2,61644670869,20764242,0
61.6756,1,61660389099,15201036,0
61.6781,0,61662912105,15201036,0
61.6806,2,61665435111,15201036,0
61.6908,1,61675590135,15228036,0
61.6958,2,61680636147,15172030,0
61.7037,1,61690818171,12875230,0
61.7062,0,61678113141,28103266,0
61.7163,0,61706216407,10088012,0
61.7188,2,61695808177,23019248,0
61.7268,1,61703693401,23088042,0
61.7318,2,61718827425,12944024,0
61.7394,0,61716304419,23079042,0
61.7419,2,61731771449,10135018,0
61.7495,1,61726781443,22766042,0
61.7521,0,61739383461,12687030,0
61.7602,1,61749547485,10665230,0
61.7627,0,61752070491,10665230,0
61.7653,2,61741906467,23352260,0
61.7703,1,61760212715,10135018,0
61.7729,0,61762735721,10135018,0
61.7754,2,61765258727,10135018,0
61.7805,1,61770347733,10173024,0
61.783,0,61772870739,10173024,0
61.7856,2,61775393745,10173024,0
61.7957,1,61780520757,15201036,0
61.7982,0,61783043763,15201036,0
61.806,1,61795721793,10305218,0
61.8086,0,61798244799,10305218,0
61.8111,2,61785566769,25506254,0
61.8162,1,61806027011,10173024,0
61.8187,0,61808550017,10173024,0
61.8212,2,61811073023,10173024,0
61.8264,1,61816200035,10173024,0
61.8292,0,61818723041,10486024,0
61.8317,2,61821246047,10486024,0
61.8394,1,61826373059,13000030,0
61.8419,0,61829209065,12687030,0
61.8444,2,61831732071,12687030,0
61.8573,0,61841896095,15380236,0
61.8601,2,61844419101,15693236,0
61.8677,1,61839373089,28351260,0
61.8702,0,61857276331,12971024,0
61.8728,2,61860112337,12658024,0
61.8779,1,61867724349,10191024,0
61.8829,2,61872770361,10135018,0
61.888,1,61877915373,10117018,0
61.8906,0,61870247355,20308042,0
61.8931,2,61882905379,10173024,0
61.8982,1,61888032391,10173024,0
61.9007,0,61890555397,10173024,0
61.9035,2,61893078403,10390230,0
61.9161,1,61898205415,17932248,0
61.9187,0,61900728421,17932248,0
61.9212,2,61903468633,17715042,0
61.9316,1,61916137663,15503030,0
61.9342,0,61918660669,15503030,0
61.9367,2,61921183675,15503030,0
61.9494,1,61931640693,17742042,0
61.9519,0,61934163699,17742042,0
61.9546,2,61936686705,17959248,0
61.9652,1,61949382735,15776242,0
61.9677,0,61951905741,15776242,0
61.9828,0,61967681983,15116024,0
61.9853,2,61954645953,30675060,0
61.9905,1,61965158977,25316048,0
61.993,0,61982798007,10200024,0
61.9955,2,61985321013,10200024,0
62.0059,1,61990475025,15418242,0
62.0084,0,61992998031,15418242,0
62.0109,2,61995521037,15418242,0
62.0211,1,62005893267,15228036,0
62.0236,0,62008416273,15228036,0
62.0341,1,62021121303,12971024,0
62.0366,0,62023644309,12971024,0
62.0391,2,62010939279,28199060,0
62.0443,1,62034092327,10191024,0
62.0493,2,62039138339,10135018,0
62.0571,1,62044283351,12848230,0
62.0597,0,62036615333,23039254,0
62.0676,1,62057131581,10457024,0
62.0701,0,62059654587,10457024,0
62.0726,2,62049273357,23361260,0
62.0828,1,62067588605,15201036,0
62.0853,0,62070111611,15201036,0
62.1004,1,62082789641,17630030,0
62.1032,0,62085312647,17847236,0
62.1057,2,62072634617,33048272,0
62.1209,1,62100419671,20437248,0
62.1258,2,62105682889,20164036,0
62.1335,1,62120856919,12685024,0
62.1364,0,62103159883,33218066,0
62.1389,2,62125846925,13054030,0
62.1515,0,62136377949,15163030,0
62.1644,1,62133541943,30865266,0
62.1697,2,62138900955,30809260,0
62.1799,1,62164407209,15503030,0
62.1824,0,62151540979,30892266,0
62.1951,1,62179910239,15172030,0
62.2001,2,62169710215,30362060,0
62.2054,1,62195082269,10305218,0
62.2079,0,62182433245,25477248,0
62.2104,2,62200072275,10361224,0
62.2181,1,62205387487,12705030,0
62.2231,2,62210433499,12649024,0
62.2332,0,62207910493,25298048,0
62.2357,2,62223082523,12649024,0
62.2412,1,62218092517,23097042,0
62.2437,0,62233208541,10504024,0
62.2462,2,62235731547,10504024,0
62.2538,0,62243712565,10117018,0
62.2641,0,62253829583,10222212,0
62.2666,2,62246235571,20339230,0
62.2695,1,62241189559,28329248,0
62.272,0,62264051795,7990018,0
62.2746,2,62266574801,7990018,0
62.2772,1,62269518807,7650018,0
62.2797,0,62272041813,7650018,0
62.2822,2,62274564819,7650018,0
62.2948,0,62279691831,15136030,0
62.2974,2,62282214837,15136030,0
62.3074,2,62297350867,10088012,0
62.3128,1,62277168825,35614272,0
62.3153,0,62294827861,20478242,0
62.3178,2,62307438879,10390230,0
62.3255,1,62312783097,12705030,0
62.3356,1,62325488127,10079012,0
62.3381,0,62315306103,22784042,0
62.3409,2,62317829109,23097042,0
62.3485,1,62335567139,12944024,0
62.351,0,62338090145,12944024,0
62.3589,1,62348511163,10352224,0
62.3614,0,62351034169,10352224,0
62.3639,2,62340926151,22983248,0
62.3691,1,62358863387,10191024,0
62.3744,2,62363909399,10448018,0
62.377,1,62369054411,7916012,0
62.3795,0,62361386393,18107036,0
62.382,2,62374357417,7659018,0
62.3871,1,62376970423,10164024,0
62.3897,0,62379493429,10164024,0
62.3922,2,62382016435,10164024,0
62.3998,1,62387134447,12687030,0
62.4023,0,62389657453,12687030,0
62.4051,2,62392180459,12904236,0
62.4153,1,62399821477,15436242,0
62.4202,2,62405084695,15163030,0
62.4254,1,62415257719,10144018,0
62.4279,0,62402344483,25580260,0
62.4355,1,62425401737,10117018,0
62.438,0,62427924743,10117018,0
62.4406,2,62420247725,20317042,0
62.4537,2,62440564767,13105224,0
62.4563,1,62435518755,20782242,0
62.4588,0,62438041761,20782242,0
62.4613,2,62453669991,7677018,0
62.4665,1,62456300997,10164024,0
62.469,0,62458824003,10164024,0
62.4715,2,62461347009,10164024,0
62.4744,1,62466465021,7972018,0
62.4794,2,62471511033,7916012,0
62.482,1,62474437039,7594012,0
62.4846,0,62468988027,15566030,0
62.4871,2,62479427045,7650018,0
62.4897,1,62482031051,7650018,0
62.4922,0,62484554057,7650018,0
62.4947,2,62487077063,7650018,0
62.4998,1,62489681069,10164024,0
62.5024,0,62492204075,10164024,0
62.5049,2,62494727081,10164024,0
62.5102,1,62499845093,10390230,0
62.5128,0,62502368099,10390230,0
62.5179,1,62510235323,7621012,0
62.5204,0,62512758329,7621012,0
62.5229,2,62504891105,18011242,0
62.5255,1,62517856335,7650018,0
62.528,0,62520379341,7650018,0
62.5356,1,62525506353,10108018,0
62.5381,0,62528029359,10108018,0
62.5407,2,62522902347,17758036,0
62.5461,1,62535614371,10486024,0
62.5486,0,62538137377,10486024,0
62.5511,2,62540660383,10486024,0
62.5565,1,62546100395,10390230,0
62.559,0,62548623401,10390230,0
62.5615,2,62551146407,10390230,0
62.5692,1,62556490625,12705030,0
62.5717,0,62559013631,12705030,0
62.5742,2,62561536637,12705030,0
62.5797,1,62569195655,10504024,0
62.5822,0,62571718661,10504024,0
62.5847,2,62574241667,10504024,0
62.5899,1,62579699679,10173024,0
62.5924,0,62582222685,10173024,0
62.5949,2,62584745691,10173024,0
62.6,1,62589872703,10173024,0
62.6028,0,62592395709,10390230,0
62.6053,2,62594918715,10390230,0
62.6104,1,62600045727,10390230,0
62.613,0,62602785939,10173024,0
62.6155,2,62605308945,10173024,0
62.6206,1,62610435957,10173024,0
62.6256,2,62615481969,10117018,0
62.6307,1,62620608981,10117018,0
62.6357,2,62625598987,10117018,0
62.6383,1,62630725999,7603012,0
62.6409,0,62612958963,27893054,0
62.6434,2,62635716005,7659018,0
62.6488,1,62638329011,10477024,0
62.6566,1,62648806035,7764212,0
62.6591,0,62640852017,18241236,0
62.6616,2,62643375023,18241236,0
62.6642,1,62656570247,7650018,0
62.6667,0,62659093253,7650018,0
62.6693,2,62661616259,7650018,0
62.6769,1,62664220265,12678030,0
62.6797,0,62666743271,12991030,0
62.6823,2,62669266277,12991030,0
62.6874,1,62676898295,10504024,0
62.6899,0,62679734301,10191024,0
62.6924,2,62682257307,10191024,0
62.6976,1,62687402319,10173024,0
62.7001,0,62689925325,10173024,0
62.7026,2,62692448331,10173024,0
62.713,1,62697575343,15418242,0
62.7155,0,62700098349,15418242,0
62.718,2,62702621355,15418242,0
62.7282,1,62712993585,15246036,0
62.7308,0,62715516591,15246036,0
62.7333,2,62718039597,15246036,0
62.746,1,62728239621,17742042,0
62.7485,0,62730762627,17742042,0
62.7513,2,62733285633,18055042,0
62.7642,1,62745981663,18234242,0
62.7667,0,62748504669,18234242,0
62.7822,1,62764215905,18026036,0
62.7848,0,62766738911,18026036,0
62.7873,2,62751340675,35947278,0
62.8,0,62784764947,15190030,0
62.8025,2,62787287953,15190030,0
62.8178,1,62782241941,35607278,0
62.8204,0,62799954977,20417248,0
62.8229,2,62802477983,20417248,0
62.8356,1,62817849219,17787042,0
62.8382,0,62820372225,17787042,0
62.8483,0,62838159267,10106012,0
62.8508,2,62822895231,27893054,0
62.8564,1,62835636261,20809242,0
62.859,0,62848265279,10703230,0
62.8615,2,62850788285,10703230,0
62.8666,1,62856445503,10135018,0
62.8691,0,62858968509,10135018,0
62.8716,2,62861491515,10135018,0
62.8742,1,62866580521,7659018,0
62.8792,2,62871626533,7603012,0
62.8818,1,62874239539,7594012,0
62.8847,0,62869103527,15566030,0
62.8872,2,62879229545,7963018,0
62.8923,1,62881833551,10477024,0
62.8948,0,62884669557,10164024,0
62.8974,2,62887192563,10164024,0
62.905,0,62894833581,10117018,0
62.9152,1,62892310575,22909242,0
62.9177,0,62904950599,12792224,0
62.9203,2,62897356587,22909242,0
62.9304,1,62915219817,15228036,0
62.933,0,62917742823,15228036,0
62.9381,1,62930447853,7630012,0
62.9406,0,62932970859,7630012,0
62.9431,2,62920265829,22858048,0
62.9507,2,62943123877,7538006,0
62.9538,1,62938077865,15718230,0
62.9563,0,62940600871,15718230,0
62.9588,2,62950661883,8180224,0
62.9614,1,62953796095,7650018,0
62.964,0,62956319101,7650018,0
62.9665,2,62958842107,7650018,0
62.9741,0,62963969119,10108018,0
62.9766,2,62966492125,10108018,0
62.9817,1,62961446113,20281042,0
62.9843,0,62974077137,10173024,0
62.9871,2,62976600143,10486024,0
62.9972,0,62984250161,12944024,0
62.9997,2,62987086167,12631024,0
63.0126,1,62981727155,30894272,0
63.0151,0,62997194185,17950248,0
63.0177,2,62999717191,17950248,0
63.0329,1,63012621427,20274048,0
63.0354,0,63015144433,20274048,0
63.0456,1,63032895475,12685024,0
63.0481,0,63035418481,12685024,0
63.0506,2,63017667439,32959072,0
63.0663,2,63050626511,15637230,0
63.0689,1,63045580499,23323248,0
63.0714,0,63048103505,23323248,0
63.0739,2,63066263741,7686018,0
63.0865,2,63073949759,12566018,0
63.0945,1,63068903747,25584048,0
63.097,0,63071426753,25584048,0
63.0995,2,63086515777,13018030,0
63.1074,1,63094487795,12922236,0
63.1099,0,63097010801,12922236,0
63.1201,1,63107410031,12660024,0
63.1301,1,63120070055,10079012,0
63.1327,0,63109933037,22739036,0
63.1352,2,63099533807,35661272,0
63.1428,1,63130149067,12687030,0
63.1454,0,63132672073,12687030,0
63.1479,2,63135195079,12687030,0
63.1558,1,63142836097,12922236,0
63.1611,2,63147882109,13179230,0
63.1687,1,63155758333,12971024,0
63.1713,0,63145359103,25893260,0
63.1738,2,63161061339,12714030,0
63.1814,1,63168729357,12705030,0
63.184,0,63171252363,12705030,0
63.1865,2,63173775369,12705030,0
63.197,1,63181434387,15532036,0
63.1995,0,63183957393,15532036,0
63.202,2,63186480399,15532036,0
63.2124,1,63196966423,15389236,0
63.2149,0,63199489429,15389236,0
63.2174,2,63202012435,15389236,0
63.2326,0,63214878665,17704036,0
63.2351,2,63217401671,17704036,0
63.2428,1,63212355659,30436066,0
63.2453,0,63232582701,12732030,0
63.2478,2,63235105707,12732030,0
63.2582,1,63242791725,15436242,0
63.2611,0,63245314731,15749242,0
63.2636,2,63247837737,15749242,0
63.2737,1,63258227967,15503030,0
63.2763,0,63261063973,15190030,0
63.2788,2,63263586979,15190030,0
63.2814,1,63273730997,7686018,0
63.2864,2,63278777009,7630012,0
63.2915,1,63281417015,10108018,0
63.2944,0,63276254003,18107036,0
63.2969,2,63286407021,10477024,0
63.302,1,63291525033,10486024,0
63.3045,0,63294361039,10173024,0
63.3123,1,63302011057,10278218,0
63.3148,0,63304534063,10278218,0
63.3173,2,63296884045,20451242,0
63.3275,1,63312289275,15201036,0
63.33,0,63314812281,15201036,0
63.3325,2,63317335287,15201036,0
63.3427,1,63327490311,15228036,0
63.3452,0,63330013317,15228036,0
63.3478,2,63332536323,15228036,0
63.3606,1,63342718347,17903242,0
63.3635,0,63345241353,18216242,0
63.366,2,63347764359,18216242,0
63.3736,0,63363457595,10162018,0
63.3761,2,63365980601,10162018,0
63.3813,1,63360621589,20648042,0
63.3838,0,63373619613,10173024,0
63.3863,2,63376142619,10173024,0
63.3968,1,63381269631,15514036,0
63.3993,0,63383792637,15514036,0
63.4018,2,63386315643,15514036,0
63.4097,1,63396783667,12931236,0
63.4122,0,63399306673,12931236,0
63.4148,2,63401829679,12931236,0
63.4224,1,63409714903,12705030,0
63.4249,0,63412237909,12705030,0
63.4326,1,63422419933,10135018,0
63.4351,0,63424942939,10135018,0
63.4376,2,63414760915,22840048,0
63.4452,1,63432554951,12687030,0
63.4478,0,63435077957,12687030,0
63.4503,2,63437600963,12687030,0
63.4632,1,63445241981,17950248,0
63.466,0,63447764987,18263248,0
63.4686,2,63450287993,18263248,0
63.4762,1,63463192229,12989024,0
63.4787,0,63466028235,12676024,0
63.4812,2,63468551241,12676024,0
63.4889,1,63476181253,12705030,0
63.4914,0,63478704259,12705030,0
63.4939,2,63481227265,12705030,0
63.5044,1,63488886283,15532036,0
63.5198,1,63504418319,15333230,0
63.5223,0,63491409289,30865266,0
63.5248,2,63493932295,30865266,0
63.5325,1,63519751549,12732030,0
63.5375,2,63524797561,12676024,0
63.5451,1,63532483579,12649024,0
63.5554,1,63545132603,10296218,0
63.558,0,63522274555,35677272,0
63.5605,2,63537473585,23001248,0
63.5684,1,63555428821,13000030,0
63.571,0,63557951827,13000030,0
63.5735,2,63560474833,13000030,0
63.5836,1,63568428851,15219036,0
63.5862,0,63570951857,15219036,0
63.5887,2,63573474863,15219036,0
63.5963,1,63583647887,12658024,0
63.6016,2,63588693899,12915024,0
63.6095,1,63596305911,13179236,0
63.612,0,63586170893,25837260,0
63.6145,2,63601608923,12922236,0
63.6222,1,63609485147,12714030,0
63.6272,2,63614531159,12658024,0
63.6323,1,63622199177,10135018,0
63.6349,0,63612008153,22849048,0
63.6374,2,63627189183,10191024,0
63.645,1,63632334195,12687030,0
63.65,2,63637380207,12631024,0
63.6554,1,63645021225,10352224,0
63.6604,2,63650011231,10352224,0
63.668,1,63655373449,12631024,0
63.6708,0,63634857201,35983278,0
63.6734,2,63660363455,13000030,0
63.6785,1,63668004473,10504024,0
63.6835,2,63673363485,10135018,0
63.6861,1,63678508497,7603012,0
63.6886,0,63670840479,17794036,0
63.6912,2,63683498503,7659018,0
63.6962,0,63688634515,7594012,0
63.6988,2,63691157521,7594012,0
63.7044,1,63686111509,18288242,0
63.7094,2,63698751533,10638224,0
63.7145,1,63704399751,10135018,0
63.7171,0,63696228527,20829248,0
63.7272,1,63714534769,12631024,0
63.7297,0,63717057775,12631024,0
63.7373,1,63727165793,10135018,0
63.7398,0,63729688799,10135018,0
63.7423,2,63709389757,32957066,0
63.7475,1,63737300811,10173024,0
63.7525,2,63742346823,10117018,0
63.7578,1,63747473835,10278218,0
63.7603,0,63739823817,20451242,0
63.7628,2,63752463841,10334224,0
63.7705,1,63757752053,12705030,0
63.7733,0,63760275059,13018030,0
63.7758,2,63762798065,13018030,0
63.7835,1,63770457083,13018030,0
63.786,0,63773293089,12705030,0
63.7885,2,63775816095,12705030,0
63.8043,1,63783475113,20777254,0
63.8068,0,63785998119,20777254,0
63.8093,2,63788521125,20777254,0
63.822,1,63804252367,17731036,0
63.8245,0,63806775373,17731036,0
63.827,2,63809298379,17731036,0
63.8372,0,63824506409,12676024,0
63.8397,2,63827029415,12676024,0
63.8449,1,63821983403,22867048,0
63.8498,2,63839705439,10135018,0
63.8552,1,63844850451,10334224,0
63.8577,0,63837182433,20525248,0
63.8602,2,63849840457,10390230,0
63.8729,1,63855184675,17715042,0
63.8757,0,63857707681,18028042,0
63.8783,2,63860230687,18028042,0
63.8935,1,63872899717,20587048,0
63.896,0,63875735723,20274048,0
63.8985,2,63878258729,20274048,0
63.9067,1,63893486765,13215236,0
63.9092,0,63896009771,13215236,0
63.9117,2,63898532777,13215236,0
63.9194,1,63906702001,12714030,0
63.9219,0,63909225007,12714030,0
63.9296,1,63919416031,10135018,0
63.9321,0,63921939037,10135018,0
63.9346,2,63911748013,22849048,0
63.9422,1,63929551049,12687030,0
63.9448,0,63932074055,12687030,0
63.9473,2,63934597061,12687030,0
63.9552,1,63942238079,12922236,0
63.9577,0,63944761085,12922236,0
63.9602,2,63947284091,12922236,0
63.9704,1,63955160315,15228036,0
63.9729,0,63957683321,15228036,0
63.9754,2,63960206327,15228036,0
63.9859,1,63970388351,15485030,0
63.9884,0,63972911357,15485030,0
63.9909,2,63975434363,15485030,0
63.9961,1,63985873381,10200024,0
63.9986,0,63988396387,10200024,0
64.0011,2,63990919393,10200024,0
64.0092,1,63996073405,13161230,0
64.0118,0,63998596411,13161230,0
64.0143,2,64001119417,13161230,0
64.0245,1,64009234635,15228036,0
64.027,0,64011757641,15228036,0
64.0295,2,64014280647,15228036,0
64.0372,1,64024462671,12714030,0
64.0397,0,64026985677,12714030,0
64.0575,1,64037176701,20296236,0
64.06,0,64039699707,20296236,0
64.0625,2,64029508683,33010266,0
64.0727,1,64057472937,15255036,0
64.0753,0,64059995943,15255036,0
64.0857,1,64072727973,12971030,0
64.0882,0,64075250979,12971030,0
64.0907,2,64062518949,28226066,0
64.0984,1,64085699003,12705030,0
64.1009,0,64088222009,12705030,0
64.114,1,64098404033,15637230,0
64.1166,0,64100927039,15637230,0
64.1191,2,64090745015,28342260,0
64.1293,1,64114041263,15246036,0
64.1318,0,64116564269,15246036,0
64.1419,1,64129287299,12658024,0
64.1445,0,64131810305,12658024,0
64.147,2,64119087275,27904060,0
64.1599,1,64141945323,17950248,0
64.1649,2,64146991335,17894242,0
64.1776,0,64144468329,33084272,0
64.1801,2,64164885577,15190030,0
64.1931,1,64159895571,33189066,0
64.1981,2,64180075607,17999036,0
64.2035,1,64193084637,10379224,0
64.206,0,64177552601,28434266,0
64.2164,0,64205986867,10374012,0
64.2189,2,64198074643,20809242,0
64.234,0,64216360879,17659036,0
64.2391,1,64203463861,35681060,0
64.2417,0,64234019915,7648012,0
64.2442,2,64218883885,25307048,0
64.2468,1,64239144921,7650018,0
64.2493,0,64241667927,7650018,0
64.2621,2,64244190933,17863230,0
64.2647,1,64246794939,17890230,0
64.2672,0,64249317945,17890230,0
64.2697,2,64262054163,7677018,0
64.2723,1,64264685169,7650018,0
64.2749,0,64267208175,7650018,0
64.2799,1,64272335187,7594012,0
64.2825,0,64274858193,7594012,0
64.2853,2,64269731181,15557030,0
64.2879,1,64279929199,7963018,0
64.2904,0,64282452205,7963018,0
64.2929,2,64285288211,7650018,0
64.2955,1,64287892217,7650018,0
64.2981,0,64290415223,7650018,0
64.3059,1,64295542235,10325224,0
64.3084,0,64298065241,10325224,0
64.3109,2,64292938229,17975242,0
64.3164,1,64305867459,10504024,0
64.3189,0,64308390465,10504024,0
64.3214,2,64310913471,10504024,0
64.3265,1,64316371483,10173024,0
64.3315,2,64321417495,10117018,0
64.3391,0,64318894489,20234036,0
64.3417,2,64331534513,10117018,0
64.3468,1,64326544507,20234036,0
64.3518,2,64341651531,10117018,0
64.3546,1,64346778543,7820218,0
64.3571,0,64339128525,17993242,0
64.3596,2,64351768549,7876224,0
64.3673,1,64354598761,12687030,0
64.3698,0,64357121767,12687030,0
64.3824,1,64367285791,15163030,0
64.385,0,64369808797,15163030,0
64.3929,1,64382448821,10457018,0
64.3954,0,64384971827,10457018,0
64.398,2,64359644773,38307078,0
64.4083,1,64392905839,15418242,0
64.4108,0,64395428845,15418242,0
64.4134,2,64397951851,15418242,0
64.4239,1,64408324081,15559036,0
64.4264,0,64410847087,15559036,0
64.4289,2,64413370093,15559036,0
64.4366,1,64423883117,12714030,0
64.4391,0,64426406123,12714030,0
64.4416,2,64428929129,12714030,0
64.4518,1,64436597147,15219036,0
64.457,2,64441643159,15380236,0
64.4622,1,64451816183,10361224,0
64.4647,0,64439120153,25580260,0
64.4672,2,64457023395,10200024,0
64.4723,0,64464700413,7603012,0
64.4748,2,64467223419,7603012,0
64.4849,0,64472303425,12622024,0
64.4874,2,64474826431,12622024,0
64.4954,1,64462177407,33243066,0
64.4979,0,64484925449,13018030,0
64.5005,2,64487448455,13018030,0
64.5109,1,64495420473,15436242,0
64.5158,2,64500466485,15380236,0
64.5314,1,64510856715,20531042,0
64.5364,2,64515846721,20531042,0
64.5441,1,64531387757,12685024,0
64.5466,0,64497943479,48652308,0
64.5491,2,64536377763,12741030,0
64.5595,0,64546595787,12866230,0
64.5671,1,64544072781,23010248,0
64.5721,2,64549118793,22954242,0
64.5847,0,64559462017,25233042,0
64.5872,2,64572073035,15145030,0
64.5977,1,64567083029,30630060,0
64.6027,2,64587218065,15485030,0
64.6156,1,64597713089,17847236,0
64.6181,0,64584695059,33388272,0
64.6206,2,64602703095,17903242,0
64.6286,1,64615560325,13054030,0
64.6311,0,64618083331,13054030,0
64.6337,2,64620606337,13054030,0
64.6388,1,64628614355,10191024,0
64.6413,0,64631137361,10191024,0
64.6439,2,64633660367,10191024,0
64.6565,0,64641328385,15145030,0
64.6643,1,64638805379,25506254,0
64.6693,2,64643851391,25450248,0
64.6719,1,64664311633,7621012,0
64.6745,0,64656473415,17982236,0
64.677,2,64669301639,7677018,0
64.6846,1,64671932645,12678030,0
64.6871,0,64674455651,12678030,0
64.6897,2,64676978657,12678030,0
64.6951,1,64684610675,10504024,0
64.6976,0,64687133681,10504024,0
64.7002,2,64689656687,10504024,0
64.7054,1,64695114699,10334224,0
64.708,0,64697637705,10334224,0
64.7105,2,64700160711,10334224,0
64.7181,0,64707971929,10135018,0
64.7232,1,64705448923,17738030,0
64.726,0,64718106947,7916012,0
64.7285,2,64710494935,18051030,0
64.7311,1,64723186953,7963018,0
64.7337,0,64726022959,7650018,0
64.7362,2,64728545965,7650018,0
64.7413,1,64731149971,10164024,0
64.7438,0,64733672977,10164024,0
64.7464,2,64736195983,10164024,0
64.7515,1,64741313995,10173024,0
64.754,0,64743837001,10173024,0
64.7618,1,64751487019,10278218,0
64.7643,0,64754010025,10278218,0
64.7694,1,64761765237,7621012,0
64.7719,0,64764288243,7621012,0
64.7744,2,64746360007,28072254,0
64.7821,1,64769386249,12678030,0
64.7846,0,64771909255,12678030,0
64.7871,2,64774432261,12678030,0
64.7947,0,64784587285,10135018,0
64.7976,2,64787110291,10448018,0
64.8002,1,64782064279,18107036,0
64.8079,1,64800171315,7755212,0
64.8104,0,64794722303,15727230,0
64.813,2,64797558309,15414230,0
64.8156,1,64807926527,7659018,0
64.8181,0,64810449533,7659018,0
64.8206,2,64812972539,7659018,0
64.8232,1,64815585545,7650018,0
64.8258,0,64818108551,7650018,0
64.8286,2,64820631557,7963018,0
64.8337,1,64823235563,10477024,0
64.8362,0,64825758569,10477024,0
64.8388,2,64828594575,10164024,0
64.8464,1,64833712587,12687030,0
64.8489,0,64836235593,12687030,0
64.8514,2,64838758599,12687030,0
64.8568,1,64846399617,10408230,0
64.8618,2,64851445629,10352224,0
64.8695,1,64856807847,12649024,0
64.872,0,64848922623,23057254,0
64.8745,2,64861797853,12705030,0
64.8796,1,64869456871,10191024,0
64.8822,0,64871979877,10191024,0
64.8847,2,64874502883,10191024,0
64.8898,1,64879647895,10173024,0
64.8923,0,64882170901,10173024,0
64.8949,2,64884693907,10173024,0
64.9003,1,64889820919,10486024,0
64.9131,1,64900306943,12792224,0
64.9156,0,64892343925,23278248,0
64.9181,2,64894866931,23278248,0
64.9233,1,64913099167,10200024,0
64.9258,0,64915622173,10200024,0
64.9283,2,64918145179,10200024,0
64.9313,1,64923299191,7972018,0
64.9363,2,64928345203,7916012,0
64.9389,1,64931271209,7594012,0
64.9414,0,64925822197,15566030,0
64.9439,2,64936261215,7650018,0
64.9515,1,64938865221,12678030,0
64.9541,0,64941388227,12678030,0
64.9568,2,64943911233,12895236,0
64.962,1,64951543251,10408230,0
64.9669,2,64956806469,10135018,0
64.9696,1,64961951481,7603012,0
64.9721,0,64954066257,18011242,0
64.9746,2,64966941487,7659018,0
64.9847,1,64969554493,15192036,0
64.9873,0,64972077499,15192036,0
64.9898,2,64974600505,15192036,0
65,1,64984746529,15228036,0
65.003,0,64987269535,15758242,0
65.0056,2,64989792541,15758242,0
65.0107,1,64999974565,10730230,0
65.0132,0,65003027777,10200024,0
65.0158,2,65005550783,10200024,0
65.0234,1,65010704795,12687030,0
65.0259,0,65013227801,12687030,0
65.0284,2,65015750807,12687030,0
65.0364,1,65023391825,13018030,0
65.0389,0,65025914831,13018030,0
65.0415,2,65028437837,13018030,0
65.0491,1,65036409855,12705030,0
65.0516,0,65038932861,12705030,0
65.0544,2,65041455867,12922236,0
65.062,1,65049114885,12922236,0
65.067,2,65054378103,12649024,0
65.0747,1,65062037121,12649024,0
65.0772,0,65051637891,25571260,0
65.0797,2,65067027127,12705030,0
65.0849,1,65074686145,10191024,0
65.0874,0,65077209151,10191024,0
65.095,1,65084877169,10117018,0
65.0975,0,65087400175,10117018,0
65.1,2,65079732157,20308042,0
65.1057,1,65094994187,10703230,0
65.1082,0,65097517193,10703230,0
65.1107,2,65100040199,10703230,0
65.1259,0,65108220423,17677036,0
65.1284,2,65110743429,17677036,0
65.1439,2,65128420465,15447024,0
65.1465,1,65105697417,40810078,0
65.149,0,65125897459,23133042,0
65.1516,2,65143867489,7686018,0
65.1544,1,65146507495,7867224,0
65.1569,0,65149030501,7867224,0
65.1594,2,65151553507,7867224,0
65.1746,0,65156897725,17659036,0
65.1771,2,65159420731,17659036,0
65.1923,1,65154374719,37879078,0
65.1972,2,65177079767,20164036,0
65.2052,1,65192253797,12902230,0
65.2181,1,65205156027,12906018,0
65.2206,0,65174556761,46028290,0
65.2231,2,65197243803,25864254,0
65.2308,1,65218062045,12705030,0
65.2333,0,65220585051,12705030,0
65.2358,2,65223108057,12705030,0
65.2488,1,65230767075,17990036,0
65.2513,0,65233290081,17990036,0
65.2642,1,65248757111,15407236,0
65.2667,0,65251280117,15407236,0
65.2692,2,65235813087,33397272,0
65.2769,1,65264164347,12714030,0
65.2794,0,65266687353,12714030,0
65.2895,1,65276878377,12649024,0
65.2921,0,65279401383,12649024,0
65.2946,2,65269210359,25363054,0
65.3022,1,65289527401,12705030,0
65.305,0,65292050407,12922236,0
65.3179,1,65302232431,15693242,0
65.3204,0,65304972643,15476036,0
65.323,2,65294573413,28398272,0
65.333,1,65317925673,15118024,0
65.3356,0,65320448679,15118024,0
65.3381,2,65322971685,15118024,0
65.3436,1,65333043697,10513024,0
65.3485,2,65338089709,10457018,0
65.3512,1,65343556721,7603012,0
65.3537,0,65335566703,18116036,0
65.359,1,65351159733,7811218,0
65.3615,0,65353682739,7811218,0
65.364,2,65348546727,15470236,0
65.3691,1,65358970951,10173024,0
65.3717,0,65361493957,10173024,0
65.3742,2,65364016963,10173024,0
65.3793,1,65369143975,10173024,0
65.3818,0,65371666981,10173024,0
65.3919,1,65379316999,12631024,0
65.3945,0,65381840005,12631024,0
65.397,2,65374189987,22804048,0
65.4073,1,65391948023,15380236,0
65.4099,0,65394471029,15380236,0
65.4127,2,65396994035,15693236,0
65.4153,1,65407328259,8017018,0
65.4179,0,65409851265,8017018,0
65.4204,2,65412687271,7704018,0
65.4255,1,65415345277,10164024,0
65.428,0,65417868283,10164024,0
65.4306,2,65420391289,10164024,0
65.4381,0,65428032307,10117018,0
65.4407,2,65430555313,10117018,0
65.4436,1,65425509301,18089036,0
65.4461,0,65438149325,7972018,0
65.4486,2,65440672331,7972018,0
65.454,1,65443598337,10381230,0
65.4565,0,65446121343,10381230,0
65.459,2,65448644349,10381230,0
65.4666,0,65456502573,10135018,0
65.4717,1,65453979567,17738030,0
65.4742,0,65466637591,7603012,0
65.4768,2,65459025579,17738030,0
65.4794,1,65471717597,7650018,0
65.4819,0,65474240603,7650018,0
65.4844,2,65476763609,7650018,0
65.492,1,65479367615,12678030,0
65.4946,0,65481890621,12678030,0
65.4971,2,65484413627,12678030,0
65.5022,1,65492045645,10191024,0
65.5048,0,65494568651,10191024,0
65.5075,2,65497091657,10408230,0
65.5126,1,65502236669,10390230,0
65.5155,0,65504759675,10703230,0
65.518,2,65507499887,10486024,0
65.5256,1,65512626899,13000030,0
65.5281,0,65515462905,12687030,0
65.5307,2,65517985911,12687030,0
65.5383,0,65528149935,10135018,0
65.5408,2,65530672941,10135018,0
65.5462,0,65538284953,7916018,0
65.5487,2,65540807959,7916018,0
65.5541,1,65525626929,28432266,0
65.5566,0,65546200971,10381230,0
65.5591,2,65548723977,10381230,0
65.5667,0,65556582201,10135018,0
65.5692,2,65559105207,10135018,0
65.5744,1,65554059195,20308042,0
65.5769,0,65566717219,10173024,0
65.5794,2,65569240225,10173024,0
65.5896,1,65574367237,15201036,0
65.5921,0,65576890243,15201036,0
65.5946,2,65579413249,15201036,0
65.6075,1,65589568273,17959248,0
65.6101,0,65592091279,17959248,0
65.6152,1,65607527521,7657012,0
65.618,0,65610050527,7970012,0
65.6205,2,65594614285,25929260,0
65.6282,1,65615184533,12991030,0
65.6307,0,65618020539,12678030,0
65.6383,1,65628175563,10135018,0
65.6408,0,65630698569,10135018,0
65.6434,2,65620543545,22813048,0
65.6487,1,65638310581,10430024,0
65.6513,0,65640833587,10430024,0
65.6566,1,65648740605,7820218,0
65.6591,0,65651263611,7820218,0
65.6616,2,65643356593,18250242,0
65.6667,1,65656560823,10173024,0
65.6693,0,65659083829,10173024,0
65.6718,2,65661606835,10173024,0
65.6744,1,65666733847,7659018,0
65.6794,2,65671779859,7603012,0
65.682,1,65674392865,7594012,0
65.6845,0,65669256853,15253030,0
65.687,2,65679382871,7650018,0
65.6896,1,65681986877,7650018,0
65.6946,2,65687032889,7594012,0
65.6972,1,65689636895,7594012,0
65.6998,0,65684509883,15244030,0
65.7023,2,65694626901,7650018,0
65.7051,1,65697230907,7867224,0
65.7076,0,65699753913,7867224,0
65.7101,2,65702276919,7867224,0
65.7153,1,65705098131,10173024,0
65.7178,0,65707621137,10173024,0
65.7206,2,65710144143,10486024,0
65.7258,1,65715271155,10486024,0
65.7283,0,65717794161,10486024,0
65.7308,2,65720630167,10173024,0
65.741,1,65725757179,15201036,0
65.7435,0,65728280185,15201036,0
65.746,2,65730803191,15201036,0
65.7592,1,65740958215,18216242,0
65.7617,0,65743481221,18216242,0
65.7818,2,65746004227,35817266,0
65.787,1,65759174457,27819048,0
65.7895,0,65761697463,27819048,0
65.792,2,65781821493,10218024,0
65.7997,1,65786993505,12687030,0
65.8022,0,65789516511,12687030,0
65.8151,1,65799680535,15380236,0
65.8201,2,65792039517,28011260,0
65.8305,1,65815060771,15485030,0
65.8355,2,65820050777,15485030,0
65.8407,1,65830545801,10144018,0
65.8432,0,65802203541,41009284,0
65.8457,2,65835535807,10200024,0
65.8509,1,65840689819,10173024,0
65.8537,0,65843212825,10486024,0
65.8564,2,65845735831,10703230,0
65.8666,1,65850862843,15731242,0
65.8691,0,65853698849,15418242,0
65.8868,1,65866594085,20200042,0
65.8893,0,65869117091,20200042,0
65.8918,2,65856439061,35401078,0
65.9045,2,65891840139,12631018,0
65.9123,0,65889317133,22983242,0
65.9148,2,65904471157,10352224,0
65.9175,1,65886794127,30660260,0
65.9328,1,65917454387,15393030,0
65.9354,0,65912300375,23070048,0
65.9379,2,65914823381,23070048,0
65.9506,1,65932847417,17742042,0
65.9531,0,65935370423,17742042,0
65.9713,1,65950589459,20748248,0
65.9739,0,65953112465,20748248,0
65.9815,1,65971337707,10171018,0
65.984,0,65973860713,10171018,0
65.9866,2,65937893429,48661308,0
65.9992,1,65981508725,17715042,0
66.0017,0,65984031731,17715042,0
66.0146,0,66001746773,12837224,0
66.0171,2,65986554737,30552266,0
66.0223,1,65999223767,23028248,0
66.0248,0,66014583997,10191024,0
66.0276,2,66017107003,10504024,0
66.0353,1,66022252015,13000030,0
66.0402,2,66027611027,12631024,0
66.0479,1,66035252045,12649024,0
66.0504,0,66024775021,25649054,0
66.0529,2,66040242051,12705030,0
66.0586,1,66047901069,10721230,0
66.0611,0,66050424075,10721230,0
66.0637,2,66052947081,10721230,0
66.0713,1,66058622299,12687030,0
66.0738,0,66061145305,12687030,0
66.0764,2,66063668311,12687030,0
66.0865,1,66071309329,15219036,0
66.0891,0,66073832335,15219036,0
66.0916,2,66076355341,15219036,0
66.1018,1,66086528365,15228036,0
66.1043,0,66089051371,15228036,0
66.1146,1,66101756401,12875230,0
66.1172,0,66104279407,12875230,0
66.1247,1,66114631631,10081012,0
66.1272,0,66117154637,10081012,0
66.1301,2,66091574377,38497278,0
66.1352,1,66124712643,10486024,0
66.1377,0,66127235649,10486024,0
66.1402,2,66130071655,10173024,0
66.1479,1,66135198667,12687030,0
66.1529,2,66140244679,12631024,0
66.1557,1,66147885697,7838218,0
66.1582,0,66137721673,20525248,0
66.1611,2,66152875703,8207224,0
66.1711,2,66161082927,10063012,0
66.1763,1,66155723915,20549036,0
66.1788,0,66158246921,20549036,0
66.1813,2,66171145939,10173024,0
66.1939,0,66178795957,15145030,0
66.1965,2,66181318963,15145030,0
66.2043,1,66176272951,28076266,0
66.2093,2,66196463993,12875230,0
66.217,1,66204349217,12658024,0
66.2195,0,66193940987,25589260,0
66.2221,2,66209339223,12714030,0
66.2297,1,66217007241,12705030,0
66.235,2,66222053253,12962024,0
66.2427,1,66229712271,12962024,0
66.2452,0,66219530247,25667054,0
66.2477,2,66235015277,12705030,0
66.2556,1,66242674295,12922236,0
66.2581,0,66245197301,12922236,0
66.2606,2,66247720307,12922236,0
66.2661,1,66255596531,10457018,0
66.2686,0,66258119537,10457018,0
66.2711,2,66260642543,10457018,0
66.2787,1,66266053549,12687030,0
66.2813,0,66268576555,12687030,0
66.2838,2,66271099561,12687030,0
66.2965,1,66278740579,17733042,0
66.299,0,66281263585,17733042,0
66.3015,2,66283786591,17733042,0
66.3119,0,66298996627,12893230,0
66.3144,2,66301519633,12893230,0
66.3221,1,66296473621,25607260,0
66.3246,0,66311889857,12714030,0
66.3271,2,66314412863,12714030,0
66.3322,1,66322080881,10135018,0
66.3351,0,66324603887,10448018,0
66.3376,2,66327126893,10448018,0
66.3427,1,66332215899,10486024,0
66.3452,0,66335051905,10173024,0
66.3477,2,66337574911,10173024,0
66.3606,1,66342701923,17932248,0
66.3632,0,66345224929,17932248,0
66.366,2,66347747935,18245248,0
66.3762,1,66360634171,15559036,0
66.3787,0,66363157177,15559036,0
66.3812,2,66365993183,15246036,0
66.3863,1,66376193207,10144018,0
66.3889,0,66378716213,10144018,0
66.3914,2,66381239219,10144018,0
66.399,1,66386337225,12687030,0
66.404,2,66391383237,12631024,0
66.4118,0,66388860231,22983248,0
66.4144,2,66404014261,10352224,0
66.4195,1,66399024255,20469242,0
66.422,0,66411843479,10173024,0
66.4245,2,66414366485,10173024,0
66.4322,1,66419493497,12687030,0
66.4347,0,66422016503,12687030,0
66.4426,1,66432180527,10448018,0
66.4452,0,66434703533,10448018,0
66.4477,2,66424539509,23135048,0
66.453,1,66442628545,10390230,0
66.4555,0,66445151551,10390230,0
66.4581,2,66447674557,10390230,0
66.471,0,66455541781,15458030,0
66.4735,2,66458064787,15458030,0
66.4812,1,66453018775,28172060,0
66.4837,0,66470999811,12714030,0
66.4862,2,66473522817,12714030,0
66.4913,1,66481190835,10135018,0
66.4938,0,66483713841,10135018,0
66.4964,2,66486236847,10135018,0
66.5015,0,66493848859,7603012,0
66.504,2,66496371865,7603012,0
66.5068,1,66491325853,15470236,0
66.5093,0,66501451871,7867224,0
66.5118,2,66503974877,7867224,0
66.5145,1,66506796089,7659018,0
66.517,0,66509319095,7659018,0
66.5195,2,66511842101,7659018,0
66.5246,1,66514455107,10164024,0
66.5271,0,66516978113,10164024,0
66.5297,2,66519501119,10164024,0
66.5373,1,66524619131,12687030,0
66.5426,2,66529665143,12944024,0
66.5503,1,66537306161,12962024,0
66.5555,2,66542609167,12866230,0
66.5631,1,66550268185,12866230,0
66.5657,0,66527142137,38515284,0
66.5682,2,66555475397,12705030,0
66.5786,1,66563134415,15476030,0
66.5811,0,66565657421,15476030,0
66.5837,2,66568180427,15476030,0
66.5963,0,66581133451,15172030,0
66.5988,2,66583656457,15172030,0
66.6067,1,66578610445,28047260,0
66.6092,0,66596305481,12875230,0
66.6117,2,66598828487,12875230,0
66.6194,1,66606657705,12714030,0
66.6219,0,66609180711,12714030,0
66.6244,2,66611703717,12714030,0
66.6296,1,66619371735,10191024,0
66.6346,2,66624417747,10135018,0
66.6397,1,66629562759,10117018,0
66.6425,0,66621894741,20621042,0
66.645,2,66634552765,10486024,0
66.6551,0,66642515783,12631024,0
66.6577,2,66645038789,12631024,0
66.6681,1,66639679777,28380266,0
66.6706,0,66655146807,15436242,0
66.6734,2,66657669813,15749242,0
66.6861,1,66668060043,18055042,0
66.6886,0,66670583049,18055042,0
66.6912,2,66673419055,17742042,0
66.7013,0,66688638091,12676024,0
66.7041,2,66691161097,12893230,0
66.7117,1,66686115085,25598260,0
66.7167,2,66704054327,12649024,0
66.7218,1,66711713345,10135018,0
66.7244,0,66701314115,23057254,0
66.7319,0,66724371369,7547006,0
66.7344,2,66716703351,17738030,0
66.737,1,66721848363,15197024,0
66.7396,0,66731918375,7650018,0
66.745,1,66737045387,7907018,0
66.7475,0,66739568393,7907018,0
66.75,2,66734441381,15557036,0
66.7553,1,66744952405,10381230,0
66.7579,0,66747475411,10381230,0
66.7604,2,66749998417,10381230,0
66.768,0,66757856641,10117018,0
66.7705,2,66760379647,10117018,0
66.7859,0,66767973659,17972036,0
66.7936,1,66755333635,38251072,0
66.7961,0,66785945695,10162018,0
66.7986,2,66770496665,28134054,0
66.804,1,66793584707,10390230,0
66.809,2,66798630719,10334224,0
66.8166,1,66803974937,12649024,0
66.8191,0,66796107713,23039254,0
66.8217,2,66808964943,12705030,0
66.8293,1,66816623961,12705030,0
66.8319,0,66819146967,12705030,0
66.8344,2,66821669973,12705030,0
66.8498,0,66831851997,17990036,0
66.8524,2,66834375003,17990036,0
66.8578,1,66829328991,28425266,0
66.8627,2,66852365039,10379224,0
66.8704,1,66857754257,12649024,0
66.8729,0,66849842033,23084254,0
66.8754,2,66862744263,12705030,0
66.8809,1,66870403281,10504024,0
66.8834,0,66872926287,10504024,0
66.886,2,66875449293,10504024,0
66.8911,1,66880907305,10173024,0
66.8936,0,66883430311,10173024,0
66.8987,1,66891080329,7603012,0
66.9039,2,66885953317,17937236,0
66.9065,1,66898683341,7811218,0
66.909,0,66893603335,15414230,0
66.9115,2,66903890553,7650018,0
66.9217,1,66906494559,15192036,0
66.9242,0,66909017565,15192036,0
66.9267,2,66911540571,15192036,0
66.9319,1,66921686595,10200024,0
66.9344,0,66924209601,10200024,0
66.9369,2,66926732607,10200024,0
66.9421,1,66931886619,10173024,0
66.9446,0,66934409625,10173024,0
66.9525,1,66942059643,10430018,0
66.9653,1,66952489661,12792224,0
66.9678,0,66944582649,23222242,0
66.9703,2,66936932631,33395266,0
66.9808,1,66965281885,15532036,0
66.9858,2,66970327897,15476030,0
66.991,1,66980813921,10144018,0
66.9935,0,66967804891,25676054,0
67.0011,1,66990957939,10117018,0
67.0038,0,66993480945,10334224,0
67.0063,2,66985803927,20534248,0
67.0115,1,67001074957,10390230,0
67.014,0,67003815169,10173024,0
67.0165,2,67006338175,10173024,0
67.0216,1,67011465187,10173024,0
67.0266,2,67016511199,10117018,0
67.0292,1,67021638211,7603012,0
67.0318,0,67013988193,17776036,0
67.0343,2,67026628217,7659018,0
67.0369,1,67029241223,7650018,0
67.0394,0,67031764229,7650018,0
67.0498,1,67036891241,12935024,0
67.0523,0,67039414247,12935024,0
67.0549,2,67034287235,20585042,0
67.0602,0,67052349271,7838218,0
67.0653,1,67049826265,15432230,0
67.0678,0,67060187489,7594012,0
67.0703,2,67054872277,15432230,0
67.0729,1,67065258495,7650018,0
67.0754,0,67067781501,7650018,0
67.078,2,67070304507,7650018,0
67.0806,1,67072908513,7650018,0
67.0834,0,67075431519,7963018,0
67.0859,2,67077954525,7963018,0
67.0935,2,67085917543,7538006,0
67.0961,1,67080558531,15501024,0
67.0986,0,67083394537,15188024,0
67.1011,2,67093455549,7650018,0
67.1039,1,67096059555,7867224,0
67.1064,0,67098582561,7867224,0
67.109,2,67101105567,7867224,0
67.1116,1,67103926779,7659018,0
67.1141,0,67106449785,7659018,0
67.1166,2,67108972791,7659018,0
67.1192,1,67111585797,7650018,0
67.1218,0,67114108803,7650018,0
67.1243,2,67116631809,7650018,0
67.1269,1,67119235815,7650018,0
67.1294,0,67121758821,7650018,0
67.1319,2,67124281827,7650018,0
67.1345,1,67126885833,7650018,0
67.1371,0,67129408839,7650018,0
67.1396,2,67131931845,7650018,0
67.1422,1,67134535851,7650018,0
67.1447,0,67137058857,7650018,0
67.1472,2,67139581863,7650018,0
67.1527,1,67142185869,10477024,0
67.1554,0,67144708875,10694230,0
67.1579,2,67147231881,10694230,0
67.1631,1,67152662893,10390230,0
67.1656,0,67155403105,10173024,0
67.1681,2,67157926111,10173024,0
67.1757,1,67163053123,12687030,0
67.1783,0,67165576129,12687030,0
67.1808,2,67168099135,12687030,0
67.1888,1,67175740153,13018030,0
67.1913,0,67178263159,13018030,0
67.1938,2,67180786165,13018030,0
67.204,1,67188758183,15219036,0
67.209,2,67193804195,15163030,0
67.2169,1,67203977219,12875230,0
67.2194,0,67191281189,28094266,0
67.2219,2,67208967225,12931236,0
67.2271,1,67216852449,10200024,0
67.2296,0,67219375455,10200024,0
67.2347,1,67227052473,7603012,0
67.2372,0,67229575479,7603012,0
67.2397,2,67221898461,17803036,0
67.2448,1,67234655485,10164024,0
67.2473,0,67237178491,10164024,0
67.2524,1,67244819509,7603012,0
67.2555,0,67247342515,8133218,0
67.258,2,67239701497,18297242,0
67.2631,1,67252422521,10694230,0
67.2656,0,67255475733,10164024,0
67.2682,2,67257998739,10164024,0
67.2808,1,67263116751,17715042,0
67.2834,0,67265639757,17715042,0
67.2862,2,67268162763,18028042,0
67.2964,1,67280831793,15559036,0
67.2989,0,67283354799,15559036,0
67.3068,1,67296390829,10361224,0
67.3093,0,67298913835,10361224,0
67.3118,2,67286190805,25607260,0
67.3195,1,67306752053,12705030,0
67.322,0,67309275059,12705030,0
67.3245,2,67311798065,12705030,0
67.3322,1,67319457083,12705030,0
67.3347,0,67321980089,12705030,0
67.3372,2,67324503095,12705030,0
67.3449,1,67332162113,12705030,0
67.3474,0,67334685119,12705030,0
67.3552,1,67344867143,10352224,0
67.3605,2,67337208125,23314248,0
67.3682,1,67355219367,12962024,0
67.3707,0,67347390149,23314248,0
67.3732,2,67360522373,12705030,0
67.3808,0,67370704397,10135018,0
67.3834,2,67373227403,10135018,0
67.3913,1,67368181391,23135048,0
67.3938,0,67380839415,13000030,0
67.3964,2,67383362421,13000030,0
67.4015,1,67391316439,10191024,0
67.4065,2,67396362451,10135018,0
67.4144,1,67401507463,12848230,0
67.4169,0,67393839445,23039254,0
67.4194,2,67406497469,12904236,0
67.4246,1,67414355693,10200024,0
67.4271,0,67416878699,10200024,0
67.4371,0,67427078723,10061012,0
67.4397,2,67419401705,20261036,0
67.4473,1,67424555717,22748042,0
67.4498,0,67437139735,12687030,0
67.4523,2,67439662741,12687030,0
67.4577,1,67447303759,10408230,0
67.4605,0,67449826765,10721230,0
67.4631,2,67452349771,10721230,0
67.4682,1,67457711989,10504024,0
67.4707,0,67460547995,10191024,0
67.4733,2,67463071001,10191024,0
67.4784,1,67468216013,10173024,0
67.4809,0,67470739019,10173024,0
67.4834,2,67473262025,10173024,0
67.4914,1,67478389037,13000030,0
67.4939,0,67480912043,13000030,0
67.4964,2,67483435049,13000030,0
67.5043,1,67491389067,12922236,0
67.5068,0,67493912073,12922236,0
67.5094,2,67496435079,12922236,0
67.522,1,67504311303,17733042,0
67.5246,0,67506834309,17733042,0
67.5347,1,67522044345,12676024,0
67.5372,0,67524567351,12676024,0
67.5398,2,67509357315,30409066,0
67.5524,0,67537243375,15163030,0
67.5549,2,67539766381,15163030,0
67.5603,1,67534720369,25580260,0
67.5656,2,67554929411,10674224,0
67.5732,1,67560300629,12944024,0
67.5758,0,67552406405,23361254,0
67.5783,2,67565603635,12687030,0
67.5885,1,67573244653,15219036,0
67.591,0,67575767659,15219036,0
67.5938,2,67578290665,15532036,0
67.6015,1,67588463689,13027030,0
67.6168,1,67601490719,15324230,0
67.6193,0,67590986695,28351260,0
67.632,1,67616814949,15190030,0
67.6345,0,67619337955,15190030,0
67.6371,2,67593822701,43228290,0
67.6472,1,67632004979,15228036,0
67.6522,2,67637050991,15172030,0
67.6576,1,67647233015,10361224,0
67.6601,0,67634527985,25589260,0
67.6626,2,67652223021,10417230,0
67.6756,1,67657594239,18046042,0
67.6782,0,67660117245,18046042,0
67.6807,2,67662640251,18046042,0
67.6884,1,67675640281,12732030,0
67.6934,2,67680686293,12676024,0
67.7038,1,67688372311,15476030,0
67.7066,0,67678163287,28425266,0
67.7091,2,67693362317,15749242,0
67.7218,0,67706588553,15172030,0
67.7344,1,67703848341,30561266,0
67.7369,0,67721760583,15172030,0
67.7446,1,67734409607,10144018,0
67.7471,0,67736932613,10144018,0
67.7496,2,67709111559,40488078,0
67.7599,0,67747076631,12848230,0
67.7624,2,67749599637,12848230,0
67.7729,1,67744553625,28389266,0
67.7755,0,67759924861,15541036,0
67.778,2,67762447867,15541036,0
67.7906,0,67775465897,15172030,0
67.7932,2,67777988903,15172030,0
67.8011,1,67772942891,28199060,0
67.8063,2,67793160933,13188230,0
67.8165,1,67801141951,15380236,0
67.819,0,67790637927,28407266,0
67.8216,2,67806349163,15219036,0
67.8292,1,67816522187,12714030,0
67.8318,0,67819045193,12714030,0
67.8343,2,67821568199,12714030,0
67.8419,1,67829236217,12705030,0
67.852,1,67841941247,10079012,0
67.8548,0,67831759223,23001248,0
67.8573,2,67834282229,23001248,0
67.8702,1,67852020259,18191242,0
67.8727,0,67854760471,17974036,0
67.8753,2,67857283477,17974036,0
67.8829,1,67870211501,12676024,0
67.8854,0,67872734507,12676024,0
67.8879,2,67875257513,12676024,0
67.8956,1,67882887525,12705030,0
67.8981,0,67885410531,12705030,0
67.901,2,67887933537,13018030,0
67.9113,1,67895592555,15749242,0
67.9189,1,67911341797,7576006,0
67.9214,0,67898115561,23325248,0
67.924,2,67900951567,23012248,0
67.929,0,67921440809,7594012,0
67.9316,2,67923963815,7594012,0
67.9342,1,67918917803,15244030,0
67.9367,0,67929034821,7650018,0
67.9392,2,67931557827,7650018,0
67.9418,1,67934161833,7650018,0
67.9443,0,67936684839,7650018,0
67.9469,2,67939207845,7650018,0
67.952,1,67941811851,10164024,0
67.9572,2,67946857863,10325224,0
67.9598,1,67951975875,7820218,0
67.9623,0,67944334857,17984242,0
67.9727,0,67962319099,10365018,0
67.9752,2,67957183087,18024036,0
67.9778,1,67959796093,18024036,0
67.9803,0,67972684117,7659018,0
67.9829,2,67975207123,7659018,0
67.988,1,67977820129,10164024,0
67.993,2,67982866141,10108018,0
67.9956,1,67987984153,7603012,0
67.9981,0,67980343135,17767036,0
68.0006,2,67992974159,7659018,0
68.0088,1,67995587165,13208236,0
68.0113,0,67998110171,13208236,0
68.0138,2,68000633177,13208236,0
68.024,1,68008795401,15228036,0
68.0265,0,68011318407,15228036,0
68.0291,2,68013841413,15228036,0
68.0367,1,68024023437,12714030,0
68.0393,0,68026546443,12714030,0
68.0469,1,68036737467,10135018,0
68.0494,0,68039260473,10135018,0
68.0519,2,68029069449,22849048,0
68.0572,1,68046872485,10334224,0
68.0597,0,68049395491,10334224,0
68.0623,2,68051918497,10334224,0
68.0699,1,68057206709,12705030,0
68.0724,0,68059729715,12705030,0
68.0753,2,68062252721,13018030,0
68.0829,1,68069911739,13018030,0
68.0855,0,68072434745,13018030,0
68.0956,1,68082929769,12649024,0
68.0981,0,68085452775,12649024,0
68.1006,2,68075270751,25354054,0
68.1062,1,68095578793,10665230,0
68.1088,0,68098101799,10665230,0
68.1164,1,68106244023,10135018,0
68.1189,0,68108767029,10135018,0
68.1214,2,68100624805,20800248,0
68.1266,1,68116379041,10173024,0
68.1291,0,68118902047,10173024,0
68.1316,2,68121425053,10173024,0
68.1418,1,68126552065,15201036,0
68.1443,0,68129075071,15201036,0
68.1468,2,68131598077,15201036,0
68.1546,1,68141753101,12875230,0
68.1572,0,68144276107,12875230,0
68.1648,1,68154628331,10135018,0
68.1673,0,68157151337,10135018,0
68.1698,2,68146799113,23010248,0
68.1749,1,68164763349,10117018,0
68.1777,0,68167286355,10430018,0
68.1802,2,68169809361,10430018,0
68.1854,1,68174880367,10486024,0
68.1879,0,68177716373,10173024,0
68.1904,2,68180239379,10173024,0
68.198,0,68187889397,10117018,0
68.2005,2,68190412403,10117018,0
68.2034,1,68185366391,17993242,0
68.2059,0,68198006415,7876224,0
68.2138,1,68203359633,10430018,0
68.2163,0,68205882639,10430018,0
68.2188,2,68200529421,18306242,0
68.2264,0,68216312657,10117018,0
68.229,2,68218835663,10117018,0
68.2316,1,68213789651,17776036,0
68.2341,0,68226429675,7659018,0
68.2366,2,68228952681,7659018,0
68.2417,0,68234088693,7594012,0
68.2442,2,68236611699,7594012,0
68.2468,1,68231565687,15244030,0
68.2493,0,68241682705,7650018,0
68.2519,2,68244205711,7650018,0
68.2597,1,68246809717,12895236,0
68.2622,0,68249332723,12895236,0
68.2673,1,68259704953,7621012,0
68.2698,0,68262227959,7621012,0
68.2724,2,68251855729,20516248,0
68.2803,1,68267325965,12991030,0
68.2828,0,68269848971,12991030,0
68.2854,2,68272371977,12991030,0
68.2981,1,68280316995,17733042,0
68.3006,0,68282840001,17733042,0
68.3113,1,68298050037,13206230,0
68.3138,0,68300573043,13206230,0
68.3163,2,68285363007,30939272,0
68.3265,1,68311256267,15228036,0
68.329,0,68313779273,15228036,0
68.3315,2,68316302279,15228036,0
68.3417,1,68326484303,15228036,0
68.3442,0,68329007309,15228036,0
68.3468,2,68331530315,15228036,0
68.3571,0,68344235345,12875230,0
68.3596,2,68346758351,12875230,0
68.3673,1,68341712339,25589260,0
68.3723,2,68359633581,12658024,0
68.3774,1,68367301599,10135018,0
68.38,0,68357110575,22849048,0
68.3828,2,68372291605,10504024,0
68.3879,1,68377436617,10486024,0
68.3904,0,68379959623,10486024,0
68.4033,1,68387922641,15362236,0
68.4058,0,68390445647,15362236,0
68.4083,2,68382795629,25535260,0
68.4239,1,68403284877,20587048,0
68.4264,0,68405807883,20587048,0
68.4365,0,68426394931,10115012,0
68.439,2,68408330889,30702060,0
68.4416,1,68423871925,17774030,0
68.4442,0,68436509943,7659018,0
68.4492,1,68441645955,7594012,0
68.4518,0,68444168961,7594012,0
68.4543,2,68439032949,15253030,0
68.4571,1,68449239967,7867224,0
68.4596,0,68451762973,7867224,0
68.4622,2,68454285979,7867224,0
68.4673,1,68457107191,10173024,0
68.4698,0,68459630197,10173024,0
68.4799,0,68469803221,10061012,0
68.4824,2,68462153203,20234036,0
68.4853,1,68467280215,18033030,0
68.4878,0,68479864233,7972018,0
68.4904,2,68482387239,7972018,0
68.498,1,68485313245,12678030,0
68.5005,0,68487836251,12678030,0
68.5033,2,68490359257,12895236,0
68.5084,1,68497991275,10408230,0
68.5109,0,68500514281,10408230,0
68.5134,2,68503254493,10191024,0
68.5214,1,68508399505,13000030,0
68.534,1,68521399535,12593018,0
68.5365,0,68510922511,25593048,0
68.539,2,68513445517,25593048,0
68.5492,0,68536515559,12649024,0
68.5517,2,68539038565,12649024,0
68.562,2,68551687589,10296218,0
68.5671,1,68533992553,33136266,0
68.5721,2,68561983807,10135018,0
68.5797,0,68549164583,30548254,0
68.5822,2,68572118825,10117018,0
68.5876,1,68567128819,20491036,0
68.5901,0,68579712837,10430024,0
68.5927,2,68582235843,10430024,0
68.5978,1,68587619855,10173024,0
68.6003,0,68590142861,10173024,0
68.6031,2,68592665867,10390230,0
68.6107,0,68600315885,10334224,0
68.6236,1,68597792879,25792254,0
68.6261,0,68610650109,15458030,0
68.6286,2,68603056097,25575048,0
68.6338,1,68623585133,10200024,0
68.6363,0,68626108139,10200024,0
68.6388,2,68628631145,10200024,0
68.6465,1,68633785157,12687030,0
68.649,0,68636308163,12687030,0
68.6619,1,68646472187,15380236,0
68.6644,0,68648995193,15380236,0
68.6796,1,68661852423,17704036,0
68.6845,2,68638831169,45715296,0
68.6976,1,68679556459,18017036,0
68.7001,0,68664375429,35721072,0
68.7026,2,68684546465,18073042,0
68.7155,1,68697573495,17921242,0
68.718,0,68700096501,17921242,0
68.7209,2,68702619507,18234242,0
68.7285,0,68718017743,10484018,0
68.731,2,68720853749,10171018,0
68.7362,1,68715494737,20657042,0
68.7387,0,68728501761,10173024,0
68.7412,2,68731024767,10173024,0
68.7463,1,68736151779,10173024,0
68.7488,0,68738674785,10173024,0
68.7514,2,68741197791,10173024,0
68.7567,1,68746324803,10334224,0
68.7592,0,68748847809,10334224,0
68.7617,2,68751370815,10334224,0
68.7693,0,68759182033,10135018,0
68.7718,2,68761705039,10135018,0
68.777,1,68756659027,20308042,0
68.7795,0,68769317051,10173024,0
68.782,2,68771840057,10173024,0
68.795,1,68776967069,18028042,0
68.7975,0,68779490075,18028042,0
68.8,2,68782013081,18028042,0
68.8078,0,68797518117,10323218,0
68.8104,2,68800041123,10323218,0
68.8155,1,68794995111,20514242,0
68.818,0,68807841335,10191024,0
68.8206,2,68810364341,10191024,0
68.8285,0,68818032359,10430018,0
68.831,2,68820555365,10430018,0
68.8361,1,68815509353,20603042,0
68.8386,0,68828462377,10173024,0
68.8412,2,68830985383,10173024,0
68.8513,1,68836112395,15145030,0
68.854,0,68838635401,15362236,0
68.8565,2,68841158407,15362236,0
68.8617,1,68851257425,10417230,0
68.8717,1,68861674655,10061012,0
68.8793,1,68871735667,7549006,0
68.8818,0,68853997637,27810042,0
68.8843,2,68856520643,27810042,0
68.8869,1,68879284673,7650018,0
68.8895,0,68881807679,7650018,0
68.892,2,68884330685,7650018,0
68.8949,1,68886934691,7963018,0
68.8974,0,68889457697,7963018,0
68.8999,2,68891980703,7963018,0
68.9028,1,68894897709,7867224,0
68.9103,1,68902764933,7549006,0
68.9128,0,68897420715,15416230,0
68.9154,2,68899943721,15416230,0
68.923,1,68910313939,12678030,0
68.9258,0,68912836945,12991030,0
68.9284,2,68915359951,12991030,0
68.936,1,68922991969,13018030,0
68.9385,0,68925827975,12705030,0
68.9411,2,68928350981,12705030,0
68.9462,1,68936009999,10191024,0
68.9487,0,68938533005,10191024,0
68.9512,2,68941056011,10191024,0
68.9565,1,68946201023,10334224,0
68.9591,0,68948724029,10334224,0
68.9616,2,68951247035,10334224,0
68.9667,1,68956535247,10191024,0
68.9717,2,68961581259,10135018,0
68.9768,0,68959058253,17738030,0
68.9793,2,68971716277,7603012,0
68.9844,1,68966726271,17711030,0
68.987,0,68976796283,10164024,0
68.9895,2,68979319289,10164024,0
69,1,68984437301,15514036,0
69.0025,0,68986960307,15514036,0
69.0128,1,68999951337,12875230,0
69.0178,2,68989483313,28333260,0
69.0255,1,69012826567,12658024,0
69.0283,0,69002474343,25846254,0
69.0308,2,69017816573,13027030,0
69.041,1,69025484591,15532036,0
69.0435,0,69028320597,15219036,0
69.0461,2,69030843603,15219036,0
69.0564,1,69041016627,15389236,0
69.0589,0,69043539633,15389236,0
69.0615,2,69046062639,15389236,0
69.0691,1,69056405863,12732030,0
69.0717,0,69058928869,12732030,0
69.0793,1,69069137893,10135018,0
69.0818,0,69071660899,10135018,0
69.0843,2,69061451875,22867048,0
69.0894,1,69079272911,10173024,0
69.0944,2,69084318923,10117018,0
69.097,1,69089445935,7603012,0
69.0999,0,69081795917,18089036,0
69.1024,2,69094435941,7972018,0
69.1077,1,69097048947,10694230,0
69.1103,0,69099884953,10381230,0
69.1128,2,69102407959,10381230,0
69.1179,1,69107743177,10135018,0
69.1204,0,69110266183,10135018,0
69.1229,2,69112789189,10135018,0
69.1281,1,69117878195,10173024,0
69.1309,0,69120401201,10486024,0
69.1334,2,69122924207,10486024,0
69.1411,1,69128051219,13000030,0
69.146,2,69133410231,12631024,0
69.1512,1,69141051249,10135018,0
69.1537,0,69130887225,22822048,0
69.1564,2,69146041255,10408230,0
69.1616,1,69151186267,10390230,0
69.1666,2,69156449485,10117018,0
69.1692,1,69161576497,7603012,0
69.1717,0,69153709273,17993242,0
69.1742,2,69166566503,7659018,0
69.1768,1,69169179509,7650018,0
69.1794,0,69171702515,7650018,0
69.1819,2,69174225521,7650018,0
69.187,1,69176829527,10164024,0
69.1895,0,69179352533,10164024,0
69.192,2,69181875539,10164024,0
69.1997,1,69186993551,12687030,0
69.2027,0,69189516557,13217236,0
69.2053,2,69192039563,13217236,0
69.2204,2,69205256799,15109024,0
69.2334,1,69199680581,33694272,0
69.2359,0,69202733793,33164066,0
69.2384,2,69220365823,18055042,0
69.2536,0,69235897859,17704036,0
69.2563,2,69238420865,17921242,0
69.2615,1,69233374853,28139266,0
69.264,0,69253601895,10435230,0
69.2666,2,69256342107,10218024,0
69.2741,1,69261514119,12631024,0
69.2767,0,69264037125,12631024,0
69.2792,2,69266560131,12631024,0
69.2869,1,69274145143,12705030,0
69.2894,0,69276668149,12705030,0
69.302,1,69286850173,15163030,0
69.3048,0,69289373179,15476030,0
69.3076,2,69279191155,28398266,0
69.3177,0,69304849209,12875230,0
69.3202,2,69307589421,12658024,0
69.3304,1,69302013203,28407266,0
69.3329,0,69317724439,15219036,0
69.3358,2,69320247445,15532036,0
69.3459,0,69332943475,12971024,0
69.3484,2,69335779481,12658024,0
69.3538,1,69330420469,23379254,0
69.3563,0,69345914499,10408230,0
69.3588,2,69348437505,10408230,0
69.3665,1,69353799723,12687030,0
69.369,0,69356322729,12687030,0
69.3715,2,69358845735,12687030,0
69.3817,1,69366486753,15219036,0
69.3842,0,69369009759,15219036,0
69.3868,2,69371532765,15219036,0
69.3994,1,69381705789,17742042,0
69.402,0,69384228795,17742042,0
69.405,2,69386751801,18272248,0
69.4203,1,69399447831,20804254,0
69.4228,0,69401970837,20804254,0
69.4253,2,69405024049,20274048,0
69.4383,1,69420252085,18082042,0
69.4409,0,69422775091,18082042,0
69.4434,2,69425298097,18082042,0
69.4563,0,69440857133,15407236,0
69.4664,1,69438334127,28065260,0
69.4689,0,69456264369,12658024,0
69.4714,2,69443380139,28065260,0
69.4816,0,69468922393,12649024,0
69.4841,2,69471445399,12649024,0
69.4943,1,69466399387,27868060,0
69.4968,0,69481571417,15219036,0
69.4993,2,69484094423,15219036,0
69.5125,1,69494267447,18216242,0
69.515,0,69496790453,18216242,0
69.5175,2,69499313459,18216242,0
69.5252,0,69515006695,10162018,0
69.5277,2,69517529701,10162018,0
69.5328,1,69512483689,20335042,0
69.5353,0,69525168713,10173024,0
69.5379,2,69527691719,10173024,0
69.5508,0,69535341737,15458030,0
69.5533,2,69537864743,15458030,0
69.5662,1,69532818731,33417278,0
69.5712,2,69553322773,17903242,0
69.5764,1,69566236009,10171018,0
69.5789,0,69550799767,28130266,0
69.5815,2,69571226015,10227024,0
69.5891,1,69576407027,12687030,0
69.5992,1,69589094057,10081012,0
69.6017,0,69578930033,22768042,0
69.6044,2,69581453039,22985248,0
69.6071,1,69599175069,7876224,0
69.6099,0,69601698075,8189224,0
69.615,1,69607051293,7907012,0
69.6175,0,69609887299,7594012,0
69.6251,1,69614958305,10108018,0
69.6276,0,69617481311,10108018,0
69.6301,2,69604438287,25674048,0
69.6378,1,69625066323,12687030,0
69.6403,0,69627589329,12687030,0
69.6431,2,69630112335,13000030,0
69.6535,1,69637753353,15749242,0
69.6585,2,69643112365,15380236,0
69.6686,0,69640276359,28369260,0
69.6712,2,69658492601,12676024,0
69.6763,0,69668645619,7621012,0
69.6788,2,69671168625,7621012,0
69.6839,1,69653502595,30405054,0
69.6864,0,69676266631,10164024,0
69.689,2,69678789637,10164024,0
69.6941,1,69683907649,10173024,0
69.6966,0,69686430655,10173024,0
69.6991,2,69688953661,10173024,0
69.707,1,69694080673,12904236,0
69.7095,0,69696603679,12904236,0
69.7123,2,69699126685,13217236,0
69.7225,0,69709507915,12971024,0
69.725,2,69712343921,12658024,0
69.7326,0,69722478939,10135018,0
69.7351,2,69725001945,10135018,0
69.7428,1,69706984909,35793072,0
69.7456,0,69732613957,13000030,0
69.7534,1,69742777981,10665224,0
69.756,0,69745613987,10352224,0
69.7585,2,69735136963,23352254,0
69.7686,1,69753443205,15201036,0
69.7712,0,69755966211,15201036,0
69.7737,2,69758489217,15201036,0
69.7814,1,69768644241,12714030,0
69.7863,2,69773690253,12658024,0
69.7915,1,69781358271,10135018,0
69.794,0,69771167247,22849048,0
69.7965,2,69786348277,10191024,0
69.8094,1,69791493289,17932248,0
69.8119,0,69794016295,17932248,0
69.8249,0,69811948543,12942018,0
69.8274,2,69796539301,30874266,0
69.835,0,69824890561,10135018,0
69.8375,2,69827413567,10135018,0
69.8427,1,69809425537,33250060,0
69.8452,0,69835025579,10173024,0
69.848,2,69837548585,10486024,0
69.8534,1,69842675597,10703230,0
69.8559,0,69845198603,10703230,0
69.8584,2,69848034609,10390230,0
69.8686,1,69853378827,15219036,0
69.8812,1,69868597863,12604018,0
69.8862,2,69858424839,27767048,0
69.8913,1,69881201881,10135018,0
69.8939,0,69855901833,37958072,0
69.9089,2,69886191887,22710036,0
69.9118,1,69891336899,20413236,0
69.9143,0,69893859905,20413236,0
69.9246,0,69914273141,10374012,0
69.9272,2,69908901923,18268236,0
69.9398,0,69924647153,15145030,0
69.9423,2,69927170159,15145030,0
69.9503,1,69911750135,38546072,0
69.9555,2,69942315189,13188230,0
69.9681,0,69939792183,28351260,0
69.9707,2,69955503419,15163030,0
69.9808,0,69968143443,12658024,0
69.9833,2,69970666449,12658024,0
69.991,1,69950296207,40687284,0
69.9935,0,69980801467,12705030,0
69.996,2,69983324473,12705030,0
70.0089,1,69990983491,17950248,0
70.0115,0,69993506497,17950248,0
70.014,2,69996029503,17950248,0
70.027,1,70008933739,18073042,0
70.0295,0,70011456745,18073042,0
70.0321,2,70013979751,18073042,0
70.0447,0,70029529787,15190030,0
70.0498,1,70027006781,22820042,0
70.0527,0,70044719817,7943012,0
70.063,1,70049826823,13152230,0
70.0655,0,70052662829,12839230,0
70.0731,2,70032052793,41007278,0
70.0782,1,70062979053,15172030,0
70.0832,2,70073060071,10144018,0
70.0883,1,70078151083,10144018,0
70.0908,0,70065502059,25316048,0
70.0934,2,70083204089,10173024,0
70.0985,1,70088295101,10173024,0
70.101,0,70090818107,10173024,0
70.1038,2,70093377113,10390230,0
70.1089,1,70098468125,10390230,0
70.1114,0,70100991131,10390230,0
70.1165,2,70103767343,12705030,0
70.1218,0,70111381361,10448024,0
70.1294,1,70108858355,20565042,0
70.1319,0,70121829385,10117018,0
70.137,2,70116472373,20565042,0
70.1446,2,70137037415,7547006,0
70.1471,1,70129423397,17720030,0
70.1497,0,70131946403,17720030,0
70.1553,1,70147143427,8124224,0
70.1578,0,70149666433,8124224,0
70.1604,2,70144584421,15774242,0
70.1629,1,70155267651,7659018,0
70.1654,0,70157790657,7659018,0
70.168,2,70160358663,7659018,0
70.1706,1,70162926669,7650018,0
70.1731,0,70165449675,7650018,0
70.1782,2,70168017681,10164024,0
70.1833,1,70170576687,12678030,0
70.1858,0,70173099693,12678030,0
70.1909,2,70178181705,12687030,0
70.196,1,70183254717,12705030,0
70.1985,0,70185777723,12705030,0
70.2063,2,70190868735,15436242,0
70.2114,1,70195959747,15436242,0
70.219,2,70206304977,12658024,0
70.2215,1,70211395989,10144018,0
70.2244,0,70198482753,25893260,0
70.2295,2,70218963001,10504024,0
70.2371,1,70221540007,15514036,0
70.2396,0,70224376013,15201036,0
70.2422,2,70229467025,12687030,0
70.2547,0,70239577049,15172030,0
70.2578,2,70242154055,15693236,0
70.2655,1,70237054043,28416266,0
70.268,0,70254749079,13244236,0
70.2781,1,70265470309,12658024,0
70.2807,0,70267993315,12658024,0
70.2858,2,70257847291,27904060,0
70.2958,1,70278128333,17677036,0
70.2983,0,70280651339,17677036,0
70.3009,2,70285751351,15163030,0
70.3113,1,70295805369,15463242,0
70.3138,0,70298328375,15463242,0
70.3214,2,70300914381,20473254,0
70.3268,1,70311268611,15485036,0
70.3293,0,70313791617,15485036,0
70.3394,1,70326753647,12658024,0
70.3419,0,70329276653,12658024,0
70.3445,2,70321387635,23142048,0
70.3495,1,70339411671,10135018,0
70.3521,0,70341934677,10135018,0
70.3549,2,70344529683,10325224,0
70.3574,1,70349546689,7876224,0
70.3603,0,70352069695,8189224,0
70.3654,2,70354854907,10504024,0
70.3704,1,70357422913,13000030,0
70.3729,0,70360258919,12687030,0
70.378,2,70365358931,12687030,0
70.3806,1,70370422943,10191024,0
70.3831,0,70372945949,10191024,0
70.3882,2,70378045961,10191024,0
70.3958,1,70380613967,15145030,0
70.3983,0,70383136973,15145030,0
70.4036,2,70388236985,15362236,0
70.4112,1,70395758997,15445242,0
70.4137,0,70398282003,15445242,0
70.4189,1,70411204239,7648012,0
70.4214,0,70413727245,7648012,0
70.4265,2,70403599221,22867048,0
70.4293,1,70418852251,10477024,0
70.4344,2,70426466269,7916012,0
70.4369,1,70429329275,7603012,0
70.4395,0,70421375257,18080036,0
70.4445,2,70434382281,10164024,0
70.4496,0,70439455293,10108018,0
70.4521,2,70444546305,7603012,0
70.4549,1,70436932287,17984242,0
70.4574,0,70449563311,7876224,0
70.4603,2,70452149317,8180224,0
70.4629,1,70454916529,7963018,0
70.4654,0,70457439535,7963018,0
70.4705,2,70460329541,10164024,0
70.473,1,70462879547,10164024,0
70.4756,0,70465402553,10164024,0
70.4807,2,70470493565,10173024,0
70.4832,1,70473043571,10173024,0
70.4857,0,70475566577,10173024,0
70.4934,2,70480666589,12687030,0
70.4959,1,70483216595,12687030,0
70.4984,0,70485739601,12687030,0
70.5038,2,70493353619,10408230,0
70.5063,1,70495903625,10408230,0
70.5088,0,70498426631,10408230,0
70.5165,2,70503761849,12705030,0
70.519,1,70506311855,12705030,0
70.5215,0,70508834861,12705030,0
70.5267,2,70516466879,10191024,0
70.5345,1,70519016885,15532036,0
70.5371,0,70521539891,15532036,0
70.5397,2,70526657903,13000030,0
70.5447,1,70534548921,10200024,0
70.5473,0,70537071927,10200024,0
70.5498,2,70539657933,10191024,0
70.5551,1,70544748945,10390230,0
70.5577,0,70547271951,10390230,0
70.5631,2,70549848957,13217236,0
70.5731,1,70555139175,17990036,0
70.5757,0,70557662181,17990036,0
70.5808,2,70563066193,17686036,0
70.5859,1,70573129211,12732030,0
70.5884,0,70575652217,12732030,0
70.5985,2,70580752229,17760042,0
70.6011,1,70585861241,15219036,0
70.6036,0,70588384247,15219036,0
70.614,1,70601080277,12875230,0
70.6165,0,70603603283,12875230,0
70.6266,2,70598512271,28112266,0
70.6316,0,70616478513,15163030,0
70.6371,2,70626624537,10457018,0
70.6421,0,70631641543,10457018,0
70.6447,2,70637081555,7603012,0
70.6497,1,70613955507,35793072,0
70.6523,0,70642098561,10173024,0
70.6576,2,70644684567,12895236,0
70.6627,1,70649748579,12904236,0
70.6655,0,70652271585,13217236,0
70.6756,1,70662652815,12973024,0
70.6832,2,70657579803,25622048,0
70.6858,1,70675625839,10135018,0
70.6883,0,70665488821,22795042,0
70.6934,2,70683201851,10191024,0
70.6959,1,70685760857,10173024,0
70.7062,2,70693392875,12848230,0
70.7088,1,70695933881,12848230,0
70.7164,2,70706241105,10146018,0
70.7214,1,70708782111,12660024,0
70.724,0,70688283863,35681278,0
70.7291,2,70716387123,12687030,0
70.7316,1,70721442135,10191024,0
70.7342,0,70723965141,10191024,0
70.7396,2,70729074153,10504024,0
70.7421,1,70731633159,10486024,0
70.7446,0,70734156165,10486024,0
70.755,2,70739578177,15418242,0
70.76,0,70744642189,15362236,0
70.7705,2,70754996419,15485030,0
70.7755,1,70742119183,33417278,0
70.7881,0,70760004425,28105048,0
70.7907,2,70770481449,20223030,0
70.7958,1,70775536461,20223030,0
70.7983,0,70788109473,10173024,0
70.8009,2,70790704479,10164024,0
70.8087,1,70795759491,12904236,0
70.8112,0,70798282497,12904236,0
70.8188,2,70800868503,17932248,0
70.8214,1,70808663727,12714030,0
70.829,2,70818800751,10171018,0
70.8315,1,70821377757,10135018,0
70.834,0,70811186733,22849048,0
70.8395,2,70828971769,10486024,0
70.842,1,70831512775,10486024,0
70.8445,0,70834035781,10486024,0
70.8548,1,70841998799,12848230,0
70.8574,0,70844521805,12848230,0
70.8625,2,70839457793,23039254,0
70.8676,1,70854847029,12705030,0
70.8704,0,70857370035,13018030,0
70.878,2,70862497047,15514036,0
70.8831,1,70867552059,15532036,0
70.8856,0,70870388065,15219036,0
70.8958,2,70878011083,17742042,0
70.9033,1,70883084095,20256048,0
70.9187,2,70895753125,22949254,0
70.9213,1,70903340143,17930242,0
70.9238,0,70885607101,38186290,0
70.9418,1,70921270385,20531042,0
70.9443,0,70923793391,20531042,0
70.9495,2,70918702379,30758066,0
70.9573,2,70949460445,7791212,0
70.9598,1,70941801427,17991236,0
70.9623,0,70944324433,17991236,0
70.9649,2,70957251657,7659018,0
70.9675,1,70959792663,7659018,0
70.9778,2,70964910675,12935030,0
70.9804,1,70967451681,12935030,0
70.9829,0,70962315669,20594048,0
70.9905,1,70980386711,10135018,0
70.993,0,70982909717,10135018,0
70.9956,2,70977845705,17794036,0
70.9982,1,70990521729,7659018,0
71.0035,2,70995639741,7811218,0
71.0085,1,70998180747,10325224,0
71.011,0,70993044735,17984242,0
71.0136,2,71003450959,10173024,0
71.0187,1,71008505971,10191024,0
71.0212,0,71011028977,10191024,0
71.0288,2,71013623983,15201036,0
71.0339,0,71021220001,12631024,0
71.0415,2,71028825019,12658024,0
71.0468,0,71033851025,12962024,0
71.0494,2,71041483043,7934012,0
71.052,1,71018696995,33270066,0
71.0597,2,71049417055,10325224,0
71.0623,1,71051967061,10325224,0
71.0648,0,71046813049,18002242,0
71.0724,2,71059742279,12705030,0
71.0753,1,71062292285,13018030,0
71.0804,2,71072447309,7934012,0
71.0829,1,71075310315,7621012,0
71.0855,0,71064815291,20639042,0
71.093,1,71082931327,10108018,0
71.0956,0,71085454333,10108018,0
71.1007,2,71080381321,20281042,0
71.1034,1,71093039345,10390230,0
71.1085,2,71100662363,7820218,0
71.116,0,71095562351,20469242,0
71.1211,2,71108482581,12631024,0
71.1262,1,71103429575,22766042,0
71.1287,0,71116031593,12687030,0
71.1388,1,71126195617,12649024,0
71.1414,0,71128718623,12649024,0
71.1468,2,71121113605,25676054,0
71.1519,1,71138844641,13018030,0
71.1544,0,71141367647,13018030,0
71.1647,1,71151862671,12866230,0
71.1673,0,71154385677,12866230,0
71.1724,2,71146789659,25562260,0
71.1749,1,71164728901,10200024,0
71.1828,2,71172351919,10448018,0
71.1854,1,71174928925,10430018,0
71.1879,0,71167251907,20630042,0
71.1905,2,71182799937,7659018,0
71.1955,1,71185358943,10117018,0
71.198,0,71187881949,10117018,0
71.2033,2,71190458955,12839230,0
71.2059,1,71195475961,10390230,0
71.2084,0,71197998967,10390230,0
71.2135,2,71203298185,10200024,0
71.2186,1,71205866191,12705030,0
71.2211,0,71208389197,12705030,0
71.2287,2,71213498209,15201036,0
71.2313,1,71218571221,12705030,0
71.2338,0,71221094227,12705030,0
71.2389,2,71228699245,10200024,0
71.2415,1,71231276251,10191024,0
71.2493,2,71238899269,10430018,0
71.2621,0,71233799257,28324260,0
71.2672,2,71249329287,17876242,0
71.2723,1,71241467275,30874266,0
71.2749,0,71262123517,12741030,0
71.2828,2,71267205529,15568036,0
71.2879,1,71272341541,15532036,0
71.2904,0,71274864547,15532036,0
71.2955,2,71282773565,12714030,0
71.3058,1,71287873577,17959248,0
71.3109,2,71295487595,15380236,0
71.3209,0,71290396583,30532260,0
71.3235,2,71310867831,12620018,0
71.3261,1,71305832825,20250030,0
71.3286,0,71320928843,7677018,0
71.3312,2,71323487849,7677018,0
71.3337,1,71326082855,7650018,0
71.3363,0,71328605861,7650018,0
71.3388,2,71331164867,7650018,0
71.3414,1,71333732873,7650018,0
71.3439,0,71336255879,7650018,0
71.3595,0,71343905897,15554224,0
71.362,2,71338814885,23231242,0
71.3646,1,71341382891,23258242,0
71.3672,0,71359460121,7704018,0
71.3697,2,71362046127,7677018,0
71.3748,1,71364641133,10164024,0
71.3773,0,71367164139,10164024,0
71.3799,2,71369723145,10164024,0
71.3853,1,71374805157,10486024,0
71.3878,0,71377328163,10486024,0
71.3979,2,71379887169,18028042,0
71.4032,1,71385291181,17932248,0
71.4057,0,71387814187,17932248,0
71.4184,2,71397915211,20491254,0
71.426,1,71403223429,22797054,0
71.4285,0,71405746435,22797054,0
71.4412,2,71418406465,22759048,0
71.4463,1,71426020483,20245042,0
71.4488,0,71428543489,20245042,0
71.4545,2,71441165513,13289236,0
71.4595,0,71448788531,10701224,0
71.4696,2,71454454749,15172030,0
71.4747,1,71446265525,28434266,0
71.4772,0,71459489755,17733042,0
71.4823,2,71469626779,12714030,0
71.4877,1,71474699791,13045030,0
71.4978,2,71482340809,15478030,0
71.5056,1,71487744821,17896242,0
71.5107,2,71497818839,12875230,0
71.5183,0,71477222797,41056284,0
71.5208,2,71510694069,10144018,0
71.5259,1,71505641063,20288036,0
71.5285,0,71518279081,10173024,0
71.5335,2,71520838087,12687030,0
71.5386,1,71525929099,12687030,0
71.5411,0,71528452105,12687030,0
71.5487,2,71533525117,15163030,0
71.5593,0,71541139135,18151236,0
71.5619,2,71548688147,13188230,0
71.5695,1,71538616129,30892266,0
71.5796,2,71561876377,17686036,0
71.5847,1,71569508395,15163030,0
71.5875,0,71559290371,28217060,0
71.5951,2,71579562413,15559036,0
71.5977,1,71584671425,13027030,0
71.6002,0,71587507431,12714030,0
71.6106,1,71597698455,12866230,0
71.6131,0,71600221461,12866230,0
71.6182,2,71595121449,23066254,0
71.6208,1,71610564685,10191024,0
71.6383,1,71620755709,17549024,0
71.6408,0,71613087691,27740048,0
71.6434,2,71618187703,25226042,0
71.6485,0,71640827739,7648012,0
71.651,2,71643413745,7621012,0
71.6538,1,71638304733,15515236,0
71.6563,0,71648475751,7867224,0
71.6592,2,71651034757,8180224,0
71.6618,1,71653819969,7972018,0
71.6643,0,71656342975,7972018,0
71.6669,2,71659214981,7659018,0
71.672,1,71661791987,10164024,0
71.6745,0,71664314993,10164024,0
71.6796,2,71666873999,12678030,0
71.6846,1,71671956011,12687030,0
71.6872,0,71674479017,12687030,0
71.6901,2,71679552029,10504024,0
71.7002,1,71684643041,15532036,0
71.7054,2,71690056053,15362236,0
71.7105,1,71700175077,10361224,0
71.7131,0,71687166047,25893260,0
71.7181,2,71705418289,12714030,0
71.7257,0,71713059307,12631024,0
71.7333,1,71710536301,22768042,0
71.7358,0,71725690331,10137018,0
71.7409,2,71718132319,22768042,0
71.746,1,71733304343,12687030,0
71.7485,0,71735827349,12687030,0
71.7511,2,71740900361,10191024,0
71.7642,0,71748514379,15637230,0
71.7692,2,71751091385,18133236,0
71.7744,1,71745991373,28369260,0
71.7769,0,71764151609,12732030,0
71.7795,2,71769224621,10227024,0
71.787,0,71776883639,10135018,0
71.7896,2,71779451645,10117018,0
71.7925,1,71774360633,18107036,0
71.795,0,71787018657,7972018,0
71.7975,2,71789568663,7972018,0
71.8028,1,71792467669,10381230,0
71.8079,2,71797540681,10325224,0
71.8105,1,71802848899,7603012,0
71.813,0,71794990675,17984242,0
71.818,2,71807865905,10173024,0
71.8231,1,71810451911,12678030,0
71.8257,0,71812974917,12678030,0
71.8307,2,71818038929,12687030,0
71.8383,0,71825652947,12649024,0
71.8484,1,71823129941,25298048,0
71.851,0,71838301971,12649024,0
71.8537,2,71830725959,23001248,0
71.8613,0,71850950995,10352224,0
71.8692,2,71853727207,15476030,0
71.8743,1,71848427989,25884260,0
71.8894,0,71861303219,28078048,0
71.8919,2,71869203237,22719036,0
71.8999,1,71874312249,25564042,0
71.9024,0,71889381267,13018030,0
71.9052,2,71891922273,13235236,0
71.9103,1,71899876291,10408230,0
71.9128,0,71902399297,10408230,0
71.9154,2,71905157509,10200024,0
71.923,1,71910284521,12705030,0
71.9255,0,71912807527,12705030,0
71.928,2,71915357533,12687030,0
71.9382,1,71922989551,15219036,0
71.9407,0,71925512557,15219036,0
71.9433,2,71928044563,15219036,0
71.9534,1,71938208587,15228036,0
71.9562,0,71940731593,15445242,0
71.9666,1,71953436623,13132230,0
71.9691,0,71956176835,12915024,0
71.9742,1,71966568853,7621012,0
71.9767,0,71969091859,7621012,0
71.9792,2,71943263599,35981278,0
71.9818,1,71974189865,7650018,0
71.9844,0,71976712871,7650018,0
71.9869,2,71979244877,7650018,0
71.9895,1,71981839883,7650018,0
71.992,0,71984362889,7650018,0
71.9945,2,71986894895,7650018,0
72,1,71989489901,10477024,0
72.0025,0,71992012907,10477024,0
72.0075,2,71994544913,12935024,0
72.0153,1,71999966925,15362236,0
72.0179,0,72002489931,15362236,0
72.0204,2,72007479937,12922236,0
72.0305,1,72015329161,15190030,0
72.033,0,72017852167,15190030,0
72.0356,2,72020402173,15172030,0
72.0407,1,72030519191,10144018,0
72.0432,0,72033042197,10144018,0
72.0457,2,72035574203,10144018,0
72.0483,1,72040663209,7659018,0
72.0508,0,72043186215,7659018,0
72.0534,2,72045718221,7659018,0
72.0587,0,72050845233,7811218,0
72.0612,2,72053377239,7811218,0
72.0691,0,72058656451,10421024,0
72.0716,2,72061188457,10421024,0
72.0742,1,72048322227,25891260,0
72.0767,0,72069077475,7659018,0
72.0793,2,72071609481,7659018,0
72.0819,1,72074213487,7650018,0
72.0844,0,72076736493,7650018,0
72.0869,2,72079268499,7650018,0
72.0945,1,72081863505,12678030,0
72.0971,0,72084386511,12678030,0
72.0999,2,72086918517,12991030,0
72.1053,1,72094541535,10721230,0
72.1103,2,72099909547,10352224,0
72.1129,1,72105262765,7621012,0
72.1154,0,72097064541,18342242,0
72.1179,2,72110261771,7677018,0
72.1306,1,72112883777,17706042,0
72.1356,2,72117938789,17650036,0
72.1585,1,72130589819,27897242,0
72.161,0,72115406783,45603284,0
72.1636,2,72135588825,27971248,0
72.1715,0,72161010067,10457024,0
72.174,2,72163560073,10448024,0
72.1766,1,72158487061,18116042,0
72.1791,0,72171467091,7659018,0
72.1817,2,72174008097,7659018,0
72.1868,1,72176603103,10164024,0
72.1893,0,72179126109,10164024,0
72.1994,1,72186767127,12633024,0
72.2022,0,72189290133,12946024,0
72.2075,2,72181667115,25841260,0
72.2151,1,72199400151,15693236,0
72.2176,0,72202236157,15380236,0
72.2202,2,72207508375,12658024,0
72.2253,1,72215093387,10200024,0
72.2278,0,72217616393,10200024,0
72.2304,2,72220166399,10191024,0
72.238,1,72225293411,12687030,0
72.2405,0,72227816417,12687030,0
72.243,2,72230357423,12687030,0
72.2559,0,72240503447,15380236,0
72.266,1,72237980441,28056260,0
72.271,2,72243044453,28000254,0
72.274,1,72266036701,7934012,0
72.2765,0,72255883683,20610036,0
72.2815,2,72271044707,10504024,0
72.2917,1,72273970713,17706042,0
72.2967,2,72281548731,15145030,0
72.3018,1,72291676755,10162018,0
72.3074,2,72296693761,10674224,0
72.315,1,72301838773,13161230,0
72.3175,0,72276493719,41029290,0
72.3201,2,72307367985,12687030,0
72.3251,1,72315000003,10135018,0
72.3277,0,72317523009,10135018,0
72.3302,2,72320055015,10135018,0
72.3328,1,72325135021,7659018,0
72.3353,0,72327658027,7659018,0
72.3378,2,72330190033,7659018,0
72.3404,1,72332794039,7650018,0
72.3505,1,72340444057,10052012,0
72.3532,0,72335317045,17919236,0
72.3558,2,72337849051,17919236,0
72.3634,0,72353236281,10117018,0
72.3659,2,72355768287,10117018,0
72.3735,1,72350496069,23021254,0
72.3764,0,72363353299,13000030,0
72.3915,1,72373517323,17934030,0
72.394,0,72376353329,17621030,0
72.3965,2,72365885305,30621060,0
72.3992,1,72391451353,7704018,0
72.4097,1,72399155371,10582224,0
72.4147,2,72396506365,18230236,0
72.4199,1,72409737595,10135018,0
72.4224,0,72393974359,28421260,0
72.4249,2,72414736601,10191024,0
72.4325,0,72422395619,10117018,0
72.435,2,72424927625,10117018,0
72.4376,1,72419872613,17776036,0
72.4402,0,72432512637,7659018,0
72.4452,1,72437648649,7594012,0
72.4478,0,72440171655,7594012,0
72.4503,2,72435044643,15253030,0
72.4581,1,72445242661,12895236,0
72.4607,0,72447765667,12895236,0
72.4632,2,72450297673,12895236,0
72.4734,1,72458137897,15219036,0
72.4759,0,72460660903,15219036,0
72.4787,2,72463192909,15532036,0
72.4889,1,72473356933,15541036,0
72.4914,0,72475879939,15541036,0
72.494,2,72478724945,15228036,0
72.499,1,72488897969,10144018,0
72.5016,0,72491420975,10144018,0
72.5096,1,72499041987,10591224,0
72.5122,0,72501564993,10591224,0
72.5147,2,72493952981,20735242,0
72.5173,1,72509633211,7677018,0
72.5198,0,72512156217,7677018,0
72.5224,2,72514688223,7677018,0
72.5325,0,72519833235,12622024,0
72.535,2,72522365241,12622024,0
72.5452,1,72517310229,27841060,0
72.5477,0,72532455259,15219036,0
72.5502,2,72534987265,15219036,0
72.5631,1,72545151289,17959248,0
72.5656,0,72547674295,17959248,0
72.5682,2,72550206301,17959248,0
72.5811,1,72563110537,18017042,0
72.5837,0,72565633543,18017042,0
72.5887,2,72568165549,20531048,0
72.6014,1,72581127579,20274048,0
72.6039,0,72583650585,20274048,0
72.6171,1,72601401627,15729236,0
72.6197,0,72603924633,15729236,0
72.6222,2,72588696597,33489278,0
72.6373,0,72619653869,17686036,0
72.6399,2,72622185875,17686036,0
72.6528,1,72617130863,35663284,0
72.6553,0,72637339905,17977248,0
72.668,1,72652794147,15190030,0
72.673,2,72639871911,33111272,0
72.6781,1,72667984177,10144018,0
72.6834,2,72672983183,10457024,0
72.686,1,72678128195,7916018,0
72.6886,0,72655317153,33250066,0
72.6911,2,72683440207,7659018,0
72.6937,1,72686044213,7650018,0
72.6962,0,72688567219,7650018,0
72.6987,2,72691099225,7650018,0
72.7091,1,72693694231,15409242,0
72.7116,0,72696217237,15409242,0
72.7246,1,72709103473,15485030,0
72.7271,0,72711626479,15485030,0
72.7297,2,72698749243,30912272,0
72.7373,1,72724588503,12714030,0
72.7448,2,72729661515,15163030,0
72.7552,1,72737302533,17894242,0
72.7577,0,72727111509,30608272,0
72.7603,2,72744824545,15445242,0
72.7704,1,72755196775,15246036,0
72.773,0,72757719781,15246036,0
72.7859,1,72770442811,15485030,0
72.7885,0,72772965817,15485030,0
72.791,2,72760269787,30713066,0
72.8012,1,72785927841,15228036,0
72.8039,0,72788450847,15445242,0
72.8064,2,72790982853,15445242,0
72.8194,0,72803896089,15485030,0
72.8219,2,72806428095,15485030,0
72.832,2,72821913125,10088012,0
72.8396,1,72801155877,38477278,0
72.8422,0,72819381119,22775042,0
72.8447,2,72832001137,12687030,0
72.8523,0,72842156161,10135018,0
72.8576,1,72839633155,17955236,0
72.8601,0,72852291179,7820218,0
72.8626,2,72844688167,17955236,0
72.8677,0,72860111397,7594012,0
72.8702,2,72862643403,7594012,0
72.8728,1,72857588391,15244030,0
72.8754,0,72867705409,7650018,0
72.8779,2,72870237415,7650018,0
72.8805,1,72872832421,7650018,0
72.883,0,72875355427,7650018,0
72.8855,2,72877887433,7650018,0
72.8909,1,72880482439,10421018,0
72.8934,0,72883005445,10421018,0
72.896,2,72885537451,10421018,0
72.8986,1,72890903457,7659018,0
72.9011,0,72893426463,7659018,0
72.9064,1,72898562475,7811218,0
72.9089,0,72901085481,7811218,0
72.9139,2,72895958469,17984242,0
72.9193,0,72908896699,10430024,0
72.9219,2,72913942711,7934018,0
72.9245,1,72906373693,18089042,0
72.927,0,72919326723,7659018,0
72.9295,2,72921876729,7650018,0
72.9371,1,72924462735,12678030,0
72.9397,0,72926985741,12678030,0
72.9498,1,72937140765,12649024,0
72.9523,0,72939663771,12649024,0
72.9551,2,72929526747,25544260,0
72.9652,1,72949789789,15436242,0
72.9677,0,72952312795,15436242,0
72.9703,2,72955071007,15228036,0
72.9754,1,72965226031,10162018,0
72.9779,0,72967749037,10162018,0
72.9804,2,72970299043,10144018,0
72.9856,1,72975388049,10173024,0
72.9881,0,72977911055,10173024,0
73.001,0,72988084079,12888018,0
73.0063,1,72985561073,20726236,0
73.0088,0,73000972097,7838218,0
73.0113,2,72980443061,30899260,0
73.0189,0,73008810315,10117018,0
73.0268,1,73006287309,20547036,0
73.0294,0,73018927333,10430018,0
73.0344,2,73011342321,23061042,0
73.037,1,73026834345,10173024,0
73.042,2,73034403363,7621012,0
73.0471,1,73037007369,10117018,0
73.0496,0,73029357351,20290042,0
73.0522,2,73042024375,10164024,0
73.0575,1,73047124387,10390230,0
73.06,0,73049647393,10390230,0
73.0626,2,73052188399,10390230,0
73.0702,0,73060037623,10135018,0
73.0727,2,73062578629,10135018,0
73.0803,0,73070172641,10117018,0
73.0828,2,73072713647,10117018,0
73.0879,1,73057514617,30425060,0
73.0933,2,73082830665,10430024,0
73.0984,1,73087939677,10430024,0
73.1009,0,73080289659,20603048,0
73.1062,2,73093260689,12904236,0
73.1113,1,73098369701,12904236,0
73.1163,2,73106164925,10135018,0
73.1189,1,73111273937,7621012,0
73.1214,0,73100892707,20525248,0
73.1243,2,73116299943,7972018,0
73.1319,1,73118894949,12991030,0
73.1344,0,73121417955,12991030,0
73.1369,2,73124271961,12678030,0
73.1421,1,73131885979,10191024,0
73.1446,0,73134408985,10191024,0
73.1471,2,73136949991,10191024,0
73.1522,0,73144600009,7603012,0
73.1575,1,73142077003,15414230,0
73.16,0,73152203021,7811218,0
73.1626,2,73147141015,15423230,0
73.1677,1,73157491233,10173024,0
73.1727,2,73162564245,10108018,0
73.1753,1,73167664257,7603012,0
73.1778,0,73160014239,17776036,0
73.1803,2,73172672263,7659018,0
73.1854,1,73175267269,10164024,0
73.188,0,73177790275,10164024,0
73.1905,2,73180331281,10164024,0
73.1959,0,73187954299,7916018,0
73.1984,2,73190495305,7916018,0
73.2062,1,73185431293,20811254,0
73.2138,2,73198411323,15353236,0
73.2189,1,73206242547,12649024,0
73.2214,0,73195870317,25544260,0
73.224,2,73213764559,10200024,0
73.2319,1,73218891571,13018030,0
73.2344,0,73221414577,13018030,0
73.237,2,73223964583,13000030,0
73.2446,1,73231909601,12705030,0
73.2471,0,73234432607,12705030,0
73.2497,2,73236964613,12705030,0
73.255,1,73244614631,10408230,0
73.2575,0,73247137637,10408230,0
73.2601,2,73249669643,10408230,0
73.2652,1,73255022861,10173024,0
73.2677,0,73257545867,10173024,0
73.2728,2,73260077873,12687030,0
73.2754,1,73265195885,10173024,0
73.2779,0,73267718891,10173024,0
73.283,2,73272764903,10191024,0
73.288,0,73277891915,10117018,0
73.2931,2,73282955927,10117018,0
73.3037,1,73275368909,28362266,0
73.3063,0,73288008933,18245248,0
73.3088,2,73293072945,15731242,0
73.3165,1,73303731175,12732030,0
73.319,0,73306254181,12732030,0
73.3215,2,73308804187,12714030,0
73.332,1,73316463205,15532036,0
73.3345,0,73318986211,15532036,0
73.3371,2,73321518217,15532036,0
73.3422,1,73331995241,10200024,0
73.3447,0,73334518247,10200024,0
73.3473,2,73337050253,10200024,0
73.3524,1,73342195265,10173024,0
73.3549,0,73344718271,10173024,0
73.3576,2,73347250277,10390230,0
73.3628,1,73352368289,10390230,0
73.3653,0,73354891295,10390230,0
73.3729,1,73362758519,10135018,0
73.3754,0,73365281525,10135018,0
73.378,2,73357640507,20326042,0
73.3806,1,73372893537,7659018,0
73.3856,2,73377966549,7594012,0
73.3881,1,73380552555,7594012,0
73.3907,0,73375416543,15253030,0
73.3957,2,73385560561,10164024,0
73.3986,1,73388146567,10477024,0
73.4011,0,73390669573,10477024,0
73.4064,2,73395724585,10703230,0
73.409,1,73398623591,10390230,0
73.4115,0,73401146597,10390230,0
73.4141,2,73406427815,7659018,0
73.4217,1,73409013821,12687030,0
73.4242,0,73411536827,12687030,0
73.4293,2,73414086833,15192036,0
73.4347,1,73421700851,13018030,0
73.4372,0,73424223857,13018030,0
73.4398,2,73429278869,10513024,0
73.4474,1,73434718881,12705030,0
73.4524,2,73439791893,12631024,0
73.4602,0,73437241887,23001248,0
73.4628,2,73452422917,10352224,0
73.4704,1,73447423911,23001248,0
73.4729,0,73460243135,12705030,0
73.4806,1,73470425159,10135018,0
73.4831,0,73472948165,10135018,0
73.4906,0,73483083183,7547006,0
73.4932,2,73462775141,30387054,0
73.4958,1,73480560177,15197024,0
73.4983,0,73490630189,7650018,0
73.5064,1,73495757201,10638224,0
73.5089,0,73498280207,10638224,0
73.514,1,73506395425,7621012,0
73.5165,0,73508918431,7621012,0
73.5191,2,73493162195,25900254,0
73.5242,1,73514016437,10164024,0
73.5267,0,73516539443,10164024,0
73.5292,2,73519062449,10164024,0
73.5372,1,73524180461,13000030,0
73.5397,0,73526703467,13000030,0
73.5548,2,73529226473,25539042,0
73.5576,1,73537180491,20433236,0
73.5601,0,73539703497,20433236,0
73.5627,2,73554765515,7894224,0
73.5677,0,73560136733,7594012,0
73.5703,2,73562659739,7594012,0
73.5729,1,73557613727,15244030,0
73.5754,0,73567730745,7650018,0
73.5779,2,73570253751,7650018,0
73.583,1,73572857757,10164024,0
73.588,2,73577903769,10108018,0
73.5931,1,73583021781,10117018,0
73.5981,2,73588011787,10117018,0
73.606,0,73575380763,30655054,0
73.6088,2,73598128805,10647224,0
73.6189,1,73593138799,25792254,0
73.6215,0,73606035817,15418242,0
73.624,2,73608776029,15201036,0
73.6316,1,73618931053,12714030,0
73.6342,0,73621454059,12714030,0
73.6471,1,73631645083,15476030,0
73.6496,0,73634168089,15476030,0
73.66,1,73647121113,12875230,0
73.665,2,73623977065,41009284,0
73.6726,0,73649644119,22963242,0
73.6751,2,73664986349,10144018,0
73.6828,1,73659996343,22775042,0
73.6853,0,73672607361,12687030,0
73.6878,2,73675130367,12687030,0
73.698,1,73682771385,15219036,0
73.7005,0,73685294391,15219036,0
73.703,2,73687817397,15219036,0
73.7187,0,73700513427,18216242,0
73.7239,1,73697990421,25864254,0
73.7264,0,73718729669,7648012,0
73.7289,2,73703036433,25864254,0
73.734,1,73723854675,10164024,0
73.7365,0,73726377681,10164024,0
73.7394,2,73728900687,10477024,0
73.7495,1,73734018699,15514036,0
73.7545,2,73739377711,15145030,0
73.7598,0,73736541705,23305248,0
73.7624,2,73754522741,7847218,0
73.7675,1,73749532735,17955236,0
73.77,0,73759846953,10164024,0
73.7725,2,73762369959,10164024,0
73.7827,1,73767487971,15201036,0
73.7852,0,73770010977,15201036,0
73.7877,2,73772533983,15201036,0
73.7979,1,73782689007,15228036,0
73.8004,0,73785212013,15228036,0
73.8086,1,73797917043,10674224,0
73.8111,0,73800440049,10674224,0
73.8212,0,73811114273,10061012,0
73.8237,2,73787735019,35963272,0
73.8313,1,73808591267,22748042,0
73.8339,0,73821175285,12687030,0
73.8364,2,73823698291,12687030,0
73.8519,1,73831339309,20560048,0
73.8546,0,73833862315,20777254,0
73.8572,2,73836385321,20777254,0
73.8674,1,73851899357,15472242,0
73.8699,0,73854639569,15255036,0
73.8724,2,73857162575,15255036,0
73.8876,0,73869894605,17686036,0
73.8901,2,73872417611,17686036,0
73.8978,1,73867371599,30418066,0
73.9003,0,73887580641,12732030,0
73.9031,2,73890103647,12949236,0
73.9135,1,73897789665,15749242,0
73.9161,0,73900312671,15749242,0
73.9186,2,73903052883,15532036,0
73.9288,1,73913538907,15228036,0
73.9313,0,73916061913,15228036,0
73.9338,2,73918584919,15228036,0
73.9518,0,73931289949,20513042,0
73.9543,2,73933812955,20513042,0
73.9622,1,73928766943,33471278,0
73.9648,0,73951802991,12958236,0
73.9673,2,73954325997,12958236,0
73.9749,1,73962238221,12705030,0
73.9775,0,73964761227,12705030,0
73.98,2,73967284233,12705030,0
73.9902,1,73974943251,15219036,0
73.9927,0,73977466257,15219036,0
74.003,1,73990162287,12875230,0
74.0056,0,73992685293,12875230,0
74.0081,2,73979989263,28094266,0
74.016,1,74003037517,12971024,0
74.0185,0,74005560523,12971024,0
74.0211,2,74008083529,12971024,0
74.0287,1,74016008541,12705030,0
74.0312,0,74018531547,12705030,0
74.0414,1,74028713571,12649024,0
74.0439,0,74031236577,12649024,0
74.0467,2,74021054553,25667054,0
74.0519,1,74041362595,10504024,0
74.0569,2,74046721607,10135018,0
74.0647,1,74051866619,12848230,0
74.0697,2,74056856625,12848230,0
74.0824,1,74064714849,17686036,0
74.0849,0,74043885601,41038290,0
74.0874,2,74069704855,17742042,0
74.0951,1,74082400885,12676024,0
74.0976,0,74084923891,12676024,0
74.1001,2,74087446897,12676024,0
74.1079,2,74100122921,7782212,0
74.1105,1,74095076909,15441230,0
74.113,0,74097599915,15441230,0
74.1184,1,74110518139,7907012,0
74.1209,0,74113041145,7907012,0
74.1235,2,74107905133,15566030,0
74.1261,1,74118425151,7650018,0
74.1286,0,74120948157,7650018,0
74.1311,2,74123471163,7650018,0
74.1388,1,74126075169,12678030,0
74.1413,0,74128598175,12678030,0
74.1438,2,74131121181,12678030,0
74.157,1,74138753199,18263248,0
74.1595,0,74141276205,18263248,0
74.1621,2,74143799211,18263248,0
74.1848,0,74159539453,25255054,0
74.1873,2,74162062459,25255054,0
74.1925,1,74157016447,35509078,0
74.195,0,74184794507,10254024,0
74.2029,1,74192525525,10334224,0
74.2054,0,74195048531,10334224,0
74.2208,1,74202859749,17990036,0
74.2234,0,74205382755,17990036,0
74.2259,2,74187317513,38578284,0
74.2311,1,74220849785,10218024,0
74.2336,0,74223372791,10218024,0
74.2387,1,74231067809,7603012,0
74.2412,0,74233590815,7603012,0
74.2516,1,74238670821,12935024,0
74.2541,0,74241193827,12935024,0
74.2593,2,74225895797,33442266,0
74.2669,1,74251605845,15326230,0
74.2695,0,74254128851,15326230,0
74.272,2,74259338063,12649024,0
74.2822,1,74266932075,15228036,0
74.2872,2,74271987087,15163030,0
74.2973,1,74282160111,15172030,0
74.2999,0,74269455081,30400066,0
74.3024,2,74287150117,15228036,0
74.3152,0,74299855147,15389236,0
74.3207,1,74297332141,23332254,0
74.3232,0,74315244383,7943018,0
74.3333,1,74320664395,12622024,0
74.3358,0,74323187401,12622024,0
74.3383,2,74302378153,35954278,0
74.3616,1,74333286419,28313260,0
74.3641,0,74335809425,28313260,0
74.3742,1,74361599679,12631024,0
74.3768,0,74364122685,12631024,0
74.3793,2,74338332431,40944284,0
74.3869,1,74374230703,12705030,0
74.3895,0,74376753709,12705030,0
74.402,1,74386935733,15107024,0
74.4046,0,74389458739,15107024,0
74.4124,1,74402042757,10361224,0
74.4149,0,74404565763,10361224,0
74.4199,2,74379276715,40642278,0
74.4254,1,74412403981,12946024,0
74.4303,2,74419918993,10430018,0
74.438,1,74425350005,12649024,0
74.4456,2,74430349011,15262030,0
74.4481,1,74437999029,10135018,0
74.4507,0,74414926987,35730066,0
74.4562,2,74445611041,10620230,0
74.4588,1,74448134047,10647230,0
74.4613,0,74450657053,10647230,0
74.4714,2,74456231271,15201036,0
74.474,1,74458781277,15201036,0
74.4791,2,74471432307,7630012,0
74.4816,1,74473982313,7630012,0
74.4841,0,74461304283,22831048,0
74.4867,2,74479062319,7650018,0
74.4917,0,74484135331,7594012,0
74.4943,2,74486712337,7594012,0
74.4969,1,74481612325,15244030,0
74.4994,0,74491729343,7650018,0
74.5047,2,74494306349,10381230,0
74.5097,1,74496856355,12839230,0
74.5122,0,74499379361,12839230,0
74.5148,2,74504687579,10135018,0
74.5224,1,74509695585,12714030,0
74.5252,0,74512218591,13027030,0
74.5329,1,74522409615,10448018,0
74.5354,0,74525245621,10135018,0
74.5405,2,74514822597,25649054,0
74.543,1,74532857633,10173024,0
74.5456,0,74535380639,10173024,0
74.5507,2,74540471651,10191024,0
74.5534,1,74543030657,10390230,0
74.5714,1,74553420887,17934030,0
74.5739,0,74545553663,28324260,0
74.5815,2,74550662675,30865266,0
74.5866,1,74571354917,15246036,0
74.5967,2,74581527941,15172030,0
74.6018,1,74586600953,15172030,0
74.6045,0,74573877923,30635272,0
74.6096,2,74596699971,12931236,0
74.6172,1,74601772983,15445242,0
74.6197,0,74604513195,15228036,0
74.6327,2,74609631207,23074054,0
74.6353,1,74617218225,18055042,0
74.6378,0,74619741231,18055042,0
74.648,2,74632705261,15273036,0
74.6505,1,74635273267,15246036,0
74.6637,2,74647978297,15711724,0
74.6712,0,74637796273,33361754,0
74.6763,2,74663690021,12631018,0
74.6839,0,74671158027,12703024,0
74.6915,2,74676321039,15163030,0
74.6966,1,74650519303,46037778,0
74.6991,0,74683861051,15219036,0
74.7044,2,74691484069,12931236,0
74.7095,1,74696557081,12931236,0
74.712,0,74699080087,12931236,0
74.7171,2,74704415305,12705030,0
74.7197,1,74709488317,10191024,0
74.7222,0,74712011323,10191024,0
74.7301,2,74717120335,13018030,0
74.7351,0,74722202347,12944024,0
74.7403,2,74730138365,10135018,0
74.7453,0,74735146371,10135018,0
74.7531,2,74740273383,12848230,0
74.7557,1,74719679341,35983278,0
74.7582,0,74745281389,12904236,0
74.7686,1,74755662619,12975402,0
74.7712,0,74758185625,12975402,0
74.7788,2,74753121613,25680432,0
74.7813,1,74768638021,12705030,0
74.7839,0,74771161027,12705030,0
74.7965,2,74778802045,17733042,0
74.7991,1,74781343051,17733042,0
74.8016,0,74783866057,17733042,0
74.8094,2,74796535087,12837224,0
74.8119,1,74799076093,12837224,0
74.8144,0,74801599099,12837224,0
74.8221,2,74809372311,12714030,0
74.8246,1,74811913317,12714030,0
74.8272,0,74814436323,12714030,0
74.8376,2,74822086341,15532036,0
74.8402,1,74824627347,15532036,0
74.8427,0,74827150353,15532036,0
74.8581,1,74840159383,17903242,0
74.8606,0,74842682389,17903242,0
74.8661,2,74837618377,28438638,0
74.8711,1,74858062625,13049402,0
74.8736,0,74860585631,13049402,0
74.8813,2,74866057015,15201036,0
74.8838,1,74871112027,12705030,0
74.8863,0,74873635033,12705030,0
74.894,2,74881258051,12714030,0
74.899,1,74883817057,15219036,0
74.9016,0,74886340063,15219036,0
74.9119,2,74893972081,17950248,0
74.9145,1,74899036093,15445242,0
74.9221,2,74911922329,10162018,0
74.9246,1,74914481335,10144018,0
74.9271,0,74901559099,25589260,0
74.9323,2,74922084347,10173024,0
74.94,0,74927148359,12890018,0
74.9451,2,74932257371,12890018,0
74.9502,1,74924625353,25595048,0
74.9527,0,74940038377,12705030,0
74.9556,2,74945147389,10408230,0
74.9631,1,74950220401,12922236,0
74.966,0,74952743407,13235236,0
74.9711,2,74955555619,15514036,0
74.9787,1,74963142637,15532036,0
74.9862,2,74971069655,15172030,0
74.9913,1,74978674673,12658024,0
74.9939,0,74965978643,27877060,0
75.0142,2,74986241685,27935248,0
75.0193,1,74991332697,27944248,0
75.0218,0,74993855703,27944248,0
75.0294,2,75014176933,15219036,0
75.032,1,75019276945,12687030,0
75.0345,0,75021799951,12687030,0
75.0424,2,75029395969,13027030,0
75.045,1,75031963975,13018030,0
75.0475,0,75034486981,13018030,0
75.0579,2,75042422999,15436242,0
75.0654,0,75047505011,17894242,0
75.0733,2,75057859241,15485030,0
75.0759,1,75044982005,30939272,0
75.0835,2,75073344271,10144018,0
75.0886,1,75075921277,12649024,0
75.0936,2,75083488289,10117018,0
75.0987,1,75088570301,10135018,0
75.1065,2,75093605307,12848230,0
75.1115,0,75065399253,46109296,0
75.1166,1,75098705319,17876242,0
75.1317,1,75116581561,15143024,0
75.1343,0,75111508549,22775042,0
75.1397,2,75106453537,33198066,0
75.1422,1,75131724585,10513024,0
75.1448,0,75134283591,10477024,0
75.1498,2,75139651603,10191024,0
75.1576,0,75144760615,12848230,0
75.1652,0,75157608845,7574006,0
75.1677,2,75149842627,17899230,0
75.1706,1,75142237609,28397400,0
75.1732,0,75165182851,7975164,0
75.1757,2,75167741857,7975164,0
75.1783,1,75170635009,7659018,0
75.1833,2,75175717021,7603012,0
75.1859,1,75178294027,7594012,0
75.1884,0,75173158015,15253030,0
75.1935,2,75183320033,10164024,0
75.1961,1,75185888039,10164024,0
75.1986,0,75188411045,10164024,0
75.2039,1,75196052063,7820218,0
75.2089,2,75193484057,15414230,0
75.2115,1,75203872281,7603012,0
75.214,0,75198575069,15423230,0
75.2166,2,75208898287,7659018,0
75.2191,1,75211475293,7650018,0
75.2216,0,75213998299,7650018,0
75.2242,2,75216557305,7650018,0
75.2268,1,75219125311,7650018,0
75.2318,2,75224207323,7594012,0
75.2344,1,75226775329,7594012,0
75.2369,0,75221648317,15244030,0
75.2395,2,75231801335,7650018,0
75.2423,1,75234369341,7963018,0
75.2449,0,75236892347,7963018,0
75.2474,2,75239451353,7963018,0
75.25,1,75242332359,7650018,0
75.2527,0,75244855365,7867224,0
75.2553,2,75247414371,7867224,0
75.2603,0,75252722589,7594012,0
75.2629,2,75255281595,7594012,0
75.2654,1,75249982377,15461236,0
75.268,0,75260316601,7650018,0
75.2705,2,75262875607,7650018,0
75.2734,1,75265443613,7963018,0
75.2759,0,75267966619,7963018,0
75.2785,2,75270525625,7963018,0
75.2811,1,75273406631,7650018,0
75.2836,0,75275929637,7650018,0
75.2861,2,75278488643,7650018,0
75.2887,1,75281056649,7650018,0
75.2912,0,75283579655,7650018,0
75.2938,2,75286138661,7650018,0
75.2989,1,75288706667,10164024,0
75.3014,0,75291229673,10164024,0
75.3042,2,75293788679,10381230,0
75.3093,1,75298870691,10390230,0
75.3118,0,75301393697,10390230,0
75.3144,2,75304169909,10191024,0
75.3195,1,75309260921,10191024,0
75.3245,2,75314360933,10117018,0
75.3271,1,75319451945,7603012,0
75.3296,0,75311783927,17794036,0
75.3321,2,75324477951,7659018,0
75.3347,1,75327054957,7650018,0
75.3372,0,75329577963,7650018,0
75.3423,2,75332136969,10164024,0
75.3452,1,75334704975,10477024,0
75.3477,0,75337227981,10477024,0
75.353,2,75342300993,10703230,0
75.3556,1,75345181999,10390230,0
75.3581,0,75347705005,10390230,0
75.3632,1,75355572229,7603012,0
75.3657,0,75358095235,7603012,0
75.3683,2,75353004223,15253030,0
75.3708,1,75363175241,7650018,0
75.3733,0,75365698247,7650018,0
75.3762,2,75368257253,7963018,0
75.3813,1,75370825259,10477024,0
75.3863,2,75376220271,10108018,0
75.3889,1,75381302283,7603012,0
75.3914,0,75373348265,18080036,0
75.394,2,75386328289,7659018,0
75.3991,1,75388905295,10164024,0
75.4016,0,75391428301,10164024,0
75.4069,2,75393987307,12895236,0
75.4145,1,75399069319,15418242,0
75.417,0,75401592325,15418242,0
75.4271,2,75406882543,20256048,0
75.4322,1,75414487561,17760042,0
75.4348,0,75417010567,17760042,0
75.4424,2,75427138591,15255036,0
75.4503,1,75432247603,18073042,0
75.4581,2,75442393627,15704236,0
75.4657,1,75450320645,15409236,0
75.4683,0,75434770609,33482278,0
75.4787,0,75468252887,10419018,0
75.4837,2,75458097863,25638054,0
75.4888,1,75465729881,23106048,0
75.4914,0,75478671905,12687030,0
75.4939,2,75483735917,10191024,0
75.5015,1,75488835929,12705030,0
75.5041,0,75491358935,12705030,0
75.5119,1,75501540959,10352224,0
75.5144,0,75504063965,10352224,0
75.522,1,75511893183,10135018,0
75.527,2,75493926941,33109266,0
75.5321,1,75522028201,10117018,0
75.5347,0,75514416189,20252036,0
75.5423,1,75532145219,10117018,0
75.5448,0,75534668225,10117018,0
75.5502,2,75527036207,23135048,0
75.5555,1,75542262237,13217236,0
75.558,0,75544785243,13217236,0
75.5606,2,75550171255,10390230,0
75.5657,1,75555479473,10200024,0
75.5682,0,75558002479,10200024,0
75.5733,2,75560561485,12705030,0
75.5784,1,75565679497,12687030,0
75.5812,0,75568202503,13000030,0
75.5863,1,75578366527,7934012,0
75.5888,0,75581202533,7621012,0
75.5914,2,75573266515,18107036,0
75.594,1,75586300539,7650018,0
75.5965,0,75588823545,7650018,0
75.6015,2,75591373551,10164024,0
75.6043,1,75593950557,10381230,0
75.6069,0,75596473563,10381230,0
75.6119,2,75601537575,10334224,0
75.6145,1,75604331787,10135018,0
75.617,0,75606854793,10135018,0
75.6195,2,75611871799,7677018,0
75.6221,1,75614466805,7659018,0
75.6246,0,75616989811,7659018,0
75.6297,2,75619548817,10164024,0
75.6373,1,75622125823,15192036,0
75.6449,2,75629712841,15145030,0
75.653,1,75637317859,15702236,0
75.6555,0,75624648829,30894272,0
75.6606,2,75644857871,15758242,0
75.6708,1,75653020095,17760042,0
75.6733,0,75655543101,17760042,0
75.6759,2,75660616113,15246036,0
75.6838,1,75670780137,13045030,0
75.6863,0,75673303143,13045030,0
75.6914,2,75675862149,15541036,0
75.6965,1,75683825167,12705030,0
75.6991,0,75686348173,12705030,0
75.7144,1,75696530197,17894242,0
75.722,2,75691403185,30561266,0
75.7271,1,75714424439,12676024,0
75.7296,0,75699053203,30570266,0
75.7322,2,75721964451,10200024,0
75.7448,0,75729623469,15163030,0
75.7524,1,75727100463,25307048,0
75.7552,0,75744786499,10457018,0
75.763,1,75752407511,10591218,0
75.7655,0,75755243517,10278218,0
75.768,2,75732164475,35880266,0
75.7732,1,75762998729,10191024,0
75.7782,2,75768044741,10135018,0
75.7833,1,75773189753,10117018,0
75.7861,0,75765521735,20621042,0
75.7887,2,75778179759,10486024,0
75.7938,1,75783306771,10486024,0
75.7963,0,75786142777,10173024,0
75.7988,2,75788665783,10173024,0
75.8042,1,75793792795,10390230,0
75.8092,2,75798838807,10334224,0
75.8118,1,75804183025,7621012,0
75.8143,0,75796315801,18011242,0
75.8169,2,75809173031,7677018,0
75.8219,0,75814327043,7594012,0
75.8244,2,75816850049,7594012,0
75.827,1,75811804037,15244030,0
75.8296,0,75821921055,7650018,0
75.8321,2,75824444061,7650018,0
75.8347,1,75827048067,7650018,0
75.8372,0,75829571073,7650018,0
75.8397,2,75832094079,7650018,0
75.8449,1,75834698085,10164024,0
75.8499,2,75839744097,10108018,0
75.8525,1,75844862109,7603012,0
75.855,0,75837221091,17767036,0
75.858,2,75849852115,8189224,0
75.8632,1,75852465121,10694230,0
75.8657,0,75854988127,10694230,0
75.8682,2,75858041339,10164024,0
75.8758,1,75863159351,12687030,0
75.8808,2,75868205363,12631024,0
75.8835,1,75875846381,7621012,0
75.8888,2,75880836387,7934018,0
75.8914,1,75883467393,7907018,0
75.8939,0,75865682357,28215060,0
75.8964,2,75888770405,7650018,0
75.899,1,75891374411,7650018,0
75.9015,0,75893897417,7650018,0
75.9068,1,75899024429,7811218,0
75.9094,0,75901547435,7811218,0
75.9119,2,75896420423,15461236,0
75.9145,1,75906835647,7659018,0
75.917,0,75909358653,7659018,0
75.9195,2,75911881659,7659018,0
75.9247,1,75914494665,10164024,0
75.9272,0,75917017671,10164024,0
75.9297,2,75919540677,10164024,0
75.9373,1,75924658689,12687030,0
75.9399,0,75927181695,12687030,0
75.9424,2,75929704701,12687030,0
75.9501,1,75937345719,12705030,0
75.9526,0,75939868725,12705030,0
75.9553,2,75942391731,12922236,0
75.9657,1,75950050749,15693236,0
75.9683,0,75952573755,15693236,0
75.9708,2,75955313967,15476030,0
75.9785,1,75965743985,12714030,0
75.981,0,75968266991,12714030,0
75.9835,2,75970789997,12714030,0
75.9886,1,75978458015,10135018,0
75.9914,0,75980981021,10448018,0
75.994,2,75983504027,10448018,0
75.9991,1,75988593033,10486024,0
76.0016,0,75991429039,10173024,0
76.0041,2,75993952045,10173024,0
76.012,1,75999079057,12904236,0
76.0145,0,76001602063,12904236,0
76.017,2,76004125069,12904236,0
76.0297,1,76011983293,17742042,0
76.0322,0,76014506299,17742042,0
76.0498,0,76032248341,17592024,0
76.0524,2,76017029305,35334066,0
76.0552,1,76029725335,25513248,0
76.0578,0,76049840365,7921224,0
76.0603,2,76052363371,7921224,0
76.0657,1,76055238583,10486024,0
76.0682,0,76057761589,10486024,0
76.0708,2,76060284595,10486024,0
76.0759,1,76065724607,10173024,0
76.0784,0,76068247613,10173024,0
76.0809,2,76070770619,10173024,0
76.0886,1,76075897631,12687030,0
76.0911,0,76078420637,12687030,0
76.0939,2,76080943643,13000030,0
76.1043,1,76088584661,15749242,0
76.1093,2,76093943673,15380236,0
76.122,1,76104333903,17704036,0
76.1246,0,76091107667,33453278,0
76.1397,0,76124560945,15134024,0
76.1422,2,76109323909,32894066,0
76.1499,1,76122037939,27848054,0
76.1524,0,76139694969,12714030,0
76.1628,1,76149885993,12866230,0
76.1656,0,76152408999,13179230,0
76.1757,1,76162752223,12971024,0
76.1782,0,76165588229,12658024,0
76.1808,2,76142217975,38551284,0
76.1909,1,76175723247,15219036,0
76.1935,0,76178246253,15219036,0
76.1963,2,76180769259,15532036,0
76.2067,1,76190942283,15758242,0
76.2092,0,76193465289,15758242,0
76.2117,2,76196301295,15445242,0
76.2219,1,76206700525,15246036,0
76.2245,0,76209223531,15246036,0
76.227,2,76211746537,15246036,0
76.2347,1,76221946561,12714030,0
76.2397,2,76226992573,12658024,0
76.2498,1,76234660591,15163030,0
76.2523,0,76224469567,27877060,0
76.2627,1,76249823621,12875230,0
76.268,2,76239650597,28351266,0
76.2782,1,76262698851,15485036,0
76.2807,0,76252346627,28360266,0
76.2832,2,76268001863,15228036,0
76.2987,0,76280706893,17999042,0
76.3012,2,76283229899,17999042,0
76.3142,1,76278183887,35976290,0
76.3167,0,76298705935,17977248,0
76.3192,2,76301228941,17977248,0
76.3319,0,76316683183,15190030,0
76.342,1,76314160177,27848054,0
76.3445,0,76331873213,12658024,0
76.3471,2,76319206189,27848054,0
76.3574,1,76342008231,15436242,0
76.36,0,76344531237,15436242,0
76.3625,2,76347054243,15436242,0
76.3705,1,76357444473,13045030,0
76.373,0,76359967479,13045030,0
76.3755,2,76362490485,13045030,0
76.3882,1,76370489503,17733042,0
76.3907,0,76373012509,17733042,0
76.3933,2,76375535515,17733042,0
76.4062,1,76388222545,18017036,0
76.4165,1,76406239581,10267212,0
76.419,0,76390745551,28284248,0
76.4216,2,76393268557,28284248,0
76.4242,1,76416506793,7659018,0
76.4267,0,76419029799,7659018,0
76.4318,1,76424165811,7594012,0
76.4343,0,76426688817,7594012,0
76.4368,2,76421552805,15253030,0
76.4394,1,76431759823,7650018,0
76.4419,0,76434282829,7650018,0
76.4445,2,76436805835,7650018,0
76.4471,1,76439409841,7650018,0
76.4496,0,76441932847,7650018,0
76.4521,2,76444455853,7650018,0
76.4549,1,76447059859,7867224,0
76.4575,0,76449582865,7867224,0
76.46,2,76452105871,7867224,0
76.4651,1,76454927083,10164024,0
76.4701,2,76459973095,10108018,0
76.4755,1,76465091107,10430018,0
76.4805,2,76470081113,10430018,0
76.4906,0,76457450089,33169060,0
76.4931,2,76480511131,12631024,0
76.4983,1,76475521125,22766042,0
76.5008,0,76490619149,10191024,0
76.5036,2,76493142155,10504024,0
76.509,1,76498287167,10703230,0
76.5115,0,76500810173,10703230,0
76.514,2,76503646179,10390230,0
76.5217,1,76508990397,12705030,0
76.5242,0,76511513403,12705030,0
76.5267,2,76514036409,12705030,0
76.5369,1,76521695427,15219036,0
76.5394,0,76524218433,15219036,0
76.542,2,76526741439,15219036,0
76.5573,2,76541960475,15333230,0
76.5624,0,76539437469,22963242,0
76.5675,1,76536914463,30557254,0
76.57,0,76562400711,7594012,0
76.5728,2,76557293705,15549304,0
76.5754,1,76567471717,7975298,0
76.578,0,76569994723,7975298,0
76.5805,2,76572843009,7650018,0
76.5831,1,76575447015,7650018,0
76.5856,0,76577970021,7650018,0
76.5881,2,76580493027,7650018,0
76.5907,1,76583097033,7650018,0
76.5933,0,76585620039,7650018,0
76.6009,1,76590747051,10108018,0
76.6089,1,76600855069,8077218,0
76.6115,0,76593270057,18185236,0
76.614,2,76588143045,25835254,0
76.6191,0,76611455293,7603012,0
76.6216,2,76613978299,7603012,0
76.6267,1,76608932287,17767036,0
76.6292,0,76619058305,10164024,0
76.6317,2,76621581311,10164024,0
76.6393,0,76629222329,10117018,0
76.6419,2,76631745335,10117018,0
76.6445,1,76626699323,17776036,0
76.647,0,76639339347,7659018,0
76.6573,0,76646998365,10269218,0
76.6598,2,76641862353,17928236,0
76.6624,1,76644475359,17928236,0
76.6649,0,76657267583,7659018,0
76.6674,2,76659790589,7659018,0
76.6701,1,76662403595,7650018,0
76.6754,2,76667449607,7907018,0
76.6805,1,76670053613,10421024,0
76.683,0,76664926601,18071042,0
76.6855,2,76675356625,10164024,0
76.6956,0,76682997643,12631024,0
76.6982,2,76685520649,12631024,0
76.706,0,76695628667,10352224,0
76.7088,2,76698151673,10665224,0
76.7189,0,76705980891,12962024,0
76.7215,2,76708816897,12649024,0
76.724,1,76680474637,43514290,0
76.7291,0,76718942915,10191024,0
76.7317,2,76721465921,10191024,0
76.7342,1,76723988927,10191024,0
76.7393,0,76729133939,10173024,0
76.7418,2,76731656945,10173024,0
76.7444,1,76734179951,10173024,0
76.7495,0,76739306963,10173024,0
76.752,2,76741829969,10173024,0
76.7547,1,76744352975,10390230,0
76.7624,0,76749479987,12904236,0
76.7649,2,76752002993,12904236,0
76.7674,1,76754743205,12687030,0
76.7804,0,76762384223,18046042,0
76.783,2,76764907229,18046042,0
76.7956,0,76780430265,15190030,0
76.7981,2,76782953271,15190030,0
76.8007,1,76767430235,33236072,0
76.8114,0,76795620295,15758242,0
76.8164,1,76800666307,15702236,0
76.8215,0,76811378537,10144018,0
76.824,2,76798143301,25902260,0
76.8266,1,76816368543,10200024,0
76.8367,0,76821522555,15201036,0
76.8392,2,76824045561,15201036,0
76.8418,1,76826568567,15201036,0
76.8494,0,76836723591,12714030,0
76.8544,1,76841769603,12658024,0
76.8623,0,76849437621,12866230,0
76.8648,2,76839246597,25580260,0
76.8803,0,76862303851,17990036,0
76.8828,2,76864826857,17990036,0
76.8853,1,76854427627,30912272,0
76.898,2,76882816893,15190030,0
76.9005,1,76885339899,15190030,0
76.9138,0,76880293887,33462278,0
76.9187,1,76900529929,18216242,0
76.9264,0,76913756165,12685024,0
76.929,2,76898006923,30957272,0
76.9315,1,76918746171,12741030,0
76.9417,0,76926441189,15219036,0
76.9442,2,76928964195,15219036,0
76.9596,0,76941660225,17903242,0
76.9621,2,76944183231,17903242,0
76.9697,0,76959563467,10162018,0
76.9722,2,76962086473,10162018,0
76.9748,1,76931487201,43284296,0
76.9799,0,76969725485,10173024,0
76.9852,1,76974771497,10430018,0
76.9979,0,76979898509,17972036,0
77.0004,2,76972248491,28145060,0
77.0031,1,76985201515,17932248,0
77.0133,0,76997870545,15463242,0
77.0162,2,77000393551,15776242,0
77.0187,1,77003133763,15559036,0
77.0289,0,77013333787,15541036,0
77.0314,2,77016169793,15228036,0
77.044,0,77028874823,15172030,0
77.0466,2,77031397829,15172030,0
77.0491,1,77018692799,30400066,0
77.0544,0,77044046853,10361224,0
77.0569,2,77046569859,10361224,0
77.0595,1,77049092865,10361224,0
77.0646,0,77054408077,10173024,0
77.0671,2,77056931083,10173024,0
77.0772,0,77064581101,12631024,0
77.0797,2,77067104107,12631024,0
77.0823,1,77059454089,22804048,0
77.0927,0,77077212125,15532036,0
77.0953,2,77079735131,15532036,0
77.0978,1,77082258137,15532036,0
77.1056,0,77092744161,12875230,0
77.1081,2,77095267167,12875230,0
77.1185,2,77108142397,10401018,0
77.1211,1,77097790173,23276248,0
77.1262,0,77105619391,20574042,0
77.1287,2,77118543415,10173024,0
77.1312,1,77121066421,10173024,0
77.1413,2,77128716439,12631024,0
77.1439,1,77131239445,12631024,0
77.1465,0,77126193433,20308042,0
77.149,2,77141347463,7677018,0
77.1515,1,77143870469,7677018,0
77.1568,2,77149024481,7811218,0
77.1594,1,77151547487,7811218,0
77.167,0,77146501475,20498248,0
77.1695,2,77156835699,12687030,0
77.172,1,77159358705,12687030,0
77.1822,0,77166999723,15219036,0
77.1875,1,77172045735,15476036,0
77.1977,0,77182218759,15485036,0
77.2002,2,77169522729,30704072,0
77.2081,0,77197703795,10361224,0
77.2106,2,77200226801,10361224,0
77.2131,1,77187521771,25589260,0
77.2211,0,77208065019,13000030,0
77.2236,2,77210588025,13000030,0
77.2261,1,77213111031,13000030,0
77.2388,0,77221065049,17733042,0
77.2514,0,77238798091,12622018,0
77.2539,2,77223588055,30355060,0
77.2567,1,77226111061,30572266,0
77.2694,0,77251420109,17950248,0
77.2719,2,77253943115,17950248,0
77.2744,1,77256683327,17733042,0
77.2796,0,77269370357,10218024,0
77.2821,2,77271893363,10218024,0
77.2846,1,77274416369,10218024,0
77.2926,0,77279588381,13000030,0
77.2951,2,77282111387,13000030,0
77.2976,1,77284634393,13000030,0
77.3127,2,77295111417,17621030,0
77.3259,0,77292588411,33341266,0
77.3285,2,77312732447,15720236,0
77.331,1,77297634423,33341266,0
77.3437,0,77325929677,17760042,0
77.3462,2,77328452683,17760042,0
77.359,0,77343689719,15351230,0
77.364,1,77330975689,33055266,0
77.3742,0,77359040949,15134024,0
77.3767,2,77346212725,30485254,0
77.3818,0,77374174973,7630012,0
77.3843,2,77376697979,7630012,0
77.3869,1,77364030955,22820042,0
77.3948,0,77381804985,12991030,0
77.3973,2,77384327991,12991030,0
77.3998,1,77386850997,12991030,0
77.4127,1,77399842027,12810224,0
77.4228,0,77394796015,28029260,0
77.4257,2,77397319021,28342260,0
77.4282,1,77412652251,15532036,0
77.4384,0,77422825275,15541036,0
77.4409,2,77425661281,15228036,0
77.4434,1,77428184287,15228036,0
77.4538,0,77438366311,15445242,0
77.4563,2,77440889317,15445242,0
77.4589,1,77443412323,15445242,0
77.4665,0,77453811553,12658024,0
77.469,2,77456334559,12658024,0
77.4715,1,77458857565,12658024,0
77.4817,0,77466469577,15219036,0
77.4842,2,77468992583,15219036,0
77.4867,1,77471515589,15219036,0
77.4947,0,77481688613,13027030,0
77.4972,2,77484211619,13027030,0
77.4998,1,77486734625,13027030,0
77.5102,0,77494715643,15436242,0
77.5127,2,77497238649,15436242,0
77.5152,1,77499761655,15436242,0
77.5228,0,77510151885,12676024,0
77.5281,1,77515197897,12933024,0
77.5333,0,77522827909,10448024,0
77.5358,2,77512674891,23124048,0
77.5383,1,77528130921,10191024,0
77.5509,2,77535798939,15089024,0
77.5534,1,77538321945,15089024,0
77.5563,0,77533275933,22992248,0
77.5613,1,77553410969,7847218,0
77.5664,0,77556268181,10117018,0
77.5689,2,77550887963,18020242,0
77.5714,1,77561258187,10173024,0
77.5816,0,77566385199,15201036,0
77.5841,2,77568908205,15201036,0
77.5866,1,77571431211,15201036,0
77.5943,0,77581586235,12714030,0
77.5971,2,77584109241,13027030,0
77.5997,1,77586632247,13027030,0
77.61,0,77594300265,15749242,0
77.6126,2,77597136271,15436242,0
77.6252,2,77612572513,12602018,0
77.6277,1,77599659277,28038260,0
77.6332,0,77610049507,23106042,0
77.6357,2,77625174531,10504024,0
77.6382,1,77627697537,10504024,0
77.6458,0,77633155549,12687030,0
77.6561,0,77645842579,10296218,0
77.6587,2,77635678555,22983248,0
77.6612,1,77638201561,22983248,0
77.6714,0,77656138797,15219036,0
77.6739,2,77658661803,15219036,0
77.6764,1,77661184809,15219036,0
77.689,2,77673880839,15116024,0
77.6915,1,77676403845,15116024,0
77.6995,0,77671357833,28143054,0
77.702,2,77688996863,13027030,0
77.7045,1,77691519869,13027030,0
77.7174,2,77702023893,15380236,0
77.7199,1,77704546899,15380236,0
77.7329,0,77699500887,33435278,0
77.7355,2,77717404129,18055042,0
77.738,1,77719927135,18055042,0
77.7482,0,77732936165,15246036,0
77.7585,0,77748182201,10305218,0
77.761,2,77735459171,25551254,0
77.7635,1,77737982177,25551254,0
77.7687,0,77758487419,10173024,0
77.7712,2,77761010425,10173024,0
77.7737,1,77763533431,10173024,0
77.7813,0,77768660443,12631024,0
77.7838,2,77771183449,12631024,0
77.7863,1,77773706455,12631024,0
77.7915,0,77781291467,10191024,0
77.794,2,77783814473,10191024,0
77.8046,0,77791482491,13161230,0
77.8072,2,77794005497,13161230,0
77.8097,1,77786337479,23352254,0
77.8174,0,77804643721,12714030,0
77.8199,2,77807166727,12714030,0
77.8224,1,77809689733,12714030,0
77.8379,0,77817357751,20560048,0
77.8404,2,77819880757,20560048,0
77.843,1,77822403763,20560048,0
77.8559,0,77837917799,17986248,0
77.8584,2,77840440805,17986248,0
77.861,1,77842963811,17986248,0
77.8736,2,77858427053,15199030,0
77.8761,1,77860950059,15199030,0
77.8838,0,77855904047,27913060,0
77.8863,2,77873626083,12714030,0
77.894,0,77883817107,10135018,0
77.8965,2,77886340113,10135018,0
77.899,1,77876149089,22849048,0
77.9071,0,77893952125,13161230,0
77.9096,2,77896475131,13161230,0
77.9122,1,77898998137,13161230,0
77.9198,0,77907113355,12714030,0
77.9224,2,77909636361,12714030,0
77.9325,0,77919827385,12649024,0
77.935,2,77922350391,12649024,0
77.9429,2,77934999415,7878006,0
77.9454,1,77912159367,33241060,0
77.9505,0,77932476409,18042030,0
77.9533,2,77942877421,10381230,0
77.9558,1,77945400427,10381230,0
77.9584,0,77950518439,7876224,0
77.9634,1,77955781657,7603012,0
77.971,0,77958394663,12622024,0
77.9735,2,77953258651,20281042,0
77.9761,1,77963384669,12678030,0
77.9887,2,77973539693,15163030,0
77.9912,1,77976062699,15163030,0
78.0014,2,77988702723,12658024,0
78.0041,1,77991225729,12875230,0
78.0171,2,78001360747,15693236,0
78.0196,1,78004100959,15476030,0
78.0221,0,77971016687,51083308,0
78.0273,2,78017053983,10200024,0
78.0298,1,78019576989,10200024,0
78.0323,0,78022099995,10200024,0
78.0428,2,78027254007,15514036,0
78.0453,1,78029777013,15514036,0
78.0478,0,78032300019,15514036,0
78.0658,2,78042768043,22987260,0
78.0683,1,78045291049,22987260,0
78.0708,0,78047814055,22987260,0
78.086,1,78068278309,17677030,0
78.0885,0,78070801315,17677030,0
78.0911,2,78065755303,25381048,0
78.0937,1,78085955339,7704018,0
78.0962,0,78088478345,7704018,0
78.1013,2,78091136351,10164024,0
78.1065,0,78096182363,10325224,0
78.1094,2,78101300375,8133218,0
78.1144,0,78106507587,7916012,0
78.117,2,78109433593,7594012,0
78.1196,1,78093659357,25891254,0
78.1221,0,78114423599,7650018,0
78.1297,2,78117027605,12678030,0
78.1322,1,78119550611,12678030,0
78.1348,0,78122073617,12678030,0
78.1427,2,78129705635,13018030,0
78.1452,1,78132228641,13018030,0
78.1478,0,78134751647,13018030,0
78.1582,2,78142723665,15436242,0
78.1607,1,78145246671,15436242,0
78.1632,0,78147769677,15436242,0
78.1759,1,78160682913,15190030,0
78.186,2,78158159907,27850054,0
78.1885,1,78175872943,12660024,0
78.1911,0,78163205919,27850054,0
78.1987,2,78186009961,12705030,0
78.2012,1,78188532967,12705030,0
78.2038,0,78191055973,12705030,0
78.217,2,78198714991,18263248,0
78.2195,1,78201237997,18263248,0
78.222,0,78203761003,18263248,0
78.2322,2,78216978239,15255036,0
78.2348,1,78219501245,15255036,0
78.2373,0,78222024251,15255036,0
78.2528,2,78232233275,20569048,0
78.2555,1,78234756281,20786254,0
78.2581,0,78237279287,20786254,0
78.2682,2,78252802323,15416236,0
78.2707,1,78255542535,15199030,0
78.2733,0,78258065541,15199030,0
78.2834,2,78268218559,15228036,0
78.286,1,78270741565,15228036,0
78.3011,2,78283446595,17686036,0
78.3063,0,78273264571,33075272,0
78.3143,2,78301132631,13206230,0
78.3193,0,78306339843,12989024,0
78.3245,2,78314338861,10135018,0
78.332,1,78285969601,46008284,0
78.3395,0,78319328867,20198030,0
78.3446,1,78331977885,12631024,0
78.3628,1,78344608909,18207242,0
78.3654,0,78339526897,25839260,0
78.3729,2,78324473879,48450290,0
78.378,1,78362816151,15190030,0
78.3806,0,78365366157,15190030,0
78.3857,2,78372924169,12741030,0
78.3907,1,78378006181,12714030,0
78.3958,0,78380556187,15228036,0
78.4009,2,78385665199,15219036,0
78.4062,1,78390720211,15436242,0
78.4112,0,78395784223,15445242,0
78.4166,2,78400884235,15758242,0
78.4216,1,78406156453,15485030,0
78.4242,0,78411229465,12971024,0
78.4268,2,78416642477,10144018,0
78.4318,1,78421641483,10200024,0
78.4344,0,78424200489,10191024,0
78.437,2,78426786495,10173024,0
78.442,1,78431841507,10173024,0
78.447,0,78434391513,12631024,0
78.4499,2,78436959519,12944024,0
78.4577,1,78442014531,15675236,0
78.4628,0,78447022537,15749242,0
78.4678,2,78449903543,17894242,0
78.4703,1,78457689767,12658024,0
78.4754,2,78467797785,7648012,0
78.478,1,78470347791,7621012,0
78.483,0,78462771779,20261036,0
78.4881,2,78475445797,12678030,0
78.4931,0,78483032815,10117018,0
78.5007,1,78477968803,22757042,0
78.506,0,78493149833,12848230,0
78.5111,2,78488123827,22983248,0
78.5136,1,78500725845,12904236,0
78.519,0,78505998063,13018030,0
78.5216,2,78511107075,10504024,0
78.5241,1,78513630081,10504024,0
78.5317,0,78519016093,12705030,0
78.5343,2,78521611099,12687030,0
78.5368,1,78524134105,12687030,0
78.5419,0,78531721123,10191024,0
78.5498,2,78534298129,15536880,0
78.5524,1,78536821135,15536880,0
78.5551,0,78541912147,13222080,0
78.5628,2,78549835009,12931236,0
78.5653,1,78552358015,12931236,0
78.5704,0,78555134227,15228036,0
78.583,2,78562766245,20256048,0
78.5855,1,78565289251,20256048,0
78.5906,0,78570362263,20256048,0
78.5958,2,78583022293,12741030,0
78.6008,0,78590618311,10171018,0
78.6086,2,78595763323,12866230,0
78.6112,1,78585545299,25607260,0
78.6137,0,78600789329,12904236,0
78.6217,2,78608629553,13027030,0
78.6242,1,78611152559,13027030,0
78.6292,0,78613693565,15541036,0
78.6369,2,78621656583,15219036,0
78.6394,1,78624179589,15219036,0
78.6419,0,78629234601,12714030,0
78.647,2,78636875619,10144018,0
78.6495,1,78639398625,10144018,0
78.6524,0,78641948631,10448018,0
78.6577,2,78647019637,10647224,0
78.6602,1,78649542643,10647224,0
78.6627,0,78652396649,10334224,0
78.6653,2,78657666861,7677018,0
78.6679,1,78660189867,7677018,0
78.6704,0,78662730873,7677018,0
78.673,2,78665343879,7650018,0
78.6755,1,78667866885,7650018,0
78.6781,0,78670407891,7650018,0
78.6806,2,78672993897,7650018,0
78.6832,1,78675516903,7650018,0
78.6882,0,78678057909,10164024,0
78.6933,2,78680643915,12678030,0
78.6958,1,78683166921,12678030,0
78.6984,0,78688221933,10173024,0
78.7112,1,78695844951,15380236,0
78.7138,0,78698394957,15362236,0
78.7214,2,78693321945,28056260,0
78.7242,1,78711225187,12989024,0
78.7369,2,78721378205,15476030,0
78.7394,1,78724214211,15163030,0
78.7419,0,78713757193,28152054,0
78.7496,2,78736854235,12714030,0
78.7521,1,78739377241,12714030,0
78.7653,2,78749568265,15693236,0
78.7678,1,78752091271,15693236,0
78.7779,1,78767784507,10106012,0
78.7804,0,78741909247,38504278,0
78.788,2,78765261501,22737036,0
78.7905,1,78777890519,12631024,0
78.793,0,78780413525,12631024,0
78.8007,2,78787998537,12705030,0
78.8032,1,78790521543,12705030,0
78.8161,2,78800703567,15380236,0
78.8211,0,78793044549,28029260,0
78.8341,1,78803226573,30827260,0
78.8366,0,78821073809,15503030,0
78.8493,2,78816083803,33189066,0
78.8518,1,78834053833,17742042,0
78.8543,0,78836576839,17742042,0
78.8676,2,78849272869,18290248,0
78.8701,1,78851795875,18290248,0
78.8828,2,78867563117,15199030,0
78.8853,1,78870086123,15199030,0
78.8954,2,78882762147,12658024,0
78.8979,1,78885285153,12658024,0
78.9005,0,78854318881,46147302,0
78.9083,1,78897943177,10352224,0
78.9108,0,78900466183,10352224,0
78.9185,2,78895420171,23057254,0
78.921,1,78908295401,12705030,0
78.9235,0,78910818407,12705030,0
78.929,2,78918477425,10504024,0
78.9315,1,78921000431,10504024,0
78.934,0,78923523437,10504024,0
78.9442,2,78928981449,15201036,0
78.9467,1,78931504455,15201036,0
78.9492,0,78934027461,15201036,0
78.9571,2,78944182485,12931236,0
78.9599,1,78946705491,13244236,0
78.9625,0,78949228497,13244236,0
78.9727,2,78957113721,15541036,0
78.9776,0,78962472733,15172030,0
78.9853,1,78959949727,25316048,0
78.9878,0,78977644763,10144018,0
78.9929,2,78972654757,20261036,0
78.9954,1,78985265775,10173024,0
78.998,0,78987788781,10173024,0
79.0058,2,78992915793,12904236,0
79.0083,1,78995438799,12904236,0
79.0184,1,79008343035,10088012,0
79.021,0,78997961805,22992248,0
79.0261,2,79005820029,20261036,0
79.0286,1,79018431047,10173024,0
79.0314,0,79020954053,10486024,0
79.0416,2,79026081065,15514036,0
79.0544,2,79041595101,12821224,0
79.0569,1,79028604071,28335260,0
79.0595,0,79031440077,28022260,0
79.0699,1,79056939331,12962024,0
79.0724,0,79059462337,12962024,0
79.0826,2,79054416325,28181060,0
79.0876,0,79072424361,15163030,0
79.0952,2,79082597385,12602018,0
79.0977,1,79069901355,27821054,0
79.1002,0,79087587391,12658024,0
79.1056,2,79095199403,10408230,0
79.1081,1,79097722409,10408230,0
79.1107,0,79100245415,10408230,0
79.1208,1,79108130639,12649024,0
79.1233,0,79110653645,12649024,0
79.1309,1,79120779663,10135018,0
79.1338,0,79123302669,10448018,0
79.1414,2,79105607633,35784072,0
79.1464,0,79133750687,12631024,0
79.1618,2,79141391705,20408248,0
79.1646,1,79130914681,33721278,0
79.1672,0,79146381711,20777254,0
79.1774,2,79161799953,15568036,0
79.1799,1,79164635959,15255036,0
79.19,2,79177367989,12658024,0
79.1925,1,79179890995,12658024,0
79.1951,0,79167158965,27913060,0
79.2055,2,79190026013,15436242,0
79.2105,0,79195072025,15380236,0
79.2156,2,79205462255,10144018,0
79.2181,1,79192549019,25580260,0
79.2207,0,79210452261,10200024,0
79.2308,2,79215606273,15145030,0
79.2333,1,79218129279,15145030,0
79.2361,0,79220652285,15458030,0
79.2437,0,79236110315,7574006,0
79.2463,2,79230751303,15537024,0
79.2488,1,79233274309,15537024,0
79.2513,0,79243684321,7650018,0
79.2542,2,79246288327,7867224,0
79.2567,1,79248811333,7867224,0
79.2592,0,79251334339,7867224,0
79.2697,2,79254155551,15514036,0
79.2722,1,79256678557,15514036,0
79.2747,0,79259201563,15514036,0
79.2799,2,79269669587,10200024,0
79.2824,1,79272192593,10200024,0
79.2849,0,79274715599,10200024,0
79.2926,2,79279869611,12687030,0
79.2951,1,79282392617,12687030,0
79.2976,0,79284915623,12687030,0
79.3079,0,79297602653,10296218,0
79.3105,2,79292556641,17973236,0
79.3131,1,79295079647,17973236,0
79.3156,0,79307898871,7677018,0
79.3257,2,79310529877,15192036,0
79.3282,1,79313052883,15192036,0
79.3308,0,79315575889,15192036,0
79.3413,2,79325721913,15541036,0
79.3463,0,79330767925,15485030,0
79.3541,1,79328244919,25846254,0
79.3592,2,79341262949,17908230,0
79.3617,1,79354091173,7603012,0
79.3642,0,79346252955,17964236,0
79.3668,2,79359171179,7650018,0
79.3697,1,79361694185,7963018,0
79.3722,0,79364217191,7963018,0
79.3798,2,79366821197,12991030,0
79.3848,0,79372180209,12622024,0
79.3899,2,79379812227,10135018,0
79.3949,0,79384802233,10135018,0
79.3976,2,79389947245,7603012,0
79.405,1,79369657203,35350060,0
79.4103,2,79397550257,12783224,0
79.4129,0,79394937251,17928236,0
79.4154,1,79405007263,10381230,0
79.423,1,79415388493,7603012,0
79.4357,0,79412865487,22791036,0
79.4382,1,79422991505,15188024,0
79.441,2,79410333481,30682054,0
79.4486,0,79435656523,12991030,0
79.4512,1,79438179529,12991030,0
79.4564,2,79441015535,15418242,0
79.4616,0,79448647553,12922236,0
79.4641,1,79451170559,12922236,0
79.472,0,79461569789,10448024,0
79.4745,1,79464092795,10448024,0
79.4796,2,79456433777,23162054,0
79.4847,0,79472017813,12687030,0
79.4872,1,79474540819,12687030,0
79.4923,2,79479595831,12687030,0
79.5052,0,79484704843,20464254,0
79.5077,1,79487227849,20464254,0
79.5127,2,79492282861,20464254,0
79.5204,0,79505169097,15255036,0
79.5279,2,79512747115,15201030,0
79.5356,0,79520424133,15174030,0
79.5381,1,79507692103,30429066,0
79.5435,2,79527948145,15541036,0
79.5536,1,79538121169,15485030,0
79.5614,0,79535598163,25846254,0
79.564,1,79553606199,10361224,0
79.5665,2,79543489181,23019248,0
79.582,1,79563967423,17990036,0
79.5845,2,79566508429,17972036,0
79.5922,0,79561444417,30722066,0
79.5972,2,79584480465,12676024,0
79.6075,0,79592166483,15380236,0
79.6101,1,79581957459,28112266,0
79.6252,0,79607546719,17686036,0
79.6278,1,79610069725,17686036,0
79.6303,2,79597156489,33122278,0
79.6405,0,79625232755,15246036,0
79.643,1,79627755761,15246036,0
79.6509,0,79640478791,10457018,0
79.6535,1,79643001797,10457018,0
79.6562,2,79630278767,25920260,0
79.6638,0,79650935809,12904236,0
79.6664,1,79653458815,12904236,0
79.6689,2,79656199027,12687030,0
79.6794,0,79663840045,15532036,0
79.6844,2,79668886057,15476030,0
79.6895,0,79679372081,10088012,0
79.692,1,79666363051,25620048,0
79.6945,2,79684362087,10144018,0
79.6996,0,79689460093,10173024,0
79.7022,1,79691983099,10173024,0
79.7047,2,79694506105,10173024,0
79.71,0,79699633117,10390230,0
79.7176,0,79710023347,7547006,0
79.7201,1,79702156123,17937236,0
79.7226,2,79704679129,17937236,0
79.7277,0,79717570353,10164024,0
79.7303,1,79720093359,10164024,0
79.7328,2,79722616365,10164024,0
79.7404,0,79727734377,12687030,0
79.7429,1,79730257383,12687030,0
79.7455,2,79732780389,12687030,0
79.7509,0,79740421407,10504024,0
79.7534,1,79742944413,10504024,0
79.7562,2,79745467419,10721230,0
79.7638,1,79753448437,10334224,0
79.7663,2,79756188649,10117018,0
79.7689,0,79750925431,17993242,0
79.7714,1,79763782661,7659018,0
79.7793,0,79768918673,10421018,0
79.7819,1,79771441679,10421018,0
79.7844,2,79766305667,18080036,0
79.792,1,79781862697,10117018,0
79.7945,2,79784385703,10117018,0
79.7971,0,79779339691,17776036,0
79.7996,1,79791979715,7659018,0
79.8022,2,79794502721,7659018,0
79.81,0,79797115727,12895236,0
79.8125,1,79799638733,12895236,0
79.8151,2,79802161739,12895236,0
79.8202,0,79810010963,10191024,0
79.8227,1,79812533969,10191024,0
79.8252,2,79815056975,10191024,0
79.8329,0,79820201987,12687030,0
79.8354,1,79822724993,12687030,0
79.8379,2,79825247999,12687030,0
79.8456,0,79832889017,12705030,0
79.8481,1,79835412023,12705030,0
79.851,2,79837935029,13018030,0
79.8588,0,79845594047,13235236,0
79.8614,1,79848117053,13235236,0
79.8639,2,79850953059,12922236,0
79.8741,0,79858829283,15228036,0
79.8766,1,79861352289,15228036,0
79.8791,2,79863875295,15228036,0
79.8871,0,79874057319,13027030,0
79.8896,1,79876580325,13027030,0
79.8921,2,79879103331,13027030,0
79.8998,0,79887084349,12705030,0
79.905,2,79892130361,12866230,0
79.9127,0,79899789379,12866230,0
79.9176,2,79904996591,12649024,0
79.9228,0,79912655609,10135018,0
79.9253,1,79889607355,35706278,0
79.9278,2,79917645615,10191024,0
79.9506,0,79922790627,27767048,0
79.9534,1,79925313633,28080048,0
79.9561,2,79927836639,28297254,0
79.9613,0,79950557675,10703230,0
79.9638,1,79953393681,10390230,0
79.9663,2,79956133893,10173024,0
79.9739,0,79961260905,12687030,0
79.9765,1,79963783911,12687030,0
79.979,2,79966306917,12687030,0
79.9845,0,79973947935,10504024,0
79.987,1,79976470941,10504024,0
79.9895,2,79978993947,10504024,0
79.9971,0,79984451959,12687030,0
79.9997,1,79986974965,12687030,0
80.0074,0,79997138989,10296218,0
80.01,1,79999661995,10296218,0
80.0125,2,79989497971,22983248,0
80.0201,0,80007435207,12705030,0
80.0251,2,80012481219,12649024,0
80.0328,0,80020140237,12649024,0
80.0353,1,80009958213,25354054,0
80.0378,2,80025130243,12705030,0
80.043,0,80032789261,10191024,0
80.0455,1,80035312267,10191024,0
80.048,2,80037835273,10191024,0
80.0587,0,80042980285,15675242,0
80.0612,1,80045503291,15675242,0
80.0637,2,80048026297,15675242,0
80.0764,0,80058655527,17742042,0
80.0789,1,80061178533,17742042,0
80.0814,2,80063701539,17742042,0
80.0944,1,80078920575,15503030,0
80.0969,2,80081443581,15503030,0
80.1098,1,80094423605,15389236,0
80.1123,2,80096946611,15389236,0
80.1175,0,80076397569,41092290,0
80.12,1,80109812841,10200024,0
80.1225,2,80112335847,10200024,0
80.1277,0,80117489859,10173024,0
80.1302,1,80120012865,10173024,0
80.1378,0,80127662883,10117018,0
80.1428,2,80122535871,20234036,0
80.1454,0,80137779901,7603012,0
80.1504,2,80142769907,7603012,0
80.1532,0,80145382913,7811218,0
80.1557,1,80130185889,25531248,0
80.1586,2,80150372919,8180224,0
80.1662,0,80153194131,13000030,0
80.1687,1,80155717137,13000030,0
80.1712,2,80158553143,12687030,0
80.1814,0,80166194161,15219036,0
80.1839,1,80168717167,15219036,0
80.1865,2,80171240173,15219036,0
80.197,0,80181413197,15541036,0
80.1995,1,80183936203,15541036,0
80.202,2,80186459209,15541036,0
80.2124,0,80196954233,15445242,0
80.2149,1,80199477239,15445242,0
80.2174,2,80202000245,15445242,0
80.2301,1,80214922481,15190030,0
80.2326,2,80217445487,15190030,0
80.2428,0,80212399475,30418066,0
80.2478,2,80232635517,15172030,0
80.2582,0,80242817541,15389236,0
80.261,1,80230112511,30930272,0
80.2636,2,80247807547,15758242,0
80.2787,1,80261042783,17704036,0
80.2813,2,80263565789,17704036,0
80.2943,0,80258206777,36090078,0
80.2968,1,80278746819,18073042,0
80.2993,2,80281269825,18073042,0
80.3072,0,80294296855,12893230,0
80.3097,1,80296819861,12893230,0
80.3122,2,80299342867,12893230,0
80.3174,0,80307190085,10200024,0
80.3199,1,80309713091,10200024,0
80.3224,2,80312236097,10200024,0
80.3376,1,80319913115,17659036,0
80.3401,2,80322436121,17659036,0
80.3555,0,80317390109,38150290,0
80.3581,1,80337572151,20491254,0
80.3606,2,80340095157,20491254,0
80.3761,0,80355540399,20596048,0
80.3787,1,80358063405,20596048,0
80.3812,2,80360586411,20596048,0
80.3863,0,80376136447,10171018,0
80.3913,2,80381182459,10115012,0
80.3967,0,80386307465,10430018,0
80.3993,1,80378659453,20601036,0
80.4018,2,80391297471,10486024,0
80.4171,1,80399260489,17820236,0
80.4196,2,80401783495,17820236,0
80.4273,0,80396737483,30552266,0
80.4298,1,80417080725,12732030,0
80.4323,2,80419603731,12732030,0
80.4425,0,80427289749,15219036,0
80.445,1,80429812755,15219036,0
80.4476,2,80432335761,15219036,0
80.4554,0,80442508785,12931236,0
80.458,1,80445031791,12931236,0
80.4605,2,80447554797,12931236,0
80.466,0,80455440021,10513024,0
80.4685,1,80457963027,10513024,0
80.471,2,80460486033,10513024,0
80.4761,0,80465953045,10173024,0
80.4786,1,80468476051,10173024,0
80.4812,2,80470999057,10173024,0
80.4863,0,80476126069,10173024,0
80.4913,2,80481172081,10117018,0
80.4939,0,80486299093,7603012,0
80.4967,1,80478649075,18089036,0
80.4993,2,80491289099,7972018,0
80.5096,0,80493902105,15722242,0
80.5121,1,80496738111,15409242,0
80.5147,2,80499261117,15409242,0
80.5249,0,80509624347,15228036,0
80.5274,1,80512147353,15228036,0
80.535,0,80524852383,10144018,0
80.5375,1,80527375389,10144018,0
80.54,2,80514670359,25372054,0
80.5502,0,80534996401,15201036,0
80.5527,1,80537519407,15201036,0
80.563,0,80550197437,12819224,0
80.5655,1,80552720443,12819224,0
80.5684,2,80540042413,28333260,0
80.576,0,80563016661,13027030,0
80.5786,1,80565539667,13027030,0
80.5811,2,80568375673,12714030,0
80.5912,1,80578566697,12649024,0
80.5937,2,80581089703,12649024,0
80.5992,0,80576043691,23153048,0
80.6017,1,80591215721,10504024,0
80.6095,0,80599196739,10334224,0
80.6121,1,80601719745,10334224,0
80.6146,2,80593738727,20838248,0
80.6197,0,80609530963,10191024,0
80.6247,2,80614576975,10135018,0
80.6323,2,80624711993,7547006,0
80.6349,0,80619721987,15141018,0
80.6374,1,80612053969,25332042,0
80.6399,2,80632258999,7650018,0
80.6425,0,80634863005,7650018,0
80.645,1,80637386011,7650018,0
80.6476,2,80639909017,7650018,0
80.6529,0,80642513023,10381230,0
80.6579,2,80647559035,10325224,0
80.6655,0,80652894253,12649024,0
80.6681,1,80645036029,23030254,0
80.6709,2,80657884259,13018030,0
80.6785,1,80668066283,10448018,0
80.681,2,80670902289,10135018,0
80.6837,0,80665543277,18107036,0
80.6862,1,80678514301,7659018,0
80.6887,2,80681037307,7659018,0
80.6938,0,80683650313,10164024,0
80.6988,2,80688696325,10108018,0
80.7045,0,80693814337,10647224,0
80.707,1,80686173319,20811248,0
80.7095,2,80698804343,10703230,0
80.7146,0,80704461561,10173024,0
80.7172,1,80706984567,10173024,0
80.7197,2,80709507573,10173024,0
80.7273,1,80717157591,10117018,0
80.7298,2,80719680597,10117018,0
80.74,0,80714634585,25318054,0
80.7425,1,80727274609,15201036,0
80.745,2,80729797615,15201036,0
80.7554,0,80739952639,15445242,0
80.7579,1,80742475645,15445242,0
80.7681,0,80755397881,12658024,0
80.7706,1,80757920887,12658024,0
80.7734,2,80744998651,28416266,0
80.7836,0,80768055905,15532036,0
80.7886,2,80773414917,15163030,0
80.7988,0,80783587941,15172030,0
80.8013,1,80770578911,30704066,0
80.8043,2,80788577947,15758242,0
80.8119,0,80798759971,13188230,0
80.8145,1,80801282977,13188230,0
80.817,2,80804336189,12658024,0
80.8221,0,80811948201,10191024,0
80.8247,1,80814471207,10191024,0
80.8272,2,80816994213,10191024,0
80.8373,0,80822139225,15145030,0
80.8398,1,80824662231,15145030,0
80.8423,2,80827185237,15145030,0
80.85,1,80839807261,10144018,0
80.8525,2,80842330267,10144018,0
80.8578,1,80849951279,7820218,0
80.8603,2,80852474285,7820218,0
80.8654,0,80837284255,28137260,0
80.8704,2,80860294503,10117018,0
80.873,0,80865421515,7603012,0
80.8759,1,80857771497,18089036,0
80.8784,2,80870411521,7972018,0
80.886,0,80873024527,12935024,0
80.8885,1,80875860533,12622024,0
80.891,2,80878383539,12622024,0
80.8987,0,80885959551,12705030,0
80.9012,1,80888482557,12705030,0
80.9037,2,80891005563,12705030,0
80.9119,0,80898664581,13235236,0
80.9144,1,80901187587,13235236,0
80.9169,2,80903710593,13235236,0
80.9221,0,80911899817,10191024,0
80.9246,1,80914422823,10191024,0
80.9271,2,80916945829,10191024,0
80.9423,1,80924613847,17659036,0
80.9448,2,80927136853,17659036,0
80.9525,0,80922090841,30391066,0
80.955,1,80942272883,12732030,0
80.9704,0,80952481907,17894242,0
80.9754,2,80944795889,30570266,0
80.9834,0,80970376149,12998024,0
80.9859,1,80955004913,30892266,0
80.9884,2,80975366155,13054030,0
80.9986,0,80983374173,15219036,0
81.0036,2,80988420185,15163030,0
81.0093,0,80998593209,10674224,0
81.0118,1,80985897179,25893260,0
81.0143,2,81003583215,10730230,0
81.0269,1,81011790439,15107024,0
81.0294,2,81014313445,15107024,0
81.0346,0,81009267433,25307048,0
81.0371,1,81026897463,10200024,0
81.0396,2,81029420469,10200024,0
81.0447,0,81034574481,10173024,0
81.0473,1,81037097487,10173024,0
81.0498,2,81039620493,10173024,0
81.0551,0,81044747505,10390230,0
81.0577,1,81047270511,10390230,0
81.0602,2,81049793517,10390230,0
81.0678,0,81055137735,12687030,0
81.0703,1,81057660741,12687030,0
81.0729,2,81060183747,12687030,0
81.0833,1,81070347771,12962024,0
81.0858,2,81072870777,12962024,0
81.096,0,81067824765,28181060,0
81.0985,1,81083309795,15219036,0
81.1011,2,81085832801,15219036,0
81.1088,0,81096005825,12819224,0
81.1117,1,81098528831,13132224,0
81.1142,2,81101051837,13132224,0
81.1168,0,81108825049,7999018,0
81.1193,1,81111661055,7686018,0
81.1219,2,81114184061,7686018,0
81.1295,0,81116824067,12678030,0
81.132,1,81119347073,12678030,0
81.1345,2,81121870079,12678030,0
81.1397,0,81129502097,10191024,0
81.1422,1,81132025103,10191024,0
81.1447,2,81134548109,10191024,0
81.1499,0,81139693121,10173024,0
81.1524,1,81142216127,10173024,0
81.1551,2,81144739133,10390230,0
81.1603,0,81149866145,10390230,0
81.1628,1,81152389151,10390230,0
81.1653,2,81155129363,10173024,0
81.1729,0,81160256375,12687030,0
81.1779,2,81165302387,12631024,0
81.1859,0,81172943405,12972616,0
81.1884,1,81162779381,25659646,0
81.191,2,81177933411,13028622,0
81.1986,0,81185916021,12714030,0
81.2012,1,81188439027,12714030,0
81.2037,2,81190962033,12714030,0
81.2144,0,81198630051,15749242,0
81.2194,2,81203676063,15693236,0
81.222,0,81214379293,7648012,0
81.2246,1,81201153057,23397254,0
81.2271,2,81219369299,7704018,0
81.2347,1,81224550311,10108018,0
81.2372,2,81227073317,10108018,0
81.2398,0,81222027305,17767036,0
81.2423,1,81234658329,7659018,0
81.2448,2,81237181335,7659018,0
81.25,0,81239794341,10164024,0
81.2525,1,81242317347,10164024,0
81.2552,2,81244840353,10381230,0
81.2603,0,81249958365,10390230,0
81.2629,1,81252481371,10390230,0
81.2704,1,81262871601,7547006,0
81.2729,2,81255221583,17720030,0
81.2755,0,81260348595,15197024,0
81.2781,1,81270418607,7650018,0
81.2806,2,81272941613,7650018,0
81.2835,0,81275545619,7963018,0
81.286,1,81278068625,7963018,0
81.2886,2,81280591631,7963018,0
81.2912,0,81283508637,7650018,0
81.2937,1,81286031643,7650018,0
81.2962,2,81288554649,7650018,0
81.2988,0,81291158655,7650018,0
81.3013,1,81293681661,7650018,0
81.3041,2,81296204667,7867224,0
81.3092,0,81298808673,10381230,0
81.3117,1,81301331679,10381230,0
81.3142,2,81304071891,10164024,0
81.3197,0,81309189903,10486024,0
81.3222,1,81311712909,10486024,0
81.3273,0,81319675927,7603012,0
81.3298,1,81322198933,7603012,0
81.3323,2,81314235915,18089036,0
81.3374,0,81327278939,10164024,0
81.34,1,81329801945,10164024,0
81.3525,1,81339965969,12575018,0
81.3703,2,81332324951,38007266,0
81.373,0,81337442963,35547260,0
81.3755,1,81352540987,22972242,0
81.378,2,81370332217,7704018,0
81.3806,0,81372990223,7650018,0
81.391,0,81380640241,10365018,0
81.396,2,81378036235,17959030,0
81.3986,0,81391005259,7603012,0
81.4011,1,81375513229,25618048,0
81.4037,2,81395995265,7659018,0
81.414,0,81398608271,15409242,0
81.4165,1,81401131277,15409242,0
81.4194,2,81403654283,15722242,0
81.4245,0,81414017513,10457018,0
81.427,1,81416540519,10457018,0
81.4295,2,81419376525,10144018,0
81.4346,0,81424474531,10173024,0
81.4372,1,81426997537,10173024,0
81.4397,2,81429520543,10173024,0
81.4448,0,81434647555,10173024,0
81.4473,1,81437170561,10173024,0
81.4499,2,81439693567,10173024,0
81.4552,0,81444820579,10390230,0
81.4577,1,81447343585,10390230,0
81.4603,2,81449866591,10390230,0
81.4654,0,81455210809,10191024,0
81.4679,1,81457733815,10191024,0
81.4704,2,81460256821,10191024,0
81.4831,0,81465401833,17715042,0
81.4856,1,81467924839,17715042,0
81.4885,2,81470447845,18028042,0
81.4987,0,81483116875,15559036,0
81.5012,1,81485639881,15559036,0
81.5037,2,81488475887,15246036,0
81.5166,0,81498675911,17959248,0
81.5195,1,81501198917,18272248,0
81.522,2,81503721923,18272248,0
81.5397,0,81516635159,23101054,0
81.5423,1,81519471165,22788054,0
81.5524,0,81539736213,12703024,0
81.5574,2,81521994171,35435072,0
81.5653,1,81542259219,22999242,0
81.5678,2,81557429243,10352224,0
81.5704,0,81552439237,17973236,0
81.5729,1,81565258461,7677018,0
81.5755,2,81567781467,7677018,0
81.5855,0,81570412473,15136030,0
81.5909,2,81575458485,15393030,0
81.5985,0,81585548503,12971030,0
81.601,1,81572935479,28107060,0
81.6038,2,81590851515,12931236,0
81.6139,1,81601042539,12866230,0
81.6164,2,81603782751,12649024,0
81.6244,0,81598519533,25892482,0
81.6269,1,81613908769,13026252,0
81.6371,0,81624412015,12649024,0
81.6396,1,81626935021,12649024,0
81.6421,2,81616431775,25675276,0
81.6497,0,81637061039,12651024,0
81.6547,2,81642107051,12595018,0
81.6676,0,81649712063,17840236,0
81.6701,1,81639584045,30491260,0
81.6726,2,81654702069,17896242,0
81.6853,0,81667552299,17704036,0
81.6878,1,81670075305,17704036,0
81.6903,2,81672598311,17704036,0
81.7033,1,81687779341,15503030,0
81.7161,0,81685256335,30892266,0
81.7187,1,81703282371,15389236,0
81.7212,2,81690302347,30892266,0
81.7342,0,81716148601,18019036,0
81.7367,1,81718671607,18019036,0
81.7392,2,81721194613,18019036,0
81.7469,0,81734167637,12732030,0
81.7519,2,81739213649,12676024,0
81.7573,0,81746899667,10352224,0
81.7622,2,81751889673,10352224,0
81.7649,0,81757251891,7621012,0
81.7674,1,81736690643,30705266,0
81.7699,2,81762241897,7677018,0
81.7776,0,81764872903,12678030,0
81.7801,1,81767395909,12678030,0
81.7826,2,81769918915,12678030,0
81.7928,0,81777550933,15219036,0
81.7956,1,81780073939,15532036,0
81.7981,2,81782596945,15532036,0
81.806,0,81792769969,13244236,0
81.8085,1,81795605975,12931236,0
81.8161,0,81806014205,10135018,0
81.8187,1,81808537211,10135018,0
81.8316,0,81816149223,15458030,0
81.8341,1,81818672229,15458030,0
81.8391,2,81798128981,41018284,0
81.8443,0,81831607253,12658024,0
81.8596,0,81844265277,15324230,0
81.8646,2,81839147265,25477248,0
81.8672,0,81859589507,7648012,0
81.8698,1,81834130259,35630266,0
81.8723,2,81864624513,7677018,0
81.8799,0,81867237519,12678030,0
81.8824,1,81869760525,12678030,0
81.885,2,81872301531,12678030,0
81.8926,0,81879915549,12705030,0
81.8979,2,81884979561,12962030,0
81.9033,0,81892620579,10665230,0
81.9058,1,81882438555,23370260,0
81.9109,2,81897941591,12922236,0
81.916,0,81903285809,12705030,0
81.921,2,81910863827,10144018,0
81.9236,0,81915990839,7621012,0
81.9261,1,81905808815,20326042,0
81.9315,2,81921007845,10486024,0
81.9366,0,81923611851,12991030,0
81.9391,1,81926134857,12991030,0
81.9417,2,81931493869,10173024,0
81.9467,0,81936602881,10135018,0
81.9493,1,81939125887,10135018,0
81.9518,2,81941666893,10117018,0
81.9571,0,81946737899,10390230,0
81.9597,1,81949260905,10390230,0
81.9622,2,81951783911,10390230,0
81.9673,0,81957128129,10173024,0
81.9698,1,81959651135,10173024,0
81.9723,2,81962174141,10173024,0
81.9775,0,81967301153,10173024,0
81.98,1,81969824159,10173024,0
81.9825,2,81972347165,10173024,0
81.9876,1,81979997183,7603012,0
81.9901,2,81982520189,7603012,0
81.9927,0,81977474177,15253030,0
81.9953,1,81987600195,7650018,0
81.9978,2,81990123201,7650018,0
82.0034,0,81992727207,10694230,0
82.0059,1,81995250213,10694230,0
82.0085,2,81997773219,10694230,0
82.0161,0,82003421437,12705030,0
82.0186,1,82005944443,12705030,0
82.0212,2,82008467449,12705030,0
82.0263,0,82016126467,10191024,0
82.0288,1,82018649473,10191024,0
82.0392,1,82028840497,10374012,0
82.0417,2,82021172479,20565036,0
82.0444,0,82026317491,18033030,0
82.0493,2,82041737515,7603012,0
82.0547,0,82044350521,10325224,0
82.0597,2,82049340527,10325224,0
82.0673,0,82054675745,12649024,0
82.0698,1,82039214509,30633266,0
82.0724,2,82059665751,12705030,0
82.085,0,82067324769,17677036,0
82.0875,1,82069847775,17677036,0
82.09,2,82072370781,17677036,0
82.1002,0,82085001805,15246036,0
82.1109,0,82100247841,10618218,0
82.1134,1,82087524811,25864254,0
82.1159,2,82090047817,25864254,0
82.121,1,82113389065,7603012,0
82.1235,2,82115912071,7603012,0
82.1311,0,82110866059,20281042,0
82.134,1,82120992077,12991030,0
82.1365,2,82123515083,12991030,0
82.1467,0,82131147101,15532036,0
82.1492,1,82133983107,15219036,0
82.1517,2,82136506113,15219036,0
82.1621,0,82146679137,15445242,0
82.1646,1,82149202143,15445242,0
82.1672,2,82151725149,15445242,0
82.1823,2,82167170391,15116024,0
82.19,0,82162124379,27830054,0
82.1925,1,82164647385,27830054,0
82.195,2,82182286415,12714030,0
82.2056,2,82195000445,10609224,0
82.2082,0,82189954433,18268242,0
82.2107,1,82192477439,18268242,0
82.2133,2,82205609669,7659018,0
82.2159,0,82208222675,7650018,0
82.2184,1,82210745681,7650018,0
82.2209,2,82213268687,7650018,0
82.226,0,82215872693,10164024,0
82.2286,1,82218395699,10164024,0
82.2311,2,82220918705,10164024,0
82.2365,0,82226036717,10486024,0
82.239,1,82228559723,10486024,0
82.2416,2,82231082729,10486024,0
82.2517,0,82236522741,15201036,0
82.2567,2,82241568753,15145030,0
82.2671,0,82251723777,15389236,0
82.2696,1,82239045747,30590272,0
82.2722,2,82256713783,15445242,0
82.2924,1,82269636019,22714048,0
82.2949,2,82272159025,22714048,0
82.3053,0,82267113013,38204290,0
82.3082,1,82292350067,15803242,0
82.3107,2,82294873073,15803242,0
82.3284,1,82308153309,20218042,0
82.3309,2,82310676315,20218042,0
82.3361,0,82305317303,30758066,0
82.3389,1,82328371351,10540024,0
82.3414,2,82330894357,10540024,0
82.3491,0,82336075369,13000030,0
82.3516,1,82338911375,12687030,0
82.3644,0,82349075399,15326230,0
82.3669,1,82351598405,15326230,0
82.3694,2,82341434381,28013260,0
82.3746,0,82364401629,10200024,0
82.3771,1,82366924635,10200024,0
82.3796,2,82369447641,10200024,0
82.3897,0,82374601653,15145030,0
82.3923,1,82377124659,15145030,0
82.3948,2,82379647665,15145030,0
82.4077,0,82389746683,17959248,0
82.413,2,82394792695,18216242,0
82.4182,0,82407705931,10475018,0
82.4232,2,82413008937,10162018,0
82.4258,0,82418180949,7603012,0
82.4308,2,82423170955,7603012,0
82.4333,1,82392269689,41027284,0
82.4384,0,82425783961,12622024,0
82.4413,2,82430773967,10477024,0
82.4488,1,82433296973,15510024,0
82.4514,2,82441250991,10151012,0
82.4564,0,82438405985,17986024,0
82.4617,2,82451402003,10307224,0
82.4642,1,82448806997,15425236,0
82.4668,0,82456392009,10390230,0
82.4744,2,82461709227,12705030,0
82.4769,1,82464232233,12705030,0
82.4795,0,82466782239,12705030,0
82.4896,2,82474414257,15219036,0
82.4947,0,82479487269,15163030,0
82.505,2,82489633293,15389236,0
82.5075,1,82476937263,30608272,0
82.5101,0,82494650299,15445242,0
82.523,1,82507545535,15503030,0
82.5256,0,82510095541,15503030,0
82.5307,2,82505022529,25703054,0
82.5332,1,82523048565,10200024,0
82.5383,2,82530725583,7603012,0
82.5409,1,82533248589,7603012,0
82.5462,0,82525598571,20630042,0
82.5513,2,82538328595,12991030,0
82.5541,1,82540851601,13208236,0
82.5566,0,82546228613,10390230,0
82.5642,2,82551319625,12866230,0
82.5667,1,82554059837,12649024,0
82.5718,0,82556618843,15145030,0
82.5769,2,82564185855,12705030,0
82.5794,1,82566708861,12705030,0
82.587,2,82576890885,10135018,0
82.5895,1,82579413891,10135018,0
82.5921,0,82571763873,20335042,0
82.5947,2,82587025903,7659018,0
82.5972,1,82589548909,7659018,0
82.6075,2,82594684921,12839230,0
82.61,1,82597207927,12839230,0
82.6126,0,82592098915,20489248,0
82.6256,2,82607524151,18055042,0
82.6281,1,82610047157,18055042,0
82.6357,0,82612588163,23083054,0
82.6462,2,82625579193,20587048,0
82.6487,1,82628102199,20587048,0
82.6513,0,82635671217,15586036,0
82.6566,2,82646166241,10444230,0
82.6616,0,82651257253,10361224,0
82.6692,2,82656610471,12631024,0
82.6718,1,82648689247,23075254,0
82.6743,0,82661618477,12687030,0
82.6844,1,82671764501,12649024,0
82.687,0,82674305507,12649024,0
82.6971,2,82669241495,27868060,0
82.6996,1,82684413525,15219036,0
82.7022,0,82686954531,15219036,0
82.71,2,82697109555,12931236,0
82.7126,1,82699632561,12931236,0
82.7151,0,82702173567,12931236,0
82.7256,2,82710040791,15541036,0
82.7281,1,82712563797,15541036,0
82.7306,0,82715104803,15541036,0
82.7358,2,82725581827,10200024,0
82.7383,1,82728104833,10200024,0
82.7434,2,82735781851,7603012,0
82.7459,1,82738304857,7603012,0
82.7513,2,82743384863,7907012,0
82.754,1,82745907869,8124218,0
82.7566,0,82730645839,25927254,0
82.7592,2,82751291875,7867224,0
82.7617,1,82754032087,7650018,0
82.7642,0,82756573093,7650018,0
82.7693,2,82759159099,10164024,0
82.7743,0,82764223111,10108018,0
82.7794,2,82769323123,10117018,0
82.7844,0,82774331129,10117018,0
82.7921,2,82779440141,12631024,0
82.7946,1,82761682105,32912066,0
82.7996,0,82784448147,15201036,0
82.8075,1,82794594171,12866230,0
82.81,0,82799649183,10361224,0
82.8151,2,82792071165,23057254,0
82.8177,1,82807460401,10191024,0
82.8205,0,82810010407,10486024,0
82.8256,2,82815128419,10486024,0
82.8281,1,82817651425,10486024,0
82.8307,0,82820496431,10173024,0
82.8383,2,82825614443,12687030,0
82.8408,1,82828137449,12687030,0
82.8434,0,82830669455,12687030,0
82.8485,2,82838301473,10191024,0
82.8513,1,82840824479,10504024,0
82.8541,0,82843356485,10721230,0
82.8617,2,82848492497,13217236,0
82.8642,1,82851328503,12904236,0
82.8668,0,82854077715,12687030,0
82.8719,2,82861709733,10191024,0
82.8769,0,82866764745,10135018,0
82.8845,2,82871900757,12631024,0
82.8871,1,82864232739,22822048,0
82.8896,0,82876899763,12687030,0
82.8998,2,82884531781,15219036,0
82.9023,1,82887054787,15219036,0
82.905,0,82889586793,15436242,0
82.9102,2,82899750817,10417230,0
82.9127,1,82902273823,10417230,0
82.9152,0,82905023035,10218024,0
82.9257,2,82910168047,15532036,0
82.9282,1,82912691053,15532036,0
82.9384,2,82925700083,12658024,0
82.9409,1,82928223089,12658024,0
82.9434,0,82915241059,28172060,0
82.9511,2,82938358107,12705030,0
82.9566,0,82943413119,13179230,0
82.9667,1,82940881113,25828254,0
82.9692,0,82956592349,12649024,0
82.9744,2,82951063137,23314248,0
82.9769,1,82966709367,10191024,0
82.9794,0,82969241373,10191024,0
82.9896,2,82974377385,15201036,0
82.9921,1,82976900391,15201036,0
82.9971,0,82979432397,17715042,0
83.0101,2,82989578421,20473254,0
83.0126,1,82992101427,20473254,0
83.0176,0,82997147439,20491254,0
83.0307,2,83010051675,20614048,0
83.0332,1,83012574681,20614048,0
83.0357,0,83017638693,18100042,0
83.0408,2,83030665723,10171018,0
83.0484,0,83035738735,12620018,0
83.0537,2,83040836741,12848230,0
83.0565,1,83033188729,23332248,0
83.0616,0,83048358753,13235236,0
83.0667,2,83053684971,13018030,0
83.0692,1,83056520977,12705030,0
83.0718,0,83061593989,10191024,0
83.0769,2,83066703001,10191024,0
83.0794,1,83069226007,10191024,0
83.0895,2,83076894025,12631024,0
83.092,1,83079417031,12631024,0
83.0946,0,83071785013,22804048,0
83.0997,2,83089525049,10191024,0
83.1022,1,83092048055,10191024,0
83.105,0,83094589061,10408230,0
83.1101,2,83099716073,10390230,0
83.1126,1,83102239079,10390230,0
83.1202,0,83104997291,15219036,0
83.1281,1,83112629309,15476036,0
83.1307,0,83120216327,10457024,0
83.1333,2,83110106303,23162054,0
83.1358,1,83128105345,7686018,0
83.1408,0,83130673351,10173024,0
83.1459,2,83133268357,12678030,0
83.1485,1,83135791363,12678030,0
83.1616,2,83145946387,15693236,0
83.1642,1,83148469393,15693236,0
83.1692,0,83140846375,28380266,0
83.1768,1,83164162629,12658024,0
83.1794,0,83169226641,10144018,0
83.1845,2,83161639623,22849048,0
83.187,1,83176820653,10191024,0
83.1971,1,83187011677,10061012,0
83.1996,0,83179370659,20234036,0
83.2022,2,83184488671,17720030,0
83.2074,0,83199604695,7820218,0
83.2125,2,83202208701,10325224,0
83.2151,1,83197072689,17984242,0
83.2176,0,83207424913,10173024,0
83.2227,2,83212533925,10191024,0
83.2252,1,83215056931,10191024,0
83.2278,0,83217597937,10173024,0
83.2332,2,83222724949,10486024,0
83.2357,1,83225247955,10486024,0
83.2408,2,83233210973,7603012,0
83.2458,0,83227770961,18033030,0
83.2484,2,83240813985,7594012,0
83.2509,1,83235733979,15197024,0
83.2616,2,83248407997,13152230,0
83.2641,1,83250931003,13152230,0
83.2666,0,83245803991,20802248,0
83.2718,2,83261560227,10200024,0
83.2743,1,83264083233,10200024,0
83.2768,0,83266606239,10200024,0
83.2869,2,83271760251,15145030,0
83.2894,1,83274283257,15145030,0
83.3021,2,83286905281,15172030,0
83.3071,0,83276806263,30261054,0
83.315,2,83302077311,12875230,0
83.3175,1,83289428287,28047260,0
83.3301,1,83317475547,12593018,0
83.3355,2,83314952541,20527030,0
83.338,1,83330068565,7934012,0
83.3405,0,83307067317,33458266,0
83.3456,2,83335479571,10108018,0
83.3481,1,83338002577,10108018,0
83.3506,0,83340525583,10108018,0
83.3535,2,83345587589,7876224,0
83.356,1,83348110595,7876224,0
83.3585,0,83350633601,7876224,0
83.3611,2,83353463813,7659018,0
83.364,1,83355986819,7972018,0
83.3665,0,83358509825,7972018,0
83.3716,1,83363958837,7594012,0
83.3741,0,83366481843,7594012,0
83.3842,2,83361122831,23099048,0
83.3867,1,83371552849,15192036,0
83.3893,0,83374075855,15192036,0
83.3969,2,83384221879,12714030,0
83.3995,1,83386744885,12714030,0
83.402,0,83389267891,12714030,0
83.4098,1,83399458915,10352224,0
83.4123,0,83401981921,10352224,0
83.4175,2,83396935909,20543248,0
83.42,1,83409811139,10191024,0
83.4225,0,83412334145,10191024,0
83.4327,2,83417479157,15201036,0
83.4355,1,83420002163,15514036,0
83.438,0,83422525169,15514036,0
83.4432,2,83432680193,10513024,0
83.4457,1,83435516199,10200024,0
83.4482,0,83438039205,10200024,0
83.4536,2,83443193217,10390230,0
83.4561,1,83445716223,10390230,0
83.4586,0,83448239229,10390230,0
83.4666,2,83453583447,13018030,0
83.4691,1,83456106453,13018030,0
83.4716,0,83458629459,13018030,0
83.4793,1,83469124483,10135018,0
83.4818,0,83471647489,10135018,0
83.4919,2,83466601477,25336054,0
83.4945,1,83479259501,15201036,0
83.497,0,83481782507,15201036,0
83.5021,2,83491937531,10200024,0
83.5047,1,83494460537,10200024,0
83.515,2,83502137555,12848230,0
83.5175,1,83504660561,12848230,0
83.52,0,83496983543,23048254,0
83.5277,2,83514985785,12714030,0
83.5302,1,83517508791,12714030,0
83.5327,0,83520031797,12714030,0
83.5382,2,83527699815,10504024,0
83.5407,1,83530222821,10504024,0
83.5432,0,83532745827,10504024,0
83.5484,2,83538203839,10173024,0
83.5509,1,83540726845,10173024,0
83.5534,0,83543249851,10173024,0
83.5587,2,83548376863,10334224,0
83.5612,1,83550899869,10334224,0
83.5638,0,83553422875,10334224,0
83.5664,2,83558711087,7677018,0
83.5692,1,83561234093,7990018,0
83.5743,2,83566388105,7907012,0
83.5768,1,83569224111,7594012,0
83.5793,0,83563757099,15584030,0
83.5845,2,83574295117,10164024,0
83.587,1,83576818123,10164024,0
83.5921,2,83584459141,7603012,0
83.5946,1,83586982147,7603012,0
83.5971,0,83579341129,17767036,0
83.5997,2,83592062153,7650018,0
83.6022,1,83594585159,7650018,0
83.6048,0,83597108165,7650018,0
83.6126,2,83599712171,12895236,0
83.6176,0,83604758183,12839230,0
83.6202,2,83612607407,7630012,0
83.6228,1,83602235177,20525248,0
83.6253,0,83617597413,7686018,0
83.6279,2,83620237419,7650018,0
83.6304,1,83622760425,7650018,0
83.6329,0,83625283431,7650018,0
83.6381,2,83627887437,10164024,0
83.6409,1,83630410443,10477024,0
83.6434,0,83632933449,10477024,0
83.6485,2,83638051461,10486024,0
83.6511,1,83640887467,10173024,0
83.6538,0,83643410473,10390230,0
83.6614,1,83651060491,10334224,0
83.6639,0,83653800703,10117018,0
83.6665,2,83648537485,17993242,0
83.6691,1,83661394715,7659018,0
83.6719,0,83663917721,7972018,0
83.6795,2,83666530727,12991030,0
83.682,1,83669053733,12991030,0
83.6846,0,83671889739,12678030,0
83.6897,2,83679521757,10191024,0
83.6922,1,83682044763,10191024,0
83.6948,0,83684567769,10191024,0
83.6999,2,83689712781,10173024,0
83.7051,0,83694758793,10334224,0
83.7077,2,83699885805,7820218,0
83.7102,1,83692235787,17993242,0
83.7128,0,83705093017,7659018,0
83.7178,1,83710229029,7594012,0
83.7203,0,83712752035,7594012,0
83.723,2,83707706023,15244030,0
83.7255,1,83717823041,7650018,0
83.728,0,83720346047,7650018,0
83.7306,2,83722950053,7650018,0
83.7331,1,83725473059,7650018,0
83.7356,0,83727996065,7650018,0
83.7383,2,83730600071,7650018,0
83.7411,1,83733123077,7963018,0
83.7436,0,83735646083,7963018,0
83.7487,2,83738250089,10477024,0
83.7513,1,83741086095,10164024,0
83.7538,0,83743609101,10164024,0
83.7591,2,83748727113,10390230,0
83.7616,1,83751250119,10390230,0
83.7642,0,83753773125,10390230,0
83.7718,2,83759117343,12687030,0
83.7746,1,83761640349,13000030,0
83.7772,0,83764163355,13000030,0
83.7873,1,83774640379,12649024,0
83.7898,0,83777163385,12649024,0
83.795,2,83771804373,23153048,0
83.7975,1,83787289403,10191024,0
83.8,0,83789812409,10191024,0
83.8104,2,83794957421,15418242,0
83.8129,1,83797480427,15418242,0
83.8205,2,83810375663,10144018,0
83.823,1,83812898669,10144018,0
83.8256,0,83800003433,25562260,0
83.8307,2,83820519681,10173024,0
83.8332,1,83823042687,10173024,0
83.8357,0,83825565693,10173024,0
83.8437,2,83830692705,13000030,0
83.8462,1,83833215711,13000030,0
83.8487,0,83835738717,13000030,0
83.8541,2,83843692735,10408230,0
83.8566,1,83846215741,10408230,0
83.8591,0,83848738747,10408230,0
83.8693,1,83856623971,12649024,0
83.8718,0,83859146977,12649024,0
83.8773,2,83854100965,23153048,0
83.8798,1,83869272995,10504024,0
83.8823,0,83871796001,10504024,0
83.8874,2,83877254013,10173024,0
83.89,1,83879777019,10173024,0
83.8925,0,83882300025,10173024,0
83.9001,2,83887427037,12687030,0
83.9026,1,83889950043,12687030,0
83.9054,0,83892473049,12904236,0
83.9105,2,83900114067,10408230,0
83.913,1,83902637073,10408230,0
83.9156,0,83905377285,10191024,0
83.9232,1,83913045303,10117018,0
83.9257,0,83915568309,10117018,0
83.9283,2,83910522297,17776036,0
83.9308,1,83923162321,7659018,0
83.9333,0,83925685327,7659018,0
83.9385,2,83928298333,10164024,0
83.941,1,83930821339,10164024,0
83.9435,0,83933344345,10164024,0
83.9515,2,83938462357,13000030,0
83.9618,2,83951462387,10296218,0
83.9643,1,83940985363,23296248,0
83.9694,2,83961758605,7603012,0
83.9719,1,83964281611,7603012,0
83.9744,0,83943508369,30899260,0
83.9773,2,83969361617,7963018,0
83.9798,1,83971884623,7963018,0
83.9824,0,83974407629,7963018,0
83.9875,2,83977324635,10164024,0
83.99,1,83979847641,10164024,0
83.9951,2,83987488659,7603012,0
83.9976,1,83990011665,7603012,0
84.0001,0,83982370647,17767036,0
84.003,2,83995091671,7867224,0
84.0055,1,83997614677,7867224,0
84.0131,2,84002958895,10117018,0
84.0156,1,84005481901,10117018,0
84.0181,0,84000137683,17984242,0
84.0232,2,84013075913,10173024,0
84.0258,1,84015598919,10173024,0
84.0283,0,84018121925,10173024,0
84.0359,2,84023248937,12687030,0
84.0385,1,84025771943,12687030,0
84.041,0,84028294949,12687030,0
84.0489,1,84038458973,10448024,0
84.0514,0,84040981979,10448024,0
84.0543,2,84035935967,18324248,0
84.0568,1,84048906997,7876224,0
84.0593,0,84051430003,7876224,0
84.0619,2,84054260215,7659018,0
84.0644,1,84056783221,7659018,0
84.067,0,84059306227,7659018,0
84.0721,2,84061919233,10164024,0
84.0746,1,84064442239,10164024,0
84.0771,0,84066965245,10164024,0
84.0826,2,84072083257,10486024,0
84.0851,1,84074606263,10486024,0
84.0876,0,84077129269,10486024,0
84.0952,1,84085092287,10117018,0
84.0977,0,84087615293,10117018,0
84.1003,2,84082569281,17776036,0
84.1029,1,84095209305,7659018,0
84.1056,0,84097732311,7876224,0
84.1132,2,84100345317,12895236,0
84.1158,1,84102868323,12895236,0
84.1183,0,84105608535,12678030,0
84.1259,2,84113240553,12705030,0
84.1285,1,84115763559,12705030,0
84.131,0,84118286565,12705030,0
84.1361,2,84125945583,10191024,0
84.1387,1,84128468589,10191024,0
84.1412,0,84130991595,10191024,0
84.1463,2,84136136607,10173024,0
84.1488,1,84138659613,10173024,0
84.1517,0,84141182619,10486024,0
84.162,2,84146309631,15731242,0
84.1646,1,84148832637,15731242,0
84.1671,0,84151668643,15418242,0
84.1723,2,84162040873,10218024,0
84.1772,0,84167086885,10162018,0
84.1799,2,84172258897,7603012,0
84.1827,1,84164563879,18134036,0
84.1852,0,84177248903,7972018,0
84.1878,2,84179861909,7963018,0
84.1903,1,84182697915,7650018,0
84.1929,0,84185220921,7650018,0
84.198,2,84187824927,10164024,0
84.2005,1,84190347933,10164024,0
84.2033,0,84192870939,10381230,0
84.2084,2,84197988951,10390230,0
84.2109,1,84200511957,10390230,0
84.2134,0,84203252169,10173024,0
84.2211,2,84208379181,12687030,0
84.2261,0,84213425193,12631024,0
84.2312,2,84221066211,10135018,0
84.2337,1,84210902187,22822048,0
84.2388,2,84231201229,7603012,0
84.2413,1,84233724235,7603012,0
84.2464,2,84238804241,7594012,0
84.2489,1,84241327247,7594012,0
84.2514,0,84226056217,25388048,0
84.2546,2,84246398253,8180224,0
84.2571,1,84248921259,8180224,0
84.2596,0,84251444265,8180224,0
84.2647,1,84257101483,7603012,0
84.2672,0,84259624489,7603012,0
84.2698,2,84254578477,15253030,0
84.2724,1,84264704495,7650018,0
84.2749,0,84267227501,7650018,0
84.2775,2,84269831507,7650018,0
84.28,1,84272354513,7650018,0
84.2825,0,84274877519,7650018,0
84.2854,2,84277481525,7963018,0
84.288,1,84280004531,7963018,0
84.2905,0,84282527537,7963018,0
84.2931,2,84285444543,7650018,0
84.2956,1,84287967549,7650018,0
84.2981,0,84290490555,7650018,0
84.3007,2,84293094561,7650018,0
84.3057,0,84298140573,7594012,0
84.3111,2,84300744579,10325224,0
84.3136,1,84295617567,17975242,0
84.3161,0,84305734585,10381230,0
84.3213,2,84311069803,10191024,0
84.3238,1,84313592809,10191024,0
84.3263,0,84316115815,10191024,0
84.3339,2,84321260827,12687030,0
84.3365,1,84323783833,12687030,0
84.339,0,84326306839,12687030,0
84.3441,2,84333947857,10191024,0
84.3467,1,84336470863,10191024,0
84.3492,0,84338993869,10191024,0
84.3545,2,84344138881,10390230,0
84.3574,1,84346661887,10703230,0
84.3599,0,84349184893,10703230,0
84.365,2,84354529111,10486024,0
84.3675,1,84357365117,10173024,0
84.3701,0,84359888123,10173024,0
84.3752,2,84365015135,10173024,0
84.3777,1,84367538141,10173024,0
84.3802,0,84370061147,10173024,0
84.3906,2,84375188159,15458030,0
84.3932,1,84377711165,15458030,0
84.3957,0,84380234171,15458030,0
84.3983,2,84390646189,7686018,0
84.4009,1,84393169195,7686018,0
84.4034,0,84395692201,7686018,0
84.4062,2,84398332207,7867224,0
84.4112,0,84403378219,7811218,0
84.4163,2,84406199431,10108018,0
84.4188,1,84400855213,17975242,0
84.4214,0,84411189437,10164024,0
84.4265,2,84416307449,10173024,0
84.429,1,84418830455,10173024,0
84.4315,0,84421353461,10173024,0
84.4367,2,84426480473,10173024,0
84.4416,0,84431526485,10117018,0
84.4493,2,84436653497,12631024,0
84.4518,1,84429003479,22804048,0
84.4545,0,84441643503,12904236,0
84.46,2,84449284521,10721230,0
84.4625,1,84451807527,10721230,0
84.4651,0,84454547739,10504024,0
84.4752,1,84462528757,12631024,0
84.4777,0,84465051763,12631024,0
84.4828,1,84475159781,7621012,0
84.4853,0,84477682787,7621012,0
84.4879,2,84460005751,27902054,0
84.4907,1,84482780793,7963018,0
84.4933,0,84485303799,7963018,0
84.4959,2,84487907805,7963018,0
84.4984,1,84490743811,7650018,0
84.5009,0,84493266817,7650018,0
84.5063,2,84495870823,10381230,0
84.5088,1,84498393829,10381230,0
84.5113,0,84500916835,10381230,0
84.519,2,84506252053,12705030,0
84.5239,0,84511298065,12649024,0
84.5316,2,84518957083,12649024,0
84.5341,1,84508775059,25354054,0
84.5367,0,84523947089,12705030,0
84.5418,2,84531606107,10191024,0
84.5443,1,84534129113,10191024,0
84.5468,0,84536652119,10191024,0
84.552,2,84541797131,10173024,0
84.5572,0,84546843143,10334224,0
84.5626,2,84551970155,10658860,0
84.5676,0,84557177367,10441654,0
84.5703,2,84562629015,7621012,0
84.5728,1,84544320137,28452896,0
84.5753,0,84567619021,7677018,0
84.5779,2,84570250027,7650018,0
84.5804,1,84572773033,7650018,0
84.5829,0,84575296039,7650018,0
84.5906,2,84577900045,12678030,0
84.5934,1,84580423051,12991030,0
84.6038,2,84590578075,13179230,0
84.6063,1,84593414081,12866230,0
84.6088,0,84582946057,25857260,0
84.6165,2,84603757305,12714030,0
84.619,1,84606280311,12714030,0
84.6215,0,84608803317,12714030,0
84.6291,1,84618994341,10135018,0
84.6317,0,84621517347,10135018,0
84.6393,2,84616471335,22822048,0
84.6418,1,84629129359,12687030,0
84.6443,0,84631652365,12687030,0
84.652,1,84641816389,10135018,0
84.6598,2,84639293383,20469242,0
84.6626,1,84651951407,10647224,0
84.6651,0,84644339395,20782242,0
84.6752,0,84665121637,10081012,0
84.6778,2,84659762625,18053030,0
84.6803,1,84662598631,17740030,0
84.6829,0,84675202649,7659018,0
84.6929,0,84682861667,10054012,0
84.6958,2,84677815655,18026030,0
84.6984,1,84680338661,18026030,0
84.7009,0,84692915679,7972018,0
84.7037,2,84695841685,7867224,0
84.7062,1,84698364691,7867224,0
84.7088,0,84700887697,7867224,0
84.7139,2,84703708909,10164024,0
84.7164,1,84706231915,10164024,0
84.7189,0,84708754921,10164024,0
84.724,2,84713872933,10173024,0
84.729,0,84718918945,10117018,0
84.7316,2,84724045957,7603012,0
84.7342,1,84716395939,17776036,0
84.7367,0,84729035963,7659018,0
84.7443,1,84734171975,10108018,0
84.7468,0,84736694981,10108018,0
84.7519,2,84731648969,20281042,0
84.7569,0,84746802999,10117018,0
84.7651,2,84751930011,13161230,0
84.7676,1,84744279993,23334254,0
84.7701,0,84756920017,13217236,0
84.7753,2,84765091241,10191024,0
84.7778,1,84767614247,10191024,0
84.7829,2,84775282265,7603012,0
84.7854,1,84777805271,7603012,0
84.7879,0,84770137253,17794036,0
84.7905,2,84782885277,7650018,0
84.7931,1,84785408283,7650018,0
84.7956,0,84787931289,7650018,0
84.801,2,84790535295,10477024,0
84.8038,1,84793058301,10694230,0
84.8063,0,84795581307,10694230,0
84.8164,2,84801012319,15418242,0
84.819,1,84803752531,15201036,0
84.8215,0,84806275537,15201036,0
84.8342,2,84816430561,17742042,0
84.8392,0,84821476573,17686036,0
84.8443,2,84834172603,10162018,0
84.8493,0,84839162609,10162018,0
84.8547,2,84844334621,10334224,0
84.8572,1,84818953567,38238284,0
84.8597,0,84849324627,10390230,0
84.8677,2,84854668845,13018030,0
84.8702,1,84857191851,13018030,0
84.8753,2,84867686875,7621012,0
84.8803,0,84859714857,20583036,0
84.8854,1,84870209881,15159018,0
84.8879,0,84880297893,7594012,0
84.8905,2,84875307887,15188024,0
84.893,1,84885368899,7650018,0
84.8955,0,84887891905,7650018,0
84.8981,2,84890495911,7650018,0
84.901,1,84893018917,7963018,0
84.9035,0,84895541923,7963018,0
84.9088,2,84898145929,10694230,0
84.9114,1,84900981935,10381230,0
84.9139,0,84903504941,10381230,0
84.9215,2,84908840159,12687030,0
84.9241,1,84911363165,12687030,0
84.9266,0,84913886171,12687030,0
84.9342,2,84921527189,12705030,0
84.9368,1,84924050195,12705030,0
84.9393,0,84926573201,12705030,0
84.9469,1,84936755225,10135018,0
84.9494,0,84939278231,10135018,0
84.9548,2,84934232219,20525248,0
84.9573,1,84946890243,10390230,0
84.9624,2,84954757467,7621012,0
84.9649,1,84957280473,7621012,0
84.9674,0,84949413249,18011242,0
84.9703,2,84962378479,7963018,0
84.9753,0,84967424491,7907012,0
84.9804,2,84970341497,10108018,0
84.983,1,84964901485,18071036,0
84.9855,0,84975331503,10164024,0
84.9906,2,84980449515,10173024,0
84.9931,1,84982972521,10173024,0
84.9957,0,84985495527,10173024,0
85.0064,2,84990622539,15731242,0
85.0113,0,84995668551,15675236,0
85.0165,2,85006353781,10162018,0
85.019,1,84993145545,25893260,0
85.0216,0,85011343787,10218024,0
85.0317,2,85016515799,15201036,0
85.0342,1,85019038805,15201036,0
85.0494,2,85031716835,17686036,0
85.0519,1,85034239841,17686036,0
85.0547,0,85021561811,33104278,0
85.0623,2,85049402871,12893230,0
85.0648,1,85051925877,12893230,0
85.0673,0,85054666089,12676024,0
85.0803,1,85064819107,15476030,0
85.0828,0,85067342113,15476030,0
85.093,2,85062296101,30704066,0
85.098,0,85082818143,15172030,0
85.1037,2,85093000167,10674224,0
85.1062,1,85080295137,25902260,0
85.1138,2,85103674391,10135018,0
85.1188,0,85097990173,20809242,0
85.1214,2,85113809409,7603012,0
85.1239,1,85106197397,17738030,0
85.1315,2,85121412421,10108018,0
85.1365,0,85118799415,17711030,0
85.1391,2,85131520439,7603012,0
85.1416,1,85123935427,17711030,0
85.1442,0,85136510445,7659018,0
85.1518,2,85139123451,12678030,0
85.1543,1,85141646457,12678030,0
85.1571,0,85144169463,12895236,0
85.1672,2,85151801481,15436242,0
85.1722,0,85157064699,15163030,0
85.1827,2,85167237723,15485030,0
85.1852,1,85154324487,30921272,0
85.1878,0,85172227729,15541036,0
85.2032,2,85182722753,20473254,0
85.206,1,85185245759,20786254,0
85.2162,2,85203196007,12998024,0
85.2187,1,85206032013,12685024,0
85.2212,0,85187768765,33471278,0
85.2289,1,85218717037,10135018,0
85.239,2,85216194031,22766042,0
85.244,0,85221240043,22710036,0
85.2491,2,85238960073,10135018,0
85.2516,1,85228852055,22766042,0
85.2594,2,85249095091,10334224,0
85.262,1,85251618097,10334224,0
85.2645,0,85243950079,20525248,0
85.2721,2,85259429315,12705030,0
85.2747,1,85261952321,12705030,0
85.2775,0,85264475327,13018030,0
85.2852,2,85272134345,13018030,0
85.2877,1,85274657351,13018030,0
85.3028,2,85285152375,17677036,0
85.3056,1,85287675381,17894242,0
85.3084,0,85277493357,30912272,0
85.3211,1,85305569623,15503030,0
85.3236,0,85308405629,15190030,0
85.3313,2,85302829411,28434266,0
85.3338,1,85321072653,12714030,0
85.3363,0,85323595659,12714030,0
85.3414,2,85331263677,10135018,0
85.3439,1,85333786683,10135018,0
85.3464,0,85336309689,10135018,0
85.3491,2,85341398695,7659018,0
85.3516,1,85343921701,7659018,0
85.3569,2,85349057713,7811218,0
85.3594,1,85351580719,7811218,0
85.3619,0,85346444707,15470236,0
85.367,2,85356868931,10164024,0
85.3696,1,85359391937,10164024,0
85.3721,0,85361914943,10164024,0
85.3825,2,85367032955,15514036,0
85.3851,1,85369555961,15514036,0
85.3876,0,85372078967,15514036,0
85.4003,2,85382546991,17742042,0
85.421,2,85400289033,20692242,0
85.4235,1,85385069997,38434284,0
85.4337,2,85420981275,12685024,0
85.4362,1,85423504281,12685024,0
85.4387,0,85387593003,51119308,0
85.4514,1,85436189305,15163030,0
85.4539,0,85438712311,15163030,0
85.4618,2,85433666299,28094266,0
85.4643,1,85451352335,12931236,0
85.4668,0,85453875341,12931236,0
85.4769,1,85464283571,12649024,0
85.4795,0,85466806577,12649024,0
85.4874,2,85461760565,25667054,0
85.49,1,85476932595,13018030,0
85.4925,0,85479455601,13018030,0
85.5078,1,85489950625,17894242,0
85.5104,0,85492473631,17894242,0
85.5184,2,85487427619,30948272,0
85.5209,1,85507844867,13054030,0
85.5285,2,85518375891,10135018,0
85.531,1,85520898897,10135018,0
85.5336,0,85510367873,23189048,0
85.5437,2,85528510909,15201036,0
85.5462,1,85531033915,15201036,0
85.5566,2,85543711945,12875230,0
85.5616,0,85533556921,28020260,0
85.5718,2,85556587175,15172030,0
85.5743,1,85546234951,28047260,0
85.5768,0,85561577181,15228036,0
85.5847,1,85574282211,10457024,0
85.5873,0,85576805217,10457024,0
85.5949,2,85571759205,23144054,0
85.5974,1,85584739235,12687030,0
85.5999,0,85587262241,12687030,0
85.6053,2,85594903259,10408230,0
85.6078,1,85597426265,10408230,0
85.6104,0,85599949271,10408230,0
85.6183,1,85607834495,10448018,0
85.6259,2,85605311489,20565036,0
85.6284,1,85618282513,10117018,0
85.6309,0,85610357501,20565036,0
85.6386,2,85625876525,12687030,0
85.6411,1,85628399531,12687030,0
85.6436,0,85630922537,12687030,0
85.6488,2,85638563555,10191024,0
85.6537,0,85643609567,10135018,0
85.6566,2,85648754579,7820218,0
85.6591,1,85641086561,18011242,0
85.6616,0,85653744585,7876224,0
85.6693,2,85656574797,12687030,0
85.6718,1,85659097803,12687030,0
85.6794,2,85669261827,10135018,0
85.6819,1,85671784833,10135018,0
85.6844,0,85661620809,22822048,0
85.6949,2,85679396845,15514036,0
85.6999,0,85684442857,15458030,0
85.7127,1,85681919851,30735254,0
85.7152,0,85699900887,15277224,0
85.7232,2,85694910881,28266248,0
85.7282,0,85715178111,12989024,0
85.7308,2,85723177129,7621012,0
85.7333,1,85712655105,20666042,0
85.7358,0,85728167135,7677018,0
85.741,2,85730798141,10164024,0
85.7435,1,85733321147,10164024,0
85.746,0,85735844153,10164024,0
85.7511,2,85740962165,10173024,0
85.7561,0,85746008177,10117018,0
85.764,2,85751135189,12848230,0
85.7665,1,85743485171,23021254,0
85.769,0,85756125195,12904236,0
85.7741,2,85763983419,10135018,0
85.7766,1,85766506425,10135018,0
85.7792,0,85769029431,10135018,0
85.7868,2,85774118437,12687030,0
85.7896,1,85776641443,13000030,0
85.7922,0,85779164449,13000030,0
85.8075,1,85789641473,17894242,0
85.8101,0,85792164479,17894242,0
85.8206,2,85786805467,33766278,0
85.8256,0,85810058721,15503030,0
85.8307,2,85820571745,10088012,0
85.8332,1,85807535715,25647048,0
85.8357,0,85825561751,10144018,0
85.8408,2,85830659757,10173024,0
85.8434,1,85833182763,10173024,0
85.8459,0,85835705769,10173024,0
85.8562,1,85843355787,12848230,0
85.8663,2,85840832781,25506254,0
85.8689,1,85856204017,12658024,0
85.8714,0,85845878793,25506254,0
85.8841,2,85866339035,17733042,0
85.8944,2,85884072077,10363012,0
85.897,1,85868862041,28096054,0
85.8995,0,85871385047,28096054,0
85.9148,1,85896958095,17876242,0
85.9174,0,85899481101,17876242,0
85.9229,2,85894435089,28416266,0
85.9254,1,85914834337,10540024,0
85.9279,0,85917357343,10540024,0
85.933,2,85922851355,10173024,0
85.9355,1,85925374361,10173024,0
85.9381,0,85927897367,10173024,0
85.9432,2,85933024379,10173024,0
85.9482,0,85938070391,10117018,0
85.956,2,85943197403,12792224,0
85.9585,1,85935547385,22965248,0
85.961,0,85948187409,12848230,0
85.9637,2,85955989627,7677018,0
85.9662,1,85958512633,7677018,0
85.9687,0,85961035639,7677018,0
85.9813,1,85966189651,15136030,0
85.9838,0,85968712657,15136030,0
85.9915,1,85981325681,10144018,0
85.9943,0,85983848687,10457018,0
86.0019,1,85991469699,10430018,0
86.0046,0,85994305705,10334224,0
86.0072,2,85963666645,43532290,0
86.0123,1,86001899717,10390230,0
86.0148,0,86004639929,10173024,0
86.0199,2,86007198935,12687030,0
86.0278,1,86012289947,15514036,0
86.0303,0,86014812953,15514036,0
86.0354,2,86019885965,15532036,0
86.0405,1,86027803983,12714030,0
86.0481,2,86035418001,12658024,0
86.0534,1,86040518013,12866230,0
86.0559,0,86030326989,25580260,0
86.0585,2,86048076025,10408230,0
86.0661,1,86053384243,12714030,0
86.0686,0,86055907249,12714030,0
86.0762,2,86058484255,17733042,0
86.0838,1,86066098273,17733042,0
86.0864,0,86068621279,17733042,0
86.1019,1,86083831315,18019036,0
86.1121,2,86076217297,35866272,0
86.1172,1,86101850351,15351230,0
86.1197,0,86086354321,33370266,0
86.1248,2,86112083569,12759030,0
86.1302,1,86117201581,13045030,0
86.1328,0,86119724587,13045030,0
86.1379,2,86124842599,13018030,0
86.1454,1,86130246611,15163030,0
86.1479,0,86132769617,15163030,0
86.1505,2,86137860629,12649024,0
86.1533,1,86145409641,7903224,0
86.1558,0,86147932647,7903224,0
86.1609,2,86150509653,10408230,0
86.1659,0,86155835871,10108018,0
86.171,2,86160917883,10117018,0
86.1761,1,86153312865,22795048,0
86.1786,0,86165943889,12687030,0
86.1837,1,86176107913,7621012,0
86.1863,0,86178630919,7621012,0
86.1913,2,86171034901,20290042,0
86.1964,1,86183728925,12678030,0
86.1992,0,86186251931,12991030,0
86.2045,2,86191324943,13217236,0
86.2147,1,86196406955,18263248,0
86.2172,0,86199242961,17950248,0
86.2223,2,86204542179,17733042,0
86.2353,1,86214670203,20587048,0
86.2378,0,86217193209,20587048,0
86.2505,1,86235257251,15199030,0
86.2557,2,86222275221,33433272,0
86.2633,1,86250456281,12875230,0
86.2659,0,86237780257,28074260,0
86.2709,2,86255708493,15219036,0
86.2786,1,86263331511,15219036,0
86.2836,2,86270927529,12658024,0
86.2962,0,86265854517,30335060,0
86.3016,2,86283585553,17990036,0
86.3069,1,86278550547,28360260,0
86.317,2,86301575589,15409236,0
86.3196,1,86306910807,12660024,0
86.3221,0,86296189577,25904260,0
86.3325,1,86319570831,12962024,0
86.3401,2,86316984825,23106042,0
86.3427,1,86332532855,10135018,0
86.3452,0,86322093837,23097042,0
86.3502,2,86340090867,10135018,0
86.353,1,86342667873,10334224,0
86.3555,0,86345190879,10334224,0
86.3581,2,86350225885,7876224,0
86.3607,1,86353002097,7677018,0
86.3632,0,86355525103,7677018,0
86.3658,2,86358102109,7659018,0
86.3708,1,86360679115,10164024,0
86.3734,0,86363202121,10164024,0
86.3784,2,86365761127,12678030,0
86.381,1,86370843139,10173024,0
86.3835,0,86373366145,10173024,0
86.3886,2,86378439157,10191024,0
86.3912,1,86381016163,10173024,0
86.3987,2,86388630181,10117018,0
86.4013,1,86391189187,10117018,0
86.4094,2,86398747199,10647224,0
86.4145,1,86401306205,13161230,0
86.417,0,86383539169,33451272,0
86.4196,2,86409394423,10191024,0
86.4247,1,86414467435,10200024,0
86.4272,0,86416990441,10200024,0
86.4323,2,86419585447,12687030,0
86.4377,1,86424667459,13000030,0
86.4402,0,86427190465,13000030,0
86.4428,2,86432272477,10504024,0
86.4479,1,86437667489,10191024,0
86.4531,2,86442776501,10334224,0
86.4557,1,86447858513,7820218,0
86.4607,2,86453110725,7621012,0
86.4658,1,86455678731,10117018,0
86.4683,0,86440190495,28128260,0
86.4734,1,86465795749,7603012,0
86.4759,0,86468318755,7603012,0
86.4785,2,86460731737,17767036,0
86.481,1,86473398761,7650018,0
86.4836,0,86475921767,7650018,0
86.4861,2,86478498773,7650018,0
86.4912,1,86481048779,10164024,0
86.4937,0,86483571785,10164024,0
86.4988,2,86486148791,12678030,0
86.512,2,86498826821,13123230,0
86.5195,1,86491212803,28324266,0
86.5221,0,86493735809,28324266,0
86.5272,2,86511950051,15228036,0
86.5323,1,86519537069,12732030,0
86.5401,2,86527178087,12971030,0
86.5452,1,86532269099,12962030,0
86.5478,0,86522060075,25694060,0
86.5531,2,86540149117,12922236,0
86.5606,0,86547754135,12866230,0
86.5632,2,86553071353,10144018,0
86.5733,1,86545231129,28094266,0
86.5758,0,86560620365,15228036,0
86.5784,2,86563215371,15201036,0
86.5885,0,86575848401,12658024,0
86.5936,2,86578416407,15172030,0
86.5986,0,86588506425,10135018,0
86.6091,1,86573325395,35737066,0
86.6194,2,86593588437,25765248,0
86.6219,1,86609062461,12868230,0
86.6245,0,86598641443,25812254,0
86.6345,2,86619353685,15172030,0
86.6399,0,86624453697,15420030,0
86.6475,2,86634525715,12971030,0
86.6501,1,86621930691,28134060,0
86.6526,0,86639873727,12714030,0
86.6604,2,86647496745,12922236,0
86.668,0,86652587757,15380236,0
86.6731,2,86660418981,12649024,0
86.6806,0,86667967993,12658024,0
86.6832,2,86673068005,10135018,0
86.6933,1,86650064751,43257296,0
86.7009,2,86683203023,17659036,0
86.7141,1,86693322047,20730248,0
86.7166,0,86680626017,35949284,0
86.7266,2,86700862059,25776260,0
86.7368,1,86714052295,22741048,0
86.7393,0,86716575301,22741048,0
86.7473,2,86726638319,20623048,0
86.7551,1,86736793343,18317248,0
86.7576,0,86739316349,18317248,0
86.7652,2,86747261367,17986248,0
86.7729,1,86755110591,17769042,0
86.7804,2,86765247615,15199030,0
86.7906,1,86772879633,17704036,0
86.7931,0,86757633597,35473078,0
86.7957,2,86780446645,15228036,0
86.8035,1,86790583669,12949236,0
86.8061,0,86793106675,12949236,0
86.8111,2,86795674681,15445242,0
86.8191,1,86803532905,15541036,0
86.8216,0,86806055911,15541036,0
86.8267,2,86811119923,15559036,0
86.8318,1,86819073941,12714030,0
86.8343,0,86821596947,12714030,0
86.8419,2,86826678959,15228036,0
86.8473,1,86831787971,15532036,0
86.8498,0,86834310977,15532036,0
86.8577,2,86841906995,15758242,0
86.8677,0,86849843013,17903242,0
86.8729,2,86857665237,15190030,0
86.8805,1,86847320007,33158278,0
86.883,0,86867746255,15255036,0
86.9006,0,86883001291,17630030,0
86.9034,2,86872855267,30561266,0
86.906,1,86880478285,25551254,0
86.9086,0,86900631321,7921224,0
86.9165,1,86906029539,10430024,0
86.919,0,86908552545,10430024,0
86.9216,2,86903416533,18134042,0
86.9241,1,86916459563,7659018,0
86.9266,0,86918982569,7659018,0
86.9342,2,86921550575,12622024,0
86.9367,1,86924118581,12622024,0
86.9393,0,86926641587,12622024,0
86.9418,2,86934172599,7677018,0
86.9497,0,86939263611,10448018,0
86.9523,2,86941849617,10421018,0
86.9573,1,86936740605,20565036,0
86.9598,0,86949711629,10117018,0
86.9651,2,86952270635,12848230,0
86.9702,0,86959828647,10334224,0
86.9753,2,86965118865,10135018,0
86.9803,1,86957305641,23021254,0
86.9828,0,86970162871,12687030,0
86.9879,2,86975253883,12687030,0
86.9905,1,86980326895,10191024,0
86.9956,2,86987940913,7621012,0
87.0056,0,86982849901,22766042,0
87.0109,2,86995561925,15353236,0
87.016,1,86990517919,25497254,0
87.0189,0,87005615943,13235236,0
87.024,2,87010915161,13045030,0
87.029,0,87018851179,10144018,0
87.0341,2,87023960191,10135018,0
87.0366,1,87016015173,20630042,0
87.0392,0,87028995197,10173024,0
87.0468,1,87036645215,10117018,0
87.0496,0,87039168221,10430018,0
87.0522,2,87034095209,18089036,0
87.0575,1,87046762233,10703230,0
87.06,0,87049598239,10390230,0
87.065,2,87052184245,12839230,0
87.0676,1,87057465463,10117018,0
87.0701,0,87059988469,10117018,0
87.0727,2,87065023475,7677018,0
87.0752,1,87067582481,7659018,0
87.0778,0,87070105487,7659018,0
87.0804,2,87072700493,7650018,0
87.0854,0,87077764505,7594012,0
87.093,2,87080350511,12622024,0
87.0955,1,87075241499,20272042,0
87.098,0,87085358517,12678030,0
87.1059,2,87092972535,12922236,0
87.1109,1,87095513541,15380236,0
87.1134,0,87098036547,15380236,0
87.1186,2,87105894771,12658024,0
87.1214,1,87110893777,10531024,0
87.134,2,87118552795,15476030,0
87.1366,1,87121424801,15145030,0
87.1391,0,87113416783,25676054,0
87.1493,2,87134028825,15228036,0
87.1521,1,87136569831,15541036,0
87.1546,0,87139092837,15541036,0
87.1649,2,87149256861,15646230,0
87.17,1,87152110867,17847236,0
87.1725,0,87154633873,17847236,0
87.1827,2,87164903091,17760042,0
87.1852,1,87169958103,15255036,0
87.1877,0,87172481109,15255036,0
87.1979,2,87182663133,15246036,0
87.2082,2,87197909169,10305218,0
87.2107,1,87185213139,25533254,0
87.2133,0,87187736145,25533254,0
87.2287,0,87213269399,15420024,0
87.2363,1,87210746393,25564042,0
87.2388,0,87228689423,10144018,0
87.249,2,87208214387,40765078,0
87.2515,1,87236310435,15201036,0
87.2546,0,87238833441,15731242,0
87.2622,2,87248979465,13244236,0
87.2673,1,87251511471,15758242,0
87.2698,0,87254564683,15228036,0
87.2774,2,87262223701,15219036,0
87.2825,1,87267269713,15228036,0
87.285,0,87269792719,15228036,0
87.2927,2,87277442737,15228036,0
87.3002,0,87285020755,15172030,0
87.3055,2,87292670773,12819224,0
87.308,1,87282497749,25533254,0
87.3156,2,87305489997,10144018,0
87.3182,1,87308031003,10135018,0
87.3232,2,87315634015,7603012,0
87.3261,1,87318166021,7916012,0
87.3286,0,87300192785,28412254,0
87.3312,2,87323237027,7963018,0
87.3337,1,87326082033,7650018,0
87.3363,0,87328605039,7650018,0
87.3414,2,87331200045,10164024,0
87.3439,1,87333732051,10164024,0
87.349,2,87341364069,7603012,0
87.3515,1,87343896075,7603012,0
87.354,0,87336255057,17767036,0
87.3622,2,87348967081,13208236,0
87.3672,0,87354022093,13152230,0
87.3748,2,87362175317,12658024,0
87.3774,1,87351499087,25866260,0
87.3799,0,87367174323,12714030,0
87.3901,2,87374833341,15219036,0
87.3926,1,87377365347,15219036,0
87.3951,0,87379888353,15219036,0
87.4105,1,87392584383,17903242,0
87.413,0,87395107389,17903242,0
87.4257,2,87390052377,35663284,0
87.4286,1,87410487625,18073042,0
87.4311,0,87413010631,18073042,0
87.4388,2,87425715661,13045030,0
87.4438,0,87431083673,12676024,0
87.4489,2,87438760691,10135018,0
87.4514,1,87428560667,22867048,0
87.4595,2,87448895709,10647224,0
87.4621,1,87451427715,10647224,0
87.4646,0,87443759697,20838248,0
87.4747,2,87459542933,15201036,0
87.4773,1,87462074939,15201036,0
87.4798,0,87464597945,15201036,0
87.49,2,87474743969,15228036,0
87.4925,1,87477275975,15228036,0
87.5054,2,87489972005,15389236,0
87.5079,1,87492504011,15389236,0
87.5104,0,87479798981,30617272,0
87.5206,2,87505361241,15228036,0
87.5231,1,87507893247,15228036,0
87.5256,0,87510416253,15228036,0
87.5386,2,87520589277,18055042,0
87.5412,1,87523121283,18055042,0
87.5437,0,87525644289,18055042,0
87.5591,2,87538644319,20491254,0
87.562,1,87541176325,20804254,0
87.5645,0,87543699331,20804254,0
87.5747,2,87559135573,15586036,0
87.5773,1,87561980579,15273036,0
87.5899,1,87577253615,12602018,0
87.5924,0,87564503585,27875054,0
87.6,2,87574721609,25307048,0
87.6026,1,87589855633,12705030,0
87.6053,0,87592378639,12922236,0
87.613,2,87600028657,12922236,0
87.618,1,87602560663,15436242,0
87.6205,0,87605300875,15219036,0
87.6307,1,87617996905,12658024,0
87.6335,0,87620519911,12971024,0
87.6386,2,87612950893,25667054,0
87.6412,1,87630654929,10504024,0
87.6437,0,87633490935,10191024,0
87.6541,2,87638617947,15436242,0
87.6566,1,87641158953,15418242,0
87.6591,0,87643681959,15418242,0
87.6696,2,87654054189,15503030,0
87.6721,1,87656577195,15503030,0
87.6797,2,87669557219,10144018,0
87.6822,1,87672080225,10144018,0
87.6847,0,87659100201,25647048,0
87.6898,1,87682224243,7603012,0
87.6924,0,87684747249,7603012,0
87.695,2,87679701237,15253030,0
87.6999,0,87692350261,7594012,0
87.7028,2,87694954267,7811218,0
87.7053,1,87689827255,15461236,0
87.7078,0,87699944273,7867224,0
87.7129,2,87702765485,10173024,0
87.7155,1,87705288491,10173024,0
87.718,0,87707811497,10173024,0
87.7231,2,87712938509,10173024,0
87.7256,1,87715461515,10173024,0
87.7282,0,87717984521,10173024,0
87.7361,2,87723111533,13000030,0
87.7386,1,87725634539,13000030,0
87.7412,0,87728157545,13000030,0
87.7513,2,87736111563,15219036,0
87.7539,1,87738634569,15219036,0
87.767,2,87751330599,15702236,0
87.7696,1,87753853605,15702236,0
87.7772,2,87767032835,10162018,0
87.7797,1,87769555841,10162018,0
87.7822,0,87741157575,41083290,0
87.7924,2,87777194853,15201036,0
87.7949,1,87779717859,15201036,0
87.8028,2,87792395889,10361224,0
87.8053,1,87794918895,10361224,0
87.8078,0,87782240865,25562260,0
87.818,2,87802757113,15201036,0
87.8205,1,87805280119,15201036,0
87.823,0,87807803125,15201036,0
87.8332,2,87817958149,15228036,0
87.8357,1,87820481155,15228036,0
87.8385,0,87823004161,15541036,0
87.8487,2,87833186185,15485030,0
87.8512,1,87835709191,15485030,0
87.8539,0,87838545197,15389236,0
87.8616,2,87848671215,12931236,0
87.8641,1,87851194221,12931236,0
87.8666,0,87853934433,12714030,0
87.8771,2,87861602451,15532036,0
87.8797,1,87864125457,15532036,0
87.8822,0,87866648463,15532036,0
87.8924,2,87877134487,15228036,0
87.8949,1,87879657493,15228036,0
87.8974,0,87882180499,15228036,0
87.9078,2,87892362523,15445242,0
87.9128,0,87897408535,15389236,0
87.9255,2,87907807765,17704036,0
87.9305,0,87912797771,17704036,0
87.941,2,87925511801,15447024,0
87.9435,1,87894885529,48596302,0
87.9563,2,87940958825,15389236,0
87.9589,1,87943481831,15389236,0
87.9614,0,87930501807,30892266,0
87.9744,1,87958871067,15485030,0
87.9795,2,87956348061,23115042,0
87.982,1,87974356097,7630012,0
87.9845,0,87961394073,23115042,0
87.9896,2,87979463103,10164024,0
87.9922,1,87981986109,10164024,0
87.9972,2,87989627127,7603012,0
88.0022,0,87984509115,17711030,0
88.0125,2,87997230139,15297230,0
88.0151,1,87992150133,22900242,0
88.0176,0,88002220145,15353236,0
88.0252,2,88012527369,12714030,0
88.0278,1,88015050375,12714030,0
88.0379,2,88025241399,12649024,0
88.0404,1,88027764405,12649024,0
88.0432,0,88017573381,25676054,0
88.0509,2,88037890423,13018030,0
88.0559,0,88043249435,12649024,0
88.0688,2,88050908453,17894242,0
88.0713,1,88040413429,30912272,0
88.0742,0,88055898459,18263248,0
88.0869,2,88068802695,18082042,0
88.0894,1,88071325701,18082042,0
88.0919,0,88074161707,17769042,0
88.1049,2,88086884737,17977248,0
88.1074,1,88089407743,17977248,0
88.1099,0,88091930749,17977248,0
88.1226,2,88104861985,17704036,0
88.1251,1,88107384991,17704036,0
88.1276,0,88109907997,17704036,0
88.1353,1,88125089027,10162018,0
88.1378,0,88127612033,10162018,0
88.1457,1,88135251045,10430024,0
88.1482,0,88137774051,10430024,0
88.1535,2,88122566021,30982272,0
88.1561,1,88145681069,10390230,0
88.1586,0,88148204075,10390230,0
88.1637,2,88153548293,10191024,0
88.1663,1,88156071299,10191024,0
88.1792,2,88163739317,15458030,0
88.1842,0,88158594305,25593048,0
88.1969,2,88179197347,17686036,0
88.1994,1,88166262323,33144066,0
88.2098,2,88196883383,12893230,0
88.2123,1,88199406389,12893230,0
88.2148,0,88184187353,30635272,0
88.22,2,88209776613,10200024,0
88.2225,1,88212299619,10200024,0
88.225,0,88214822625,10200024,0
88.2327,2,88219976637,12687030,0
88.2377,0,88225022649,12631024,0
88.2481,2,88232663667,15476030,0
88.2507,1,88222499643,28163060,0
88.2532,0,88237653673,15532036,0
88.2586,2,88248139697,10417230,0
88.2661,2,88258556927,7565006,0
88.2686,1,88250662703,17982236,0
88.2712,0,88253185709,17982236,0
88.2763,2,88266121933,10164024,0
88.2791,1,88268644939,10477024,0
88.2892,1,88279121963,10061012,0
88.2917,0,88271167945,20538036,0
88.2968,2,88276285957,20547036,0
88.2994,1,88289182975,10173024,0
88.3019,0,88291705981,10173024,0
88.3072,2,88296832993,10390230,0
88.3097,1,88299355999,10390230,0
88.3123,0,88301879005,10390230,0
88.3199,2,88307223223,12705030,0
88.3225,1,88309746229,12705030,0
88.325,0,88312269235,12705030,0
88.3326,2,88319928253,12649024,0
88.3351,1,88322451259,12649024,0
88.3376,0,88324974265,12649024,0
88.3477,0,88337623289,10079012,0
88.3533,1,88335100283,18212230,0
88.3558,0,88347702301,8133218,0
88.3584,2,88332577277,25862248,0
88.361,1,88353312513,7650018,0
88.3635,0,88355835519,7650018,0
88.3661,2,88358439525,7650018,0
88.3686,1,88360962531,7650018,0
88.3711,0,88363485537,7650018,0
88.3763,2,88366089543,10164024,0
88.3788,1,88368612549,10164024,0
88.3816,0,88371135555,10477024,0
88.3893,2,88376253567,13000030,0
88.3993,2,88389253597,10079012,0
88.4019,1,88378776573,23079042,0
88.4046,0,88381612579,22983248,0
88.4148,2,88399332609,15418242,0
88.4173,1,88401855615,15418242,0
88.4198,0,88404595827,15201036,0
88.4249,2,88414750851,10144018,0
88.4274,1,88417273857,10144018,0
88.4299,0,88419796863,10144018,0
88.4326,2,88424894869,7659018,0
88.4351,1,88427417875,7659018,0
88.4376,0,88429940881,7659018,0
88.4452,1,88435076893,10108018,0
88.4477,0,88437599899,10108018,0
88.4503,2,88432553887,17767036,0
88.4534,1,88445184911,8189224,0
88.4559,0,88447707917,8189224,0
88.461,1,88453374135,7594012,0
88.4635,0,88455897141,7594012,0
88.4661,2,88450320923,15774236,0
88.4686,1,88460968147,7650018,0
88.4711,0,88463491153,7650018,0
88.4737,2,88466095159,7650018,0
88.4763,1,88468618165,7650018,0
88.4788,0,88471141171,7650018,0
88.4842,2,88473745177,10477024,0
88.4892,0,88478791189,10421018,0
88.4918,2,88484222201,7603012,0
88.4943,1,88476268183,18080036,0
88.4969,0,88489212207,7659018,0
88.4995,2,88491825213,7650018,0
88.502,1,88494348219,7650018,0
88.5045,0,88496871225,7650018,0
88.5099,2,88499475231,10381230,0
88.5124,1,88501998237,10381230,0
88.5149,0,88504521243,10381230,0
88.52,2,88509856461,10173024,0
88.5226,1,88512379467,10173024,0
88.5251,0,88514902473,10173024,0
88.5327,1,88522552491,10117018,0
88.5352,0,88525075497,10117018,0
88.5403,2,88520029485,20290042,0
88.5428,1,88532669509,10173024,0
88.5454,0,88535192515,10173024,0
88.556,2,88540319527,15675242,0
88.5585,1,88542842533,15675242,0
88.561,0,88545365539,15675242,0
88.5662,2,88555994769,10200024,0
88.5687,1,88558517775,10200024,0
88.5813,2,88566194793,15145030,0
88.5839,1,88568717799,15145030,0
88.5867,0,88561040781,25658054,0
88.5994,2,88581339823,18055042,0
88.6044,0,88586698835,17686036,0
88.6223,1,88583862829,38434284,0
88.6248,0,88604384871,20435248,0
88.635,2,88599394865,35634278,0
88.6376,1,88622297113,15255036,0
88.6452,2,88635029143,10144018,0
88.6477,1,88637552149,10144018,0
88.6608,2,88645173161,15675236,0
88.6658,0,88624820119,41018284,0
88.671,2,88660848397,10144018,0
88.6735,1,88647696167,25819254,0
88.6836,1,88673515421,10061012,0
88.6861,0,88665838403,20261036,0
88.6915,2,88670992415,20547036,0
88.6941,1,88683576433,10486024,0
88.6966,0,88686099439,10486024,0
88.7094,2,88691539451,17876242,0
88.7119,1,88694062457,17876242,0
88.7145,0,88696585463,17876242,0
88.7222,2,88709415693,12741030,0
88.7271,0,88714461705,12685024,0
88.7348,2,88722156723,12649024,0
88.7373,1,88711938699,25390054,0
88.7399,0,88727146729,12705030,0
88.7475,2,88734805747,12705030,0
88.7578,2,88747510777,10296218,0
88.7606,1,88737328753,23314248,0
88.7632,0,88739851759,23314248,0
88.7759,2,88757806995,18046042,0
88.7784,1,88760643001,17733042,0
88.7939,2,88775853037,18017036,0
88.7964,1,88778376043,18017036,0
88.7989,0,88763166007,35750078,0
88.8068,2,88793870073,12949236,0
88.8093,1,88796393079,12949236,0
88.8119,0,88798916085,12949236,0
88.8245,0,88811865321,12602018,0
88.8321,2,88806819309,25307048,0
88.8346,1,88809342315,25307048,0
88.8372,0,88824467339,12705030,0
88.8524,2,88832126357,20247048,0
88.8551,1,88834649363,20464254,0
88.8656,2,88852373405,13215230,0
88.8681,1,88855113617,12998024,0
88.8706,0,88837172369,33462278,0
88.8783,2,88865588635,12705030,0
88.8808,1,88868111641,12705030,0
88.8909,2,88878293665,12649024,0
88.8938,1,88880816671,12962024,0
88.8963,0,88870634647,25667054,0
88.9064,2,88890942689,15476030,0
88.9116,0,88896301701,15324230,0
88.9193,2,88906418719,12875230,0
88.9218,1,88893778695,28038260,0
88.9243,0,88911625931,12714030,0
88.932,2,88919293949,12705030,0
88.9345,1,88921816955,12705030,0
88.937,0,88924339961,12705030,0
88.9421,2,88931998979,10135018,0
88.9447,1,88934521985,10135018,0
88.9472,0,88937044991,10135018,0
88.9498,2,88942133997,7659018,0
88.9523,1,88944657003,7659018,0
88.9601,2,88949793015,10269218,0
88.9626,1,88952316021,10269218,0
88.9654,0,88947180009,18241236,0
88.9681,2,88960062233,7990018,0
88.9706,1,88962585239,7990018,0
88.9731,0,88965421245,7677018,0
88.9782,2,88968052251,10164024,0
88.9807,1,88970575257,10164024,0
88.9883,2,88978216275,10117018,0
88.9933,0,88973098263,20225036,0
89.0013,2,88988333293,12944024,0
89.0038,1,88980739281,23061042,0
89.0141,1,89003800323,10296218,0
89.0166,0,88993323299,23296248,0
89.0193,2,89001277317,17973236,0
89.0242,0,89016619547,7621012,0
89.0319,2,89019250553,12622024,0
89.0344,1,89014096541,20299042,0
89.0445,2,89031872577,12649024,0
89.047,1,89034395583,12649024,0
89.0549,2,89044521601,10352224,0
89.0574,1,89047044607,10352224,0
89.0599,0,89024240559,35679278,0
89.0678,1,89057396831,10430024,0
89.0703,0,89059919837,10430024,0
89.0755,2,89054873825,20603048,0
89.078,1,89067826855,10173024,0
89.0805,0,89070349861,10173024,0
89.0856,2,89075476873,10173024,0
89.0882,1,89077999879,10173024,0
89.0907,0,89080522885,10173024,0
89.0958,2,89085649897,10173024,0
89.0987,1,89088172903,10486024,0
89.1012,0,89090695909,10486024,0
89.109,2,89095822921,13217236,0
89.1116,1,89098658927,12904236,0
89.1267,2,89109040157,17677036,0
89.1317,0,89101181933,30525266,0
89.1369,2,89126717193,10162018,0
89.1394,1,89111563163,27839054,0
89.1419,0,89131707199,10218024,0
89.1521,2,89136879211,15201036,0
89.1546,1,89139402217,15201036,0
89.1573,0,89141925223,15418242,0
89.1704,2,89152080247,18272248,0
89.1729,1,89154603253,18272248,0
89.1754,0,89157343465,18055042,0
89.188,1,89172875501,15134024,0
89.1905,0,89175398507,15134024,0
89.1982,2,89170352495,27848054,0
89.201,1,89188009525,13027030,0
89.2036,0,89190532531,13027030,0
89.2089,2,89198200549,10721230,0
89.2114,1,89201036555,10408230,0
89.214,0,89203559561,10408230,0
89.2241,2,89208921779,15201036,0
89.2266,1,89211444785,15201036,0
89.2292,0,89213967791,15201036,0
89.2419,2,89224122815,17742042,0
89.2444,1,89226645821,17742042,0
89.2572,0,89229168827,28009254,0
89.2648,1,89244387863,20384230,0
89.2673,0,89257178081,10117018,0
89.2778,2,89241864857,35898266,0
89.2803,1,89264772093,15514036,0
89.2828,0,89267295099,15514036,0
89.298,2,89277763123,20256048,0
89.3035,0,89282809135,20730254,0
89.3162,1,89280286129,35929284,0
89.3187,0,89303539389,15199030,0
89.3289,2,89298019171,30901272,0
89.3314,1,89316215413,15228036,0
89.334,0,89318738419,15228036,0
89.3467,2,89328920443,17742042,0
89.3492,1,89331443449,17742042,0
89.3517,0,89333966455,17742042,0
89.3621,2,89346662485,15463242,0
89.3671,0,89351708497,15407236,0
89.3723,2,89362125727,10144018,0
89.3776,0,89367115733,10457018,0
89.3802,2,89372269745,7916012,0
89.3827,1,89349185491,33523272,0
89.3852,0,89377572751,7659018,0
89.3929,2,89380185757,12678030,0
89.3979,0,89385231769,12622024,0
89.406,2,89392863787,13179230,0
89.4086,1,89382708763,25857260,0
89.4111,0,89397853793,13235236,0
89.4188,2,89406043017,12714030,0
89.4213,1,89408566023,12714030,0
89.4238,0,89411089029,12714030,0
89.4315,2,89418757047,12705030,0
89.434,1,89421280053,12705030,0
89.4365,0,89423803059,12705030,0
89.4491,1,89433985083,15163030,0
89.4517,0,89436508089,15163030,0
89.4596,2,89431462077,28094266,0
89.4621,1,89449148113,12931236,0
89.4646,0,89451671119,12931236,0
89.4748,2,89459556343,15219036,0
89.4776,1,89462079349,15532036,0
89.4801,0,89464602355,15532036,0
89.4878,2,89474775379,13027030,0
89.4903,1,89477611385,12714030,0
89.4928,0,89480134391,12714030,0
89.5005,2,89487802409,12649024,0
89.5054,0,89492848421,12593018,0
89.5111,2,89500451433,10665224,0
89.5136,1,89490325415,23314248,0
89.5162,0,89505441439,10721230,0
89.5238,2,89511116657,12687030,0
89.5263,1,89513639663,12687030,0
89.5288,0,89516162669,12687030,0
89.5365,2,89523803687,12705030,0
89.539,1,89526326693,12705030,0
89.5416,0,89528849699,12705030,0
89.5517,2,89536508717,15219036,0
89.5567,0,89541554729,15163030,0
89.5645,2,89551727753,12819224,0
89.5671,1,89539031723,28038260,0
89.5696,0,89556717759,12875230,0
89.5773,2,89564546977,12714030,0
89.5801,1,89567069983,13027030,0
89.5877,2,89577261007,10448018,0
89.5902,1,89580097013,10135018,0
89.6003,1,89590232031,10063012,0
89.6056,0,89569592989,35963266,0
89.6109,1,89600295043,10591224,0
89.6135,0,89605556255,7916018,0
89.616,2,89587709025,28331254,0
89.6186,1,89610886267,7677018,0
89.6236,0,89613472273,10164024,0
89.6287,2,89616040279,12678030,0
89.6312,1,89618563285,12678030,0
89.6439,2,89628718309,15163030,0
89.6489,0,89623636297,25262048,0
89.6593,2,89643881339,15389236,0
89.6618,1,89631241315,30552266,0
89.6643,0,89648898345,15445242,0
89.6745,2,89659270575,15228036,0
89.677,1,89661793581,15228036,0
89.6824,0,89664343587,18055042,0
89.6925,2,89674498611,17999036,0
89.695,1,89677021617,17999036,0
89.6976,0,89682398629,15190030,0
89.7002,2,89692497647,7704018,0
89.7029,1,89695020653,7921224,0
89.7105,0,89697588659,12931236,0
89.7134,2,89700201665,13208236,0
89.721,2,89713409901,7565006,0
89.731,2,89720974907,10052012,0
89.736,1,89702941877,33093048,0
89.7386,0,89710519895,28047036,0
89.7411,2,89731026919,10117018,0
89.7437,1,89736034925,7659018,0
89.7462,0,89738566931,7659018,0
89.7488,2,89741143937,7659018,0
89.7541,1,89743693943,10381230,0
89.7566,0,89746225949,10381230,0
89.7592,2,89748802955,10381230,0
89.7642,1,89754075173,10173024,0
89.7718,2,89759184185,12631024,0
89.7744,1,89764248197,10117018,0
89.7769,0,89756607179,20290042,0
89.7848,1,89774365215,10430024,0
89.7924,2,89771815209,20565042,0
89.7949,1,89784795239,10117018,0
89.8,2,89792380251,7603012,0
89.8027,1,89794912257,7820218,0
89.8053,0,89776897221,28376260,0
89.8104,2,89799983263,10381230,0
89.8129,1,89802732475,10164024,0
89.8158,0,89805273481,10477024,0
89.8234,2,89810364493,13000030,0
89.8309,0,89815750505,15145030,0
89.836,2,89823364523,12649024,0
89.8385,1,89812896499,25649054,0
89.8411,0,89830895535,10200024,0
89.8487,2,89836013547,12705030,0
89.8513,1,89838545553,12705030,0
89.854,0,89841095559,12904236,0
89.8642,2,89848718577,15436242,0
89.8667,1,89851250583,15436242,0
89.8717,0,89853999795,17733042,0
89.8844,1,89866686825,17686036,0
89.8872,0,89871732837,15503030,0
89.8923,1,89884372861,7961012,0
89.8949,0,89887235867,7630012,0
89.9024,1,89892333873,10108018,0
89.9077,2,89864154819,43521284,0
89.9128,1,89902441891,10334224,0
89.9153,0,89894865879,20442242,0
89.9182,2,89907676103,10486024,0
89.9258,1,89912776115,13000030,0
89.9283,0,89915308121,13000030,0
89.9308,2,89918162127,12687030,0
89.9385,1,89925776145,12705030,0
89.941,0,89928308151,12705030,0
89.9461,2,89930849157,15219036,0
89.9564,1,89938481175,17950248,0
89.959,0,89941013181,17950248,0
89.9615,2,89946068193,15445242,0
89.9716,0,89958963429,12685024,0
89.9742,2,89961513435,12676024,0
89.9793,1,89956431423,22876048,0
89.9818,0,89971648453,10191024,0
89.9844,2,89974189459,10191024,0
89.9923,0,89981839477,10430018,0
89.9948,2,89984380483,10430018,0
90.0051,2,89994810501,10278218,0
90.0077,1,89979307471,28367254,0
90.0127,0,89992269495,20451242,0
90.0153,2,90005088719,10191024,0
90.0178,1,90007674725,10173024,0
90.0232,0,90012720737,10504024,0
90.0283,2,90015279743,13000030,0
90.0334,1,90017847749,15514036,0
90.0384,0,90023224761,15201036,0
90.041,2,90028279773,12705030,0
90.0486,0,90038425797,10144018,0
90.0511,2,90040984803,10135018,0
90.0539,1,90033361785,20534248,0
90.0564,0,90048569815,7876224,0
90.064,1,90053896033,10135018,0
90.0666,0,90056446039,10117018,0
90.0691,2,90051119821,18011242,0
90.0717,1,90064031051,7659018,0
90.0742,0,90066563057,7659018,0
90.0768,2,90069131063,7650018,0
90.0844,1,90071690069,12678030,0
90.0869,0,90074222075,12678030,0
90.0948,2,90076781081,18019042,0
90.1051,0,90086900105,18209242,0
90.1127,2,90094800123,17923242,0
90.1178,1,90084368099,33437278,0
90.1232,0,90105109347,18073042,0
90.1358,2,90112723365,23101054,0
90.1434,0,90123182389,20218042,0
90.151,2,90135824419,15161024,0
90.1538,1,90117805377,35965278,0
90.1563,0,90143400431,12902230,0
90.1589,2,90150985443,7903224,0
90.1614,1,90153770655,7677018,0
90.1665,2,90158888667,7594012,0
90.169,1,90161447673,7594012,0
90.1716,0,90156302661,15271030,0
90.1741,2,90166482679,7650018,0
90.1767,1,90169041685,7650018,0
90.1792,0,90171573691,7650018,0
90.1868,1,90176691703,10108018,0
90.1922,0,90179223709,12935024,0
90.1947,2,90174132697,20585042,0
90.1973,1,90186799721,10486024,0
90.2023,0,90192158733,10191024,0
90.2076,2,90194717739,12922236,0
90.2152,1,90197285745,17932248,0
90.2256,2,90207639975,17999036,0
90.2307,1,90215217993,15512030,0
90.2383,2,90225639011,12676024,0
90.2434,1,90230730023,12658024,0
90.2459,0,90202349757,43579296,0
90.251,2,90238315035,12705030,0
90.2563,1,90243388047,12866230,0
90.2588,0,90245929053,12866230,0
90.2639,2,90251020065,12866230,0
90.2664,1,90256254277,10191024,0
90.279,2,90263886295,15163030,0
90.2816,1,90266445301,15145030,0
90.2867,0,90258795283,27868060,0
90.2946,2,90279049325,15541036,0
90.2996,0,90286663343,12971024,0
90.305,2,90294590361,10361224,0
90.3075,1,90281590331,25902260,0
90.3151,0,90299634367,15436242,0
90.3226,2,90304951585,17677036,0
90.3252,1,90307492591,17677036,0
90.3281,0,90315070609,12989024,0
90.3382,2,90322628621,15559036,0
90.3407,1,90325169627,15559036,0
90.3508,1,90340728663,10088012,0
90.3536,0,90328059633,25542254,0
90.3587,2,90338187657,20478242,0
90.3612,1,90350816675,10390230,0
90.3638,0,90353601887,10164024,0
90.3688,1,90361206905,7603012,0
90.3714,0,90363765911,7603012,0
90.3739,2,90358665899,15253030,0
90.3765,1,90368809917,7650018,0
90.379,0,90371368923,7650018,0
90.3816,2,90373918929,7650018,0
90.3841,1,90376459935,7650018,0
90.3892,0,90379018941,10164024,0
90.3942,2,90381568947,12678030,0
90.3971,1,90384109953,12991030,0
90.4125,2,90394246977,18207242,0
90.415,1,90397100983,17894242,0
90.4226,0,90389182965,33417278,0
90.4356,2,90412454219,23101054,0
90.4381,1,90414995225,23101054,0
90.4457,0,90422600243,23101054,0
90.4536,2,90435555273,18004248,0
90.4636,0,90445701297,17894236,0
90.4737,1,90438096279,35598272,0
90.4788,0,90463595533,15190030,0
90.4814,2,90453559521,27812048,0
90.4839,1,90473694551,10218024,0
90.489,0,90478785563,10200024,0
90.4941,2,90481371569,12687030,0
90.4994,1,90483912575,15514036,0
90.5098,2,90494058599,15693236,0
90.5148,0,90488985587,25846254,0
90.5174,2,90509751835,7648012,0
90.5199,1,90499426611,20505242,0
90.525,0,90514831841,10164024,0
90.5301,2,90517399847,12678030,0
90.5329,1,90519931853,12991030,0
90.538,0,90524995865,13000030,0
90.5481,1,90532922883,15163030,0
90.5506,0,90537995895,12649024,0
90.556,2,90530077877,25893260,0
90.561,1,90548085913,12931236,0
90.5711,2,90555971137,15163030,0
90.5737,1,90561017149,12658024,0
90.5762,0,90550644919,25580260,0
90.5813,2,90571134167,10200024,0
90.5889,0,90576225179,12649024,0
90.594,2,90581334191,12631024,0
90.599,1,90573675173,25336054,0
90.6071,0,90588874203,18263248,0
90.6097,2,90593965215,15749242,0
90.6173,0,90607137451,10171018,0
90.6223,1,90599011227,23332248,0
90.6249,0,90617308469,7603012,0
90.6325,2,90609714457,22793042,0
90.6353,1,90622343475,13000030,0
90.6404,0,90624911481,15505036,0
90.6506,2,90632507499,18046042,0
90.6608,0,90640416517,20361242,0
90.6634,2,90650553541,12837224,0
90.6659,1,90635343505,30570266,0
90.671,2,90663390765,7630012,0
90.6735,1,90665913771,7630012,0
90.6786,0,90660777759,17839036,0
90.6837,2,90671020777,12678030,0
90.6862,1,90673543783,12678030,0
90.6938,2,90683698807,10137018,0
90.6989,0,90678616795,20236036,0
90.7043,2,90693835825,10430018,0
90.707,1,90686221813,20784242,0
90.7121,0,90698852831,13217236,0
90.7172,2,90704265843,12904236,0
90.7197,1,90707006055,12687030,0
90.7248,0,90712070067,12705030,0
90.7324,2,90717170079,15219036,0
90.7428,0,90724775097,17990042,0
90.7478,2,90732389115,15429030,0
90.7503,1,90719693085,30648066,0
90.7531,0,90742765139,10379224,0
90.7582,2,90747818145,10417230,0
90.7608,1,90750341151,10417230,0
90.7658,0,90753144363,12705030,0
90.7709,2,90758235375,12705030,0
90.776,0,90765849393,10135018,0
90.7811,2,90770940405,10135018,0
90.7886,0,90775984411,12631024,0
90.7912,2,90781075423,10117018,0
90.7937,1,90760758381,32957066,0
90.8013,0,90788615435,12705030,0
90.8093,1,90793715447,15619236,0
90.8144,0,90801320465,13123230,0
90.817,2,90791192441,25819260,0
90.8195,1,90809334683,10200024,0
90.8271,0,90814443695,12705030,0
90.8322,2,90817011701,15201036,0
90.8401,0,90827148725,12962024,0
90.8427,2,90832212737,10457018,0
90.8452,1,90819534707,25658054,0
90.858,1,90845192761,12792224,0
90.8631,0,90840110749,23001248,0
90.8682,2,90842669755,25497254,0
90.8707,1,90857984985,12705030,0
90.8783,0,90863111997,15201036,0
90.8809,2,90868167009,12705030,0
90.8834,1,90870690015,12705030,0
90.8885,0,90878313033,10200024,0
90.8936,2,90880872039,12705030,0
90.8961,1,90883395045,12705030,0
90.9012,0,90888513057,12687030,0
90.9168,0,90901200087,15581224,0
90.9194,2,90893577069,25781248,0
90.9219,1,90896100075,25781248,0
90.9295,0,90916781311,12714030,0
90.932,2,90919358317,12687030,0
90.9346,1,90921881323,12687030,0
90.9397,0,90929495341,10191024,0
90.9425,2,90932045347,10504024,0
90.9476,0,90939686365,7916012,0
90.9502,2,90942549371,7603012,0
90.9527,1,90934568353,18107036,0
90.963,2,90950152383,12839230,0
90.9655,1,90952675389,12839230,0
90.9731,0,90947602377,25544260,0
90.9807,2,90962991613,17742042,0
90.9908,0,90973146637,17686036,0
90.9984,2,90980733655,17704036,0
91.001,1,90965514619,35446078,0
91.0062,0,90990832673,15407236,0
91.0142,2,90998437691,15720236,0
91.0167,1,91000960697,15720236,0
91.0268,0,91006239909,20587048,0
91.0369,1,91016680933,20218042,0
91.042,2,91014157927,27875054,0
91.0499,0,91026826957,23079036,0
91.0525,2,91042032981,10423018,0
91.0652,2,91052455999,12792224,0
91.0678,1,91036898975,30872254,0
91.0729,0,91049905993,22992248,0
91.0754,2,91065248223,10200024,0
91.078,1,91067771229,10200024,0
91.0831,0,91072898241,10173024,0
91.0856,2,91075448247,10173024,0
91.0881,1,91077971253,10173024,0
91.0932,0,91083071265,10173024,0
91.0983,2,91085621271,12687030,0
91.1061,0,91093244289,12848230,0
91.1111,1,91088144277,22983248,0
91.114,0,91106092519,7934012,0
91.1166,2,91098308301,18268236,0
91.1191,1,91111127525,7972018,0
91.1242,0,91114026531,10164024,0
91.1317,1,91119099543,12622024,0
91.1368,0,91124190555,12631024,0
91.1419,2,91116576537,25327054,0
91.1444,1,91131721567,12705030,0
91.1498,0,91136821579,13018030,0
91.1551,2,91141903591,13235236,0
91.1577,1,91144426597,13235236,0
91.1703,2,91155138827,15172030,0
91.1728,1,91157661833,15172030,0
91.1805,0,91149839609,30635272,0
91.183,2,91170310857,12714030,0
91.1855,1,91172833863,12714030,0
91.1932,0,91180474881,12705030,0
91.1957,2,91183024887,12705030,0
91.1983,1,91185547893,12705030,0
91.206,0,91193179911,12866230,0
91.2111,2,91195729917,15380236,0
91.219,0,91206046141,12971030,0
91.2241,2,91211110153,12989030,0
91.2266,1,91198252923,28369266,0
91.2368,0,91219017171,17733042,0
91.2418,2,91224099183,17733042,0
91.2444,1,91226622189,17733042,0
91.2497,0,91236750213,12989030,0
91.2523,2,91241832225,10475024,0
91.2548,1,91244355231,10475024,0
91.2576,0,91249739243,7894224,0
91.2627,1,91254830255,7820218,0
91.2678,0,91257633467,10117018,0
91.2703,2,91252307249,17993242,0
91.2728,1,91262650473,10173024,0
91.283,0,91267750485,15201036,0
91.288,2,91270300491,17715042,0
91.2905,1,91272823497,17715042,0
91.2957,0,91282951521,12714030,0
91.3007,2,91288015533,12732030,0
91.3033,1,91290538539,12732030,0
91.3214,0,91295665551,25781254,0
91.324,2,91300747563,23267248,0
91.3265,1,91303270569,23267248,0
91.3341,2,91324014811,10117018,0
91.3367,1,91326537817,10117018,0
91.3442,2,91334131829,10117018,0
91.3468,1,91336654835,10117018,0
91.3494,0,91321446805,27911054,0
91.3522,2,91344248847,7972018,0
91.36,0,91349357859,10638224,0
91.365,1,91346771853,18241236,0
91.3701,0,91359996083,10135018,0
91.3752,2,91352220865,22974248,0
91.3777,1,91365013089,12705030,0
91.3803,0,91370131101,10173024,0
91.3854,2,91375195113,10191024,0
91.3879,1,91377718119,10191024,0
91.3955,1,91387909143,7547006,0
91.398,0,91380304125,17720030,0
91.4006,2,91385386137,15197024,0
91.4033,1,91395456149,7867224,0
91.4059,0,91398024155,7867224,0
91.4085,2,91400583161,7867224,0
91.411,1,91403323373,7650018,0
91.4161,0,91405891379,10164024,0
91.424,2,91408450385,15505036,0
91.4265,1,91410973391,15505036,0
91.4341,0,91416055403,18028042,0
91.4467,1,91426478427,20200042,0
91.4493,0,91434083445,15190030,0
91.4599,2,91423955421,35985284,0
91.4625,1,91446678469,15785242,0
91.4675,0,91449273475,18272248,0
91.4752,2,91459940705,15228036,0
91.4777,1,91462463711,15228036,0
91.4878,2,91475168741,12658024,0
91.4903,1,91477691747,12658024,0
91.4954,2,91487826765,7621012,0
91.498,1,91490349771,7621012,0
91.5057,0,91467545723,38182278,0
91.5083,2,91495447777,12839230,0
91.5108,1,91497970783,12839230,0
91.5184,2,91508287007,10135018,0
91.5209,1,91510810013,10135018,0
91.5238,0,91505728001,18107036,0
91.5264,2,91518422025,7972018,0
91.5289,1,91520945031,7972018,0
91.5315,0,91523835037,7650018,0
91.5415,1,91528917049,12622024,0
91.5517,2,91526394043,25273048,0
91.5547,1,91541539073,13181230,0
91.5648,2,91551667091,13179230,0
91.5674,1,91554720303,12649024,0
91.5725,0,91531485055,40975284,0
91.575,2,91564846321,10191024,0
91.5826,0,91572460339,10135018,0
91.5852,2,91575037345,10117018,0
91.5877,1,91567369327,20308042,0
91.5953,0,91582595357,12687030,0
91.5978,2,91585154363,12687030,0
91.6081,0,91595282387,12866230,0
91.6132,2,91597841393,15380236,0
91.6233,0,91608148617,15172030,0
91.6312,2,91613221629,18017036,0
91.6338,1,91587677369,46084302,0
91.6389,0,91623320647,15541036,0
91.6515,2,91631238665,20274048,0
91.6571,0,91638861683,18216242,0
91.6647,2,91651512713,13215230,0
91.6673,1,91633761671,33489278,0
91.6723,0,91657077925,15255036,0
91.68,2,91664727943,15228036,0
91.6825,1,91667250949,15228036,0
91.6876,0,91672332961,15228036,0
91.6977,2,91679955979,17742042,0
91.7002,1,91682478985,17742042,0
91.7055,0,91687560997,17959248,0
91.7181,1,91700221027,17921242,0
91.7207,0,91705520245,15190030,0
91.7286,1,91718142269,10475024,0
91.7312,0,91720710275,10457024,0
91.7363,2,91697698021,38569290,0
91.7388,1,91728617293,10173024,0
91.7413,0,91731167299,10173024,0
91.7515,2,91736267311,15201036,0
91.7567,0,91741340323,15362236,0
91.7621,2,91751468347,10618218,0
91.7646,1,91738790317,25819254,0
91.7697,0,91756702559,12989024,0
91.7723,2,91762086565,10191024,0
91.7748,1,91764609571,10191024,0
91.7824,0,91769691583,12705030,0
91.7875,2,91772277589,15201036,0
91.79,1,91774800595,15201036,0
91.8001,1,91790001631,10088012,0
91.8029,0,91782396613,20469242,0
91.8054,2,91787478625,17964236,0
91.808,1,91800089643,7876224,0
91.8156,0,91802865855,12705030,0
91.8206,2,91805442861,15201036,0
91.8232,1,91807965867,15201036,0
91.8336,0,91815570885,18046042,0
91.8387,2,91820643897,18055042,0
91.8463,0,91833616927,12676024,0
91.8489,2,91838698939,10162018,0
91.8514,1,91823166903,28217060,0
91.862,1,91851383963,10591224,0
91.8646,0,91846292951,18268242,0
91.8671,2,91848860957,18250242,0
91.8696,1,91861975187,7659018,0
91.8722,0,91864561193,7650018,0
91.8748,2,91867111199,7650018,0
91.8798,0,91872211211,7594012,0
91.8824,2,91874761217,7594012,0
91.8849,1,91869634205,15244030,0
91.895,0,91879805223,15192036,0
91.9103,0,91894997259,15335230,0
91.9129,2,91882355229,30527266,0
91.9154,1,91884878235,30527266,0
91.9206,0,91910332489,10218024,0
91.9231,2,91912882495,10218024,0
91.9256,1,91915405501,10218024,0
91.9307,0,91920550513,10173024,0
91.9361,2,91923100519,13000030,0
91.9386,1,91925623525,13000030,0
91.9437,0,91930723537,13000030,0
91.9488,2,91936100549,12705030,0
91.9513,1,91938623555,12705030,0
91.9592,2,91948805579,10352224,0
91.9617,1,91951328585,10352224,0
91.9671,0,91943723567,23370254,0
91.9722,2,91959157803,13018030,0
91.9747,1,91961680809,13018030,0
91.9823,2,91972175833,10135018,0
91.9848,1,91974698839,10135018,0
91.9899,0,91967093821,22822048,0
91.9925,2,91982310851,10173024,0
91.995,1,91984833857,10173024,0
92.0001,0,91989915869,10191024,0
92.0078,1,91995006881,12792224,0
92.0104,0,92000106893,10278218,0
92.0155,2,91992483875,22983248,0
92.018,1,92007799105,10191024,0
92.0206,0,92010385111,10173024,0
92.0256,2,92015467123,10173024,0
92.0282,1,92017990129,10173024,0
92.0307,0,92020558135,10173024,0
92.0333,2,92025640147,7659018,0
92.0386,0,92030731159,7916012,0
92.0412,2,92033299165,7907012,0
92.0437,1,92028163153,15566030,0
92.0463,0,92038647171,7650018,0
92.0489,2,92041206177,7650018,0
92.0514,1,92043729183,7650018,0
92.0566,0,92046297189,10325224,0
92.0592,2,92048856195,10325224,0
92.0617,1,92051379201,10325224,0
92.0643,0,92056622413,7677018,0
92.0672,2,92059181419,7990018,0
92.0697,1,92061704425,7990018,0
92.0723,0,92064299431,7963018,0
92.0773,2,92067171437,10164024,0
92.0799,1,92069694443,10164024,0
92.0824,0,92072262449,10164024,0
92.085,2,92077335461,7659018,0
92.09,0,92082426473,7603012,0
92.0926,2,92084994479,7594012,0
92.0951,1,92079858467,15253030,0
92.0977,0,92090029485,7650018,0
92.1052,1,92095111497,10108018,0
92.108,0,92097679503,10325224,0
92.1131,2,92092588491,20498248,0
92.1181,0,92108004727,10135018,0
92.1207,2,92113086739,7621012,0
92.1232,1,92105219515,18011242,0
92.1258,0,92118139745,7659018,0
92.1284,2,92120707751,7650018,0
92.1309,1,92123230757,7650018,0
92.1388,0,92125798763,12991030,0
92.1413,2,92128357769,12991030,0
92.1439,1,92130880775,12991030,0
92.149,0,92138789793,10191024,0
92.1515,2,92141348799,10191024,0
92.1541,1,92143871805,10191024,0
92.1594,0,92148980817,10390230,0
92.1619,2,92151539823,10390230,0
92.1645,1,92154062829,10390230,0
92.1724,0,92159371047,13000030,0
92.1749,2,92161930053,13000030,0
92.18,0,92172371077,7621012,0
92.1851,2,92174930083,10135018,0
92.1876,1,92164453059,23135048,0
92.1927,0,92179992089,12678030,0
92.1978,2,92185065101,12687030,0
92.2003,1,92187588107,12687030,0
92.2031,0,92192670119,10408230,0
92.2107,2,92197752131,12922236,0
92.2132,1,92200275137,12922236,0
92.2158,0,92203078349,12705030,0
92.2209,2,92210674367,10200024,0
92.2234,1,92213197373,10200024,0
92.2285,0,92215783379,12705030,0
92.231,2,92220874391,10173024,0
92.2336,1,92223397397,10173024,0
92.2415,0,92228488409,13018030,0
92.2466,2,92231047415,15514036,0
92.2491,1,92233570421,15514036,0
92.2619,1,92249084457,12819224,0
92.267,0,92241506439,25515254,0
92.2696,2,92246561451,23010248,0
92.2724,1,92261903681,10504024,0
92.28,0,92267021693,13018030,0
92.2826,2,92269571699,13000030,0
92.2902,0,92280039723,10135018,0
92.2927,2,92282571729,10135018,0
92.3003,0,92290174741,10117018,0
92.303,2,92292706747,10334224,0
92.3056,1,92272407705,33156272,0
92.3107,0,92300291759,10390230,0
92.3132,2,92303040971,10173024,0
92.3157,1,92305563977,10173024,0
92.3209,0,92310681989,10173024,0
92.3259,1,92315737001,10117018,0
92.3335,0,92320855013,12631024,0
92.336,2,92313213995,22804048,0
92.3385,1,92325854019,12687030,0
92.344,0,92333486037,10504024,0
92.3465,2,92336018043,10504024,0
92.349,1,92338541049,10504024,0
92.3544,0,92343990061,10390230,0
92.3594,2,92346522067,12904236,0
92.3619,1,92349045073,12904236,0
92.3696,2,92359426303,10144018,0
92.3721,1,92361949309,10144018,0
92.38,0,92354380291,25667054,0
92.3826,2,92369570321,13000030,0
92.3851,1,92372093327,13000030,0
92.3928,0,92380047345,12705030,0
92.3953,2,92382570351,12705030,0
92.3978,1,92385093357,12705030,0
92.4057,0,92392752375,12922236,0
92.4107,1,92397798387,12866230,0
92.4183,0,92405674611,12602018,0
92.4208,2,92395275381,25524254,0
92.4259,0,92418276629,7621012,0
92.4284,2,92420799635,7621012,0
92.4309,1,92410664617,20279036,0
92.4411,0,92425897641,15192036,0
92.4436,2,92428420647,15192036,0
92.4464,1,92430943653,15505036,0
92.4565,2,92443612683,12915018,0
92.4591,1,92446448689,12602018,0
92.4619,0,92441089677,20809242,0
92.4644,2,92456527701,7894224,0
92.4669,1,92459050707,7894224,0
92.4746,0,92461898919,12687030,0
92.4774,2,92464421925,13000030,0
92.4799,1,92466944931,13000030,0
92.4901,0,92474585949,15532036,0
92.4926,2,92477421955,15219036,0
92.4952,1,92479944961,15219036,0
92.5056,0,92490117985,15445242,0
92.5081,2,92492640991,15445242,0
92.5106,1,92495163997,15445242,0
92.5208,0,92505563227,15228036,0
92.5233,2,92508086233,15228036,0
92.5258,1,92510609239,15228036,0
92.5385,0,92520791263,17742042,0
92.5435,1,92525837275,17686036,0
92.554,2,92523314269,30675060,0
92.5567,1,92543523311,13206230,0
92.5668,0,92538533305,28313254,0
92.5694,2,92553989329,15380236,0
92.5719,1,92556729541,15163030,0
92.5745,0,92566846559,7686018,0
92.5771,2,92569369565,7686018,0
92.5799,1,92571892571,7999018,0
92.5875,0,92574532577,12991030,0
92.59,2,92577055583,12991030,0
92.5926,1,92579891589,12678030,0
92.608,0,92587523607,20464254,0
92.6105,2,92590046613,20464254,0
92.613,1,92592569619,20464254,0
92.6258,0,92607987861,17769042,0
92.6283,2,92610510867,17769042,0
92.6308,1,92613033873,17769042,0
92.646,2,92628279909,17704036,0
92.6485,1,92630802915,17704036,0
92.6515,0,92625756903,25721054,0
92.6542,2,92645983945,8234224,0
92.6567,1,92648506951,8234224,0
92.6644,0,92651477957,12895236,0
92.6694,1,92656741175,12622024,0
92.6745,0,92664373193,10135018,0
92.677,2,92654218169,22813048,0
92.6796,1,92669363199,10191024,0
92.69,0,92674508211,15514036,0
92.7028,0,92690022247,12821224,0
92.7054,2,92677031217,28335260,0
92.7079,1,92679554223,28335260,0
92.7156,0,92702843471,12714030,0
92.7205,1,92707889483,12658024,0
92.7256,0,92715557501,10079012,0
92.7282,2,92705366477,22793042,0
92.7307,1,92720547507,10135018,0
92.7333,0,92725636513,7659018,0
92.7358,2,92728159519,7659018,0
92.7409,0,92733295531,7594012,0
92.7434,2,92735818537,7594012,0
92.7459,1,92730682525,15253030,0
92.7485,0,92740889543,7650018,0
92.7511,2,92743412549,7650018,0
92.7567,0,92748539561,8124218,0
92.7592,2,92751062567,8124218,0
92.7617,1,92745935555,15774236,0
92.7694,0,92756663779,12687030,0
92.7719,2,92759186785,12687030,0
92.7744,1,92761709791,12687030,0
92.7874,0,92769350809,18046042,0
92.7899,2,92771873815,18046042,0
92.7924,1,92774396821,18046042,0
92.8029,0,92787396851,15463242,0
92.8054,2,92789919857,15463242,0
92.8079,1,92792442863,15463242,0
92.8155,0,92802860093,12676024,0
92.8181,2,92805383099,12676024,0
92.8206,1,92807906105,12676024,0
92.8333,0,92815536117,17733042,0
92.8358,2,92818059123,17733042,0
92.8565,0,92833269159,23206248,0
92.859,2,92835792165,23206248,0
92.8615,1,92820582129,40939290,0
92.8743,0,92856475407,17796042,0
92.8768,2,92858998413,17796042,0
92.8793,1,92861521419,17796042,0
92.8873,0,92874271449,13045030,0
92.8898,2,92876794455,13045030,0
92.8924,1,92879317461,13045030,0
92.9028,0,92887316479,15436242,0
92.9053,2,92889839485,15436242,0
92.9078,1,92892362491,15436242,0
92.9179,2,92905275727,12658024,0
92.9205,1,92907798733,12658024,0
92.9331,0,92902752721,30391066,0
92.9357,2,92917933751,17733042,0
92.9382,1,92920456757,17733042,0
92.9484,0,92933143787,15246036,0
92.9509,2,92935666793,15246036,0
92.9665,1,92938189799,28322254,0
92.9717,0,92948389823,23276242,0
92.9742,2,92950912829,23276242,0
92.9767,1,92966512053,10200024,0
92.9922,2,92974189071,17972036,0
92.9947,1,92976712077,17972036,0
93.0024,0,92971666065,30704066,0
93.0051,2,92992161107,12949236,0
93.0076,1,92994684113,12949236,0
93.0178,0,93002370131,15436242,0
93.0203,2,93005110343,15219036,0
93.033,0,93017806373,15172030,0
93.0355,2,93020329379,15172030,0
93.0431,0,93032978403,10144018,0
93.0456,2,93035501409,10144018,0
93.0506,1,93007633349,43004084,0
93.056,0,93043122421,12850230,0
93.0585,2,93045645427,12850230,0
93.0613,1,93050637433,10703230,0
93.0945,2,93058495657,35960066,0
93.0996,1,93061340663,38269072,0
93.1021,0,93055972651,46160090,0
93.1124,1,93099609735,12839230,0
93.115,0,93102132741,12848230,0
93.1276,1,93112448965,15163030,0
93.1301,0,93114980971,15163030,0
93.1327,2,93094455723,38211284,0
93.1428,1,93127611995,15228036,0
93.1454,0,93130144001,15228036,0
93.1607,1,93142840031,17847236,0
93.1635,0,93145372037,18160236,0
93.1661,2,93132667007,33388272,0
93.1787,1,93160687267,18026036,0
93.1812,0,93163532273,17713036,0
93.1838,2,93166055279,17713036,0
93.1943,1,93178713303,15559036,0
93.1968,0,93181245309,15559036,0
93.1993,2,93183768315,15559036,0
93.2071,1,93194272339,12875230,0
93.2121,2,93199327351,12819224,0
93.2148,1,93207147569,7621012,0
93.2173,0,93196804345,20496242,0
93.2198,2,93212146575,7677018,0
93.2274,1,93214768581,12678030,0
93.23,0,93217300587,12678030,0
93.2325,2,93219823593,12678030,0
93.2376,1,93227446611,10135018,0
93.2401,0,93229978617,10135018,0
93.2426,2,93232501623,10135018,0
93.2452,1,93237581629,7659018,0
93.2478,0,93240113635,7659018,0
93.2503,2,93242636641,7659018,0
93.2581,1,93245240647,12839230,0
93.2606,0,93247772653,12839230,0
93.2685,1,93258079877,10457024,0
93.2736,0,93260611883,12971030,0
93.2761,2,93250295659,25810260,0
93.2863,1,93268536901,17715042,0
93.2938,0,93273582913,20247048,0
93.2967,2,93276105919,20560048,0
93.3018,1,93286251943,15503030,0
93.307,0,93293829961,13215230,0
93.3096,2,93296665967,12902230,0
93.3122,1,93301754973,10417230,0
93.3172,0,93307045191,10200024,0
93.3198,2,93309568197,10200024,0
93.3274,1,93312172203,15219036,0
93.3299,0,93317245215,12687030,0
93.3325,2,93319768221,12687030,0
93.3451,0,93329932245,15163030,0
93.3476,2,93332455251,15163030,0
93.3502,1,93327391239,22858048,0
93.353,0,93345095275,7903224,0
93.3555,2,93347618281,7903224,0
93.371,0,93352998499,17972042,0
93.3735,2,93355521505,17972042,0
93.3837,1,93350249287,33426284,0
93.3887,0,93370970541,17760042,0
93.3913,2,93373493547,17760042,0
93.3992,1,93383675571,15559036,0
93.4068,2,93391253589,15503030,0
93.4146,1,93399234607,15333230,0
93.4171,0,93388730583,28378260,0
93.4247,1,93414567837,10144018,0
93.4272,0,93417108843,10135018,0
93.4298,2,93406756619,23010248,0
93.4349,1,93424711855,10173024,0
93.4374,0,93427243861,10173024,0
93.4399,2,93429766867,10173024,0
93.4476,1,93434884879,12687030,0
93.4528,0,93437416885,15418242,0
93.4579,1,93447571909,10352224,0
93.463,0,93452835127,10144018,0
93.4655,2,93439939891,25562260,0
93.4734,1,93457924133,15514036,0
93.481,0,93462979145,18028042,0
93.4835,2,93465502151,18028042,0
93.4912,0,93481007187,10162018,0
93.4937,2,93483530193,10162018,0
93.5068,2,93493692211,13105224,0
93.5119,1,93473438169,38495278,0
93.5145,0,93491169205,23296248,0
93.5246,1,93511933447,12631024,0
93.5271,0,93514465453,12631024,0
93.5397,1,93524564471,15163030,0
93.5423,0,93527096477,15163030,0
93.5448,2,93506797435,37985078,0
93.5552,1,93539727501,15445242,0
93.5602,2,93544782513,15389236,0
93.5703,1,93555172743,15172030,0
93.5732,0,93542259507,30930272,0
93.5757,2,93560171749,15541036,0
93.5858,0,93573189779,12658024,0
93.5884,2,93575712785,12658024,0
93.596,1,93570344773,25676054,0
93.601,2,93588370809,12649024,0
93.6091,1,93596020827,13123224,0
93.6117,0,93585847803,25828254,0
93.6142,2,93601019833,13179230,0
93.6244,1,93609144051,15219036,0
93.6269,0,93611676057,15219036,0
93.6294,2,93614199063,15219036,0
93.6346,1,93624363087,10200024,0
93.6371,0,93626895093,10200024,0
93.6447,1,93634563111,10117018,0
93.6472,0,93637095117,10117018,0
93.655,1,93644680129,10334224,0
93.66,2,93629418099,30595260,0
93.6626,1,93655014353,7603012,0
93.6651,0,93647212135,17937236,0
93.6677,2,93660013359,7659018,0
93.6756,0,93665149371,10421024,0
93.6781,2,93667672377,10421024,0
93.6807,1,93662617365,18080042,0
93.6832,0,93675570395,7659018,0
93.6858,2,93678093401,7659018,0
93.6883,1,93680697407,7650018,0
93.6934,0,93683229413,10164024,0
93.6959,2,93685752419,10164024,0
93.7063,1,93688347425,17963042,0
93.7089,0,93693393437,15458036,0
93.7217,1,93706310467,15407236,0
93.7242,0,93708851473,15389236,0
93.7268,2,93695916443,30847272,0
93.7369,1,93721717703,15228036,0
93.7395,0,93724240709,15228036,0
93.7496,1,93736945739,12658024,0
93.7521,0,93739468745,12658024,0
93.7624,0,93752126769,10296218,0
93.7649,2,93726763715,38182278,0
93.7726,1,93749603763,23001248,0
93.783,1,93772605011,10392018,0
93.7855,0,93762422987,23097048,0
93.7906,1,93782997029,7603012,0
93.7931,0,93785520035,7603012,0
93.7956,2,93764945993,30700060,0
93.8035,1,93790600041,12895236,0
93.806,0,93793123047,12895236,0
93.8089,2,93795646053,13208236,0
93.819,0,93806018283,12962024,0
93.8316,0,93818980307,12593018,0
93.8341,2,93808854289,25242042,0
93.8367,1,93803495277,33232060,0
93.8393,0,93831573325,7677018,0
93.8418,2,93834096331,7677018,0
93.8519,0,93839250343,12622024,0
93.8622,0,93851872367,10296218,0
93.8647,2,93841773349,22918242,0
93.8724,1,93836727337,35623272,0
93.8749,0,93862168585,12705030,0
93.8774,2,93864691591,12705030,0
93.8829,1,93872350609,10504024,0
93.8854,0,93874873615,10504024,0
93.8879,2,93877396621,10504024,0
93.8981,1,93882854633,15201036,0
93.9006,0,93885377639,15201036,0
93.9031,2,93887900645,15201036,0
93.9138,0,93900578675,13188230,0
93.9163,2,93903101681,13188230,0
93.924,1,93898055669,25902260,0
93.9265,0,93913766905,12714030,0
93.929,2,93916289911,12714030,0
93.9392,1,93923957929,15219036,0
93.9417,0,93926480935,15219036,0
93.9442,2,93929003941,15219036,0
93.9571,1,93939176965,17959248,0
93.9621,2,93944222977,17903242,0
93.9698,1,93957136213,12685024,0
93.9723,0,93941699971,30644272,0
93.9749,2,93962126219,12741030,0
93.9828,1,93969821237,12962030,0
93.9853,0,93972344243,12962030,0
93.9878,2,93974867249,12962030,0
93.9905,1,93982783267,7677018,0
93.993,0,93985306273,7677018,0
93.9981,1,93990460285,7594012,0
94.0006,0,93992983291,7594012,0
94.0059,1,93998054297,7811218,0
94.0084,0,94000577303,7811218,0
94.0109,2,93987829279,23082248,0
94.0138,1,94005865515,7972018,0
94.0164,0,94008388521,7972018,0
94.0189,2,94010911527,7972018,0
94.0265,1,94013837533,12678030,0
94.029,0,94016360539,12678030,0
94.0316,2,94018883545,12678030,0
94.0392,1,94026515563,12705030,0
94.0442,2,94031561575,12649024,0
94.0571,1,94039220593,17838236,0
94.0596,0,94029038569,30543266,0
94.0621,2,94044210599,17894242,0
94.0648,1,94057058829,7704018,0
94.0673,0,94059581835,7704018,0
94.0698,2,94062104841,7704018,0
94.08,1,94064762847,15192036,0
94.0825,0,94067285853,15192036,0
94.0853,2,94069808859,15505036,0
94.0955,1,94079954883,15541036,0
94.1005,2,94085313895,15172030,0
94.1084,1,94095495919,12875230,0
94.1109,0,94082477889,28416266,0
94.1134,2,94100485925,12931236,0
94.1189,1,94108371149,10504024,0
94.1214,0,94110894155,10504024,0
94.129,1,94118875173,10117018,0
94.134,2,94113417161,20565036,0
94.1366,1,94128992191,7603012,0
94.1391,0,94121398179,17720030,0
94.1416,2,94133982197,7659018,0
94.1468,1,94136595203,10164024,0
94.1493,0,94139118209,10164024,0
94.1518,2,94141641215,10164024,0
94.1571,1,94146759227,10334224,0
94.1596,0,94149282233,10334224,0
94.1697,1,94157093451,12649024,0
94.1723,0,94159616457,12649024,0
94.1799,1,94169742475,10135018,0
94.1824,0,94172265481,10135018,0
94.1849,2,94151805239,33118266,0
94.1904,1,94179877493,10486024,0
94.1929,0,94182400499,10486024,0
94.1954,2,94184923505,10486024,0
94.2033,1,94190363517,12904236,0
94.2058,0,94192886523,12904236,0
94.2083,2,94195409529,12904236,0
94.216,1,94203267753,12714030,0
94.2188,0,94205790759,13027030,0
94.2213,2,94208313765,13027030,0
94.229,1,94215981783,13018030,0
94.2315,0,94218817789,12705030,0
94.234,2,94221340795,12705030,0
94.2417,0,94231522819,10135018,0
94.2442,2,94234045825,10135018,0
94.2493,1,94228999813,20308042,0
94.2518,0,94241657837,10173024,0
94.2622,1,94249307855,12848230,0
94.2647,0,94251830861,12848230,0
94.2672,2,94244180843,23021254,0
94.2723,1,94262156085,10135018,0
94.2748,0,94264679091,10135018,0
94.2773,2,94267202097,10135018,0
94.28,1,94272291103,7659018,0
94.2825,0,94274814109,7659018,0
94.285,2,94277337115,7659018,0
94.2929,1,94279950121,12991030,0
94.2955,0,94282473127,12991030,0
94.298,2,94284996133,12991030,0
94.3033,1,94292941151,10408230,0
94.3059,0,94295464157,10408230,0
94.3084,2,94297987163,10408230,0
94.3135,1,94303349381,10191024,0
94.3161,0,94305872387,10191024,0
94.3186,2,94308395393,10191024,0
94.3265,1,94313540405,13000030,0
94.3291,0,94316063411,13000030,0
94.3316,2,94318586417,13000030,0
94.3367,1,94326540435,10191024,0
94.3393,0,94329063441,10191024,0
94.3418,2,94331586447,10191024,0
94.3494,1,94336731459,12687030,0
94.3519,0,94339254465,12687030,0
94.3545,2,94341777471,12687030,0
94.3598,1,94349418489,10408230,0
94.3623,0,94351941495,10408230,0
94.3649,2,94354464501,10408230,0
94.37,1,94359826719,10191024,0
94.3725,0,94362349725,10191024,0
94.3751,2,94364872731,10191024,0
94.3802,1,94370017743,10173024,0
94.3827,0,94372540749,10173024,0
94.3852,2,94375063755,10173024,0
94.3932,1,94380190767,13000030,0
94.3957,0,94382713773,13000030,0
94.3982,2,94385236779,13000030,0
94.4034,1,94393190797,10191024,0
94.4061,0,94395713803,10408230,0
94.4086,2,94398236809,10408230,0
94.4138,1,94403381821,10390230,0
94.4163,0,94406122033,10173024,0
94.4188,2,94408645039,10173024,0
94.4243,1,94413772051,10486024,0
94.4292,2,94418818063,10430018,0
94.4319,1,94424258075,7603012,0
94.4344,0,94416295057,18089036,0
94.4369,2,94429248081,7659018,0
94.4445,1,94431861087,12678030,0
94.4471,0,94434384093,12678030,0
94.4496,2,94436907099,12678030,0
94.4547,1,94444539117,10191024,0
94.4599,2,94449585129,10352224,0
94.47,0,94447062123,22983248,0
94.4726,2,94459937353,12631024,0
94.4802,1,94454730141,25497254,0
94.4828,0,94470045371,12705030,0
94.4853,2,94472568377,12705030,0
94.4958,1,94480227395,15532036,0
94.4983,0,94482750401,15532036,0
94.5008,2,94485273407,15532036,0
94.5062,1,94495759431,10417230,0
94.5112,2,94500805443,10361224,0
94.5138,1,94506176661,7603012,0
94.5163,0,94498282437,18020242,0
94.5188,2,94511166667,7659018,0
94.5214,1,94513779673,7650018,0
94.5243,0,94516302679,7963018,0
94.5268,2,94518825685,7963018,0
94.5319,1,94521429691,10477024,0
94.5344,0,94524265697,10164024,0
94.537,2,94526788703,10164024,0
94.5421,1,94531906715,10173024,0
94.5446,0,94534429721,10173024,0
94.5471,2,94536952727,10173024,0
94.5523,1,94542079739,10173024,0
94.555,0,94544602745,10390230,0
94.5575,2,94547125751,10390230,0
94.5626,1,94552252763,10390230,0
94.5652,0,94554992975,10173024,0
94.5677,2,94557515981,10173024,0
94.5728,1,94562642993,10173024,0
94.5753,0,94565165999,10173024,0
94.5779,2,94567689005,10173024,0
94.583,1,94572816017,10173024,0
94.5855,0,94575339023,10173024,0
94.588,2,94577862029,10173024,0
94.5932,1,94582989041,10173024,0
94.596,0,94585512047,10486024,0
94.5985,2,94588035053,10486024,0
94.6039,1,94593162065,10703230,0
94.6064,0,94595998071,10390230,0
94.6089,2,94598521077,10390230,0
94.6141,1,94603865295,10191024,0
94.6166,0,94606388301,10191024,0
94.6191,2,94608911307,10191024,0
94.6242,1,94614056319,10173024,0
94.6295,2,94619102331,10430018,0
94.6321,1,94624229343,7916012,0
94.6347,0,94616579325,18089036,0
94.6372,2,94629532349,7659018,0
94.6448,0,94634668361,10108018,0
94.6473,2,94637191367,10108018,0
94.6499,1,94632145355,17767036,0
94.6524,0,94644776379,7659018,0
94.655,2,94647299385,7659018,0
94.6578,1,94649912391,7867224,0
94.6603,0,94652435397,7867224,0
94.6654,1,94657779615,7603012,0
94.6679,0,94660302621,7603012,0
94.6704,2,94654958403,15470236,0
94.673,1,94665382627,7650018,0
94.6756,0,94667905633,7650018,0
94.6781,2,94670428639,7650018,0
94.6807,1,94673032645,7650018,0
94.6832,0,94675555651,7650018,0
94.6857,2,94678078657,7650018,0
94.6883,1,94680682663,7650018,0
94.6933,2,94685728675,7594012,0
94.6959,1,94688332681,7594012,0
94.6988,0,94683205669,15557030,0
94.7013,2,94693322687,7963018,0
94.7041,1,94695926693,8180224,0
94.7066,0,94698762699,7867224,0
94.7092,2,94701285705,7867224,0
94.7118,1,94704106917,7650018,0
94.7143,0,94706629923,7650018,0
94.7168,2,94709152929,7650018,0
94.7194,1,94711756935,7650018,0
94.7219,0,94714279941,7650018,0
94.7245,2,94716802947,7650018,0
94.7299,1,94719406953,10477024,0
94.7324,0,94721929959,10477024,0
94.7349,2,94724452965,10477024,0
94.7401,1,94729883977,10173024,0
94.7426,0,94732406983,10173024,0
94.7451,2,94734929989,10173024,0
94.753,1,94740057001,12904236,0
94.7555,0,94742580007,12904236,0
94.758,2,94745103013,12904236,0
94.7657,1,94752961237,12714030,0
94.7682,0,94755484243,12714030,0
94.7707,2,94758007249,12714030,0
94.7783,0,94768198273,10135018,0
94.7809,2,94770721279,10135018,0
94.7835,1,94765675267,17794036,0
94.7885,2,94780856297,7603012,0
94.7911,1,94783469303,7594012,0
94.7936,0,94778333291,15253030,0
94.7961,2,94788459309,7650018,0
94.8015,1,94791063315,10477024,0
94.8043,0,94793586321,10694230,0
94.8068,2,94796109327,10694230,0
94.8119,1,94801540339,10390230,0
94.8145,0,94804280551,10173024,0
94.8195,1,94811930569,7603012,0
94.8221,0,94814453575,7603012,0
94.8246,2,94806803557,17776036,0
94.8272,1,94819533581,7650018,0
94.8297,0,94822056587,7650018,0
94.8325,2,94824579593,7963018,0
94.8377,1,94827183599,10477024,0
94.8402,0,94829706605,10477024,0
94.8427,2,94832542611,10164024,0
94.8503,0,94840183629,10117018,0
94.853,2,94842706635,10334224,0
94.8557,1,94837660623,17993242,0
94.8582,0,94850300647,7876224,0
94.8632,1,94855653865,7594012,0
94.8658,0,94858176871,7594012,0
94.8683,2,94853040859,15253030,0
94.8709,1,94863247877,7650018,0
94.8734,0,94865770883,7650018,0
94.8759,2,94868293889,7650018,0
94.8785,1,94870897895,7650018,0
94.8811,0,94873420901,7650018,0
94.8836,2,94875943907,7650018,0
94.8862,1,94878547913,7650018,0
94.8887,0,94881070919,7650018,0
94.8912,2,94883593925,7650018,0
94.8938,1,94886197931,7650018,0
94.8964,0,94888720937,7650018,0
94.8989,2,94891243943,7650018,0
94.9045,1,94893847949,10694230,0
94.9071,0,94896370955,10694230,0
94.9096,2,94898893961,10694230,0
94.9147,1,94904542179,10173024,0
94.9172,0,94907065185,10173024,0
94.9198,2,94909588191,10173024,0
94.9324,1,94914715203,17715042,0
94.9353,0,94917238209,18028042,0
94.9378,2,94919761215,18028042,0
94.943,1,94932430245,10531024,0
94.9455,0,94935266251,10218024,0
94.948,2,94937789257,10218024,0
94.9534,1,94942961269,10390230,0
94.9583,2,94948007281,10334224,0
94.961,1,94953351499,7603012,0
94.9635,0,94945484275,17993242,0
94.966,2,94958341505,7659018,0
94.9686,1,94960954511,7650018,0
94.9711,0,94963477517,7650018,0
94.9737,2,94966000523,7650018,0
94.9788,1,94968604529,10164024,0
94.9838,2,94973650541,10108018,0
94.9889,1,94978768553,10117018,0
94.9914,0,94971127535,20281042,0
94.9939,2,94983758559,10173024,0
94.9991,1,94988885571,10173024,0
95.0016,0,94991408577,10173024,0
95.0096,1,94999058595,10591224,0
95.0122,0,95001581601,10591224,0
95.0147,2,94993931583,20764248,0
95.0173,1,95009649819,7677018,0
95.0198,0,95012172825,7677018,0
95.0224,2,95014695831,7677018,0
95.03,1,95017326837,12678030,0
95.0325,0,95019849843,12678030,0
95.0351,2,95022372849,12678030,0
95.0455,0,95032527873,12962024,0
95.048,2,95035050879,12962024,0
95.0534,1,95030004867,23370254,0
95.0559,0,95045489897,10408230,0
95.0584,2,95048012903,10408230,0
95.0686,1,95053375121,15219036,0
95.0711,0,95055898127,15219036,0
95.0736,2,95058421133,15219036,0
95.0863,1,95068594157,17742042,0
95.0889,0,95071117163,17742042,0
95.1015,1,95086336199,15192030,0
95.1067,2,95073640169,33095272,0
95.1172,1,95101528229,15646230,0
95.1197,0,95088859205,30838260,0
95.1222,2,95106735441,15485030,0
95.1249,1,95117174459,7686018,0
95.1274,0,95119697465,7686018,0
95.1299,2,95122220471,7686018,0
95.1375,1,95124860477,12678030,0
95.1404,0,95127383483,12991030,0
95.1429,2,95129906489,12991030,0
95.1531,1,95137538507,15532036,0
95.1583,2,95142897519,15380236,0
95.1659,1,95153070543,12875230,0
95.1685,0,95140374513,28094266,0
95.171,2,95158277755,12714030,0
95.1837,1,95165945773,17733042,0
95.1862,0,95168468779,17733042,0
95.1887,2,95170991785,17733042,0
95.1938,1,95183678815,10162018,0
95.1988,2,95188724827,10106012,0
95.2014,1,95193840833,7603012,0
95.2042,0,95186201821,17982236,0
95.2067,2,95198830839,7876224,0
95.2118,0,95204184057,7594012,0
95.2143,2,95206707063,7594012,0
95.2169,1,95201443845,15461236,0
95.2194,0,95211778069,7650018,0
95.222,2,95214301075,7650018,0
95.2246,1,95216905081,7650018,0
95.2271,0,95219428087,7650018,0
95.2296,2,95221951093,7650018,0
95.2372,1,95224555099,12678030,0
95.2398,0,95227078105,12678030,0
95.2426,2,95229601111,12991030,0
95.2503,1,95237233129,13018030,0
95.2706,1,95250251159,20354242,0
95.2731,0,95239756135,33372272,0
95.2909,1,95270605401,20245042,0
95.2934,0,95273128407,20245042,0
95.2984,2,95242592141,55825314,0
95.3038,1,95290850443,12902230,0
95.3063,0,95293373449,12902230,0
95.3114,2,95298417455,12958236,0
95.3193,1,95303752673,15541036,0
95.3218,0,95306275679,15541036,0
95.3319,2,95311375691,20569048,0
95.3448,2,95331944739,12886018,0
95.3499,1,95319293709,30601060,0
95.3524,0,95321816715,30601060,0
95.3603,2,95344830757,15436242,0
95.3653,1,95349894769,15445242,0
95.3755,2,95360266999,15192030,0
95.3856,1,95365340011,20220042,0
95.3957,1,95385560053,10115012,0
95.3982,0,95352417775,45780296,0
95.4035,2,95375459029,28065260,0
95.4086,1,95395675065,12904236,0
95.4165,2,95403524289,12962024,0
95.4265,0,95398198071,28279254,0
95.4316,2,95416486313,15109024,0
95.4366,0,95426477325,10144018,0
95.4442,1,95408579301,35636054,0
95.4471,0,95436621343,10430018,0
95.4522,2,95431595337,20574036,0
95.4549,1,95444215355,10703230,0
95.4574,0,95447051361,10390230,0
95.4626,2,95452169373,10390230,0
95.4676,0,95457441591,10135018,0
95.4702,2,95462559603,7621012,0
95.4727,1,95454918585,17794036,0
95.4752,0,95467576609,7659018,0
95.4778,2,95470180615,7650018,0
95.4829,1,95472712621,10164024,0
95.4905,2,95477830633,12622024,0
95.493,1,95482876645,10117018,0
95.4955,0,95475235627,20281042,0
95.5083,2,95490452657,17894242,0
95.5109,1,95492993663,17876242,0
95.516,2,95508346899,7657012,0
95.5213,0,95495516669,25790248,0
95.5239,2,95516003911,7907012,0
95.5264,1,95510869905,15564024,0
95.5315,2,95523910923,7594012,0
95.534,1,95526433929,7594012,0
95.5366,0,95521306917,15244030,0
95.5392,2,95531504935,7650018,0
95.5417,1,95534027941,7650018,0
95.5467,2,95539154953,7594012,0
95.5496,1,95541677959,7907012,0
95.5521,0,95536550947,15557030,0
95.5549,2,95546748965,8180224,0
95.5575,1,95549584971,7867224,0
95.56,0,95552107977,7867224,0
95.5626,2,95554929189,7650018,0
95.5651,1,95557452195,7650018,0
95.5676,0,95559975201,7650018,0
95.5702,2,95562579207,7650018,0
95.5728,1,95565102213,7650018,0
95.5753,0,95567625219,7650018,0
95.5804,2,95570229225,10164024,0
95.5829,1,95572752231,10164024,0
95.5854,0,95575275237,10164024,0
95.5906,2,95580393249,10173024,0
95.5956,0,95585439261,10117018,0
95.6034,2,95590566273,12848230,0
95.6059,1,95582916255,23021254,0
95.6085,0,95595556279,12904236,0
95.6186,1,95605937509,12649024,0
95.6214,0,95608460515,12962024,0
95.6266,2,95603414503,23153048,0
95.6316,0,95621422539,10135018,0
95.6417,1,95618586533,23079042,0
95.6442,0,95631557557,12631024,0
95.6493,2,95626567551,22766042,0
95.6522,1,95641665575,10504024,0
95.665,1,95652169599,12792224,0
95.6675,0,95644188581,23296248,0
95.6776,1,95664961823,12658024,0
95.6801,0,95667484829,12658024,0
95.6853,2,95649333593,35954272,0
95.6903,0,95680142853,10135018,0
95.6929,2,95685287865,7603012,0
95.6954,1,95677619847,17794036,0
95.6979,0,95690277871,7659018,0
95.7057,1,95695413883,10325224,0
95.7083,0,95697936889,10325224,0
95.7134,2,95692890877,20516248,0
95.7184,0,95708262113,10135018,0
95.7238,2,95713407125,10430018,0
95.7264,1,95705739107,20621042,0
95.7289,0,95718397131,10486024,0
95.734,2,95723837143,10173024,0
95.7365,1,95726360149,10173024,0
95.7391,0,95728883155,10173024,0
95.7442,2,95734010167,10173024,0
95.7517,2,95744183191,7549006,0
95.7546,1,95736533173,18035030,0
95.7573,0,95739056179,18252236,0
95.7624,2,95751732197,10694230,0
95.7649,1,95754568203,10381230,0
95.7675,0,95757308415,10164024,0
95.7726,2,95762426427,10173024,0
95.7751,1,95764949433,10173024,0
95.7776,0,95767472439,10173024,0
95.7828,2,95772599451,10173024,0
95.7853,1,95775122457,10173024,0
95.7929,2,95782772475,10117018,0
95.7979,0,95777645463,20234036,0
95.8032,2,95792889493,10334224,0
95.8057,1,95785295481,20451242,0
95.8083,0,95797879499,10390230,0
95.8159,2,95803223717,12705030,0
95.8185,1,95805746723,12705030,0
95.821,0,95808269729,12705030,0
95.8264,2,95815928747,10504024,0
95.829,1,95818451753,10504024,0
95.8315,0,95820974759,10504024,0
95.8391,2,95826432771,12687030,0
95.8416,1,95828955777,12687030,0
95.8442,0,95831478783,12687030,0
95.8518,2,95839119801,12705030,0
95.8649,2,95851824831,13123230,0
95.8675,1,95841642807,25828260,0
95.87,0,95844165813,25828260,0
95.8877,2,95864948061,22770054,0
95.8902,1,95867471067,22770054,0
95.8928,0,95869994073,22770054,0
95.9108,2,95887718115,23032260,0
95.9133,1,95890241121,23032260,0
95.9158,0,95892764127,23032260,0
95.9313,2,95910750375,20558042,0
95.9338,1,95913273381,20558042,0
95.9439,2,95931308417,12631018,0
95.9465,1,95933831423,12631018,0
95.949,0,95915796387,33189060,0
95.9569,2,95943939435,12922236,0
95.9597,1,95946462441,13235236,0
95.9622,0,95948985447,13235236,0
95.9698,1,95959697677,10135018,0
95.9724,0,95962220683,10135018,0
95.9775,2,95956861671,20621042,0
95.98,1,95969832695,10173024,0
95.9825,0,95972355701,10173024,0
95.9902,2,95977482713,12687030,0
95.9952,0,95982528725,12631024,0
95.9978,2,95990169743,7621012,0
96.0003,1,95980005719,20308042,0
96.0031,0,95995159749,7894224,0
96.0057,2,95997790755,7867224,0
96.0082,1,96000313761,7867224,0
96.0208,2,96005657979,15136030,0
96.0233,1,96008180985,15136030,0
96.0258,0,96003053973,22786048,0
96.0363,1,96023317015,12971024,0
96.0388,0,96025840021,12971024,0
96.044,2,96020794009,23162048,0
96.0465,1,96036288039,10191024,0
96.0516,2,96043956057,7603012,0
96.0541,1,96046479063,7603012,0
96.0568,0,96038811045,18011242,0
96.0648,2,96051559069,13208236,0
96.0673,1,96054082075,13208236,0
96.0698,0,96056822287,12991030,0
96.0875,1,96067290311,20191042,0
96.09,0,96069813317,20191042,0
96.1001,1,96087481353,12631018,0
96.1026,0,96090004359,12631018,0
96.1105,1,96100112371,10352224,0
96.113,0,96102635377,10352224,0
96.1205,2,96064767305,55722302,0
96.1231,1,96110464595,12593018,0
96.1256,0,96112987601,12593018,0
96.1307,1,96123057613,7621012,0
96.1335,0,96125580619,7934012,0
96.1361,2,96120489607,15584030,0
96.1386,1,96130678625,7963018,0
96.1412,0,96133514631,7650018,0
96.1437,2,96136073637,7650018,0
96.1488,1,96138641643,10164024,0
96.1513,0,96141164649,10164024,0
96.1566,2,96143723655,12895236,0
96.1592,1,96148805667,10390230,0
96.1617,0,96151328673,10390230,0
96.1671,2,96156618891,10513024,0
96.1722,0,96161718903,10448018,0
96.1747,2,96167131915,7603012,0
96.1823,0,96172166921,10117018,0
96.1848,2,96174734927,10108018,0
96.1874,1,96159195897,28224054,0
96.1899,0,96182283939,7659018,0
96.1925,2,96184842945,7659018,0
96.1975,0,96189942957,7594012,0
96.2026,2,96192501963,10108018,0
96.2054,1,96187419951,17975242,0
96.2079,0,96197536969,10381230,0
96.2155,2,96202609981,12904236,0
96.2206,1,96205395193,15201036,0
96.2231,0,96207918199,15201036,0
96.2257,2,96215514217,10191024,0
96.2308,1,96220596229,10200024,0
96.2336,0,96223119235,10523774,0
96.2362,2,96225705241,10496774,0
96.2463,0,96233643009,12631024,0
96.2488,2,96236202015,12631024,0
96.2514,1,96230796253,20631792,0
96.254,0,96246274033,7677018,0
96.2567,2,96248833039,7894224,0
96.2593,1,96251428045,7867224,0
96.2618,0,96253951051,7867224,0
96.2672,2,96256727263,10486024,0
96.2698,1,96259295269,10486024,0
96.2723,0,96261818275,10486024,0
96.2774,2,96267213287,10173024,0
96.2824,0,96272304299,10117018,0
96.285,2,96277386311,7603012,0
96.2876,1,96269781293,17776036,0
96.2901,0,96282421317,7659018,0
96.2926,2,96284989323,7650018,0
96.2977,0,96290080335,7594012,0
96.3002,2,96292639341,7594012,0
96.303,1,96287557329,15461236,0
96.3055,0,96297674347,7867224,0
96.3081,2,96300233353,7867224,0
96.3107,1,96303018565,7659018,0
96.3132,0,96305541571,7659018,0
96.3158,2,96308100577,7659018,0
96.3183,1,96310677583,7650018,0
96.3209,0,96313200589,7650018,0
96.3234,2,96315759595,7650018,0
96.3285,1,96318327601,10164024,0
96.331,0,96320850607,10164024,0
96.3336,2,96323409613,10164024,0
96.339,1,96328491625,10486024,0
96.344,2,96333573637,10430018,0
96.3491,1,96338977649,10117018,0
96.3516,0,96331014631,20603042,0
96.3544,2,96344003655,10390230,0
96.3594,0,96351617673,7820218,0
96.362,2,96354393885,7621012,0
96.3646,1,96349094667,15479236,0
96.3696,2,96362014897,7594012,0
96.3722,1,96364573903,7594012,0
96.3747,0,96359437891,15253030,0
96.3798,2,96369608909,10164024,0
96.3823,1,96372167915,10164024,0
96.3874,2,96379772933,7603012,0
96.3899,1,96382331939,7603012,0
96.3925,0,96374690921,17767036,0
96.3975,1,96389934951,7594012,0
96.4001,0,96392457957,7594012,0
96.4028,2,96387375945,15461236,0
96.4054,1,96397528963,7867224,0
96.4079,0,96400051969,7867224,0
96.4105,2,96402837181,7650018,0
96.413,1,96405396187,7650018,0
96.4156,0,96407919193,7650018,0
96.4181,2,96410487199,7650018,0
96.4232,1,96413046205,10164024,0
96.4257,0,96415569211,10164024,0
96.4333,2,96418137217,15192036,0
96.4412,1,96423210229,18028042,0
96.4438,0,96425733235,18028042,0
96.4539,0,96443761277,10106012,0
96.4567,2,96433329253,23332248,0
96.4617,0,96453867289,7820218,0
96.4668,2,96456661501,10117018,0
96.4693,1,96441238271,28099254,0
96.4722,0,96461687507,10486024,0
96.4798,2,96466778519,13000030,0
96.4823,1,96469337525,13000030,0
96.4849,0,96472173531,12687030,0
96.49,2,96479778549,10191024,0
96.495,1,96482337555,12705030,0
96.4976,0,96484860561,12705030,0
96.5029,2,96489969573,12904236,0
96.5079,0,96497565591,10352224,0
96.5155,2,96502873809,12649024,0
96.5181,1,96495042585,23039254,0
96.5206,0,96507917815,12687030,0
96.5358,2,96515522833,20247048,0
96.5412,1,96518081839,23074054,0
96.5437,0,96520604845,23074054,0
96.554,2,96535769881,18243242,0
96.5591,1,96541155893,17948242,0
96.5616,0,96543678899,17948242,0
96.5718,1,96559104135,12685024,0
96.5746,0,96561627141,12998024,0
96.5822,2,96554013123,28217060,0
96.5873,0,96574625165,12649024,0
96.5924,2,96582230183,10144018,0
96.5975,1,96571789159,25667054,0
96.6,0,96587274189,12705030,0
96.6028,2,96592374201,10390230,0
96.6104,1,96597456213,12922236,0
96.6129,0,96599979219,12922236,0
96.6205,2,96602764431,17733042,0
96.6256,1,96610378449,15228036,0
96.6281,0,96612901455,15228036,0
96.6383,1,96625606485,12658024,0
96.6408,0,96628129491,12658024,0
96.6462,2,96620497473,25694054,0
96.6565,1,96638264509,18263248,0
96.6591,0,96640787515,18263248,0
96.6616,2,96646191527,15436242,0
96.6743,1,96656527757,17760042,0
96.6796,2,96661627769,17999036,0
96.6897,0,96659050763,30693060,0
96.6923,2,96679626805,12676024,0
96.6949,1,96674287799,20610036,0
96.6974,0,96689743823,7677018,0
96.7,2,96692302829,7677018,0
96.7075,1,96694897835,12622024,0
96.7103,0,96697420841,12839230,0
96.7128,2,96699979847,12839230,0
96.7179,0,96710260071,7621012,0
96.7204,2,96712819077,7621012,0
96.7255,1,96707519859,18002242,0
96.728,0,96717881083,10164024,0
96.7306,2,96720440089,10164024,0
96.7407,1,96725522101,15145030,0
96.7432,0,96728045107,15145030,0
96.7461,2,96730604113,15458030,0
96.7511,0,96743190137,7943012,0
96.7562,2,96746062143,10088012,0
96.7589,1,96740667131,18268236,0
96.7615,0,96751133149,10325224,0
96.7665,2,96756150155,10390230,0
96.7691,1,96758935367,10191024,0
96.7716,0,96761458373,10191024,0
96.7821,1,96769126391,12944024,0
96.7846,0,96771649397,12944024,0
96.7922,0,96784593421,7565006,0
96.7972,2,96766540385,30682054,0
96.8023,0,96792158427,10108018,0
96.8076,2,96797222439,10334224,0
96.8101,1,96782070415,28063254,0
96.8127,0,96802266445,10390230,0
96.8203,1,96810133669,10135018,0
96.8228,0,96812656675,10135018,0
96.8254,2,96807556663,17794036,0
96.8279,1,96820268687,7659018,0
96.8305,0,96822791693,7659018,0
96.838,1,96827927705,10108018,0
96.8406,0,96830450711,10108018,0
96.8431,2,96825350699,17767036,0
96.851,1,96838035723,13000030,0
96.8536,0,96840558729,13000030,0
96.8588,2,96843117735,15722242,0
96.864,1,96851035753,12922236,0
96.8665,0,96853558759,12922236,0
96.8766,1,96863957989,12649024,0
96.8794,0,96866480995,12962024,0
96.882,2,96858839977,23171048,0
96.8846,1,96876607013,7990018,0
96.8871,0,96879443019,7677018,0
96.8897,2,96882011025,7650018,0
96.8948,1,96884597031,10164024,0
96.8973,0,96887120037,10164024,0
96.8998,2,96889661043,10164024,0
96.9052,1,96894761055,10390230,0
96.9077,0,96897284061,10390230,0
96.9127,2,96899825067,12904236,0
96.9178,1,96905151285,12687030,0
96.9204,0,96907674291,12687030,0
96.9229,2,96912729303,10191024,0
96.9305,1,96917838315,12705030,0
96.9356,2,96922920327,12631024,0
96.9407,1,96930543345,10135018,0
96.9432,0,96920361321,22840048,0
96.9457,2,96935551351,10191024,0
96.9588,2,96945742375,13105224,0
96.9664,1,96940678363,25754248,0
96.969,0,96943201369,25754248,0
96.9715,2,96958847599,12649024,0
96.9741,1,96966432611,7677018,0
96.9766,0,96968955617,7677018,0
96.9792,2,96971496623,7677018,0
96.9846,1,96974109629,10477024,0
96.9896,2,96979173641,10421018,0
96.9922,1,96984586653,7603012,0
96.9947,0,96976632635,18080036,0
96.9973,2,96989594659,7659018,0
97.0023,1,96992189665,10108018,0
97.0048,0,96994712671,10108018,0
97.0076,2,96997253677,10325224,0
97.0102,1,97002297683,7876224,0
97.0127,0,97004820689,7876224,0
97.0152,2,97007578901,7659018,0
97.0178,1,97010173907,7650018,0
97.0203,0,97012696913,7650018,0
97.0229,2,97015237919,7650018,0
97.0305,0,97020346931,10108018,0
97.033,2,97022887937,10108018,0
97.0356,1,97017823925,17767036,0
97.0381,0,97030454949,7659018,0
97.0407,2,97032995955,7659018,0
97.0432,1,97035590961,7650018,0
97.0458,0,97038113967,7650018,0
97.0483,2,97040654973,7650018,0
97.0539,1,97043240979,10694230,0
97.0565,0,97045763985,10694230,0
97.059,2,97048304991,10694230,0
97.0641,1,97053935209,10191024,0
97.0666,0,97056458215,10191024,0
97.0692,2,97058999221,10191024,0
97.0768,1,97064126233,12687030,0
97.0793,0,97066649239,12687030,0
97.0873,1,97076813263,10448024,0
97.0898,0,97079336269,10448024,0
97.0923,2,97069190245,23135054,0
97.1024,2,97092325299,10061012,0
97.1077,1,97087261287,20451242,0
97.1102,0,97089784293,20451242,0
97.1128,2,97102386311,10390230,0
97.1179,1,97107712529,10191024,0
97.1229,2,97112776541,10135018,0
97.128,1,97117903553,10117018,0
97.1305,0,97110235535,20308042,0
97.1331,2,97122911559,10173024,0
97.1407,1,97128020571,12687030,0
97.1432,0,97130543577,12687030,0
97.1483,2,97133084583,15201036,0
97.1615,1,97140707601,20777254,0
97.164,0,97143230607,20777254,0
97.1666,2,97148285619,18272248,0
97.1767,0,97164007861,12703024,0
97.1792,2,97166557867,12685024,0
97.1872,1,97161484855,25721054,0
97.1922,2,97179242891,12962024,0
97.1998,0,97176710885,23097042,0
97.2023,2,97192204915,10135018,0
97.2052,1,97187205909,17955236,0
97.2077,0,97199807927,7876224,0
97.2102,2,97202339933,7876224,0
97.2128,1,97205161145,7659018,0
97.2153,0,97207684151,7659018,0
97.2254,1,97212820163,12622024,0
97.228,0,97215343169,12622024,0
97.2305,2,97210216157,20281042,0
97.2381,0,97227965193,10135018,0
97.2406,2,97230497199,10135018,0
97.2432,1,97225442187,17794036,0
97.2458,0,97238100211,7659018,0
97.2508,2,97240632217,10173024,0
97.259,1,97243236223,15722242,0
97.264,2,97250805241,13161230,0
97.2666,1,97258958465,7630012,0
97.2716,2,97263966471,7621012,0
97.2742,1,97266588477,7594012,0
97.2767,0,97245759229,30946266,0
97.2792,2,97271587483,7650018,0
97.2818,1,97274182489,7650018,0
97.2844,0,97276705495,7650018,0
97.2869,2,97279237501,7650018,0
97.2898,1,97281832507,7963018,0
97.2923,0,97284355513,7963018,0
97.2949,2,97286887519,7963018,0
97.2974,1,97289795525,7650018,0
97.3,0,97292318531,7650018,0
97.3103,1,97297445543,12839230,0
97.3128,0,97299968549,12839230,0
97.3153,2,97294850537,20489248,0
97.3255,0,97312807779,12649024,0
97.328,2,97315339785,12649024,0
97.3381,0,97325456803,12649024,0
97.3406,2,97327988809,12649024,0
97.3458,1,97310284773,35489072,0
97.3483,0,97338105827,10191024,0
97.3508,2,97340637833,10191024,0
97.3562,1,97345773845,10390230,0
97.3615,2,97350828857,10647230,0
97.3641,1,97356164075,7934018,0
97.3666,0,97348296851,18324248,0
97.3742,1,97364098093,10108018,0
97.3767,0,97366621099,10108018,0
97.3793,2,97361476087,17785036,0
97.3894,1,97374206111,15201036,0
97.3922,0,97376729117,15514036,0
97.3948,2,97379261123,15514036,0
97.3999,1,97389407147,10513024,0
97.4024,0,97392243153,10200024,0
97.4052,2,97394775159,10417230,0
97.4128,0,97402443177,10334224,0
97.4204,1,97399920171,20451242,0
97.4229,0,97412777401,10117018,0
97.4254,2,97405192389,20234036,0
97.4305,1,97420371413,10173024,0
97.4331,0,97422894419,10173024,0
97.4356,2,97425426425,10173024,0
97.4407,1,97430544437,10173024,0
97.4432,0,97433067443,10173024,0
97.4458,2,97435599449,10173024,0
97.4509,1,97440717461,10173024,0
97.4534,0,97443240467,10173024,0
97.4562,2,97445772473,10390230,0
97.4641,1,97450890485,13217236,0
97.4666,0,97453413491,13217236,0
97.4692,2,97456162703,13018030,0
97.4743,1,97464107721,10200024,0
97.4768,0,97466630727,10200024,0
97.4794,2,97469180733,10191024,0
97.487,1,97474307745,12687030,0
97.492,2,97479371757,12631024,0
97.5,1,97486994775,12962024,0
97.5077,2,97492002781,15693236,0
97.5128,1,97499956799,12866230,0
97.5153,0,97476830751,38515284,0
97.5204,2,97507696017,12714030,0
97.528,1,97512823029,15219036,0
97.5356,2,97520410047,15163030,0
97.5407,1,97528042065,12658024,0
97.5432,0,97515346035,27877060,0
97.5458,2,97535573077,10200024,0
97.5583,0,97543223095,15107024,0
97.5611,2,97545773101,15306230,0
97.5637,1,97540700089,23010248,0
97.5665,0,97558330119,8216224,0
97.5691,2,97561079331,8017018,0
97.5717,1,97563710337,7972018,0
97.5792,2,97569096349,10108018,0
97.5843,0,97566546343,17711030,0
97.5868,2,97579204367,7603012,0
97.5919,1,97571682355,20225036,0
97.5944,0,97584257373,10173024,0
97.5973,2,97586807379,10477024,0
97.6024,1,97591907391,10486024,0
97.6099,2,97597284403,12575018,0
97.6127,1,97602393415,10278218,0
97.6152,0,97594430397,20764242,0
97.6178,2,97609859421,7894224,0
97.6203,1,97612671633,7677018,0
97.6229,0,97615194639,7677018,0
97.6254,2,97617753645,7659018,0
97.633,1,97620348651,12678030,0
97.6355,0,97622871657,12678030,0
97.6457,1,97633026681,12649024,0
97.6482,0,97635549687,12649024,0
97.6507,2,97625412663,25327054,0
97.6586,0,97648198711,10352224,0
97.6611,2,97650739717,10352224,0
97.6662,1,97645675705,20543248,0
97.6691,0,97658550935,10504024,0
97.6716,2,97661091941,10504024,0
97.6792,1,97666218953,13000030,0
97.6817,0,97669054959,12687030,0
97.6868,2,97671595965,15201036,0
97.697,1,97679218983,17733042,0
97.6998,0,97681741989,18046042,0
97.7023,2,97686797001,15541036,0
97.7102,1,97696952025,13262236,0
97.7127,0,97699788031,12949236,0
97.7153,2,97702338037,12931236,0
97.7204,1,97710214261,10191024,0
97.7229,0,97712737267,10191024,0
97.7255,2,97715269273,10191024,0
97.7305,0,97722928291,7603012,0
97.7331,2,97725460297,7603012,0
97.7357,1,97720405285,15253030,0
97.7382,0,97730531303,7650018,0
97.7407,2,97733063309,7650018,0
97.7433,1,97735658315,7650018,0
97.7458,0,97738181321,7650018,0
97.7484,2,97740713327,7650018,0
97.7562,1,97743308333,12895236,0
97.7587,0,97745831339,12895236,0
97.7613,2,97748363345,12895236,0
97.7689,1,97756203569,12649024,0
97.7717,0,97758726575,12962024,0
97.7742,2,97761258581,12962024,0
97.7818,0,97771688599,10135018,0
97.7844,2,97774220605,10135018,0
97.787,1,97768852593,18107036,0
97.7945,1,97786959629,7538006,0
97.797,0,97781823617,15197024,0
97.7996,2,97784355623,15197024,0
97.8052,1,97794497635,10694230,0
97.8077,0,97797020641,10694230,0
97.8102,2,97799552647,10694230,0
97.8179,1,97805191865,12705030,0
97.8204,0,97807714871,12705030,0
97.823,2,97810246877,12705030,0
97.8306,1,97817896895,12705030,0
97.8331,0,97820419901,12705030,0
97.8407,1,97830601925,10135018,0
97.8433,0,97833124931,10135018,0
97.8508,0,97843259949,7547006,0
97.8536,2,97822951907,30604260,0
97.8562,1,97840736943,15414230,0
97.8612,2,97853556167,7594012,0
97.8637,1,97856151173,7594012,0
97.8663,0,97850806955,15461236,0
97.8688,2,97861150179,7650018,0
97.8714,1,97863745185,7650018,0
97.8742,0,97866268191,7963018,0
97.8768,2,97868800197,7963018,0
97.8794,1,97871395203,7963018,0
97.8819,0,97874231209,7650018,0
97.8844,2,97876763215,7650018,0
97.8945,0,97881881227,12622024,0
97.897,2,97884413233,12622024,0
97.9052,1,97879358221,25857260,0
97.9077,0,97894503251,13235236,0
97.9127,2,97897035257,15693236,0
97.9204,1,97905215481,15163030,0
97.9254,2,97912728493,12658024,0
97.9356,1,97920378511,15172030,0
97.9381,0,97907738487,30335060,0
97.9406,2,97925386517,15219036,0
97.9457,1,97935550541,10144018,0
97.9482,0,97938073547,10144018,0
97.9507,2,97940605553,10144018,0
97.9611,1,97945694559,15418242,0
97.9636,0,97948217565,15418242,0
97.9662,2,97950749571,15418242,0
97.9738,1,97961112801,12714030,0
97.9767,0,97963635807,13027030,0
97.9792,2,97966167813,13027030,0
97.9893,1,97973826831,15476030,0
97.9918,0,97976662837,15163030,0
97.9944,2,97979194843,15163030,0
97.9995,1,97989302861,10200024,0
98.002,0,97991825867,10200024,0
98.0048,2,97994357873,10417230,0
98.0152,1,97999502885,15731242,0
98.0228,2,98004775103,17990036,0
98.0304,1,98015234127,15190030,0
98.0329,0,98002025891,30921272,0
98.0406,1,98030424157,10144018,0
98.0431,0,98032947163,10144018,0
98.0481,2,98022765139,25381054,0
98.0535,1,98040568175,12904236,0
98.056,0,98043091181,12904236,0
98.0686,1,98053472411,15165030,0
98.0712,0,98055995417,15165030,0
98.0762,2,98048146193,28087266,0
98.0816,1,98068637441,12971024,0
98.0841,0,98071160447,12971024,0
98.0892,2,98076233459,12971024,0
98.0968,0,98084131471,12649024,0
98.0993,2,98089204483,10135018,0
98.1069,0,98096780495,10135018,0
98.11,2,98099339501,10647224,0
98.1176,1,98081608465,36001278,0
98.1201,0,98106915513,13217236,0
98.1252,2,98109986725,15219036,0
98.1303,1,98117609743,12714030,0
98.1404,1,98130323773,10079012,0
98.1429,0,98120132749,22793042,0
98.1455,2,98125205761,20261036,0
98.1506,1,98140402785,10173024,0
98.1533,0,98142925791,10390230,0
98.1634,1,98150575809,12850230,0
98.1659,0,98153316021,12633024,0
98.1709,2,98145466797,25481254,0
98.1736,1,98163426039,10135018,0
98.1761,0,98165949045,10135018,0
98.1815,2,98170948051,10513024,0
98.1915,1,98173561057,17972036,0
98.1941,0,98176084063,17972036,0
98.1966,2,98181461075,15145030,0
98.2045,1,98191533093,12949236,0
98.207,0,98194056099,12949236,0
98.2174,0,98207005335,10392018,0
98.2199,2,98196606105,23323254,0
98.225,1,98204482329,20565042,0
98.2276,0,98217397353,10173024,0
98.2326,2,98219929359,12687030,0
98.2428,1,98225047371,17715042,0
98.2453,0,98227570377,17715042,0
98.2503,2,98232616389,17733042,0
98.2632,0,98245285419,17921242,0
98.2683,2,98250349431,17921242,0
98.2785,1,98242762413,35690284,0
98.281,0,98263206661,17769042,0
98.2864,2,98268270673,18082042,0
98.299,1,98278452697,20587048,0
98.3016,0,98280975703,20587048,0
98.3094,2,98286352715,23005260,0
98.3148,1,98299039745,15729242,0
98.3173,0,98301562751,15729242,0
98.3249,2,98309357975,15530036,0
98.335,0,98317291993,17686036,0
98.3401,2,98324888011,15172030,0
98.3477,1,98314768987,32932072,0
98.3554,2,98340060041,15389236,0
98.3656,2,98355449277,10106012,0
98.3682,1,98347701059,20449236,0
98.3707,0,98334978029,35695272,0
98.3732,2,98365555289,7659018,0
98.3758,1,98368150295,7650018,0
98.3783,0,98370673301,7650018,0
98.3833,2,98373214307,10108018,0
98.3862,1,98375800313,10421018,0
98.3938,2,98383322325,10430018,0
98.3988,0,98378323319,20482030,0
98.4014,2,98393752343,7603012,0
98.4042,1,98386221331,17937236,0
98.4067,0,98398805349,7876224,0
98.4092,2,98401355355,7867224,0
98.4143,1,98404158567,10173024,0
98.4172,0,98406681573,10486024,0
98.4247,0,98417167597,7547006,0
98.4273,2,98409222579,18033030,0
98.4374,1,98414331591,23052042,0
98.4399,0,98424714603,15192036,0
98.445,2,98427255609,17706042,0
98.4553,1,98437383633,17959248,0
98.4579,0,98439906639,17959248,0
98.4629,2,98444961651,17977248,0
98.468,1,98455342881,12685024,0
98.4706,0,98457865887,12685024,0
98.4731,2,98462938899,10171018,0
98.4807,1,98468027905,12705030,0
98.4833,0,98470550911,12705030,0
98.4858,2,98473109917,12687030,0
98.4938,1,98480732935,13018030,0
98.4963,0,98483255941,13018030,0
98.4988,2,98485796947,13018030,0
98.5066,1,98493750965,12866230,0
98.5091,0,98496273971,12866230,0
98.5142,2,98498814977,15380236,0
98.5247,1,98506617195,18046042,0
98.5272,0,98509140201,18046042,0
98.5297,2,98514195213,15541036,0
98.5348,1,98524663237,10162018,0
98.5373,0,98527186243,10162018,0
98.5424,1,98534825255,7603012,0
98.545,0,98537348261,7603012,0
98.5475,2,98529736249,17747030,0
98.5501,1,98542428267,7650018,0
98.5528,0,98544951273,7867224,0
98.5554,2,98547483279,7867224,0
98.563,1,98550078285,12895236,0
98.5655,0,98552818497,12678030,0
98.568,2,98555350503,12678030,0
98.5807,1,98562973521,17733042,0
98.5832,0,98565496527,17733042,0
98.5858,2,98568028533,17733042,0
98.5988,1,98580706563,18073042,0
98.6013,0,98583229569,18073042,0
98.6091,1,98598779605,10323218,0
98.6116,0,98601302611,10323218,0
98.6142,2,98585761575,28396260,0
98.6246,1,98609102823,15532036,0
98.6272,0,98611625829,15532036,0
98.6297,2,98614157835,15532036,0
98.6448,0,98627157865,17686036,0
98.6474,2,98629689871,17686036,0
98.6577,0,98644843901,12893230,0
98.6603,2,98647375907,12893230,0
98.673,1,98624634859,48321308,0
98.6755,0,98657737131,17742042,0
98.678,2,98660269137,17742042,0
98.6857,1,98672956167,12732030,0
98.6882,0,98675479173,12732030,0
98.6907,2,98678011179,12732030,0
98.7012,1,98685688197,15532036,0
98.7064,2,98690743209,15693236,0
98.7115,1,98701220233,10305218,0
98.714,0,98688211203,25837254,0
98.7191,2,98706436445,12676024,0
98.7245,1,98711525451,13018030,0
98.7271,0,98714048457,13018030,0
98.7321,2,98719112469,13018030,0
98.7423,1,98724543481,17733042,0
98.7448,0,98727066487,17733042,0
98.7473,2,98732130499,15219036,0
98.7524,1,98742276523,10162018,0
98.755,0,98744799529,10162018,0
98.7577,2,98747349535,10361224,0
98.7653,0,98754961547,10334224,0
98.7678,2,98757710759,10135018,0
98.7754,0,98765295771,10135018,0
98.778,2,98767845777,10117018,0
98.7806,1,98752438541,28128260,0
98.7831,0,98775430789,7659018,0
98.7856,2,98777962795,7659018,0
98.7882,1,98780566801,7650018,0
98.7932,2,98785621813,7594012,0
98.8012,1,98788216819,12935024,0
98.8064,2,98793215825,13152230,0
98.8115,1,98801151843,10352224,0
98.814,0,98783089807,30937266,0
98.8216,1,98811504067,10117018,0
98.8241,0,98814027073,10117018,0
98.827,2,98806368055,20621042,0
98.8321,1,98821621085,10486024,0
98.8346,0,98824144091,10486024,0
98.8397,2,98826989097,12687030,0
98.8498,1,98832107109,17715042,0
98.8523,0,98834630115,17715042,0
98.8551,2,98839676127,15436242,0
98.8677,2,98855112369,12620018,0
98.8729,1,98849822151,23037248,0
98.8754,0,98852345157,23037248,0
98.8779,2,98867732387,10191024,0
98.8855,1,98872859399,12687030,0
98.8881,0,98875382405,12687030,0
98.8931,2,98877923411,15201036,0
98.8982,1,98885546429,12649024,0
98.9007,0,98888069435,12649024,0
98.906,2,98893124447,12875230,0
98.9136,1,98898195453,15436242,0
98.9162,0,98900718459,15436242,0
98.9212,2,98905999677,15163030,0
98.9238,1,98913631695,10144018,0
98.9263,0,98916154701,10144018,0
98.9292,2,98921162707,7999018,0
98.9343,1,98923775713,10486024,0
98.9368,0,98926298719,10486024,0
98.9418,2,98929161725,12678030,0
98.952,1,98934261737,17715042,0
98.9597,2,98941839755,17894242,0
98.9724,2,98959733997,12620018,0
98.975,1,98951976779,22981242,0
98.98,2,98972354015,7621012,0
98.9825,0,98936784743,45713290,0
98.9876,1,98974958021,12622024,0
98.9901,2,98979975027,10164024,0
98.9927,0,98982498033,10164024,0
98.9978,1,98987580045,10191024,0
99.0006,2,98990139051,10486024,0
99.0034,0,98992662057,10703230,0
99.0085,1,98997771069,10703230,0
99.011,2,99000625075,10390230,0
99.0135,0,99003365287,10173024,0
99.0212,1,99008474299,12687030,0
99.0237,2,99011015305,12687030,0
99.0366,1,99021161329,15476030,0
99.0392,2,99023702335,15476030,0
99.0493,1,99036637359,12658024,0
99.0518,2,99039178365,12658024,0
99.0621,0,99013538311,48524296,0
99.0646,1,99049295383,15326230,0
99.0672,2,99051836389,15326230,0
99.0697,0,99062062607,7677018,0
99.0748,1,99064621613,10218024,0
99.0799,2,99067162619,12732030,0
99.0824,0,99069739625,12678030,0
99.0875,1,99074839637,12687030,0
99.0951,0,99082417655,12649024,0
99.1002,1,99087526667,12649024,0
99.1033,2,99079894649,23370254,0
99.1058,0,99095066679,10721230,0
99.1159,1,99100175691,15749242,0
99.1185,2,99103264903,15219036,0
99.121,0,99105787909,15219036,0
99.1287,1,99115924933,12732030,0
99.1312,2,99118483939,12714030,0
99.134,0,99121006945,13027030,0
99.1391,1,99128656963,10448018,0
99.1416,2,99131197969,10448018,0
99.1467,1,99139104981,7603012,0
99.1517,0,99134033975,17682024,0
99.1545,1,99146707993,7811218,0
99.1571,2,99141645987,15414230,0
99.1596,0,99151715999,7867224,0
99.1622,1,99154519211,7659018,0
99.1647,2,99157060217,7659018,0
99.1698,1,99162178229,7594012,0
99.1723,2,99164719235,7594012,0
99.1748,0,99159583223,15253030,0
99.1774,1,99169772241,7650018,0
99.18,2,99172313247,7650018,0
99.1825,0,99174836253,7650018,0
99.1876,1,99177422259,10164024,0
99.1901,2,99179963265,10164024,0
99.1927,0,99182486271,10164024,0
99.2003,1,99187586283,12687030,0
99.2056,0,99192650295,12944030,0
99.2185,2,99190127289,28324266,0
99.221,0,99205594325,15380236,0
99.2261,2,99218451555,7648012,0
99.2286,0,99220974561,7648012,0
99.239,1,99200273313,38725278,0
99.2415,2,99226099567,15449030,0
99.2441,0,99228622573,15449030,0
99.2491,1,99238998591,10144018,0
99.2544,2,99241548597,12875230,0
99.2569,0,99244071603,12875230,0
99.2595,1,99249142609,10390230,0
99.2646,2,99254423827,10200024,0
99.2671,0,99256946833,10200024,0
99.2697,1,99259532839,10191024,0
99.2748,2,99264623851,10173024,0
99.2773,0,99267146857,10173024,0
99.2824,1,99269723863,12687030,0
99.2874,0,99277319881,10117018,0
99.295,2,99274796875,20234036,0
99.3001,1,99282410893,17682024,0
99.3029,2,99295030911,7820218,0
99.3057,0,99287436899,18250236,0
99.3108,1,99300092917,10694230,0
99.3133,2,99302851129,10486024,0
99.3159,0,99305687135,10173024,0
99.3235,1,99310787147,12705030,0
99.326,2,99313337153,12687030,0
99.3285,0,99315860159,12687030,0
99.3362,1,99323492177,12705030,0
99.3415,0,99328547189,12962024,0
99.3544,1,99336197207,18207242,0
99.3619,0,99341509213,20408248,0
99.3671,1,99354404449,12685024,0
99.3721,0,99361917461,10189018,0
99.3772,2,99326024183,51137308,0
99.3823,1,99367089473,15163030,0
99.3873,0,99372106479,15201036,0
99.3898,2,99377161491,12687030,0
99.3975,1,99382252503,15228036,0
99.4028,0,99387307515,15445242,0
99.4081,2,99389848521,18263248,0
99.4158,1,99397480539,18272248,0
99.4208,0,99402752757,18055042,0
99.4259,2,99408111769,17760042,0
99.436,1,99415752787,20274048,0
99.4414,0,99420807799,20587048,0
99.4439,2,99425871811,18073042,0
99.4516,1,99436026835,15568036,0
99.4544,0,99441394847,12958236,0
99.462,1,99451594871,10361224,0
99.4645,0,99454353083,10135018,0
99.4696,2,99443944853,25607260,0
99.4746,0,99464488101,10117018,0
99.4847,1,99461956095,22748042,0
99.4898,0,99474605119,15145030,0
99.4973,0,99489750149,7574006,0
99.4999,2,99469552113,30313048,0
99.5024,1,99484704137,17738030,0
99.5052,0,99497324155,7867224,0
99.5077,2,99499865161,7867224,0
99.5131,1,99502442167,10694230,0
99.5157,0,99505191379,10477024,0
99.5207,2,99507732385,12991030,0
99.5258,1,99513136397,12687030,0
99.5284,0,99515668403,12687030,0
99.536,1,99525823427,10135018,0
99.5385,0,99528355433,10135018,0
99.541,2,99520723415,20308042,0
99.5489,1,99535958445,12944024,0
99.5592,2,99541031457,18133236,0
99.5643,1,99548902469,15380236,0
99.5693,2,99559164693,10171018,0
99.577,1,99564282705,12676024,0
99.5795,0,99538490451,40991284,0
99.582,2,99569335711,12687030,0
99.5922,1,99576958729,15219036,0
99.5947,0,99579481735,15219036,0
99.6023,1,99592177765,10144018,0
99.6098,2,99582022741,27821054,0
99.613,1,99602321783,10647224,0
99.6155,0,99594700771,20791242,0
99.6206,2,99609843795,10721230,0
99.6232,1,99612969007,10191024,0
99.6282,2,99620565025,7621012,0
99.6308,1,99623160031,7603012,0
99.6333,0,99615492013,17794036,0
99.6358,2,99628186037,7650018,0
99.6409,1,99630763043,10164024,0
99.6435,0,99633286049,10164024,0
99.6463,2,99635836055,10477024,0
99.6541,1,99640927067,13217236,0
99.6592,2,99646313079,12848230,0
99.6668,0,99643450073,23305248,0
99.6718,2,99659161309,12658024,0
99.6769,1,99654144303,22775042,0
99.6794,0,99666755321,12687030,0
99.6845,2,99671819333,12649024,0
99.6871,1,99676919345,10135018,0
99.6896,0,99679442351,10135018,0
99.6921,2,99684468357,7677018,0
99.6972,1,99687054363,10173024,0
99.6998,0,99689577369,10173024,0
99.705,2,99692145375,12839230,0
99.7076,1,99697227387,10334224,0
99.7101,0,99699750393,10334224,0
99.7155,2,99704984605,10513024,0
99.723,0,99710084617,12962024,0
99.7256,2,99715497629,10117018,0
99.7282,1,99707561611,20639042,0
99.7307,0,99723046641,7677018,0
99.7358,1,99728200653,7594012,0
99.7383,0,99730723659,7594012,0
99.7459,1,99735794665,10108018,0
99.7487,0,99738317671,10421018,0
99.7565,2,99725614647,30928266,0
99.7616,0,99748738689,12848230,0
99.7642,2,99756542913,7621012,0
99.7693,1,99745902683,23352254,0
99.7718,0,99761586919,10191024,0
99.7743,2,99764163925,10164024,0
99.7794,0,99771777943,7603012,0
99.7844,2,99774327949,10117018,0
99.7895,1,99769254937,20281042,0
99.7921,0,99779380955,12678030,0
99.7971,2,99784444967,12687030,0
99.8022,1,99789535979,12705030,0
99.8151,1,99802241009,12810224,0
99.8179,0,99792058985,25828254,0
99.823,1,99815051233,7934012,0
99.8255,0,99817887239,7621012,0
99.828,2,99797131997,30917260,0
99.8306,1,99822985245,7650018,0
99.8332,0,99825508251,7650018,0
99.8357,2,99828049257,7650018,0
99.8433,1,99830635263,12678030,0
99.8539,1,99843313293,10609224,0
99.8564,0,99833158269,23287254,0
99.8665,0,99856445523,10079012,0
99.8691,2,99835699275,33366266,0
99.8717,1,99853922517,17738030,0
99.8742,0,99866524535,7659018,0
99.8792,2,99869065541,10173024,0
99.8818,1,99871660547,10164024,0
99.8868,2,99879238565,7603012,0
99.8919,1,99881824571,10117018,0
99.8945,0,99874183553,20281042,0
99.8995,2,99886841577,12678030,0
99.9098,2,99899519607,10296218,0
99.9149,0,99894464595,20413236,0
99.9174,2,99909815825,7621012,0
99.9228,0,99914877831,7916012,0
99.9253,1,99891941589,33393260,0
99.9279,2,99917436837,10421018,0
99.9304,0,99922793843,7650018,0
99.933,1,99925334849,7650018,0
99.9355,2,99927857855,7659018,0
99.9381,0,99930443861,7650018,0
99.9431,2,99935516873,7594012,0
99.9457,0,99938093879,7594012,0
99.9482,1,99932984867,15244030,0
99.9508,2,99943110885,7650018,0
99.9539,0,99945687891,8180224,0
99.9564,1,99948228897,8180224,0
99.9589,2,99950760903,8180224,0
99.9615,0,99953868115,7659018,0
99.9641,1,99956409121,7659018,0
99.9666,2,99958941127,7659018,0
99.9692,0,99961527133,7650018,0
99.9717,1,99964068139,7650018,0
99.9743,2,99966600145,7650018,0
99.9768,0,99969177151,7650018,0
99.9794,1,99971718157,7650018,0
99.9819,2,99974250163,7650018,0
99.9845,0,99976827169,7650018,0
99.987,1,99979368175,7650018,0
99.9896,2,99981900181,7650018,0
99.9921,0,99984477187,7650018,0
99.9947,1,99987018193,7650018,0
99.9972,2,99989550199,7650018,0
99.9998,0,99992127205,7650018,0
100.002,1,99994668211,7650018,0
100.01,0,99999777223,10325224,0
100.013,1,100002318229,10325224,0
100.015,2,99997200217,17975242,0
100.02,0,100010102447,10173024,0
100.026,1,100012643453,13000030,0
100.028,2,100015175459,13000030,0
100.036,0,100020275471,15514036,0
100.038,1,100025643483,12705030,0
100.041,2,100028175489,12705030,0
100.046,0,100035789507,10200024,0
100.049,1,100038348513,10191024,0
100.051,2,100040880519,10191024,0
100.057,0,100045989531,10703230,0
100.062,1,100048539537,13217236,0
100.064,2,100051071543,13217236,0
100.069,0,100056692761,12649024,0
100.074,1,100061756773,12658024,0
100.077,2,100064288779,12658024,0
100.08,0,100069341785,10191024,0
100.085,1,100074414797,10191024,0
100.087,2,100076946803,10191024,0
100.092,0,100079532809,12687030,0
100.1,1,100084605821,15201036,0
100.113,0,100092219839,20408248,0
100.115,1,100099806857,15389236,0
100.123,0,100112628087,10189018,0
100.126,1,100115196093,10475018,0
100.128,2,100087137827,41065290,0
100.136,0,100122817105,13000030,0
100.143,1,100125671111,17715042,0
100.148,2,100128203117,20229048,0
100.153,0,100135817135,17677036,0
100.159,2,100148432165,10645218,0
100.164,1,100143386153,20780236,0
100.167,2,100159077383,7621012,0
100.172,0,100153494171,18295236,0
100.177,2,100166698395,10108018,0
100.179,0,100171789407,7603012,0
100.182,1,100164166389,17767036,0
100.184,2,100176806413,7659018,0
100.187,0,100179392419,7650018,0
100.19,1,100181933425,7650018,0
100.195,0,100187042437,7594012,0
100.197,1,100189583443,7594012,0
100.2,2,100184465431,15244030,0
100.202,0,100194636449,7650018,0
100.207,2,100199709461,7594012,0
100.21,0,100202286467,7811218,0
100.213,1,100197177455,15461236,0
100.215,2,100207303473,7867224,0
100.218,0,100210097685,7650018,0
100.223,2,100215170697,7594012,0
100.225,0,100217747703,7594012,0
100.228,1,100212638691,15557030,0
100.231,2,100222764709,7963018,0
100.233,0,100225341715,7963018,0
100.236,1,100228195721,7650018,0
100.238,2,100230727727,7650018,0
100.241,0,100233304733,7650018,0
100.243,1,100235845739,7650018,0
100.246,2,100238377745,7650018,0
100.249,0,100240954751,7650018,0
100.251,1,100243495757,7650018,0
100.256,2,100246027763,10381230,0
100.259,0,100248604769,10694230,0
100.262,1,100251145775,10694230,0
100.264,2,100256408993,7972018,0
100.272,0,100259298999,12687030,0
100.275,1,100261840005,12687030,0
100.277,2,100264381011,12678030,0
100.285,0,100271986029,12705030,0
100.287,1,100274527035,12705030,0
100.302,0,100284691059,17621030,0
100.313,0,100302312089,10323218,0
100.315,1,100287232065,27944248,0
100.318,2,100277059041,40649278,0
100.325,0,100312635307,12705030,0
100.333,2,100317708319,15476030,0
100.341,0,100325340337,15476030,0
100.346,1,100315176313,30704066,0
100.348,2,100333184349,15228036,0
100.356,0,100340816367,15445242,0
100.364,1,100345880379,18272248,0
100.367,2,100348412385,18272248,0
100.374,0,100356261609,18073042,0
100.382,2,100366684633,15199030,0
100.387,0,100374334651,12676024,0
100.39,1,100364152627,25399054,0
100.397,0,100387010675,10135018,0
100.4,1,100389551681,10117018,0
100.402,2,100381883663,20317042,0
100.41,0,100397145693,12848230,0
100.413,1,100399668699,12848230,0
100.415,2,100402200705,12848230,0
100.42,0,100409993923,10200024,0
100.423,1,100412516929,10200024,0
100.428,2,100415048935,12714030,0
100.436,0,100420193947,15514036,0
100.438,1,100422716953,15514036,0
100.441,2,100427762965,13018030,0
100.451,0,100435707983,15228036,0
100.469,0,100450936019,18160236,0
100.472,1,100438230989,33388272,0
100.474,2,100440780995,33379272,0
100.484,0,100469096255,15246036,0
100.487,1,100471619261,15246036,0
100.489,2,100474160267,15246036,0
100.5,0,100484342291,15228036,0
100.507,2,100489406303,17903242,0
100.512,0,100499570327,12875230,0
100.515,1,100486865297,28103266,0
100.518,2,100507309545,10218024,0
100.528,1,100514968563,12649024,0
100.533,2,100517527569,15145030,0
100.538,0,100512445557,25667054,0
100.541,1,100527617587,13018030,0
100.543,2,100532672599,10513024,0
100.551,0,100538112611,12705030,0
100.556,2,100543185623,12631024,0
100.561,0,100550817641,10352224,0
100.564,1,100540635617,23057254,0
100.567,2,100555816647,10721230,0
100.574,0,100561169865,13000030,0
100.577,1,100563692871,13000030,0
100.579,2,100566537877,12687030,0
100.589,1,100576692901,12649024,0
100.592,2,100579224907,12649024,0
100.6,0,100574169895,25354054,0
100.602,1,100589341925,12705030,0
100.612,0,100599523949,12810224,0
100.615,1,100602046955,12810224,0
100.62,0,100612334173,7621012,0
100.622,1,100614857179,7621012,0
100.625,2,100591873931,33136266,0
100.63,0,100619955185,10164024,0
100.633,1,100622478191,10164024,0
100.635,2,100625010197,10164024,0
100.646,0,100630119209,15514036,0
100.648,1,100632642215,15514036,0
100.653,2,100635174221,18028042,0
100.661,0,100645633245,15445242,0
100.664,1,100648156251,15445242,0
100.669,2,100653202263,15776242,0
100.677,0,100661078487,15559036,0
100.682,2,100668978505,12676024,0
100.689,0,100676637523,12658024,0
100.705,0,100689295547,15326230,0
100.707,1,100663601493,43543290,0
100.71,2,100681654529,28031260,0
100.725,0,100704621777,20223030,0
100.727,1,100707144783,20223030,0
100.73,2,100709685789,20223030,0
100.735,1,100727367813,7594012,0
100.738,2,100729908819,7594012,0
100.74,0,100724844807,15557030,0
100.743,1,100734961825,7963018,0
100.745,2,100737502831,7963018,0
100.748,0,100740401837,7650018,0
100.751,1,100742924843,7650018,0
100.753,2,100745465849,7867224,0
100.766,0,100748051855,17923248,0
100.768,1,100750574861,17923248,0
100.779,1,100768498109,10428012,0
100.784,0,100765975103,18031024,0
100.787,1,100778926121,7603012,0
100.792,2,100753333073,38251072,0
100.794,0,100784006127,10164024,0
100.797,1,100786529133,10164024,0
100.802,2,100791584145,10173024,0
100.807,0,100794170151,12904236,0
100.81,1,100796693157,12904236,0
100.815,2,100801757169,12904236,0
100.822,0,100807074387,15228036,0
100.825,1,100809597393,15228036,0
100.83,2,100814661405,15228036,0
100.835,0,100822302423,12658024,0
100.837,1,100824825429,12658024,0
100.84,2,100829889441,10144018,0
100.845,0,100834960447,10504024,0
100.848,1,100837483453,10504024,0
100.856,0,100845464471,10334224,0
100.858,1,100847987477,10334224,0
100.861,2,100840033459,20820248,0
100.866,0,100855798695,10173024,0
100.868,1,100858321701,10173024,0
100.871,2,100860853707,10173024,0
100.876,0,100865971719,10486024,0
100.879,1,100868494725,10486024,0
100.882,2,100871026731,10486024,0
100.887,0,100876457743,10173024,0
100.889,1,100878980749,10173024,0
100.894,2,100881512755,12687030,0
100.904,0,100886630767,17715042,0
100.909,2,100894199785,15163030,0
100.92,0,100904345809,15407236,0
100.925,2,100909362815,15389236,0
100.935,0,100919753045,15190030,0
100.937,1,100889153773,48312308,0
100.943,2,100924752051,17760042,0
100.95,0,100934943075,15485030,0
100.953,1,100937466081,15702236,0
100.961,2,100942512093,18234242,0
100.968,0,100950428105,17959248,0
100.971,1,100953168317,17742042,0
100.979,2,100960746335,18017036,0
100.981,0,100968387353,12989024,0
100.984,1,100970910359,12989024,0
100.992,0,100981376377,10135018,0
100.994,1,100983899383,10135018,0
100.999,2,100978763371,20326042,0
