32.0002,32,32000087083,121000,1
32.0382,32,32038122155,121000,1
32.0684,32,32068250209,152006,0
32.0836,32,32081198233,2390472,0
32.0989,32,32098753741,184200,1
32.1519,32,32149486849,2390472,0
32.1669,32,32164537351,2390472,0
32.175,32,32174836841,184200,1
32.2024,32,32200028895,2390472,0
32.2127,32,32212547391,184200,1
32.248,32,32245648463,2390472,0
32.2763,32,32276159001,121000,1
32.2838,32,32283681013,152006,0
32.2864,32,32286392025,0,0
32.3192,32,32319059085,184200,1
32.3321,32,32331958115,184200,1
32.4438,32,32443619367,184200,1
32.6418,32,32641713817,121000,1
32.812,32,32811818213,152006,0
32.8327,32,32832512267,184200,1
32.863,32,32862768333,184200,1
32.8986,32,32898401411,184200,1
32.9793,32,32976952591,2390472,0
33.0076,32,33007454129,184200,1
33.0126,33,33012444135,152006,0
33.0431,33,33040716207,2390472,0
33.066,32,33065876733,121000,1
33.0685,33,33068343733,184200,1
33.1243,33,33124131853,184200,1
33.1397,33,33139535883,184200,1
33.1775,32,33177360967,152006,0
33.1775,32,33177539973,0,0
33.2156,32,33213211057,2390472,0
33.2486,32,33246235601,2390472,0
33.2662,32,33263800109,2390472,0
33.2689,33,33268749587,152006,0
33.2691,32,33268928593,184200,1
33.2968,33,33296652653,184200,1
33.3274,32,33327221725,184200,1
33.3346,33,33332211731,2390472,0
33.3348,33,33334638203,184200,1
33.3676,33,33365216269,2390472,0
33.3829,32,33382789777,121000,1
33.3854,33,33385256777,184200,1
33.4033,32,33403201813,121000,1
33.4235,33,33423347855,184200,1
33.4566,32,33456448927,152006,0
33.4821,32,33481893993,184200,1
33.5101,33,33509913053,152006,0
33.5128,32,33512615065,184200,1
33.5175,33,33515082065,2390472,0
33.5202,33,33520031543,184200,1
33.5609,33,33560701633,184200,1
33.5861,33,33585902687,184200,1
33.5911,32,33590892693,184200,1
33.5961,32,33595900699,184200,1
33.6368,33,33636588789,184200,1
33.8172,32,33817116209,121000,1
33.9315,33,33931347473,121000,1
34.0075,34,34007384647,121000,1
34.0636,34,34063514773,121000,1
34.0762,34,34076082797,121000,1
34.1955,34,34195378073,121000,1
34.3886,34,34388473523,121000,1
34.4953,33,34495135769,121000,1
34.5688,34,34568631937,121000,1
34.7161,32,34716011279,121000,1
35.011,35,35010834969,121000,1
35.0592,35,35059074077,121000,1
35.1532,35,35153103293,121000,1
35.1658,34,35165680317,121000,1
35.3435,35,35343371731,121000,1
35.369,35,35368876785,121000,1
35.6562,34,35656122457,121000,1
35.6663,34,35666176475,121000,1
35.694,34,35693891535,121000,1
35.7957,34,35795498769,152006,0
35.7957,34,35795677775,0,0
35.8088,34,35808614805,184200,1
35.8646,34,35864431931,184200,1
35.9104,34,35910175033,184200,1
35.9557,33,35955578135,121000,1
35.9963,35,35996192219,121000,1
36.0217,36,36021594261,121000,1
36.0519,36,36051794321,121000,1
36.0774,36,36077308375,121000,1
36.0875,34,36087362393,121000,1
36.1458,36,36145711525,121000,1
36.1635,33,36163334561,121000,1
36.1814,34,36181261597,121000,1
36.1839,33,36183737597,121000,1
36.1914,35,36191250609,121000,1
36.2219,33,36221828675,121000,1
36.2295,33,36229350687,121000,1
36.2345,36,36234349693,121000,1
36.3717,33,36369266017,2469000,1
36.489,32,36488865299,121000,1
36.5724,34,36569939485,2484812,0
36.5953,34,36592845333,2496006,0
36.613,34,36610524375,2469000,1
36.6385,34,36636038429,2469000,1
36.6437,36,36643560441,121000,1
36.6842,34,36681716525,2469000,1
36.7121,33,36709619585,2469000,1
36.7196,34,36717141597,2469000,1
36.9052,33,36902733029,2496006,0
36.9153,33,36912825053,2469000,1
36.9484,33,36945917125,2469000,1
37.0094,37,37009321269,121000,1
37.0168,33,37014320275,2469000,1
37.0425,37,37042366335,121000,1
37.1335,34,37131027539,2469000,1
37.1592,32,37159064605,121000,1
37.1617,32,37161531605,121000,1
37.1667,37,37166530611,121000,1
37.1716,32,37171520617,121000,1
37.1765,33,37173987617,2469000,1
37.2631,32,37262970821,121000,1
37.3773,37,37377202085,121000,1
37.3872,32,37384724097,2469000,1
37.4051,34,37402660133,2469000,1
37.4103,35,37410173145,152006,0
37.4178,32,37415342157,2469000,1
37.4305,35,37428042175,2469000,1
37.4585,35,37456079235,2469000,1
37.4762,35,37473702271,2496006,0
37.4913,35,37488840307,2469000,1
37.4938,33,37491307307,2469000,1
37.5168,35,37514325355,2469000,1
37.6285,35,37626042613,2469000,1
37.6312,36,37631032619,121000,1
37.7225,35,37720015823,2469000,1
37.8037,37,37803622015,121000,1
37.8265,33,37824072063,2469000,1
37.9206,32,37918110279,2469000,1
38.0044,38,38004239477,121000,1
38.0249,38,38024698519,152006,0
38.0452,38,38045032567,184200,1
38.0475,35,38045032567,2469000,1
38.0758,38,38075583633,184200,1
38.129,38,38128792741,184200,1
38.1847,38,38184553861,184200,1
38.3063,34,38303831137,2469000,1
38.352,35,38349565239,2469000,1
38.4513,36,38451107467,152006,0
38.4669,36,38466737509,184200,1
38.4846,36,38484369545,184200,1
38.5429,36,38542727677,184200,1
38.6037,38,38603608815,121000,1
38.6826,36,38682481995,121000,1
38.7255,37,38725353091,121000,1
38.7458,32,38743289133,2496006,0
38.7508,32,38748335145,2469000,1
38.794,32,38791528241,2469000,1
38.9082,32,38905768505,2469000,1
38.9208,32,38918345529,2469000,1
38.9795,32,38977007661,2496006,0
38.9921,32,38989622691,2469000,1
39.0023,39,39002199715,121000,1
39.0124,39,39012253733,121000,1
39.0273,32,39024830757,2469000,1
39.073,32,39070546859,2469000,1
39.1138,39,39113683949,121000,1
39.1545,36,39154298033,152006,0
39.1622,36,39162055057,184200,1
39.1953,36,39195147129,184200,1
39.2127,32,39210238159,2469000,1
39.2561,38,39255972261,121000,1
39.3145,36,39314321393,184200,1
39.3245,39,39324366411,152006,0
39.3298,39,39329591429,184200,1
39.3654,39,39365206507,184200,1
39.3802,33,39377774531,2469000,1
39.3883,39,39388150549,184200,1
39.4972,39,39494803795,2390472,0
39.5126,39,39512368303,184200,1
39.5251,39,39524945327,184200,1
39.5326,36,39532458339,121000,1
39.5733,39,39573137429,121000,1
39.6266,37,39626440549,121000,1
39.6951,32,39692680699,2469000,1
39.7128,32,39710303735,2469000,1
39.7914,34,39788854915,2496006,0
39.7969,39,39796745933,121000,1
39.8143,34,39811845963,2469000,1
39.8269,34,39824422987,2469000,1
39.8447,36,39844578029,121000,1
39.9209,34,39918396197,2469000,1
40.0149,34,40012425413,2469000,1
40.0859,32,40083398575,2469000,1
40.2282,34,40225731905,2469000,1
40.2332,35,40230721911,2496006,0
40.2509,35,40248391953,2469000,1
40.2535,39,40253390959,152006,0
40.2613,39,40261138983,184200,1
40.2891,35,40286644043,2496006,0
40.3198,35,40317260115,2496006,0
40.3222,39,40319783121,2390472,0
40.3449,35,40342402641,2496006,0
40.3473,39,40344925647,2390472,0
40.3599,35,40357435143,2469000,1
40.3704,37,40370316167,121000,1
40.373,39,40372783167,184200,1
40.3855,37,40385378191,121000,1
40.3954,35,40392900203,2469000,1
40.3981,39,40397890209,184200,1
40.4005,37,40400366209,121000,1
40.4184,36,40418320245,121000,1
40.4233,35,40420787245,2469000,1
40.4485,35,40446006299,2469000,1
40.4716,37,40471520353,121000,1
40.4893,39,40489152389,121000,1
40.5044,39,40504243419,121000,1
40.5959,37,40595749629,121000,1
40.6746,35,40672090803,2496006,0
40.6948,35,40692274851,2496006,0
40.7025,37,40702366875,121000,1
40.7073,35,40704842875,2469000,1
40.7278,35,40725310917,2469000,1
40.748,35,40745456959,2496006,0
40.7605,35,40758080989,2469000,1
40.7607,38,40760547989,152006,0
40.7607,38,40760735995,0,0
40.7764,38,40776187031,184200,1
40.7787,35,40776187031,2469000,1
40.7963,35,40793819067,2496006,0
40.8092,38,40808966103,184200,1
40.8114,35,40808966103,2469000,1
40.8471,34,40844590181,2469000,1
40.8596,33,40857167205,2469000,1
40.8646,35,40862157211,2469000,1
40.8648,39,40864624211,152006,0
40.8773,38,40874895241,2390472,0
40.8826,33,40880148719,2469000,1
40.8828,39,40882633719,184200,1
40.8878,38,40887632725,184200,1
40.8979,38,40897686743,184200,1
40.9051,35,40902676749,2469000,1
40.9051,33,40902676749,2469000,1
40.9104,39,40910189761,184200,1
40.9227,33,40920243779,2469000,1
40.9357,36,40935600809,121000,1
40.9531,38,40950682839,2390472,0
40.9555,38,40953100311,2390472,0
40.9812,38,40981096843,121000,1
40.9935,39,40991141861,2390472,0
40.9959,39,40993559333,2390472,0
41.0138,39,41013655847,184200,1
41.0188,39,41018645853,184200,1
41.0213,39,41021121853,184200,1
41.0289,35,41026433865,2469000,1
41.0315,38,41031423871,121000,1
41.0541,33,41051587913,2469000,1
41.0542,38,41054054913,121000,1
41.0743,38,41074209955,121000,1
41.2116,39,41211497273,121000,1
41.2675,37,41267332399,152006,0
41.2958,37,41295595471,184200,1
41.2982,38,41298062471,121000,1
41.3285,37,41328327537,184200,1
41.3437,33,41341208567,2469000,1
41.3539,38,41353794591,121000,1
41.3741,38,41373931633,121000,1
41.4429,37,41442703789,184200,1
41.4501,37,41447693795,2390472,0
41.4676,37,41465258303,2390472,0
41.4752,35,41472730787,2469000,1
41.4804,37,41480252799,121000,1
41.4879,37,41487765811,152006,0
41.5086,37,41508459865,184200,1
41.536,37,41533651919,2390472,0
41.5441,37,41543960409,184200,1
41.582,37,41581821493,184200,1
41.6631,37,41660694673,2390472,0
41.6834,39,41683323193,121000,1
41.6885,37,41688313199,184200,1
41.742,37,41741920319,121000,1
41.7445,37,41744396319,152006,0
41.7545,37,41752144343,2390472,0
41.7697,32,41767194845,2469000,1
41.7698,37,41769661845,184200,1
41.7872,35,41784743875,2496006,0
41.7998,35,41797367905,2469000,1
41.7998,32,41797367905,2469000,1
41.8077,32,41805202923,2496006,0
41.8102,32,41807725929,2469000,1
41.8255,37,41825348965,184200,1
41.8483,35,41845826007,2469000,1
41.8609,32,41858403031,2469000,1
41.8886,32,41886136091,2469000,1
41.9344,35,41931861193,2496006,0
41.9371,37,41936916205,184200,1
41.9469,35,41944429217,2469000,1
41.9522,34,41949732229,2469000,1
42.008,35,42005567355,2469000,1
42.041,37,42040869433,121000,1
42.1172,32,42114687601,2469000,1
42.1172,35,42114687601,2469000,1
42.1272,32,42124732619,2469000,1
42.1373,33,42134786637,2496006,0
42.14,37,42139832649,121000,1
42.1473,33,42144822655,2469000,1
42.1652,35,42162767691,2469000,1
42.1829,33,42180381727,2496006,0
42.1879,33,42185436739,2469000,1
42.2111,37,42210932793,121000,1
42.2235,33,42220995811,2496006,0
42.231,33,42228564829,2469000,1
42.2565,33,42254078883,2469000,1
42.3155,33,42313016033,2469000,1
42.4755,33,42473037405,2469000,1
42.478,35,42475504405,2469000,1
42.5163,39,42516183495,121000,1
42.5921,33,42589679663,2469000,1
42.737,35,42734535999,2469000,1
42.7597,32,42757223047,2469000,1
42.7953,33,42792838125,2469000,1
42.8156,39,42815507173,121000,1
42.8588,36,42858700269,121000,1
42.8742,36,42874122299,121000,1
42.8843,36,42884167317,121000,1
42.95,36,42947562461,2469000,1
43.0134,34,43010966605,2469000,1
43.0364,34,43033948653,2496006,0
43.0389,36,43036471659,2469000,1
43.0515,34,43049048683,2469000,1
43.1048,34,43102342803,2469000,1
43.1405,39,43137966881,2484812,0
43.1656,34,43163147741,2469000,1
43.1656,39,43163147741,2469000,1
43.2163,39,43213806843,2496006,0
43.2339,34,43231438879,2469000,1
43.2367,39,43234218885,2469000,1
43.277,39,43274566975,2469000,1
43.2823,38,43279878987,2469000,1
43.2924,38,43289933005,2469000,1
43.2949,35,43292400005,2469000,1
43.2999,39,43297408011,2469000,1
43.3124,36,43309976035,2469000,1
43.3149,38,43312443035,2496006,0
43.3481,38,43345582113,2469000,1
43.3913,38,43388784209,2469000,1
43.4979,39,43495437455,2496006,0
43.5004,38,43497960461,2469000,1
43.5054,39,43502959467,2469000,1
43.5409,39,43538431545,2469000,1
43.6046,39,43602148695,2469000,1
43.6122,34,43609661707,2496006,0
43.6197,34,43617239725,2496006,0
43.6453,34,43642809785,2469000,1
43.6629,34,43660432821,2469000,1
43.7137,38,43711221935,2469000,1
43.7162,34,43713688935,2496006,0
43.7187,39,43716211941,2469000,1
43.7211,38,43718678941,2469000,1
43.7467,34,43744192995,2469000,1
43.7542,34,43751715007,2496006,0
43.7619,37,43761807031,121000,1
43.7844,34,43781944073,2496006,0
43.8049,34,43802477121,2469000,1
43.8428,36,43840320205,2469000,1
43.8453,32,43842787205,2469000,1
43.8683,34,43865760253,2496006,0
43.8884,34,43885980301,2469000,1
43.8909,39,43888447301,2469000,1
43.9189,34,43916475367,2469000,1
43.9723,34,43969787487,2496006,0
43.9798,39,43977365505,2469000,1
43.9823,34,43979832505,2469000,1
44.0154,34,44012924577,2469000,1
44.0561,32,44053594667,2496006,0
44.0838,32,44081374733,2469000,1
44.127,32,44124567829,2469000,1
44.1396,34,44137135853,2496006,0
44.1422,34,44139658859,2496006,0
44.1601,34,44157650901,2469000,1
44.1676,33,44165172913,2469000,1
44.1701,38,44167639913,2469000,1
44.1802,34,44177684931,2496006,0
44.2108,34,44208283003,2496006,0
44.2183,32,44215861021,2469000,1
44.236,34,44233511057,2469000,1
44.264,34,44261548117,2469000,1
44.2892,34,44286749171,2469000,1
44.3122,35,44309749219,2496006,0
44.3223,35,44319850243,2469000,1
44.3501,35,44347583303,2469000,1
44.3932,32,44390767399,2469000,1
44.3932,35,44390767399,2469000,1
44.4188,32,44416290453,2496006,0
44.4238,32,44421336465,2469000,1
44.4591,32,44456629543,2469000,1
44.4796,32,44477097585,2496006,0
44.4973,34,44494767627,2496006,0
44.5073,34,44504877651,2469000,1
44.5126,32,44510180663,2469000,1
44.5202,37,44517702675,2484812,0
44.5227,34,44520214487,2469000,1
44.5252,32,44522681487,2469000,1
44.5402,37,44537772517,2469000,1
44.5502,35,44547761529,2469000,1
44.5502,37,44547761529,2469000,1
44.5984,32,44595971631,2469000,1
44.6189,34,44616383673,2469000,1
44.6592,37,44656749763,2469000,1
44.7839,32,44781395051,2469000,1
44.7939,34,44791440069,2469000,1
44.8169,35,44814440117,2469000,1
44.8547,37,44852265201,2469000,1
44.9715,34,44969019471,2469000,1
44.9794,37,44976854483,2496006,0
44.9919,37,44989478513,2469000,1
45.0402,37,45037708621,2496006,0
45.0528,32,45050341651,2469000,1
45.0654,37,45062918675,2496006,0
45.096,37,45093469741,2496006,0
45.101,37,45098524753,2469000,1
45.1316,37,45129084819,2469000,1
45.1795,36,45177028927,2496006,0
45.1899,33,45187451951,2469000,1
45.205,38,45202542981,2469000,1
45.2075,36,45205009981,2469000,1
45.2125,36,45209999987,2496006,0
45.2226,33,45220110011,2469000,1
45.2304,33,45227936029,2469000,1
45.2329,36,45230412029,2469000,1
45.2429,37,45240457047,2469000,1
45.2454,36,45242924047,2469000,1
45.2987,33,45296236167,2469000,1
45.3189,36,45316391209,2496006,0
45.3368,36,45334374251,2469000,1
45.352,36,45349474281,2496006,0
45.3646,36,45362089311,2469000,1
45.3875,36,45385080359,2469000,1
45.4001,37,45397657383,2469000,1
45.4178,36,45415289419,2469000,1
45.4332,33,45430693449,2496006,0
45.4559,33,45453427503,2469000,1
45.5041,33,45501675611,2469000,1
45.5676,33,45565088755,2469000,1
45.5776,32,45575133773,2469000,1
45.6516,36,45649121941,2496006,0
45.6566,36,45654167953,2469000,1
45.7099,36,45707462073,2469000,1
45.7149,36,45712461079,2469000,1
45.72,33,45717460085,2496006,0
45.7225,39,45719983091,2469000,1
45.748,33,45745506145,2469000,1
45.7555,37,45753028157,2469000,1
45.7605,36,45758018163,2469000,1
45.7655,35,45763017169,2469000,1
45.7907,34,45788209223,2469000,1
45.7907,33,45788209223,2469000,1
45.8314,36,45828897313,2469000,1
45.872,33,45869558403,2469000,1
45.9203,35,45917815511,2469000,1
45.9736,37,45971109631,2469000,1
46.0701,33,46067661853,2469000,1
46.1386,36,46136121009,2469000,1
46.1436,33,46141111015,2496006,0
46.154,33,46151516039,2469000,1
46.1918,33,46189341123,2469000,1
46.2783,33,46275801321,2469000,1
46.3622,38,46359720513,2469000,1
46.3722,37,46369765531,2469000,1
46.3722,38,46369765531,2469000,1
46.3798,38,46377287543,2469000,1
46.4738,38,46471325759,2469000,1
46.5145,33,46511986849,2469000,1
46.7048,35,46702311293,2469000,1
46.7177,38,46715201317,2469000,1
46.7277,35,46725237335,2496006,0
46.7479,35,46745430383,2496006,0
46.7709,35,46768468437,2469000,1
46.8217,35,46819257551,2469000,1
46.8267,35,46824247557,2469000,1
46.9028,35,46900293731,2469000,1
46.9561,35,46953587851,2469000,1
46.9636,38,46961109863,2469000,1
47.0118,33,47009348977,2469000,1
47.1289,39,47126434247,2469000,1
47.1314,39,47128903247,2469000,1
47.1796,39,47177142355,2469000,1
47.1846,39,47182132361,2469000,1
47.2329,36,47230389469,2469000,1
47.2404,32,47237911481,2496006,0
47.2707,32,47268196553,2496006,0
47.2912,32,47288720601,2469000,1
47.3038,39,47301288625,2469000,1
47.3265,32,47323984673,2469000,1
47.3289,33,47326451673,2469000,1
47.362,38,47359543751,2496006,0
47.3825,38,47380058799,2469000,1
47.3926,32,47390103817,2469000,1
47.4434,38,47440865931,2496006,0
47.4484,34,47445929943,2469000,1
47.4559,38,47453442955,2469000,1
47.489,38,47486535027,2469000,1
47.5777,38,47575214231,2469000,1
47.6082,32,47605774303,2469000,1
47.7023,35,47699803519,2469000,1
47.7174,36,47714903549,2469000,1
47.7198,38,47717370549,2469000,1
47.7479,36,47745407609,2469000,1
47.7604,39,47757975633,2469000,1
47.7604,36,47757975633,2469000,1
47.8365,38,47834003807,2496006,0
47.8545,36,47851995849,2469000,1
47.862,38,47859517861,2469000,1
47.9027,32,47900187951,2496006,0
47.9077,38,47905233963,2469000,1
47.9152,32,47912746975,2469000,1
47.9152,37,47912746975,2469000,1
47.9405,38,47937957029,2496006,0
47.9429,37,47940480035,2469000,1
47.9457,38,47943260041,2469000,1
47.9482,38,47945729041,2469000,1
47.9507,32,47948196041,2469000,1
47.9582,37,47955718053,2496006,0
47.9784,32,47975911101,2496006,0
47.9885,38,47986003125,2469000,1
47.9913,32,47988783131,2496006,0
47.9963,37,47993829143,2496006,0
48.0064,32,48003930167,2469000,1
48.0291,37,48026599215,2469000,1
48.0442,32,48041717245,2469000,1
48.052,36,48049561257,2469000,1
48.052,37,48049561257,2469000,1
48.0545,39,48052028257,2469000,1
48.0747,37,48072183299,2469000,1
48.0771,37,48074668299,2469000,1
48.1027,34,48100182353,2469000,1
48.1254,32,48122860401,2496006,0
48.1329,34,48130438419,2469000,1
48.1509,32,48148365455,2496006,0
48.1609,34,48158457479,2469000,1
48.1685,32,48165981491,2469000,1
48.1835,34,48181063521,2469000,1
48.186,35,48183539521,2469000,1
48.2014,38,48198943551,2496006,0
48.2166,38,48214099587,2496006,0
48.2216,34,48219145599,2469000,1
48.2317,37,48229190617,2469000,1
48.2342,38,48231657617,2496006,0
48.2366,32,48234180623,2469000,1
48.2521,38,48249593653,2496006,0
48.2622,32,48259703677,2469000,1
48.2773,38,48274785707,2496006,0
48.3054,38,48302887773,2469000,1
48.3205,38,48317996803,2469000,1
48.3432,36,48340701851,2469000,1
48.3813,34,48378848935,2469000,1
48.3863,33,48383838941,2469000,1
48.3888,38,48386305941,2496006,0
48.4042,38,48401765977,2469000,1
48.4344,38,48431957037,2469000,1
48.4546,32,48452094079,2469000,1
48.4801,38,48477626139,2496006,0
48.5082,38,48505719205,2469000,1
48.564,38,48561563331,2469000,1
48.63,36,48627481481,2496006,0
48.64,36,48637573505,2469000,1
48.6757,38,48673188583,2496006,0
48.6807,38,48678234595,2496006,0
48.6908,36,48688326619,2469000,1
48.7008,38,48698371637,2469000,1
48.7163,38,48713775667,2496006,0
48.7415,38,48739041727,2469000,1
48.7591,38,48756664763,2469000,1
48.767,38,48764517775,2496006,0
48.7973,36,48794802847,2496006,0
48.7998,38,48797325853,2469000,1
48.8023,38,48799794853,2469000,1
48.8101,35,48807647865,2469000,1
48.8126,36,48810114865,2469000,1
48.8277,33,48825214895,2469000,1
48.8327,33,48830213901,2469000,1
48.8377,36,48835203907,2496006,0
48.8402,35,48837726913,2469000,1
48.8604,35,48857881955,2469000,1
48.8682,36,48865707967,2469000,1
48.8732,35,48870706973,2469000,1
48.8883,33,48885816003,2469000,1
48.8933,33,48890815009,2469000,1
48.8983,36,48895805015,2469000,1
48.9008,38,48898281015,2469000,1
48.9313,38,48928850081,2469000,1
48.9363,32,48933858087,2469000,1
48.9871,33,48984629201,2469000,1
48.9946,36,48992142213,2496006,0
49.0227,36,49020235279,2469000,1
49.0252,38,49022702279,2469000,1
49.0352,32,49032738297,2469000,1
49.0705,35,49068049375,2496006,0
49.086,36,49083518411,2469000,1
49.091,35,49088517417,2469000,1
49.0935,36,49090984417,2469000,1
49.119,35,49116489471,2469000,1
49.1492,37,49146754537,2469000,1
49.1593,35,49156808555,2469000,1
49.2205,36,49217993693,2496006,0
49.2432,36,49240718747,2469000,1
49.2608,36,49258341783,2469000,1
49.2989,36,49296479867,2469000,1
49.3447,34,49342213969,2469000,1
49.3447,36,49342213969,2469000,1
49.3674,35,49364892017,2469000,1
49.4131,33,49410617119,2469000,1
49.4689,38,49466443245,2469000,1
49.497,37,49494480305,2496006,0
49.5197,37,49517205359,2469000,1
49.5221,33,49519672359,2469000,1
49.5527,37,49550241425,2469000,1
49.6366,36,49634169617,2469000,1
49.6568,37,49654324659,2469000,1
49.7126,39,49710150785,2469000,1
49.7584,35,49755866887,2496006,0
49.7785,35,49776050935,2496006,0
49.7965,37,49794033977,2496006,0
49.8117,35,49809181013,2496006,0
49.8243,37,49821805043,2469000,1
49.8293,35,49826804049,2469000,1
49.8472,35,49844740085,2469000,1
49.8674,37,49864895127,2496006,0
49.8976,37,49895151193,2496006,0
49.9027,37,49900206205,2469000,1
49.9203,35,49917838241,2469000,1
49.9278,37,49925351253,2469000,1
49.9685,38,49966021343,2496006,0
49.9786,38,49976122367,2469000,1
49.9887,35,49986176385,2496006,0
49.9965,35,49994058403,2469000,1
50.004,38,50001580415,2469000,1
50.0141,35,50011625433,2469000,1
50.0166,37,50014092433,2469000,1
50.0342,35,50031715469,2469000,1
50.1005,38,50097973619,2496006,0
50.1055,38,50103028631,2469000,1
50.1332,38,50130743691,2469000,1
50.1764,37,50173945787,2469000,1
50.2045,35,50201982847,2496006,0
50.212,36,50209551865,2469000,1
50.2271,35,50224660895,2469000,1
50.2476,35,50245119937,2496006,0
50.2577,35,50255220961,2469000,1
50.2577,38,50255220961,2469000,1
50.3186,35,50316093099,2496006,0
50.3388,35,50336304147,2469000,1
50.3412,35,50338780147,2469000,1
50.4201,38,50417667045,2469000,1
50.4302,37,50427712063,2469000,1
50.4377,35,50435234075,2496006,0
50.4633,35,50460786135,2469000,1
50.4784,32,50475895165,2469000,1
50.5036,35,50501096219,2469000,1
50.5622,33,50559758357,2469000,1
50.5824,35,50579904399,2496006,0
50.5874,35,50584950411,2469000,1
50.618,35,50615519477,2469000,1
50.6561,35,50653666561,2469000,1
50.6687,38,50666252585,2469000,1
50.8388,35,50836365981,2469000,1
50.8618,37,50859348029,2469000,1
51.1285,35,51126069653,2469000,1
51.1692,38,51166739743,2469000,1
51.2096,34,51207096833,2469000,1
51.2985,37,51296071037,2469000,1
51.4636,39,51461129421,2469000,1
51.4661,39,51463605421,2469000,1
51.484,39,51481541457,2469000,1
51.4865,39,51484010457,2496006,0
51.5016,39,51499148493,2496006,0
51.5297,39,51527232559,2469000,1
51.5701,32,51567598649,2469000,1
51.5779,39,51575442661,2469000,1
51.5829,32,51580432667,2469000,1
51.5854,32,51582908667,2496006,0
51.5905,32,51587954679,2496006,0
51.6056,32,51603092715,2469000,1
51.6106,32,51608091721,2469000,1
51.6715,33,51668981859,2469000,1
51.6869,39,51684394889,2469000,1
51.6919,32,51689384895,2496006,0
51.7045,33,51702008925,2469000,1
51.7221,32,51719631961,2496006,0
51.7297,33,51727209979,2469000,1
51.7375,32,51735035991,2496006,0
51.7501,39,51747660021,2469000,1
51.7602,32,51757705039,2469000,1
51.7882,35,51785742099,2469000,1
51.8109,32,51808438147,2469000,1
51.826,33,51823547177,2469000,1
51.915,32,51912521381,2469000,1
51.9582,33,51955714477,2469000,1
52.0421,36,52039642669,2469000,1
52.1639,32,52161442951,2469000,1
52.2273,39,52224856095,2469000,1
52.2399,34,52237424119,2469000,1
52.2578,35,52255360155,2469000,1
52.2603,34,52257827155,2469000,1
52.2703,34,52267872173,2469000,1
52.3034,34,52300973245,2469000,1
52.3492,34,52346680347,2496006,0
52.3517,34,52349203353,2469000,1
52.3642,33,52361771377,2469000,1
52.3948,34,52392349443,2469000,1
52.4049,32,52402394461,2469000,1
52.4326,34,52430118521,2496006,0
52.4632,34,52460743593,2469000,1
52.4834,34,52480898635,2469000,1
52.5392,33,52536724761,2469000,1
52.5698,34,52567293827,2469000,1
52.6054,37,52602899905,2469000,1
52.6154,37,52612953923,2496006,0
52.6331,37,52630632965,2469000,1
52.6586,34,52656138019,2469000,1
52.6939,37,52691440097,2469000,1
52.7119,34,52709394133,2469000,1
52.7144,37,52711861133,2496006,0
52.7194,37,52716907145,2469000,1
52.732,38,52729475169,2496006,0
52.7471,38,52744622205,2469000,1
52.7496,37,52747089205,2496006,0
52.76,37,52757494229,2469000,1
52.8032,38,52800696325,2496006,0
52.8209,37,52818375367,2496006,0
52.836,38,52833513403,2496006,0
52.8436,37,52841100421,2469000,1
52.8587,38,52856191451,2469000,1
52.8587,37,52856191451,2469000,1
52.8766,37,52874127493,2496006,0
52.8842,37,52881696511,2469000,1
52.8892,38,52886686517,2496006,0
52.8967,38,52894273535,2469000,1
52.9122,37,52909686565,2496006,0
52.9298,38,52927374607,2469000,1
52.9399,37,52937410625,2469000,1
52.9524,37,52949978649,2469000,1
52.9679,39,52965409679,2469000,1
52.9703,37,52967876679,2469000,1
53.0439,38,53041390847,2496006,0
53.0615,38,53059069889,2469000,1
53.0845,38,53082060937,2469000,1
53.1404,38,53137896063,2469000,1
53.1454,37,53142886069,2496006,0
53.158,37,53155510099,2469000,1
53.2166,37,53214172231,2469000,1
53.2368,37,53234336273,2469000,1
53.2519,36,53249427303,2469000,1
53.2799,36,53277464363,2469000,1
53.2824,37,53279931363,2469000,1
53.3127,36,53310196429,2469000,1
53.3609,38,53358435543,2469000,1
53.3659,32,53363425549,2469000,1
53.3684,36,53365892549,2496006,0
53.3763,36,53373783567,2469000,1
53.4321,36,53429609693,2469000,1
53.498,34,53495545843,2469000,1
53.5311,36,53528628915,2469000,1
53.5895,36,53587003033,2469000,1
53.6936,38,53691115273,2469000,1
53.7292,37,53726748351,2469000,1
53.8892,35,53886751723,2496006,0
53.9044,35,53901898759,2469000,1
53.9476,35,53945091855,2469000,1
53.9602,36,53957659879,2496006,0
53.9753,36,53972806915,2496006,0
54.0059,36,54003431987,2469000,1
54.0235,35,54021046023,2469000,1
54.0389,33,54036468053,2469000,1
54.0439,36,54041458059,2469000,1
54.0998,36,54097302185,2469000,1
54.1657,35,54163238335,2469000,1
54.1707,39,54168228341,2469000,1
54.3386,36,54336122731,2469000,1
54.384,35,54381543833,2469000,1
54.4171,38,54414626905,2469000,1
54.4297,39,54427194929,2469000,1
54.4347,39,54432184935,2496006,0
54.4603,39,54457754995,2496006,0
54.4779,39,54475434037,2469000,1
54.5211,39,54518609133,2496006,0
54.5337,37,54531251163,2469000,1
54.5362,39,54533718163,2469000,1
54.5617,39,54559250217,2469000,1
54.5819,35,54579396259,2469000,1
54.6276,39,54625130361,2469000,1
54.7039,32,54701471535,2469000,1
54.7901,36,54787609733,2469000,1
54.7976,39,54795122745,2496006,0
54.8001,36,54797645751,2469000,1
54.8307,39,54828205817,2469000,1
54.8407,39,54838250835,2469000,1
54.8763,39,54873874913,2469000,1
54.9679,39,54965381123,2469000,1
55.0032,39,55000674201,2496006,0
55.0262,39,55023721255,2469000,1
55.0362,39,55033766273,2469000,1
55.0693,39,55066867345,2469000,1
55.1886,39,55186153621,2469000,1
55.265,34,55262485795,2496006,0
55.27,34,55267540807,2469000,1
55.3233,34,55320834927,2469000,1
55.3586,34,55356146005,2469000,1
55.3665,34,55363990017,2469000,1
55.44,35,55437486185,2469000,1
55.5848,34,55582333521,2469000,1
55.6151,32,55612598587,2469000,1
55.6305,32,55628011617,2469000,1
55.6531,39,55650680665,2469000,1
55.6736,32,55671148707,2469000,1
55.6786,32,55676147713,2469000,1
55.831,32,55828573067,2469000,1
55.8869,32,55884408193,2469000,1
55.9222,33,55919710271,2469000,1
55.9246,33,55922179271,2469000,1
55.9808,33,55978309397,2469000,1
56.0849,37,56082448637,2469000,1
56.1025,33,56100071673,2469000,1
56.1303,34,56127804733,2469000,1
56.1507,39,56148254775,2469000,1
56.2369,32,56234392973,2469000,1
56.288,38,56285486093,2469000,1
56.3283,39,56325843183,2469000,1
56.3333,33,56330833189,2469000,1
56.4198,33,56417284387,2469000,1
56.4781,36,56475624519,2469000,1
56.534,34,56531459645,2496006,0
56.557,34,56554488699,2469000,1
56.5695,34,56567065723,2469000,1
56.6456,34,56643093897,2496006,0
56.6711,34,56668672957,2469000,1
56.7194,34,56716912065,2469000,1
56.737,34,56734553101,2469000,1
56.7802,39,56777737197,2496006,0
56.8032,39,56800775251,2469000,1
56.8133,39,56810820269,2469000,1
56.836,34,56833507317,2469000,1
56.8615,34,56859012371,2469000,1
56.8665,33,56864020377,2496006,0
56.8816,39,56879158413,2469000,1
56.8866,33,56884157419,2469000,1
56.8967,33,56894193437,2496006,0
56.9045,33,56902028449,2469000,1
56.9296,33,56927126491,2469000,1
56.9803,33,56977859599,2469000,1
57.0462,39,57043730743,2469000,1
57.0844,33,57081886827,2469000,1
57.2368,36,57234303181,2496006,0
57.2444,36,57241872199,2496006,0
57.2544,33,57251964223,2469000,1
57.2594,36,57256963229,2469000,1
57.3105,36,57308038343,2496006,0
57.3257,34,57323185379,2496006,0
57.3333,36,57330763397,2496006,0
57.3358,34,57333286403,2496006,0
57.3484,36,57345910433,2469000,1
57.3508,34,57348377433,2469000,1
57.3584,36,57355899445,2469000,1
57.3608,35,57358366445,2469000,1
57.3712,36,57368724463,2496006,0
57.3788,35,57376293481,2469000,1
57.3812,34,57378760481,2469000,1
57.3862,37,57383750487,2469000,1
57.3988,36,57396318511,2496006,0
57.4089,35,57406437535,2469000,1
57.4089,37,57406437535,2469000,1
57.4117,36,57409217541,2469000,1
57.4192,34,57416730553,2496006,0
57.4217,37,57419253559,2469000,1
57.4217,36,57419253559,2469000,1
57.4217,34,57419253559,2469000,1
57.4444,34,57441940607,2469000,1
57.475,39,57472509673,2469000,1
57.5053,37,57502774739,2496006,0
57.5078,35,57505315745,2469000,1
57.5131,37,57510618751,2496006,0
57.5257,37,57523233781,2496006,0
57.5333,37,57530802799,2469000,1
57.5357,32,57533269799,2469000,1
57.5357,36,57533269799,2469000,1
57.5508,35,57548360829,2469000,1
57.5533,34,57550836829,2469000,1
57.5633,37,57560872847,2469000,1
57.6549,37,57652406057,2469000,1
57.6901,34,57687661129,2469000,1
57.7611,36,57758643291,2469000,1
57.8248,35,57822351435,2469000,1
57.8349,37,57832405453,2469000,1
57.855,36,57852551495,2496006,0
57.8806,36,57878112555,2496006,0
57.9033,36,57900828609,2469000,1
57.9083,36,57905818615,2496006,0
57.9339,36,57931397675,2469000,1
57.9414,36,57938910687,2469000,1
57.9973,36,57994754813,2496006,0
58.0253,36,58022847879,2469000,1
58.048,36,58045516927,2496006,0
58.053,36,58050571939,2469000,1
58.0656,34,58063130963,2469000,1
58.0681,33,58065597963,2469000,1
58.1037,38,58101240041,2469000,1
58.1062,38,58103709041,2469000,1
58.1137,36,58111231053,2469000,1
58.1645,38,58162002167,2496006,0
58.1695,38,58167057179,2469000,1
58.2203,36,58217828293,2469000,1
58.2332,38,58230700317,2469000,1
58.2609,35,58258442377,2496006,0
58.2836,35,58281167431,2469000,1
58.2836,39,58281167431,2469000,1
58.2861,38,58283643431,2469000,1
58.299,35,58296524461,2469000,1
58.3191,37,58316670503,2469000,1
58.332,36,58329551527,2496006,0
58.3497,36,58347239569,2469000,1
58.3904,38,58387909659,2469000,1
58.4004,35,58397945677,2469000,1
58.4029,36,58400412677,2496006,0
58.4231,35,58420632725,2469000,1
58.4256,36,58423099725,2469000,1
58.4331,36,58430621737,2469000,1
58.4409,36,58438456755,2469000,1
58.4864,35,58483859857,2496006,0
58.5018,35,58499328893,2469000,1
58.5194,35,58516960929,2469000,1
58.55,35,58547511995,2496006,0
58.5651,35,58562659031,2469000,1
58.5802,36,58577768061,2469000,1
58.5853,39,58582758067,2496006,0
58.6058,39,58603282115,2469000,1
58.6208,35,58618373145,2469000,1
58.6233,39,58620840145,2496006,0
58.6284,39,58625886157,2469000,1
58.6539,35,58651400211,2469000,1
58.6715,39,58669032247,2496006,0
58.6917,39,58689243295,2469000,1
58.7197,36,58717217355,2469000,1
58.7323,39,58729794379,2469000,1
58.8187,39,58816254577,2469000,1
58.8313,39,58828822601,2469000,1
58.8388,34,58836353613,2469000,1
58.8441,35,58841665619,2469000,1
58.8466,37,58844132619,2469000,1
58.8466,38,58844132619,2469000,1
58.8769,39,58874388685,2469000,1
58.9276,32,58925159799,2469000,1
58.9301,32,58927628799,2469000,1
58.9556,32,58953151853,2469000,1
58.9682,32,58965719877,2469000,1
59.019,32,59016490991,2496006,0
59.0442,32,59041739051,2469000,1
59.1026,32,59100097183,2496006,0
59.1079,32,59105456195,2469000,1
59.1562,32,59153686303,2496006,0
59.1713,32,59168833339,2496006,0
59.1814,32,59178934363,2469000,1
59.1839,32,59181403363,2469000,1
59.2015,35,59199044399,2469000,1
59.2855,32,59282981591,2469000,1
59.3694,35,59366900783,2469000,1
59.4122,36,59409780879,2469000,1
59.4176,36,59415083891,2496006,0
59.4251,36,59422661909,2469000,1
59.4301,32,59427651915,2469000,1
59.4733,32,59470854011,2469000,1
59.4834,36,59480890029,2469000,1
59.5136,33,59511164095,2469000,1
59.529,35,59526577131,2469000,1
59.6,36,59597550293,2496006,0
59.6332,36,59630680371,2496006,0
59.6584,36,59655928431,2469000,1
59.6991,36,59696616521,2469000,1
59.7066,38,59704138533,2469000,1
59.7271,36,59724606575,2469000,1
59.7678,37,59765285665,2469000,1
59.7854,39,59782908701,2469000,1
59.8819,36,59879451923,2496006,0
59.8895,36,59887020941,2469000,1
59.9327,36,59930214037,2496006,0
59.9605,34,59957985103,2469000,1
59.9605,36,59957985103,2469000,1
59.9655,36,59962984109,2469000,1
60.0238,36,60021351241,2496006,0
60.0368,36,60034279271,2496006,0
60.0595,36,60057004325,2469000,1
60.067,36,60064517337,2469000,1
60.179,36,60176565595,2469000,1
60.1916,36,60189133619,2496006,0
60.1966,36,60194179631,2469000,1
60.2042,36,60201701643,2469000,1
60.2193,37,60216792673,2496006,0
60.2218,37,60219315679,2469000,1
60.2422,37,60239765721,2469000,1
60.2624,36,60259920763,2469000,1
60.3031,37,60300608853,2496006,0
60.3157,32,60313223883,2469000,1
60.3232,37,60320736895,2496006,0
60.3283,37,60325782907,2469000,1
60.3563,37,60353837967,2469000,1
60.4223,38,60419774117,2496006,0
60.4248,38,60422297123,2469000,1
60.4323,38,60429810135,2469000,1
60.4373,36,60434809141,2469000,1
60.4729,38,60470424225,2496006,0
60.4805,37,60477993243,2469000,1
60.4984,38,60495920285,2469000,1
60.4984,36,60495920285,2469000,1
60.5059,38,60503442297,2496006,0
60.511,37,60508497309,2496006,0
60.5185,38,60516066327,2469000,1
60.5235,38,60521065333,2469000,1
60.5311,37,60528587345,2469000,1
60.5311,36,60528587345,2469000,1
60.5897,37,60587249477,2469000,1
60.5922,37,60589725477,2496006,0
60.6124,38,60609936525,2496006,0
60.6149,37,60612459531,2469000,1
60.6225,38,60619972543,2496006,0
60.648,38,60645533603,2469000,1
60.6757,37,60673257663,2469000,1
60.6988,38,60696257711,2496006,0
60.719,38,60716468759,2496006,0
60.7215,38,60718991765,2469000,1
60.7366,37,60734091795,2469000,1
60.7545,38,60752018831,2469000,1
60.8179,38,60815449975,2469000,1
60.9069,38,60904415179,2469000,1
60.9296,33,60927093227,2469000,1
60.9421,33,60939670251,2469000,1
60.9778,37,60975285329,2469000,1
60.9828,33,60980284335,2469000,1
61.0742,33,61071772545,2469000,1
61.1478,33,61145286713,2469000,1
61.191,34,61188488809,2469000,1
61.1934,37,61190955809,2469000,1
61.1959,34,61193422809,2469000,1
61.2164,38,61213881851,2469000,1
61.257,34,61254560941,2469000,1
61.2923,39,61289863019,2469000,1
61.3052,35,61302744043,2496006,0
61.3178,35,61315359073,2469000,1
61.3203,35,61317828073,2469000,1
61.3329,33,61330396097,2496006,0
61.3531,33,61350607145,2469000,1
61.3609,34,61358442157,2469000,1
61.3962,33,61393753235,2469000,1
61.4066,32,61404102253,2469000,1
61.4116,37,61409101259,2469000,1
61.414,35,61411568259,2469000,1
61.4292,39,61426686289,2469000,1
61.4417,33,61439263313,2469000,1
61.4442,39,61441730313,2469000,1
61.4568,39,61454307337,2469000,1
61.5079,35,61505391451,2469000,1
61.5356,34,61533115511,2469000,1
61.5557,39,61553270553,2469000,1
61.5661,39,61563619571,2469000,1
61.5964,38,61593884637,2469000,1
61.6623,33,61659802787,2469000,1
61.6853,35,61682802835,2469000,1
61.7818,33,61779346057,2496006,0
61.8096,35,61807117123,2469000,1
61.8121,33,61809584123,2469000,1
61.8654,33,61862896249,2496006,0
61.896,33,61893503321,2469000,1
61.8984,34,61895970321,2469000,1
61.911,33,61908547345,2469000,1
61.9823,33,61979842507,2496006,0
62.0101,33,62007631573,2469000,1
62.0151,33,62012621579,2496006,0
62.0255,33,62023026603,2496006,0
62.0305,33,62028072615,2469000,1
62.033,34,62030539615,2469000,1
62.0506,39,62048162651,2469000,1
62.0531,33,62050638651,2469000,1
62.1649,33,62162355909,2496006,0
62.1724,34,62169933927,2469000,1
62.1724,33,62169933927,2469000,1
62.1929,32,62190392969,2496006,0
62.2207,32,62218164035,2496006,0
62.226,32,62223523047,2469000,1
62.2285,33,62225990047,2469000,1
62.2334,32,62230980053,2469000,1
62.2817,33,62279255161,2469000,1
62.3274,32,62324971263,2469000,1
62.3501,36,62347658311,2469000,1
62.3904,33,62387959395,2469000,1
62.3929,39,62390426395,2469000,1
62.4336,33,62431096485,2496006,0
62.4437,33,62441188509,2496006,0
62.4765,33,62474014587,2469000,1
62.4894,32,62486895611,2469000,1
62.5222,33,62519692683,2469000,1
62.5502,33,62547729743,2496006,0
62.5628,33,62560353773,2469000,1
62.5883,33,62585876827,2469000,1
62.7026,33,62700108091,2496006,0
62.7177,33,62715246127,2496006,0
62.7329,33,62730393163,2469000,1
62.7634,37,62760962235,2469000,1
62.7684,33,62765961241,2469000,1
62.7785,35,62776006259,2496006,0
62.7835,35,62781052271,2469000,1
62.7989,33,62796465301,2469000,1
62.8014,33,62798934301,2469000,1
62.8165,35,62814043331,2469000,1
62.8749,35,62872410463,2469000,1
62.9105,35,62908016541,2469000,1
62.9281,33,62925648577,2469000,1
62.9663,32,62963786661,2496006,0
62.989,32,62986511715,2469000,1
62.9965,32,62994033727,2469000,1
63.0271,34,63024611799,2469000,1
63.0295,34,63027080799,2469000,1
63.0345,37,63032070805,2469000,1
63.037,37,63034546805,2469000,1
63.0474,32,63044895823,2469000,1
63.0499,34,63047371823,2496006,0
63.0625,37,63059995853,2469000,1
63.0826,34,63080141895,2469000,1
63.0977,34,63095250925,2469000,1
63.1207,38,63118232979,2496006,0
63.1232,32,63120755985,2469000,1
63.1409,34,63138388021,2469000,1
63.1462,38,63143691027,2469000,1
63.1638,37,63161305063,2496006,0
63.1714,38,63168874081,2496006,0
63.1789,37,63176452099,2469000,1
63.1991,38,63196598141,2496006,0
63.2145,38,63212067177,2469000,1
63.2246,37,63222112195,2469000,1
63.2422,38,63239726231,2469000,1
63.2447,34,63242193231,2496006,0
63.25,38,63247552243,2469000,1
63.2601,34,63257624261,2469000,1
63.2701,32,63267669279,2469000,1
63.2827,34,63280246303,2469000,1
63.3284,37,63325980405,2469000,1
63.3309,35,63328447405,2469000,1
63.341,34,63338501423,2469000,1
63.3892,35,63386740531,2496006,0
63.4198,35,63417347603,2496006,0
63.4299,35,63427457627,2469000,1
63.445,38,63442548657,2496006,0
63.4605,37,63458008693,2469000,1
63.4629,35,63460475693,2469000,1
63.4755,38,63473043717,2469000,1
63.478,38,63475528717,2469000,1
63.4906,38,63488096741,2469000,1
63.4981,34,63495618753,2469000,1
63.5312,35,63528737825,2469000,1
63.5997,38,63597187981,2469000,1
63.6555,35,63653005107,2469000,1
63.6608,34,63658317119,2469000,1
63.6734,33,63670885143,2496006,0
63.6784,38,63675940155,2469000,1
63.7011,33,63698618203,2469000,1
63.7392,39,63736747287,2469000,1
63.7518,33,63749315311,2496006,0
63.7774,33,63774894371,2496006,0
63.7976,33,63795087419,2496006,0
63.8127,33,63810234455,2469000,1
63.8483,38,63845867533,2469000,1
63.8638,33,63861289563,2469000,1
63.9066,37,63904169659,2469000,1
63.9066,34,63904169659,2469000,1
63.9322,33,63929692713,2469000,1
63.9574,32,63954893767,2469000,1
64.0312,36,64028711935,2469000,1
64.0463,35,64043811965,2469000,1
64.0513,36,64048801971,2469000,1
64.0563,36,64053791977,2496006,0
64.0717,34,64069252013,2469000,1
64.0868,36,64084343043,2496006,0
64.0944,33,64091912061,2496006,0
64.1045,36,64102013085,2469000,1
64.1145,33,64112067103,2469000,1
64.1426,36,64140095163,2469000,1
64.1526,33,64150158181,2469000,1
64.1677,33,64165249211,2469000,1
64.2034,37,64200900295,2469000,1
64.2134,36,64210936313,2496006,0
64.244,36,64241543385,2469000,1
64.2541,36,64251588403,2469000,1
64.3048,35,64302377517,2469000,1
64.3124,37,64309908529,2469000,1
64.3455,36,64343000601,2469000,1
64.3937,33,64391239709,2496006,0
64.4038,33,64401331733,2469000,1
64.4189,36,64416422763,2469000,1
64.4394,33,64436890805,2496006,0
64.4596,34,64457092853,2469000,1
64.4696,33,64467137871,2469000,1
64.48,34,64477504889,2496006,0
64.4901,34,64487596913,2469000,1
64.5026,34,64500164937,2469000,1
64.5228,33,64520319979,2469000,1
64.5865,36,64584046123,2469000,1
64.5865,34,64584046123,2469000,1
64.6117,33,64609265177,2469000,1
64.7948,33,64792315603,2469000,1
64.8099,34,64807415633,2469000,1
64.9367,32,64934279927,2469000,1
64.9623,33,64959784981,2469000,1
65.0358,34,65033290149,2496006,0
65.0563,37,65053805197,2469000,1
65.0714,34,65068887227,2496006,0
65.0789,38,65076456245,2469000,1
65.0865,37,65083987257,2469000,1
65.0889,33,65086463257,2469000,1
65.0917,34,65089243263,2469000,1
65.0942,37,65091710263,2469000,1
65.1219,34,65119443323,2496006,0
65.1576,34,65155096407,2496006,0
65.1727,37,65170252443,2496006,0
65.1853,34,65182876473,2469000,1
65.1957,37,65193243491,2469000,1
65.2032,34,65200765503,2469000,1
65.2234,37,65220920545,2469000,1
65.2259,34,65223396545,2469000,1
65.264,33,65261552629,2469000,1
65.2918,37,65289276689,2496006,0
65.3072,37,65304727725,2496006,0
65.3148,37,65312305743,2469000,1
65.358,39,65355498839,2469000,1
65.368,37,65365543857,2496006,0
65.3807,34,65378158887,2496006,0
65.3832,39,65380690893,2469000,1
65.3881,37,65385680899,2469000,1
65.3985,34,65396056917,2469000,1
65.406,39,65403569929,2469000,1
65.411,37,65408559935,2469000,1
65.4362,34,65433769989,2469000,1
65.4643,34,65461816049,2496006,0
65.4719,37,65469394067,2469000,1
65.4794,37,65476916079,2469000,1
65.4819,34,65479383079,2496006,0
65.5024,39,65499880127,2496006,0
65.5175,34,65515027163,2496006,0
65.5226,39,65520082175,2469000,1
65.5351,34,65532650199,2469000,1
65.5452,39,65542695217,2496006,0
65.5682,39,65565733271,2469000,1
65.5707,36,65568200271,2496006,0
65.5783,36,65575787289,2469000,1
65.5783,34,65575787289,2469000,1
65.6063,39,65603833349,2496006,0
65.6164,36,65613934373,2469000,1
65.6265,39,65623979391,2496006,0
65.6542,39,65651759457,2469000,1
65.6592,37,65656749463,2469000,1
65.6592,39,65656749463,2469000,1
65.6646,34,65662061475,2496006,0
65.6771,36,65674676505,2469000,1
65.6897,34,65687244529,2469000,1
65.7023,39,65699839553,2469000,1
65.743,34,65740509649,2469000,1
65.7455,34,65742978649,2496006,0
65.7505,34,65748042661,2496006,0
65.7606,34,65758134685,2469000,1
65.771,36,65768492709,2469000,1
65.7936,34,65791170757,2469000,1
65.7986,34,65796169763,2469000,1
65.8826,37,65880115955,2469000,1
65.8926,39,65890160973,2469000,1
65.9002,36,65897682985,2469000,1
65.974,39,65971501153,2469000,1
66.0067,33,66004271225,2469000,1
66.0146,34,66012097237,2496006,0
66.0247,34,66022189261,2496006,0
66.0323,33,66029758279,2496006,0
66.0474,33,66044905315,2496006,0
66.0524,34,66049951327,2469000,1
66.0729,33,66070419369,2469000,1
66.0754,35,66072886369,2469000,1
66.0879,34,66085463393,2469000,1
66.1185,37,66116041459,2496006,0
66.1261,37,66123619477,2469000,1
66.1286,34,66126086477,2469000,1
66.1336,33,66131076483,2496006,0
66.1487,33,66146232519,2496006,0
66.1793,37,66176848591,2469000,1
66.1818,33,66179315591,2469000,1
66.1918,37,66189351609,2469000,1
66.1993,34,66196873621,2469000,1
66.235,33,66232533699,2469000,1
66.2757,33,66273185789,2496006,0
66.2858,33,66283286813,2469000,1
66.3034,33,66300918849,2469000,1
66.3084,37,66305917855,2469000,1
66.339,33,66336468921,2496006,0
66.3617,33,66359184975,2496006,0
66.3822,33,66379718023,2469000,1
66.3822,38,66379718023,2469000,1
66.4125,38,66409965089,2496006,0
66.4175,38,66415011101,2469000,1
66.4304,33,66427901125,2496006,0
66.4506,33,66448085173,2496006,0
66.4531,33,66450617179,2469000,1
66.4606,36,66458139191,2469000,1
66.4606,38,66458139191,2469000,1
66.5038,38,66501350287,2469000,1
66.5139,33,66511386305,2496006,0
66.5164,33,66513909311,2469000,1
66.5242,35,66521753323,2469000,1
66.552,33,66549486383,2469000,1
66.552,35,66549486383,2469000,1
66.5876,33,66585101461,2469000,1
66.6102,35,66607779509,2469000,1
66.6358,35,66633302563,2496006,0
66.6661,35,66663605635,2469000,1
66.6786,34,66676173659,2469000,1
66.6865,37,66684008671,2496006,0
66.689,37,66686531677,2469000,1
66.6965,37,66694044689,2469000,1
66.7066,35,66704089707,2469000,1
66.7192,38,66716657731,2496006,0
66.7295,32,66727080755,2469000,1
66.7472,33,66744712791,2469000,1
66.7472,38,66744712791,2469000,1
66.7572,32,66754748809,2496006,0
66.7623,37,66759794821,2469000,1
66.7749,32,66772362845,2496006,0
66.7774,35,66774894851,2469000,1
66.7824,38,66779884857,2469000,1
66.7902,32,66787710869,2469000,1
66.8028,32,66800278893,2496006,0
66.8129,32,66810388917,2496006,0
66.8255,38,66823012947,2469000,1
66.8358,38,66833370965,2469000,1
66.8434,32,66840892977,2469000,1
66.8711,38,66868635037,2469000,1
66.8837,32,66881203061,2469000,1
66.894,39,66891579079,2469000,1
66.9448,32,66942368193,2469000,1
66.9599,37,66957450223,2469000,1
67.0082,35,67005707331,2469000,1
67.0132,32,67010706337,2469000,1
67.0412,37,67038734397,2469000,1
67.0816,35,67079109487,2469000,1
67.1503,38,67147872643,2469000,1
67.173,34,67170541691,2469000,1
67.173,37,67170541691,2469000,1
67.1881,33,67185623721,2496006,0
67.2111,33,67208661775,2469000,1
67.2364,33,67233862829,2496006,0
67.267,33,67264487901,2469000,1
67.2947,33,67292211961,2496006,0
67.3,32,67297570973,2469000,1
67.3202,33,67317726015,2469000,1
67.3328,33,67330312039,2469000,1
67.3558,38,67353294087,2469000,1
67.3911,33,67388614165,2469000,1
67.4166,33,67414137219,2469000,1
67.5409,33,67538460507,2469000,1
67.6043,36,67601873651,2469000,1
67.7467,32,67744197987,2469000,1
67.9629,35,67960396491,2496006,0
67.9704,33,67967965509,2469000,1
67.9805,35,67978010527,2496006,0
67.9906,34,67988111551,2469000,1
67.993,35,67990578551,2469000,1
68.0056,35,68003146575,2469000,1
68.0488,35,68046357671,2469000,1
68.1634,35,68160910935,2469000,1
68.4351,35,68432669571,2469000,1
68.4758,39,68473348661,2469000,1
68.5263,39,68523797775,2469000,1
68.5366,39,68534173799,2469000,1
68.5568,39,68554319841,2469000,1
68.5849,39,68582356901,2496006,0
68.605,39,68602549949,2469000,1
68.6381,39,68635651021,2469000,1
68.6914,39,68688945141,2469000,1
68.8691,39,68866645555,2469000,1
68.9455,38,68942995729,2469000,1
68.9707,38,68968196783,2469000,1
68.9861,39,68983600813,2469000,1
68.9911,38,68988599819,2469000,1
69.0137,38,69011268867,2469000,1
69.0746,37,69072150005,2496006,0
69.085,37,69082555029,2469000,1
69.1103,37,69107756083,2496006,0
69.1279,37,69125435125,2469000,1
69.161,37,69158527197,2496006,0
69.1787,37,69176188239,2469000,1
69.1812,39,69178655239,2496006,0
69.1916,39,69189060263,2496006,0
69.2168,39,69214326323,2496006,0
69.2193,37,69216849329,2469000,1
69.2448,35,69242354383,2469000,1
69.2448,39,69242354383,2469000,1
69.2498,39,69247353389,2469000,1
69.2649,38,69262453419,2469000,1
69.3006,37,69298113497,2469000,1
69.3331,39,69330674545,2469000,1
69.3511,36,69348601581,2469000,1
69.3763,36,69373811635,2469000,1
69.4169,36,69414434719,2469000,1
69.4219,36,69419424725,2469000,1
69.4345,37,69431992749,2469000,1
69.4876,32,69485127851,2496006,0
69.503,33,69500531887,2469000,1
69.5079,32,69505465887,2469000,1
69.5231,37,69520565917,2496006,0
69.5407,39,69538244959,2469000,1
69.5432,37,69540711959,2496006,0
69.5482,32,69545757971,2469000,1
69.5738,37,69571272025,2496006,0
69.5838,36,69581373049,2469000,1
69.5967,32,69594198067,2469000,1
69.6067,37,69604234085,2469000,1
69.6294,34,69626921133,2496006,0
69.637,38,69634499151,2496006,0
69.6471,37,69644591175,2469000,1
69.6625,34,69660004205,2496006,0
69.6675,38,69665050217,2496006,0
69.6726,34,69670096229,2469000,1
69.6776,38,69675086235,2469000,1
69.6876,38,69685140253,2469000,1
69.7131,34,69710663307,2469000,1
69.7459,32,69743469379,2469000,1
69.7638,37,69761302409,2469000,1
69.789,37,69786494463,2469000,1
69.7914,38,69788961463,2469000,1
69.799,32,69796492475,2469000,1
69.8144,34,69811896511,2496006,0
69.8169,34,69814419517,2469000,1
69.8626,34,69860088613,2469000,1
69.8751,36,69872665637,2469000,1
69.9284,34,69925968757,2469000,1
69.9359,38,69933425763,2496006,0
69.9511,38,69948581799,2469000,1
69.9511,39,69948581799,2469000,1
69.956,38,69953580805,2469000,1
70.0072,38,70004655919,2496006,0
70.0273,38,70024792961,2496006,0
70.0424,38,70039948997,2469000,1
70.1056,38,70103167129,2469000,1
70.1084,34,70105947135,2496006,0
70.116,34,70113534153,2469000,1
70.116,38,70113534153,2469000,1
70.1488,34,70146331225,2469000,1
70.2327,34,70230259417,2469000,1
70.2453,37,70242836441,2469000,1
70.3037,38,70301185573,2469000,1
70.314,34,70311543591,2469000,1
70.3241,33,70321579609,2496006,0
70.3266,33,70324102615,2469000,1
70.3467,32,70344248657,2469000,1
70.3722,33,70369762711,2469000,1
70.4382,36,70435698861,2469000,1
70.4507,33,70448275885,2469000,1
70.4583,34,70455797897,2496006,0
70.4889,33,70486404969,2469000,1
70.4914,34,70488871969,2496006,0
70.4939,34,70491394975,2469000,1
70.509,39,70506486005,2469000,1
70.5421,38,70539578077,2496006,0
70.5446,38,70542101083,2469000,1
70.5471,34,70544577083,2496006,0
70.5698,34,70567302137,2469000,1
70.5776,38,70575128149,2469000,1
70.6129,34,70610439227,2469000,1
70.6486,34,70646090305,2469000,1
70.6637,38,70661190335,2469000,1
70.7299,34,70727430485,2469000,1
70.7627,38,70760200557,2469000,1
70.7727,34,70770236575,2496006,0
70.7907,34,70788228617,2469000,1
70.8008,34,70798282635,2496006,0
70.8033,34,70800805641,2469000,1
70.8209,33,70818419677,2469000,1
70.8338,36,70831309701,2469000,1
70.8438,34,70841345719,2469000,1
70.8539,37,70851390737,2469000,1
70.8639,34,70861444755,2496006,0
70.8765,34,70874068785,2469000,1
70.9276,34,70925161899,2469000,1
70.9655,34,70963013983,2469000,1
71.1334,38,71130917373,2469000,1
71.1943,35,71191789511,2469000,1
71.2119,34,71209421547,2469000,1
71.3744,38,71371947925,2496006,0
71.3921,38,71389617967,2469000,1
71.4327,38,71430279063,2469000,1
71.4861,32,71483591183,2496006,0
71.5091,32,71506620237,2469000,1
71.5116,32,71509089237,2469000,1
71.5548,38,71552300333,2469000,1
71.6157,32,71613181471,2469000,1
71.6333,33,71630813507,2469000,1
71.6333,35,71630813507,2469000,1
71.6408,35,71638326519,2469000,1
71.6613,39,71658785561,2469000,1
71.6663,34,71663784567,2469000,1
71.6663,35,71663784567,2469000,1
71.6839,38,71681398603,2496006,0
71.6914,38,71688976621,2469000,1
71.7094,38,71706921657,2469000,1
71.7295,35,71727058699,2469000,1
71.7829,32,71780370819,2496006,0
71.7854,37,71782893825,2469000,1
71.803,38,71800516861,2469000,1
71.8058,32,71803296867,2469000,1
71.8489,32,71846480963,2469000,1
71.854,35,71851479969,2496006,0
71.8615,35,71859048987,2469000,1
71.8691,32,71866588999,2469000,1
71.9173,35,71914828107,2469000,1
71.94,35,71937515155,2469000,1
72.0059,38,72003433305,2469000,1
72.0264,32,72023901347,2469000,1
72.0569,38,72054470413,2469000,1
72.1153,35,72112828545,2469000,1
72.1481,34,72145607617,2469000,1
72.2396,38,72237095827,2469000,1
72.321,32,72318492013,2469000,1
72.3411,35,72338647055,2469000,1
72.3436,37,72341114055,2496006,0
72.3641,37,72361638103,2469000,1
72.3716,37,72369151115,2469000,1
72.3893,32,72386765151,2496006,0
72.3968,32,72394343169,2469000,1
72.4018,37,72399333175,2469000,1
72.4476,32,72445067277,2496006,0
72.4602,32,72457682307,2496006,0
72.4706,32,72468087331,2469000,1
72.4781,36,72475609343,2496006,0
72.4831,36,72480664355,2469000,1
72.4881,32,72485654361,2469000,1
72.5133,32,72510846415,2469000,1
72.5389,32,72536387469,2469000,1
72.5413,36,72538854469,2469000,1
72.5589,37,72556477505,2469000,1
72.6429,37,72640414697,2469000,1
72.6605,36,72658037733,2469000,1
72.7852,36,72782692021,2469000,1
72.8283,35,72825876117,2469000,1
72.8842,32,72881702243,2469000,1
73.1152,36,73112752783,2469000,1
73.1152,35,73112752783,2469000,1
73.1508,39,73148349861,2496006,0
73.1533,38,73150872867,2469000,1
73.1634,39,73160908885,2469000,1
73.1735,39,73170962903,2496006,0
73.1864,39,73183890933,2496006,0
73.1914,39,73188936945,2496006,0
73.2141,39,73211670999,2469000,1
73.2599,39,73257387101,2496006,0
73.2649,39,73262433113,2496006,0
73.2775,39,73275075143,2469000,1
73.293,37,73290497173,2469000,1
73.3308,39,73328322257,2469000,1
73.3538,39,73351331305,2469000,1
73.4096,32,73407157431,2469000,1
73.4298,39,73427312473,2469000,1
73.5519,33,73549425755,2469000,1
73.6636,36,73661125013,2469000,1
73.8363,39,73833770415,2496006,0
73.8542,39,73851762457,2469000,1
73.8668,39,73864330481,2496006,0
73.8744,39,73871899499,2469000,1
73.8895,39,73886999529,2469000,1
73.986,39,73983560751,2469000,1
73.9935,39,73991073763,2469000,1
74.0494,34,74046908889,2496006,0
74.0544,34,74051954901,2469000,1
74.0597,34,74057257913,2469000,1
74.0849,39,74082449967,2496006,0
74.1054,39,74102974015,2469000,1
74.1104,39,74107973021,2469000,1
74.1688,34,74166313153,2496006,0
74.1764,39,74173900171,2469000,1
74.1864,34,74183954189,2469000,1
74.1914,34,74188953195,2469000,1
74.2472,39,74244752321,2496006,0
74.2497,34,74247275327,2469000,1
74.2702,39,74267761369,2469000,1
74.3311,39,74328633507,2469000,1
74.3895,39,74386991639,2469000,1
74.4835,34,74481011855,2469000,1
74.5267,38,74524213951,2469000,1
74.5494,38,74546891999,2469000,1
74.5774,38,74574920059,2469000,1
74.5799,39,74577396059,2469000,1
74.6231,39,74620589155,2469000,1
74.6432,38,74640735197,2496006,0
74.666,38,74663460251,2496006,0
74.689,39,74686507305,2469000,1
74.694,38,74691497311,2469000,1
74.7245,38,74722057377,2469000,1
74.7498,38,74747285431,2469000,1
74.7674,35,74764917467,2469000,1
74.7929,38,74790422521,2469000,1
74.7954,34,74792898521,2469000,1
74.8004,35,74797888527,2469000,1
74.8587,35,74856247099,2496006,0
74.8612,35,74858770105,2469000,1
74.8713,35,74868806123,2469000,1
74.9018,35,74899366189,2469000,1
74.9119,37,74909411207,2496006,0
74.9274,32,74924871243,2496006,0
74.9299,37,74927394249,2469000,1
74.9323,37,74929870249,2469000,1
74.9475,32,74944961279,2496006,0
74.95,37,74947493285,2469000,1
74.9701,32,74967639327,2469000,1
74.9805,32,74977988345,2469000,1
75.0158,35,75013326423,2469000,1
75.0262,34,75023684441,2469000,1
75.0413,33,75038784471,2469000,1
75.0463,38,75043774477,2496006,0
75.0488,32,75046297483,2469000,1
75.0563,38,75053819495,2469000,1
75.0664,33,75063855513,2496006,0
75.0739,38,75071424531,2469000,1
75.0789,33,75076414537,2469000,1
75.0918,33,75089313567,2469000,1
75.14,37,75137570675,2469000,1
75.1703,38,75167826741,2496006,0
75.1753,38,75172872753,2469000,1
75.1803,32,75177862759,2469000,1
75.1857,38,75183183765,2469000,1
75.1957,33,75193228783,2469000,1
75.2184,33,75215906831,2469000,1
75.2818,38,75279319975,2469000,1
75.3224,38,75319972065,2469000,1
75.3274,33,75324971071,2469000,1
75.3886,36,75386165209,2469000,1
75.4164,36,75413889269,2496006,0
75.4419,36,75439459329,2469000,1
75.4444,36,75441928329,2469000,1
75.4847,35,75482276419,2469000,1
75.5485,36,75546011563,2469000,1
75.5611,32,75558570587,2496006,0
75.5661,37,75563616599,2469000,1
75.5862,32,75583771641,2469000,1
75.6244,32,75621909725,2469000,1
75.6398,33,75637322755,2469000,1
75.6448,38,75642330761,2469000,1
75.6852,36,75682696851,2469000,1
75.7182,32,75715779923,2469000,1
75.7918,34,75789285091,2496006,0
75.8022,34,75799690115,2469000,1
75.8122,32,75809735133,2469000,1
75.8605,34,75857992241,2469000,1
75.8806,35,75878147283,2469000,1
75.9289,34,75926404391,2469000,1
75.9544,36,75951909445,2469000,1
75.9846,37,75982156511,2469000,1
76.1371,34,76134590865,2469000,1
76.1395,35,76137057865,2469000,1
76.2285,32,76226023069,2496006,0
76.2487,32,76246234117,2469000,1
76.2969,32,76294473225,2469000,1
76.3351,33,76332638309,2469000,1
76.3606,34,76358143363,2469000,1
76.3707,32,76368197381,2469000,1
76.3908,32,76388334423,2469000,1
76.4466,39,76444178549,2469000,1
76.4621,38,76459582579,2469000,1
76.5763,39,76573813843,2496006,0
76.6091,39,76606630921,2496006,0
76.617,39,76614521939,2469000,1
76.6472,34,76644769005,2469000,1
76.6677,39,76665246047,2496006,0
76.6753,39,76672815065,2469000,1
76.7311,39,76728632191,2496006,0
76.7488,39,76746320233,2469000,1
76.7488,32,76746320233,2469000,1
76.7768,39,76774357293,2469000,1
76.8147,37,76812182377,2496006,0
76.8377,37,76835247431,2469000,1
76.8402,39,76837714431,2469000,1
76.8629,32,76860374479,2496006,0
76.8707,32,76868265497,2469000,1
76.8909,37,76888402539,2469000,1
76.8933,32,76890869539,2469000,1
76.934,36,76931566629,2469000,1
77.0025,32,77000025785,2496006,0
77.0101,37,77007594803,2469000,1
77.0101,32,77007594803,2469000,1
77.0406,32,77038154869,2469000,1
77.0684,39,77065878929,2496006,0
77.0712,37,77068714935,2469000,1
77.0964,39,77093924989,2469000,1
77.132,39,77129540067,2469000,1
77.1623,32,77159796133,2496006,0
77.1673,33,77164851145,2469000,1
77.1802,33,77177732169,2469000,1
77.1827,32,77180208169,2469000,1
77.1978,33,77195290199,2496006,0
77.218,33,77215483247,2496006,0
77.2385,33,77235998295,2469000,1
77.2511,32,77248566319,2496006,0
77.2536,39,77251089325,2496006,0
77.2586,39,77256144337,2469000,1
77.2661,32,77263666349,2469000,1
77.2686,32,77266135349,2469000,1
77.2736,39,77271125355,2496006,0
77.289,39,77286576391,2469000,1
77.2915,39,77289045391,2496006,0
77.2966,33,77294100403,2496006,0
77.3168,33,77314302451,2469000,1
77.3192,39,77316769451,2469000,1
77.3318,39,77329346475,2469000,1
77.3447,33,77342236505,2496006,0
77.3548,33,77352346529,2496006,0
77.3649,33,77362438553,2469000,1
77.3803,32,77377851583,2469000,1
77.3904,39,77387923601,2469000,1
77.3954,33,77392913607,2469000,1
77.413,39,77410536643,2469000,1
77.4155,32,77413003643,2469000,1
77.4385,34,77436012691,2496006,0
77.441,34,77438535697,2496006,0
77.4536,34,77451159727,2469000,1
77.4918,34,77489288811,2469000,1
77.5069,37,77504388841,2496006,0
77.5169,33,77514480865,2469000,1
77.5321,37,77529607895,2469000,1
77.5424,33,77539965913,2469000,1
77.5424,37,77539965913,2469000,1
77.5777,35,77575258991,2469000,1
77.5827,33,77580248997,2496006,0
77.5856,34,77583085003,2469000,1
77.5931,35,77590625015,2469000,1
77.6082,33,77605725045,2469000,1
77.6132,37,77610724051,2469000,1
77.6182,33,77615714057,2469000,1
77.6412,35,77638705105,2469000,1
77.6436,39,77641172105,2469000,1
77.6714,34,77668896165,2496006,0
77.6789,34,77676474183,2469000,1
77.6944,35,77691887213,2496006,0
77.6969,35,77694410219,2469000,1
77.7094,32,77706978243,2469000,1
77.7119,34,77709445243,2469000,1
77.722,33,77719481261,2496006,0
77.7295,39,77727059279,2469000,1
77.737,33,77734572291,2469000,1
77.7575,35,77755031333,2469000,1
77.76,34,77757498333,2496006,0
77.7625,37,77760021339,2496006,0
77.7675,37,77765076351,2469000,1
77.77,34,77767543351,2469000,1
77.7905,33,77788020393,2469000,1
77.8056,34,77803111423,2469000,1
77.8156,35,77813174441,2469000,1
77.8256,37,77823156453,2469000,1
77.8256,34,77823156453,2469000,1
77.856,32,77853577501,2469000,1
77.8942,37,77891724585,2496006,0
77.8967,37,77894247591,2469000,1
77.9017,33,77899246597,2469000,1
77.9042,33,77901715597,2469000,1
77.9067,35,77904182597,2469000,1
77.9394,37,77936905663,2496006,0
77.9624,34,77959952717,2469000,1
77.9649,37,77962419717,2469000,1
77.9775,37,77974996741,2496006,0
78.0105,37,78008079813,2469000,1
78.0587,37,78056208909,2496006,0
78.0663,37,78063795927,2469000,1
78.1095,37,78106989023,2469000,1
78.1754,34,78172916173,2496006,0
78.1855,33,78183017197,2469000,1
78.1956,34,78193062215,2496006,0
78.2009,37,78198421227,2469000,1
78.2084,37,78205943239,2469000,1
78.221,34,78218511263,2469000,1
78.231,34,78228565281,2469000,1
78.2385,34,78236078293,2469000,1
78.2461,34,78243600305,2469000,1
78.3426,35,78340170527,2469000,1
78.3732,35,78370739593,2469000,1
78.3934,37,78390894635,2469000,1
78.3958,34,78393361635,2469000,1
78.4138,38,78411288671,2469000,1
78.4696,34,78467114797,2469000,1
78.6195,37,78617026145,2496006,0
78.6296,37,78627118169,2469000,1
78.6396,37,78637172187,2469000,1
78.721,37,78718577373,2469000,1
78.7996,35,78797128553,2469000,1
78.815,35,78812532583,2496006,0
78.8428,35,78840312649,2469000,1
78.8554,36,78852889673,2469000,1
78.8654,35,78862934691,2469000,1
78.8707,35,78868246697,2469000,1
78.9165,37,78913962799,2496006,0
78.9442,37,78941751865,2469000,1
78.9874,37,78984935961,2469000,1
78.9924,36,78989925967,2469000,1
79.0025,32,78999997985,2469000,1
79.0025,36,78999997985,2469000,1
79.0229,35,79020466027,2469000,1
79.0304,36,79027979039,2469000,1
79.0329,38,79030446039,2496006,0
79.0506,38,79048116081,2469000,1
79.0531,35,79050583081,2496006,0
79.0682,35,79065730117,2469000,1
79.0785,38,79076079135,2469000,1
79.0835,37,79081078141,2469000,1
79.1138,35,79111343207,2469000,1
79.1368,33,79134352255,2469000,1
79.1368,35,79134352255,2469000,1
79.1519,36,79149443285,2469000,1
79.167,35,79164543315,2469000,1
79.185,38,79182479351,2496006,0
79.2026,38,79200158393,2469000,1
79.2281,38,79225663447,2469000,1
79.2634,36,79260965525,2469000,1
79.2991,37,79296598603,2469000,1
79.3246,36,79322103657,2469000,1
79.3397,38,79337212687,2469000,1
79.4972,38,79494702053,2469000,1
79.5681,35,79565666215,2469000,1
79.6189,39,79616446329,2469000,1
79.6902,33,79687741491,2496006,0
79.7003,34,79697833515,2469000,1
79.7104,33,79707887533,2469000,1
79.7409,37,79738447599,2469000,1
79.7712,33,79768703665,2469000,1
79.7812,33,79778757683,2469000,1
79.8424,38,79839951821,2469000,1
79.9109,33,79908401977,2469000,1
79.949,36,79946540061,2469000,1
79.9818,35,79979319133,2469000,1
80.0174,39,80014943211,2496006,0
80.0506,39,80048073289,2496006,0
80.0708,39,80068266337,2496006,0
80.1014,39,80098891409,2469000,1
80.1215,33,80119037451,2496006,0
80.1392,33,80136707493,2496006,0
80.1597,33,80157231541,2496006,0
80.1622,39,80159754547,2469000,1
80.1874,33,80184964601,2469000,1
80.2155,33,80213010661,2469000,1
80.2255,33,80223046679,2496006,0
80.2461,33,80243570727,2496006,0
80.2663,39,80263772775,2496006,0
80.2738,33,80271341793,2496006,0
80.289,39,80286488829,2469000,1
80.2914,33,80288955829,2469000,1
80.3296,39,80327102913,2469000,1
80.3371,33,80334633925,2496006,0
80.3551,33,80352616967,2496006,0
80.3576,38,80355139973,2496006,0
80.3601,38,80357662979,2469000,1
80.3652,32,80362661985,2496006,0
80.3677,38,80365184991,2469000,1
80.3827,33,80380276021,2469000,1
80.3903,39,80387789033,2469000,1
80.3903,32,80387789033,2469000,1
80.4259,32,80423404111,2496006,0
80.4284,38,80425927117,2469000,1
80.4435,32,80441027147,2496006,0
80.4486,33,80446073159,2496006,0
80.4514,32,80448927165,2469000,1
80.4564,33,80453917171,2496006,0
80.4589,33,80456449177,2469000,1
80.469,32,80466485195,2496006,0
80.4866,32,80484146237,2496006,0
80.4942,33,80491724255,2469000,1
80.4942,32,80491724255,2469000,1
80.5222,33,80519752315,2496006,0
80.5273,33,80524816327,2469000,1
80.5399,39,80537393351,2469000,1
80.5424,32,80539860351,2496006,0
80.5474,33,80544915363,2469000,1
80.5499,37,80547400363,2469000,1
80.5577,32,80555226375,2469000,1
80.5803,32,80577857417,2469000,1
80.5929,32,80590425441,2469000,1
80.6184,34,80615948495,2469000,1
80.6285,34,80626011513,2469000,1
80.6335,38,80631001519,2496006,0
80.659,38,80656571579,2469000,1
80.6615,33,80659038579,2469000,1
80.6766,38,80674129609,2496006,0
80.6892,34,80686744639,2469000,1
80.6993,38,80696798657,2496006,0
80.7223,38,80719836711,2496006,0
80.7526,38,80750139783,2496006,0
80.7605,33,80758021801,2469000,1
80.768,38,80765543813,2496006,0
80.7731,35,80770589825,2469000,1
80.778,38,80775579831,2469000,1
80.7881,38,80785633849,2469000,1
80.7906,34,80788118849,2469000,1
80.8108,39,80808282891,2469000,1
80.8388,32,80836310951,2496006,0
80.8464,34,80843888969,2469000,1
80.8513,39,80848878975,2469000,1
80.8668,32,80864301005,2469000,1
80.8743,32,80871832017,2469000,1
80.897,38,80894510065,2469000,1
80.9986,32,80996108299,2496006,0
81.0137,32,81011255335,2469000,1
81.0266,32,81024136359,2469000,1
81.0619,32,81059456437,2469000,1
81.1026,34,81100126533,2469000,1
81.1332,38,81130695599,2469000,1
81.1407,33,81138226611,2469000,1
81.1814,36,81178878701,2496006,0
81.1965,36,81194025737,2469000,1
81.2243,34,81221758797,2496006,0
81.2347,34,81232163821,2496006,0
81.2372,34,81234686827,2469000,1
81.2523,36,81249768857,2496006,0
81.2728,36,81270274905,2496006,0
81.2803,32,81277852923,2469000,1
81.2853,36,81282842929,2469000,1
81.2853,38,81282842929,2469000,1
81.2903,34,81287841935,2469000,1
81.3156,36,81313060989,2496006,0
81.3231,36,81320630007,2469000,1
81.3768,36,81374255127,2496006,0
81.3919,36,81389402163,2469000,1
81.407,34,81404520193,2469000,1
81.4246,36,81422143229,2469000,1
81.4526,36,81450171289,2469000,1
81.5236,33,81521171451,2469000,1
81.5261,36,81523638451,2469000,1
81.5999,34,81597456619,2469000,1
81.6381,38,81635594703,2496006,0
81.6684,38,81665897775,2469000,1
81.6709,38,81668366775,2496006,0
81.6759,38,81673412787,2469000,1
81.7166,38,81714082877,2469000,1
81.7396,32,81737082925,2496006,0
81.7446,32,81742128937,2469000,1
81.7521,38,81749641949,2469000,1
81.7571,32,81754649955,2469000,1
81.7927,33,81790265033,2469000,1
81.8104,32,81807897069,2469000,1
81.8637,36,81861191189,2469000,1
81.9296,32,81927127339,2469000,1
81.9321,34,81929594339,2469000,1
81.9449,38,81942475363,2469000,1
82.026,34,82023558549,2469000,1
82.2927,33,82290280173,2469000,1
82.3132,33,82310748221,2496006,0
82.3233,32,82320840245,2469000,1
82.3258,33,82323307245,2469000,1
82.3409,33,82338407275,2469000,1
82.4273,38,82424863183,2469000,1
82.4424,37,82439963213,2469000,1
82.4424,33,82439963213,2469000,1
82.4655,39,82462954261,2496006,0
82.473,39,82470532279,2469000,1
82.5263,33,82523808399,2496006,0
82.5338,39,82531377417,2469000,1
82.5338,33,82531377417,2469000,1
82.5821,33,82579634525,2469000,1
82.5846,33,82582103525,2469000,1
82.6354,39,82632901639,2469000,1
82.6735,39,82671039723,2469000,1
82.6937,35,82691176765,2496006,0
82.6962,33,82693699771,2469000,1
82.6962,35,82693699771,2469000,1
82.7012,35,82698698777,2469000,1
82.7826,35,82780103969,2469000,1
82.7951,36,82792671993,2469000,1
82.8001,35,82797679999,2469000,1
82.8459,38,82843387101,2496006,0
82.8585,38,82856002131,2469000,1
82.8815,38,82879002179,2469000,1
82.9146,39,82912094251,2469000,1
82.9171,33,82914561251,2496006,0
82.9196,38,82917084257,2469000,1
82.9296,33,82927120275,2469000,1
82.9396,33,82937174293,2469000,1
82.9446,34,82942173299,2469000,1
83.0311,33,83028633497,2469000,1
83.0664,32,83063944575,2469000,1
83.0793,32,83076825605,2469000,1
83.1045,38,83102017659,2469000,1
83.1909,33,83188468857,2469000,1
83.2367,35,83234193959,2469000,1
83.29,36,83287497079,2469000,1
83.3865,35,83384058301,2469000,1
83.5033,39,83500803571,2469000,1
83.5108,37,83508316583,2469000,1
83.5208,37,83518379601,2469000,1
83.5539,37,83551471679,2469000,1
83.564,37,83561516697,2469000,1
83.5819,37,83579443733,2496006,0
83.5895,37,83587012751,2469000,1
83.597,38,83594525763,2496006,0
83.602,38,83599571775,2469000,1
83.6276,33,83625103829,2469000,1
83.6326,37,83630093835,2469000,1
83.6578,38,83655294889,2469000,1
83.6984,37,83695973979,2469000,1
83.7211,33,83718661027,2469000,1
83.7669,38,83764368129,2496006,0
83.7874,38,83784902009,2469000,1
83.81,38,83807571057,2469000,1
83.8201,37,83817625075,2469000,1
83.8507,38,83848185141,2496006,0
83.8532,38,83850708147,2469000,1
83.8607,33,83858230159,2469000,1
83.9039,38,83901441255,2469000,1
83.937,37,83934542327,2469000,1
84.0055,36,84002983483,2469000,1
84.0155,38,84013037501,2469000,1
84.0332,36,84030660537,2496006,0
84.0385,38,84036019549,2469000,1
84.041,34,84038486549,2496006,0
84.0485,36,84046055567,2469000,1
84.0662,34,84063669603,2496006,0
84.0914,38,84088917663,2469000,1
84.0942,34,84091697669,2469000,1
84.1042,34,84101751687,2469000,1
84.1143,36,84111796705,2469000,1
84.1243,36,84121859723,2469000,1
84.1549,34,84152446789,2469000,1
84.2616,34,84259091035,2469000,1
84.2792,36,84276714071,2469000,1
84.2997,36,84297191113,2469000,1
84.3122,34,84309759137,2469000,1
84.4647,32,84462193491,2469000,1
84.4772,32,84474761515,2469000,1
84.4797,32,84477230515,2496006,0
84.4847,32,84482276527,2469000,1
84.5153,32,84512845593,2469000,1
84.5812,32,84578772743,2469000,1
84.7542,32,84751722145,2469000,1
84.9167,37,84914257523,2469000,1
84.9574,32,84954936613,2469000,1
84.9675,39,84964981631,2469000,1
85.0129,32,85010384733,2469000,1
85.0308,36,85028329775,2496006,0
85.056,38,85053577835,2469000,1
85.0639,36,85061403853,2469000,1
85.1017,36,85099246937,2469000,1
85.1042,34,85101713937,2469000,1
85.1805,36,85178064111,2469000,1
85.2616,33,85259147297,2469000,1
85.277,35,85274569333,2469000,1
85.2921,33,85289660363,2469000,1
85.3252,33,85322743435,2469000,1
85.353,33,85350485495,2469000,1
85.4163,33,85413880639,2469000,1
85.4188,36,85416347639,2469000,1
85.4317,35,85429246663,2469000,1
85.4544,35,85451906711,2496006,0
85.467,35,85464530741,2469000,1
85.4976,35,85495099813,2469000,1
85.5102,35,85507667837,2496006,0
85.5307,35,85528182885,2469000,1
85.5584,35,85555915945,2469000,1
85.5763,33,85573842981,2496006,0
85.6016,33,85599118041,2469000,1
85.6372,35,85634724119,2469000,1
85.6372,33,85634724119,2469000,1
85.6754,37,85672871203,2496006,0
85.6804,37,85677917215,2496006,0
85.6955,37,85693073251,2469000,1
85.7005,33,85698063257,2469000,1
85.7361,37,85733669335,2469000,1
85.7512,33,85748778365,2469000,1
85.7689,33,85766419401,2496006,0
85.7944,33,85791980461,2469000,1
85.8376,37,85835173557,2469000,1
85.8477,33,85845218575,2496006,0
85.8553,35,85852796593,2496006,0
85.8603,33,85857842605,2469000,1
85.8653,36,85862832611,2496006,0
85.8678,35,85865355617,2469000,1
85.8832,36,85880759647,2469000,1
85.9211,37,85918593731,2469000,1
85.9235,33,85921060731,2469000,1
85.9235,36,85921060731,2469000,1
85.926,35,85923527731,2469000,1
85.9389,33,85936426755,2469000,1
85.949,35,85946498773,2469000,1
85.9691,38,85966644815,2469000,1
86.03,36,86027525953,2469000,1
86.0479,37,86045443989,2469000,1
86.0554,33,86052966001,2469000,1
86.0705,39,86068057031,2469000,1
86.0834,39,86080938055,2496006,0
86.091,39,86088516073,2469000,1
86.1036,33,86101084097,2496006,0
86.1187,33,86116231133,2496006,0
86.1364,33,86133901175,2496006,0
86.1493,33,86146838205,2469000,1
86.1594,39,86156883223,2469000,1
86.1694,35,86166928241,2469000,1
86.177,39,86174459253,2496006,0
86.1795,39,86176982259,2469000,1
86.1923,33,86189863283,2469000,1
86.2075,39,86204981313,2496006,0
86.215,36,86212550331,2469000,1
86.2352,39,86232705373,2469000,1
86.243,36,86240531385,2496006,0
86.2581,39,86255678421,2469000,1
86.2707,36,86268264445,2469000,1
86.2732,36,86270733445,2469000,1
86.2757,33,86273200445,2469000,1
86.2886,39,86286099469,2469000,1
86.2936,33,86291089475,2496006,0
86.3011,34,86298667493,2469000,1
86.3162,33,86313767523,2469000,1
86.3468,33,86344336589,2469000,1
86.3846,36,86382179673,2469000,1
86.4001,33,86397592703,2469000,1
86.4051,33,86402582709,2469000,1
86.4328,35,86430315769,2469000,1
86.4558,36,86453306817,2469000,1
86.5091,39,86506600937,2469000,1
86.6006,32,86598098147,2469000,1
86.6056,35,86603097153,2469000,1
86.7425,39,86740053471,2469000,1
86.8037,33,86801247609,2496006,0
86.8315,33,86829018675,2469000,1
86.839,36,86836549687,2469000,1
86.8645,39,86862063741,2469000,1
86.8771,33,86874631765,2469000,1
86.8872,33,86884685783,2496006,0
86.8998,33,86897300813,2469000,1
86.9278,33,86925346879,2469000,1
87.032,33,87029486119,2496006,0
87.0395,37,87037055137,2469000,1
87.0676,33,87065083197,2496006,0
87.0903,33,87087808251,2496006,0
87.1133,33,87110846305,2496006,0
87.1259,33,87123479335,2469000,1
87.1666,33,87164140425,2469000,1
87.1969,33,87194432491,2469000,1
87.362,38,87359490875,2469000,1
87.367,38,87364489881,2469000,1
87.4206,33,87418097007,2469000,1
87.4306,38,87428133025,2469000,1
87.5297,38,87527217253,2496006,0
87.5398,36,87537309277,2469000,1
87.5524,38,87549886301,2469000,1
87.5599,38,87557399313,2469000,1
87.6056,34,87603133415,2469000,1
87.6235,38,87621069451,2469000,1
87.6361,34,87633646475,2469000,1
87.6664,34,87663902541,2469000,1
87.7326,38,87730133691,2469000,1
87.7603,34,87757866751,2469000,1
87.8518,39,87849372961,2469000,1
87.8568,35,87854371967,2469000,1
87.872,34,87869453997,2496006,0
87.8874,34,87884914033,2469000,1
87.9101,33,87907592081,2469000,1
87.9327,34,87930214123,2496006,0
87.963,34,87960526195,2469000,1
88.0163,34,88013820315,2496006,0
88.0368,34,88034335363,2469000,1
88.0952,34,88092684495,2496006,0
88.1128,34,88110372537,2469000,1
88.1153,32,88112839537,2469000,1
88.1383,34,88135821585,2469000,1
88.1483,32,88145866603,2469000,1
88.189,32,88186554693,2469000,1
88.1965,38,88194076705,2469000,1
88.2498,34,88247370825,2469000,1
88.2599,32,88257415843,2496006,0
88.2624,32,88259938849,2469000,1
88.298,32,88295557021,2469000,1
88.3438,33,88341282123,2496006,0
88.369,33,88366530183,2469000,1
88.3917,32,88389208231,2469000,1
88.4046,34,88402089261,2469000,1
88.4197,33,88417189291,2469000,1
88.4528,34,88450290363,2469000,1
88.4881,39,88485592441,2469000,1
88.4931,36,88490591447,2496006,0
88.4959,33,88493427453,2469000,1
88.4984,36,88495894453,2469000,1
88.5059,39,88503407465,2469000,1
88.5235,32,88521039501,2496006,0
88.5336,36,88531131525,2469000,1
88.5465,39,88544012549,2496006,0
88.5591,32,88556627579,2469000,1
88.5616,39,88559103579,2469000,1
88.5691,32,88566616591,2469000,1
88.5691,39,88566616591,2469000,1
88.6073,39,88604781675,2469000,1
88.6097,33,88607248675,2496006,0
88.6223,33,88619872705,2469000,1
88.6273,39,88624871711,2469000,1
88.6298,33,88627338711,2469000,1
88.6452,36,88642760741,2469000,1
88.6578,32,88655328765,2469000,1
88.6704,38,88667905789,2469000,1
88.6981,33,88695647849,2469000,1
88.7337,36,88731253933,2469000,1
88.7337,33,88731253933,2469000,1
88.7466,38,88744143957,2496006,0
88.7592,39,88756758987,2469000,1
88.7668,38,88764289999,2469000,1
88.7768,38,88774344017,2469000,1
88.7818,37,88779334023,2469000,1
88.8124,34,88809894089,2469000,1
88.8452,32,88842691161,2469000,1
88.853,38,88850526179,2469000,1
88.8959,33,88893397275,2469000,1
88.9163,35,88913865317,2469000,1
88.9315,35,88928965347,2496006,0
88.9466,35,88944112383,2469000,1
88.9544,35,88951938395,2469000,1
88.9746,33,88972093437,2469000,1
88.977,32,88974560437,2469000,1
88.9921,35,88989660467,2469000,1
88.9946,38,88992136467,2469000,1
89.0075,36,89005008491,2496006,0
89.0176,36,89015109515,2496006,0
89.0277,36,89025210539,2496006,0
89.0504,36,89047935593,2469000,1
89.0658,36,89063339629,2469000,1
89.0708,36,89068329635,2469000,1
89.0733,36,89070798635,2469000,1
89.1115,35,89108981719,2496006,0
89.1291,35,89126651761,2469000,1
89.1518,32,89149320809,2469000,1
89.1596,36,89157146827,2496006,0
89.1697,36,89167256851,2469000,1
89.1697,38,89167256851,2469000,1
89.1848,35,89182356881,2469000,1
89.2075,36,89205034929,2469000,1
89.2636,35,89261174055,2469000,1
89.2636,36,89261174055,2469000,1
89.4644,36,89461912523,2496006,0
89.4669,36,89464435529,2469000,1
89.4744,35,89471948541,2469000,1
89.5202,36,89517673643,2496006,0
89.5454,36,89542912703,2496006,0
89.553,36,89550481721,2496006,0
89.5555,36,89553004727,2496006,0
89.5861,36,89583611799,2469000,1
89.6037,36,89601243835,2469000,1
89.6725,39,89670042991,2496006,0
89.6877,39,89685190027,2469000,1
89.7154,36,89712914087,2469000,1
89.7258,35,89723281105,2469000,1
89.7408,39,89738372135,2469000,1
89.7484,39,89745894147,2469000,1
89.7764,36,89773958207,2469000,1
89.7814,39,89778948213,2469000,1
89.8473,38,89844866363,2469000,1
90.025,36,90022566777,2469000,1
90.1879,39,90185415155,2469000,1
90.1904,36,90187882155,2496006,0
90.2004,36,90197974179,2469000,1
90.208,35,90205487191,2496006,0
90.2307,35,90228212245,2469000,1
90.2562,36,90253726299,2469000,1
90.2817,35,90279258353,2469000,1
90.2918,36,90289303371,2496006,0
90.2968,34,90294349383,2469000,1
90.3144,35,90311972419,2469000,1
90.3194,35,90316962425,2469000,1
90.3244,36,90321961431,2469000,1
90.3626,36,90360117515,2469000,1
90.3726,36,90370153533,2469000,1
90.3827,35,90380216551,2469000,1
90.393,37,90390574575,2469000,1
90.393,36,90390574575,2469000,1
90.4132,37,90410729617,2469000,1
90.4539,33,90451390707,2469000,1
90.4639,32,90461444725,2469000,1
90.474,37,90471480743,2496006,0
90.4995,37,90497050803,2469000,1
90.5121,37,90509618827,2496006,0
90.5298,37,90527297869,2469000,1
90.5578,37,90555325929,2469000,1
90.6645,37,90662006175,2469000,1
90.6821,36,90679638211,2469000,1
90.8446,32,90842173589,2469000,1
90.8525,32,90849999601,2496006,0
90.8752,32,90872724655,2469000,1
90.9108,37,90908339733,2469000,1
90.9209,32,90918375751,2496006,0
90.936,32,90933531787,2469000,1
90.9565,32,90953999829,2469000,1
91.0224,34,91019944979,2469000,1
91.0249,34,91022413979,2469000,1
91.0324,32,91029926991,2469000,1
91.0526,34,91050073033,2496006,0
91.0629,34,91060478057,2469000,1
91.1163,38,91113781177,2469000,1
91.1212,34,91118780183,2469000,1
91.1389,34,91136412219,2469000,1
91.1413,39,91138879219,2469000,1
91.1463,37,91143869225,2469000,1
91.2075,34,91205072363,2469000,1
91.2151,32,91212585375,2469000,1
91.2428,35,91240318435,2469000,1
91.3191,39,91316668609,2469000,1
91.4157,36,91413211831,2496006,0
91.4233,32,91420780849,2496006,0
91.4485,36,91446028909,2469000,1
91.4535,32,91451018915,2496006,0
91.4816,32,91479093981,2496006,0
91.4841,36,91481616987,2469000,1
91.4941,32,91491671005,2469000,1
91.5171,36,91514680053,2469000,1
91.5297,32,91527248077,2469000,1
91.5524,32,91549926125,2496006,0
91.5574,32,91554972137,2469000,1
91.5906,32,91588073209,2496006,0
91.6212,32,91618689281,2469000,1
91.6287,34,91626211293,2469000,1
91.6387,36,91636247311,2496006,0
91.6438,36,91641302323,2469000,1
91.6488,32,91646292329,2469000,1
91.6895,36,91686980419,2496006,0
91.697,36,91694549437,2469000,1
91.7071,36,91704594455,2469000,1
91.7427,36,91740209533,2496006,0
91.7528,32,91750310557,2469000,1
91.7654,36,91762887581,2469000,1
91.7757,36,91773245599,2496006,0
91.7782,36,91775777605,2469000,1
91.8189,36,91816429695,2469000,1
91.8239,37,91821428701,2469000,1
91.8517,36,91849170761,2496006,0
91.8797,32,91877263827,2469000,1
91.8822,36,91879730827,2496006,0
91.91,36,91907501893,2469000,1
91.9175,36,91915032905,2469000,1
91.9658,33,91963290019,2496006,0
91.9733,33,91970859037,2469000,1
91.9989,36,91996364091,2496006,0
92.0115,33,92008988121,2469000,1
92.0269,36,92024410151,2469000,1
92.0802,36,92077704271,2469000,1
92.0827,38,92080171271,2496006,0
92.0978,33,92095327307,2469000,1
92.1104,38,92107913331,2469000,1
92.1204,38,92117958349,2469000,1
92.1434,33,92140940397,2469000,1
92.1813,32,92178774481,2496006,0
92.1942,38,92191720511,2469000,1
92.1992,36,92196719517,2469000,1
92.2092,32,92206699529,2469000,1
92.2447,36,92242197595,2496006,0
92.2497,38,92247243607,2469000,1
92.2572,32,92254774619,2469000,1
92.2622,36,92259764625,2469000,1
92.2979,32,92295406703,2469000,1
92.3004,36,92297873703,2496006,0
92.3281,36,92325653769,2469000,1
92.3814,36,92378909889,2496006,0
92.4118,36,92409339943,2469000,1
92.455,36,92452542039,2469000,1
92.4625,33,92460064051,2469000,1
92.4625,32,92460064051,2469000,1
92.5081,34,92505614135,2469000,1
92.5589,37,92556403249,2469000,1
92.5589,38,92556403249,2469000,1
92.5589,36,92556403249,2469000,1
92.7088,32,92706317039,2496006,0
92.734,32,92731556099,2469000,1
92.7393,37,92736868105,2469000,1
92.7444,37,92741858111,2496006,0
92.7494,35,92746904123,2469000,1
92.7544,37,92751903129,2469000,1
92.7594,35,92756893135,2469000,1
92.7618,35,92759362135,2469000,1
92.7669,36,92764361141,2496006,0
92.787,32,92784563189,2469000,1
92.787,35,92784563189,2469000,1
92.792,37,92789553195,2469000,1
92.7945,36,92792020195,2496006,0
92.7999,37,92797388207,2496006,0
92.8024,37,92799911213,2469000,1
92.815,36,92812470237,2496006,0
92.8175,32,92814993243,2469000,1
92.8351,37,92832607279,2469000,1
92.8376,36,92835083279,2496006,0
92.8606,36,92858130333,2496006,0
92.8631,33,92860653339,2469000,1
92.8782,37,92875753369,2469000,1
92.8807,36,92878220369,2469000,1
92.8933,36,92890815393,2469000,1
92.9037,35,92901182411,2469000,1
92.9061,39,92903649411,2469000,1
92.9288,39,92926327459,2496006,0
92.9443,39,92941787495,2469000,1
92.9467,37,92944272495,2469000,1
92.9644,32,92961895531,2469000,1
92.9971,36,92994656603,2469000,1
92.9971,39,92994656603,2469000,1
93.005,39,93002491615,2469000,1
93.0482,35,93045702711,2496006,0
93.0608,35,93058326741,2496006,0
93.081,35,93078519789,2469000,1
93.086,36,93083509795,2469000,1
93.1115,38,93109023849,2469000,1
93.1342,35,93131719897,2469000,1
93.2383,35,93235850137,2496006,0
93.2434,39,93240896149,2469000,1
93.2434,35,93240896149,2469000,1
93.2563,35,93253768173,2496006,0
93.2663,35,93263869197,2469000,1
93.284,37,93281501233,2469000,1
93.294,32,93291546251,2496006,0
93.3041,32,93301638275,2469000,1
93.3145,35,93312005293,2469000,1
93.3321,32,93329628329,2469000,1
93.3703,32,93367784413,2469000,1
93.3778,39,93375306425,2496006,0
93.3828,39,93380361437,2469000,1
93.3853,32,93382828437,2469000,1
93.431,39,93428535539,2496006,0
93.4386,39,93436104557,2496006,0
93.4411,35,93438627563,2469000,1
93.4537,39,93451186587,2496006,0
93.4615,39,93459077605,2469000,1
93.5019,36,93499443695,2469000,1
93.5173,39,93514847725,2469000,1
93.5959,39,93593425905,2496006,0
93.624,39,93621527971,2469000,1
93.6467,35,93644197019,2469000,1
93.6542,37,93651728031,2469000,1
93.6721,39,93669655067,2469000,1
93.7024,32,93699920133,2469000,1
93.7049,35,93702396133,2469000,1
93.7124,36,93709918145,2469000,1
93.766,39,93763516265,2496006,0
93.7938,39,93791305331,2469000,1
93.8496,39,93847113457,2496006,0
93.8777,39,93875215523,2496006,0
93.903,39,93900463583,2496006,0
93.9155,39,93913078613,2469000,1
93.9486,32,93946179685,2469000,1
93.9587,39,93956233703,2469000,1
93.9868,37,93984297763,2469000,1
94.0119,36,94009480817,2469000,1
94.0375,39,94034994871,2496006,0
94.0552,39,94052682913,2469000,1
94.0807,39,94078187967,2469000,1
94.134,39,94131500087,2496006,0
94.1542,39,94151693135,2496006,0
94.1617,33,94159262153,2469000,1
94.1847,39,94182235201,2496006,0
94.1898,39,94187281213,2469000,1
94.2074,34,94204904249,2469000,1
94.2304,39,94227913297,2469000,1
94.2812,39,94278702411,2469000,1
94.3597,33,94357253591,2496006,0
94.3802,33,94377768639,2469000,1
94.4029,32,94400446687,2469000,1
94.4054,39,94402922687,2469000,1
94.4331,33,94430637747,2469000,1
94.4511,38,94448582789,2469000,1
94.5451,33,94542612005,2496006,0
94.5678,35,94565328059,2469000,1
94.5678,39,94565328059,2469000,1
94.5703,33,94567795059,2469000,1
94.6286,33,94626144191,2469000,1
94.6311,33,94628620191,2496006,0
94.6387,33,94636189209,2496006,0
94.6567,33,94654163251,2496006,0
94.6642,33,94661750269,2469000,1
94.6743,36,94671786287,2496006,0
94.6923,39,94689760329,2496006,0
94.6998,36,94697329347,2469000,1
94.6998,33,94697329347,2469000,1
94.6998,39,94697329347,2469000,1
94.7276,39,94725062407,2496006,0
94.7351,36,94732649425,2469000,1
94.7376,39,94735116425,2469000,1
94.7454,33,94742942437,2469000,1
94.7504,36,94747950443,2469000,1
94.7731,39,94770628491,2469000,1
94.7911,36,94788591527,2469000,1
94.7911,39,94788591527,2469000,1
94.7961,37,94793581533,2469000,1
94.8162,37,94813754575,2469000,1
94.8389,36,94836423623,2469000,1
94.8414,33,94838890623,2469000,1
94.8568,37,94854294659,2469000,1
94.971,37,94968534923,2469000,1
95.0092,37,95006673007,2496006,0
95.0268,37,95024334049,2496006,0
95.0395,39,95036958079,2496006,0
95.0524,37,95049886109,2469000,1
95.0574,39,95054894115,2469000,1
95.08,32,95077563163,2469000,1
95.098,39,95095517199,2469000,1
95.108,37,95105553217,2469000,1
95.1105,32,95108020217,2469000,1
95.1638,32,95161350337,2469000,1
95.1969,33,95194433409,2469000,1
95.212,39,95209533439,2469000,1
95.2196,37,95217055451,2496006,0
95.2322,37,95229679481,2496006,0
95.2422,36,95239771505,2469000,1
95.2447,37,95242238505,2469000,1
95.2523,32,95249760517,2496006,0
95.2803,37,95277835583,2469000,1
95.2803,32,95277835583,2469000,1
95.3084,32,95305881643,2496006,0
95.321,32,95318514673,2496006,0
95.3387,32,95336193715,2469000,1
95.3411,35,95338678715,2469000,1
95.3566,32,95354082745,2469000,1
95.3767,37,95374228787,2469000,1
95.3994,39,95396924835,2469000,1
95.4606,32,95458109979,2496006,0
95.4833,32,95480844033,2469000,1
95.5215,32,95518982117,2469000,1
95.5264,37,95523972123,2469000,1
95.5621,34,95559605201,2469000,1
95.5671,34,95564604207,2469000,1
95.6077,34,95605265297,2469000,1
95.6405,32,95638044369,2496006,0
95.6456,32,95643090381,2469000,1
95.648,35,95645566381,2469000,1
95.6531,39,95650556387,2496006,0
95.6555,37,95653079393,2469000,1
95.6684,35,95665951417,2469000,1
95.676,35,95673482429,2469000,1
95.6835,39,95680995441,2469000,1
95.6885,34,95685994447,2469000,1
95.6909,32,95688461447,2469000,1
95.7114,39,95708929489,2469000,1
95.7492,34,95746772573,2469000,1
95.7543,32,95751771579,2496006,0
95.7697,32,95767231615,2469000,1
95.7848,35,95782322645,2469000,1
95.7949,32,95792367663,2496006,0
95.8024,32,95799936681,2469000,1
95.833,32,95830505747,2469000,1
95.838,39,95835495753,2496006,0
95.8531,39,95850651789,2469000,1
95.8531,35,95850651789,2469000,1
95.8632,39,95860696807,2469000,1
95.9219,39,95919385939,2469000,1
95.9521,32,95949624005,2496006,0
95.9622,32,95959725029,2469000,1
95.9978,39,95995349107,2469000,1
96.0158,32,96013285143,2469000,1
96.041,33,96038486197,2496006,0
96.046,32,96043532209,2469000,1
96.0662,39,96063687251,2469000,1
96.0686,33,96066163251,2469000,1
96.079,32,96076521269,2469000,1
96.079,33,96076521269,2469000,1
96.1118,33,96109291341,2469000,1
96.1676,37,96165126467,2469000,1
96.1805,33,96178016491,2469000,1
96.2133,35,96210795563,2469000,1
96.2262,34,96223685587,2469000,1
96.348,38,96345494869,2469000,1
96.3605,38,96358053893,2469000,1
96.381,38,96378521935,2469000,1
96.3986,38,96396162971,2469000,1
96.462,32,96459549115,2469000,1
96.5662,34,96563688355,2469000,1
96.6119,38,96609404457,2469000,1
96.6323,36,96629872499,2469000,1
96.65,33,96647495535,2469000,1
96.6881,39,96685624619,2496006,0
96.6906,39,96688147625,2469000,1
96.7338,39,96731349721,2469000,1
96.7439,37,96741394739,2496006,0
96.7615,37,96759064781,2469000,1
96.769,38,96766577793,2469000,1
96.7791,37,96776631811,2496006,0
96.8021,37,96799678865,2469000,1
96.8021,39,96799678865,2469000,1
96.8072,37,96804668871,2496006,0
96.8147,39,96812237889,2496006,0
96.8298,37,96827375925,2469000,1
96.8377,37,96835228937,2469000,1
96.8478,39,96845264955,2496006,0
96.8755,39,96873045021,2496006,0
96.8986,37,96896083075,2496006,0
96.9036,37,96901138087,2469000,1
96.9061,39,96903605087,2496006,0
96.9086,39,96906128093,2496006,0
96.9237,39,96921266129,2469000,1
96.9417,37,96939220165,2469000,1
96.9517,39,96949256183,2469000,1
96.995,37,96992503279,2469000,1
97.0075,39,97005071303,2469000,1
97.0252,39,97022694339,2469000,1
97.0785,35,97075997459,2469000,1
97.1977,39,97195265735,2469000,1
97.2283,37,97225843807,2469000,1
97.3959,32,97393434197,2469000,1
97.452,37,97449564323,2469000,1
97.4949,33,97492444419,2496006,0
97.5281,33,97525583497,2469000,1
97.5381,33,97535637515,2469000,1
97.5712,33,97568729587,2469000,1
97.5914,38,97588884629,2469000,1
97.6093,33,97606820665,2469000,1
97.7106,36,97708105899,2469000,1
97.726,36,97723536935,2469000,1
97.731,36,97728526941,2469000,1
97.7537,36,97751195989,2469000,1
97.8019,39,97799453103,2469000,1
97.8808,36,97878317283,2469000,1
97.9568,33,97954345457,2469000,1
97.9748,36,97972290493,2469000,1
98.2491,37,98246581135,2469000,1
98.2948,37,98292315237,2469000,1
98.3354,36,98332967327,2469000,1
98.3812,34,98378701429,2469000,1
98.4979,39,98495446699,2469000,1
98.5462,35,98543703807,2469000,1
98.7062,32,98703716179,2469000,1
98.8536,33,98851095521,2469000,1
99.1304,38,99127918169,2469000,1
99.2194,39,99216892373,2469000,1
99.2269,39,99224405385,2469000,1
99.265,39,99262552469,2496006,0
99.2903,39,99287800529,2496006,0
99.3259,39,99323453613,2496006,0
99.331,39,99328499625,2469000,1
99.3385,39,99336021637,2469000,1
99.359,33,99356498679,2496006,0
99.3691,33,99366590703,2469000,1
99.3842,33,99381699733,2469000,1
99.4248,39,99422369823,2469000,1
99.4706,33,99468103925,2469000,1
99.5696,33,99567179153,2469000,1
99.5847,39,99582279183,2469000,1
99.6153,37,99612848249,2469000,1
99.6481,37,99645618321,2469000,1
99.6963,37,99693875429,2469000,1
99.7168,38,99714334471,2496006,0
99.7395,38,99737050525,2496006,0
99.7496,37,99747151549,2469000,1
99.7676,38,99765096585,2469000,1
99.8003,37,99797866657,2469000,1
99.8157,38,99813279687,2469000,1
99.9073,38,99904794897,2469000,1
99.9224,33,99919894927,2469000,1
99.9224,38,99919894927,2469000,1
99.9807,39,99978244059,2469000,1
99.9857,37,99983234065,2496006,0
99.9958,37,99993335089,2469000,1
100.036,34,100034023069,2469000,1
100.036,36,100034023069,2469000,1
100.036,37,100034023069,2469000,1
100.064,34,100061738129,2469000,1
100.07,37,100067041141,2496006,0
100.092,34,100089775195,2496006,0
100.1,37,100097344213,2496006,0
100.113,37,100110281243,2469000,1
100.113,34,100110281243,2469000,1
100.125,34,100122858267,2469000,1
100.14,37,100137949297,2469000,1
100.176,34,100173573375,2469000,1
100.179,37,100176040375,2496006,0
100.199,37,100196260423,2469000,1
100.211,37,100208837447,2469000,1
100.262,32,100259617567,2469000,1
100.275,32,100272507591,2469000,1
100.303,38,100300231651,2469000,1
100.308,37,100305221657,2469000,1
100.313,32,100310211663,2469000,1
100.331,38,100328156699,2469000,1
100.348,39,100345788735,2469000,1
100.389,32,100386449825,2469000,1
100.391,32,100388918825,2469000,1
100.399,38,100396431837,2496006,0
100.409,34,100406532861,2469000,1
100.424,38,100421945891,2469000,1
100.455,38,100452210957,2469000,1
100.508,35,100505505077,2496006,0
100.536,35,100533598143,2469000,1
100.541,38,100538597149,2469000,1
100.544,37,100541064149,2469000,1
100.549,35,100546054155,2469000,1
100.554,35,100551053161,2469000,1
100.607,39,100604365281,2469000,1
100.653,34,100650081383,2469000,1
100.675,38,100672759431,2469000,1
100.696,38,100693218473,2469000,1
100.782,35,100779365671,2469000,1
100.797,32,100794769707,2469000,1
100.82,34,100817438755,2496006,0
100.835,34,100832898791,2469000,1
100.838,33,100835374791,2469000,1
100.845,34,100842896803,2469000,1
100.906,39,100903777941,2469000,1
100.909,34,100906244941,2469000,1
100.919,39,100916298959,2469000,1
100.939,37,100936758001,2469000,1
100.947,39,100944280013,2496006,0
100.977,39,100974574085,2469000,1
101.025,34,101022822193,2469000,1
101.028,39,101025289193,2496006,0
101.033,35,101030666205,2469000,1
101.058,39,101055849259,2469000,1
101.112,39,101109170379,2469000,1
101.162,33,101159932493,2469000,1
101.178,36,101175041523,2496006,0
101.198,39,101195547571,2496006,0
101.206,38,101203116589,2469000,1
101.208,36,101205583589,2469000,1
101.213,39,101210573595,2496006,0
101.239,39,101236134655,2469000,1
101.241,36,101238610655,2469000,1
101.254,36,101251178679,2469000,1
101.276,39,101273865727,2469000,1
101.279,33,101276332727,2469000,1
101.302,33,101299341775,2469000,1
101.309,39,101306854787,2469000,1
101.317,33,101314376799,2496006,0
101.335,33,101332046841,2469000,1
101.365,33,101362624907,2469000,1
101.421,35,101418460033,2469000,1
101.434,34,101431037057,2469000,1
101.446,33,101443918081,2469000,1
101.454,32,101451440093,2469000,1
101.461,36,101458953105,2496006,0
101.477,36,101474091141,2469000,1
101.502,36,101499614195,2469000,1
101.532,36,101529879261,2469000,1
101.542,33,101539915279,2469000,1
101.558,39,101555328315,2469000,1
101.578,36,101575483357,2469000,1
101.639,36,101636355495,2469000,1
101.654,37,101651714519,2469000,1
101.728,34,101725219687,2469000,1
101.73,35,101727686687,2496006,0
101.751,35,101748192735,2496006,0
101.768,35,101765880777,2469000,1
101.771,35,101768349777,2469000,1
101.811,35,101809010867,2469000,1
101.913,35,101910627101,2469000,1
101.938,33,101935837155,2469000,1
102.045,34,102042490401,2469000,1
102.047,39,102044957401,2469000,1
102.103,39,102100783527,2469000,1
102.207,35,102204913767,2469000,1
102.228,38,102225372809,2496006,0
102.235,38,102232941827,2469000,1
102.294,38,102291290959,2469000,1
102.304,33,102301335977,2469000,1
102.316,38,102313922001,2469000,1
102.368,38,102365006115,2496006,0
102.393,38,102390254175,2469000,1
102.395,38,102392723175,2496006,0
102.418,38,102415448229,2496006,0
102.42,35,102417971235,2469000,1
102.436,38,102433375271,2469000,1
102.456,38,102453530313,2496006,0
102.471,38,102468990349,2469000,1
102.474,38,102471459349,2469000,1
102.502,36,102499201409,2469000,1
102.504,39,102501677409,2496006,0
102.535,39,102532293481,2469000,1
102.545,38,102542347499,2469000,1
102.578,33,102575430571,2469000,1
102.59,39,102588025595,2469000,1
102.669,39,102666585775,2469000,1
102.738,38,102735339937,2469000,1
102.784,36,102781065039,2469000,1
102.91,39,102907929333,2469000,1
102.966,38,102963746459,2469000,1
103.091,36,103088400747,2469000,1
103.111,36,103108546789,2496006,0
103.139,36,103136639855,2469000,1
103.154,39,103151730885,2496006,0
103.157,39,103154253891,2469000,1
103.159,39,103156722891,2469000,1
103.167,36,103164253903,2469000,1
103.197,35,103194822969,2469000,1
103.238,36,103235171059,2496006,0
103.243,36,103240539071,2469000,1
103.253,36,103250593089,2469000,1
103.256,39,103253060089,2469000,1
103.329,37,103326574257,2469000,1
103.367,34,103364712341,2469000,1
103.37,36,103367179341,2469000,1
103.377,36,103374701353,2469000,1
103.385,34,103382223365,2469000,1
103.43,39,103427948467,2496006,0
103.441,32,103438040491,2469000,1
103.443,34,103440507491,2469000,1
103.451,39,103448342509,2469000,1
103.456,36,103453332515,2469000,1
103.489,34,103486120587,2469000,1
103.489,39,103486120587,2469000,1
103.522,34,103519221665,2469000,1
103.601,39,103598094845,2469000,1
103.722,39,103719895127,2469000,1
103.748,38,103745105181,2469000,1
103.778,33,103775665247,2469000,1
103.799,33,103796133289,2469000,1
103.821,36,103818820337,2469000,1
103.839,33,103836443373,2469000,1
103.892,33,103889737493,2469000,1
103.971,34,103968592673,2496006,0
103.974,34,103971115679,2469000,1
103.979,34,103976114685,2469000,1
104.012,33,104009206757,2469000,1
104.042,34,104039453823,2496006,0
104.047,34,104044499835,2469000,1
104.052,34,104049489841,2469000,1
104.128,34,104125858015,2469000,1
104.169,39,104166537105,2469000,1
104.202,37,104199298177,2496006,0
104.217,37,104214758213,2469000,1
104.22,34,104217225213,2469000,1
104.227,33,104224756225,2469000,1
104.24,37,104237333249,2469000,1
104.303,32,104300728393,2469000,1
104.303,34,104300728393,2469000,1
104.308,32,104305718399,2496006,0
104.326,32,104323710441,2469000,1
104.364,37,104361526525,2496006,0
104.369,34,104366885537,2469000,1
104.39,32,104387031579,2469000,1
104.395,37,104392039585,2496006,0
104.4,32,104397094597,2469000,1
104.402,32,104399570597,2469000,1
104.422,37,104420029639,2469000,1
104.481,37,104478396771,2469000,1
104.559,37,104556956951,2469000,1
104.6,32,104597618041,2496006,0
104.615,32,104612756077,2496006,0
104.621,33,104618115089,2469000,1
104.638,32,104635738125,2469000,1
104.681,32,104678940221,2469000,1
104.709,37,104706682281,2469000,1
104.783,32,104780500449,2469000,1
104.808,32,104805701503,2496006,0
104.816,32,104813270521,2496006,0
104.841,32,104838831581,2496006,0
104.859,32,104856501623,2469000,1
104.892,32,104889584695,2469000,1
104.895,32,104892060695,2469000,1
104.905,39,104902132713,2469000,1
104.971,38,104968059863,2469000,1
104.986,35,104983481893,2469000,1
104.999,35,104996049917,2469000,1
105.019,35,105016204959,2469000,1
105.044,38,105041719013,2469000,1
105.047,38,105044188013,2469000,1
105.074,38,105071921073,2469000,1
105.077,36,105074388073,2469000,1
105.087,32,105084755091,2469000,1
105.087,38,105084755091,2469000,1
105.12,35,105117516163,2496006,0
105.141,35,105138031211,2469000,1
105.166,37,105163232265,2469000,1
105.171,33,105168240271,2469000,1
105.196,35,105193745325,2469000,1
105.226,35,105224010391,2469000,1
105.287,38,105284882529,2469000,1
105.45,35,105447730913,2469000,1
105.468,33,105465362949,2469000,1
105.473,33,105470352955,2496006,0
105.498,33,105495914015,2496006,0
105.526,33,105523685081,2469000,1
105.547,33,105544144123,2469000,1
105.549,32,105546611123,2469000,1
105.552,38,105549087123,2469000,1
105.559,33,105556609135,2496006,0
105.579,33,105576811183,2469000,1
105.605,33,105602334237,2469000,1
105.658,33,105655646357,2469000,1
105.729,33,105726637519,2469000,1
105.795,35,105792546669,2469000,1
105.823,36,105820592729,2469000,1
105.828,37,105825600735,2469000,1
105.851,36,105848573783,2469000,1
105.889,36,105886416867,2469000,1
105.894,34,105891415873,2469000,1
105.96,36,105957638023,2496006,0
105.97,36,105967739047,2496006,0
105.995,36,105992987107,2496006,0
105.998,36,105995510113,2469000,1
106.029,33,106026061179,2469000,1
106.036,36,106033583191,2496006,0
106.039,36,106036106197,2469000,1
106.094,36,106091959323,2469000,1
106.104,35,106101995341,2469000,1
106.135,36,106132582407,2469000,1
106.163,32,106160619467,2496006,0
106.196,32,106193436545,2469000,1
106.211,32,106208849575,2469000,1
106.216,32,106213839581,2496006,0
106.226,32,106223949605,2469000,1
106.247,32,106244086647,2496006,0
106.252,36,106249150659,2469000,1
106.254,32,106251617659,2469000,1
106.262,32,106259443677,2469000,1
106.277,32,106274543707,2469000,1
106.285,32,106282056719,2496006,0
106.292,32,106289625737,2496006,0
106.295,32,106292148743,2469000,1
106.315,32,106312625785,2469000,1
106.358,32,106355818881,2469000,1
106.371,32,106368386905,2496006,0
106.378,32,106375973923,2496006,0
106.394,32,106391111959,2496006,0
106.406,32,106403744989,2469000,1
106.452,32,106449461091,2469000,1
106.48,38,106477534151,2469000,1
106.485,32,106482524157,2496006,0
106.493,32,106490093175,2496006,0
106.503,32,106500185199,2469000,1
106.543,39,106540846289,2469000,1
106.553,32,106550900307,2469000,1
106.632,33,106629782487,2496006,0
106.64,36,106637351505,2469000,1
106.64,33,106637351505,2469000,1
106.66,32,106657515547,2469000,1
106.691,33,106688066613,2496006,0
106.706,33,106703204649,2496006,0
106.726,33,106723728697,2469000,1
106.749,33,106746415745,2469000,1
106.792,32,106789617841,2469000,1
106.795,39,106792084841,2469000,1
106.822,39,106819826901,2469000,1
106.833,33,106830184925,2469000,1
106.858,39,106855376979,2496006,0
106.871,39,106868305009,2469000,1
106.926,39,106923818135,2496006,0
106.929,39,106926654141,2469000,1
106.98,39,106977425255,2469000,1
107.013,37,107010222327,2496006,0
107.023,37,107020314351,2469000,1
107.043,37,107040773393,2469000,1
107.051,33,107048295405,2469000,1
107.066,37,107063386435,2496006,0
107.073,39,107070964453,2469000,1
107.079,37,107076276465,2469000,1
107.101,37,107098963513,2469000,1
107.122,37,107119100555,2469000,1
107.231,37,107228294807,2469000,1
107.233,35,107230761807,2496006,0
107.249,35,107246230843,2469000,1
107.269,32,107266376885,2469000,1
107.274,35,107271366891,2469000,1
107.289,34,107286779921,2469000,1
107.309,39,107306925963,2469000,1
107.317,34,107314447975,2496006,0
107.33,33,107327081005,2496006,0
107.342,33,107340009035,2469000,1
107.345,33,107342478035,2469000,1
107.347,34,107344945035,2496006,0
107.35,34,107347468041,2469000,1
107.368,35,107365091077,2469000,1
107.373,34,107370081083,2469000,1
107.378,39,107375071089,2496006,0
107.39,39,107388008119,2469000,1
107.413,35,107410695167,2496006,0
107.426,39,107423328197,2469000,1
107.428,34,107425795197,2469000,1
107.438,39,107435849215,2496006,0
107.441,35,107438685221,2469000,1
107.449,33,107446198233,2469000,1
107.454,37,107451188239,2496006,0
107.474,39,107471390287,2469000,1
107.476,35,107473866287,2469000,1
107.479,37,107476333287,2469000,1
107.527,39,107524608395,2469000,1
107.527,37,107524608395,2469000,1
107.535,33,107532121407,2469000,1
107.537,36,107534597407,2496006,0
107.56,36,107557626461,2496006,0
107.563,37,107560149467,2469000,1
107.568,35,107565139473,2496006,0
107.583,36,107580277509,2496006,0
107.585,36,107582800515,2469000,1
107.598,35,107595690545,2496006,0
107.623,35,107620938605,2469000,1
107.641,36,107638561641,2469000,1
107.651,39,107648928659,2469000,1
107.651,35,107648928659,2469000,1
107.654,36,107651395659,2469000,1
107.656,34,107653862659,2469000,1
107.666,35,107663862671,2469000,1
107.748,33,107745182845,2469000,1
107.75,35,107747658845,2469000,1
107.775,34,107772803893,2469000,1
107.778,37,107775279893,2469000,1
107.78,36,107777755893,2469000,1
107.811,39,107808306959,2469000,1
107.826,38,107823406989,2469000,1
107.838,35,107835975013,2496006,0
107.848,32,107846020031,2469000,1
107.869,35,107866479079,2469000,1
107.876,35,107873992091,2496006,0
107.892,35,107889139127,2469000,1
107.917,35,107914662187,2496006,0
107.942,35,107939910247,2469000,1
107.968,35,107965433301,2469000,1
108.001,35,107998525373,2496006,0
108.016,35,108013690409,2469000,1
108.046,35,108043928475,2496006,0
108.08,35,108077067553,2469000,1
108.082,39,108079543553,2469000,1
108.105,35,108102543601,2469000,1
108.107,34,108105010601,2469000,1
108.163,36,108160845727,2469000,1
108.173,37,108170899745,2469000,1
108.206,35,108203982817,2469000,1
108.272,35,108269909967,2469000,1
108.277,39,108274899973,2496006,0
108.298,39,108295102021,2469000,1
108.326,39,108323139081,2469000,1
108.376,39,108373919195,2496006,0
108.389,39,108386534225,2469000,1
108.415,39,108412057279,2469000,1
108.478,32,108475461423,2469000,1
108.531,39,108528773543,2469000,1
108.541,34,108538809561,2496006,0
108.564,34,108561525615,2496006,0
108.579,35,108576994651,2469000,1
108.595,34,108592094681,2496006,0
108.61,33,108607232717,2469000,1
108.63,34,108627691765,2496006,0
108.64,34,108637792789,2469000,1
108.648,35,108645314801,2469000,1
108.686,34,108683488885,2469000,1
108.714,39,108711516945,2496006,0
108.729,37,108726672981,2469000,1
108.732,39,108729139981,2469000,1
108.737,34,108734129987,2496006,0
108.742,39,108739175999,2496006,0
108.754,34,108751800029,2469000,1
108.759,39,108756799035,2469000,1
108.764,39,108761798041,2469000,1
108.792,39,108789835101,2469000,1
108.795,34,108792302101,2469000,1
108.835,34,108832990191,2496006,0
108.851,34,108848146227,2469000,1
108.876,34,108873660281,2469000,1
108.942,36,108939596431,2469000,1
108.972,34,108969843497,2469000,1
109.005,39,109002935569,2496006,0
109.01,39,109007981581,2469000,1
109.013,34,109010457581,2469000,1
109.049,39,109046063659,2469000,1
109.102,39,109099384779,2469000,1
109.145,39,109142559875,2496006,0
109.173,39,109170339941,2496006,0
109.181,39,109178230959,2469000,1
109.231,39,109229002073,2469000,1
109.343,39,109340728331,2469000,1
109.353,39,109350773349,2469000,1
109.445,34,109442261559,2469000,1
109.457,38,109454838583,2469000,1
109.477,38,109474984625,2469000,1
109.503,38,109500507679,2469000,1
109.564,38,109561379817,2469000,1
109.683,38,109680666093,2469000,1
109.714,39,109711226159,2469000,1
109.757,32,109754445051,2469000,1
109.775,32,109772068087,2469000,1
109.83,32,109827894213,2469000,1
109.912,32,109909290399,2469000,1
109.985,32,109982786567,2469000,1
109.99,34,109987785573,2469000,1
110.026,32,110023400651,2469000,1
110.033,32,110030922663,2469000,1
110.064,38,110061491729,2469000,1
110.094,36,110091738795,2469000,1
110.229,33,110226494107,2469000,1
110.318,38,110315477311,2469000,1
110.333,35,110330568341,2469000,1
110.369,35,110366183419,2469000,1
110.374,35,110371173425,2469000,1
110.399,35,110396392479,2469000,1
110.404,36,110401382485,2496006,0
110.412,35,110409264503,2469000,1
110.414,36,110411731503,2469000,1
110.432,36,110429354539,2469000,1
110.498,36,110495290689,2469000,1
110.533,39,110530905767,2469000,1
110.564,32,110561474833,2496006,0
110.592,32,110589254899,2469000,1
110.599,36,110596767911,2469000,1
110.612,35,110609335935,2469000,1
110.612,32,110609335935,2469000,1
110.64,32,110637382001,2469000,1
110.708,37,110705841157,2496006,0
110.726,39,110723824199,2496006,0
110.741,37,110738980235,2469000,1
110.757,39,110754062265,2496006,0
110.775,39,110772045307,2496006,0
110.787,37,110784660337,2469000,1
110.792,39,110789659343,2469000,1
110.815,39,110812364391,2469000,1
110.84,39,110837869445,2469000,1
110.845,39,110842886451,2469000,1
110.853,37,110850399463,2469000,1
110.866,32,110863289487,2469000,1
110.922,36,110919115613,2469000,1
110.944,35,110941793661,2469000,1
110.982,34,110979940745,2496006,0
111.01,34,111007720811,2469000,1
111.031,34,111028170853,2469000,1
111.046,32,111043279883,2469000,1
111.053,37,111050792895,2469000,1
111.135,34,111132198081,2469000,1
111.167,39,111164977153,2469000,1
111.17,37,111167444153,2496006,0
111.198,37,111195528219,2469000,1
111.208,32,111205582237,2469000,1
111.208,37,111205582237,2469000,1
111.229,37,111226050279,2469000,1
111.234,34,111231049285,2469000,1
111.249,39,111246140315,2469000,1
111.254,33,111251130321,2496006,0
111.284,33,111281746393,2496006,0
111.294,33,111291838417,2496006,0
111.297,33,111294361423,2469000,1
111.338,33,111335031513,2469000,1
111.396,37,111393416645,2469000,1
111.406,33,111403470663,2469000,1
111.622,38,111619347167,2469000,1
111.627,33,111624346173,2469000,1
111.708,34,111705742359,2469000,1
111.718,35,111715787377,2469000,1
111.782,36,111779182521,2469000,1
111.787,33,111784494527,2496006,0
111.797,37,111794586551,2469000,1
111.8,33,111797053551,2496006,0
111.807,33,111804631569,2469000,1
111.817,33,111814685587,2469000,1
111.832,33,111829767617,2469000,1
111.998,33,111995157001,2496006,0
112.028,33,112025460073,2469000,1
112.084,33,112081295199,2496006,0
112.086,33,112083818205,2469000,1
112.102,33,112099222235,2469000,1
112.127,39,112124423289,2469000,1
112.147,34,112144587331,2469000,1
112.168,32,112165037379,2496006,0
112.19,32,112187762433,2469000,1
112.196,33,112193074439,2469000,1
112.196,32,112193074439,2469000,1
112.226,32,112223330505,2496006,0
112.238,32,112235954535,2469000,1
112.266,32,112264000595,2469000,1
112.274,32,112271513607,2469000,1
112.31,33,112307155685,2469000,1
112.312,37,112309622685,2469000,1
112.368,36,112365439811,2469000,1
112.378,32,112375484829,2469000,1
112.706,32,112703155591,2469000,1
112.713,39,112710990609,2469000,1
112.744,39,112741246675,2469000,1
112.769,39,112766751729,2469000,1
112.792,33,112789438777,2469000,1
112.822,39,112819998843,2496006,0
112.853,39,112850292915,2469000,1
112.871,34,112868237951,2469000,1
112.891,39,112888392993,2469000,1
112.962,39,112959375155,2496006,0
112.975,39,112972312185,2469000,1
112.99,39,112987412215,2469000,1
113.071,38,113068808401,2496006,0
113.084,39,113081423431,2469000,1
113.086,38,113083890431,2496006,0
113.089,32,113086413437,2469000,1
113.112,38,113109082485,2496006,0
113.119,38,113116964503,2469000,1
113.14,38,113137128545,2469000,1
113.175,38,113172752623,2469000,1
113.246,38,113243743785,2469000,1
113.259,38,113256311809,2469000,1
113.284,35,113281825863,2469000,1
113.302,33,113299457899,2469000,1
113.302,34,113299457899,2469000,1
113.307,39,113304447905,2469000,1
113.312,34,113309437911,2469000,1
113.322,34,113319795929,2469000,1
113.34,34,113337418965,2469000,1
113.469,34,113466824265,2469000,1
113.523,32,113520118385,2469000,1
113.604,39,113601505571,2496006,0
113.606,39,113604028577,2469000,1
113.67,39,113667423721,2469000,1
113.703,34,113700533793,2469000,1
113.711,37,113708055805,2469000,1
113.784,39,113781560973,2469000,1
113.792,39,113789395985,2469000,1
113.838,33,113835103087,2469000,1
114.104,34,114101833711,2469000,1
114.114,36,114111887729,2469000,1
114.114,34,114111887729,2469000,1
114.124,39,114121932747,2469000,1
114.14,36,114137032777,2469000,1
114.185,36,114182748885,2469000,1
114.195,32,114192802903,2469000,1
114.221,32,114218307963,2496006,0
114.238,38,114235978005,2469000,1
114.246,32,114243804017,2469000,1
114.249,34,114246280017,2469000,1
114.259,34,114256325035,2496006,0
114.264,38,114261371047,2469000,1
114.274,34,114271416065,2469000,1
114.281,32,114278938077,2496006,0
114.286,32,114283984089,2469000,1
114.289,36,114286451089,2496006,0
114.291,32,114288974095,2469000,1
114.299,34,114296487107,2469000,1
114.317,32,114314432149,2469000,1
114.319,36,114316899149,2469000,1
114.337,34,114334513185,2496006,0
114.35,34,114347459215,2496006,0
114.355,36,114352505227,2469000,1
114.362,36,114360027239,2469000,1
114.378,32,114375136269,2469000,1
114.378,34,114375136269,2469000,1
114.39,34,114387704293,2469000,1
114.451,34,114448916431,2469000,1
114.52,36,114517375587,2469000,1
114.571,34,114568146701,2469000,1
114.591,32,114588292743,2469000,1
114.596,39,114593291749,2469000,1
114.641,33,114639016851,2469000,1
114.664,33,114661998899,2469000,1
114.715,33,114712779013,2469000,1
114.718,34,114715246013,2469000,1
114.806,33,114803907217,2496006,0
114.809,35,114806430223,2469000,1
114.829,33,114826880265,2469000,1
114.834,36,114831870271,2469000,1
114.834,35,114831870271,2469000,1
114.86,33,114857384325,2469000,1
114.888,35,114885108385,2469000,1
114.905,33,114902740421,2496006,0
114.91,33,114907786433,2469000,1
114.916,33,114913089439,2469000,1
114.948,32,114945886511,2469000,1
114.976,35,114973932571,2469000,1
115.002,33,114999124625,2496006,0
115.032,33,115029749697,2469000,1
115.068,33,115065364775,2469000,1
115.088,33,115085519817,2469000,1
115.126,33,115123675901,2469000,1
115.151,35,115148867955,2469000,1
115.337,39,115334441387,2496006,0
115.347,39,115344542411,2469000,1
115.39,39,115387744507,2469000,1
115.441,32,115438524621,2469000,1
115.482,39,115479185711,2496006,0
115.484,35,115481708717,2469000,1
115.509,39,115506909771,2469000,1
115.553,37,115550111867,2469000,1
115.558,34,115555101873,2469000,1
115.568,39,115565155891,2469000,1
115.57,37,115567622891,2469000,1
115.583,36,115580503915,2469000,1
115.585,33,115582970915,2496006,0
115.613,37,115610759981,2469000,1
115.613,33,115610759981,2469000,1
115.616,37,115613228981,2496006,0
115.631,39,115628367017,2469000,1
115.636,33,115633670029,2496006,0
115.639,37,115636193035,2469000,1
115.644,33,115641192041,2469000,1
115.674,35,115671430107,2496006,0
115.689,37,115686908143,2469000,1
115.694,35,115691907149,2469000,1
115.704,33,115701952167,2496006,0
115.717,35,115714576197,2469000,1
115.72,33,115717043197,2469000,1
115.763,33,115760254293,2496006,0
115.781,33,115778246335,2469000,1
115.781,35,115778246335,2469000,1
115.796,37,115793355365,2469000,1
115.803,39,115800868377,2469000,1
115.844,33,115841352449,2469000,1
115.892,33,115889627557,2496006,0
115.907,37,115904774593,2469000,1
115.922,33,115919856623,2496006,0
115.95,33,115947958689,2469000,1
115.96,35,115958003707,2496006,0
115.971,35,115968095731,2469000,1
115.994,35,115991086779,2496006,0
116.014,33,116011288827,2469000,1
116.016,35,116013755827,2469000,1
116.021,38,116018754833,2496006,0
116.049,38,116046847899,2496006,0
116.054,35,116051902911,2469000,1
116.069,38,116066993941,2496006,0
116.085,38,116082140977,2496006,0
116.087,37,116084976983,2469000,1
116.113,38,116110169037,2496006,0
116.12,35,116117747055,2469000,1
116.123,33,116120214055,2469000,1
116.125,38,116122690055,2469000,1
116.13,38,116127689061,2469000,1
116.194,38,116191424205,2469000,1
116.209,33,116206533235,2469000,1
116.217,39,116214064247,2469000,1
116.222,34,116219054253,2496006,0
116.237,34,116234192289,2469000,1
116.27,34,116267284361,2469000,1
116.29,35,116287439403,2469000,1
116.356,34,116353679559,2469000,1
116.371,38,116368779589,2496006,0
116.379,36,116376348607,2496006,0
116.402,34,116399386661,2469000,1
116.404,38,116401853661,2469000,1
116.407,36,116404329661,2469000,1
116.409,36,116406798661,2496006,0
116.435,36,116432037721,2469000,1
116.447,38,116444605745,2496006,0
116.465,38,116462606787,2469000,1
116.468,37,116465082787,2469000,1
116.468,38,116465082787,2469000,1
116.48,36,116477659811,2469000,1
116.503,38,116500650859,2469000,1
116.521,36,116518264895,2469000,1
116.526,39,116523263901,2469000,1
116.587,35,116584163039,2469000,1
116.615,33,116612200099,2469000,1
116.678,32,116675604243,2469000,1
116.683,38,116680594249,2469000,1
116.704,32,116701062291,2469000,1
116.741,32,116738905375,2469000,1
116.744,36,116741372375,2469000,1
116.749,34,116746362381,2469000,1
116.795,35,116792078483,2496006,0
116.797,37,116794601489,2469000,1
116.807,35,116804968507,2469000,1
116.855,35,116852885615,2469000,1
116.866,32,116863252633,2469000,1
116.911,38,116908986735,2469000,1
116.942,35,116939224801,2496006,0
116.957,35,116954371837,2496006,0
116.967,34,116964785861,2469000,1
116.975,39,116972307873,2496006,0
116.99,35,116987445909,2469000,1
116.992,39,116989921909,2469000,1
117.018,32,117015426963,2469000,1
117.03,35,117028012987,2469000,1
117.043,36,117040599011,2469000,1
117.048,39,117045598017,2469000,1
117.109,39,117106470155,2469000,1
117.114,38,117111782167,2496006,0
117.134,36,117131984215,2469000,1
117.137,38,117134451215,2496006,0
117.142,35,117139497227,2469000,1
117.144,39,117141973227,2469000,1
117.149,38,117146963233,2469000,1
117.162,38,117159531257,2496006,0
117.175,38,117172459287,2469000,1
117.228,38,117225789407,2469000,1
117.243,34,117240871437,2496006,0
117.246,34,117243394443,2469000,1
117.253,34,117250925455,2469000,1
117.276,38,117273907503,2469000,1
117.307,34,117304172569,2469000,1
117.314,35,117312007581,2469000,1
117.314,39,117312007581,2469000,1
117.322,33,117319520593,2469000,1
117.327,32,117324510599,2496006,0
117.332,32,117329565611,2496006,0
117.35,32,117347235653,2469000,1
117.408,32,117405584785,2469000,1
117.429,34,117426070827,2469000,1
117.466,38,117463895911,2469000,1
117.477,32,117474262929,2469000,1
117.489,32,117486830953,2469000,1
117.527,38,117524951037,2496006,0
117.54,38,117537575067,2496006,0
117.55,38,117547667091,2469000,1
117.553,38,117550143091,2469000,1
117.626,35,117623988259,2469000,1
117.667,38,117664354349,2469000,1
117.807,38,117804155673,2469000,1
117.883,34,117880183847,2469000,1
117.906,35,117903174901,2469000,1
117.913,32,117910696913,2469000,1
118.053,39,118050498237,2469000,1
118.276,33,118273961759,2469000,1
118.302,38,118299484813,2469000,1
118.317,38,118314575843,2496006,0
118.325,38,118322144861,2469000,1
118.348,38,118345117909,2496006,0
118.373,38,118370374969,2469000,1
118.375,37,118372850969,2469000,1
118.403,38,118400888029,2496006,0
118.406,37,118403411035,2496006,0
118.416,37,118413503059,2469000,1
118.418,37,118415972059,2469000,1
118.421,38,118418448059,2469000,1
118.472,38,118469228173,2496006,0
118.487,33,118484366209,2496006,0
118.489,38,118486889215,2469000,1
118.494,33,118491897221,2496006,0
118.505,33,118502302245,2469000,1
118.52,37,118517393275,2469000,1
118.525,38,118522383281,2496006,0
118.543,33,118540062323,2469000,1
118.555,38,118552952353,2469000,1
118.581,38,118578180407,2496006,0
118.604,33,118601209461,2469000,1
118.606,38,118603676461,2469000,1
118.611,36,118608684467,2469000,1
118.649,38,118646840551,2469000,1
118.664,38,118661949581,2469000,1
118.685,37,118682086623,2469000,1
118.72,33,118717710701,2469000,1
118.776,34,118773527827,2469000,1
118.827,34,118824307941,2496006,0
118.857,34,118854915013,2469000,1
118.862,32,118859905019,2469000,1
118.875,34,118872482043,2469000,1
118.893,38,118890114079,2469000,1
118.893,34,118890114079,2469000,1
118.948,34,118945922205,2496006,0
118.964,34,118961382241,2496006,0
118.994,37,118991694313,2469000,1
118.994,34,118991694313,2469000,1
119.007,34,119004262337,2469000,1
119.055,35,119052841445,2469000,1
119.078,34,119075510493,2496006,0
119.108,34,119105813565,2469000,1
119.157,34,119154070673,2469000,1
119.2,33,119197263775,2469000,1
119.207,34,119204794787,2469000,1
119.299,38,119296291997,2469000,1
119.357,37,119354632129,2496006,0
119.375,37,119372624171,2469000,1
119.428,34,119425927291,2469000,1
119.436,37,119433440303,2469000,1
119.487,36,119484229417,2469000,1
119.494,36,119491751429,2496006,0
119.527,36,119524881507,2469000,1
119.545,33,119542513543,2469000,1
119.55,35,119547503549,2496006,0
119.552,37,119550026555,2469000,1
119.563,36,119560080573,2469000,1
119.581,35,119578016609,2496006,0
119.601,35,119598209657,2469000,1
119.636,35,119633833735,2496006,0
119.657,35,119654035783,2469000,1
119.669,36,119666621807,2469000,1
119.695,37,119692117867,2496006,0
119.705,35,119702218891,2469000,1
119.707,37,119704694891,2469000,1
119.71,36,119707161891,2469000,1
119.722,35,119719729915,2496006,0
119.735,34,119732675945,2496006,0
119.738,34,119735198951,2469000,1
119.745,37,119742711963,2469000,1
119.75,35,119747701969,2496006,0
119.763,35,119760325999,2469000,1
119.793,35,119790895065,2469000,1
119.803,34,119800940083,2469000,1
119.803,37,119800940083,2469000,1
119.819,35,119816058113,2469000,1
119.864,35,119861783215,2469000,1
119.869,38,119866782221,2469000,1
119.907,34,119904938305,2469000,1
119.912,34,119909928311,2469000,1
119.933,34,119930396353,2469000,1
119.948,39,119945487383,2469000,1
119.963,37,119960587413,2469000,1
119.971,38,119968109425,2469000,1
120.014,36,120011302521,2496006,0
120.019,36,120016348533,2469000,1
120.034,35,120031439563,2469000,1
120.034,37,120031439563,2469000,1
120.054,36,120051907611,2469000,1
120.098,36,120095118707,2469000,1
120.148,35,120145898821,2469000,1
120.24,36,120237387031,2469000,1
120.268,32,120265111091,2469000,1
120.286,34,120283056127,2469000,1
120.643,37,120641017967,2469000,1
120.73,36,120727469165,2469000,1
120.839,32,120836636417,2469000,1
120.844,32,120841626423,2496006,0
120.849,32,120846672435,2469000,1
120.895,32,120892397537,2496006,0
120.908,32,120905334567,2469000,1
120.923,32,120920425597,2469000,1
120.93,33,120927938609,2496006,0
120.948,33,120945626651,2469000,1
120.964,38,120961048681,2469000,1
120.986,38,120983735729,2469000,1
120.999,38,120996294753,2496006,0
121.007,38,121004176771,2469000,1
121.012,33,121009166777,2469000,1
121.034,32,121031853825,2469000,1
121.034,38,121031853825,2469000,1
121.044,32,121041907843,2469000,1
121.085,38,121082586933,2469000,1
121.116,33,121113146999,2469000,1
121.148,32,121145935071,2469000,1
121.151,33,121148402071,2496006,0
121.169,33,121166385113,2469000,1
121.217,33,121214633221,2496006,0
121.222,32,121219679233,2469000,1
121.235,33,121232247257,2469000,1
121.273,33,121270385341,2496006,0
121.28,33,121277963359,2469000,1
121.301,34,121298118401,2469000,1
121.301,38,121298118401,2469000,1
121.303,33,121300594401,2496006,0
121.331,33,121328678467,2469000,1
121.387,33,121384522593,2496006,0
121.402,36,121399660629,2496006,0
121.423,33,121420175677,2469000,1
121.438,36,121435257707,2496006,0
121.44,33,121437780713,2469000,1
121.465,33,121462981767,2496006,0
121.468,36,121465817773,2469000,1
121.481,36,121478403797,2469000,1
121.491,33,121488448815,2496006,0
121.501,33,121498549839,2469000,1
121.516,32,121513953869,2469000,1
121.552,39,121549282947,2469000,1
121.554,33,121551749947,2469000,1
121.569,36,121566849977,2469000,1
121.575,39,121572152989,2496006,0
121.577,39,121574684995,2469000,1
121.58,39,121577153995,2469000,1
121.615,39,121612760073,2469000,1
121.658,33,121655658169,2496006,0
121.663,33,121660704181,2469000,1
121.666,35,121663171181,2496006,0
121.696,35,121693769253,2496006,0
121.719,33,121716807307,2496006,0
121.724,35,121721853319,2469000,1
121.737,33,121734430343,2496006,0
121.752,35,121749568379,2496006,0
121.762,35,121759687403,2469000,1
121.767,33,121764677409,2469000,1
121.77,38,121767144409,2469000,1
121.777,33,121774979421,2469000,1
121.788,38,121785024439,2496006,0
121.79,38,121787547445,2469000,1
121.81,36,121807711487,2469000,1
121.818,35,121815233499,2469000,1
121.841,38,121838242553,2469000,1
121.846,39,121843241559,2469000,1
121.848,33,121845708559,2469000,1
121.891,38,121888901655,2496006,0
121.904,36,121901525685,2496006,0
121.907,35,121904048691,2469000,1
121.917,38,121914093709,2469000,1
121.922,36,121919083715,2469000,1
121.942,33,121939542763,2496006,0
121.957,38,121954680799,2469000,1
121.96,36,121957147799,2496006,0
121.967,33,121964716817,2469000,1
121.983,36,121980147847,2469000,1
121.985,35,121982614847,2469000,1
121.99,39,121987613853,2469000,1
122,36,121997676871,2469000,1
122.003,33,122000143871,2469000,1
122.051,38,122048400979,2469000,1
122.056,33,122053399985,2469000,1
122.074,39,122071032021,2469000,1
122.109,38,122106647099,2469000,1
122.117,36,122114160111,2469000,1
122.198,35,122195556297,2469000,1
122.203,36,122200546303,2469000,1
122.213,38,122210591321,2496006,0
122.239,38,122236170381,2469000,1
122.282,37,122279041477,2469000,1
122.292,33,122289390495,2469000,1
122.299,38,122296912507,2496006,0
122.327,38,122324701573,2469000,1
122.373,38,122370417675,2469000,1
122.406,36,122403536747,2469000,1
122.444,34,122441674831,2469000,1
122.444,38,122441674831,2469000,1
122.464,34,122461820873,2469000,1
122.474,34,122471865891,2469000,1
122.489,32,122486974921,2469000,1
122.5,32,122497332945,2469000,1
122.525,34,122522533999,2469000,1
122.527,32,122525000999,2469000,1
122.548,32,122545469041,2469000,1
122.55,33,122547936041,2469000,1
122.599,38,122596184149,2469000,1
122.687,32,122684845353,2469000,1
122.692,32,122689835359,2469000,1
122.718,34,122715349413,2469000,1
122.72,34,122717818413,2496006,0
122.738,39,122735497455,2496006,0
122.753,34,122750948491,2496006,0
122.761,39,122758517509,2496006,0
122.771,34,122768609533,2469000,1
122.776,39,122773599539,2496006,0
122.807,38,122804215611,2469000,1
122.807,39,122804215611,2469000,1
122.829,37,122826902659,2496006,0
122.832,34,122829434665,2469000,1
122.839,34,122836947677,2469000,1
122.845,37,122842259683,2496006,0
122.862,37,122859938725,2469000,1
122.865,39,122862405725,2496006,0
122.877,33,122875029755,2469000,1
122.88,36,122877496755,2469000,1
122.893,39,122890073779,2496006,0
122.916,39,122913120833,2469000,1
122.916,37,122913120833,2469000,1
122.931,32,122928220863,2469000,1
122.936,37,122933228869,2469000,1
122.974,39,122971375953,2469000,1
122.984,34,122981429971,2469000,1
122.989,35,122986428977,2469000,1
123.002,37,122999006001,2496006,0
123.014,37,123011934031,2469000,1
123.017,39,123014410031,2469000,1
123.075,37,123072750163,2496006,0
123.08,38,123077796175,2469000,1
123.085,37,123082795181,2469000,1
123.098,39,123095372205,2469000,1
123.138,37,123136024295,2469000,1
123.179,37,123176712385,2469000,1
123.21,34,123207281451,2469000,1
123.311,34,123308888685,2469000,1
123.382,38,123379861847,2469000,1
123.415,37,123412971919,2469000,1
123.563,39,123560333261,2496006,0
123.568,39,123565379273,2469000,1
123.606,39,123603213357,2469000,1
123.634,32,123631250417,2469000,1
123.674,39,123671938507,2469000,1
123.697,37,123694607555,2469000,1
123.86,36,123857142933,2469000,1
123.862,39,123859609933,2469000,1
124.017,37,124014567293,2496006,0
124.04,37,124037596347,2469000,1
124.07,37,124067870413,2469000,1
124.101,39,124098421485,2496006,0
124.126,39,124123678545,2469000,1
124.154,33,124151724605,2496006,0
124.157,33,124154247611,2469000,1
124.167,39,124164283629,2496006,0
124.174,33,124171852647,2469000,1
124.177,39,124174641653,2469000,1
124.19,37,124187200677,2496006,0
124.217,37,124214980743,2496006,0
124.241,39,124238018797,2496006,0
124.246,37,124243064809,2469000,1
124.248,33,124245531809,2496006,0
124.266,33,124263219851,2469000,1
124.268,39,124265695851,2469000,1
124.279,37,124276044869,2469000,1
124.306,39,124303777929,2496006,0
124.321,33,124318933965,2469000,1
124.324,33,124321409965,2469000,1
124.329,39,124326399971,2496006,0
124.349,39,124346933019,2469000,1
124.383,39,124380007091,2496006,0
124.393,39,124390108115,2469000,1
124.393,37,124390108115,2469000,1
124.398,33,124395116121,2469000,1
124.415,39,124412748157,2496006,0
124.435,39,124432950205,2469000,1
124.441,39,124438253217,2496006,0
124.471,34,124468556289,2469000,1
124.471,39,124468556289,2469000,1
124.484,33,124481446313,2469000,1
124.494,37,124491491331,2469000,1
124.527,39,124524297403,2469000,1
124.56,39,124557380475,2469000,1
124.695,37,124692135787,2469000,1
124.75,39,124747961913,2496006,0
124.776,39,124773209973,2469000,1
124.791,39,124788614003,2469000,1
124.794,38,124791081003,2469000,1
124.819,38,124816291057,2469000,1
124.826,35,124823813069,2469000,1
124.831,39,124828812075,2469000,1
124.834,38,124831279075,2496006,0
124.864,38,124861895147,2469000,1
124.867,38,124864371147,2469000,1
124.948,38,124945463333,2469000,1
125.047,39,125044529567,2469000,1
125.049,38,125046996567,2469000,1
125.065,38,125062418603,2469000,1
125.143,39,125140969783,2469000,1
125.146,32,125143445783,2469000,1
125.148,32,125145914783,2469000,1
125.184,32,125181538861,2469000,1
125.247,32,125244943005,2469000,1
125.324,32,125321284179,2496006,0
125.329,32,125326330191,2469000,1
125.385,39,125382147317,2469000,1
125.392,32,125389669329,2469000,1
125.438,33,125435403431,2469000,1
125.445,32,125442916443,2469000,1
125.473,32,125470953503,2496006,0
125.481,32,125478522521,2496006,0
125.496,37,125493678557,2469000,1
125.509,32,125506559581,2469000,1
125.512,32,125509028581,2496006,0
125.539,32,125536790647,2469000,1
125.593,32,125590120767,2469000,1
125.626,38,125623212839,2469000,1
125.679,32,125676524959,2469000,1
125.735,34,125732342085,2496006,0
125.742,32,125739911103,2469000,1
125.742,34,125739911103,2469000,1
125.76,34,125757525139,2469000,1
125.798,36,125795654223,2496006,0
125.811,34,125808278253,2469000,1
125.814,36,125811067259,2469000,1
125.824,39,125821130277,2469000,1
125.841,32,125838762313,2469000,1
125.844,36,125841229313,2469000,1
125.887,36,125884431409,2469000,1
125.943,34,125940257535,2469000,1
125.943,36,125940257535,2469000,1
125.976,34,125973340607,2496006,0
125.981,34,125978386619,2469000,1
126.044,34,126041781763,2469000,1
126.075,34,126072055829,2496006,0
126.095,34,126092561877,2496006,0
126.105,34,126102653901,2469000,1
126.11,34,126107652907,2469000,1
126.179,34,126176443063,2469000,1
126.227,34,126224673171,2496006,0
126.245,34,126242352213,2496006,0
126.262,34,126260022255,2469000,1
126.301,34,126298160339,2469000,1
126.326,36,126323692393,2469000,1
126.344,34,126341324429,2469000,1
126.384,34,126381985519,2496006,0
126.387,36,126384508525,2469000,1
126.394,34,126392021537,2469000,1
126.455,34,126452893675,2469000,1
126.494,32,126491067759,2469000,1
126.559,34,126556985909,2469000,1
126.743,34,126740045335,2469000,1
126.75,35,126747567347,2469000,1
126.783,35,126780337419,2469000,1
126.79,38,126787859431,2469000,1
126.793,35,126790648437,2469000,1
126.889,35,126886878659,2496006,0
126.912,35,126909916713,2496006,0
126.93,33,126927586755,2469000,1
126.933,35,126930053755,2469000,1
126.976,35,126973255851,2496006,0
126.983,35,126980833869,2469000,1
127.044,37,127042028007,2469000,1
127.044,35,127042028007,2469000,1
127.161,35,127158791277,2496006,0
127.171,35,127168883301,2496006,0
127.192,35,127189076349,2469000,1
127.222,35,127219645415,2469000,1
127.232,34,127229699433,2469000,1
127.242,34,127239744451,2469000,1
127.339,35,127336314673,2469000,1
127.453,39,127450849937,2469000,1
127.468,39,127465949967,2469000,1
127.471,39,127468418967,2496006,0
127.484,39,127481051997,2469000,1
127.501,39,127498675033,2469000,1
127.544,39,127541859129,2469000,1
127.572,35,127569914189,2469000,1
127.677,39,127674035429,2496006,0
127.689,39,127686650459,2469000,1
127.694,32,127691640465,2496006,0
127.704,32,127701732489,2496006,0
127.73,32,127727302549,2496006,0
127.74,32,127737403573,2469000,1
127.74,39,127737403573,2469000,1
127.77,35,127767972639,2469000,1
127.783,32,127780531663,2496006,0
127.791,39,127788109681,2469000,1
127.793,32,127790594681,2469000,1
127.831,32,127828750765,2496006,0
127.854,32,127851475819,2469000,1
127.869,39,127866888849,2469000,1
127.879,32,127876942867,2469000,1
127.933,39,127930245987,2469000,1
127.933,32,127930245987,2469000,1
127.945,35,127942814011,2469000,1
128.042,32,128039381051,2469000,1
128.067,32,128064904105,2469000,1
128.085,33,128082518141,2496006,0
128.093,33,128090087159,2469000,1
128.153,33,128150968297,2469000,1
128.189,32,128186583375,2469000,1
128.202,36,128199151399,2469000,1
128.227,33,128224683453,2469000,1
128.262,38,128259985531,2469000,1
128.267,38,128264975537,2469000,1
128.323,38,128320801663,2496006,0
128.354,38,128351408735,2469000,1
128.361,38,128358921747,2496006,0
128.374,33,128371867777,2469000,1
128.389,38,128386958807,2496006,0
128.392,38,128389481813,2469000,1
128.412,33,128409636855,2496006,0
128.435,36,128432665909,2496006,0
128.438,33,128435188915,2469000,1
128.44,38,128437655915,2469000,1
128.44,33,128437657915,2469000,1
128.46,36,128457803957,2496006,0
128.481,36,128478337005,2469000,1
128.509,38,128506079065,2469000,1
128.526,33,128523702101,2469000,1
128.539,34,128536583125,2469000,1
128.542,36,128539050125,2469000,1
128.592,38,128589848239,2469000,1
128.6,33,128597361251,2469000,1
128.62,32,128617507293,2469000,1
128.656,36,128653140371,2469000,1
128.671,33,128668231401,2496006,0
128.701,33,128698838473,2469000,1
128.719,33,128716461509,2469000,1
128.755,36,128752085587,2496006,0
128.757,36,128754617593,2469000,1
128.777,36,128774754635,2469000,1
128.803,33,128800268689,2469000,1
128.828,36,128825478743,2469000,1
128.919,39,128916993953,2469000,1
128.973,32,128970288073,2469000,1
128.978,37,128975278079,2496006,0
128.991,37,128988215109,2469000,1
128.993,32,128990682109,2469000,1
129.013,36,129010828151,2469000,1
129.016,32,129013304151,2469000,1
129.026,33,129023340169,2469000,1
129.031,37,129028339175,2469000,1
129.031,32,129028339175,2469000,1
129.041,36,129038384193,2496006,0
129.056,36,129053844229,2469000,1
129.069,38,129066439253,2469000,1
129.074,33,129071429259,2469000,1
129.097,36,129094411307,2469000,1
129.132,37,129129722385,2469000,1
129.145,35,129142308409,2469000,1
129.15,36,129147611415,2496006,0
129.153,36,129150134421,2469000,1
129.175,36,129172803469,2469000,1
129.264,32,129261777673,2496006,0
129.282,36,129279438715,2496006,0
129.295,32,129292071745,2469000,1
129.305,36,129302420769,2496006,0
129.312,37,129309998787,2469000,1
129.323,36,129320052805,2469000,1
129.335,32,129332620829,2469000,1
129.363,36,129360657889,2469000,1
129.393,37,129390940955,2469000,1
129.404,32,129401298973,2496006,0
129.406,32,129403821979,2469000,1
129.419,36,129416390003,2469000,1
129.439,34,129436536045,2469000,1
129.452,34,129449095069,2496006,0
129.472,32,129469610117,2469000,1
129.475,34,129472086117,2469000,1
129.48,32,129477085123,2469000,1
129.48,34,129477085123,2469000,1
129.492,36,129489491129,2496006,0
129.51,36,129507474171,2469000,1
129.523,36,129520042195,2469000,1
129.533,34,129530087213,2469000,1
129.545,36,129542664237,2469000,1
129.644,35,129641766465,2469000,1
129.667,35,129664757513,2496006,0
129.675,35,129672326531,2469000,1
129.682,32,129679848543,2469000,1
129.731,35,129728087651,2496006,0
129.743,35,129740720681,2469000,1
129.746,34,129743187681,2469000,1
129.774,36,129771233741,2469000,1
129.806,35,129804003813,2469000,1
129.865,38,129862674951,2469000,1
129.926,35,129923565089,2469000,1
129.972,36,129969272191,2496006,0
129.982,36,129979382215,2469000,1
129.989,36,129986904227,2469000,1
129.994,33,129991894233,2469000,1
130.017,39,130014876281,2469000,1
130.096,32,130093445461,2469000,1
130.116,36,130113895503,2496006,0
130.121,35,130118941515,2469000,1
130.129,34,130126472527,2469000,1
130.134,36,130131462533,2469000,1
130.19,36,130187288659,2469000,1
130.225,35,130222912737,2496006,0
130.248,36,130245646791,2469000,1
130.251,32,130248113791,2469000,1
130.256,35,130253103797,2496006,0
130.268,35,130265718827,2469000,1
130.271,35,130268194827,2469000,1
130.37,35,130367279055,2469000,1
130.375,37,130372278061,2469000,1
130.378,36,130375058067,2496006,0
130.39,36,130387673097,2496006,0
130.395,36,130392719109,2469000,1
130.454,36,130451059241,2496006,0
130.459,36,130456105253,2469000,1
130.471,36,130468691277,2469000,1
130.476,35,130473699283,2469000,1
130.487,36,130484066301,2469000,1
130.598,36,130595774559,2469000,1
130.608,37,130605819577,2469000,1
130.728,38,130725114853,2469000,1
130.778,33,130775867973,2469000,1
130.799,39,130796336015,2469000,1
130.801,34,130798803015,2496006,0
130.811,39,130808904039,2496006,0
130.819,34,130816473057,2469000,1
130.842,39,130839464105,2469000,1
130.844,39,130841933105,2469000,1
130.859,34,130857024135,2469000,1
130.903,39,130900253231,2469000,1
130.946,36,130943428327,2469000,1
130.956,34,130953473345,2496006,0
130.958,35,130955996351,2469000,1
130.984,34,130981206405,2469000,1
131.017,34,131014289477,2496006,0
131.022,34,131019335489,2469000,1
131.073,34,131070124603,2469000,1
131.075,34,131072593603,2469000,1
131.149,39,131146420771,2469000,1
131.207,33,131204769903,2469000,1
131.222,34,131219860933,2469000,1
131.222,33,131219860933,2469000,1
131.266,33,131263045029,2496006,0
131.278,39,131275660059,2469000,1
131.293,33,131290760089,2496006,0
131.296,39,131293283095,2469000,1
131.296,33,131293283095,2469000,1
131.334,33,131331439185,2469000,1
131.403,33,131400220341,2496006,0
131.436,33,131433046419,2469000,1
131.484,33,131481294527,2469000,1
131.496,38,131493880551,2469000,1
131.499,38,131496349551,2469000,1
131.529,38,131526900617,2469000,1
131.539,35,131536945635,2496006,0
131.56,35,131557469683,2469000,1
131.56,33,131557469683,2469000,1
131.588,34,131585202743,2469000,1
131.605,38,131602816779,2469000,1
131.616,35,131613165803,2496006,0
131.631,35,131628330839,2469000,1
131.648,33,131645962875,2469000,1
131.664,35,131661375911,2469000,1
131.753,35,131750359115,2469000,1
131.786,39,131783120187,2469000,1
131.788,38,131785596187,2469000,1
131.814,33,131811119241,2469000,1
131.862,35,131859358349,2469000,1
131.882,32,131879504391,2496006,0
131.907,32,131904761451,2469000,1
131.93,36,131927752499,2469000,1
131.948,32,131945366535,2469000,1
132.004,32,132001210661,2469000,1
132.027,35,132024192709,2469000,1
132.057,34,132054457775,2469000,1
132.057,38,132054457775,2469000,1
132.059,33,132056924775,2469000,1
132.161,32,132158523015,2496006,0
132.171,37,132168928039,2469000,1
132.176,32,132173927045,2469000,1
132.192,37,132189009075,2496006,0
132.214,37,132211734129,2496006,0
132.217,32,132214257135,2469000,1
132.227,37,132224624153,2469000,1
132.262,37,132259935231,2469000,1
132.275,38,132272807261,2469000,1
132.278,32,132275292261,2469000,1
132.326,32,132323558369,2469000,1
132.339,37,132336126393,2469000,1
132.384,32,132381842495,2496006,0
132.389,32,132386888507,2496006,0
132.392,32,132389411513,2469000,1
132.453,32,132450265651,2496006,0
132.463,32,132460366675,2469000,1
132.476,32,132473274699,2496006,0
132.478,32,132475797705,2469000,1
132.503,37,132500998759,2469000,1
132.534,32,132531549825,2469000,1
132.585,32,132582347939,2496006,0
132.615,32,132612633011,2496006,0
132.623,32,132620202029,2469000,1
132.638,32,132635624059,2469000,1
132.684,32,132681358161,2469000,1
132.691,35,132688871173,2469000,1
132.74,33,132737148021,2469000,1
132.752,37,132749716045,2496006,0
132.77,33,132767386087,2469000,1
132.775,37,132772376093,2469000,1
132.798,33,132795367147,2469000,1
132.826,33,132823100207,2469000,1
132.836,37,132833458225,2496006,0
132.838,37,132835990231,2469000,1
132.846,37,132843503243,2469000,1
132.861,32,132858594273,2469000,1
132.864,35,132861061273,2469000,1
132.866,33,132863528273,2496006,0
132.876,33,132873620297,2496006,0
132.902,33,132899199357,2469000,1
132.912,33,132909244375,2469000,1
132.952,33,132949923465,2469000,1
132.968,37,132965032495,2469000,1
133.102,33,133099787807,2469000,1
133.115,38,133112346831,2496006,0
133.135,38,133132548879,2469000,1
133.181,38,133178273981,2469000,1
133.196,37,133193678011,2469000,1
133.206,32,133203741029,2469000,1
133.252,38,133249466131,2496006,0
133.262,37,133259558155,2469000,1
133.267,38,133264548161,2496006,0
133.285,38,133282209203,2496006,0
133.305,38,133302724251,2469000,1
133.323,38,133320356287,2496006,0
133.335,38,133332980317,2469000,1
133.371,38,133368595395,2496006,0
133.397,38,133394174455,2469000,1
133.402,33,133399173461,2496006,0
133.412,38,133409265485,2496006,0
133.414,33,133411788491,2496006,0
133.427,38,133424412521,2469000,1
133.439,34,133436980545,2469000,1
133.447,33,133444502557,2469000,1
133.473,38,133470016617,2496006,0
133.49,38,133487695659,2469000,1
133.493,33,133490162659,2496006,0
133.495,34,133493007665,2469000,1
133.516,33,133513171707,2469000,1
133.521,34,133518170713,2469000,1
133.538,34,133535784749,2469000,1
133.541,38,133538251749,2469000,1
133.548,39,133545764761,2496006,0
133.559,39,133556178785,2469000,1
133.571,33,133568764809,2469000,1
133.576,39,133573763815,2469000,1
133.579,39,133576232815,2496006,0
133.581,34,133578764821,2469000,1
133.599,39,133596691857,2496006,0
133.604,38,133601737869,2469000,1
133.617,39,133614305893,2469000,1
133.665,33,133662572001,2496006,0
133.668,39,133665095007,2469000,1
133.693,33,133690085037,2469000,1
133.695,39,133692552037,2469000,1
133.718,39,133715516085,2469000,1
133.72,36,133717983085,2469000,1
133.723,38,133720459085,2469000,1
133.728,39,133725449091,2469000,1
133.743,33,133740549121,2496006,0
133.753,33,133750650145,2496006,0
133.756,33,133753182151,2496006,0
133.761,33,133758541163,2469000,1
133.791,34,133788741223,2469000,1
133.804,33,133801622247,2469000,1
133.819,33,133816722277,2496006,0
133.839,33,133836933325,2496006,0
133.855,33,133852098361,2469000,1
133.916,33,133913249033,2469000,1
133.938,33,133935945081,2469000,1
134.027,34,134024807279,2469000,1
134.144,38,134141543549,2496006,0
134.147,38,134144066555,2469000,1
134.164,38,134161698591,2469000,1
134.167,33,134164487597,2469000,1
134.182,32,134179578627,2469000,1
134.182,38,134179578627,2469000,1
134.192,38,134189623645,2469000,1
134.205,37,134202191669,2469000,1
134.228,33,134225164717,2469000,1
134.439,39,134436040209,2469000,1
134.573,38,134570473521,2469000,1
134.593,36,134590941569,2469000,1
134.598,36,134595940575,2469000,1
134.606,35,134603453587,2469000,1
134.606,36,134603453587,2469000,1
134.608,36,134605922587,2469000,1
134.611,36,134608391587,2496006,0
134.613,35,134610914593,2469000,1
134.624,35,134621263611,2469000,1
134.626,36,134623730611,2469000,1
134.626,35,134623732611,2469000,1
134.631,32,134628731617,2469000,1
134.641,35,134638776635,2496006,0
134.669,35,134666565701,2469000,1
134.677,36,134674078713,2496006,0
134.702,36,134699648773,2469000,1
134.715,35,134712216797,2469000,1
134.743,36,134740262857,2496006,0
134.748,36,134745308869,2496006,0
134.763,36,134760455905,2469000,1
134.814,36,134811227019,2496006,0
134.832,36,134829210061,2496006,0
134.837,35,134834274073,2496006,0
134.857,36,134854476121,2469000,1
134.864,35,134861998133,2469000,1
134.892,35,134890026193,2469000,1
134.913,36,134910190235,2469000,1
134.92,35,134917721247,2496006,0
134.938,35,134935713289,2496006,0
134.971,35,134968530367,2469000,1
134.994,35,134991521415,2469000,1
135.007,34,135004116439,2469000,1
135.014,33,135011638451,2469000,1
135.022,36,135019169463,2469000,1
135.029,32,135026691475,2469000,1
135.037,36,135034204487,2469000,1
135.064,32,135061919547,2469000,1
135.095,32,135092506613,2469000,1
135.11,35,135107606643,2469000,1
135.123,32,135120165667,2496006,0
135.151,35,135148240733,2496006,0
135.158,32,135155818751,2469000,1
135.168,35,135165863769,2469000,1
135.194,34,135191386823,2469000,1
135.194,32,135191386823,2469000,1
135.199,32,135196376829,2469000,1
135.204,35,135201366835,2469000,1
135.229,35,135226549889,2496006,0
135.239,35,135236954913,2469000,1
135.26,35,135257127955,2469000,1
135.265,38,135262126961,2469000,1
135.285,37,135282291003,2496006,0
135.31,37,135307843063,2469000,1
135.366,32,135363687189,2496006,0
135.369,37,135366210195,2469000,1
135.369,32,135366210195,2469000,1
135.376,35,135373732207,2469000,1
135.419,35,135416916303,2469000,1
135.427,32,135424447315,2469000,1
135.46,32,135457548387,2469000,1
135.485,37,135482740441,2469000,1
135.503,39,135500676477,2496006,0
135.526,36,135523410531,2469000,1
135.528,39,135525886531,2469000,1
135.589,35,135586758669,2469000,1
135.589,39,135586758669,2469000,1
135.663,32,135660576837,2469000,1
135.688,39,135685786891,2469000,1
135.719,37,135716346957,2469000,1
135.777,39,135774705089,2496006,0
135.79,39,135787320119,2469000,1
135.833,35,135830513215,2469000,1
135.833,39,135830513215,2469000,1
135.93,39,135927083437,2469000,1
135.935,32,135932073443,2469000,1
135.978,38,135975257539,2469000,1
136.15,39,136147902941,2469000,1
136.189,37,136186059025,2469000,1
136.374,35,136371623457,2469000,1
136.438,36,136435036601,2469000,1
136.529,35,136526533811,2469000,1
136.544,35,136541624841,2469000,1
136.562,34,136559247877,2469000,1
136.564,34,136561723877,2469000,1
136.57,34,136567035889,2469000,1
136.592,35,136589713937,2496006,0
136.6,39,136597282955,2469000,1
136.617,34,136614896991,2469000,1
136.622,35,136619886997,2469000,1
136.673,35,136670989117,2469000,1
136.689,39,136686089147,2496006,0
136.706,39,136703750189,2469000,1
136.727,35,136724218231,2469000,1
136.744,33,136741859267,2469000,1
136.754,39,136751895285,2496006,0
136.767,32,136764519315,2469000,1
136.78,39,136777409339,2469000,1
136.8,34,136797546381,2469000,1
136.823,39,136820242429,2469000,1
136.83,35,136827708435,2469000,1
136.904,39,136901213603,2496006,0
136.911,39,136908791621,2469000,1
136.916,38,136913781627,2469000,1
136.921,39,136918780633,2469000,1
136.926,38,136923714633,2496006,0
136.952,38,136949154681,2469000,1
136.98,38,136977135735,2469000,1
137.007,37,137004904795,2496006,0
137.02,37,137017519825,2469000,1
137.028,39,137025041837,2469000,1
137.048,39,137045435873,2469000,1
137.068,38,137065599915,2469000,1
137.071,37,137068066915,2496006,0
137.089,37,137086058957,2469000,1
137.104,39,137101158987,2496006,0
137.106,39,137103681993,2469000,1
137.119,37,137116185011,2469000,1
137.152,39,137149286083,2469000,1
137.197,32,137194964179,2469000,1
137.2,39,137197431179,2469000,1
137.21,34,137207364185,2469000,1
137.22,37,137217308191,2469000,1
137.23,37,137227355209,2496006,0
137.26,37,137257971281,2469000,1
137.27,37,137268016299,2469000,1
137.273,38,137270483299,2469000,1
137.309,33,137306051371,2469000,1
137.311,35,137308518371,2496006,0
137.331,35,137328729419,2496006,0
137.334,33,137331252425,2469000,1
137.339,35,137336242431,2496006,0
137.344,33,137341601443,2469000,1
137.344,35,137341601443,2469000,1
137.359,33,137356692473,2469000,1
137.374,39,137371783503,2469000,1
137.379,37,137376773509,2496006,0
137.382,35,137379296515,2469000,1
137.405,37,137402177551,2469000,1
137.412,37,137409708563,2469000,1
137.42,37,137417230575,2496006,0
137.425,37,137422276587,2469000,1
137.468,35,137465487683,2469000,1
137.473,37,137470477689,2469000,1
137.524,38,137521154791,2469000,1
137.534,34,137531190809,2469000,1
137.549,33,137546603839,2469000,1
137.549,35,137546603839,2469000,1
137.582,37,137579335905,2469000,1
137.638,35,137635162031,2469000,1
137.704,39,137701328175,2469000,1
137.79,37,137787428367,2469000,1
137.993,36,137990642835,2469000,1
137.996,39,137993109835,2469000,1
138.006,37,138003467853,2469000,1
138.024,33,138021081889,2469000,1
138.031,38,138028603901,2469000,1
138.041,34,138038648919,2496006,0
138.051,34,138048740943,2496006,0
138.077,34,138074311003,2469000,1
138.097,34,138094457045,2469000,1
138.155,34,138152824177,2496006,0
138.176,34,138173330225,2496006,0
138.191,34,138188468261,2469000,1
138.193,33,138190944261,2469000,1
138.229,34,138226568339,2469000,1
138.247,34,138244209375,2469000,1
138.458,35,138455048867,2469000,1
138.46,34,138457515867,2469000,1
138.506,37,138503240969,2469000,1
138.648,37,138645565299,2496006,0
138.661,37,138658189329,2469000,1
138.689,37,138686217389,2469000,1
138.765,37,138762254563,2496006,0
138.772,37,138769823581,2469000,1
138.793,34,138790291629,2469000,1
138.808,35,138805391659,2469000,1
138.808,37,138805391659,2469000,1
138.904,37,138901952881,2496006,0
138.922,37,138919935923,2469000,1
138.963,37,138960293013,2469000,1
138.996,37,138993394085,2469000,1
139.029,34,139026477157,2496006,0
139.047,34,139044156199,2469000,1
139.072,34,139069366253,2469000,1
139.09,34,139087293289,2469000,1
139.102,32,139099861313,2469000,1
139.115,32,139112447337,2469000,1
139.135,32,139132915379,2469000,1
139.153,37,139150547415,2469000,1
139.161,32,139158060427,2469000,1
139.316,34,139313017787,2496006,0
139.321,34,139318063799,2469000,1
139.354,34,139351137871,2469000,1
139.386,32,139383925943,2496006,0
139.397,32,139394339967,2469000,1
139.409,34,139406916991,2469000,1
139.432,32,139429586039,2469000,1
139.437,37,139434889051,2469000,1
139.458,32,139455044093,2496006,0
139.46,32,139457567099,2469000,1
139.47,39,139467612117,2469000,1
139.47,34,139467612117,2469000,1
139.521,32,139518383231,2469000,1
139.556,32,139553960303,2469000,1
139.566,38,139564005321,2469000,1
139.762,34,139759688777,2469000,1
139.79,32,139787421837,2469000,1
139.833,36,139830614933,2469000,1
139.838,36,139835604939,2469000,1
139.889,32,139886394053,2469000,1
139.896,36,139893916065,2469000,1
140.011,36,140008451329,2469000,1
140.036,37,140033652383,2469000,1
140.097,36,140094533521,2469000,1
140.173,33,140170885165,2469000,1
140.364,32,140361522609,2469000,1
140.476,36,140473230867,2469000,1
140.539,35,140536635011,2469000,1
140.552,34,140549203035,2469000,1
140.56,35,140557038047,2469000,1
140.58,35,140577175089,2496006,0
140.6,35,140597377137,2469000,1
140.633,35,140630478209,2469000,1
140.658,35,140655670263,2469000,1
140.719,38,140716873401,2469000,1
140.737,35,140734496437,2469000,1
140.745,38,140742009449,2496006,0
140.76,38,140757165485,2469000,1
140.79,38,140787734551,2469000,1
140.813,33,140810403599,2469000,1
140.815,33,140812872599,2469000,1
140.848,33,140845973671,2496006,0
140.853,33,140851019683,2469000,1
140.877,38,140874010731,2496006,0
140.902,37,140899249791,2469000,1
140.902,34,140899249791,2469000,1
140.909,38,140906771803,2469000,1
140.914,37,140911770809,2469000,1
140.917,33,140914237809,2496006,0
140.93,33,140927165839,2469000,1
140.93,35,140927165839,2469000,1
140.94,37,140937219857,2469000,1
140.965,33,140962420911,2496006,0
140.967,38,140964943917,2496006,0
140.985,38,140982926959,2469000,1
140.988,37,140985393959,2469000,1
140.998,33,140995438977,2469000,1
141.01,33,141008025001,2469000,1
141.039,38,141036071061,2496006,0
141.046,37,141043640079,2469000,1
141.049,38,141046107079,2496006,0
141.056,36,141053676097,2496006,0
141.059,39,141056199103,2496006,0
141.066,38,141063777121,2469000,1
141.066,39,141063777121,2469000,1
141.082,33,141079181151,2469000,1
141.087,36,141084171157,2469000,1
141.097,39,141094225175,2469000,1
141.104,35,141101747187,2469000,1
141.122,38,141119370223,2469000,1
141.135,38,141132269247,2469000,1
141.137,37,141134736247,2496006,0
141.14,36,141137259253,2469000,1
141.14,37,141137259253,2469000,1
141.147,33,141144790265,2496006,0
141.16,36,141157405295,2469000,1
141.165,37,141162404301,2469000,1
141.167,33,141164871301,2469000,1
141.195,33,141192908361,2469000,1
141.198,33,141195377361,2496006,0
141.203,37,141200423373,2469000,1
141.215,39,141212991397,2496006,0
141.226,33,141223092421,2469000,1
141.231,38,141228091427,2496006,0
141.244,39,141241046457,2469000,1
141.254,38,141251091475,2469000,1
141.266,38,141263659499,2469000,1
141.282,33,141279072529,2469000,1
141.287,38,141284062535,2496006,0
141.297,33,141294163559,2496006,0
141.304,33,141301732577,2469000,1
141.307,39,141304208577,2496006,0
141.317,38,141314309601,2469000,1
141.322,33,141319317607,2469000,1
141.327,39,141324316613,2469000,1
141.329,33,141326783613,2469000,1
141.342,33,141339664637,2469000,1
141.365,38,141362165667,2496006,0
141.377,38,141374733691,2496006,0
141.38,39,141377569697,2469000,1
141.393,38,141390146721,2469000,1
141.398,36,141395154727,2469000,1
141.405,38,141402676739,2469000,1
141.41,39,141407675745,2469000,1
141.425,38,141422766775,2496006,0
141.438,37,141435703805,2469000,1
141.453,38,141450821835,2469000,1
141.486,38,141483922907,2469000,1
141.56,38,141557390069,2469000,1
141.567,35,141564903081,2496006,0
141.57,35,141567426087,2469000,1
141.611,38,141608087177,2469000,1
141.613,35,141610554177,2469000,1
141.626,35,141623113201,2469000,1
141.633,33,141630626213,2469000,1
141.633,37,141630626213,2469000,1
141.643,39,141640984231,2469000,1
141.714,32,141711937387,2496006,0
141.727,32,141724561417,2469000,1
141.747,35,141745029459,2469000,1
141.755,36,141752542471,2496006,0
141.77,36,141767689507,2469000,1
141.77,32,141767689507,2469000,1
141.778,32,141775211519,2469000,1
141.78,37,141777678519,2496006,0
141.785,36,141782724531,2469000,1
141.801,37,141798081561,2496006,0
141.806,38,141803127573,2469000,1
141.816,37,141813181591,2469000,1
141.869,36,141866437705,2469000,1
141.874,37,141871427711,2496006,0
141.904,37,141901987777,2469000,1
141.909,37,141906986783,2469000,1
141.917,32,141914508795,2469000,1
141.937,39,141934645837,2496006,0
141.945,39,141942214855,2469000,1
141.958,36,141955104879,2469000,1
141.978,37,141975221915,2469000,1
141.978,39,141975221915,2469000,1
141.988,32,141985275933,2469000,1
142.049,37,142046157071,2469000,1
142.056,39,142053992089,2469000,1
142.072,33,142069092119,2496006,0
142.102,33,142099699191,2469000,1
142.127,33,142124909245,2469000,1
142.14,36,142137367257,2496006,0
142.15,33,142147349269,2496006,0
142.152,36,142149872275,2469000,1
142.17,33,142167752311,2496006,0
142.173,33,142170275317,2469000,1
142.178,35,142175265323,2469000,1
142.213,33,142210880401,2496006,0
142.216,36,142213403407,2469000,1
142.228,33,142225942425,2469000,1
142.228,36,142225942425,2469000,1
142.233,32,142230932431,2469000,1
142.233,33,142230932431,2469000,1
142.277,39,142274078527,2496006,0
142.282,33,142279124539,2469000,1
142.307,39,142304591587,2496006,0
142.327,39,142324802635,2469000,1
142.335,36,142332268641,2469000,1
142.358,37,142355203683,2496006,0
142.36,38,142357726689,2469000,1
142.378,37,142375228713,2496006,0
142.383,39,142380274725,2469000,1
142.406,37,142403265773,2496006,0
142.438,37,142435918833,2469000,1
142.471,33,142468981905,2469000,1
142.474,37,142471457905,2469000,1
142.489,39,142486566935,2469000,1
142.507,34,142504493971,2469000,1
142.517,34,142514538989,2469000,1
142.519,34,142517014989,2469000,1
142.57,37,142567571079,2469000,1
142.58,39,142577616097,2469000,1
142.595,36,142592707127,2469000,1
142.636,34,142633265205,2469000,1
142.656,38,142653355241,2469000,1
142.681,37,142678887295,2469000,1
142.689,33,142686409307,2469000,1
142.737,39,142734601409,2469000,1
142.785,34,142782775511,2469000,1
142.91,37,142907107799,2469000,1
143.052,33,143049450129,2469000,1
143.064,34,143062018153,2469000,1
143.069,36,143067008159,2469000,1
143.105,35,143102632237,2469000,1
143.293,32,143290737675,2496006,0
143.306,32,143303352705,2469000,1
143.316,32,143313397723,2469000,1
143.367,32,143364177837,2469000,1
143.369,39,143366644837,2469000,1
143.542,34,143539612239,2469000,1
143.572,32,143569859305,2469000,1
143.628,32,143625685431,2469000,1
143.77,33,143768018761,2469000,1
143.781,34,143778063779,2469000,1
143.783,35,143780530779,2496006,0
143.806,35,143803559833,2469000,1
143.816,37,143813604851,2496006,0
143.819,35,143816127857,2469000,1
143.847,37,143844164917,2469000,1
143.897,37,143894945031,2469000,1
143.905,32,143902476043,2496006,0
143.918,32,143915100073,2469000,1
143.923,35,143920090079,2469000,1
143.968,32,143965815181,2469000,1
144.014,37,144011540283,2469000,1
144.037,32,144034227331,2469000,1
144.111,35,144108045499,2469000,1
144.136,37,144133237553,2469000,1
144.23,37,144227266769,2469000,1
144.248,32,144245202805,2469000,1
144.354,38,144351865051,2469000,1
144.372,37,144369488087,2469000,1
144.387,38,144384579117,2469000,1
144.408,38,144405047159,2469000,1
144.438,32,144435303225,2469000,1
144.451,36,144448184249,2469000,1
144.476,38,144473385303,2496006,0
144.478,38,144475908309,2469000,1
144.499,32,144496054351,2469000,1
144.524,35,144521568405,2496006,0
144.534,38,144531660429,2469000,1
144.537,38,144534129429,2469000,1
144.544,35,144541651441,2469000,1
144.582,35,144579798525,2496006,0
144.585,35,144582321531,2469000,1
144.628,35,144625523627,2469000,1
144.643,33,144640623657,2469000,1
144.674,33,144671192723,2469000,1
144.676,35,144673659723,2496006,0
144.684,35,144681237741,2469000,1
144.727,33,144724430837,2469000,1
144.737,38,144734475855,2469000,1
144.737,35,144734475855,2469000,1
144.762,35,144760007909,2469000,1
144.81,33,144807934017,2496006,0
144.838,38,144836018083,2469000,1
144.844,33,144841008089,2496006,0
144.874,33,144871633161,2469000,1
144.912,33,144909467245,2469000,1
144.92,33,144917302257,2469000,1
144.978,35,144975660389,2496006,0
144.993,38,144990807425,2469000,1
145.001,35,144998329437,2469000,1
145.003,35,145000798437,2469000,1
145.011,33,145008320449,2469000,1
145.034,39,145031311497,2469000,1
145.062,35,145059044557,2496006,0
145.067,37,145064403569,2469000,1
145.077,35,145074448587,2469000,1
145.082,39,145079438593,2469000,1
145.089,35,145086960605,2469000,1
145.099,39,145097014623,2469000,1
145.153,39,145150317743,2469000,1
145.191,35,145188464827,2496006,0
145.196,35,145193510839,2469000,1
145.206,39,145203546857,2496006,0
145.219,39,145216161887,2469000,1
145.252,39,145249253959,2496006,0
145.257,35,145254299971,2469000,1
145.28,39,145277309019,2469000,1
145.313,34,145310088091,2469000,1
145.32,34,145317610103,2469000,1
145.33,39,145327968121,2469000,1
145.335,35,145332967127,2496006,0
145.351,34,145348114163,2496006,0
145.353,36,145350637169,2469000,1
145.356,36,145353106169,2469000,1
145.368,35,145365683193,2469000,1
145.373,34,145370986199,2469000,1
145.406,36,145403765271,2469000,1
145.419,39,145416333295,2469000,1
145.429,35,145426387313,2469000,1
145.432,35,145429167319,2496006,0
145.434,34,145431690325,2469000,1
145.444,35,145441744343,2496006,0
145.457,34,145454368373,2469000,1
145.459,35,145456835373,2469000,1
145.464,36,145461825379,2496006,0
145.469,32,145466871391,2469000,1
145.485,36,145482275421,2496006,0
145.487,33,145484798427,2469000,1
145.487,36,145484798427,2469000,1
145.492,35,145489788433,2496006,0
145.495,36,145492311439,2469000,1
145.512,35,145509925475,2469000,1
145.54,35,145537998535,2469000,1
145.545,39,145542988541,2469000,1
145.571,39,145568198595,2496006,0
145.584,39,145581144625,2469000,1
145.589,35,145586143631,2469000,1
145.599,36,145596188649,2469000,1
145.644,39,145641904751,2469000,1
145.654,34,145651967769,2469000,1
145.754,39,145751042997,2469000,1
145.766,35,145763611021,2469000,1
145.776,36,145773665039,2469000,1
145.802,37,145799179093,2469000,1
145.822,37,145819334135,2469000,1
145.87,37,145867582243,2469000,1
145.898,39,145895610303,2496006,0
145.906,39,145903188321,2469000,1
145.938,37,145935967393,2469000,1
145.954,39,145951380423,2469000,1
145.974,39,145971517465,2469000,1
145.994,37,145991994507,2469000,1
146.063,39,146060444663,2496006,0
146.073,39,146070545687,2469000,1
146.081,34,146078058699,2496006,0
146.083,39,146080581705,2469000,1
146.093,34,146090939723,2469000,1
146.131,34,146128764807,2496006,0
146.139,36,146136333825,2469000,1
146.139,34,146136333825,2469000,1
146.149,32,146146691843,2469000,1
146.174,32,146171910897,2469000,1
146.187,39,146184478921,2496006,0
146.192,34,146189837933,2496006,0
146.2,32,146197406951,2469000,1
146.202,34,146199873951,2496006,0
146.212,39,146209974975,2469000,1
146.225,34,146222551999,2469000,1
146.243,32,146240175035,2469000,1
146.245,35,146242642035,2496006,0
146.25,34,146248001047,2469000,1
146.263,35,146260569071,2469000,1
146.278,39,146275660101,2496006,0
146.283,35,146280715113,2496006,0
146.294,35,146291138137,2496006,0
146.306,39,146303762167,2469000,1
146.309,35,146306229167,2469000,1
146.309,32,146306229167,2469000,1
146.352,34,146349431263,2469000,1
146.354,35,146351898263,2469000,1
146.362,39,146359420275,2469000,1
146.385,39,146382134323,2469000,1
146.395,33,146392179341,2469000,1
146.408,35,146405060371,2469000,1
146.428,37,146425206413,2496006,0
146.435,37,146432775431,2469000,1
146.44,35,146437774437,2469000,1
146.45,34,146447763449,2469000,1
146.471,37,146468166485,2469000,1
146.493,37,146490826533,2496006,0
146.499,37,146496185545,2469000,1
146.524,39,146521413599,2469000,1
146.536,37,146533990623,2469000,1
146.552,34,146549081653,2496006,0
146.58,37,146577165719,2496006,0
146.585,34,146582211731,2469000,1
146.587,37,146584678731,2496006,0
146.608,39,146605193779,2469000,1
146.615,38,146612715791,2469000,1
146.62,37,146617705797,2469000,1
146.64,36,146637860839,2496006,0
146.643,34,146640383845,2496006,0
146.655,34,146652998875,2469000,1
146.655,37,146652998875,2469000,1
146.673,36,146670943911,2469000,1
146.693,34,146690939935,2469000,1
146.704,36,146701297953,2469000,1
146.709,36,146706287959,2496006,0
146.721,36,146718911989,2469000,1
146.724,39,146721378989,2496006,0
146.731,39,146728957007,2496006,0
146.747,39,146744104043,2496006,0
146.752,37,146749150055,2469000,1
146.759,34,146756663067,2469000,1
146.762,39,146759452073,2469000,1
146.762,36,146759452073,2469000,1
146.764,33,146761937073,2469000,1
146.78,36,146777028103,2496006,0
146.782,32,146779551109,2469000,1
146.784,39,146782018109,2469000,1
146.802,36,146799484127,2496006,0
146.822,36,146820008175,2469000,1
146.825,36,146822477175,2469000,1
146.85,39,146847678229,2496006,0
146.871,39,146868202277,2469000,1
146.871,32,146868202277,2469000,1
146.881,39,146878238295,2469000,1
146.888,37,146885751307,2496006,0
146.916,37,146913853373,2469000,1
146.924,32,146921366385,2496006,0
146.939,32,146936513421,2469000,1
146.941,35,146938998421,2469000,1
146.944,39,146941465421,2469000,1
146.946,36,146943932421,2496006,0
146.949,34,146946455427,2469000,1
146.964,32,146961564457,2469000,1
146.974,36,146971913481,2469000,1
146.977,37,146974398481,2469000,1
147.007,37,147004645547,2469000,1
147.015,36,147012489559,2469000,1
147.05,37,147047809637,2469000,1
147.073,32,147070791685,2496006,0
147.093,32,147090993733,2469000,1
147.093,39,147090993733,2469000,1
147.106,32,147103552757,2496006,0
147.137,36,147134177829,2469000,1
147.137,32,147134177829,2469000,1
147.167,32,147164442895,2469000,1
147.192,32,147189956949,2496006,0
147.197,32,147195002961,2469000,1
147.218,37,147215471003,2469000,1
147.218,36,147215471003,2469000,1
147.261,32,147258342099,2496006,0
147.263,36,147260865105,2469000,1
147.274,32,147271214123,2469000,1
147.291,39,147288855159,2469000,1
147.299,32,147296377171,2496006,0
147.311,32,147308992201,2469000,1
147.355,32,147352194297,2469000,1
147.367,39,147364780321,2469000,1
147.408,34,147405450411,2469000,1
147.423,32,147420863441,2469000,1
147.482,32,147479221573,2469000,1
147.654,36,147651848975,2496006,0
147.687,35,147684979053,2469000,1
147.687,36,147684979053,2469000,1
147.692,36,147689978059,2469000,1
147.697,32,147694977065,2469000,1
147.763,36,147760904215,2469000,1
147.817,36,147814216335,2469000,1
147.824,36,147821738347,2469000,1
147.852,39,147849775407,2469000,1
147.895,36,147892977503,2469000,1
147.982,38,147979106701,2469000,1
148.01,38,148007143761,2469000,1
148.055,38,148052877863,2469000,1
148.096,35,148093529953,2496006,0
148.101,35,148098584965,2469000,1
148.121,38,148118731007,2496006,0
148.142,38,148139246055,2469000,1
148.152,38,148149282073,2496006,0
148.157,35,148154328085,2469000,1
148.177,38,148174474127,2469000,1
148.184,38,148181987139,2496006,0
148.195,35,148192410163,2496006,0
148.2,38,148197456175,2469000,1
148.213,35,148210042199,2469000,1
148.215,37,148212509199,2469000,1
148.241,38,148238023253,2496006,0
148.258,35,148255693295,2469000,1
148.263,38,148260692301,2469000,1
148.273,34,148270746319,2469000,1
148.309,38,148306379397,2469000,1
148.314,38,148311378403,2469000,1
148.319,35,148316368409,2469000,1
148.342,33,148339368457,2469000,1
148.362,33,148359514499,2496006,0
148.39,33,148387285565,2469000,1
148.425,33,148422900643,2496006,0
148.443,33,148440579685,2469000,1
148.458,33,148455992721,2496006,0
148.464,35,148461038733,2469000,1
148.466,38,148463505733,2496006,0
148.474,38,148471074751,2469000,1
148.481,33,148478596763,2469000,1
148.484,38,148481072763,2469000,1
148.501,38,148498686799,2496006,0
148.522,33,148519201847,2469000,1
148.532,38,148529255865,2469000,1
148.567,38,148564897943,2469000,1
148.598,33,148595154009,2469000,1
148.628,32,148625723075,2469000,1
148.641,32,148638291099,2469000,1
148.646,33,148643281105,2496006,0
148.659,33,148656218135,2469000,1
148.669,38,148666272153,2469000,1
148.684,33,148681363183,2469000,1
148.691,38,148688876195,2469000,1
148.701,35,148698930213,2496006,0
148.707,35,148704289225,2469000,1
148.714,35,148711802237,2496006,0
148.735,35,148732004285,2496006,0
148.745,35,148742105309,2469000,1
148.775,33,148772665375,2469000,1
148.79,38,148787783405,2469000,1
148.793,35,148790250405,2469000,1
148.882,35,148879233609,2496006,0
148.902,35,148899435657,2469000,1
148.955,35,148952729777,2496006,0
148.963,35,148960611795,2469000,1
148.998,34,148995922873,2469000,1
149.001,35,148998398873,2469000,1
149.003,33,149000865873,2469000,1
149.029,35,149026370927,2469000,1
149.12,35,149117895137,2469000,1
149.189,37,149186336293,2469000,1
149.25,35,149247226431,2469000,1
149.308,33,149305566563,2469000,1
149.494,33,149491148995,2496006,0
149.511,33,149508819037,2469000,1
149.529,33,149526764073,2469000,1
149.567,38,149564589157,2469000,1
149.572,33,149569901163,2469000,1
149.575,38,149572368163,2469000,1
149.61,39,149607679241,2496006,0
149.613,39,149610202247,2469000,1
149.62,39,149617715259,2469000,1
149.623,39,149620184259,2496006,0
149.643,39,149640690307,2496006,0
149.646,39,149643213313,2469000,1
149.648,36,149645689313,2469000,1
149.694,39,149691396415,2496006,0
149.719,39,149716671475,2469000,1
149.729,39,149726707493,2496006,0
149.757,39,149754809559,2469000,1
149.76,39,149757278559,2469000,1
149.767,39,149764800571,2469000,1
149.778,36,149775158589,2469000,1
149.78,36,149777627589,2496006,0
149.8,38,149797838637,2469000,1
149.805,33,149802837643,2469000,1
149.808,36,149805304643,2469000,1
149.815,38,149812817655,2496006,0
149.82,38,149817872667,2496006,0
149.825,32,149822918679,2469000,1
149.836,32,149833267697,2496006,0
149.843,36,149840836715,2496006,0
149.851,38,149848405733,2469000,1
149.866,36,149863496763,2469000,1
149.866,32,149863496763,2469000,1
149.879,38,149876404787,2469000,1
149.886,32,149883917799,2469000,1
149.891,36,149888916805,2469000,1
149.906,36,149904025835,2469000,1
149.909,39,149906510835,2469000,1
149.927,33,149924133871,2496006,0
149.929,38,149926656877,2496006,0
149.937,33,149934538895,2469000,1
149.952,33,149949517913,2469000,1
149.957,38,149954507919,2469000,1
149.985,32,149982499973,2469000,1
149.99,38,149987489979,2469000,1
149.998,33,149995011991,2496006,0
150.013,33,150010159027,2469000,1
150.018,32,150015149033,2496006,0
150.025,32,150022736051,2496006,0
150.03,32,150027782063,2469000,1
150.033,32,150030251063,2496006,0
150.035,35,150032774069,2469000,1
150.048,32,150045646099,2496006,0
150.066,32,150063325141,2469000,1
150.078,33,150075902165,2469000,1
150.091,32,150088801189,2469000,1
150.106,39,150103892219,2469000,1
150.109,38,150106368219,2496006,0
150.116,36,150113937237,2496006,0
150.121,36,150118983249,2469000,1
150.124,38,150121459249,2496006,0
150.129,38,150126505261,2469000,1
150.147,36,150144376291,2496006,0
150.152,33,150149422303,2469000,1
150.157,38,150154421309,2469000,1
150.164,36,150161943321,2469000,1
150.167,38,150164410321,2469000,1
150.203,36,150200043399,2469000,1
150.21,37,150207565411,2496006,0
150.213,32,150210097417,2496006,0
150.218,38,150215143429,2469000,1
150.233,37,150230225459,2496006,0
150.238,32,150235289471,2469000,1
150.253,37,150250693501,2496006,0
150.261,37,150258271519,2469000,1
150.266,32,150263261525,2469000,1
150.283,33,150280884561,2469000,1
150.301,37,150298847597,2469000,1
150.319,36,150316461633,2496006,0
150.344,36,150341736693,2469000,1
150.357,36,150354608723,2496006,0
150.362,32,150359663735,2469000,1
150.365,37,150362130735,2469000,1
150.365,36,150362130735,2469000,1
150.372,36,150369643747,2469000,1
150.461,36,150458644951,2469000,1
150.491,38,150488892017,2469000,1
150.545,39,150542195143,2469000,1
150.55,32,150547507149,2469000,1
150.575,32,150572708203,2469000,1
150.596,37,150593167245,2469000,1
150.651,33,150648671371,2469000,1
150.651,32,150648671371,2469000,1
150.702,37,150699746491,2496006,0
150.71,36,150707324509,2469000,1
150.735,37,150732507563,2496006,0
150.745,37,150742617587,2496006,0
150.771,37,150768178647,2469000,1
150.829,37,150826545779,2496006,0
150.832,33,150829077785,2469000,1
150.847,37,150844177815,2469000,1
150.87,37,150867159863,2469000,1
150.875,39,150872158869,2469000,1
150.936,38,150933040007,2469000,1
150.936,37,150933040007,2469000,1
150.979,37,150976233103,2469000,1
150.986,34,150983755115,2469000,1
150.991,36,150988754121,2469000,1
150.999,34,150996276133,2469000,1
151.047,34,151044524241,2469000,1
151.105,37,151102873373,2496006,0
151.108,37,151105709379,2469000,1
151.167,34,151164049511,2469000,1
151.172,37,151169048517,2469000,1
151.227,35,151224874643,2469000,1
151.24,37,151237460667,2469000,1
151.316,36,151313792841,2496006,0
151.339,36,151336526895,2469000,1
151.352,34,151349094919,2469000,1
151.359,36,151356616931,2469000,1
151.435,36,151432967105,2496006,0
151.451,36,151448114141,2469000,1
151.463,36,151460682165,2496006,0
151.479,37,151476133201,2469000,1
151.489,36,151486187219,2469000,1
151.494,36,151491186225,2469000,1
151.567,36,151564709393,2469000,1
151.593,36,151590223447,2469000,1
151.738,34,151735079783,2469000,1
151.758,37,151755225825,2469000,1
151.842,38,151839145017,2469000,1
151.847,38,151844153023,2469000,1
151.862,38,151859244053,2469000,1
151.885,38,151882226101,2469000,1
152.001,38,151998989371,2469000,1
152.035,36,152032090443,2469000,1
152.111,38,152108118617,2469000,1
152.197,38,152194560815,2496006,0
152.205,38,152202129833,2469000,1
152.23,33,152227330887,2469000,1
152.232,37,152229797887,2469000,1
152.248,38,152245210923,2469000,1
152.304,39,152301046049,2469000,1
152.316,38,152313614073,2496006,0
152.324,39,152321183091,2496006,0
152.331,38,152328752109,2469000,1
152.342,39,152339110127,2496006,0
152.349,39,152346679145,2469000,1
152.359,38,152356724163,2469000,1
152.369,39,152366778181,2469000,1
152.405,32,152402393259,2496006,0
152.428,32,152425127313,2496006,0
152.433,39,152430182325,2469000,1
152.438,32,152435485331,2469000,1
152.463,32,152460686385,2469000,1
152.468,38,152465676391,2469000,1
152.509,34,152506355481,2496006,0
152.534,34,152531621541,2469000,1
152.549,34,152547025571,2469000,1
152.552,32,152549492571,2469000,1
152.608,34,152605336697,2469000,1
152.651,39,152648529793,2469000,1
152.653,32,152650996793,2469000,1
152.676,38,152673683841,2469000,1
152.808,39,152805898147,2496006,0
152.829,34,152826100195,2469000,1
152.841,39,152838668219,2496006,0
152.852,39,152849073243,2469000,1
152.859,39,152856595255,2469000,1
152.872,39,152869172279,2469000,1
152.874,38,152871639279,2469000,1
152.986,36,152983365537,2469000,1
152.991,32,152988355543,2496006,0
153.009,32,153006347585,2469000,1
153.026,39,153023961621,2496006,0
153.037,39,153034062645,2469000,1
153.047,32,153044098663,2469000,1
153.077,39,153074685729,2469000,1
153.107,39,153104932795,2469000,1
153.153,32,153150666903,2469000,1
153.174,32,153171134951,2469000,1
153.217,35,153214310047,2496006,0
153.227,35,153224420071,2469000,1
153.239,39,153236988095,2469000,1
153.255,35,153252079125,2496006,0
153.28,35,153277649185,2469000,1
153.313,34,153310437257,2469000,1
153.328,33,153325850293,2469000,1
153.328,35,153325850293,2469000,1
153.348,33,153346005335,2469000,1
153.407,33,153404354467,2496006,0
153.435,33,153432438533,2469000,1
153.442,35,153439969545,2469000,1
153.481,35,153478107629,2469000,1
153.488,33,153485629641,2469000,1
153.488,35,153485629641,2469000,1
153.493,33,153490637647,2469000,1
153.518,37,153515829701,2496006,0
153.524,35,153521188713,2469000,1
153.546,37,153543857761,2469000,1
153.551,38,153548856767,2469000,1
153.551,32,153548856767,2469000,1
153.569,37,153566801803,2469000,1
153.681,37,153678510061,2469000,1
153.721,39,153718876151,2469000,1
153.739,33,153736812193,2469000,1
153.785,38,153782528295,2469000,1
153.785,33,153782528295,2469000,1
153.909,37,153906860583,2469000,1
153.955,32,153952576685,2469000,1
154.181,37,154178894213,2469000,1
154.204,34,154201563261,2496006,0
154.214,34,154211664285,2469000,1
154.26,34,154257389387,2469000,1
154.29,34,154287958453,2469000,1
154.339,36,154336206561,2469000,1
154.384,33,154381922663,2496006,0
154.415,33,154412225735,2469000,1
154.425,33,154422279753,2469000,1
154.481,33,154478105879,2469000,1
154.519,34,154516252963,2469000,1
154.531,37,154528811987,2496006,0
154.544,37,154541758017,2469000,1
154.549,37,154546748023,2469000,1
154.552,37,154549224023,2469000,1
154.559,38,154556746035,2469000,1
154.569,34,154566791053,2469000,1
154.582,33,154579359077,2469000,1
154.584,38,154581826077,2496006,0
154.602,38,154599818119,2469000,1
154.658,38,154655653245,2469000,1
154.701,39,154698846341,2496006,0
154.704,39,154701369347,2469000,1
154.76,39,154757195473,2469000,1
154.767,38,154764717485,2469000,1
154.782,38,154779799515,2496006,0
154.787,37,154784863527,2469000,1
154.79,38,154787330527,2469000,1
154.8,39,154797688545,2469000,1
154.823,38,154820366593,2496006,0
154.838,33,154835504629,2496006,0
154.84,38,154838027635,2469000,1
154.866,33,154863532689,2469000,1
154.876,38,154873595707,2469000,1
154.907,33,154904164773,2469000,1
154.917,39,154914218791,2469000,1
154.952,33,154949529869,2469000,1
154.978,38,154975052929,2469000,1
155.064,32,155061495127,2469000,1
155.089,37,155086696181,2469000,1
155.089,38,155086696181,2469000,1
155.155,33,155152623331,2469000,1
155.313,34,155310416703,2469000,1
155.325,35,155322993727,2469000,1
155.336,39,155333038745,2496006,0
155.338,39,155335561751,2469000,1
155.348,39,155345606769,2469000,1
155.353,38,155350596775,2469000,1
155.386,37,155383697847,2469000,1
155.409,34,155406679895,2469000,1
155.47,39,155467570033,2469000,1
155.638,33,155635151423,2469000,1
155.643,39,155640150429,2469000,1
155.899,39,155896762029,2469000,1
155.914,35,155911862059,2496006,0
155.93,35,155927313095,2469000,1
155.937,35,155934835107,2496006,0
155.955,35,155952505149,2496006,0
155.988,35,155985644227,2469000,1
155.998,35,155995698245,2469000,1
156.013,35,156010798275,2469000,1
156.039,38,156036339329,2469000,1
156.153,35,156150570593,2469000,1
156.158,36,156155560599,2496006,0
156.176,36,156173230641,2469000,1
156.178,36,156175699641,2469000,1
156.249,35,156247003803,2496006,0
156.27,35,156267187851,2496006,0
156.275,32,156272233863,2496006,0
156.282,35,156279802881,2496006,0
156.29,36,156287684899,2469000,1
156.295,32,156292674905,2496006,0
156.3,32,156297720917,2469000,1
156.303,35,156300196917,2469000,1
156.308,32,156305186923,2469000,1
156.315,32,156312708935,2469000,1
156.343,35,156340745995,2496006,0
156.356,33,156353370025,2469000,1
156.361,35,156358360031,2469000,1
156.381,35,156378551073,2496006,0
156.404,35,156401598127,2469000,1
156.427,36,156424267175,2469000,1
156.429,35,156426752175,2469000,1
156.47,39,156467422271,2496006,0
156.472,39,156469945277,2469000,1
156.526,39,156523230397,2469000,1
156.544,35,156541175433,2469000,1
156.551,32,156548697445,2469000,1
156.576,39,156573907499,2469000,1
156.638,35,156635101637,2469000,1
156.68,37,156677981733,2469000,1
156.69,34,156688017751,2469000,1
156.693,34,156690486751,2496006,0
156.698,34,156695845763,2496006,0
156.713,34,156710992799,2469000,1
156.721,35,156718514811,2496006,0
156.734,35,156731129841,2469000,1
156.739,32,156736441847,2496006,0
156.741,35,156738964853,2469000,1
156.749,32,156746477865,2469000,1
156.751,34,156748944865,2469000,1
156.751,32,156748946865,2469000,1
156.764,39,156761523889,2469000,1
156.84,32,156837597063,2469000,1
156.845,34,156842900075,2469000,1
156.86,35,156857991105,2469000,1
156.891,36,156888256171,2469000,1
156.924,38,156921348243,2469000,1
156.941,32,156938962279,2469000,1
156.975,32,156972063357,2469000,1
156.997,36,156994741405,2469000,1
157.02,34,157017723453,2469000,1
157.03,34,157027768471,2496006,0
157.053,34,157050815525,2469000,1
157.068,34,157065906555,2496006,0
157.081,34,157078521585,2469000,1
157.083,34,157080990585,2496006,0
157.086,35,157083513591,2469000,1
157.101,34,157098613621,2469000,1
157.116,34,157114017657,2469000,1
157.124,39,157121548669,2496006,0
157.15,39,157147109729,2469000,1
157.187,39,157184961813,2469000,1
157.208,34,157205429855,2496006,0
157.218,39,157215521879,2469000,1
157.238,34,157235676921,2469000,1
157.241,34,157238152921,2469000,1
157.291,34,157288933035,2469000,1
157.327,39,157324548113,2469000,1
157.368,33,157365218203,2469000,1
157.436,34,157433668359,2469000,1
157.454,35,157451300395,2469000,1
157.464,39,157461658419,2469000,1
157.487,39,157484336467,2469000,1
157.69,35,157687579941,2496006,0
157.71,35,157707781989,2496006,0
157.733,35,157730820043,2496006,0
157.743,35,157740912067,2469000,1
157.784,35,157781591157,2469000,1
157.817,34,157814397229,2469000,1
157.845,35,157842434289,2469000,1
157.857,32,157854993313,2469000,1
157.949,35,157946499523,2496006,0
157.967,35,157964169565,2496006,0
157.997,35,157994785637,2469000,1
158.035,35,158032923721,2496006,0
158.051,35,158048079757,2469000,1
158.056,34,158053087763,2469000,1
158.066,35,158063123781,2496006,0
158.068,35,158065646787,2469000,1
158.119,35,158116417907,2469000,1
158.198,32,158195300087,2496006,0
158.218,35,158215502135,2469000,1
158.22,32,158217978135,2469000,1
158.279,32,158276631267,2469000,1
158.282,38,158279107267,2496006,0
158.289,32,158286685285,2469000,1
158.294,38,158291675291,2469000,1
158.307,38,158304252315,2469000,1
158.322,38,158319352345,2469000,1
158.337,32,158334765375,2469000,1
158.375,38,158372599459,2469000,1
158.426,32,158423379579,2469000,1
158.459,35,158456462651,2469000,1
158.5,39,158497141741,2469000,1
158.665,37,158662200125,2469000,1
158.68,38,158677291155,2469000,1
158.693,37,158690181179,2469000,1
158.705,37,158702758203,2469000,1
158.71,32,158707757209,2469000,1
158.781,37,158778730371,2469000,1
158.799,36,158796666407,2469000,1
158.824,35,158821867461,2496006,0
158.839,35,158837014497,2469000,1
158.87,35,158867574563,2496006,0
158.898,35,158895667629,2469000,1
158.901,35,158898136629,2469000,1
158.982,38,158979237815,2469000,1
158.987,35,158984236821,2469000,1
158.992,37,158989548827,2469000,1
159.032,35,159029896917,2469000,1
159.091,37,159088246049,2469000,1
159.246,36,159243212415,2469000,1
159.261,36,159258616445,2469000,1
159.269,33,159266138457,2469000,1
159.269,36,159266138457,2469000,1
159.289,33,159286284499,2469000,1
159.307,33,159304220535,2469000,1
159.329,35,159326898583,2469000,1
159.36,36,159357467649,2469000,1
159.375,33,159372567679,2469000,1
159.426,37,159423338793,2469000,1
159.603,36,159601030207,2469000,1
159.603,33,159601030207,2469000,1
159.624,33,159621489255,2496006,0
159.642,36,159639159297,2496006,0
159.657,33,159654306333,2496006,0
159.675,33,159672280375,2469000,1
159.677,36,159674756375,2469000,1
159.682,33,159679755381,2469000,1
159.715,36,159712865453,2469000,1
159.746,33,159743130519,2469000,1
159.776,36,159773690585,2496006,0
159.809,36,159806516663,2469000,1
159.812,34,159809296669,2496006,0
159.822,34,159819397693,2469000,1
159.86,35,159857222777,2469000,1
159.867,36,159864753789,2469000,1
159.867,34,159864753789,2469000,1
159.893,33,159890258849,2469000,1
159.936,39,159933469945,2469000,1
159.946,32,159943505963,2496006,0
159.951,39,159948551975,2469000,1
159.964,36,159961128999,2469000,1
159.974,34,159971496017,2469000,1
159.974,32,159971496017,2469000,1
159.981,39,159979018029,2469000,1
159.999,32,159996641065,2469000,1
160.03,32,160027201131,2496006,0
160.037,32,160034788149,2469000,1
160.065,34,160062512209,2469000,1
160.083,36,160080448245,2469000,1
160.095,39,160093016269,2469000,1
160.095,32,160093016269,2469000,1
160.103,38,160100538281,2469000,1
160.103,32,160100538281,2469000,1
160.105,33,160103005281,2469000,1
160.11,33,160107995287,2469000,1
160.149,39,160146142371,2496006,0
160.154,39,160151188383,2469000,1
160.164,34,160161242401,2469000,1
160.199,39,160196857479,2496006,0
160.23,39,160227473551,2469000,1
160.235,39,160232481557,2469000,1
160.27,39,160267783635,2469000,1
160.288,34,160285728671,2496006,0
160.321,34,160318554749,2469000,1
160.339,32,160336490791,2469000,1
160.352,34,160349067815,2469000,1
160.359,32,160356589827,2469000,1
160.438,34,160435463007,2496006,0
160.456,34,160453142049,2469000,1
160.471,39,160468242079,2469000,1
160.489,34,160486178115,2469000,1
160.532,36,160529371211,2496006,0
160.539,36,160536940229,2496006,0
160.565,36,160562188289,2469000,1
160.59,32,160587702343,2469000,1
160.615,34,160612903397,2469000,1
160.62,36,160617911403,2469000,1
160.671,36,160668691517,2469000,1
160.763,32,160760179727,2496006,0
160.768,39,160765225739,2496006,0
160.77,32,160767748745,2469000,1
160.785,39,160782839775,2496006,0
160.806,34,160803354823,2469000,1
160.806,36,160803354823,2469000,1
160.811,39,160808353829,2469000,1
160.823,32,160820921853,2469000,1
160.846,39,160843903901,2469000,1
160.851,33,160848902907,2496006,0
160.856,33,160853966919,2469000,1
160.872,32,160869057949,2496006,0
160.902,32,160899683021,2469000,1
160.91,33,160907205033,2469000,1
160.915,36,160912204039,2469000,1
160.925,37,160922249057,2469000,1
160.927,36,160924716057,2469000,1
160.955,32,160952762117,2496006,0
160.965,39,160962872141,2469000,1
160.97,32,160967862147,2469000,1
160.973,32,160970331147,2469000,1
160.975,33,160972798147,2496006,0
160.993,33,160990468189,2496006,0
161.011,33,161008460231,2469000,1
161.041,39,161039020297,2469000,1
161.044,32,161041487297,2496006,0
161.047,32,161044010303,2496006,0
161.064,33,161061680345,2469000,1
161.069,32,161066688351,2496006,0
161.089,32,161086899399,2469000,1
161.117,33,161114936459,2469000,1
161.133,34,161130045489,2496006,0
161.138,32,161135091501,2469000,1
161.156,39,161153045537,2469000,1
161.161,34,161158035543,2469000,1
161.163,35,161160502543,2469000,1
161.198,34,161195795621,2496006,0
161.224,34,161221374681,2496006,0
161.231,32,161228943699,2469000,1
161.239,34,161236465711,2469000,1
161.259,34,161256933753,2469000,1
161.295,32,161292244831,2469000,1
161.345,33,161343024945,2469000,1
161.366,34,161363483993,2469000,1
161.409,34,161406686089,2469000,1
161.417,32,161414199101,2496006,0
161.419,32,161416722107,2469000,1
161.424,32,161421721113,2469000,1
161.536,32,161533429371,2469000,1
161.587,32,161584200485,2496006,0
161.615,32,161612284551,2469000,1
161.64,32,161637494605,2469000,1
161.65,34,161647539623,2469000,1
161.686,39,161683163701,2469000,1
161.688,33,161685630701,2469000,1
161.698,32,161695684719,2469000,1
161.769,38,161766970881,2469000,1
161.797,38,161794703941,2469000,1
161.815,36,161812639977,2496006,0
161.828,36,161825255007,2469000,1
161.84,38,161837832031,2469000,1
161.863,32,161860814079,2496006,0
161.876,32,161873438109,2469000,1
161.886,32,161883483127,2496006,0
161.891,36,161888529139,2469000,1
161.904,32,161901106163,2469000,1
161.904,36,161901106163,2469000,1
161.911,34,161908619175,2469000,1
161.957,32,161954344277,2496006,0
161.97,32,161967272307,2496006,0
161.972,38,161969795313,2469000,1
161.977,32,161974794319,2496006,0
161.992,32,161989932355,2496006,0
162.015,32,162012666409,2496006,0
162.038,32,162035695463,2469000,1
162.066,36,162063768523,2496006,0
162.071,32,162068814535,2469000,1
162.074,36,162071281535,2469000,1
162.099,36,162096491589,2469000,1
162.152,36,162149812709,2469000,1
162.178,38,162175317763,2496006,0
162.18,32,162177840769,2469000,1
162.203,38,162200509817,2469000,1
162.223,33,162220977859,2469000,1
162.226,32,162223444859,2469000,1
162.249,38,162246122907,2496006,0
162.266,38,162263801949,2469000,1
162.269,36,162266581955,2496006,0
162.292,36,162289298009,2469000,1
162.314,36,162311976057,2496006,0
162.322,36,162319554075,2469000,1
162.335,38,162332426099,2496006,0
162.34,36,162337481111,2496006,0
162.353,38,162350096141,2469000,1
162.368,36,162365214171,2469000,1
162.381,38,162378086201,2469000,1
162.386,36,162383076207,2496006,0
162.396,35,162393186231,2469000,1
162.406,36,162403231249,2496006,0
162.408,35,162405754255,2469000,1
162.411,38,162408221255,2469000,1
162.423,36,162420789279,2469000,1
162.446,35,162443807327,2469000,1
162.477,36,162474376393,2469000,1
162.522,37,162519797495,2469000,1
162.525,35,162522264495,2469000,1
162.527,37,162524740495,2469000,1
162.53,32,162527207495,2469000,1
162.532,36,162529987501,2469000,1
162.548,35,162545078531,2469000,1
162.57,37,162567765579,2469000,1
162.581,37,162578123597,2469000,1
162.591,38,162588177615,2469000,1
162.608,35,162605800651,2469000,1
162.651,36,162648760729,2496006,0
162.659,36,162656329747,2496006,0
162.664,39,162661375759,2469000,1
162.669,36,162666365765,2469000,1
162.687,36,162684301801,2469000,1
162.694,36,162691841813,2469000,1
162.719,38,162716977861,2496006,0
162.743,36,162740024915,2496006,0
162.745,38,162742556921,2469000,1
162.758,36,162755115945,2496006,0
162.773,36,162770262981,2469000,1
162.778,36,162775261987,2469000,1
162.801,38,162798244041,2469000,1
162.806,34,162803252047,2496006,0
162.826,37,162823436095,2496006,0
162.834,37,162831014113,2496006,0
162.839,34,162836373125,2469000,1
162.846,37,162843886137,2469000,1
162.849,38,162846371137,2469000,1
162.851,36,162848847137,2469000,1
162.854,37,162851314137,2469000,1
162.889,36,162886920215,2469000,1
162.899,34,162896974233,2469000,1
162.92,32,162917147275,2469000,1
162.935,37,162932247305,2469000,1
162.937,35,162934714305,2469000,1
162.965,38,162962751365,2469000,1
162.973,34,162970273377,2496006,0
162.988,34,162985733413,2496006,0
163.006,34,163003403455,2496006,0
163.016,34,163013495479,2469000,1
163.023,36,163021026491,2469000,1
163.074,34,163071676593,2469000,1
163.077,38,163074143593,2496006,0
163.095,34,163092135635,2496006,0
163.097,38,163094658641,2496006,0
163.112,38,163109796677,2469000,1
163.112,37,163109796677,2469000,1
163.115,34,163112263677,2469000,1
163.148,34,163145364749,2469000,1
163.171,38,163168051797,2469000,1
163.252,38,163249474983,2469000,1
163.254,34,163251941983,2469000,1
163.259,38,163256940989,2469000,1
163.293,37,163290033061,2469000,1
163.442,34,163439622409,2496006,0
163.455,34,163452559439,2469000,1
163.463,34,163460081451,2469000,1
163.498,35,163495696529,2469000,1
163.544,38,163541117631,2469000,1
163.562,39,163559044667,2496006,0
163.572,34,163569145691,2469000,1
163.579,39,163576658703,2496006,0
163.589,39,163586750727,2469000,1
163.622,39,163619851799,2469000,1
163.632,38,163629905817,2469000,1
163.658,39,163655419871,2469000,1
163.67,39,163667996895,2469000,1
163.736,36,163733924045,2496006,0
163.739,34,163736447051,2469000,1
163.757,36,163754070087,2469000,1
163.762,35,163759382099,2469000,1
163.779,35,163777005135,2469000,1
163.82,36,163817666225,2496006,0
163.823,35,163820189231,2496006,0
163.825,37,163822712237,2469000,1
163.848,35,163845381285,2496006,0
163.853,36,163850427297,2469000,1
163.878,35,163875941351,2469000,1
163.886,35,163883463363,2496006,0
163.894,35,163891032381,2469000,1
163.909,36,163906436411,2469000,1
163.937,35,163934196471,2469000,1
164.013,39,164010546645,2469000,1
164.026,36,164023114669,2469000,1
164.031,34,164028122675,2469000,1
164.048,38,164045745711,2469000,1
164.053,35,164050744717,2469000,1
164.091,33,164088873801,2496006,0
164.104,33,164101497831,2469000,1
164.106,36,164103964831,2469000,1
164.15,33,164147166927,2469000,1
164.185,37,164182791005,2469000,1
164.195,35,164192836023,2496006,0
164.2,33,164197882035,2469000,1
164.208,35,164205395047,2496006,0
164.21,36,164207918053,2469000,1
164.221,35,164218285071,2469000,1
164.231,35,164228321089,2469000,1
164.243,35,164240898113,2469000,1
164.269,39,164266099167,2469000,1
164.289,33,164286567215,2469000,1
164.335,35,164332301317,2469000,1
164.368,32,164365080389,2469000,1
164.561,38,164558231839,2496006,0
164.571,38,164568323863,2496006,0
164.581,38,164578728887,2496006,0
164.604,38,164601453941,2469000,1
164.604,33,164601453941,2469000,1
164.635,38,164632032007,2469000,1
164.726,38,164723547217,2469000,1
164.774,38,164771473325,2496006,0
164.779,38,164776519337,2496006,0
164.787,35,164784401355,2469000,1
164.802,39,164799501385,2496006,0
164.81,38,164807070403,2469000,1
164.835,39,164832584457,2469000,1
164.845,39,164842620475,2496006,0
164.863,39,164860290517,2469000,1
164.865,38,164862766517,2496006,0
164.891,38,164888345577,2496006,0
164.901,34,164898446601,2469000,1
164.913,39,164911014625,2469000,1
164.918,38,164916013631,2469000,1
164.941,38,164939013679,2469000,1
164.944,38,164941482679,2469000,1
165.03,39,165027629877,2469000,1
165.056,39,165053161937,2469000,1
165.091,38,165088768015,2469000,1
165.16,36,165157218171,2496006,0
165.182,36,165179943225,2469000,1
165.236,35,165233237345,2496006,0
165.239,36,165236073351,2469000,1
165.239,35,165236073351,2469000,1
165.251,34,165248650375,2469000,1
165.254,33,165251126375,2469000,1
165.264,35,165261162393,2496006,0
165.284,35,165281355441,2496006,0
165.289,36,165286401453,2496006,0
165.299,35,165296806477,2469000,1
165.319,36,165316961519,2469000,1
165.34,35,165337429561,2469000,1
165.34,36,165337429561,2469000,1
165.37,35,165367694627,2496006,0
165.393,35,165390437681,2469000,1
165.426,35,165423520753,2496006,0
165.439,35,165436135783,2496006,0
165.459,36,165456659831,2469000,1
165.464,39,165461658837,2469000,1
165.469,35,165466648843,2469000,1
165.494,32,165491849897,2469000,1
165.497,35,165494316897,2496006,0
165.499,32,165496839903,2469000,1
165.507,35,165504674921,2469000,1
165.515,37,165512196933,2496006,0
165.522,38,165519765951,2469000,1
165.527,37,165524755957,2496006,0
165.53,32,165527287963,2469000,1
165.535,37,165532277969,2496006,0
165.55,37,165547729005,2496006,0
165.553,37,165550252011,2469000,1
165.555,35,165552728011,2469000,1
165.575,35,165572874053,2496006,0
165.58,35,165577920065,2469000,1
165.588,36,165585433077,2469000,1
165.6,37,165598019101,2469000,1
165.603,35,165600799107,2469000,1
165.608,37,165605807113,2469000,1
165.636,32,165633549173,2496006,0
165.641,32,165638604185,2469000,1
165.662,32,165659072227,2496006,0
165.669,35,165666641245,2469000,1
165.669,32,165666641245,2469000,1
165.682,37,165679209269,2469000,1
165.71,32,165707255329,2469000,1
165.712,32,165709724329,2469000,1
165.722,32,165719778347,2469000,1
165.745,36,165742465395,2496006,0
165.763,35,165760439437,2496006,0
165.781,36,165778109479,2496006,0
165.788,35,165785678497,2469000,1
165.796,36,165793200509,2469000,1
165.814,36,165811145545,2469000,1
165.831,35,165828768581,2469000,1
165.834,36,165831244581,2496006,0
165.854,34,165851759629,2469000,1
165.859,35,165856749635,2496006,0
165.864,35,165861795647,2469000,1
165.867,36,165864262647,2469000,1
165.884,34,165881894683,2496006,0
165.889,34,165886940695,2469000,1
165.892,34,165889409695,2469000,1
165.907,35,165904509725,2469000,1
165.92,35,165917399755,2469000,1
165.922,36,165919884755,2469000,1
165.942,37,165940021797,2469000,1
165.965,32,165963021845,2469000,1
165.968,36,165965488845,2496006,0
165.986,36,165983167887,2496006,0
166.001,36,165998314923,2469000,1
166.006,34,166003313929,2469000,1
166.031,36,166028762977,2469000,1
166.036,35,166033698977,2469000,1
166.069,36,166066735043,2496006,0
166.089,36,166086955091,2469000,1
166.13,36,166127578175,2469000,1
166.14,36,166137632193,2469000,1
166.153,35,166150218217,2469000,1
166.161,36,166158044229,2469000,1
166.214,34,166211016349,2496006,0
166.224,34,166221430373,2469000,1
166.267,34,166264623469,2469000,1
166.295,38,166292347529,2469000,1
166.318,34,166315034577,2496006,0
166.341,34,166338081631,2469000,1
166.371,39,166368632697,2496006,0
166.374,39,166371155703,2469000,1
166.396,34,166393824751,2469000,1
166.409,37,166406410775,2469000,1
166.419,39,166416464793,2469000,1
166.424,34,166421776805,2469000,1
166.452,39,166449491865,2469000,1
166.485,35,166482601937,2469000,1
166.5,34,166497692967,2496006,0
166.52,34,166517895015,2469000,1
166.528,36,166525730027,2469000,1
166.579,34,166576492141,2496006,0
166.589,34,166586602165,2469000,1
166.589,39,166586602165,2469000,1
166.609,34,166606739207,2469000,1
166.612,34,166609208207,2469000,1
166.614,39,166611684207,2469000,1
166.67,37,166667510333,2496006,0
166.678,37,166675410351,2469000,1
166.683,33,166680400357,2469000,1
166.706,35,166703069405,2469000,1
166.713,37,166710591417,2469000,1
166.723,34,166720645435,2469000,1
166.749,38,166746150489,2496006,0
166.759,38,166756269513,2469000,1
166.769,37,166766305531,2469000,1
166.769,38,166766305531,2469000,1
166.774,32,166771608537,2496006,0
166.779,34,166776654549,2469000,1
166.797,32,166794277585,2469000,1
166.799,32,166796746585,2469000,1
166.804,37,166801736591,2496006,0
166.809,37,166806782603,2469000,1
166.827,38,166824414639,2469000,1
166.827,37,166824414639,2469000,1
166.878,38,166875516753,2469000,1
166.908,32,166905781819,2469000,1
166.936,37,166933818879,2469000,1
166.941,32,166938808885,2496006,0
166.951,32,166948909909,2469000,1
166.987,32,166984515987,2469000,1
166.992,37,166989523993,2469000,1
167.007,37,167004505011,2496006,0
167.03,37,167027127053,2469000,1
167.073,37,167070311149,2496006,0
167.081,37,167078225003,2469000,1
167.081,38,167078225003,2469000,1
167.091,36,167088279021,2496006,0
167.096,36,167093334033,2469000,1
167.111,32,167108360057,2496006,0
167.113,37,167110883063,2469000,1
167.133,32,167131029105,2469000,1
167.141,36,167138855117,2496006,0
167.149,39,167146433135,2469000,1
167.159,36,167156469153,2469000,1
167.161,36,167158945153,2496006,0
167.179,32,167176624195,2496006,0
167.184,36,167182001207,2469000,1
167.192,32,167189458213,2469000,1
167.199,34,167196989225,2469000,1
167.217,37,167214603261,2496006,0
167.225,37,167222172279,2469000,1
167.237,32,167234758303,2469000,1
167.248,36,167245116321,2496006,0
167.265,37,167262795363,2496006,0
167.268,36,167265318369,2496006,0
167.27,37,167267841375,2469000,1
167.303,36,167300684423,2469000,1
167.328,36,167325894477,2469000,1
167.331,37,167328361477,2469000,1
167.338,32,167335874489,2496006,0
167.346,32,167343774507,2469000,1
167.371,32,167368955555,2496006,0
167.389,32,167386891591,2469000,1
167.402,36,167399468615,2469000,1
167.422,32,167419623657,2496006,0
167.425,37,167422146663,2469000,1
167.44,32,167437246693,2496006,0
167.458,32,167455182729,2469000,1
167.468,36,167465227747,2469000,1
167.478,37,167475272765,2469000,1
167.48,38,167477739765,2469000,1
167.491,32,167488106783,2469000,1
167.503,33,167500674807,2496006,0
167.513,33,167510784831,2469000,1
167.566,33,167563632903,2469000,1
167.581,32,167578667927,2496006,0
167.586,32,167583722939,2496006,0
167.597,32,167594127963,2496006,0
167.617,33,167614330011,2469000,1
167.624,32,167621852023,2469000,1
167.642,32,167639428053,2469000,1
167.751,32,167748353275,2469000,1
167.819,33,167816845413,2469000,1
167.868,36,167865111521,2469000,1
167.903,33,167900661593,2469000,1
167.918,37,167915770623,2469000,1
167.997,32,167994200791,2469000,1
168.045,33,168042439899,2469000,1
168.081,35,168078063977,2496006,0
168.106,35,168103625037,2469000,1
168.111,35,168108615043,2496006,0
168.116,35,168113661055,2469000,1
168.136,35,168133807097,2469000,1
168.185,35,168182073205,2469000,1
168.228,38,168225257301,2469000,1
168.245,34,168242889337,2496006,0
168.276,34,168273505409,2469000,1
168.291,32,168288596439,2469000,1
168.294,34,168291063439,2496006,0
168.299,34,168296109451,2469000,1
168.329,39,168326678517,2469000,1
168.332,34,168329154517,2496006,0
168.349,34,168346833559,2469000,1
168.367,34,168364770003,2469000,1
168.413,37,168410495105,2469000,1
168.413,34,168410495105,2469000,1
168.415,35,168412980105,2469000,1
168.502,35,168499118303,2469000,1
168.586,34,168583037495,2469000,1
168.616,36,168613284561,2469000,1
168.709,35,168706944777,2469000,1
168.847,34,168844223095,2469000,1
168.989,32,168986556425,2469000,1
169.248,36,169245700031,2469000,1
169.329,39,169326414211,2469000,1
169.359,39,169356965277,2496006,0
169.385,39,169382213337,2469000,1
169.398,39,169395112361,2469000,1
169.413,38,169410203391,2496006,0
169.415,38,169412726397,2469000,1
169.466,38,169463376505,2469000,1
169.494,39,169491422565,2469000,1
169.547,38,169544734685,2469000,1
169.575,37,169572458745,2496006,0
169.577,37,169574981751,2469000,1
169.628,37,169625734865,2496006,0
169.644,37,169641203901,2469000,1
169.651,39,169648734913,2469000,1
169.681,34,169678990979,2469000,1
169.702,37,169699450021,2469000,1
169.742,38,169739825111,2469000,1
169.742,39,169739825111,2469000,1
169.793,37,169790587231,2469000,1
169.829,37,169826211309,2496006,0
169.844,37,169841358345,2469000,1
169.874,37,169871909417,2469000,1
169.879,37,169876917423,2469000,1
170.017,33,170014195741,2496006,0
170.042,33,170039443801,2469000,1
170.044,33,170041919801,2469000,1
170.065,33,170062387843,2469000,1
170.105,37,170102753933,2469000,1
170.136,33,170133313999,2469000,1
170.146,38,170143368017,2469000,1
170.301,38,170298325377,2469000,1
170.308,34,170305847389,2469000,1
170.314,33,170311150395,2469000,1
170.346,37,170343929467,2469000,1
170.367,34,170364388509,2469000,1
170.377,34,170374442527,2469000,1
170.384,39,170381973539,2469000,1
170.392,35,170389486551,2469000,1
170.43,34,170427624635,2496006,0
170.45,34,170447817683,2469000,1
170.481,34,170478395749,2469000,1
170.514,34,170511183821,2469000,1
170.641,37,170638352115,2469000,1
170.73,34,170727326319,2496006,0
170.745,34,170742473355,2469000,1
170.783,34,170780611439,2469000,1
170.826,32,170823822535,2469000,1
170.869,38,170867025003,2469000,1
170.88,33,170877079021,2469000,1
170.887,34,170884592033,2469000,1
171.04,39,171037035387,2496006,0
171.06,39,171057237435,2469000,1
171.103,39,171100412531,2469000,1
171.115,34,171112998555,2469000,1
171.174,39,171171356687,2469000,1
171.192,36,171189292723,2469000,1
171.217,36,171214502777,2469000,1
171.222,36,171219492783,2496006,0
171.235,36,171232429813,2469000,1
171.255,34,171252575855,2469000,1
171.291,36,171288199933,2469000,1
171.296,36,171293189939,2469000,1
171.328,37,171325978011,2469000,1
171.359,39,171356538077,2469000,1
171.364,36,171361537083,2469000,1
171.618,36,171615634677,2469000,1
171.638,39,171635780719,2496006,0
171.664,39,171661341779,2469000,1
171.694,33,171691901845,2469000,1
171.694,39,171691901845,2469000,1
171.74,34,171737313947,2469000,1
171.793,39,171790939067,2469000,1
171.806,39,171803516091,2469000,1
171.976,38,171973620487,2469000,1
171.984,38,171981133499,2496006,0
172.009,38,172006685559,2496006,0
172.029,38,172026905607,2469000,1
172.055,39,172052410661,2496006,0
172.075,38,172072612709,2469000,1
172.08,35,172077611715,2469000,1
172.083,39,172080078715,2469000,1
172.106,35,172103069763,2496006,0
172.113,38,172110638781,2496006,0
172.126,32,172123262811,2469000,1
172.131,38,172128261817,2469000,1
172.136,35,172133260823,2469000,1
172.141,39,172138250829,2469000,1
172.148,32,172145781841,2469000,1
172.161,38,172158662865,2469000,1
172.174,35,172171230889,2469000,1
172.179,32,172176220895,2469000,1
172.196,39,172193879931,2469000,1
172.222,32,172219393985,2469000,1
172.232,35,172229439003,2469000,1
172.27,37,172267577087,2469000,1
172.28,38,172277631105,2496006,0
172.29,37,172287723129,2469000,1
172.29,38,172287723129,2469000,1
172.295,36,172292722135,2469000,1
172.321,38,172318227189,2469000,1
172.328,37,172325758201,2469000,1
172.366,37,172363914285,2469000,1
172.374,39,172371427297,2469000,1
172.374,37,172371427297,2469000,1
172.397,32,172394105345,2469000,1
172.425,38,172422133405,2469000,1
172.43,35,172427132411,2496006,0
172.457,35,172454912477,2469000,1
172.468,35,172465279495,2469000,1
172.488,34,172485416537,2496006,0
172.49,35,172487939543,2469000,1
172.495,34,172492938549,2469000,1
172.526,35,172523507615,2469000,1
172.556,34,172553763681,2496006,0
172.569,32,172566691711,2469000,1
172.574,34,172571690717,2496006,0
172.582,34,172579268735,2469000,1
172.612,34,172609828801,2469000,1
172.63,32,172627460837,2469000,1
172.658,38,172655193897,2496006,0
172.676,38,172673176939,2469000,1
172.711,34,172708488017,2469000,1
172.724,38,172721378047,2469000,1
172.807,39,172805002239,2469000,1
172.825,38,172822929275,2469000,1
172.846,38,172843075317,2469000,1
172.851,37,172848074323,2469000,1
172.868,35,172865706359,2469000,1
172.952,34,172949625551,2469000,1
172.965,37,172962202575,2469000,1
173.018,38,173015496695,2469000,1
173.099,38,173096883887,2496006,0
173.104,38,173101929899,2469000,1
173.109,36,173106937905,2469000,1
173.109,38,173106937905,2469000,1
173.17,38,173167798117,2469000,1
173.208,38,173205972201,2496006,0
173.234,38,173231524261,2496006,0
173.237,38,173234047267,2469000,1
173.242,38,173239037273,2496006,0
173.259,38,173256698315,2469000,1
173.279,34,173276862357,2496006,0
173.287,34,173284744375,2469000,1
173.295,34,173292266387,2469000,1
173.32,38,173317467441,2469000,1
173.348,34,173345531501,2469000,1
173.386,38,173383687585,2469000,1
173.48,34,173477394801,2469000,1
173.485,38,173482393807,2469000,1
173.576,39,173573891023,2469000,1
173.597,33,173594350065,2469000,1
173.602,33,173599349071,2469000,1
173.663,33,173660221209,2469000,1
173.665,36,173662688209,2469000,1
173.688,36,173685375257,2496006,0
173.708,36,173705890305,2469000,1
173.711,36,173708359305,2469000,1
173.731,38,173728505347,2469000,1
173.736,33,173733504353,2469000,1
173.761,37,173759009413,2469000,1
173.777,34,173774127443,2469000,1
173.784,36,173781640455,2496006,0
173.797,36,173794577485,2469000,1
173.817,33,173814723527,2469000,1
173.82,35,173817199527,2469000,1
173.827,36,173824712539,2469000,1
173.837,37,173834757557,2469000,1
173.86,37,173857757611,2469000,1
173.868,37,173865270623,2496006,0
173.885,37,173882958665,2469000,1
173.903,36,173900894701,2469000,1
173.926,37,173923498743,2469000,1
174.02,37,174017545959,2469000,1
174.043,32,174040224007,2469000,1
174.106,39,174103941157,2469000,1
174.144,36,174141766241,2469000,1
174.198,38,174195060367,2496006,0
174.208,38,174205474391,2469000,1
174.238,33,174235721457,2469000,1
174.254,37,174251125487,2496006,0
174.264,37,174261226511,2469000,1
174.266,38,174263693511,2469000,1
174.325,37,174322051643,2469000,1
174.332,38,174329564655,2469000,1
174.431,33,174428666883,2469000,1
174.434,37,174431133883,2496006,0
174.444,37,174441225907,2469000,1
174.462,37,174459161943,2496006,0
174.469,37,174466730961,2469000,1
174.505,38,174502024039,2496006,0
174.523,37,174520034081,2469000,1
174.527,38,174525024087,2469000,1
174.535,37,174532537099,2496006,0
174.54,37,174537583111,2469000,1
174.553,38,174550169135,2469000,1
174.596,37,174593362231,2469000,1
174.614,38,174611307267,2469000,1
174.624,36,174621370285,2469000,1
174.687,38,174684765429,2496006,0
174.692,32,174689811441,2469000,1
174.702,34,174699847459,2496006,0
174.705,34,174702370465,2469000,1
174.71,39,174707369471,2469000,1
174.71,32,174707369471,2469000,1
174.712,38,174709836471,2469000,1
174.718,37,174715148477,2469000,1
174.733,34,174730230507,2496006,0
174.738,39,174735276519,2469000,1
174.745,38,174742798531,2469000,1
174.755,32,174752834549,2469000,1
174.76,34,174757842555,2469000,1
174.768,38,174765668573,2496006,0
174.778,39,174775778597,2496006,0
174.781,38,174778301603,2469000,1
174.793,39,174790869627,2496006,0
174.798,39,174795915639,2469000,1
174.803,34,174800914645,2469000,1
174.824,32,174821382687,2469000,1
174.831,38,174828904699,2469000,1
174.846,37,174843986729,2469000,1
174.846,32,174843986729,2469000,1
174.849,39,174846453729,2469000,1
174.859,38,174856498747,2496006,0
174.885,38,174882095807,2469000,1
174.895,34,174892149825,2469000,1
174.933,38,174930269909,2496006,0
174.94,38,174937856927,2469000,1
174.95,38,174947910945,2496006,0
174.955,39,174952956957,2496006,0
174.958,39,174955479963,2469000,1
174.963,38,174960469969,2469000,1
174.981,32,174978406011,2469000,1
174.986,39,174983405017,2469000,1
174.988,32,174985872017,2469000,1
175.006,38,175003495053,2469000,1
175.031,35,175029018107,2469000,1
175.039,38,175036549119,2496006,0
175.044,38,175041604131,2469000,1
175.054,38,175051649149,2469000,1
175.067,39,175064217173,2496006,0
175.097,39,175094824245,2469000,1
175.107,34,175104869263,2469000,1
175.151,39,175148080359,2496006,0
175.153,39,175150603365,2496006,0
175.158,38,175155649377,2469000,1
175.174,39,175171053407,2469000,1
175.194,39,175191199449,2469000,1
175.26,37,175257153599,2469000,1
175.278,39,175275089635,2469000,1
175.305,38,175302813695,2496006,0
175.313,39,175310391713,2469000,1
175.328,38,175325482743,2469000,1
175.336,36,175333317761,2469000,1
175.384,38,175381565869,2469000,1
175.44,37,175437391995,2469000,1
175.45,38,175447446013,2469000,1
175.457,34,175454968025,2496006,0
175.478,34,175475483073,2469000,1
175.521,34,175518345169,2469000,1
175.526,34,175523344175,2496006,0
175.528,34,175525867181,2469000,1
175.544,32,175541280211,2496006,0
175.551,32,175548858229,2469000,1
175.569,34,175566481265,2469000,1
175.571,32,175568948265,2496006,0
175.576,32,175573994277,2469000,1
175.594,33,175591921313,2496006,0
175.602,39,175599490331,2469000,1
175.612,34,175609526349,2469000,1
175.614,33,175612002349,2469000,1
175.622,32,175619533361,2469000,1
175.624,33,175622009361,2469000,1
175.698,38,175695854529,2469000,1
175.701,32,175698321529,2469000,1
175.731,33,175728586595,2469000,1
175.779,34,175776825703,2469000,1
175.8,33,175797293745,2469000,1
175.802,33,175799762745,2469000,1
175.896,34,175893791961,2469000,1
175.929,32,175926562033,2469000,1
176.043,38,176040802297,2469000,1
176.219,32,176216283705,2469000,1
176.384,39,176381342089,2469000,1
176.409,32,176406847143,2496006,0
176.44,32,176437150215,2469000,1
176.46,32,176457618257,2469000,1
176.473,37,176470195281,2469000,1
176.503,33,176500755347,2469000,1
176.546,35,176543644443,2496006,0
176.554,35,176551213461,2469000,1
176.574,32,176571672503,2469000,1
176.587,32,176584240527,2469000,1
176.61,35,176607240575,2469000,1
176.63,35,176627404617,2469000,1
176.671,34,176668056707,2469000,1
176.762,32,176759249917,2469000,1
176.775,35,176772148947,2469000,1
176.78,36,176777138953,2469000,1
176.937,38,176934628319,2469000,1
176.955,36,176952242355,2496006,0
176.965,36,176962343379,2469000,1
177,36,176997940457,2469000,1
177.018,36,177015894493,2469000,1
177.054,36,177051205571,2469000,1
177.125,35,177122500733,2469000,1
177.277,36,177274926087,2496006,0
177.28,36,177277449093,2469000,1
177.326,36,177323156195,2469000,1
177.412,36,177409294393,2496006,0
177.417,36,177414349405,2469000,1
177.47,36,177467643525,2469000,1
177.526,34,177523791651,2496006,0
177.552,36,177549039711,2469000,1
177.554,34,177551506711,2469000,1
177.567,34,177564083735,2469000,1
177.584,39,177582019771,2469000,1
177.615,38,177612293837,2469000,1
177.663,36,177660523945,2496006,0
177.666,36,177663046951,2469000,1
177.673,34,177670568963,2469000,1
177.688,32,177685981993,2469000,1
177.693,39,177690980999,2469000,1
177.714,39,177711127041,2469000,1
177.726,36,177723695065,2496006,0
177.749,36,177746733119,2496006,0
177.754,36,177751779131,2469000,1
177.767,39,177764356155,2496006,0
177.782,39,177779503191,2469000,1
177.802,34,177799962233,2469000,1
177.807,39,177804952239,2469000,1
177.815,36,177812483251,2496006,0
177.833,36,177830457293,2469000,1
177.866,36,177863272365,2469000,1
177.891,39,177888721413,2469000,1
177.901,36,177898775431,2469000,1
177.911,36,177908811449,2469000,1
177.921,39,177918856467,2496006,0
177.939,35,177936848509,2496006,0
177.944,39,177941894521,2469000,1
177.952,35,177949407533,2469000,1
177.982,35,177979663599,2496006,0
177.985,38,177982186605,2469000,1
177.985,39,177982186605,2469000,1
177.987,38,177984655605,2469000,1
178.01,35,178007646653,2496006,0
178.028,35,178025325695,2496006,0
178.033,35,178030380707,2469000,1
178.043,38,178040729725,2496006,0
178.046,39,178043252731,2469000,1
178.068,35,178065921779,2469000,1
178.073,38,178070929785,2469000,1
178.078,37,178075919791,2496006,0
178.086,37,178083488809,2469000,1
178.099,38,178096369833,2469000,1
178.117,38,178114010869,2496006,0
178.122,38,178119065881,2469000,1
178.124,37,178121532881,2469000,1
178.132,38,178129065893,2469000,1
178.144,38,178141937917,2496006,0
178.149,35,178146983929,2469000,1
178.152,32,178149450929,2469000,1
178.167,37,178164541959,2469000,1
178.169,38,178167026959,2469000,1
178.177,33,178174539971,2469000,1
178.2,36,178197531019,2469000,1
178.225,38,178222759073,2469000,1
178.251,37,178248282127,2469000,1
178.276,39,178273474181,2469000,1
178.278,34,178275950181,2469000,1
178.317,35,178314097265,2469000,1
178.344,38,178341812325,2469000,1
178.385,33,178382500421,2469000,1
178.387,39,178384967421,2469000,1
178.395,33,178392489433,2469000,1
178.433,33,178430618517,2496006,0
178.456,33,178453665571,2469000,1
178.471,38,178468765601,2469000,1
178.517,33,178514472703,2496006,0
178.522,36,178519527715,2469000,1
178.527,35,178524517721,2496006,0
178.532,38,178529563733,2469000,1
178.535,33,178532039733,2469000,1
178.537,35,178534506733,2496006,0
178.55,35,178547443763,2469000,1
178.573,35,178570112811,2469000,1
178.588,33,178585212841,2469000,1
178.621,36,178618322913,2496006,0
178.623,35,178620854919,2469000,1
178.633,36,178630890937,2496006,0
178.638,36,178635945949,2469000,1
178.641,36,178638414949,2469000,1
178.643,37,178640881949,2469000,1
178.692,33,178689112057,2496006,0
178.702,33,178699204081,2496006,0
178.722,33,178719728129,2496006,0
178.742,33,178739939177,2469000,1
178.742,39,178739939177,2469000,1
178.75,36,178747452189,2469000,1
178.781,33,178778021255,2496006,0
178.796,33,178793186291,2469000,1
178.826,33,178823764357,2469000,1
178.864,35,178861911441,2469000,1
178.902,38,178899745525,2496006,0
178.915,38,178912673555,2469000,1
178.915,33,178912673555,2469000,1
178.918,38,178915142555,2469000,1
178.955,38,178952967639,2496006,0
178.966,37,178963390663,2469000,1
178.971,38,178968380669,2469000,1
178.986,38,178983480699,2469000,1
178.991,36,178988488705,2469000,1
179.029,33,179026608789,2496006,0
179.042,33,179039250819,2469000,1
179.047,33,179044249825,2469000,1
179.103,38,179100066951,2469000,1
179.113,33,179110102969,2496006,0
179.133,33,179130645017,2469000,1
179.156,37,179153323065,2469000,1
179.161,38,179158313071,2469000,1
179.163,33,179160780071,2469000,1
179.179,38,179176193107,2469000,1
179.214,35,179211504185,2496006,0
179.24,35,179237074245,2469000,1
179.247,34,179244587257,2469000,1
179.26,33,179257155281,2469000,1
179.29,35,179287724347,2469000,1
179.293,35,179290193347,2469000,1
179.414,33,179412011629,2469000,1
179.419,36,179417001635,2496006,0
179.44,36,179437507683,2469000,1
179.463,36,179460203731,2469000,1
179.503,35,179500855821,2496006,0
179.513,36,179510965845,2469000,1
179.529,35,179526379003,2469000,1
179.546,33,179544020039,2469000,1
179.562,35,179559120069,2469000,1
179.666,35,179663241309,2469000,1
179.75,36,179747160501,2496006,0
179.757,32,179754738519,2469000,1
179.78,32,179777720567,2469000,1
179.783,36,179780187567,2469000,1
179.79,32,179787709579,2496006,0
179.805,32,179802856615,2496006,0
179.808,36,179805379621,2469000,1
179.831,32,179828048669,2469000,1
179.838,36,179835883681,2496006,0
179.856,36,179853553723,2469000,1
179.858,36,179856022723,2469000,1
179.871,35,179868599747,2469000,1
179.892,32,179889076789,2496006,0
179.894,36,179891608795,2469000,1
179.907,32,179904176819,2496006,0
179.917,32,179914268843,2469000,1
179.968,32,179965057957,2469000,1
180.008,32,180005737047,2469000,1
180.016,32,180013259059,2469000,1
180.095,36,180092132239,2469000,1
180.155,38,180153013377,2469000,1
180.171,32,180168095407,2496006,0
180.189,32,180186078449,2469000,1
180.196,32,180193591461,2496006,0
180.199,39,180196114467,2469000,1
180.226,32,180223847527,2496006,0
180.241,32,180238994563,2496006,0
180.267,32,180264555623,2496006,0
180.27,38,180267078629,2469000,1
180.272,32,180269545629,2469000,1
180.315,32,180312765725,2469000,1
180.323,32,180320287737,2469000,1
180.333,36,180330341755,2469000,1
180.338,35,180335331761,2469000,1
180.345,32,180342853773,2469000,1
180.358,39,180355743803,2469000,1
180.378,39,180375889845,2496006,0
180.401,39,180398936899,2496006,0
180.417,33,180414083935,2469000,1
180.419,39,180416550935,2469000,1
180.432,39,180429118959,2469000,1
180.462,39,180459679025,2469000,1
180.587,39,180584038313,2469000,1
180.635,36,180632295421,2469000,1
180.675,36,180672587505,2469000,1
180.68,35,180677586511,2469000,1
180.718,34,180715733595,2469000,1
180.728,37,180725778613,2496006,0
180.731,39,180728301619,2469000,1
180.741,37,180738346637,2469000,1
180.792,37,180789108751,2469000,1
180.822,37,180819686817,2496006,0
180.825,32,180822209823,2469000,1
180.84,37,180837291853,2469000,1
180.85,35,180847345871,2469000,1
180.855,37,180852335877,2469000,1
180.893,37,180890482961,2496006,0
180.908,37,180905960997,2469000,1
180.969,37,180966658117,2469000,1
180.979,39,180976694135,2496006,0
180.982,39,180979217141,2496006,0
181.01,39,181007310207,2469000,1
181.02,38,181017301219,2496006,0
181.042,38,181039858255,2469000,1
181.045,39,181042325255,2469000,1
181.068,37,181065325303,2496006,0
181.075,37,181072912321,2469000,1
181.08,37,181077902327,2469000,1
181.093,38,181090470351,2469000,1
181.095,39,181092937351,2496006,0
181.123,39,181120974411,2496006,0
181.131,39,181128552429,2469000,1
181.141,39,181138606447,2469000,1
181.177,37,181174230525,2469000,1
181.187,38,181184284543,2496006,0
181.192,38,181189330555,2469000,1
181.212,38,181209742591,2469000,1
181.227,39,181224741609,2469000,1
181.273,38,181270401705,2469000,1
181.316,37,181313323771,2496006,0
181.346,37,181343626843,2469000,1
181.369,39,181366286891,2496006,0
181.382,37,181379232921,2469000,1
181.394,35,181391809945,2469000,1
181.394,39,181391809945,2469000,1
181.412,35,181409441981,2496006,0
181.422,37,181419847005,2469000,1
181.422,39,181419847005,2469000,1
181.43,35,181427369017,2469000,1
181.44,35,181437414035,2469000,1
181.496,38,181493072143,2496006,0
181.511,39,181508219179,2469000,1
181.526,38,181523632209,2469000,1
181.531,35,181528622215,2469000,1
181.544,39,181541208239,2469000,1
181.546,38,181543675239,2469000,1
181.551,38,181548683245,2469000,1
181.642,37,181639974431,2469000,1
181.708,32,181705854575,2469000,1
181.726,39,181723790611,2469000,1
181.726,37,181723790611,2469000,1
181.761,35,181759027683,2469000,1
181.79,38,181787082743,2469000,1
181.878,38,181875454917,2496006,0
181.909,38,181906061989,2469000,1
181.934,38,181931576043,2469000,1
181.972,35,181969419127,2469000,1
181.997,37,181994924181,2496006,0
182,37,181997447187,2469000,1
182.036,37,182033071265,2469000,1
182.046,37,182043107283,2496006,0
182.051,37,182048153295,2469000,1
182.053,38,182050629295,2469000,1
182.078,37,182075812349,2496006,0
182.083,32,182080858361,2469000,1
182.104,37,182101317403,2496006,0
182.111,37,182108895421,2469000,1
182.165,37,182162198541,2496006,0
182.177,37,182174831571,2469000,1
182.19,38,182187399595,2496006,0
182.2,38,182197822619,2469000,1
182.203,38,182200298619,2469000,1
182.205,35,182202765619,2496006,0
182.218,33,182215380649,2469000,1
182.228,37,182225425667,2496006,0
182.23,35,182227948673,2469000,1
182.238,37,182235774685,2469000,1
182.241,38,182238241685,2496006,0
182.248,38,182245810703,2469000,1
182.251,38,182248279703,2469000,1
182.253,37,182250746703,2469000,1
182.263,35,182260809721,2469000,1
182.309,35,182306552823,2469000,1
182.314,37,182311560829,2469000,1
182.322,38,182319073841,2469000,1
182.38,34,182377440973,2469000,1
182.39,34,182387485991,2469000,1
182.426,39,182423092069,2496006,0
182.438,39,182435707099,2469000,1
182.438,36,182435707099,2469000,1
182.438,37,182435707099,2469000,1
182.443,34,182441010111,2469000,1
182.446,36,182443477111,2496006,0
182.456,36,182453587135,2469000,1
182.459,36,182456056135,2496006,0
182.461,39,182458579141,2469000,1
182.464,38,182461055141,2469000,1
182.479,35,182476137171,2496006,0
182.486,34,182483706189,2496006,0
182.489,36,182486229195,2469000,1
182.491,34,182488696195,2469000,1
182.502,35,182499054213,2469000,1
182.537,34,182534365291,2469000,1
182.537,35,182534365291,2469000,1
182.545,36,182542200303,2496006,0
182.56,36,182557365339,2469000,1
182.567,39,182564896351,2469000,1
182.598,36,182595143417,2496006,0
182.611,35,182608080447,2469000,1
182.626,34,182623171477,2496006,0
182.631,36,182628217489,2469000,1
182.646,34,182643648519,2469000,1
182.646,36,182643648519,2469000,1
182.674,38,182671372579,2469000,1
182.676,36,182673839579,2469000,1
182.684,34,182681352591,2496006,0
182.709,34,182706913651,2496006,0
182.72,34,182717023675,2496006,0
182.727,34,182724610693,2469000,1
182.76,37,182757693765,2469000,1
182.76,39,182757693765,2469000,1
182.77,34,182767729783,2469000,1
182.795,35,182792948837,2469000,1
182.816,34,182813434879,2469000,1
182.887,36,182884417041,2469000,1
183.065,34,183062412455,2469000,1
183.083,37,183080044491,2469000,1
183.179,39,183176578713,2496006,0
183.207,39,183204349779,2496006,0
183.209,36,183206872785,2469000,1
183.214,39,183211862791,2496006,0
183.23,39,183227331827,2469000,1
183.25,35,183247477869,2469000,1
183.252,39,183249953869,2469000,1
183.255,39,183252422869,2469000,1
183.298,34,183295624965,2496006,0
183.326,34,183323727031,2496006,0
183.356,34,183354021103,2469000,1
183.405,34,183402287211,2469000,1
183.45,34,183448003313,2469000,1
183.471,39,183468480355,2496006,0
183.501,39,183498774427,2469000,1
183.555,39,183552086547,2496006,0
183.56,34,183557132559,2469000,1
183.572,38,183570013583,2469000,1
183.577,39,183575012589,2469000,1
183.593,39,183590103619,2469000,1
183.598,36,183595093625,2469000,1
183.641,39,183638313721,2469000,1
183.676,35,183673919799,2469000,1
183.717,34,183714285889,2469000,1
183.77,39,183767571009,2496006,0
183.78,39,183777976033,2469000,1
183.811,32,183808241099,2469000,1
183.813,32,183810710099,2469000,1
183.821,39,183818232111,2469000,1
183.871,32,183869003225,2469000,1
183.905,32,183902113297,2469000,1
183.917,39,183914681321,2469000,1
184.001,32,183998600513,2469000,1
184.042,37,184039261603,2496006,0
184.049,37,184046839621,2496006,0
184.067,37,184064509663,2469000,1
184.08,33,184077390687,2469000,1
184.103,39,184100068735,2469000,1
184.108,32,184105058741,2469000,1
184.113,33,184110048747,2469000,1
184.12,37,184117561759,2496006,0
184.13,34,184127680783,2469000,1
184.133,33,184130156783,2469000,1
184.135,33,184132641783,2469000,1
184.14,37,184137944795,2469000,1
184.204,37,184201339939,2469000,1
184.313,37,184310525191,2496006,0
184.316,37,184313048197,2469000,1
184.364,33,184361278305,2469000,1
184.376,37,184373855329,2496006,0
184.389,38,184386801359,2469000,1
184.392,37,184389268359,2469000,1
184.399,39,184396781371,2496006,0
184.402,37,184399313377,2469000,1
184.414,39,184411881401,2469000,1
184.458,39,184455065497,2496006,0
184.465,39,184462634515,2496006,0
184.47,39,184467698527,2469000,1
184.483,37,184480266551,2469000,1
184.488,39,184485265557,2496006,0
184.493,39,184490624569,2469000,1
184.498,39,184495623575,2469000,1
184.582,39,184579256767,2469000,1
184.638,36,184635082893,2496006,0
184.656,36,184653056935,2496006,0
184.686,36,184683351007,2469000,1
184.706,39,184703810049,2469000,1
184.721,36,184718919079,2496006,0
184.726,37,184723983091,2469000,1
184.742,36,184739074121,2496006,0
184.749,38,184746652139,2469000,1
184.772,34,184769625193,2469000,1
184.772,36,184769625193,2469000,1
184.78,38,184777147205,2496006,0
184.792,36,184789762235,2469000,1
184.798,38,184795065241,2469000,1
184.846,32,184843036349,2469000,1
184.848,37,184845503349,2469000,1
184.85,33,184847970349,2469000,1
184.85,38,184847970349,2469000,1
184.863,37,184860851373,2496006,0
184.894,37,184891163445,2496006,0
184.899,37,184896522457,2496006,0
184.902,36,184899045463,2469000,1
184.904,38,184901512463,2469000,1
184.932,37,184929236523,2469000,1
184.972,37,184969897613,2496006,0
184.98,37,184977475631,2469000,1
185,36,184997648673,2469000,1
185.016,37,185013061709,2469000,1
185.036,38,185033207751,2469000,1
185.051,37,185048289781,2469000,1
185.145,39,185142345997,2469000,1
185.244,33,185241421225,2469000,1
185.28,37,185277027303,2496006,0
185.307,37,185304798369,2496006,0
185.315,37,185312698387,2469000,1
185.328,36,185325257411,2469000,1
185.345,37,185342880447,2496006,0
185.348,37,185345403453,2469000,1
185.363,36,185360494483,2469000,1
185.394,37,185391081555,2469000,1
185.414,38,185411540597,2496006,0
185.429,38,185426687633,2469000,1
185.467,37,185464512717,2469000,1
185.482,38,185479952753,2469000,1
185.576,35,185573972969,2469000,1
185.579,38,185576448969,2469000,1
185.635,37,185632266095,2469000,1
185.82,34,185817848527,2469000,1
185.823,38,185820315527,2496006,0
185.83,34,185827884545,2496006,0
185.858,38,185855655611,2469000,1
185.858,34,185855655611,2469000,1
185.884,38,185881160665,2496006,0
185.896,38,185893793695,2496006,0
185.901,34,185898839707,2469000,1
185.901,38,185898839707,2469000,1
185.904,38,185901308707,2469000,1
185.944,34,185941978797,2496006,0
185.975,34,185972290869,2469000,1
186,38,185997822923,2469000,1
186.003,34,186000298923,2469000,1
186.026,39,186023271971,2469000,1
186.061,37,186058601049,2469000,1
186.071,34,186068646067,2469000,1
186.114,38,186111830163,2496006,0
186.145,38,186142455235,2469000,1
186.188,38,186185639331,2469000,1
186.267,38,186264208511,2469000,1
186.274,37,186271721523,2496006,0
186.3,34,186297282583,2469000,1
186.302,32,186299758583,2469000,1
186.302,37,186299758583,2469000,1
186.307,38,186304757589,2469000,1
186.343,37,186340381667,2469000,1
186.409,37,186406317817,2469000,1
186.434,34,186431825003,2469000,1
186.472,36,186469668087,2469000,1
186.574,33,186571266321,2469000,1
186.617,37,186614450417,2469000,1
186.703,38,186700892615,2469000,1
186.792,35,186789562819,2469000,1
186.795,35,186792038819,2469000,1
186.835,39,186832708909,2469000,1
186.846,38,186843066927,2469000,1
186.853,35,186850588939,2469000,1
186.868,35,186865679969,2469000,1
186.876,32,186873201981,2496006,0
186.898,32,186895927035,2469000,1
186.898,38,186895927035,2469000,1
186.937,32,186934056119,2496006,0
186.939,32,186936579125,2469000,1
186.962,32,186959561173,2469000,1
186.967,36,186964569179,2496006,0
186.977,34,186974670203,2469000,1
186.987,36,186984715221,2496006,0
186.995,36,186992293239,2469000,1
187.002,37,186999806251,2469000,1
187.02,32,187017742293,2469000,1
187.053,36,187050861365,2469000,1
187.104,35,187101319479,2469000,1
187.134,36,187131888551,2496006,0
187.137,36,187134411557,2469000,1
187.144,32,187141933569,2469000,1
187.198,36,187195218689,2469000,1
187.299,36,187296834923,2496006,0
187.322,36,187319872977,2469000,1
187.373,36,187370635091,2469000,1
187.431,35,187428993223,2496006,0
187.439,36,187436562241,2496006,0
187.447,36,187444131259,2469000,1
187.459,35,187457012283,2469000,1
187.47,35,187467075301,2469000,1
187.472,35,187469544301,2496006,0
187.495,36,187492269355,2469000,1
187.497,35,187494736355,2469000,1
187.53,35,187527837427,2469000,1
187.558,36,187555588487,2469000,1
187.589,32,187586148559,2469000,1
187.601,36,187598716583,2469000,1
187.634,35,187631817655,2469000,1
187.649,35,187646908685,2469000,1
187.792,37,187789233015,2469000,1
187.804,34,187801819039,2469000,1
187.893,35,187890784243,2469000,1
187.954,37,187951656381,2469000,1
187.964,38,187961719399,2469000,1
187.964,36,187961719399,2469000,1
187.977,37,187974600423,2469000,1
187.987,38,187984645441,2469000,1
188,37,187997213465,2469000,1
188.012,38,188009781489,2496006,0
188.015,38,188012304495,2469000,1
188.017,38,188014773495,2469000,1
188.033,34,188030177525,2469000,1
188.038,34,188035176531,2469000,1
188.048,37,188045239549,2469000,1
188.06,39,188057798573,2496006,0
188.063,38,188060321579,2469000,1
188.073,37,188070679597,2469000,1
188.078,39,188075678603,2469000,1
188.088,34,188085714621,2469000,1
188.091,39,188088181621,2469000,1
188.129,34,188126033705,2496006,0
188.154,34,188151603765,2469000,1
188.167,34,188164171789,2469000,1
188.195,39,188192199849,2469000,1
188.23,37,188227528927,2469000,1
188.243,34,188240418951,2469000,1
188.271,34,188268134011,2469000,1
188.276,39,188273124017,2469000,1
188.294,38,188291087059,2469000,1
188.309,39,188306169089,2496006,0
188.314,39,188311215101,2469000,1
188.316,37,188313682101,2496006,0
188.321,37,188318728113,2469000,1
188.326,37,188323718119,2469000,1
188.329,32,188326185119,2496006,0
188.364,32,188361838203,2469000,1
188.367,32,188364307203,2469000,1
188.374,39,188371838215,2469000,1
188.42,37,188417478305,2469000,1
188.425,32,188422468311,2469000,1
188.432,36,188429990323,2496006,0
188.443,36,188440395347,2469000,1
188.471,36,188468146407,2469000,1
188.484,39,188481027431,2496006,0
188.486,39,188483550437,2469000,1
188.509,37,188506210485,2469000,1
188.511,35,188508677485,2496006,0
188.521,33,188518787509,2469000,1
188.529,39,188526300521,2469000,1
188.534,32,188531299527,2469000,1
188.536,37,188533766527,2496006,0
188.539,35,188536289533,2469000,1
188.547,37,188544133551,2469000,1
188.547,33,188544133551,2469000,1
188.552,36,188549132557,2469000,1
188.564,35,188561590569,2469000,1
188.569,37,188566589575,2496006,0
188.574,33,188571635587,2469000,1
188.589,33,188586983611,2469000,1
188.597,37,188594449617,2496006,0
188.627,37,188624761689,2496006,0
188.64,39,188637394719,2469000,1
188.645,35,188642697731,2469000,1
188.65,37,188647696737,2469000,1
188.66,33,188657750755,2469000,1
188.68,35,188677840791,2496006,0
188.701,37,188698346839,2469000,1
188.706,35,188703345845,2496006,0
188.726,35,188723565893,2469000,1
188.741,36,188738665923,2469000,1
188.749,34,188746491935,2496006,0
188.751,38,188749014941,2469000,1
188.772,34,188769095977,2469000,1
188.79,35,188787034003,2469000,1
188.795,37,188792042009,2469000,1
188.82,34,188817252063,2469000,1
188.822,37,188819719063,2496006,0
188.835,39,188832343093,2469000,1
188.835,38,188832343093,2469000,1
188.853,37,188850261129,2496006,0
188.855,37,188852784135,2469000,1
188.888,37,188885563207,2496006,0
188.901,32,188898500237,2469000,1
188.906,34,188903490243,2469000,1
188.913,35,188911030255,2469000,1
188.918,37,188916020261,2469000,1
188.939,37,188936184303,2469000,1
188.979,33,188976872393,2469000,1
189.05,36,189047836555,2496006,0
189.056,36,189053195567,2496006,0
189.063,37,189060773585,2469000,1
189.076,36,189073332609,2496006,0
189.083,36,189080901627,2496006,0
189.104,36,189101407675,2469000,1
189.109,37,189106397681,2469000,1
189.126,35,189124020717,2469000,1
189.137,34,189134065735,2496006,0
189.139,36,189136588741,2469000,1
189.162,34,189159597789,2469000,1
189.21,36,189207854897,2469000,1
189.213,34,189210321897,2469000,1
189.22,35,189217861909,2469000,1
189.225,39,189222860915,2469000,1
189.327,34,189324468149,2469000,1
189.373,36,189370175251,2469000,1
189.423,37,189420964365,2469000,1
189.487,34,189484359509,2469000,1
189.528,36,189525020599,2496006,0
189.53,36,189527543605,2469000,1
189.545,36,189542634635,2469000,1
189.553,36,189550156647,2496006,0
189.583,36,189580781719,2469000,1
189.621,34,189618919803,2469000,1
189.639,36,189636569839,2469000,1
189.695,36,189692377965,2496006,0
189.713,33,189710352007,2496006,0
189.715,33,189712875013,2469000,1
189.723,36,189720397025,2496006,0
189.751,36,189748186091,2469000,1
189.761,33,189758222109,2496006,0
189.776,34,189773673145,2469000,1
189.779,33,189776140145,2496006,0
189.794,36,189791296181,2469000,1
189.806,33,189803882205,2469000,1
189.824,33,189821836241,2469000,1
189.862,32,189859679325,2469000,1
189.867,36,189864669331,2469000,1
189.913,39,189910394433,2469000,1
189.913,33,189910394433,2469000,1
189.938,36,189935899487,2469000,1
189.994,33,189991725613,2469000,1
190.058,35,190055138757,2469000,1
190.063,36,190060146763,2469000,1
190.134,37,190131423925,2469000,1
190.299,32,190296482309,2469000,1
190.342,33,190339684405,2469000,1
190.497,38,190494641765,2469000,1
190.642,36,190639498101,2469000,1
190.863,33,190860420617,2496006,0
190.865,33,190862943623,2469000,1
190.875,33,190873006641,2469000,1
190.883,33,190880528653,2469000,1
190.924,35,190921180743,2496006,0
190.939,33,190936327779,2469000,1
190.949,35,190946685803,2496006,0
190.954,35,190951740815,2469000,1
190.979,34,190976941869,2496006,0
190.995,35,190992088905,2469000,1
191.005,35,191002446923,2469000,1
191.01,39,191007436929,2469000,1
191.01,34,191007436929,2469000,1
191.035,34,191032655983,2469000,1
191.129,34,191126703199,2496006,0
191.157,34,191154787265,2469000,1
191.205,34,191203026373,2469000,1
191.213,34,191210557385,2496006,0
191.238,34,191235814445,2469000,1
191.243,35,191240804451,2469000,1
191.269,34,191266318505,2469000,1
191.32,33,191317107619,2469000,1
191.332,38,191329675643,2469000,1
191.342,38,191339720661,2469000,1
191.35,34,191347546673,2496006,0
191.365,38,191362684709,2469000,1
191.368,34,191365160709,2469000,1
191.388,34,191385324751,2469000,1
191.393,34,191390314757,2469000,1
191.411,38,191408250793,2496006,0
191.416,38,191413296805,2469000,1
191.459,38,191456489901,2496006,0
191.464,38,191461535913,2496006,0
191.497,38,191494361991,2469000,1
191.502,33,191499369997,2469000,1
191.548,38,191545104099,2496006,0
191.573,38,191570665159,2496006,0
191.583,34,191580757183,2469000,1
191.598,32,191595848213,2469000,1
191.603,38,191600847219,2469000,1
191.614,32,191611205237,2469000,1
191.616,32,191613674237,2469000,1
191.624,38,191621196249,2469000,1
191.631,32,191628727261,2469000,1
191.679,34,191676984369,2469000,1
191.7,32,191697130411,2469000,1
191.707,38,191704661423,2469000,1
191.712,35,191709651429,2496006,0
191.74,35,191737753495,2469000,1
191.753,35,191750321519,2469000,1
191.796,37,191793523615,2469000,1
191.816,35,191813678657,2469000,1
191.872,35,191869808789,2469000,1
191.882,33,191879862807,2496006,0
191.892,33,191889954831,2469000,1
191.915,33,191912623879,2496006,0
191.938,32,191935652933,2469000,1
191.946,33,191943174945,2469000,1
191.953,38,191950687957,2469000,1
191.986,33,191983807029,2469000,1
192.088,33,192085414263,2469000,1
192.243,33,192240371623,2496006,0
192.25,33,192247940641,2469000,1
192.286,33,192283546719,2496006,0
192.294,33,192291115737,2496006,0
192.296,34,192293638743,2469000,1
192.304,33,192301169755,2469000,1
192.319,35,192316260785,2469000,1
192.319,33,192316260785,2469000,1
192.377,38,192374949917,2469000,1
192.423,33,192420353019,2469000,1
192.436,39,192433243043,2469000,1
192.446,39,192443279061,2469000,1
192.458,33,192455865085,2469000,1
192.476,33,192473745115,2469000,1
192.491,32,192488836145,2469000,1
192.499,39,192496358157,2469000,1
192.509,39,192506394175,2469000,1
192.555,36,192552137277,2469000,1
192.6,32,192597844379,2496006,0
192.603,32,192600367385,2469000,1
192.646,39,192643560481,2496006,0
192.654,39,192651129499,2496006,0
192.661,39,192658698517,2469000,1
192.669,32,192666220529,2469000,1
192.689,39,192686670571,2496006,0
192.692,35,192689193577,2496006,0
192.709,35,192706863619,2469000,1
192.714,39,192711862625,2469000,1
192.717,39,192714331625,2496006,0
192.737,39,192734533673,2469000,1
192.742,32,192739854685,2469000,1
192.742,39,192739854685,2469000,1
192.762,39,192760009727,2469000,1
192.767,35,192764999733,2469000,1
192.798,35,192795586799,2469000,1
192.803,39,192800603805,2496006,0
192.823,38,192820787853,2496006,0
192.828,39,192825833865,2469000,1
192.836,38,192833355877,2469000,1
192.887,39,192884430991,2496006,0
192.889,38,192886953997,2496006,0
192.895,39,192892009009,2496006,0
192.897,38,192894532015,2469000,1
192.915,35,192912137051,2496006,0
192.917,39,192914669057,2469000,1
192.932,35,192929760087,2496006,0
192.95,35,192947734129,2469000,1
192.95,38,192947734129,2469000,1
192.983,39,192980513201,2469000,1
192.983,35,192980513201,2469000,1
192.985,32,192982989201,2496006,0
193.009,32,193006045255,2469000,1
193.024,33,193021145285,2496006,0
193.026,38,193023668291,2469000,1
193.029,33,193026135291,2469000,1
193.036,35,193033648303,2469000,1
193.036,33,193033648303,2469000,1
193.049,32,193046538327,2496006,0
193.062,32,193059153357,2469000,1
193.067,39,193064143363,2496006,0
193.077,38,193074262387,2496006,0
193.095,32,193092254429,2469000,1
193.095,39,193092254429,2469000,1
193.105,38,193102308447,2469000,1
193.11,39,193107298453,2469000,1
193.122,33,193119875477,2469000,1
193.148,38,193145076531,2469000,1
193.153,38,193150388543,2496006,0
193.176,38,193173140597,2469000,1
193.183,39,193180662609,2469000,1
193.188,33,193185652615,2496006,0
193.193,38,193191011627,2469000,1
193.201,33,193198533639,2469000,1
193.206,32,193203523645,2469000,1
193.239,37,193236302717,2469000,1
193.241,33,193238769717,2496006,0
193.249,35,193246338735,2496006,0
193.252,35,193249174741,2496006,0
193.257,37,193254220753,2469000,1
193.257,35,193254220753,2469000,1
193.272,33,193269302783,2469000,1
193.284,33,193281888807,2469000,1
193.292,33,193289401819,2496006,0
193.3,35,193297283837,2469000,1
193.302,37,193299750837,2469000,1
193.302,33,193299750837,2469000,1
193.32,33,193317373873,2469000,1
193.325,38,193322363879,2469000,1
193.355,32,193352977945,2469000,1
193.399,39,193396171041,2496006,0
193.401,35,193398694047,2469000,1
193.419,39,193416308083,2496006,0
193.421,37,193418831089,2469000,1
193.436,33,193433940119,2469000,1
193.439,38,193436407119,2469000,1
193.439,37,193436407119,2469000,1
193.441,39,193438874119,2469000,1
193.457,39,193454175137,2469000,1
193.484,35,193481778185,2496006,0
193.492,35,193489356203,2469000,1
193.502,33,193499705221,2496006,0
193.505,33,193502228227,2469000,1
193.507,33,193504697227,2496006,0
193.51,33,193507220233,2496006,0
193.52,35,193517330257,2496006,0
193.525,32,193522376269,2469000,1
193.527,33,193524843269,2469000,1
193.54,39,193537420293,2469000,1
193.552,35,193549988317,2496006,0
193.56,35,193557870335,2469000,1
193.565,33,193562860341,2469000,1
193.568,37,193565327341,2469000,1
193.593,35,193590537395,2496006,0
193.606,35,193603510425,2496006,0
193.629,35,193626244479,2469000,1
193.651,33,193648857521,2469000,1
193.672,35,193669307563,2469000,1
193.682,35,193679361581,2496006,0
193.692,35,193689471605,2469000,1
193.692,38,193689471605,2469000,1
193.73,35,193727609689,2469000,1
193.758,39,193755324749,2469000,1
193.776,34,193773305785,2469000,1
193.776,35,193773305785,2469000,1
193.781,33,193778295791,2469000,1
193.857,35,193854332965,2469000,1
194.007,38,194004208313,2469000,1
194.007,39,194004208313,2469000,1
194.037,38,194034795379,2469000,1
194.146,36,194143962631,2469000,1
194.177,36,194174531697,2469000,1
194.185,36,194182071709,2469000,1
194.187,33,194184538709,2469000,1
194.189,36,194187005709,2469000,1
194.225,32,194222611787,2469000,1
194.253,35,194250335847,2469000,1
194.306,37,194303638967,2469000,1
194.42,36,194417870231,2469000,1
194.548,39,194545047531,2469000,1
194.586,35,194583185615,2496006,0
194.598,33,194595818645,2469000,1
194.603,35,194600808651,2469000,1
194.629,35,194626322705,2469000,1
194.728,35,194725084933,2496006,0
194.753,35,194750645993,2496006,0
194.766,35,194763279023,2469000,1
194.778,35,194775847047,2496006,0
194.796,35,194793830089,2469000,1
194.842,35,194839582191,2469000,1
194.872,33,194869829257,2496006,0
194.877,35,194874875269,2469000,1
194.885,33,194882388281,2469000,1
194.89,35,194887691287,2469000,1
194.903,33,194900268311,2469000,1
194.91,36,194907781323,2469000,1
195.004,33,195001819539,2496006,0
195.009,33,195006874551,2496006,0
195.022,33,195019489581,2469000,1
195.047,33,195045003635,2469000,1
195.052,34,195049993641,2469000,1
195.055,33,195052460641,2469000,1
195.07,34,195067560671,2469000,1
195.123,34,195120881791,2496006,0
195.156,34,195154011869,2469000,1
195.207,34,195204800983,2496006,0
195.243,34,195240454067,2469000,1
195.258,33,195255572097,2469000,1
195.283,34,195280773151,2469000,1
195.291,35,195288286163,2496006,0
195.306,35,195303746199,2469000,1
195.321,35,195318846229,2469000,1
195.365,34,195362057325,2469000,1
195.405,35,195402718415,2469000,1
195.458,34,195456030535,2469000,1
195.507,33,195504287643,2469000,1
195.527,35,195524433685,2469000,1
195.636,34,195633600937,2469000,1
195.664,38,195661637997,2469000,1
195.689,38,195686848051,2496006,0
195.722,38,195719978129,2469000,1
195.74,38,195737592165,2469000,1
195.743,38,195740068165,2469000,1
195.753,38,195750444183,2496006,0
195.763,38,195760536207,2469000,1
195.773,36,195770581225,2469000,1
195.778,38,195775589231,2469000,1
195.814,35,195811195309,2469000,1
195.864,38,195861984423,2469000,1
195.933,37,195930434579,2496006,0
195.966,37,195963564657,2469000,1
196.001,37,195998884735,2496006,0
196.006,37,196003930747,2469000,1
196.039,37,196037022819,2469000,1
196.05,38,196047058837,2469000,1
196.057,39,196054580849,2469000,1
196.093,35,196090222927,2469000,1
196.138,37,196135930029,2469000,1
196.156,32,196153544065,2496006,0
196.166,32,196163958089,2496006,0
196.189,32,196186692143,2469000,1
196.209,37,196206838185,2469000,1
196.242,32,196239912257,2496006,0
196.25,32,196247499275,2469000,1
196.276,32,196273031329,2496006,0
196.291,32,196288178365,2469000,1
196.298,32,196295691377,2469000,1
196.364,32,196361645527,2469000,1
196.367,34,196364112527,2469000,1
196.369,33,196366901533,2469000,1
196.499,38,196496279833,2496006,0
196.504,38,196501325845,2496006,0
196.537,38,196534455923,2496006,0
196.539,38,196536978929,2469000,1
196.565,38,196562170983,2469000,1
196.583,32,196580098019,2496006,0
196.6,32,196597804061,2469000,1
196.605,38,196602794067,2469000,1
196.613,37,196610325079,2469000,1
196.623,32,196620361097,2496006,0
196.641,32,196638344139,2469000,1
196.692,32,196689142253,2469000,1
196.709,32,196706774289,2469000,1
196.747,38,196744894373,2496006,0
196.76,38,196757545403,2469000,1
196.78,36,196777995445,2496006,0
196.783,36,196780518451,2469000,1
196.806,36,196803178499,2469000,1
196.811,38,196808168505,2496006,0
196.823,38,196820792535,2469000,1
196.826,36,196823259535,2469000,1
196.844,38,196841222571,2469000,1
196.866,38,196863891619,2496006,0
196.894,38,196891975685,2469000,1
196.912,32,196909607721,2469000,1
196.927,38,196924707751,2496006,0
196.935,38,196932294769,2469000,1
196.943,36,196940120787,2469000,1
196.996,37,196993414907,2469000,1
197.001,38,196998404913,2469000,1
197.044,32,197041634009,2469000,1
197.107,38,197105029153,2469000,1
197.146,34,197143167237,2469000,1
197.166,38,197163304279,2496006,0
197.186,38,197183837327,2469000,1
197.209,38,197206506375,2496006,0
197.245,38,197242159459,2469000,1
197.272,38,197269910519,2469000,1
197.277,32,197274909525,2469000,1
197.293,36,197290331555,2469000,1
197.351,38,197348680687,2469000,1
197.392,39,197389332777,2496006,0
197.394,39,197391855783,2469000,1
197.427,35,197424643855,2496006,0
197.445,39,197442304897,2496006,0
197.45,39,197447663909,2469000,1
197.463,35,197460231933,2496006,0
197.465,39,197462754939,2469000,1
197.488,35,197485423987,2469000,1
197.506,35,197503351023,2496006,0
197.508,35,197505874029,2469000,1
197.511,39,197508350029,2469000,1
197.516,39,197513340035,2496006,0
197.521,38,197518395047,2496006,0
197.523,32,197520927053,2469000,1
197.539,39,197536009083,2496006,0
197.541,38,197538532089,2496006,0
197.554,38,197551469119,2469000,1
197.559,35,197556477125,2469000,1
197.561,39,197558944125,2469000,1
197.566,39,197563934131,2469000,1
197.574,38,197571447143,2469000,1
197.594,35,197591593185,2469000,1
197.607,39,197604492215,2496006,0
197.61,39,197607033221,2469000,1
197.627,37,197624674257,2496006,0
197.635,37,197632243275,2496006,0
197.637,39,197634766281,2469000,1
197.647,37,197644802299,2496006,0
197.655,37,197652684317,2469000,1
197.66,33,197657674323,2469000,1
197.66,39,197657674323,2469000,1
197.68,38,197677820365,2469000,1
197.69,39,197687856383,2496006,0
197.698,32,197695434401,2469000,1
197.701,32,197698214407,2496006,0
197.703,32,197700737413,2496006,0
197.706,39,197703260419,2496006,0
197.713,37,197710838437,2469000,1
197.718,39,197715828443,2469000,1
197.726,32,197723350455,2496006,0
197.728,39,197725873461,2469000,1
197.733,37,197730872467,2496006,0
197.738,32,197735918479,2469000,1
197.741,35,197738385479,2469000,1
197.741,39,197738385479,2469000,1
197.759,37,197756321515,2469000,1
197.776,37,197773944551,2469000,1
197.792,39,197789053581,2469000,1
197.794,32,197791529581,2496006,0
197.797,32,197794052587,2496006,0
197.807,32,197804484611,2469000,1
197.812,37,197809474617,2469000,1
197.822,37,197819537635,2496006,0
197.85,37,197847299701,2469000,1
197.87,32,197867758743,2469000,1
197.875,38,197872748749,2496006,0
197.893,38,197890463791,2469000,1
197.898,37,197895453797,2469000,1
197.946,38,197943701905,2469000,1
197.959,32,197956269929,2496006,0
197.987,32,197984380995,2469000,1
197.992,36,197989380001,2469000,1
198.002,35,197999416019,2496006,0
198.017,37,198014867055,2469000,1
198.017,32,198014867055,2469000,1
198.032,35,198029967085,2469000,1
198.055,38,198052672133,2469000,1
198.071,32,198068067163,2496006,0
198.088,32,198085755205,2469000,1
198.088,35,198085755205,2469000,1
198.139,37,198136526319,2496006,0
198.152,37,198149141349,2469000,1
198.152,32,198149141349,2469000,1
198.157,32,198154149355,2469000,1
198.172,39,198169562385,2469000,1
198.185,32,198182121409,2469000,1
198.197,38,198194689433,2496006,0
198.21,37,198207304463,2469000,1
198.213,35,198210084469,2469000,1
198.225,38,198222679493,2496006,0
198.25,38,198247936553,2469000,1
198.276,38,198273432607,2496006,0
198.283,37,198281001625,2469000,1
198.283,38,198281001625,2469000,1
198.296,32,198293578649,2469000,1
198.301,35,198298568655,2496006,0
198.304,35,198301091661,2469000,1
198.314,37,198311485679,2469000,1
198.332,38,198329099715,2469000,1
198.349,35,198346722751,2469000,1
198.38,35,198377282817,2469000,1
198.436,38,198433117943,2469000,1
198.441,35,198438107949,2469000,1
198.662,38,198659066465,2496006,0
198.669,38,198666635483,2469000,1
198.674,38,198671634489,2469000,1
198.679,37,198676937495,2469000,1
198.778,38,198775699723,2469000,1
198.832,35,198829324849,2469000,1
198.852,35,198849461891,2469000,1
198.854,39,198851928891,2496006,0
198.882,39,198880021957,2469000,1
198.9,38,198897653993,2469000,1
198.938,39,198935783077,2496006,0
198.946,34,198943361095,2469000,1
198.961,39,198958452125,2469000,1
198.968,34,198965983137,2469000,1
198.986,34,198983928173,2469000,1
199.001,39,198999028203,2469000,1
199.004,37,199001495203,2496006,0
199.032,37,199029579269,2496006,0
199.037,39,199034625281,2469000,1
199.05,34,199047184305,2496006,0
199.06,37,199057294329,2496006,0
199.077,34,199074964371,2469000,1
199.085,37,199082495383,2469000,1
199.118,34,199115578461,2469000,1
199.136,37,199133523497,2496006,0
199.151,37,199148706533,2469000,1
199.156,34,199153696539,2469000,1
199.164,33,199161218551,2469000,1
199.176,37,199173786575,2469000,1
199.194,33,199191713611,2469000,1
199.197,39,199194180611,2496006,0
199.222,39,199219428671,2496006,0
199.237,32,199234915707,2469000,1
199.24,38,199237382707,2469000,1
199.245,33,199242372713,2469000,1
199.25,39,199247362719,2496006,0
199.262,39,199259986749,2469000,1
199.278,37,199275077779,2469000,1
199.303,33,199300591833,2469000,1
199.316,39,199313177857,2496006,0
199.318,34,199315700863,2496006,0
199.323,37,199320755875,2469000,1
199.331,39,199328268887,2469000,1
199.349,34,199346213923,2469000,1
199.371,34,199368882971,2469000,1
199.381,39,199378927989,2469000,1
199.43,34,199427203097,2469000,1
199.432,33,199429670097,2469000,1
199.498,39,199495733229,2469000,1
199.516,38,199513374265,2469000,1
199.574,33,199571723397,2469000,1
199.602,37,199599760457,2469000,1
199.612,39,199609796475,2469000,1
199.615,34,199612263475,2496006,0
199.64,34,199637502535,2469000,1
199.66,34,199657988577,2469000,1
199.765,34,199762127817,2469000,1
199.818,34,199815430937,2469000,1
199.896,36,199893991117,2469000,1
199.96,39,199957681261,2469000,1
200.057,39,200054233483,2496006,0
200.069,39,200066866513,2469000,1
200.09,39,200087012555,2496006,0
200.115,39,200112564615,2469000,1
200.133,39,200130178651,2469000,1
200.199,39,200196141801,2469000,1
200.234,34,200231765879,2469000,1
200.315,33,200312849065,2469000,1
200.336,39,200333308113,2496006,0
200.361,39,200358860173,2469000,1
200.392,32,200389125239,2496006,0
200.409,39,200406795281,2469000,1
200.42,32,200417153299,2469000,1
200.468,32,200465401407,2469000,1
200.524,39,200521236533,2469000,1
200.554,37,200551492599,2496006,0
200.556,32,200554015605,2469000,1
200.561,37,200559014611,2469000,1
200.567,37,200564317617,2469000,1
200.572,34,200569307623,2469000,1
200.587,32,200584416653,2469000,1
200.63,35,200627582749,2496006,0
200.638,37,200635160767,2469000,1
200.64,35,200637645767,2496006,0
200.668,35,200665738833,2469000,1
200.724,35,200721251959,2496006,0
200.727,39,200724087965,2496006,0
200.737,39,200734188989,2469000,1
200.742,35,200739178995,2469000,1
200.749,35,200746701007,2469000,1
200.78,39,200777261073,2469000,1
200.795,39,200792352103,2469000,1
200.833,37,200830535187,2469000,1
200.841,35,200838048199,2496006,0
200.856,35,200853186235,2469000,1
200.871,35,200868286265,2469000,1
200.891,35,200888745313,2469000,1
200.911,35,200908909355,2469000,1
200.952,39,200949579445,2469000,1
